search_id,split,a,b,y,time_diff,distance_diff,intersection_weighted_diff,merge_weighted_diff,narrow_weighted_diff,turn_weighted_diff,consecutive_weighted_diff,child_100m_weighted_diff,sample_weight,m_time,m_distance
0,train,2,0,1,0.0,-201.21409044804886,0.0,0.0,0.0,0.0,0.0,0.0,0.5,1,1
0,train,1,2,0,180.0,52.64692147391497,0.0,0.0,0.0,0.0,0.0,0.0,0.5,1,1
1,train,2,0,1,-117.11112697385872,-721.7845784005768,0.3333333333333333,172.97833388071442,-124.76548716779412,0.0,0.0,23.56936479494987,0.5,0.9759260581154893,0.995677200433284
1,train,2,1,1,0.0,-700.2167644493151,0.0,200.93269564681557,-402.5854585132246,0.0,0.0,4.06924909189927,0.5,0.9759260581154893,0.995677200433284
2,train,1,0,1,-59.95939965015904,-887.6616830327864,0.0,0.0,0.0,0.0,0.0,0.0,0.5,0.9993233275026507,0.9998646288547973
2,train,2,1,0,-179.87819895047713,131.69753184787,0.0,0.0,0.0,0.0,0.0,0.0,0.5,0.9993233275026507,0.9998646288547973
3,train,1,0,0,61.15631856554487,279.5755598918727,0.0,224.92428164949817,0.0,-0.4,0.10000000000000003,5.081461412310939,0.5,1.0192719760924145,1.0074737067491204
3,train,0,2,1,-122.31263713108974,-900.4425425651445,0.0,-115.56528625712113,0.0,0.4,-0.2,-154.8332001880413,0.5,1.0192719760924145,1.0074737067491204
4,train,0,1,0,-243.0736958245388,-298.3528879607046,0.2,308.9209290784655,0.0,0.20000000000000004,-0.40000000000000036,0.0,0.5,1.0128070659355783,0.9970260641428296
4,train,1,2,1,-121.5368479122694,-677.3821881143427,-0.4000000000000001,-113.60561658834567,0.0,-0.1,-1.1999999999999997,0.0,0.5,1.0128070659355783,0.9970260641428296
5,train,0,1,0,0.0,621.4002229921858,-0.26666666666666666,0.0,124.23434590675163,0.3333333333333333,-0.2666666666666666,2.8088391191317683,0.5,0.9890941002649628,1.001625884022936
5,train,2,1,0,237.38258406359108,722.9413223936834,-0.13333333333333333,0.0,-32.064639123388204,0.0,0.8,0.5669868035480903,0.5,0.9890941002649628,1.001625884022936
6,validation,0,2,0,-58.985204621189894,193.3992672210183,0.0,195.758393506699,0.0,-0.13333333333333333,2.0,4.927386533970221,0.5,0.9830867436864982,0.9964862995176282
6,validation,1,2,0,176.95561386356968,194.7053274494929,0.2,143.57863967065066,0.0,-0.13333333333333333,0.6666666666666666,-40.91102829186605,0.5,0.9830867436864982,0.9964862995176282
7,train,1,0,0,242.8434531940359,580.8714778716234,0.33333333333333337,0.0,-138.36683198699455,0.0,0.0,0.0,0.5,1.0118477216418162,0.9987823191973281
7,train,2,0,0,303.5543164925449,1023.4482793182759,0.0,0.0,220.85888315150225,0.0,0.0,0.0,0.5,1.0118477216418162,0.9987823191973281
8,train,2,0,1,60.95793635373249,-581.1680712769715,0.0,0.0,-56.423361117111156,0.0,0.0,0.0,0.5,1.0159656058955415,0.9982416037801811
8,train,2,1,1,-121.91587270746498,-1456.6665675979345,-0.3333333333333333,0.0,-166.72030235716772,0.0,0.5,0.0,0.5,1.0159656058955415,0.9982416037801811
9,train,2,0,1,-182.10793439825403,828.4895212483955,0.0,-378.5521933624707,-1004.6431512765762,0.0,0.0,0.0,0.5,1.0117107466569668,1.0017614936235477
9,train,2,1,1,-60.70264479941801,923.0988888185548,0.0,-263.27481240114594,-520.8454529647994,0.0,0.0,0.0,0.5,1.0117107466569668,1.0017614936235477
10,validation,0,2,0,-179.87819895047713,-27.256470847173837,0.0,0.0,0.0,1.0,0.0,0.0,0.5,0.9993233275026507,0.9998646288547973
10,validation,2,1,1,-119.91879930031808,-930.4078022961916,0.0,0.0,0.0,-1.0,0.0,0.0,0.5,0.9993233275026507,0.9998646288547973
11,train,0,1,0,-58.873514406267816,1.9362881920979964,0.0,0.0,-260.71530285710963,0.6666666666666666,0.0,0.0,0.5,0.9812252401044637,1.0013547198921082
11,train,1,2,1,-58.873514406267816,-480.8112224591977,0.0,0.0,-132.20729585540101,-0.6666666666666666,0.0,-35.400153605284586,0.5,0.9812252401044637,1.0013547198921082
12,train,0,1,1,-180.0,-732.3444107037772,-0.06666666666666667,-5.008232902905547,26.26470961557841,-0.26666666666666666,0.0,44.82188676440906,0.5,1,1
12,train,0,2,1,-120.0,-665.5953199890391,-0.2,44.1222478365213,22.586173495064884,0.0,0.0,12.823833429609227,0.5,1,1
13,train,2,0,1,-62.62250634514795,-146.93494963091675,-0.23809523809523808,62.041090870966656,95.95028935169614,0.14285714285714285,-0.047619047619047616,-169.96256664124022,0.5,1.0437084390857991,1.004069667960554
13,train,1,2,0,-187.86751903544385,-640.2029415101641,0.23809523809523808,-70.08577672597991,-80.84320843145333,0.14285714285714285,-0.047619047619047616,84.76100022573237,0.5,1.0437084390857991,1.004069667960554
14,train,1,0,1,-298.33943502619746,735.0598167420321,0.0,-61.35957720517243,0.0,0.0,0.0,-123.51625820284875,0.5,0.9944647834206582,0.997836259329798
14,train,1,2,1,-238.67154802095797,70.9532086348195,0.0,-78.80918932702568,0.0,0.3333333333333333,0.0,-174.14792428202037,0.5,0.9944647834206582,0.997836259329798
15,validation,0,1,1,60.0,235.7423603657847,0.0,0.0,0.0,0.0,0.0,1.079626018059173,0.5,1,0.9986471128909702
15,validation,2,0,0,0.0,-68.89875506656472,0.0,0.0,0.0,0.3333333333333333,0.0,301.60307839990156,0.5,1,0.9986471128909702
16,validation,1,0,0,59.64365835480851,637.9996556704853,0.0,134.7003533146853,0.0,0.16666666666666666,0.0,30.08031264757323,0.5,0.9940609725801418,1.0008126118424647
16,validation,2,0,0,59.64365835480851,1111.9942951770693,0.0,-56.90077039637475,0.0,0.0,0.0,202.59253305390115,0.5,0.9940609725801418,1.0008126118424647
17,validation,0,1,1,120.0,-111.12279428480315,0.0,0.0,0.0,0.0,0.0,0.0,0.5,1,1
17,validation,2,0,0,180.0,859.1958195589864,0.0,0.0,0.0,0.0,0.0,0.0,0.5,1,1
18,train,0,2,0,-360.0,-1555.495273710399,0.047619047619047616,377.82679590103953,34.93613026979715,-0.09523809523809523,0.0,27.481359486915963,0.5,1,1
18,train,2,1,1,60.0,218.6376993903923,-0.047619047619047616,-336.0157547607191,-66.65395425699093,-0.19047619047619047,0.0,-49.4141490848916,0.5,1,1
19,train,1,0,0,419.7157975511133,1289.777912654146,0.0,0.0,0.0,0.0,0.0,0.0,0.5,0.9993233275026507,0.9998646288547973
19,train,0,2,1,-119.91879930031808,-772.6192499395409,0.0,0.0,0.0,-1.0,0.0,0.0,0.5,0.9993233275026507,0.9998646288547973
20,train,0,2,0,543.2262355078676,1445.6465023261505,0.0,486.0468136034599,222.50368342930284,0.0,0.40000000000000013,-9.633681455402908,0.5,1.0059745101997548,1.0010836291719092
20,train,2,1,1,-301.7923530599264,-1538.6899691158685,0.0,394.62121564673714,-166.92981606970807,0.0,-1.0,24.470876471385797,0.5,1.0059745101997548,1.0010836291719092
21,train,0,1,1,-62.13271624578455,180.62660240626266,0.0,1.7055119273934949,170.64084473735682,0.3,0.0,-55.77245278512875,0.5,1.035545270763076,0.9982416037801811
21,train,2,0,0,0.0,-180.62660240626266,0.0,-8.219901750534632,79.0492940414706,-0.3,0.0,3.3095679164211758,0.5,1.035545270763076,0.9982416037801811
22,train,2,0,1,-175.97612621590446,-317.52614928672904,0.06666666666666667,-327.6784741860765,-56.02622697392158,0.0,-1.3333333333333333,0.0,0.5,0.9776451456439137,1.0008126118424647
22,train,2,1,1,-234.6348349545393,-1217.1021140767627,-0.13333333333333336,-201.82591884331435,125.09918824201284,-0.13333333333333333,-0.8,0.0,0.5,0.9776451456439137,1.0008126118424647
23,train,0,2,0,-240.0,-800.4401209262469,0.0,0.0,0.0,0.0,0.0,0.0,0.5,1,1
23,train,2,1,1,300.0,635.8637460297091,0.0,0.0,0.0,0.0,0.0,0.0,0.5,1,1
24,train,1,0,0,-420.0,-1176.388375313768,0.0,1.0915604205003433,31.225330666477575,-0.13333333333333333,1.0,-11.566102661889037,0.5,1,1
24,train,2,0,0,60.0,4.128814879431047,0.0,-255.17955602047826,60.27259503994004,0.0,1.2000000000000002,-15.192171552108913,0.5,1,1
25,train,0,2,0,237.18984079005278,2873.4691077472194,-0.33333333333333337,0.0,0.0,0.0,0.5,82.40302696287588,0.5,0.9882910032918866,0.997836259329798
25,train,2,1,1,-59.297460197513196,-918.7285108296227,0.5,0.0,0.0,0.0,-3.0,-74.4135556402955,0.5,0.9882910032918866,0.997836259329798
26,train,1,0,1,-61.15631856554487,351.2952031494266,0.0,-81.03071787862964,0.0,-0.8,0.6000000000000001,76.67920712699635,0.5,1.0192719760924145,1.004069667960554
26,train,1,2,1,183.4689556966346,569.1249403476663,0.0,-12.178633149267142,0.0,-1.6,0.30000000000000027,110.6553319919327,0.5,1.0192719760924145,1.004069667960554
27,train,2,0,1,-120.0,-237.26999233734205,0.0,0.0,0.0,0.0,0.0,0.0,0.5,1,1
27,train,1,2,0,60.0,-439.6433230845496,0.0,0.0,0.0,0.0,0.0,0.0,0.5,1,1
28,train,0,1,0,180.0,-2710.0117735307067,0.0,0.0,0.0,0.0,0.0,0.0,0.5,1,1
28,train,1,2,1,-300.0,306.4291766225306,0.0,0.0,0.0,0.0,0.0,0.0,0.5,1,1
29,validation,1,0,1,0.0,-1019.3385398675896,0.0,0.0,0.0,0.0,0.0,0.0,0.5,1,1
29,validation,2,1,0,-60.0,1165.9564443943664,0.0,0.0,0.0,0.0,0.0,0.0,0.5,1,1
30,train,0,1,0,121.99842568684717,-753.2161675077201,0.2,0.0,77.70559127009147,0.0,-1.7999999999999998,91.701972837842,0.5,1.016653547390393,1.0001353894730307
30,train,1,2,1,0.0,313.84781619895773,-0.2,0.0,-37.56875700194877,0.0,1.1999999999999997,-113.3690042566244,0.5,1.016653547390393,1.0001353894730307
31,test,2,0,1,0.0,-1142.5829669942088,0.0,0.0,0.0,0.0,-6.0,0.0,0.5,1.025500450080236,0.9995939415379522
31,test,2,1,1,-61.530027004814166,-1884.6767071180552,0.0,0.0,0.0,0.0,-4.0,0.0,0.5,1.025500450080236,0.9995939415379522
32,train,0,1,0,-178.97942908513133,-175.4361043847819,0.0,0.0,206.80653328261735,1.0,0.33333333333333326,0.0,0.5,0.994330161584063,0.999052786729054
32,train,2,1,0,298.2990484752189,684.7480176111366,0.0,0.0,61.01327046915539,0.5,0.33333333333333326,0.0,0.5,0.994330161584063,0.999052786729054
33,train,0,1,1,-180.0,-1351.5893136180957,0.0,0.0,0.0,0.0,0.0,0.0,0.5,1,1
33,train,0,2,1,-60.0,-1072.2513206636177,0.0,0.0,0.0,0.0,0.0,0.0,0.5,1,1
34,train,0,2,0,118.22622012314447,82.19799650619304,0.0,34.542058739490145,0.0,0.0,1.2000000000000002,36.80997519067269,0.5,0.9852185010262039,1.0009481113345846
34,train,2,1,1,0.0,74.26391023312502,0.0,-199.59908417930768,0.0,-0.1,0.0,-3.1756588963826857,0.5,0.9852185010262039,1.0009481113345846
35,train,0,1,0,310.2012904853809,448.23028919988786,0.0,-13.180343381220212,-22.510855289794925,0.0,0.0,30.06812097148887,0.5,1.0340043016179363,1.0017614936235477
35,train,1,2,1,-496.3220647766094,1323.1507629345804,-0.2857142857142857,35.21985874377282,-52.18844760358658,0.0,0.47619047619047605,-7.567782879041403,0.5,1.0340043016179363,1.0017614936235477
36,validation,1,0,0,-179.87819895047713,-10.4349409361718,0.0,0.0,0.0,1.0,0.0,0.0,0.5,0.9993233275026507,0.9998646288547973
36,validation,2,0,0,-239.83759860063617,-623.7484157615689,0.0,0.0,0.0,1.0,0.0,0.0,0.5,0.9993233275026507,0.9998646288547973
37,train,0,1,0,60.284973261042424,677.5952984684351,0.4,129.39372113263187,10.490965644367094,0.1,0.0,0.0,0.5,1.004749554350707,0.9966212132726022
37,train,2,1,0,-120.56994652208485,234.37835153262574,0.8,322.81524834825046,68.35402370562505,0.1,0.0,0.0,0.5,1.004749554350707,0.9966212132726022
38,train,0,1,1,188.4023837990019,-3.5367910951131654,0.0,3.438396639936059,-21.687436242362992,-0.3,0.0,-136.7836997023217,0.5,1.046679909994455,1.0046135402528926
38,train,2,0,0,-188.4023837990019,-146.21747890689485,0.0,-101.89266788653735,-74.67768692924668,0.6,0.0,101.6177453478067,0.5,1.046679909994455,1.0046135402528926
39,test,2,0,1,-235.62161719293758,-754.1004799338341,-0.9999999999999999,258.2359509950328,-22.030803190861917,-0.6000000000000001,0.5333333333333332,0.0,0.5,0.9817567383039065,1.0021684325960005
39,test,2,1,1,412.3378300876407,-771.9369944196203,0.0,233.20187778063337,18.050708451444805,0.0,-0.5333333333333334,0.0,0.5,0.9817567383039065,1.0021684325960005
40,train,2,0,1,-780.0,-5059.905008378591,0.0,0.0,0.0,0.0,0.0,0.0,0.5,1,1
40,train,1,2,0,420.0,1448.8026161616153,0.0,0.0,0.0,0.0,0.0,0.0,0.5,1,1
41,train,0,1,1,355.5921483385549,-60.43682719461715,-0.5,0.0,0.0,0.0,0.6666666666666667,-56.963691607558054,0.5,0.9877559676070969,1.0028470316013334
41,train,0,2,1,118.53071611285164,-621.6724748180335,0.5,0.0,0.0,0.0,0.33333333333333337,-159.17464495638353,0.5,0.9877559676070969,1.0028470316013334
42,test,1,0,1,0.0,1217.346481639598,0.0,0.0,-155.46186393519508,0.0,0.0,-264.21570669951666,0.5,0.9696048027148753,0.9971610509762517
42,test,2,1,0,232.70515265157007,-895.2875669641683,0.0,0.0,181.45720894394097,0.0,0.0,116.6493511938624,0.5,0.9696048027148753,0.9971610509762517
43,train,1,0,1,-120.0,217.0781240322449,0.0,-189.09259515640554,0.0,0.0,0.0,-52.02888348709345,0.5,1,1
43,train,2,1,0,300.0,740.1263475213495,0.3333333333333333,146.46822307069033,0.0,0.0,0.0,96.20658224342746,0.5,1,1
44,train,0,2,0,180.46359663778645,1460.545721712289,0.33333333333333337,-33.059351121757494,228.96837912927646,0.13333333333333333,0.8,0.0,0.5,1.0025755368765914,1.0018971215842718
44,train,1,2,0,240.61812885038194,663.8828873114193,-0.6666666666666666,83.89146423762129,-19.247780348114432,0.0,1.2000000000000002,0.0,0.5,1.0025755368765914,1.0018971215842718
45,train,1,0,0,296.48730098756596,763.9061302022097,0.0,0.0,0.0,-0.3333333333333333,0.0,0.0,0.5,0.9882910032918866,0.997836259329798
45,train,0,2,1,-652.2720621726452,-412.0601276505663,0.0,0.0,0.0,-0.16666666666666669,-1.0,0.0,0.5,0.9882910032918866,0.997836259329798
46,train,0,1,0,0.0,287.6797678155817,0.0,0.0,0.0,0.0,0.0,0.0,0.5,1,1
46,train,2,1,0,420.0,1029.075434548212,0.0,0.0,0.0,0.0,0.0,0.0,0.5,1,1
47,train,1,0,0,60.0,592.2631737226211,0.0,0.0,0.0,0.3333333333333333,0.0,20.56129671710579,0.5,1,0.9986471128909702
47,train,2,0,0,-60.0,423.2343849317192,0.0,0.0,0.0,0.0,0.0,-18.220164079329365,0.5,1,0.9986471128909702
48,train,0,2,0,364.5611859899496,1999.1771837351707,0.0,244.63432669241513,30.36094383126813,0.0,0.40000000000000013,-11.772582406866576,0.5,1.0126699610831933,0.9974310794729591
48,train,1,2,0,-60.760197664991594,-16.006646488253125,0.0,5.721793730965203,187.11031599864663,0.0,2.0,-6.528875220044775,0.5,1.0126699610831933,0.9974310794729591
49,train,2,0,1,179.46469154570931,-587.5429645501123,0.0,0.0,0.0,0.0,0.0,23.501778676558075,0.5,0.9970260641428296,0.9994586253613486
49,train,1,2,0,-179.46469154570931,904.4396854430747,0.0,0.0,0.0,0.0,0.0,47.43168982385262,0.5,0.9970260641428296,0.9994586253613486
50,train,0,2,0,-58.97721972649031,-1690.9559077834006,-0.5333333333333334,181.44844051170486,22.77410685190155,0.0,2.333333333333333,-61.966361081299986,0.5,0.9829536621081718,1.003526090106881
50,train,2,1,1,-766.703856444374,-348.01340675202925,0.8,87.21923722027009,-18.33091625315633,0.0,-1.3333333333333335,61.966361081299986,0.5,0.9829536621081718,1.003526090106881
51,train,0,2,0,-60.0,-146.09582455124428,0.0,66.33983262709694,-36.44410582786669,0.06666666666666667,0.8,0.0,0.5,1,1
51,train,2,1,1,0.0,13.177962453623877,0.0,67.35225654782533,9.857630923418341,-0.13333333333333333,-0.5333333333333334,0.0,0.5,1,1
52,train,1,0,0,540.0,-143.38647074221353,0.0,0.0,0.0,0.0,0.0,0.0,0.5,1,1
52,train,0,2,1,-540.0,359.2624838126112,0.0,0.0,0.0,0.0,0.0,0.0,0.5,1,1
53,train,1,0,0,240.0,1289.6493450658209,0.0,0.0,0.0,0.0,0.0,0.0,0.5,1,1
53,train,2,0,0,240.0,2493.1968304985057,0.0,0.0,0.0,0.0,0.0,0.0,0.5,1,1
54,train,0,1,0,179.87819895047713,-376.0457711189817,0.0,0.0,0.0,1.0,0.0,0.0,0.5,0.9993233275026507,0.9998646288547973
54,train,1,2,1,239.83759860063617,420.08717106800447,0.0,0.0,0.0,-2.0,0.0,0.0,0.5,0.9993233275026507,0.9998646288547973
55,train,1,0,0,120.0,-275.6200840032361,0.0,0.0,0.0,0.0,0.0,0.0,0.5,1,1
55,train,0,2,1,-240.0,36.014388594287084,0.0,0.0,0.0,0.0,0.0,0.0,0.5,1,1
56,train,1,0,0,60.0,641.4879581698183,0.0,0.0,0.0,0.0,0.0,0.0,0.5,1,1
56,train,0,2,1,-120.0,-948.3797690924766,0.0,0.0,0.0,0.0,0.0,0.0,0.5,1,1
57,train,1,0,1,-173.63331470111393,-228.06237119000292,0.0,0.0,-14.411668690017656,0.0,-0.19999999999999996,-199.09545455277205,0.5,0.9646295261172996,0.999188047959379
57,train,1,2,1,0.0,-272.3099833438161,0.0,0.0,-123.18063850362404,0.0,-0.6000000000000001,-85.37597366803398,0.5,0.9646295261172996,0.999188047959379
58,train,2,0,1,-480.0,-656.27663748342,0.0,0.0,0.0,0.0,0.0,0.0,0.5,1,1
58,train,1,2,0,540.0,202.23940362968642,0.0,0.0,0.0,0.0,0.0,0.0,0.5,1,1
59,train,0,1,1,-118.56281390794126,-1034.131743779082,0.0,0.0,89.53203240578071,0.0,-0.5,-32.787328992731254,0.5,0.9880234492328439,1.0088385514204294
59,train,2,0,0,-118.56281390794126,-565.8980746270365,0.0,0.0,-138.2009269751114,0.0,2.0,-15.647485678610247,0.5,0.9880234492328439,1.0088385514204294
60,train,0,2,0,300.0,63.37292034681543,0.0,0.0,0.0,0.0,0.0,32.816853104596575,0.5,1,0.9986471128909702
60,train,1,2,0,60.0,566.4911330130515,0.0,0.0,0.0,0.0,0.0,29.23929467162505,0.5,1,0.9986471128909702
61,train,0,1,1,59.28943303241865,1.0445413806494912,0.0,110.50907395999508,0.0,0.0,0.0,0.0,0.5,0.9881572172069775,1.0029828065324724
61,train,0,2,1,-59.28943303241865,-104.81971610828673,-0.5,-12.800962669918817,0.0,0.0,0.0,0.0,0.5,0.9881572172069775,1.0029828065324724
62,train,0,1,1,-480.0,-173.95368212877884,0.0,0.0,0.0,0.0,0.0,0.0,0.5,1,1
62,train,0,2,1,-300.0,-495.7271571803817,0.0,0.0,0.0,0.0,0.0,0.0,0.5,1,1
63,validation,0,2,0,176.69229061858775,-380.65908095890694,0.0,0.0,0.0,0.0,0.0,174.55048435934972,0.5,0.9816238367699319,0.9986471128909702
63,validation,1,2,0,-117.79486041239183,-564.3943159619292,0.0,0.0,0.0,0.0,0.0,216.39561122655667,0.5,0.9816238367699319,0.9986471128909702
64,train,0,1,1,-60.0,-519.2962257510785,0.0,0.0,0.0,0.0,0.0,0.0,0.5,1,1
64,train,2,0,0,0.0,659.0657258539131,0.0,0.0,0.0,0.0,0.0,0.0,0.5,1,1
65,test,0,1,0,593.2154821414732,2530.794279863474,0.26666666666666666,-54.76561761942611,0.0,0.3333333333333333,0.3333333333333333,-38.35944265283044,0.5,0.9886924702357888,1.0035260901068812
65,test,2,1,0,-59.32154821414733,1531.8496420077895,0.8,-160.70633831238996,0.0,0.3333333333333333,0.3333333333333333,13.683289138115924,0.5,0.9886924702357888,1.0035260901068812
66,train,0,2,0,242.51491341669737,1259.9100176208528,0.5333333333333334,0.0,35.198848164012944,0.2,1.0,-32.045108827462464,0.5,1.0104788059029057,0.9971610509762517
66,train,1,2,0,0.0,811.6633182816922,0.26666666666666666,0.0,35.959044509468654,0.4,0.33333333333333326,-55.855735079203896,0.5,1.0104788059029057,0.9971610509762517
67,train,1,0,1,-59.353680791638524,-568.0177299513556,0.0,2.19618702282564,-72.91306042499441,0.0,0.6000000000000001,27.728142551470807,0.5,0.9892280131939755,0.9979713558551195
67,train,2,1,0,0.0,467.45271152227053,0.0,86.76021377306517,74.50200513808436,0.0,0.6000000000000001,32.624433341837076,0.5,0.9892280131939755,0.9979713558551195
68,train,1,0,0,420.0,233.66646013983063,0.0,0.0,0.0,0.0,0.0,0.0,0.5,1,1
68,train,2,0,0,240.0,15.835857478484286,0.0,0.0,0.0,0.0,0.0,0.0,0.5,1,1
69,train,0,1,1,-182.13258989552693,-1083.041208429535,0.0,0.0,-246.80650841638078,-0.3333333333333333,0.0,0.0,0.5,1.0118477216418162,0.9987823191973281
69,train,2,0,0,364.26517979105387,499.2108677746782,0.0,0.0,313.023762503728,0.0,0.0,0.0,0.5,1.0118477216418162,0.9987823191973281
70,train,0,1,0,-473.22509890206027,-687.4728953603225,0.3999999999999999,252.97843262258698,0.0,0.1,1.2000000000000002,0.0,0.5,0.9858856227126256,1.0028470316013334
70,train,1,2,1,591.5313736275754,2347.332896435213,-0.7999999999999998,184.7009218159742,0.0,-0.2,0.2999999999999998,0.0,0.5,0.9858856227126256,1.0028470316013334
71,train,0,1,1,0.0,-154.00648461981427,0.13333333333333336,136.1807698899862,2.554498049851432,0.0,0.2666666666666666,13.009500753091878,0.5,1,1
71,train,0,2,1,60.0,264.35731332563864,0.2666666666666667,521.6339677389985,20.956288152578793,0.0,0.0,13.009500753091878,0.5,1,1
72,train,1,0,0,531.0105988855273,3090.5042494389727,0.0,150.31174730824733,0.0,0.26666666666666666,0.40000000000000013,-5.183541645299316,0.5,0.9833529608991246,0.9966212132726022
72,train,0,2,1,-354.0070659236849,-751.4588159814392,-1.0,137.76168020551066,0.0,0.0,-0.8,14.884619869281186,0.5,0.9833529608991246,0.9966212132726022
73,test,0,1,1,178.01283698350144,1271.4988032596948,0.0,0.0,-116.7835218911504,0.0,0.1333333333333333,-57.258602455243796,0.5,0.9889602054638968,1.0014902927799512
73,test,0,2,1,-296.68806163916906,185.93311637801634,0.26666666666666666,0.0,98.10207404437897,0.0,0.19999999999999996,-25.309965083839653,0.5,0.9889602054638968,1.0014902927799512
74,test,1,0,1,123.44382907512475,378.6413897332243,0.0,0.0,0.0,0.0,0.0,-76.05832852876297,0.5,1.0286985756260396,1.0017614936235477
74,test,1,2,1,-61.72191453756238,-1377.7067919180324,-0.3333333333333333,0.0,0.0,0.0,0.0,-71.56209960285598,0.5,1.0286985756260396,1.0017614936235477
75,test,0,1,0,120.0,196.82730189959238,0.0,0.0,0.0,0.0,0.0,0.0,0.5,1,1
75,test,1,2,1,0.0,229.0023150208026,0.0,0.0,0.0,0.0,0.0,0.0,0.5,1,1
76,test,1,0,0,60.0,261.05065770127385,0.0,-7.8348492875433635,2.4908815712772565,0.0,0.0,-55.161358355948266,0.5,1,1
76,test,0,2,1,60.0,-1834.9401810695545,0.0,-116.35786760614735,-39.2981604713109,0.0,0.0,17.38003127376396,0.5,1,1
77,train,0,1,0,300.0,-296.3500340388382,0.0,0.0,0.0,0.0,0.0,0.0,0.5,1,1
77,train,1,2,1,0.0,1260.7730112152894,0.0,0.0,0.0,0.0,0.0,0.0,0.5,1,1
78,test,0,1,0,0.0,114.05823630308554,-0.33333333333333326,0.0,0.0,0.0,0.0,381.7848914606696,0.5,1,1.001625884022936
78,test,1,2,1,120.0,1188.2502974419008,0.6666666666666666,0.0,0.0,0.0,0.0,-326.46112800378745,0.5,1,1.001625884022936
79,train,1,0,1,62.834811773185734,693.9445617113253,0.0,175.0866896466007,-31.650637022125263,-0.6666666666666666,0.1333333333333333,-12.900815864624008,0.5,1.0472468628864289,1.004069667960554
79,train,2,1,0,0.0,-53.440758936606905,0.0,177.27470870416693,21.93430438378443,0.3333333333333333,0.4,-40.65962993946994,0.5,1.0472468628864289,1.004069667960554
80,train,0,1,0,180.8304372455207,-686.1071454624581,0.0,-43.93666223855347,-243.9725649478664,0.13333333333333336,0.0,7.040937216680248,0.5,1.0046135402528928,1.003933745899739
80,train,1,2,1,-663.0449365669093,-703.6271142581802,0.0,32.866556583243295,116.30132664531033,0.06666666666666667,0.0,-72.69372689377896,0.5,1.0046135402528928,1.003933745899739
81,train,0,1,1,426.1282700321252,456.0270325815178,-0.14285714285714285,-118.40003094708538,-81.64833014408188,-0.5714285714285714,-0.38095238095238093,9.231717105459973,0.5,1.0145911191241077,0.9977011810926478
81,train,2,0,0,-121.75093429489293,-170.03405277910193,-0.2857142857142857,28.775879496683615,-0.8209258989035888,0.0,0.7619047619047619,3.4666628370324126,0.5,1.0145911191241077,0.9977011810926478
82,train,2,0,1,-116.81027779583066,620.4522070816183,0.0,0.0,0.0,0.0,0.0,75.76220475527232,0.5,0.9734189816319222,1.0006771306930664
82,train,2,1,1,0.0,699.2801810034526,0.0,0.0,0.0,-0.3333333333333333,0.0,51.893408993039806,0.5,0.9734189816319222,1.0006771306930664
83,validation,1,0,0,119.62693146992757,230.2815178314623,0.0,0.0,0.0,0.0,3.0,0.0,0.5,0.9968910955827297,0.9994586253613486
83,validation,0,2,1,-119.62693146992757,-1224.4209865716698,0.0,0.0,0.0,0.0,-3.0,0.0,0.5,0.9968910955827297,0.9994586253613486
84,validation,0,1,1,-60.0,48.35528862281808,-0.09999999999999998,-616.5839314383278,0.0,0.0,-0.3999999999999999,0.0,0.5,1,1
84,validation,0,2,1,-660.0,-3185.501894422213,0.20000000000000004,-1028.0816565934952,0.0,-1.2,-1.0,0.0,0.5,1,1
85,train,2,0,1,-59.21723742801377,-164.04706401738437,-0.23809523809523808,5.133343259147345,14.532646334814173,-0.5714285714285714,0.0,-47.25349328044683,0.5,0.9869539571335628,0.9974310794729591
85,train,2,1,1,0.0,0.0,0.0,-4.8231402171420115,-27.460989111886423,0.0,0.047619047619047616,-27.475226928270242,0.5,0.9869539571335628,0.9974310794729591
86,train,1,0,0,-117.97040924237979,-29.25897640525033,0.06666666666666667,11.424653325813722,0.0,0.4,0.33333333333333326,69.11024759539815,0.5,0.9830867436864982,1.0002707972763707
86,train,2,0,0,0.0,859.1467558810282,-0.06666666666666667,405.27513669971825,0.0,0.4,1.3333333333333333,72.15526032934332,0.5,0.9830867436864982,1.0002707972763707
87,train,1,0,0,119.0614426768602,685.3557041888979,1.9999999999999998,0.0,0.0,0.3333333333333333,0.0,0.0,0.5,0.992178688973835,1.0042056084237854
87,train,0,2,1,-476.2457707074408,98.0585597008933,0.0,0.0,0.0,-1.6666666666666665,0.0,0.0,0.5,0.992178688973835,1.0042056084237854
88,validation,1,0,0,-534.1831271247468,-307.4736563221151,0.6000000000000001,-64.5931049672917,-102.86160967378318,1.0,0.0,40.42055752991853,0.5,0.9892280131939755,1.0035260901068812
88,validation,0,2,1,830.9515310829394,792.548998866389,0.0,7.307630968773168,148.5595802226409,-0.6666666666666667,0.0,-43.00569941551808,0.5,0.9892280131939755,1.0035260901068812
89,validation,1,0,0,119.06144267686021,-2162.424578610684,0.0,132.1096377234204,0.0,0.0,3.333333333333333,0.0,0.5,0.9921786889738351,0.9982416037801811
89,validation,0,2,1,-238.12288535372042,573.0955446122241,0.0,-712.8028081864675,0.0,0.0,-2.666666666666667,0.0,0.5,0.9921786889738351,0.9982416037801811
90,test,1,0,0,0.0,145.04327330011893,0.0,0.0,113.12963081643026,0.0,0.0,190.8444434895975,0.5,1.0550736788335782,1.005429901112803
90,test,2,0,0,126.60884146002938,531.4605800878428,0.0,0.0,33.197966647147666,0.0,0.0,211.21607488525058,0.5,1.0550736788335782,1.005429901112803
91,validation,0,2,0,-246.7874073274824,-906.8760057566915,0.0,0.0,0.0,1.0,0.0,0.0,0.5,1.02828086386451,1
91,validation,1,2,0,-123.3937036637412,-909.6974020051798,0.0,0.0,0.0,0.0,0.0,0.0,0.5,1.02828086386451,1
92,test,1,0,1,57.86210266723061,-345.22666412815454,0.0,-94.29057891701558,75.12775542913916,0.0,0.0,-88.76955294433559,0.5,0.9643683777871768,0.9963514040260837
92,test,2,1,0,57.86210266723061,268.4390262534496,0.0,-34.26940048599282,-130.430866612729,0.0,0.0,42.44299742933093,0.5,0.9643683777871768,0.9963514040260837
93,train,1,0,0,360.0,898.906419143498,0.0,0.0,0.0,0.6666666666666666,0.0,149.8861381469203,0.5,1,0.9986471128909702
93,train,0,2,1,-360.0,-986.6066877993651,0.0,0.0,0.0,0.0,0.0,52.44573051000931,0.5,1,0.9986471128909702
94,train,0,1,0,181.93543934604742,51.628437521563285,1.2000000000000002,64.9791863854976,27.601947982034794,0.0,0.6,0.0,0.5,1.0107524408113746,1.0029828065324724
94,train,1,2,1,-242.5805857947299,256.8463373482724,0.0,-14.104883801486977,3.7947336783924612,0.0,-0.9,0.0,0.5,1.0107524408113746,1.0029828065324724
95,train,0,1,1,0.0,-559.6917778817341,-0.6666666666666666,0.0,0.0,0.3333333333333333,0.0,0.0,0.5,1.0203764889398177,0.9986471128909702
95,train,2,0,0,0.0,-128.88215760921372,0.6666666666666666,0.0,0.0,0.3333333333333333,0.0,0.0,0.5,1.0203764889398177,0.9986471128909702
96,train,0,1,1,180.63469621923858,83.79315580077402,0.0,57.60770359446189,-187.74903385353596,0.0,-0.19047619047619047,13.160032417598893,0.5,1.003526090106881,1.003797842238849
96,train,2,0,0,-60.21156540641286,1614.4080391954878,0.4761904761904761,106.33702761093747,82.98868275572019,0.14285714285714285,0.19047619047619047,4.2762668440930796,0.5,1.003526090106881,1.003797842238849
97,validation,0,1,0,233.462470986877,255.42065746619338,0.0,356.52607392943884,0.0,0.0,0.0,109.39646947861408,0.5,0.9727602957786542,0.9975661211411934
97,validation,1,2,1,-175.09685324015774,-570.5174666170199,0.0,-108.15622176966082,0.0,0.0,0.0,-100.69900998088369,0.5,0.9727602957786542,0.9975661211411934
98,validation,0,2,0,59.813465734963785,1228.645108132251,0.0,0.0,0.0,0.0,6.0,0.0,0.5,0.9968910955827297,1.0033902416308227
98,validation,2,1,1,119.62693146992757,427.947930435312,0.0,0.0,0.0,0.0,-2.0,0.0,0.5,0.9968910955827297,1.0033902416308227
99,train,2,0,1,-174.2455614143065,-443.646936400981,-0.16666666666666666,-548.3662788534459,0.0,0.0,0.0,151.95075718972356,0.5,0.9680308967461473,0.9967561452934783
99,train,2,1,1,-522.7366842429195,-1909.619291267571,-0.3333333333333333,-573.0778947484363,0.0,0.0,0.0,-39.55244730080014,0.5,0.9680308967461473,0.9967561452934783
100,train,0,1,0,-59.506548385278826,-693.1744290122774,0.0,-35.69129791775424,230.4923641389202,0.4,0.0,54.66396684055418,0.5,0.9917758064213138,0.9982416037801811
100,train,2,1,0,416.5458386969518,471.2350434865874,0.0,-42.54846716986421,-16.683761768244153,0.8,0.0,27.623389545821542,0.5,0.9917758064213138,0.9982416037801811
101,validation,1,0,1,-545.5846887640637,-2636.9881062249824,0.0,-179.08202867489183,113.23662063731831,0.06666666666666665,-0.666666666666667,-100.07432631821331,0.5,1.0103420162297476,1.0035260901068812
101,validation,2,1,0,666.8257307116335,2552.377075236958,0.0,-67.87477454160978,86.08573429925892,-0.13333333333333333,-1.6666666666666665,47.66923600987025,0.5,1.0103420162297476,1.0035260901068812
102,test,0,2,0,-122.36232338793725,133.5658536064471,0.3,47.87117199565621,71.62161086303718,-0.4,0.0,0.0,0.5,1.0196860282328104,0.999188047959379
102,test,1,2,0,122.36232338793725,1697.265409918893,1.2,19.686576777788147,-29.600051990522417,-0.4,0.0,0.0,0.5,1.0196860282328104,0.999188047959379
103,train,2,0,1,120.0,-161.2797648593937,0.0,0.0,0.0,0.0,0.0,0.0,0.5,1,1
103,train,2,1,1,60.0,466.3296871112743,0.0,0.0,0.0,0.0,0.0,0.0,0.5,1,1
104,train,0,2,0,256.9819834773914,-468.15095882200467,0.0,0.0,0.0,0.0,0.0,86.8925215238882,0.5,1.070758264489131,1.003797842238849
104,train,1,2,0,64.24549586934785,239.4331731525772,0.0,0.0,0.0,0.0,0.0,181.27131379185874,0.5,1.070758264489131,1.003797842238849
105,train,2,0,1,58.76203568004346,809.2312579487415,-1.0,0.0,-69.49735634445517,-0.4,1.3333333333333333,1.673171256972591,0.5,0.9793672613340577,1.0017614936235477
105,train,1,2,0,58.76203568004346,465.78652706526117,-0.3333333333333333,0.0,208.3793313917594,0.0,-0.2666666666666666,-1.673171256972591,0.5,0.9793672613340577,1.0017614936235477
106,train,2,0,1,-243.86475766644986,-707.0614677748787,-0.3333333333333333,0.0,0.0,0.16666666666666666,0.5,0.0,0.5,1.016103156943541,0.9981064706710885
106,train,2,1,1,-365.79713649967476,-419.2277065120351,-0.3333333333333333,0.0,0.0,0.16666666666666666,-1.5,0.0,0.5,1.016103156943541,0.9981064706710885
107,train,2,0,1,117.63549726422994,-590.7480217634796,0.4,-109.88598024375962,34.52824404475439,0.0,0.0,0.0,0.5,0.9802958105352495,1.0023041156519776
107,train,2,1,1,-470.54198905691976,-1496.4472096475233,0.0,4.796338230352902,-146.77702236287467,0.0,0.0,0.0,0.5,0.9802958105352495,1.0023041156519776
108,train,1,0,1,-121.73445273148793,-49.71147615717089,-0.4761904761904761,-36.262218321999974,-8.309970012535587,0.0,0.42857142857142855,-66.76633541480345,0.5,1.0144537727623995,1.0017614936235477
108,train,2,1,0,121.73445273148793,224.94261184070814,0.23809523809523808,81.03425772299616,-16.4332108581578,0.2857142857142857,-0.42857142857142855,1.549619156430328,0.5,1.0144537727623995,1.0017614936235477
109,validation,0,2,0,-426.7633259162872,266.07577323712366,0.0,0.0,0.0,0.3333333333333333,-1.0,56.91556044251896,0.5,1.016103156943541,1.002032767907594
109,validation,2,1,1,121.93237883322493,-986.5578109886724,0.0,0.0,0.0,0.0,0.5,-34.84915889252384,0.5,1.016103156943541,1.002032767907594
110,train,2,0,1,-300.0,-755.837780795091,0.0,0.0,0.0,0.0,0.0,0.0,0.5,1,1
110,train,2,1,1,-180.0,-787.2292316801704,0.0,0.0,0.0,0.0,0.0,0.0,0.5,1,1
111,train,0,2,0,121.93237883322493,331.0981718471615,0.5,0.0,0.0,0.3333333333333333,-1.0,0.0,0.5,1.016103156943541,0.9982416037801811
111,train,1,2,0,426.7633259162872,308.79378198638625,0.5,0.0,0.0,0.0,0.0,0.0,0.5,1.016103156943541,0.9982416037801811
112,train,1,0,1,-120.0,-282.2599329846721,0.3333333333333333,-46.308202476680094,0.0,0.0,0.0,0.0,0.5,1,1
112,train,1,2,1,-180.0,-919.1765477298886,0.0,-247.98703337624306,0.0,0.0,0.0,0.0,0.5,1,1
113,validation,0,1,0,-181.32071829834175,-276.8214437146041,0.2857142857142857,25.29634899091279,26.238968190149834,-0.14285714285714285,0.0,-79.26395860091243,0.5,1.0073373238796763,1.0017614936235477
113,validation,2,1,0,241.76095773112232,890.7858777469947,0.2857142857142857,128.14777236836198,21.485141747360124,0.0,-0.09523809523809523,-105.93624380110737,0.5,1.0073373238796763,1.0017614936235477
114,train,0,2,0,235.94081848475957,372.48786615870046,0.13333333333333333,29.269916402042412,-52.99639403562365,0.0,0.33333333333333326,-39.46964678734178,0.5,0.9830867436864982,1.003254411544728
114,train,1,2,0,294.92602310594947,1027.295883293342,-0.13333333333333333,256.38802124387695,-22.76013733108735,0.0,-0.6666666666666666,19.011177864782177,0.5,0.9830867436864982,1.003254411544728
115,train,0,1,1,-60.62872835417434,-646.422483013348,-0.13333333333333333,-109.68679515704252,0.0,0.0,1.0,-16.941808308099766,0.5,1.0104788059029057,1.003797842238849
115,train,0,2,1,60.62872835417434,-1444.9655877627154,-0.13333333333333333,-32.00149740828846,0.0,0.5333333333333333,-0.6666666666666665,20.980937321626264,0.5,1.0104788059029057,1.003797842238849
116,train,0,1,0,-120.73328502702876,-1482.973635533882,0.0,37.55403211678069,95.8119039796889,0.2,0.0,-3.240575955919226,0.5,1.006110708558573,1.0010836291719092
116,train,2,1,0,181.09992754054315,-1239.7795668273277,0.0,-33.861215335368,17.851589648811142,-0.2,0.0,25.789231289351903,0.5,1.006110708558573,1.0010836291719092
117,validation,2,0,1,0.0,-354.39218405244674,-0.2857142857142857,6.173830188531113,-33.59845670060826,0.0,0.23809523809523808,15.733769111261974,0.5,1.0027112750502025,0.9959468271073058
117,validation,2,1,1,-60.16267650301215,-169.0909673886595,-0.2857142857142857,3.459142792980341,-102.15123492445254,0.0,0.0,-0.26579314827156963,0.5,1.0027112750502025,0.9959468271073058
118,test,1,0,1,-415.7570969345431,-969.3575709448603,0.0,105.13947498906685,-80.30710425987616,0.0,0.8999999999999999,92.69876309602371,0.5,0.9898978498441502,0.9971610509762517
118,test,2,1,0,-59.39387099064901,-322.3157812341962,0.0,-65.90576188328038,60.680614498524264,0.0,0.0,13.607540824513563,0.5,0.9898978498441502,0.9971610509762517
119,train,1,0,1,-360.0,-120.30751434137801,0.0,-653.4266106722646,0.0,0.0,0.0,0.0,0.5,1,1
119,train,1,2,1,-120.0,94.19662331147356,0.0,-325.1283183409437,0.0,-0.3333333333333333,0.0,0.0,0.5,1,1
120,train,0,1,0,232.5162072280116,991.212786040888,0.0,0.0,0.0,0.5,1.3333333333333333,17.881160581714994,0.5,0.968817530116715,0.9968910955827297
120,train,2,1,0,232.5162072280116,964.117042394226,0.0,0.0,0.0,0.5,2.333333333333333,-37.65066964462606,0.5,0.968817530116715,0.9968910955827297
121,test,1,0,0,62.571659873332194,-54.595851177911975,0.047619047619047616,-173.81369980375257,31.32000000929005,0.0,0.2857142857142857,-17.876301754154586,0.5,1.0428609978888699,1.0005416678839063
121,test,0,2,1,62.571659873332194,-247.71315412864837,0.047619047619047616,-137.7938343172169,-40.89328011691771,0.0,-0.38095238095238093,-33.780722949192,0.5,1.0428609978888699,1.0005416678839063
122,train,0,1,1,-177.89238059253958,362.41397846173413,0.0,0.0,0.0,0.0,0.0,0.0,0.5,0.9882910032918866,0.997836259329798
122,train,0,2,1,59.297460197513196,-503.1030050684106,-0.6666666666666666,0.0,0.0,0.0,-0.5,0.0,0.5,0.9882910032918866,0.997836259329798
123,train,2,0,1,-60.0,-513.3587007649858,0.0,0.0,0.0,0.0,0.0,0.0,0.5,1,1
123,train,2,1,1,60.0,295.29508577065235,0.0,0.0,0.0,0.0,0.0,0.0,0.5,1,1
124,train,1,0,1,0.0,-438.4399996286655,0.0,-219.86673400320166,-173.13387863079456,0.0,0.0,0.0,0.5,1.0117107466569668,0.9987823191973281
124,train,1,2,1,0.0,-180.75728644181112,0.0,-546.6862461403762,91.14078492816392,0.0,0.0,0.0,0.5,1.0117107466569668,0.9987823191973281
125,validation,0,1,0,0.0,-606.1728278848,0.0,0.0,0.0,0.0,0.0,0.0,0.5,1,1
125,validation,1,2,1,0.0,-35.31055968026794,0.0,0.0,0.0,0.0,0.0,0.0,0.5,1,1
126,train,2,0,1,-243.50186858978586,-154.31899935779023,-0.09523809523809523,119.23739691114909,128.67015499921547,-0.8571428571428571,-0.38095238095238093,6.3037597088555515,0.5,1.0145911191241077,1.001625884022936
126,train,1,2,0,487.0037371795717,810.9795711247255,-0.047619047619047616,128.28306053307125,-128.85951521725187,-0.2857142857142857,0.5714285714285714,-38.67315107330214,0.5,1.0145911191241077,1.001625884022936
127,train,0,2,0,-117.95443945298062,-108.74382765351751,0.0,-16.966680105722688,-73.38549182620419,0.0,0.6666666666666666,14.411027576847086,0.5,0.9829536621081718,0.9968910955827297
127,train,1,2,0,58.97721972649031,-230.53006175047787,0.0,-89.2292294368111,-20.120679084592524,-0.06666666666666667,0.6666666666666666,19.457608570613647,0.5,0.9829536621081718,0.9968910955827297
128,train,0,1,1,176.69229061858775,1655.7740150714249,0.0,0.0,0.0,0.0,0.0,-277.8201550861047,0.5,0.9816238367699319,0.9986471128909702
128,train,2,0,0,58.897430206195914,881.2001335810422,0.0,0.0,0.0,0.0,0.0,339.835642021754,0.5,0.9816238367699319,0.9986471128909702
129,train,0,1,0,-234.9526994328337,1132.772167797292,0.1,463.6036773983323,-147.9842889608974,0.0,0.6000000000000001,0.0,0.5,0.9789695809701404,1.0009481113345846
129,train,2,1,0,0.0,1849.373130824886,0.4,644.3773398355029,-89.40858802200393,0.0,0.20000000000000018,0.0,0.5,0.9789695809701404,1.0009481113345846
130,train,0,1,0,60.42387681151225,292.9032423275797,0.5,0.0,129.51804160888153,0.0,0.8333333333333333,0.0,0.5,1.0070646135252042,1.0028470316013334
130,train,2,1,0,302.11938405756126,530.6116731059195,1.0,0.0,3.2244801825169773,0.0,0.0,0.0,0.5,1.0070646135252042,1.0028470316013334
131,train,2,0,1,-480.0,-1625.3721966077064,0.0,-1022.6087026031137,0.0,0.0,0.0,0.0,0.5,1,1
131,train,1,2,0,120.0,393.11544080312433,0.0,447.22359094326634,0.0,0.0,0.0,0.0,0.5,1,1
132,train,0,2,0,120.0,921.0983859478706,-0.5714285714285714,599.5848543751907,185.68722645402534,-0.047619047619047616,0.9523809523809522,-28.60002366406922,0.5,1,1
132,train,2,1,1,-60.0,-21.613152516985792,0.7142857142857142,-429.04099286396456,-20.4460017375649,0.0,-0.7142857142857143,-21.36278711020629,0.5,1,1
133,train,1,0,0,184.01620809619246,280.39889946450984,0.0,-5.803388288948042,0.0,0.0,0.16666666666666663,-31.74387901835857,0.5,1.0223122672010692,1.0009481113345846
133,train,0,2,1,-122.6774720641283,-110.82466468802177,0.0,18.65619307824187,0.0,0.0,-0.4999999999999999,-84.57132019995636,0.5,1.0223122672010692,1.0009481113345846
134,train,0,2,0,62.5801314173891,-433.21778897367085,0.0,-36.92900315306906,-44.43030575316967,0.0,0.7142857142857142,55.65848784404434,0.5,1.0430021902898183,1.0070646135252042
134,train,1,2,0,-187.7403942521673,-578.6083615574677,0.0,-121.28571490033993,-61.68423738721229,0.0,1.1904761904761905,43.57955164294007,0.5,1.0430021902898183,1.0070646135252042
135,train,1,0,1,552.4972255382905,-59.28482386189952,-0.3333333333333333,0.0,0.0,0.0,-0.16666666666666663,-149.01701643012652,0.5,1.0231430102560937,1.0009481113345846
135,train,2,1,0,-429.7200643075593,-489.15453461181306,1.0,0.0,0.0,0.0,-0.3333333333333333,6.4227265703661205,0.5,1.0231430102560937,1.0009481113345846
136,train,0,2,0,237.35044931133524,-465.4777705692402,0.0,0.0,-30.652665439296698,0.0,-0.20000000000000007,4.777564872126348,0.5,0.9889602054638968,0.9970260641428296
136,train,1,2,0,178.01283698350144,1043.4618515945217,0.0,0.0,77.7343680287961,0.3,-0.5000000000000001,-110.72946764482582,0.5,0.9889602054638968,0.9970260641428296
137,validation,0,1,1,59.813465734963785,-536.7247617873671,-1.0,0.0,0.0,0.0,0.0,0.0,0.5,0.9968910955827297,0.9994586253613486
137,validation,2,0,0,0.0,1136.2234983585213,3.0,0.0,0.0,0.0,0.0,0.0,0.5,0.9968910955827297,0.9994586253613486
138,train,1,0,1,0.0,846.5493073430712,0.0,0.0,0.0,0.0,0.0,0.0,0.5,1,1
138,train,1,2,1,120.0,1408.1282071137816,0.0,0.0,0.0,0.0,0.0,0.0,0.5,1,1
139,train,2,0,1,-351.90460825234055,-1404.1587044370792,0.0,-642.2817517023562,-90.86638999483921,-0.06666666666666667,-0.5999999999999999,-65.39234594090523,0.5,0.977512800700946,1.0008126118424647
139,train,2,1,1,117.30153608411352,-1231.9048402774931,0.0,-714.7249915107234,-426.26290547977544,-0.3333333333333333,-0.19999999999999996,-24.16062024745547,0.5,0.977512800700946,1.0008126118424647
140,train,0,1,0,60.7684239561347,1071.9439111776203,0.0,350.58466890253965,0.0,0.30000000000000004,2.4,-117.20200811448265,0.5,1.0128070659355783,0.9970260641428296
140,train,1,2,1,0.0,-643.4727479495108,0.0,437.035730483581,0.0,0.0,-0.7999999999999998,-38.97014752611696,0.5,1.0128070659355783,0.9970260641428296
141,train,1,0,1,-59.20120590269745,204.33208078285358,0.23809523809523808,-14.792066503939509,-13.585397460783717,0.0,0.14285714285714285,-26.145609842749206,0.5,0.9866867650449576,0.9975661211411933
141,train,2,1,0,177.60361770809237,-292.79102743648167,0.0,-30.307186755407827,3.0885730376292644,0.0,0.14285714285714285,32.03544216548218,0.5,0.9866867650449576,0.9975661211411933
142,train,1,0,0,121.01146847877422,-138.57582437023993,-0.3333333333333333,0.0,470.41073967545094,0.0,0.0,0.0,0.5,1.0084289039897851,1.0013547198921082
142,train,2,0,0,0.0,-241.3773316726476,-0.3333333333333333,0.0,363.61014828830184,0.6666666666666666,0.0,0.0,0.5,1.0084289039897851,1.0013547198921082
143,train,0,2,0,-59.95939965015904,-66.63858164571663,0.0,0.0,0.0,1.0,0.0,0.0,0.5,0.9993233275026507,0.9998646288547973
143,train,1,2,0,-179.87819895047713,-349.0571838023871,0.0,0.0,0.0,0.0,0.0,0.0,0.5,0.9993233275026507,0.9998646288547973
144,train,0,1,0,180.0,1726.5885999374764,0.0,0.0,0.0,0.0,0.0,0.0,0.5,1,1
144,train,2,1,0,60.0,578.8236251832409,0.0,0.0,0.0,0.0,0.0,0.0,0.5,1,1
145,validation,1,0,1,-173.18726451480006,-221.0723355379942,0.0,0.0,46.377749966414626,-0.06666666666666667,-0.4000000000000001,-25.020238339222473,0.5,0.9621514695266671,0.995677200433284
145,validation,1,2,1,-461.8327053728002,188.29816442948052,-0.26666666666666666,0.0,-50.73372326464177,0.06666666666666667,-0.2,-39.3329932370076,0.5,0.9621514695266671,0.995677200433284
146,train,0,1,0,61.54668916854209,609.9701178478507,0.0,0.0,0.0,0.6666666666666666,0.6666666666666665,0.0,0.5,1.0257781528090348,0.9997292760349417
146,train,1,2,1,-61.54668916854209,-205.1714947781614,0.0,0.0,0.0,-0.6666666666666666,-0.6666666666666665,0.0,0.5,1.0257781528090348,0.9997292760349417
147,test,0,1,0,-60.0,621.3357975357276,0.0,-240.70730544671267,59.5001613492431,-0.13333333333333333,0.0,162.70850867328951,0.5,1,1
147,test,1,2,1,120.0,-500.01713258649215,0.0,291.04405225347887,-18.36774812806617,-0.13333333333333336,-0.2666666666666666,-165.90465890675378,0.5,1,1
148,train,2,0,1,-520.5474654372963,-1830.0439238738388,-0.8,-44.658996975805394,6.6725905511928545,0.0,0.0,-142.12451080503388,0.5,0.9639767878468449,0.9960816678233944
148,train,2,1,1,-115.6772145416214,-409.67972535804535,-0.4,76.15468044806948,88.99623855342801,0.0,0.0,-67.74450914079031,0.5,0.9639767878468449,0.9960816678233944
149,validation,0,2,0,187.9438352201247,56.51185708794558,-0.26666666666666666,41.35934305890744,-55.92537894514546,0.0,0.0,152.93352753259575,0.5,1.0441324178895817,1.0008126118424647
149,validation,1,2,0,751.7753408804988,-1246.5010953210933,-0.26666666666666666,49.795208722507496,-12.023663289010017,-0.26666666666666666,0.0,160.4947470639546,0.5,1.0441324178895817,1.0008126118424647
150,validation,0,2,0,0.0,-654.4200203343967,0.0,0.0,0.0,0.0,0.0,0.0,0.5,1,1
150,validation,2,1,1,-120.0,-395.7547038101584,0.0,0.0,0.0,0.0,0.0,0.0,0.5,1,1
151,test,0,1,1,-478.5077258797103,-1475.8888897673546,0.0,0.0,0.0,0.0,-1.0,0.0,0.5,0.9968910955827297,0.9994586253613486
151,test,2,0,0,119.62693146992757,315.54334396035085,0.0,0.0,0.0,0.0,2.0,0.0,0.5,0.9968910955827297,0.9994586253613486
152,validation,2,0,1,313.8764690279839,-192.8719416123692,0.0,0.0,-416.2509428087018,-0.3333333333333333,0.5,0.0,0.5,1.0462548967599463,1.0052937949156682
152,validation,2,1,1,313.8764690279839,944.5619694126017,0.0,0.0,0.2385383511279997,-0.16666666666666666,-0.5,0.0,0.5,1.0462548967599463,1.0052937949156682
153,train,1,0,0,374.4655095112355,963.7534741420071,0.0,124.48169330047455,194.08879012792997,0.4,1.6666666666666667,23.987794394038275,0.5,1.040181970864543,1.0009481113345846
153,train,0,2,1,-436.87642776310804,-1188.0586542403184,0.0,-564.4939917754423,-1.6660214217331202,-0.6000000000000001,-1.6666666666666667,-31.136577184076735,0.5,1.040181970864543,1.0009481113345846
154,train,2,0,1,-182.47811756301698,-742.9516352754503,-0.23809523809523808,2.335120540562201,-35.777520921158846,-0.14285714285714285,0.09523809523809523,85.28689518842815,0.5,1.0137673197945387,0.9995939415379522
154,train,2,1,1,-60.82603918767232,-1027.901861229174,-0.23809523809523808,-39.458901054825276,-14.866305985475904,-0.14285714285714285,0.0,-68.2831029643644,0.5,1.0137673197945387,0.9995939415379522
155,train,0,1,1,-176.69229061858775,59.544812356121064,0.0,0.0,0.0,0.0,0.0,-312.61502322621203,0.5,0.9816238367699319,0.9986471128909702
155,train,2,0,0,58.897430206195914,333.19250289938196,0.0,0.0,0.0,0.0,0.0,0.0,0.5,0.9816238367699319,0.9986471128909702
156,validation,0,1,0,237.2861928565893,1055.1165943452472,0.0,35.073761879263884,0.0,0.0,-1.0666666666666664,-3.7998593727523646,0.5,0.9886924702357888,1.0014902927799512
156,validation,2,1,0,-118.64309642829465,-208.08323611624093,0.0,-96.73881759928065,0.0,1.0,-0.6666666666666665,2.083972780825805,0.5,0.9886924702357888,1.0014902927799512
157,train,0,2,0,180.0,1246.6059451304955,0.0,993.5486937362284,0.0,0.0,0.0,0.0,0.5,1,1
157,train,2,1,1,60.0,-702.927857293811,0.0,-509.4316585089216,0.0,0.0,0.0,0.0,0.5,1,1
158,train,1,0,1,300.0,-305.842981272981,0.0,0.0,0.0,0.0,0.0,0.0,0.5,1,1
158,train,2,1,0,-300.0,946.0265961128998,0.0,0.0,0.0,0.0,0.0,0.0,0.5,1,1
159,train,1,0,1,347.784158352744,775.7574779026628,0.0,-206.48907723842422,13.979445534870074,0.0,0.0,23.71259331543203,0.5,0.9660671065354,0.9964862995176282
159,train,1,2,1,-57.964026392124,-829.3948311230278,0.0,-638.0060652432269,-93.54193610651569,0.0,0.0,179.261865227007,0.5,0.9660671065354,0.9964862995176282
160,test,1,0,0,120.0,1445.3969935184077,0.0,0.0,0.0,0.0,0.0,0.0,0.5,1,1
160,test,2,0,0,660.0,1574.523707832268,0.0,0.0,0.0,0.0,0.0,0.0,0.5,1,1
161,train,2,0,1,-240.0,354.1040954615273,0.0,0.0,0.0,0.0,0.0,0.0,0.5,1,1
161,train,1,2,0,180.0,122.3078401985531,0.0,0.0,0.0,0.0,0.0,0.0,0.5,1,1
162,train,0,2,0,-358.8807944097827,-240.86756523992892,0.0,0.0,0.0,0.0,0.0,0.0,0.5,0.9968910955827297,1.0033902416308227
162,train,1,2,0,-59.813465734963785,481.14109527043894,0.0,0.0,0.0,0.0,-1.0,0.0,0.5,0.9968910955827297,1.0033902416308227
163,validation,2,0,1,-124.5517544195727,-523.9925998918966,0.3333333333333333,-207.2862575802712,-173.26969666034915,0.0,0.0,0.0,0.5,1.0379312868297725,0.9983767551848742
163,validation,2,1,1,-62.27587720978635,-265.693279658407,0.3333333333333333,27.081657468103344,-239.6033236649397,0.0,0.0,0.0,0.5,1.0379312868297725,0.9983767551848742
164,train,0,1,0,-57.60417739566947,287.5078658627798,0.19047619047619047,13.813504341951102,-5.2622238438137074,0.0,0.0,45.96227920966169,0.5,0.9600696232611577,0.9987823191973281
164,train,2,1,0,0.0,-137.33861750892464,0.09523809523809523,81.65679844822455,-31.643076445323683,0.0,-0.7619047619047619,6.843056573316645,0.5,0.9600696232611577,0.9987823191973281
165,test,2,0,1,358.8807944097827,-582.7753763008488,-3.0,0.0,0.0,0.0,0.0,0.0,0.5,0.9968910955827297,0.9994586253613486
165,test,1,2,0,-358.8807944097827,-135.55337767838813,1.0,0.0,0.0,0.0,0.0,0.0,0.5,0.9968910955827297,0.9994586253613486
166,train,1,0,1,360.0,1860.5149460665143,0.0,0.0,0.0,0.0,0.0,0.0,0.5,1,1
166,train,2,1,0,-60.0,1538.5095291118641,0.0,0.0,0.0,0.0,0.0,0.0,0.5,1,1
167,train,0,2,0,180.0,1081.2049357970022,0.0,-260.7481436885756,11.101567852090511,0.0,0.0,8.585987943266122,0.5,1,1
167,train,2,1,1,0.0,-372.1303839857578,0.0,2.9176542845650033,-22.716392734011635,0.0,0.2,-24.333333954152643,0.5,1,1
168,train,0,2,0,120.0,811.9477908763665,0.0,0.0,0.0,0.0,0.0,0.0,0.5,1,1
168,train,2,1,1,0.0,271.075626115824,0.0,0.0,0.0,0.0,0.0,0.0,0.5,1,1
169,train,0,2,0,250.38831178612742,754.8831272266212,0.0,0.0,149.51130131068516,0.13333333333333333,0.0,0.0,0.5,1.0432846324421976,1.0006771306930664
169,train,1,2,0,375.58246767919115,-158.24005926573386,0.2,0.0,157.22407029667443,0.13333333333333333,0.06666666666666665,81.2728274108448,0.5,1.0432846324421976,1.0006771306930664
170,train,1,0,0,-119.62693146992757,66.96414915381048,0.0,0.0,0.0,0.0,4.0,0.0,0.5,0.9968910955827297,0.9994586253613486
170,train,2,0,0,-59.813465734963785,486.8718583375932,0.0,0.0,0.0,0.0,-1.0,0.0,0.5,0.9968910955827297,0.9994586253613486
171,train,0,1,1,-423.71219159658034,613.728647046789,0.0,0.0,0.0,0.0,0.0,109.881526971503,0.5,1.0088385514204294,0.9997292760349417
171,train,2,0,0,121.06062617045153,-1109.8416474660637,0.0,0.0,0.0,0.0,0.0,-109.881526971503,0.5,1.0088385514204294,0.9997292760349417
172,validation,0,1,0,-58.97721972649031,-51.331932827068115,-0.2,385.88247998309333,6.576410421332554,0.0,2.0,40.16749562712926,0.5,0.9829536621081718,0.9964862995176282
172,validation,2,1,0,58.97721972649031,392.5584731054105,-0.13333333333333336,-135.40180840723826,119.38038532865525,0.0,2.333333333333333,28.54037265574673,0.5,0.9829536621081718,0.9964862995176282
173,train,1,0,0,-178.01283698350144,-770.8353961273015,0.29999999999999993,0.0,69.92741268235193,0.0,0.0,101.42893887743486,0.5,0.9889602054638968,0.9970260641428296
173,train,0,2,1,-59.33761232783381,-216.88801253648546,0.6,0.0,-51.931046394982104,-0.2,0.0,-124.88033913806069,0.5,0.9889602054638968,0.9970260641428296
174,train,1,0,1,-240.0,-536.224003233026,0.0,0.0,0.0,0.0,0.0,0.0,0.5,1,1
174,train,2,1,0,60.0,422.8957762557302,0.0,0.0,0.0,0.0,0.0,0.0,0.5,1,1
175,train,1,0,1,-120.0,-1208.4496667987555,0.0,0.0,0.0,0.0,0.0,0.0,0.5,1,1
175,train,2,1,0,240.0,560.3644253166722,0.0,0.0,0.0,0.0,0.0,0.0,0.5,1,1
176,train,2,0,1,125.26196954656373,-395.14952673914945,-0.19047619047619047,82.13164465686958,95.32645900095346,-0.7142857142857142,0.0,-169.80391335721754,0.5,1.0438497462213645,1.0005416678839063
176,train,2,1,1,1002.0957563725099,-164.57846002544022,0.19047619047619047,150.77195652601586,92.41493491764737,-1.1904761904761902,0.04761904761904756,-64.59698202219441,0.5,1.0438497462213645,1.0005416678839063
177,train,2,0,1,-246.8876581502495,-923.1683217008883,0.0,0.0,0.0,-0.3333333333333333,0.0,-177.78119140972433,0.5,1.0286985756260396,1.0082923918141966
177,train,1,2,0,123.44382907512475,1067.3767909876487,0.0,0.0,0.0,0.3333333333333333,0.0,98.6208843149474,0.5,1.0286985756260396,1.0082923918141966
178,train,2,0,1,-181.86156292135456,-651.6018018879657,0.0,-295.18945683709944,-7.584583996335965,0.0,-0.6666666666666667,-66.22612854978921,0.5,1.0103420162297476,0.9967561452934783
178,train,2,1,1,60.620520973784856,-304.76797596228784,0.0,-191.09835250789413,24.70825265707532,-0.06666666666666667,-1.0,-47.64393583453557,0.5,1.0103420162297476,0.9967561452934783
179,train,2,0,1,703.4281920444164,1884.9518049955598,-1.0,0.0,-33.15470157907393,-0.13333333333333333,0.26666666666666666,-131.47172415596415,0.5,0.9769836000616895,1.0010836291719092
179,train,1,2,0,-586.1901600370137,-1382.1132993028853,0.3333333333333333,0.0,-35.45028324895126,0.13333333333333333,-0.2,101.19119570776463,0.5,0.9769836000616895,1.0010836291719092
180,test,0,2,0,60.86722636574397,420.6579494379061,0.0,-112.10181111515988,19.105170900064923,0.2857142857142857,-0.9523809523809523,59.28576216765988,0.5,1.0144537727623995,1.001625884022936
180,test,2,1,1,60.86722636574397,-961.1355486836039,0.19047619047619047,-51.9333344670153,4.159161288985697,0.0,0.0,-75.85841914325654,0.5,1.0144537727623995,1.001625884022936
181,train,1,0,0,-60.513926078861104,-475.69662047797937,0.047619047619047616,-15.022174313817814,111.90559509041134,0.0,1.1428571428571428,-2.820954533111746,0.5,1.008565434647685,0.9968910955827297
181,train,2,0,0,363.08355647316665,109.75038061616777,0.047619047619047616,40.815758072318914,96.32682195964091,0.19047619047619047,0.5714285714285713,45.88102594658517,0.5,1.008565434647685,0.9968910955827297
182,train,0,1,0,120.0,834.7162837264236,0.0,0.0,0.0,0.0,0.0,0.0,0.5,1,1
182,train,1,2,1,-60.0,-666.9317039762095,0.0,0.0,0.0,0.0,0.0,0.0,0.5,1,1
183,validation,0,2,0,-177.33933018471672,446.5132075292606,0.0,50.48992389856372,-151.309964703801,0.0,1.2000000000000002,0.0,0.5,0.9852185010262039,1.004069667960554
183,validation,2,1,1,-236.45244024628894,106.29456043182869,0.0,112.02560537106349,-6.303348119291542,0.3,-3.2,0.0,0.5,0.9852185010262039,1.004069667960554
184,test,1,0,0,-358.92938309141863,-744.9172793535284,1.0,0.0,0.0,0.6666666666666666,0.0,0.0,0.5,0.9970260641428296,0.9995939415379522
184,test,0,2,1,119.64312769713955,503.152460423462,0.0,0.0,0.0,0.0,0.0,0.0,0.5,0.9970260641428296,0.9995939415379522
185,train,1,0,1,-478.5077258797103,-200.49497098064583,0.0,0.0,0.0,0.0,-4.0,0.0,0.5,0.9968910955827297,0.9994586253613486
185,train,1,2,1,179.44039720489135,-539.5902934641583,0.0,0.0,0.0,0.0,-4.0,0.0,0.5,0.9968910955827297,0.9994586253613486
186,train,0,2,0,0.0,665.7999669260477,0.0,158.49180976009404,50.6031176494699,-0.2,1.2,0.0,0.5,0.9852185010262039,0.9968910955827297
186,train,2,1,1,118.22622012314447,0.0,0.0,-1.073090129386145,-21.12346412770922,0.0,0.4,0.0,0.5,0.9852185010262039,0.9968910955827297
187,train,1,0,0,-244.39356195598955,-284.2445830257968,0.0,0.0,-95.27613123825105,0.16666666666666666,0.0,-43.819143116074535,0.5,1.0183065081499565,1.0005416678839063
187,train,0,2,1,305.49195244498696,-71.49751427008945,0.0,0.0,172.5591272194258,-0.3333333333333333,0.0,1.0550386652189019,0.5,1.0183065081499565,1.0005416678839063
188,validation,0,1,0,-237.3183189091976,679.7283380690856,0.2666666666666667,66.87185156344668,61.866173519400306,0.3333333333333333,0.0,0.0,0.5,0.9888263287883233,1.0012191653569225
188,validation,1,2,1,415.3070580910958,183.80823847069541,-0.13333333333333333,70.16929988795016,-29.7423906108317,-0.6666666666666666,0.0,-73.13874827310974,0.5,0.9888263287883233,1.0012191653569225
189,train,2,0,1,360.0,720.2396646611269,0.0,-676.1237525245921,0.0,0.0,0.0,0.0,0.5,1,1
189,train,1,2,0,-420.0,-579.753328520565,0.0,834.740387145209,0.0,0.0,0.0,0.0,0.5,1,1
190,train,1,0,1,-240.0,-139.8136224208024,0.0,0.0,0.0,0.0,0.0,0.0,0.5,1,1
190,train,2,1,0,780.0,1496.2859392981836,0.0,0.0,0.0,0.0,0.0,0.0,0.5,1,1
191,train,1,0,1,0.0,-215.14393100937522,0.0,0.0,0.0,0.0,-5.999999999999999,-0.16910546290964135,0.5,0.9921786889738351,1.0025755368765914
191,train,1,2,1,119.06144267686021,535.2906418283228,0.0,0.0,0.0,0.0,-2.0,3.398212557264756,0.5,0.9921786889738351,1.0025755368765914
192,train,2,0,1,-173.09350532205434,21.66649784380629,0.19047619047619047,-115.53641314704106,-31.8783021436834,-0.4761904761904761,-0.1428571428571429,-90.52292751134317,0.5,0.9616305851225242,0.9985119248876447
192,train,2,1,1,-115.3956702147029,-482.05510271695505,0.19047619047619047,-29.380628636790334,-63.0917534838604,0.0,-0.2857142857142858,0.0,0.5,0.9616305851225242,0.9985119248876447
193,test,0,1,1,-60.0,-562.8222179134218,0.0,-426.8452630987681,0.0,0.0,0.0,0.0,0.5,1,1
193,test,2,0,0,300.0,10.200046684673907,0.0,350.4345313791787,0.0,0.0,0.0,0.0,0.5,1,1
194,train,0,2,0,0.0,2113.651031426794,0.0,246.90589770234354,355.37701319846497,0.047619047619047616,0.7142857142857142,166.21271659812948,0.5,1.012532874790849,1.0024398170780122
194,train,2,1,1,850.5276148243132,-92.8371292853864,-0.09523809523809523,-40.98575973735987,-379.091333426963,-0.047619047619047616,0.0,-101.06686890588573,0.5,1.012532874790849,1.0024398170780122
195,train,1,0,0,118.77166154862998,-931.6766040104407,0.0,0.0,283.80910959741175,0.0,0.0,0.0,0.5,0.9897638462385832,0.999188047959379
195,train,0,2,1,-237.54332309725996,555.5018392931944,0.0,0.0,-473.29557380330743,0.0,0.0,0.0,0.5,0.9897638462385832,0.999188047959379
196,train,0,2,0,176.95561386356968,-312.2264703931277,0.2666666666666667,108.0489683217815,0.0,-0.2,1.0,17.870992455277,0.5,0.9830867436864982,0.9966212132726022
196,train,2,1,1,-471.88163696951915,-1854.5165132864993,0.5333333333333333,-31.039129948418747,0.0,-0.4000000000000001,0.6666666666666667,19.390193530654347,0.5,0.9830867436864982,0.9966212132726022
197,train,0,1,0,0.0,-121.78281750295616,0.0,-12.481714555781764,38.86526135176278,0.0,0.0,44.329756769829444,0.5,0.9890941002649628,0.997836259329798
197,train,2,1,0,-59.34564601589777,315.91670425670105,0.0,-14.074321459387363,100.36758579479768,0.6666666666666666,-0.1333333333333333,137.6488234377227,0.5,0.9890941002649628,0.997836259329798
198,train,0,1,1,0.0,-87.8386479334822,0.0,0.0,0.0,0.0,0.0,0.0,0.5,1,1
198,train,2,0,0,-240.0,205.96748185995511,0.0,0.0,0.0,0.0,0.0,0.0,0.5,1,1
199,train,0,1,0,60.0,-695.9089518270011,0.09523809523809523,286.81979300873076,-168.47098728553974,-0.09523809523809523,-0.5714285714285714,77.46327681445692,0.5,1,1
199,train,2,1,0,0.0,-1135.9791262387726,0.0,220.66025466152036,-183.07157821649963,-0.09523809523809523,-0.28571428571428564,79.25272153135138,0.5,1,1
200,test,0,1,1,-717.9559567029013,-1076.1806219231337,0.0,18.03954430305049,0.0,0.0,0.0,0.0,0.5,0.9971610509762517,0.9994586253613486
200,test,0,2,1,299.1483152928755,-23.172619820129437,0.0,-56.543162029598534,0.0,-1.3333333333333333,0.0,0.0,0.5,0.9971610509762517,0.9994586253613486
201,train,2,0,1,120.0,-158.92837454725304,0.0,0.0,0.0,0.0,0.0,0.0,0.5,1,1
201,train,2,1,1,60.0,727.4016057587805,0.0,0.0,0.0,0.0,0.0,0.0,0.5,1,1
202,train,1,0,1,-182.13258989552693,-1390.710400186565,0.0,0.0,-327.7444246490206,0.0,0.0,78.24389959610595,0.5,1.0118477216418162,1.0017614936235477
202,train,2,1,0,0.0,269.88444670771116,0.0,0.0,256.61617878152373,0.0,0.0,-73.11932250714432,0.5,1.0118477216418162,1.0017614936235477
203,train,0,1,1,62.57165987333221,-244.40570718099016,-0.8999999999999999,0.0,0.0,-0.1,-2.8,77.17295186932724,0.5,1.04286099788887,0.997836259329798
203,train,2,0,0,-500.57327898665767,-790.3591472194291,0.3,0.0,0.0,0.1,0.0,-44.35326557783164,0.5,1.04286099788887,0.997836259329798
204,validation,0,1,1,-175.95230412617028,-1614.097269491227,-0.4,-63.62626435006014,171.59656255913646,-0.4,0.0,0.0,0.5,0.977512800700946,1.0018971215842718
204,validation,2,0,0,117.30153608411352,702.9246751839436,0.4,187.79528267415373,-123.07504760072715,0.0,0.0,0.0,0.5,0.977512800700946,1.0018971215842718
205,train,1,0,1,-420.0,-1126.2281921853428,0.0,0.0,0.0,0.0,0.0,0.0,0.5,1,1
205,train,2,1,0,0.0,-320.1880229623648,0.0,0.0,0.0,0.0,0.0,0.0,0.5,1,1
206,train,1,0,0,-178.39884582172294,600.806755722712,1.5,175.82735953154435,0.0,0.0,0.0,-97.12241761849626,0.5,0.991104699009572,0.9983767551848742
206,train,2,0,0,-297.3314097028716,1235.1952579048393,0.6,221.24324841780486,0.0,0.4,0.0,-15.727446700457605,0.5,0.991104699009572,0.9983767551848742
207,train,0,1,1,-60.0,-341.22174583641436,0.0,0.0,0.0,0.0,0.0,0.0,0.5,1,1
207,train,0,2,1,-120.0,-559.8438371555199,0.0,0.0,0.0,0.0,0.0,0.0,0.5,1,1
208,train,1,0,0,366.3918802195454,321.5874726135134,0.0,0.0,14.991798756562162,0.0,0.0,0.0,0.5,1.0177552228320705,0.9993233275026507
208,train,2,0,0,-183.1959401097727,-123.7434616524875,0.0,0.0,506.88992461315206,0.0,0.0,0.0,0.5,1.0177552228320705,0.9993233275026507
209,test,1,0,1,-356.3149846458899,-1766.4367420492952,0.0,0.0,-730.2910163946324,0.0,0.0,0.0,0.5,0.9897638462385832,0.999188047959379
209,test,2,1,0,59.38583077431499,506.29378201560195,0.0,0.0,757.7504656277587,0.0,0.0,0.0,0.5,0.9897638462385832,0.999188047959379
210,test,0,1,1,301.87407760716457,-1516.230747723181,0.6,0.0,-177.61372958844078,0.0,0.19999999999999996,-57.10004500315206,0.5,1.0062469253572153,1.0010836291719092
210,test,0,2,1,241.49926208573166,681.7370652171847,0.3,0.0,-193.33162853692767,0.0,0.8,-31.311520486777688,0.5,1.0062469253572153,1.0010836291719092
211,validation,1,0,0,177.62766336830222,98.96131207923949,0.0,-140.5391567115029,14.01539929000792,0.23809523809523808,-0.4285714285714285,0.0,0.5,0.9868203520461234,0.9995939415379522
211,validation,2,0,0,769.7198745959762,2482.112482219144,0.0,35.56925611352193,41.21998597078159,0.23809523809523808,0.4285714285714286,85.42921606812595,0.5,0.9868203520461234,0.9995939415379522
212,train,1,0,1,-767.9504279948902,-2311.1361400979654,-0.8571428571428572,-324.76039602504756,-29.947182078435077,0.09523809523809523,-1.5238095238095237,-208.15332731420165,0.5,0.9845518307626798,0.9993233275026507
212,train,1,2,1,-295.36554922880396,-568.3347822159556,-0.14285714285714285,-34.795055470160804,-12.034269206920158,-0.047619047619047616,-0.38095238095238093,-0.8124565987727594,0.5,0.9845518307626798,0.9993233275026507
213,validation,2,0,1,-60.0,-948.1859964077539,0.0,0.0,0.0,0.0,0.0,0.0,0.5,1,1
213,validation,2,1,1,-120.0,-378.65614330446715,0.0,0.0,0.0,0.0,0.0,0.0,0.5,1,1
214,train,0,2,0,-237.38258406359108,139.14212071057753,0.5,28.53185886408312,0.0,0.0,-0.33333333333333326,0.0,0.5,0.9890941002649628,1.0033902416308227
214,train,1,2,0,-178.0369380476933,327.497334236122,0.0,23.908837546207224,0.0,0.0,-0.49999999999999994,0.0,0.5,0.9890941002649628,1.0033902416308227
215,train,0,2,0,117.76297052071749,1023.2062559551838,0.0,192.9249268038409,32.333590819784256,0.09523809523809523,0.5714285714285714,-40.88485592228035,0.5,0.9813580876726458,1.0001353894730307
215,train,2,1,1,-294.40742630179375,-420.7755289394294,0.14285714285714285,-124.32377696631141,53.630533605727464,-0.09523809523809523,-0.2857142857142856,50.954619173700934,0.5,0.9813580876726458,1.0001353894730307
216,validation,1,0,1,-60.0,608.0695209731634,0.0,0.0,0.0,0.0,0.0,0.0,0.5,1,1
216,validation,2,1,0,-180.0,139.0397883622236,0.0,0.0,0.0,0.0,0.0,0.0,0.5,1,1
217,train,2,0,1,360.0,-1026.5872313314721,0.0,0.0,0.0,0.0,0.0,0.0,0.5,1,1
217,train,2,1,1,360.0,-1139.041269191699,0.0,0.0,0.0,0.0,0.0,0.0,0.5,1,1
218,train,0,2,0,0.0,-121.54439774090189,-0.19047619047619047,55.21235703845139,257.0449028869383,0.0,-0.047619047619047616,35.771664115316746,0.5,1.032605410527596,1.0008126118424647
218,train,2,1,1,-185.86897389496727,-524.6465810504442,0.38095238095238093,-174.93140086261377,-48.17592175412328,0.0,-0.047619047619047616,46.83298416901857,0.5,1.032605410527596,1.0008126118424647
219,test,1,0,1,-759.369602405609,-1625.4173923590108,-1.0,0.0,0.0,0.0,0.0,118.97976789318793,0.5,0.9735507723148834,0.9975661211411933
219,test,1,2,1,-116.82609267778601,774.1394809085878,-0.6666666666666666,0.0,0.0,0.0,0.0,-355.5288370124283,0.5,0.9735507723148834,0.9975661211411933
220,train,0,1,0,527.3569193059453,775.6304455252697,0.19047619047619047,16.843650675672905,589.3096654315789,0.09523809523809523,-0.14285714285714285,-3.293937297039747,0.5,0.9765868876036025,1.003661956975393
220,train,1,2,1,-58.59521325621615,-638.231113790094,0.0,-348.4489959134046,-141.30870791906733,0.19047619047619047,0.19047619047619047,0.3344524463420129,0.5,0.9765868876036025,1.003661956975393
221,train,1,0,0,240.0,390.62098961370566,0.0,0.0,0.0,0.0,0.0,0.0,0.5,1,1
221,train,0,2,1,-120.0,121.48159196907454,0.0,0.0,0.0,0.0,0.0,0.0,0.5,1,1
222,validation,1,0,1,59.813465734963785,1369.5992116322418,-1.0,0.0,0.0,0.0,0.0,0.0,0.5,0.9968910955827297,0.9994586253613486
222,validation,1,2,1,-299.0673286748189,1663.8992116825816,-1.0,0.0,0.0,0.0,0.0,0.0,0.5,0.9968910955827297,0.9994586253613486
223,train,0,2,0,313.4518295992081,576.9279799549378,-0.30000000000000004,-219.15793877221972,174.02230922258673,0.0,0.0,145.3688273356011,0.5,1.0448394319973604,1.0044775445674627
223,train,2,1,1,-125.38073183968325,66.66824363891307,0.10000000000000003,191.53838862963923,-199.92829468373264,0.0,0.0,-192.49941102578495,0.5,1.0448394319973604,1.0044775445674627
224,train,0,1,0,179.00366101571848,336.2507281934791,0.0,-12.819755071742833,0.0,0.0,0.0,111.01336131024681,0.5,0.9944647834206582,0.997836259329798
224,train,2,1,0,-59.66788700523949,169.3267692324666,0.0,119.71351749413793,0.0,0.0,0.0,87.0036753836009,0.5,0.9944647834206582,0.997836259329798
225,validation,0,2,0,485.02982683339474,2789.4630320427677,-0.06666666666666665,-303.98158634753923,0.0,-0.20000000000000007,2.666666666666666,473.3593191734451,0.5,1.0104788059029057,0.9968910955827297
225,validation,2,1,1,-303.14364177087174,-2847.2508325855238,-0.06666666666666665,73.99806176056643,0.0,0.4000000000000001,-1.666666666666666,-187.56995427515776,0.5,1.0104788059029057,0.9968910955827297
226,validation,1,0,1,901.3412635019561,-803.5685620438238,-1.1428571428571428,-222.41701370857615,-81.40307342104441,-0.5714285714285714,-0.1428571428571428,-53.625053377975426,0.5,1.0014902927799512,1.0010836291719092
226,validation,2,1,0,-1321.9671864695356,1318.6811612704344,1.1428571428571428,1.6353872451057043,-15.079774219587335,0.7619047619047619,0.047619047619047616,76.87797348965009,0.5,1.0014902927799512,1.0010836291719092
227,test,0,1,1,-178.49547874703055,-1685.1655338063727,0.0,0.0,-183.48105916124354,0.0,0.0,-24.9091836871097,0.5,0.9916415485946142,1.002032767907594
227,test,0,2,1,-416.48945040973797,-472.7312413886253,0.0,0.0,65.48069757499054,-0.8,0.0,-34.77800700903768,0.5,0.9916415485946142,1.002032767907594
228,train,0,2,0,178.49547874703055,1612.80530845585,0.2,0.0,428.06732505887794,0.0,0.0,16.813281961955386,0.5,0.9916415485946142,1.004069667960554
228,train,1,2,0,-59.49849291567685,582.6719448120803,0.2,0.0,-0.9425748172335844,1.2000000000000002,0.0,-20.11511101778049,0.5,0.9916415485946142,1.004069667960554
229,train,1,0,1,-296.046105613837,-905.900646761997,0.14285714285714285,-1128.2289560657796,13.714543211105301,0.0,0.2857142857142857,20.85312403431697,0.5,0.9868203520461234,1.0009481113345846
229,train,1,2,1,-118.4184422455348,-281.40626999924297,0.0,-234.53585790712202,13.549425518090914,0.2857142857142857,-0.2857142857142857,-105.1089541379483,0.5,0.9868203520461234,1.0009481113345846
230,train,0,1,0,-115.81824419417582,485.71702587067415,-0.2,115.32000361252057,0.0,0.0,0.09999999999999998,-12.580205882319603,0.5,0.9651520349514652,0.9962165267954964
230,train,2,1,0,405.3638546796154,1116.7601356741884,-0.2,550.0169748392423,0.0,0.0,0.5,-76.56197110601308,0.5,0.9651520349514652,0.9962165267954964
231,train,0,2,0,0.0,-77.41762692027623,1.3333333333333333,-486.87941308220434,0.0,0.0,0.0,-9.521164533269513,0.5,1,1
231,train,1,2,0,-60.0,-468.240007081532,0.0,113.36547113841436,0.0,0.0,0.0,3.1918090610507477,0.5,1,1
232,train,0,1,1,-124.13092060486574,195.34209140177643,0.0,148.20172443250692,-88.08391807997121,0.0,0.2,-24.183169192566712,0.5,1.0344243383738811,0.9963514040260837
232,train,0,2,1,-62.06546030243287,-176.02563713560053,-0.6666666666666666,714.5895270635704,-334.31913729260384,0.0,0.0,-5.606994224838935,0.5,1.0344243383738811,0.9963514040260837
233,validation,1,0,1,-486.1473916490776,204.4190777899873,-0.3,-179.92582801776186,-148.23451307238827,0.0,-0.8,0.0,0.5,1.0128070659355783,0.9975661211411934
233,validation,2,1,0,303.8421197806735,-457.14068050451556,0.3,45.3073409466474,-134.05098678074611,0.0,0.40000000000000013,0.0,0.5,1.0128070659355783,0.9975661211411934
234,train,0,1,1,-178.97942908513133,-938.6620353639631,-0.3333333333333333,0.0,-25.914622617103632,-0.5,0.0,0.0,0.5,0.994330161584063,0.999052786729054
234,train,0,2,1,-178.97942908513133,-1155.305668237081,-0.3333333333333333,0.0,2.774042628120185,0.0,0.0,0.0,0.5,0.994330161584063,0.999052786729054
235,train,0,1,1,-653.2441385174649,-2018.2242589591656,0.0,0.0,-537.8451035391397,0.0,0.0,0.0,0.5,0.9897638462385832,0.999188047959379
235,train,2,0,0,475.0866461945199,1941.4589674134172,0.0,0.0,-34.965403555071816,0.0,0.0,0.0,0.5,0.9897638462385832,0.999188047959379
236,train,0,1,1,-294.4871510309796,118.80548011908644,0.0,0.0,0.0,0.0,0.0,-356.5724271951527,0.5,0.9816238367699319,0.9986471128909702
236,train,2,0,0,58.897430206195914,169.81886909130853,0.0,0.0,0.0,0.0,0.0,482.92850332752516,0.5,0.9816238367699319,0.9986471128909702
237,train,2,0,1,-58.74612738874926,-628.0154089448487,-0.8999999999999999,7.1448712327190265,22.631854622288415,0.0,0.0,-80.83194548622092,0.5,0.979102123145821,0.9979713558551195
237,train,1,2,0,-117.49225477749852,-397.55010078291616,0.8999999999999999,-1.7545265527402591,-160.97862645359504,0.0,0.0,-19.518826612957213,0.5,0.979102123145821,0.9979713558551195
238,train,0,1,0,-175.80943929378307,-263.3963457994399,0.0,-36.545928094747126,94.53309914182779,0.0,1.1428571428571428,-74.73994252218,0.5,0.9767191071876837,1.0006771306930664
238,train,2,1,0,410.22202501882714,1907.75183152144,0.2857142857142857,115.4621167431064,32.25540753674619,0.09523809523809523,0.7619047619047619,-79.44491810957449,0.5,0.9767191071876837,1.0006771306930664
239,validation,2,0,1,-115.5989389519711,-385.1722727302658,0.0,0.0,-178.3706176301911,-0.3,-0.09999999999999998,15.08633483026702,0.5,0.9633244912664259,0.999052786729054
239,validation,1,2,0,-115.5989389519711,46.3425629171365,0.0,0.0,58.20845863503328,0.0,0.09999999999999998,75.87704561290485,0.5,0.9633244912664259,0.999052786729054
240,train,0,1,1,0.0,1759.9084052534836,-0.09999999999999998,312.44023304774873,0.0,0.0,0.8,-15.49252033079678,0.5,1.018858092081394,1.000406223412502
240,train,0,2,1,0.0,1800.9463762430273,0.10000000000000003,498.2518456494594,0.0,0.0,0.19999999999999996,-39.089406561275595,0.5,1.018858092081394,1.000406223412502
241,train,0,1,1,60.784879879831365,-141.46452545290398,-0.14285714285714285,109.91097326348392,77.51585932804524,0.0,-2.3809523809523805,104.02675996659505,0.5,1.0130813313305227,1.0024398170780122
241,train,0,2,1,303.9243993991568,460.7340407833398,0.0,-4.568515769477017,102.77410943895971,-0.2857142857142857,-0.7142857142857142,-64.63213600782733,0.5,1.0130813313305227,1.0024398170780122
242,train,1,0,1,117.79486041239183,561.1245723267983,0.0,0.0,0.0,0.0,0.0,69.08726525809146,0.5,0.9816238367699319,0.9986471128909702
242,train,2,1,0,117.79486041239183,383.10143133629407,0.0,0.0,0.0,0.0,0.0,0.7768270485177027,0.5,0.9816238367699319,0.9986471128909702
243,train,2,0,1,58.897430206195914,-752.4668716798061,0.0,0.0,0.0,0.0,0.0,-294.9399895729225,0.5,0.9816238367699319,0.9986471128909702
243,train,2,1,1,117.79486041239183,-920.8098862651192,0.0,0.0,0.0,0.0,0.0,-341.9100989218425,0.5,0.9816238367699319,0.9986471128909702
244,train,0,1,0,299.79699825079524,-242.44311530865082,0.0,0.0,0.0,2.0,0.0,0.0,0.5,0.9993233275026507,0.9998646288547973
244,train,1,2,1,539.6345968514314,687.3803916858925,0.0,0.0,0.0,-1.0,0.0,0.0,0.5,0.9993233275026507,0.9998646288547973
245,validation,1,0,0,-58.97721972649031,-366.6643003201337,0.0,303.2613038968148,2.3217806984273395,-0.26666666666666666,0.6666666666666665,0.0,0.5,0.9829536621081718,0.9966212132726022
245,validation,2,0,0,0.0,510.07048547488273,-0.2,562.4038691538831,60.88897111409725,-0.26666666666666666,0.6666666666666665,0.0,0.5,0.9829536621081718,0.9966212132726022
246,train,0,1,0,295.7656868137877,219.53618811107032,0.4,39.23842933788522,0.0,0.0,0.0,-2.3175560349982103,0.5,0.9858856227126256,1.0027112750502025
246,train,2,1,0,236.61254945103013,604.6551163173837,-0.4,302.61756518895737,0.0,0.2,0.0,-8.820922539756879,0.5,0.9858856227126256,1.0027112750502025
247,train,0,1,0,725.8722466452606,2028.6758731386392,0.4,252.05122303293615,-4.849926492917277,0.2,0.0,0.0,0.5,1.0081558981184175,0.9967561452934783
247,train,2,1,0,665.3828927581555,1861.4555364944072,0.4,-30.346451062645826,51.51819859526098,0.30000000000000004,0.0,0.0,0.5,1.0081558981184175,0.9967561452934783
248,test,0,1,0,59.137123190865054,-804.3186726442256,0.6666666666666666,0.0,-102.49099749581546,0.0,0.0,0.0,0.5,0.9856187198477508,0.997836259329798
248,test,1,2,1,-177.41136957259516,297.3171546444517,-2.0,0.0,113.31881555106708,0.0,0.0,0.0,0.5,0.9856187198477508,0.997836259329798
249,train,1,0,1,-180.0,219.3960432710478,-0.6000000000000001,398.26595512823496,-258.99573677111533,0.0,0.0,-19.998705716523176,0.5,1,1
249,train,1,2,1,-360.0,-1068.8362462557084,-0.2,-342.8736272995518,-91.49816901709266,0.0,0.0,-9.124047342611313,0.5,1,1
250,train,0,1,0,-240.0,351.0007509908082,0.0,0.0,0.0,0.0,0.0,0.0,0.5,1,1
250,train,1,2,1,0.0,-1674.5847333061793,0.0,0.0,0.0,0.0,0.0,0.0,0.5,1,1
251,train,1,0,0,240.0,1074.5281969374555,0.0,-217.76406168554485,148.9080607754037,0.0,0.09523809523809523,5.437404799506203,0.5,1,1
251,train,0,2,1,-420.0,-140.80911629005277,0.0,142.0977221746171,-18.00089433722887,-0.2857142857142857,0.09523809523809523,-9.596310569093198,0.5,1,1
252,train,1,0,1,240.0,677.5867554756896,0.0,-937.2324052478791,0.0,0.0,0.0,0.0,0.5,1,1
252,train,1,2,1,120.0,474.287155162383,0.0,-914.5900042342691,0.0,0.0,0.0,0.0,0.5,1,1
253,train,0,1,1,242.48208389513943,-66.22313515615829,0.0,-84.03303369408822,-166.54529458674367,0.0,1.0,36.41916915936976,0.5,1.0103420162297476,1.0010836291719092
253,train,0,2,1,303.1026048689243,76.26331628201295,0.0,26.37803527988018,-187.16310127137493,-0.13333333333333333,1.0,40.363284966183954,0.5,1.0103420162297476,1.0010836291719092
254,train,2,0,1,121.33956385404909,929.2781536407779,0.0,0.0,-241.81067931539005,0.0,0.0,-129.78207465416222,0.5,1.0111630321170757,1.0027112750502025
254,train,1,2,0,-182.00934578107362,-1753.9203616006168,0.5,0.0,4.613325562148255,0.0,0.0,86.75189691549221,0.5,1.0111630321170757,1.0027112750502025
255,train,1,0,1,-304.50098093724375,-161.2389502542321,0.0,-66.07568327165687,-264.101761046714,-0.2857142857142857,0.0,-19.253265867455855,0.5,1.0150032697908125,0.9977011810926478
255,train,1,2,1,0.0,-2155.1189310909385,-0.38095238095238093,-77.36481803200788,-92.67502816335173,-0.5714285714285714,-0.5714285714285714,-135.43022928502972,0.5,1.0150032697908125,0.9977011810926478
256,test,1,0,0,57.877771567037975,1605.0033989698748,0.0,0.0,57.861128050862106,0.0,-0.3333333333333335,207.68925081851813,0.5,0.9646295261172996,0.9994586253613486
256,test,0,2,1,463.0221725363038,1074.441236429984,0.0,0.0,35.65191821183194,0.0,0.5,-211.23604729057683,0.5,0.9646295261172996,0.9994586253613486
257,train,1,0,0,-240.0,263.58247341018614,0.0,1078.117477963227,0.0,-0.3333333333333333,0.0,0.0,0.5,1,1
257,train,2,0,0,-180.0,-644.3952376431002,0.0,-59.351602305036124,0.0,-0.3333333333333333,0.0,0.0,0.5,1,1
258,train,1,0,1,175.23913901667902,872.3019209909172,0.0,0.0,0.0,0.0,0.0,0.0,0.5,0.9735507723148834,0.9975661211411933
258,train,2,1,0,0.0,-1356.3711645916055,0.0,0.0,0.0,0.0,0.0,274.4715925901353,0.5,0.9735507723148834,0.9975661211411933
259,train,0,1,0,121.06062617045153,120.5857397656766,0.0,0.0,0.0,0.0,0.0,163.90470256585058,0.5,1.0088385514204294,0.9997292760349417
259,train,1,2,1,-60.530313085225764,454.65237656181085,0.0,0.0,0.0,0.0,0.0,-58.04705627370619,0.5,1.0088385514204294,0.9997292760349417
260,train,0,2,0,-124.28225672299008,-633.3305687418774,0.2,0.0,269.8890470399326,-0.1,1.8,0.0,0.5,1.035685472691584,1.0012191653569225
260,train,1,2,0,-62.14112836149504,-184.0405909905698,0.6000000000000001,0.0,726.6573653677195,-0.1,3.0,0.0,0.5,1.035685472691584,1.0012191653569225
261,train,1,0,0,0.0,-1758.709489716628,0.3333333333333333,0.0,0.0,0.0,0.0,232.23625078851003,0.5,1.0231430102560937,1.0009481113345846
261,train,2,0,0,-306.9429030768281,-2845.5514068791417,0.3333333333333333,0.0,0.0,0.3333333333333333,0.0,0.0,0.5,1.0231430102560937,1.0009481113345846
262,test,1,0,1,-477.34309604191594,-776.9975499225008,0.0,-293.19097071280254,45.415441603883195,0.0,0.0,0.0,0.5,0.9944647834206582,0.9989175438091965
262,test,2,1,0,-179.00366101571848,-589.5297721177973,0.0,122.77833588299734,106.0195571489318,0.0,0.0,0.0,0.5,0.9944647834206582,0.9989175438091965
263,test,1,0,0,420.0,678.1175910377547,0.0,0.0,0.0,0.0,0.0,0.0,0.5,1,1
263,test,2,0,0,240.0,1065.1021338499704,0.0,0.0,0.0,0.0,0.0,0.0,0.5,1,1
264,train,2,0,1,-57.94833414106837,-150.68233878483707,-0.3,0.0,0.0,0.2,0.2,4.46594358561345,0.5,0.9658055690178062,1.0028470316013334
264,train,1,2,0,115.89666828213674,56.06548725088745,0.3,0.0,0.0,0.0,0.3,92.5802407896368,0.5,0.9658055690178062,1.0028470316013334
265,train,0,1,0,540.0,814.5371447208322,0.0,1268.3194003591052,0.0,0.0,0.0,0.0,0.5,1,1
265,train,2,1,0,240.0,-546.6244132056227,0.0,1300.6378077203312,0.0,0.0,0.0,0.0,0.5,1,1
266,train,2,0,1,0.0,49.315500215387225,0.19047619047619047,-5.000167200358135,45.61361851497414,0.0,1.0,-19.7355136889289,0.5,1.0119847151716366,1.0059745101997548
266,train,1,2,0,-60.7190829102982,-474.3320152973974,-0.19047619047619047,-46.044379916098165,77.74412845137064,0.09523809523809523,-0.5714285714285714,47.20171461542533,0.5,1.0119847151716366,1.0059745101997548
267,validation,0,1,0,60.0,68.33440922159662,0.0,0.0,0.0,0.0,0.0,0.0,0.5,1,1
267,validation,1,2,1,-60.0,829.3448734700805,0.0,0.0,0.0,0.0,0.0,0.0,0.5,1,1
268,validation,0,2,0,117.5877303751286,647.8760942328208,0.0,0.0,186.37531696360793,0.0,-0.16666666666666663,0.0,0.5,0.9798977531260716,1.0024398170780122
268,validation,2,1,1,117.5877303751286,-759.3465169890757,-0.5,0.0,-25.842452353134945,0.0,0.16666666666666663,0.0,0.5,0.9798977531260716,1.0024398170780122
269,validation,0,2,0,-181.07541183595586,421.85366131711396,-0.10000000000000003,693.7336688188796,126.4758342883728,0.2,0.0,0.0,0.5,1.0059745101997548,1.0010836291719092
269,validation,1,2,0,60.35847061198529,573.8810376031134,-0.30000000000000004,338.01482600326557,255.3711687319722,0.2,0.0,0.0,0.5,1.0059745101997548,1.0010836291719092
270,train,1,0,0,-60.0,-585.4211368704218,0.0,37.50609369453127,-15.488045119197679,0.0,0.0,0.0,0.5,1,1
270,train,2,0,0,-60.0,-441.7392676452091,0.0,-151.56140046240967,19.324374780843456,0.0,0.0,0.0,0.5,1,1
271,test,0,1,0,-239.83759860063617,-724.7817670896948,0.0,0.0,0.0,1.0,0.0,0.0,0.5,0.9993233275026507,0.9998646288547973
271,test,1,2,1,-659.5533961517494,-1577.032438019978,0.0,0.0,0.0,0.0,0.0,0.0,0.5,0.9993233275026507,0.9998646288547973
272,validation,0,1,0,0.0,756.1694287335665,0.0,0.0,0.0,0.0,0.0,501.06736405127447,0.5,1.0088385514204294,0.9997292760349417
272,validation,2,1,0,-121.06062617045153,483.2987988242831,0.0,0.0,0.0,0.0,0.0,490.4379890233579,0.5,1.0088385514204294,0.9997292760349417
273,test,1,0,1,120.39052938536736,-142.58344036506972,0.0,250.8450725609548,-81.06798786868109,-0.047619047619047616,-0.2857142857142857,-48.777904429670684,0.5,1.003254411544728,1.0012191653569225
273,test,1,2,1,-240.78105877073472,-1288.233683232967,-0.8571428571428571,-348.06470158343507,-220.3790651394994,-0.047619047619047616,-0.6666666666666666,-66.04537287690815,0.5,1.003254411544728,1.0012191653569225
274,train,1,0,0,-120.0,1.8545827419684429,0.0,0.0,0.0,0.0,0.0,0.0,0.5,1,1
274,train,2,0,0,0.0,521.2582892429436,0.0,0.0,0.0,0.0,0.0,0.0,0.5,1,1
275,train,0,2,0,122.04798430364953,-93.32453630471352,0.0,0.0,212.73653633004594,0.0,-0.13333333333333336,42.29097121370507,0.5,1.017066535863746,1.002032767907594
275,train,2,1,1,122.04798430364953,-314.5925377746083,0.0,0.0,9.580737073041448,0.0,0.0,-68.53521654351218,0.5,1.017066535863746,1.002032767907594
276,train,2,0,1,-180.0,2.424612970380167,0.0,0.0,0.0,0.0,0.0,0.0,0.5,1,1
276,train,1,2,0,180.0,148.83326465582013,0.0,0.0,0.0,0.0,0.0,0.0,0.5,1,1
277,train,1,0,0,-120.0,811.4428378144021,0.0,0.0,0.0,0.0,0.0,0.0,0.5,1,1
277,train,2,0,0,120.0,2033.2751176066113,0.0,0.0,0.0,0.0,0.0,0.0,0.5,1,1
278,train,0,2,0,551.3764052766397,-1529.1518964542188,0.6666666666666665,456.05810497973675,0.0,0.0,0.0,0.0,0.5,1.0210674171789624,0.9986471128909702
278,train,2,1,1,-61.26404503073775,-73.7027719368149,1.3333333333333333,-1270.0458819227274,0.0,0.0,0.0,0.0,0.5,1.0210674171789624,0.9986471128909702
279,train,0,2,0,300.0,754.4511964674625,0.0,0.0,0.0,0.0,0.0,0.0,0.5,1,1
279,train,1,2,0,60.0,-54.709932090449456,0.0,0.0,0.0,0.0,0.0,0.0,0.5,1,1
280,train,0,2,0,248.12743854515563,879.4053608733806,0.0,15.640833256087944,-9.993741536230914,0.0,0.5333333333333333,-55.81306909331046,0.5,1.0338643272714818,0.9979713558551195
280,train,2,1,1,62.03185963628891,-820.7774702803191,-0.2,-60.372866769397376,34.067358909453105,0.0,-0.5333333333333333,31.733385039474726,0.5,1.0338643272714818,0.9979713558551195
281,test,1,0,1,-660.0,-1450.8978729704559,0.0,0.0,0.0,0.0,0.0,0.0,0.5,1,1
281,test,2,1,0,900.0,1092.8332706435876,0.0,0.0,0.0,0.0,0.0,0.0,0.5,1,1
282,train,0,1,1,492.2402160385133,765.0011221466236,0.0,0.0,0.0,0.0,-3.0,0.0,0.5,1.025500450080236,1.0065194142839584
282,train,0,2,1,430.7101890336991,-279.39741145500284,0.0,0.0,0.0,0.0,-3.0,0.0,0.5,1.025500450080236,1.0065194142839584
283,test,0,2,0,299.0673286748189,614.1889674440025,0.0,0.0,0.0,0.0,1.0,0.0,0.5,0.9968910955827297,0.9994586253613486
283,test,1,2,0,717.7615888195654,1094.5917752034743,0.0,0.0,0.0,0.0,3.0,0.0,0.5,0.9968910955827297,0.9994586253613486
284,train,1,0,0,118.43447485602753,-344.8368044646968,0.09523809523809523,480.44742410275296,2.127114435831711,-0.2857142857142857,0.19047619047619047,-2.987242804285016,0.5,0.9869539571335628,0.9975661211411934
284,train,2,0,0,177.6517122840413,869.5802846887341,0.0,151.94140690386573,117.93431902178972,0.0,-0.38095238095238093,0.17361085725828307,0.5,0.9869539571335628,0.9975661211411934
285,train,0,1,0,-59.95939965015904,1557.671092475198,0.0,0.0,0.0,3.0,0.0,0.0,0.5,0.9993233275026507,0.9998646288547973
285,train,2,1,0,-419.7157975511133,-1529.9873250548678,0.0,0.0,0.0,1.0,0.0,0.0,0.5,0.9993233275026507,0.9998646288547973
286,train,0,1,0,60.0,0.0,0.0,52.91853045593825,0.0,0.0,0.0,3.4929022261591562,0.5,1,1
286,train,2,1,0,-60.0,0.0,-0.2,272.0132436714256,0.0,0.0,0.29999999999999993,-5.342843589633363,0.5,1,1
287,test,2,0,1,-792.560462415962,487.2444162906041,0.0,-283.1326353272692,0.0,-0.33333333333333337,-2.5,0.0,0.5,1.016103156943541,0.9975661211411933
287,test,2,1,1,-121.93237883322493,239.52974121070116,0.0,-558.7761622613584,0.0,0.16666666666666666,-3.5,0.0,0.5,1.016103156943541,0.9975661211411933
288,train,0,1,0,0.0,1333.714076974414,0.0,509.1645982481317,-53.887972176921835,0.0,0.0,149.9187593455965,0.5,0.962672636077163,0.9959468271073058
288,train,1,2,1,-115.52071632925956,-1409.8569833253246,0.0,-413.7546638170053,16.109149448010086,-0.1,0.0,-76.61160227627168,0.5,0.962672636077163,0.9959468271073058
289,train,1,0,1,296.00602951348725,-119.09123588601669,-0.23809523809523808,50.82472066981842,-5.073740192676135,0.0,0.0,-111.59488702233132,0.5,0.9866867650449576,1.0031185998461076
289,train,2,1,0,-355.20723541618474,987.3200566104338,0.47619047619047616,-45.66354566844777,49.12534125342671,0.2857142857142857,-0.4285714285714286,71.91889065361447,0.5,0.9866867650449576,1.0031185998461076
290,train,1,0,0,-358.8807944097827,-1609.4402614507396,0.0,0.0,0.0,0.0,0.0,0.0,0.5,0.9968910955827297,0.9994586253613486
290,train,0,2,1,0.0,1019.1893060613897,0.0,0.0,0.0,0.0,0.0,0.0,0.5,0.9968910955827297,0.9994586253613486
291,train,2,0,1,-117.97040924237979,-113.89594902294223,-0.13333333333333333,50.92000653126235,0.0,0.0,-0.6666666666666665,-41.90374503746848,0.5,0.9830867436864982,0.9967561452934783
291,train,1,2,0,176.95561386356968,1779.9383745384603,0.13333333333333333,22.910571868531505,0.0,0.2,0.6666666666666665,7.081055954727208,0.5,0.9830867436864982,0.9967561452934783
292,test,0,1,1,-732.7837604390908,-569.4100610408303,0.0,0.0,-390.07680042281856,0.0,0.0,0.0,0.5,1.0177552228320705,1.0023041156519776
292,test,2,0,0,427.4571935894696,427.8180012288689,0.0,0.0,874.776793337588,0.0,0.0,0.0,0.5,1.0177552228320705,1.0023041156519776
293,train,0,1,1,-178.97942908513133,-1455.1139241252338,0.0,0.0,-1.34144301889458,0.0,0.0,0.0,0.5,0.994330161584063,0.999052786729054
293,train,2,0,0,238.6392387801751,542.3833945404537,0.0,0.0,-9.44699645488322,-0.5,0.0,0.0,0.5,0.994330161584063,0.999052786729054
294,train,0,1,1,-239.25386293985514,-698.3312896477888,-2.0,0.0,0.0,0.0,0.0,0.0,0.5,0.9968910955827297,0.9994586253613486
294,train,0,2,1,-299.0673286748189,-762.3771552825019,-2.0,0.0,0.0,0.0,0.0,0.0,0.5,0.9968910955827297,0.9994586253613486
295,train,2,0,1,-249.20470051657225,-1400.4787810524763,0.19047619047619047,-115.35616821090986,-35.006147397692956,-0.14285714285714285,0.0,60.73656397570892,0.5,1.038352918819051,1.0033902416308227
295,train,1,2,0,-124.60235025828612,804.1769362124728,-0.19047619047619047,347.99607054647333,41.77275113037165,0.0,0.857142857142857,-1.451929141316029,0.5,1.038352918819051,1.0033902416308227
296,train,0,1,0,-120.0,-260.7941843829367,0.0,0.0,0.0,0.0,0.0,0.0,0.5,1,1
296,train,1,2,1,120.0,36.84322406162664,0.0,0.0,0.0,0.0,0.0,0.0,0.5,1,1
297,train,2,0,1,118.22622012314447,-540.6451231136076,-0.6,0.0,-75.4706992979653,-0.2,0.0,0.0,0.5,0.9852185010262039,0.9974310794729591
297,train,2,1,1,118.22622012314447,-20.673643318030777,0.0,0.0,-93.35360383272317,0.0,-0.8000000000000002,0.0,0.5,0.9852185010262039,0.9974310794729591
298,test,0,2,0,-187.84208719424564,382.97497444927546,-0.19047619047619047,408.74806904414515,-14.99366186595985,0.0,-0.09523809523809523,104.29948008764765,0.5,1.0435671510791424,1.004069667960554
298,test,2,1,1,-62.61402906474855,-75.95176129387983,0.0,-126.0826901819093,-3.3550661943797166,0.0,0.047619047619047616,22.37498204377109,0.5,1.0435671510791424,1.004069667960554
299,train,0,1,0,-120.0,657.5550179610882,0.0,297.5665166788191,0.0,0.0,0.4000000000000001,11.89417167133221,0.5,1,1
299,train,1,2,1,-60.0,-449.639771695277,0.0,-214.37570089789085,0.0,0.0,0.0,-21.248748101023146,0.5,1,1
300,train,1,0,0,179.44039720489135,458.8790629244385,0.0,0.0,0.0,0.0,0.0,0.0,0.5,0.9968910955827297,0.9994586253613486
300,train,2,0,0,239.25386293985514,1093.0043411549202,4.0,0.0,0.0,0.0,0.0,0.0,0.5,0.9968910955827297,0.9994586253613486
301,train,0,1,0,60.21156540641287,-415.29038409333026,0.047619047619047616,-4.125875970813439,17.382863478186295,0.09523809523809523,0.0,40.40435889718421,0.5,1.0035260901068812,1.0008126118424647
301,train,1,2,1,-120.42313081282575,383.08452638558975,-0.047619047619047616,-29.748522746551743,1.2254935394932573,0.0,0.47619047619047616,-36.308736327622974,0.5,1.0035260901068812,1.0008126118424647
302,test,0,1,0,540.0,22.28603251460936,0.0,324.3370567513857,-71.2891760662026,0.0,0.0,64.3885669365237,0.5,1,1
302,test,2,1,0,120.0,-151.3639687228465,0.0,214.5508902371913,5.952606933375776,0.0,0.0,81.20419210549872,0.5,1,1
303,train,0,1,0,179.44039720489135,121.40568248285646,0.0,0.0,0.0,0.0,0.0,0.0,0.5,0.9968910955827297,0.9994586253613486
303,train,1,2,1,-239.25386293985514,-1004.2675161325901,0.0,0.0,0.0,0.0,0.0,0.0,0.5,0.9968910955827297,0.9994586253613486
304,train,0,1,0,117.33330102059921,172.76997419686103,-0.06666666666666667,0.0,-2.3126288115440445,0.0,0.0,46.77329544194813,0.5,0.9777775085049933,1.003797842238849
304,train,2,1,0,175.9999515308988,110.11872607320707,0.06666666666666667,0.0,247.29771777415473,0.26666666666666666,0.6000000000000001,15.480290044481826,0.5,0.9777775085049933,1.003797842238849
305,train,1,0,0,727.4462516854182,1712.5831665294952,0.0,-88.8822391477724,147.03639443559007,0.3333333333333333,3.0,4.678145058921018,0.5,1.0103420162297476,0.9970260641428296
305,train,0,2,1,60.620520973784856,-480.98773318309577,0.0,85.40603627916727,-140.63885439817886,0.0,-1.6666666666666665,94.54808873966044,0.5,1.0103420162297476,0.9970260641428296
306,train,1,0,0,244.89035734555625,438.5593284711126,0.0,0.0,0.0,0.0,0.0,0.0,0.5,1.0203764889398177,1.0046135402528928
306,train,2,0,0,489.7807146911125,190.18957831400797,2.0,0.0,0.0,0.3333333333333333,0.0,0.0,0.5,1.0203764889398177,1.0046135402528928
307,validation,0,2,0,-547.5084695375804,-633.9350052025974,0.47619047619047616,24.360039976456036,19.16192051146173,0.0,0.047619047619047616,111.70420298440241,0.5,1.0139045732177414,0.9995939415379522
307,validation,1,2,0,-669.1770183237094,-1320.6830677827584,0.47619047619047616,34.60851797939898,-87.79257705296492,0.19047619047619047,0.047619047619047616,0.0,0.5,1.0139045732177414,0.9995939415379522
308,train,2,0,1,0.0,-1380.718256906827,0.0,-578.5506964286093,0.0,-0.6666666666666665,0.0,0.0,0.5,0.9971610509762517,0.9994586253613486
308,train,1,2,0,1555.5712395229527,5127.032966166569,0.0,701.8320855622195,0.0,-0.6666666666666667,0.0,0.0,0.5,0.9971610509762517,0.9994586253613486
309,train,2,0,1,-182.13258989552693,-1515.7948537052614,0.0,0.0,-309.71014921749526,-0.3333333333333333,0.0,0.0,0.5,1.0118477216418162,0.9987823191973281
309,train,2,1,1,-303.5543164925449,-698.3670255281511,0.0,0.0,-11.514123199255181,0.0,0.0,0.0,0.5,1.0118477216418162,0.9987823191973281
310,train,1,0,0,239.31865223430043,429.2638870030111,0.0,262.77885203062624,0.0,0.0,0.0,0.0,0.5,0.9971610509762517,0.9994586253613486
310,train,2,0,0,299.1483152928755,635.6631377072741,0.0,147.3257875928823,0.0,0.0,0.0,0.0,0.5,0.9971610509762517,0.9994586253613486
311,train,1,0,0,-59.113110061572236,-690.7918097590689,0.0,0.0,20.435578276446407,0.3,-0.4,-14.933353563591782,0.5,0.9852185010262039,0.9974310794729591
311,train,0,2,1,0.0,65.78993667434602,0.0,0.0,-0.7857694102103139,0.0,-0.8,-32.160452546189376,0.5,0.9852185010262039,0.9974310794729591
312,train,0,2,0,180.0,-123.69967537188768,0.0,0.0,0.0,0.0,0.0,0.0,0.5,1,1
312,train,1,2,0,-120.0,-922.4318479410576,0.0,0.0,0.0,0.0,0.0,0.0,0.5,1,1
313,train,2,0,1,0.0,0.0,0.0,0.0,0.0,0.0,0.0,0.0,0.5,1,1
313,train,1,2,0,-60.0,0.0,0.0,0.0,0.0,0.0,0.0,0.0,0.5,1,1
314,train,1,0,0,416.7150493690107,42.303308711113054,0.0,603.2329147111816,0.0,0.0,0.666666666666667,0.0,0.5,0.9921786889738351,1.0021684325960005
314,train,0,2,1,0.0,71.63678132418522,0.0,-392.36914439868025,0.0,0.0,-0.666666666666667,0.0,0.5,0.9921786889738351,1.0021684325960005
315,train,0,1,1,-480.0,-1827.499589006884,0.0,-154.83174308918603,144.24364947419795,-0.16666666666666666,0.0,0.0,0.5,1,1
315,train,2,0,0,-420.0,-1005.4543615599614,0.0,710.8744168892862,160.54209248918443,-0.16666666666666666,0.0,0.0,0.5,1,1
316,test,1,0,0,-239.2862553942791,-1652.0544500797296,0.0,0.0,0.0,0.6666666666666666,0.0,-152.10472052650655,0.5,0.9970260641428296,0.9994586253613486
316,test,2,0,0,59.821563848569774,485.4965007531317,0.0,0.0,0.0,0.6666666666666666,0.0,10.601679752175329,0.5,0.9970260641428296,0.9994586253613486
317,train,1,0,0,176.64445578107623,1669.5311446893281,0.0,-43.773258858789404,99.40615691861123,0.047619047619047616,1.1428571428571428,12.176366686907222,0.5,0.9813580876726458,1.0002707972763707
317,train,2,0,0,176.64445578107623,425.40202127819816,0.23809523809523808,-101.52987640604363,5.406154562619683,0.0,-0.2857142857142857,82.11111613765888,0.5,0.9813580876726458,1.0002707972763707
318,train,0,2,0,0.0,539.7048160502777,0.0,531.6378128888897,0.0,0.0,0.6666666666666666,0.0,0.5,1,1
318,train,1,2,0,60.0,-1.7150480211375907,0.0,347.5550591046085,0.0,0.0,0.0,0.0,0.5,1,1
319,train,2,0,1,-60.0,-1638.7103860246789,0.0,-1931.7928670443025,0.0,0.0,0.0,0.0,0.5,1,1
319,train,2,1,1,-660.0,-2011.4639531535386,0.0,-171.0633468448391,0.0,0.0,0.0,0.0,0.5,1,1
320,validation,0,1,0,733.1806858679687,2403.615003757524,-0.3333333333333333,0.0,328.5699530325958,0.0,0.0,-104.75934604712569,0.5,1.0183065081499565,1.0005416678839063
320,validation,1,2,1,305.49195244498696,-635.9909235736064,0.16666666666666666,0.0,-542.6607891709733,0.0,0.0,113.8988329371829,0.5,1.0183065081499565,1.0005416678839063
321,train,1,0,1,299.79699825079524,502.68361455410616,0.0,0.0,0.0,-2.0,0.0,0.0,0.5,0.9993233275026507,0.9998646288547973
321,train,1,2,1,119.91879930031808,-157.7664445360821,0.0,0.0,0.0,0.0,0.0,0.0,0.5,0.9993233275026507,0.9998646288547973
322,train,0,1,1,-363.82162107454036,-1015.948428323614,0.0,12.079688836801324,0.9536466974590354,0.0,0.0,-47.21847020984284,0.5,1.0106156140959455,0.9970260641428296
322,train,2,0,0,-60.63693684575673,78.68441542499893,0.0,-97.61786244252727,-12.039486863293455,0.0,0.0,24.46919056158447,0.5,1.0106156140959455,0.9970260641428296
323,validation,0,1,0,300.0,1058.0244773933591,0.5,976.4772347233329,422.1285722369492,0.0,0.0,0.0,0.5,1,1
323,validation,1,2,1,-600.0,-1506.5050112945191,-0.6666666666666666,-1356.4144744153677,-146.07057542532033,0.0,0.0,0.0,0.5,1,1
324,validation,1,0,0,-60.489353887105054,-1103.5116253032963,0.0,-364.662088910243,356.78418488621355,0.0,0.4999999999999999,0.0,0.5,1.0081558981184175,0.9983767551848742
324,validation,0,2,1,60.489353887105054,718.8507721390149,0.0,-404.45264055937787,-152.48502409338633,0.0,-0.16666666666666663,0.0,0.5,1.0081558981184175,0.9983767551848742
325,train,0,2,0,119.06144267686021,829.618069657702,0.0,0.0,0.0,0.0,2.6666666666666665,-3.4988001695580664,0.5,0.9921786889738351,1.0054299011128027
325,train,1,2,0,59.530721338430105,1341.824135028819,0.0,0.0,0.0,0.0,3.3333333333333335,-68.82993270386982,0.5,0.9921786889738351,1.0054299011128027
326,train,1,0,0,-60.0,844.3742162127382,0.0,0.0,0.0,0.0,0.0,0.0,0.5,1,1
326,train,0,2,1,120.0,832.0745492191663,0.0,0.0,0.0,0.0,0.0,0.0,0.5,1,1
327,train,0,2,0,299.7564143878137,-221.24006999254033,0.0,229.92270709919023,0.0,0.0,0.0,-40.616559464502046,0.5,0.999188047959379,1.002032767907594
327,train,2,1,1,-359.70769726537645,-1652.6932832827517,0.0,-373.55035603333397,0.0,0.0,0.0,-182.6778909153083,0.5,0.999188047959379,1.002032767907594
328,train,0,1,0,-480.0,-57.08251151864897,0.0,447.1281870070161,0.0,0.0,0.0,0.0,0.5,1,1
328,train,2,1,0,420.0,407.5878382119681,-0.3333333333333333,162.45400780531463,0.0,0.0,0.0,0.0,0.5,1,1
329,train,1,0,0,-187.23275475561775,-153.54583927646829,-0.06666666666666667,0.0,76.67838271229154,0.0,0.33333333333333326,64.47581318348094,0.5,1.040181970864543,0.9974310794729591
329,train,2,0,0,-124.82183650374516,-36.79963895143961,-0.06666666666666667,0.0,54.41356817815135,0.0,1.333333333333333,-11.335107914914254,0.5,1.040181970864543,0.9974310794729591
330,train,0,2,0,-59.5629672182849,-121.51671856168043,0.0,306.5469274930563,0.0,0.0,0.0,0.0,0.5,0.9927161203047484,0.9986471128909702
330,train,1,2,0,0.0,-578.460125285249,0.0,77.79207811763536,0.0,0.0,0.0,0.0,0.5,0.9927161203047484,0.9986471128909702
331,validation,0,1,0,239.2862553942791,768.0792452448212,0.0,0.0,0.0,0.6666666666666666,0.0,71.42215946663406,0.5,0.9970260641428296,0.9994586253613486
331,validation,1,2,1,0.0,71.25994808584879,0.0,0.0,0.0,0.0,0.0,-86.50757248425326,0.5,0.9970260641428296,0.9994586253613486
332,train,0,2,0,-179.44039720489135,-50.81803452475254,1.0,0.0,0.0,0.0,0.0,0.0,0.5,0.9968910955827297,1.0051577071433853
332,train,2,1,1,-59.813465734963785,-1238.948377026474,-2.0,0.0,0.0,0.0,0.0,0.0,0.5,0.9968910955827297,1.0051577071433853
333,test,2,0,1,-180.0,539.8158117197509,0.0,0.0,0.0,0.0,0.0,0.0,0.5,1,1
333,test,1,2,0,480.0,-303.1210046663573,0.0,0.0,0.0,0.0,0.0,0.0,0.5,1,1
334,validation,1,0,0,178.56798778952333,1077.2692778607086,0.0,0.0,4.741273204088202,0.0,3.3333333333333335,0.0,0.5,0.992044376608463,0.9987823191973281
334,validation,0,2,1,-535.70396336857,-892.7332542611539,0.0,0.0,-299.1568414999981,0.0,-2.0,0.0,0.5,0.992044376608463,0.9987823191973281
335,train,0,1,0,0.0,73.68704108687515,-0.47619047619047616,13.097642894454935,447.4451992691635,-0.19047619047619047,0.0,5.1178742694927895,0.5,1.0035260901068812,0.997836259329798
335,train,2,1,0,301.0578270320644,474.6971445482055,-0.23809523809523808,15.31577575329473,102.60798690986819,0.38095238095238093,-0.09523809523809523,-1.9656481465950097,0.5,1.0035260901068812,0.997836259329798
336,train,0,1,0,299.0673286748189,700.4782566862646,0.0,0.0,0.0,0.0,0.0,0.0,0.5,0.9968910955827297,0.9994586253613486
336,train,2,1,0,119.62693146992757,1750.832516092807,0.0,0.0,0.0,0.0,3.0,0.0,0.5,0.9968910955827297,0.9994586253613486
337,train,1,0,1,-120.0,-288.58104138682575,0.0,0.0,0.0,0.0,0.0,0.0,0.5,1,1
337,train,1,2,1,60.0,240.25859856291754,0.0,0.0,0.0,0.0,0.0,0.0,0.5,1,1
338,train,1,0,1,-117.74702881253563,-201.39215712571453,0.0,0.0,16.28085079492331,0.0,-1.0,-20.852933476507985,0.5,0.9812252401044637,1.0012191653569225
338,train,1,2,1,176.62054321880345,-742.7139850405619,0.0,0.0,-539.2669581215374,0.0,-0.3333333333333335,-66.21834607921159,0.5,0.9812252401044637,1.0012191653569225
339,train,1,0,1,-957.0154517594206,-1889.2821781040132,0.0,0.0,0.0,0.0,-1.0,0.0,0.5,0.9968910955827297,0.9994586253613486
339,train,1,2,1,239.25386293985514,536.7126004093187,0.0,0.0,0.0,0.0,1.0,0.0,0.5,0.9968910955827297,0.9994586253613486
340,train,2,0,1,0.0,-0.5846353319240905,0.3,0.0,-4.8755911369700655,0.0,0.0,-85.74935844972813,0.5,0.9902999695267422,0.9971610509762517
340,train,2,1,1,-59.41799817160453,0.0,0.0,0.0,-9.247380987798905,-0.6000000000000001,0.0,0.0,0.5,0.9902999695267422,0.9971610509762517
341,test,0,2,0,-362.2488931285975,-2616.4929523037918,0.6,0.0,500.66811459062126,0.0,-1.4999999999999998,-43.84654022129171,0.5,1.0062469253572153,0.9981064706710885
341,test,1,2,0,482.9985241714633,-2315.1959264777943,0.0,0.0,218.3491120292814,0.0,-0.8999999999999999,-56.00828889202938,0.5,1.0062469253572153,0.9981064706710885
342,validation,1,0,0,-235.90887890596125,-579.7429114665847,0.13333333333333333,107.80929995502584,-22.039029977430847,0.0,1.3333333333333335,0.0,0.5,0.9829536621081718,0.9966212132726022
342,validation,2,0,0,0.0,1020.5394771595951,0.06666666666666667,-13.377399941247432,177.60395759482543,0.0,2.3333333333333335,0.0,0.5,0.9829536621081718,0.9966212132726022
343,train,0,2,0,-180.0,1381.7346377559425,0.0,476.72901622213817,0.0,0.0,0.6666666666666665,13.030661743933308,0.5,1,1
343,train,2,1,1,180.0,-217.6419436912047,0.0,-74.16679049562447,0.0,0.0,-0.33333333333333304,19.73990936199285,0.5,1,1
344,train,0,1,0,-299.0673286748189,-2750.280036132595,2.0,0.0,0.0,0.0,0.0,0.0,0.5,0.9968910955827297,1.00502163779346
344,train,2,1,0,358.8807944097827,910.8008106155689,4.0,0.0,0.0,0.0,0.0,0.0,0.5,0.9968910955827297,1.00502163779346
345,train,0,1,1,-60.0,74.92552692682693,0.0,217.9005538666056,-21.47810370211065,0.0,-0.6000000000000001,0.0,0.5,1,1
345,train,2,0,0,180.0,353.20247276540067,-0.13333333333333333,-93.2400443514274,62.02874848186691,0.0,1.4000000000000001,0.0,0.5,1,1
346,train,0,2,0,538.321191614674,1320.218486557098,3.0,0.0,0.0,0.0,0.0,0.0,0.5,0.9968910955827297,0.9994586253613486
346,train,2,1,1,-1375.709711904167,-1722.417934790169,-2.0,0.0,0.0,0.0,0.0,0.0,0.5,0.9968910955827297,0.9994586253613486
347,test,0,1,0,-530.0768718557632,354.9220551840535,0.0,0.0,0.0,0.0,0.0,260.3850214678573,0.5,0.9816238367699319,0.9986471128909702
347,test,2,1,0,-647.871732268155,-776.5210851485946,0.0,0.0,0.0,0.0,0.0,135.40425438413078,0.5,0.9816238367699319,0.9986471128909702
348,train,0,1,0,178.5921640152903,-1104.633979255509,0.0,0.0,0.0,0.6666666666666666,1.3333333333333335,0.0,0.5,0.9921786889738351,1.0025755368765914
348,train,2,1,0,119.06144267686021,-912.9785273071767,0.0,0.0,0.0,0.6666666666666666,-2.6666666666666665,0.0,0.5,0.9921786889738351,1.0025755368765914
349,train,0,2,0,-59.813465734963785,761.3253266202452,2.0,0.0,0.0,0.0,0.0,0.0,0.5,0.9968910955827297,0.9994586253613486
349,train,1,2,0,-59.813465734963785,1858.3515548110627,2.0,0.0,0.0,0.0,0.0,0.0,0.5,0.9968910955827297,0.9994586253613486
350,train,0,1,1,-420.0,-2065.3473945089218,0.0,-2647.3261383745225,0.0,0.0,0.6666666666666665,0.0,0.5,1,1
350,train,0,2,1,-180.0,-2545.1711918714636,0.0,-1193.6548979035729,0.0,0.0,0.6666666666666665,0.0,0.5,1,1
351,train,0,1,0,-243.0736958245388,-141.38598269947636,0.0,73.04537037052361,0.0,0.8,0.0,-44.966466574057094,0.5,1.0128070659355783,1.0042056084237854
351,train,1,2,1,-789.9895114297511,-1030.0941716795135,0.0,-50.1825356882419,0.0,-0.4,-2.0,-87.89004157478962,0.5,1.0128070659355783,1.0042056084237854
352,test,0,1,1,-300.0,11.869702499859159,0.0,0.0,0.0,0.0,0.0,0.0,0.5,1,1
352,test,0,2,1,-960.0,-1013.1688444613719,0.0,0.0,0.0,0.0,0.0,0.0,0.5,1,1
353,train,0,1,1,-314.089004418994,-647.1886958991438,-0.5,-126.3364208991122,0.0,-0.6666666666666666,0.0,0.0,0.5,1.0469633480633134,0.9983767551848742
353,train,2,0,0,-188.4534026513964,504.1942622395367,-0.5,236.24028839922065,0.0,0.6666666666666666,0.0,0.0,0.5,1.0469633480633134,0.9983767551848742
354,train,0,1,0,355.3034245680826,2741.1000635793775,-0.4761904761904761,122.17567097288054,37.59593586374827,0.2857142857142857,-0.19047619047619047,0.7332368198737136,0.5,0.9869539571335628,0.9975661211411933
354,train,1,2,1,177.6517122840413,-375.1670698864314,0.0,-441.1980359819695,-75.04077724102507,0.2857142857142857,0.2857142857142857,5.622634453767848,0.5,0.9869539571335628,0.9975661211411933
355,test,2,0,1,60.0,552.9954335120938,0.0,0.0,0.0,0.0,0.0,0.0,0.5,1,1
355,test,1,2,0,60.0,311.40920867041314,0.0,0.0,0.0,0.0,0.0,0.0,0.5,1,1
356,test,1,0,1,-122.37888995841953,377.9210106872331,-0.1,0.0,19.063265806740645,0.0,0.0,-12.290793966783209,0.5,1.0198240829868295,0.9985119248876447
356,test,2,1,0,61.18944497920977,-448.67626458481925,-0.1,0.0,-43.640265188728755,0.0,0.0,45.465016434553505,0.5,1.0198240829868295,0.9985119248876447
357,train,1,0,1,243.600784749795,338.85961324490466,-0.4,-76.14137369870566,-28.944775160027426,0.0,0.0,42.2457461449671,0.5,1.0150032697908125,1.0035260901068812
357,train,2,1,0,365.4011771246925,695.843617854169,0.2,147.45363274446714,-1.456482122764129,0.0,0.0,51.31555267831098,0.5,1.0150032697908125,1.0035260901068812
358,train,1,0,0,300.0,780.689552486785,0.0,269.2971325873543,0.0,0.0,-0.33333333333333326,0.0,0.5,1,1
358,train,2,0,0,300.0,254.65166134113224,0.0,-123.54821297332103,0.0,0.0,1.0,0.0,0.5,1,1
359,validation,1,0,0,299.10781924284885,460.11633073565037,0.0,0.0,0.0,0.6666666666666666,0.0,75.28781005107328,0.5,0.9970260641428296,0.9994586253613486
359,validation,0,2,1,-179.46469154570931,909.6541214517526,0.0,0.0,0.0,0.0,0.0,-87.56936318889527,0.5,0.9970260641428296,0.9994586253613486
360,train,0,1,0,120.0,-56.11987680463699,0.0,0.0,0.0,0.0,0.0,0.0,0.5,1,1
360,train,2,1,0,300.0,1057.0070104759507,0.0,0.0,0.0,0.0,0.0,0.0,0.5,1,1
361,train,1,0,0,471.05188208286995,1613.5202170289353,0.7142857142857142,6.300263565049619,270.8457200708653,-0.5714285714285714,-0.5714285714285714,94.57372023894752,0.5,0.9813580876726458,0.9966212132726022
361,train,2,0,0,117.76297052071749,1577.5543356828955,-0.4761904761904761,189.30820666744359,57.39931148884282,-0.19047619047619047,0.5714285714285712,40.962211805809225,0.5,0.9813580876726458,0.9966212132726022
362,train,1,0,0,364.6105437368082,496.95233459860896,0.0,156.07629514759446,-53.952442613107415,0.0,0.8,0.0,0.5,1.0128070659355783,0.9971610509762517
362,train,2,0,0,303.8421197806735,584.8362066868214,0.0,-31.784142113950907,-47.23640440018835,0.0,0.0,0.0,0.5,1.0128070659355783,0.9971610509762517
363,train,0,2,0,238.57463341923403,-235.81788209130775,0.0,0.0,0.0,1.0,-0.49999999999999994,167.80609372354309,0.5,0.9940609725801418,0.9989175438091965
363,train,1,2,0,357.86195012885105,869.0085535527239,0.0,0.0,0.0,-0.5,0.33333333333333326,111.4822939521475,0.5,0.9940609725801418,0.9989175438091965
364,train,0,1,0,-120.0,-657.0063317910553,0.0,0.0,0.0,0.0,0.0,0.0,0.5,1,1
364,train,2,1,0,420.0,-175.39933972737708,0.0,0.0,0.0,0.0,0.0,0.0,0.5,1,1
365,train,1,0,0,182.8490532242373,117.93276161429677,0.0,-103.31942178405865,31.20045453315284,0.0,0.0,30.09165146536398,0.5,1.015828073467985,0.9998646288547973
365,train,2,0,0,60.9496844080791,34.43518167820434,0.2666666666666667,-176.8259662771777,-3.7325526112435554,0.26666666666666666,0.0,77.09803565552191,0.5,1.015828073467985,0.9998646288547973
366,train,0,2,0,710.6068491361652,891.7623518484648,0.23809523809523808,110.39113001957793,-68.68548173188351,0.8571428571428571,-0.7619047619047616,22.599471574712744,0.5,0.9869539571335628,1.003254411544728
366,train,2,1,1,59.21723742801377,-905.4738623044199,-0.47619047619047616,-72.51287552831349,50.947244364227544,-1.4285714285714284,1.333333333333333,3.8499004210643974,0.5,0.9869539571335628,1.003254411544728
367,train,1,0,1,175.80943929378307,1329.7546499052448,0.0,81.33286135684304,-85.17706674056764,-0.14285714285714285,0.09523809523809523,-108.80015014939804,0.5,0.9767191071876837,1.0006771306930664
367,train,1,2,1,175.80943929378307,-780.0150309989453,0.0,-56.396149866176955,-42.192137091448714,0.0,0.2857142857142857,-80.26819735539293,0.5,0.9767191071876837,1.0006771306930664
368,train,2,0,1,-1281.50383518832,-2917.0449688297604,0.0,239.45553509243854,-28.281939821150033,0.3333333333333333,-0.3333333333333333,-122.22604397935268,0.5,1.017066535863746,0.997836259329798
368,train,1,2,0,183.0719764554743,541.3133626997643,0.0,119.05009093305227,296.3439177319425,0.0,0.2,-72.58450697647021,0.5,1.017066535863746,0.997836259329798
369,train,0,2,0,-60.70264479941801,510.22744018339847,0.0,347.68709963833896,278.32515297539464,0.0,0.0,0.0,0.5,1.0117107466569668,1.001625884022936
369,train,2,1,1,182.10793439825403,445.9450297590791,0.0,-147.86858937744387,-251.296525068076,0.0,0.0,0.0,0.5,1.0117107466569668,1.001625884022936
370,train,0,2,0,-241.1725408472156,-691.4507067379517,0.8571428571428571,286.59487021146407,-28.947915081295918,0.5714285714285714,0.0,-44.87846193877626,0.5,1.0048855868633984,0.9962165267954964
370,train,2,1,1,0.0,542.878594625434,-0.5714285714285714,-71.46306257846055,69.9132058470949,0.0,-0.09523809523809523,-15.083805875900268,0.5,1.0048855868633984,0.9962165267954964
371,train,0,1,0,-178.39884582172294,-1086.2678442100078,0.0,61.35743223658859,0.0,0.4,0.0,0.0,0.5,0.991104699009572,0.9982416037801811
371,train,1,2,1,-59.46628194057432,-27.45019893142413,0.0,19.497261741422264,0.0,-0.4,-0.3999999999999999,-171.95635809017628,0.5,0.991104699009572,0.9982416037801811
372,validation,0,2,0,180.0,-713.9544432104203,0.0,0.0,0.0,0.0,0.0,0.0,0.5,1,1
372,validation,1,2,0,420.0,-374.55064908140776,0.0,0.0,0.0,0.0,0.0,0.0,0.5,1,1
373,train,0,1,0,0.0,764.9123219060585,2.666666666666667,0.0,0.0,0.3333333333333333,0.0,0.0,0.5,1.0203764889398177,0.9989175438091965
373,train,1,2,1,-367.3355360183344,-241.77862483982796,1.3333333333333333,0.0,0.0,-0.6666666666666666,0.0,0.0,0.5,1.0203764889398177,0.9989175438091965
374,test,0,2,0,60.0,613.8547963136161,0.0,114.80776293844633,3.6484507818191503,0.8,0.0,0.0,0.5,1,1
374,test,1,2,0,120.0,922.1668553520935,-0.13333333333333333,-173.23901206851517,51.04209867849778,0.0,0.06666666666666665,0.0,0.5,1,1
375,validation,0,1,0,-172.7189758648412,1256.9478401740428,0.19047619047619047,109.13518314999305,103.04311575513374,-0.09523809523809523,1.1428571428571428,210.21282031967064,0.5,0.9595498659157845,1.0017614936235477
375,validation,1,2,1,-690.8759034593648,-966.7288163821127,-0.2857142857142857,-14.659248111093234,-68.9518680978842,-0.047619047619047616,-0.857142857142857,-2.5429903940199807,0.5,0.9595498659157845,1.0017614936235477
376,train,1,0,0,180.0,-581.769438378793,0.0,0.0,0.0,0.0,0.0,0.0,0.5,1,1
376,train,0,2,1,-600.0,-1684.2761518142315,0.0,0.0,0.0,0.0,0.0,0.0,0.5,1,1
377,validation,2,0,1,360.0,1265.7071271478198,0.0,0.0,0.0,0.0,0.0,0.0,0.5,1,1
377,validation,2,1,1,180.0,779.6612111473555,0.0,0.0,0.0,0.0,0.0,0.0,0.5,1,1
378,train,1,0,0,-120.0,162.03441186567125,0.0,0.0,0.0,0.0,0.0,0.0,0.5,1,1
378,train,2,0,0,-180.0,-97.94835235557684,0.0,0.0,0.0,0.0,0.0,0.0,0.5,1,1
379,test,0,1,0,59.64365835480851,1665.8060262995862,0.6666666666666667,-263.0091073533274,0.0,0.0,0.0,19.077149169337765,0.5,0.9940609725801418,0.997836259329798
379,test,2,1,0,477.14926683846807,1856.6093030866377,0.3333333333333333,93.24022823009523,0.0,0.0,0.0,164.1679002217655,0.5,0.9940609725801418,0.997836259329798
380,validation,1,0,0,300.0,420.239380514186,0.0,102.47990947182814,0.0,0.0,0.0,0.0,0.5,1,1
380,validation,2,0,0,480.0,270.66868427706913,0.0,123.8917880179282,0.0,0.0,0.0,0.0,0.5,1,1
381,train,0,1,0,247.82529852662302,741.4755007517731,-0.23809523809523808,180.59777915884777,175.58928913116642,0.09523809523809523,-0.1428571428571429,30.561749207243846,0.5,1.032605410527596,0.997836259329798
381,train,2,1,0,-123.91264926331151,391.4930623879528,-0.23809523809523808,-21.902204675198433,0.31789108334695015,-0.09523809523809523,0.4285714285714285,8.81816173480212,0.5,1.032605410527596,0.997836259329798
382,test,0,1,0,-646.1199234402927,-2910.4713153282537,0.0,158.0269247414634,914.8877248678284,0.0,-0.8,258.5077805329721,0.5,0.9789695809701404,1.0009481113345846
382,test,2,1,0,-117.47634971641685,-3291.640344453859,0.0,62.0399375652994,192.82796323416022,0.0,-0.9,41.07589150019435,0.5,0.9789695809701404,1.0009481113345846
383,train,0,1,1,-117.49225477749852,-872.4395746029733,-1.5,-98.43878312960385,-280.0359055561115,-0.2,0.0,0.0,0.5,0.979102123145821,1.0010836291719092
383,train,2,0,0,411.2228917212448,874.0898486456236,0.6,-38.4585165357654,553.7276335859177,0.2,0.0,0.0,0.5,0.979102123145821,1.0010836291719092
384,validation,0,1,1,-1034.322682128085,-1385.3152116923263,0.0,-85.80592473414401,-181.36095415114403,-0.23809523809523808,-0.8571428571428572,19.31516599726644,0.5,1.0140418452236128,1.0029828065324722
384,validation,2,0,0,182.52753214025032,183.40488741002903,0.7619047619047619,-24.784547766488927,16.84149611251192,0.0,0.2857142857142857,-10.610018165072319,0.5,1.0140418452236128,1.0029828065324722
385,validation,0,1,0,480.0,1558.4038766669437,0.0,0.0,0.0,0.0,0.0,0.0,0.5,1,1
385,validation,2,1,0,420.0,241.3196399325875,0.0,0.0,0.0,0.0,0.0,0.0,0.5,1,1
386,train,1,0,0,-60.710863298508976,158.151691015924,0.0,0.0,449.47511445796897,0.0,1.0,0.0,0.5,1.0118477216418162,1.0017614936235477
386,train,0,2,1,-546.3977696865808,-606.0690663534214,0.0,0.0,-711.4188400510219,0.0,-0.6666666666666665,0.0,0.5,1.0118477216418162,1.0017614936235477
387,train,1,0,1,-420.0,-424.81017410174627,-0.14285714285714285,71.48290912796045,51.22365067804616,0.0,0.0,38.752041788859835,0.5,1,1
387,train,2,1,0,60.0,577.7907009584851,0.0,9.024701627893364,-29.1729472002896,0.19047619047619047,-0.38095238095238093,-48.475420214139106,0.5,1,1
388,train,0,1,0,0.0,310.37489038027707,0.0,234.19692599849603,0.0,0.0,0.0,177.71953504581225,0.5,1,1
388,train,2,1,0,-60.0,387.0103660440732,0.0,1121.0057872744044,0.0,0.0,0.0,0.0,0.5,1,1
389,train,1,0,0,304.78968176866243,2113.120048163226,0.0,147.00634875857878,79.41675457439501,0.0,3.5,0.0,0.5,1.0159656058955415,1.0048855868633984
389,train,2,0,0,-60.95793635373249,458.9378328067172,0.0,-37.516539629073975,43.32782119573565,0.0,0.5,0.0,0.5,1.0159656058955415,1.0048855868633984
390,train,0,2,0,-60.7684239561347,304.9879511505338,0.30000000000000004,0.0,0.0,0.3,1.2000000000000002,-17.20112514612393,0.5,1.0128070659355783,0.9975661211411934
390,train,1,2,0,60.7684239561347,865.1047996100824,0.0,0.0,0.0,0.3,1.6,-52.90751344844511,0.5,1.0128070659355783,0.9975661211411934
391,train,0,2,0,180.0,-266.10625289800555,0.0,0.0,0.0,0.0,0.0,0.0,0.5,1,1
391,train,1,2,0,-60.0,-625.1557727492864,0.0,0.0,0.0,0.0,0.0,0.0,0.5,1,1
392,validation,1,0,1,180.0,1242.2818143754266,0.0,0.0,0.0,0.0,0.0,0.0,0.5,1,1
392,validation,2,1,0,-300.0,-1210.250342048917,0.0,0.0,0.0,0.0,0.0,0.0,0.5,1,1
393,train,1,0,0,-177.19533915369087,-60.69799578207903,0.0,0.0,-77.27303744346676,0.0,0.0,0.0,0.5,0.9844185508538381,0.9986471128909702
393,train,2,0,0,236.26045220492114,1014.3829042479397,0.0,0.0,296.46378643728013,0.6666666666666666,0.0,0.0,0.5,0.9844185508538381,0.9986471128909702
394,train,1,0,1,187.71497961999663,276.6743247472132,0.0,211.45357359513906,0.0,0.0,-0.8000000000000002,0.0,0.5,1.04286099788887,0.9974310794729591
394,train,2,1,0,250.28663949332883,15.595150230518083,-0.30000000000000004,-218.78531004234378,0.0,0.0,0.8000000000000002,0.0,0.5,1.04286099788887,0.9974310794729591
395,train,1,0,1,0.0,-840.0333927479865,0.0,-87.67245789539984,-118.39531934362056,0.0,-0.5333333333333333,35.80091274021396,0.5,1.016928854402039,0.9979713558551195
395,train,1,2,1,-183.047193792367,-451.1995507779045,0.0,24.815010624965634,-20.40286834966309,-0.3333333333333333,0.26666666666666666,16.66724453141742,0.5,1.016928854402039,0.9979713558551195
396,validation,0,1,1,180.0,722.9567345374207,0.0,-3552.613553062529,0.0,0.0,0.0,0.0,0.5,1,1
396,validation,0,2,1,120.0,730.3013880400304,0.0,-2269.427543943272,0.0,0.0,0.0,0.0,0.5,1,1
397,train,0,2,0,236.26045220492114,-1133.927260296678,0.0,0.0,413.7635764879053,0.0,0.0,0.0,0.5,0.9844185508538381,1.001625884022936
397,train,1,2,0,295.32556525615144,-133.58631821094835,0.6666666666666667,0.0,172.11613995204993,0.0,0.0,0.0,0.5,0.9844185508538381,1.001625884022936
398,train,2,0,1,744.3823156354669,1909.0742884297433,-0.06666666666666668,9.776539262452047,-938.4005102302868,0.0,-0.5333333333333332,-1.2482817809196263,0.5,1.0338643272714818,1.003933745899739
398,train,1,2,0,-248.12743854515563,-867.8307387791282,0.0,-51.114697062230334,259.95329055571534,0.0,0.0,-19.528874569965055,0.5,1.0338643272714818,1.003933745899739
399,train,2,0,1,235.49405762507126,240.68978459760856,0.0,0.0,-127.48071082308566,0.0,0.3333333333333333,0.0,0.5,0.9812252401044637,1.0012191653569225
399,train,2,1,1,235.49405762507126,-739.7266801199255,0.0,0.0,-190.0465984218693,0.0,-0.16666666666666663,-227.82168941763433,0.5,0.9812252401044637,1.0012191653569225
400,train,0,2,0,120.0,1155.5931362600973,0.0,-394.722423717968,0.0,0.0,0.6666666666666667,0.0,0.5,1,1
400,train,1,2,0,0.0,558.7301949726289,0.0,119.59772496403275,0.0,0.0,0.6666666666666667,0.0,0.5,1,1
401,train,0,1,0,-119.06144267686021,445.64187274402417,0.0,0.0,0.0,0.0,1.333333333333333,0.0,0.5,0.9921786889738351,0.9986471128909702
401,train,1,2,1,357.1843280305806,115.79221495191747,0.0,0.0,0.0,-1.0,0.0,0.0,0.5,0.9921786889738351,0.9986471128909702
402,train,2,0,1,300.0,454.12492094465597,0.0,0.0,0.0,0.0,0.0,0.0,0.5,1,1
402,train,2,1,1,0.0,566.8312560116183,0.0,0.0,0.0,0.0,0.0,0.0,0.5,1,1
403,validation,0,1,0,-60.4975435088518,525.6666644784989,0.0,-177.24086859914587,176.1074877050646,0.0,0.0,0.0,0.5,1.0082923918141966,0.9983767551848742
403,validation,2,1,0,60.4975435088518,263.3756348012632,0.0,-23.429732370687077,348.33701282630665,0.0,0.0,0.0,0.5,1.0082923918141966,0.9983767551848742
404,test,0,2,0,176.95561386356968,526.3444954967345,-0.13333333333333333,396.5410041983981,0.0,0.0,0.6666666666666666,21.452070375822203,0.5,0.9830867436864982,1.0002707972763707
404,test,1,2,0,-58.985204621189894,873.989159857128,-0.06666666666666667,623.9292531165726,0.0,0.2,0.33333333333333337,61.638894734566,0.5,0.9830867436864982,1.0002707972763707
405,test,2,0,1,-179.00366101571848,-1990.1504373823436,0.0,0.0,47.360739580011796,-0.5,-1.3333333333333333,0.0,0.5,0.9944647834206582,0.999052786729054
405,test,1,2,0,477.34309604191594,2227.9531964135663,0.0,0.0,-47.05322302616145,1.0,1.1666666666666667,0.0,0.5,0.9944647834206582,0.999052786729054
406,test,0,1,0,-423.5401396757098,-600.3130435952544,0.3333333333333333,0.0,634.6010939233807,-0.16666666666666666,0.0,0.0,0.5,1.0084289039897851,0.9983767551848742
406,test,1,2,1,363.03440543632263,-229.91030900089854,-0.3333333333333333,0.0,-300.65031392400215,0.16666666666666666,0.0,0.0,0.5,1.0084289039897851,0.9983767551848742
407,test,1,0,1,240.0,716.4708116000379,0.0,-482.359191700646,0.0,0.0,0.0,0.0,0.5,1,1
407,test,1,2,1,240.0,260.4365737354701,0.0,-1027.4787233037255,0.0,0.0,0.0,0.0,0.5,1,1
408,train,1,0,0,-300.0,76.75219302685628,0.0,-84.60454326818319,0.0,0.3333333333333333,0.0,0.0,0.5,1,1
408,train,2,0,0,-300.0,-141.12474375230977,0.0,690.8929372419561,0.0,0.0,0.0,0.0,0.5,1,1
409,train,2,0,1,181.46806166131515,-305.52870104595456,-0.16666666666666666,-325.7488692216853,-484.3518094881279,0.0,0.0,0.0,0.5,1.0081558981184175,1.0013547198921082
409,train,1,2,0,181.46806166131515,1962.1858357786741,0.5,698.3777329014981,331.97709825261677,0.0,0.0,0.0,0.5,1.0081558981184175,1.0013547198921082
410,test,0,1,1,-179.07637649374664,-917.1404338895388,-0.16666666666666666,0.0,0.0,0.0,0.0,100.30177905125751,0.5,0.9948687582985924,1.0013547198921082
410,test,2,0,0,59.69212549791555,605.2459260367078,0.0,0.0,0.0,0.3333333333333333,0.0,-190.55313102033247,0.5,0.9948687582985924,1.0013547198921082
411,train,2,0,1,0.0,-377.2111345139859,-0.42857142857142855,105.41289680148549,-132.5958488242856,0.19047619047619047,0.14285714285714285,-149.18968302930088,0.5,0.9848184447168962,0.9963514040260837
411,train,1,2,0,236.35642673205507,291.4873575160925,0.2857142857142857,-8.979019128651544,203.92843916060295,-0.19047619047619047,-0.23809523809523808,93.5839006014856,0.5,0.9848184447168962,0.9963514040260837
412,validation,2,0,1,240.97672031053298,-713.9624692631955,0.0,0.0,35.816390623261356,0.0,-0.30000000000000004,0.0,0.5,1.004069667960554,0.9963514040260837
412,validation,1,2,0,-180.73254023289974,-562.8916334514096,0.4,0.0,62.03382256738266,-0.2,0.19999999999999996,0.0,0.5,1.004069667960554,0.9963514040260837
413,train,2,0,1,62.57165987333221,637.5013942736895,0.1,-133.19990198080478,0.0,0.0,-1.2,0.0,0.5,1.04286099788887,0.9972960560854701
413,train,1,2,0,0.0,487.24024918800893,-0.2,31.04592996212733,0.0,0.4,0.40000000000000013,0.0,0.5,1.04286099788887,0.9972960560854701
414,test,1,0,0,120.0,63.03918111897838,0.0,0.0,0.0,0.0,0.0,0.0,0.5,1,1
414,test,0,2,1,-120.0,-843.1617904824698,0.0,0.0,0.0,0.0,0.0,0.0,0.5,1,1
415,test,0,2,0,-346.04643847898564,417.5208720431369,0.13333333333333333,-57.905934775929,100.92701476005938,0.26666666666666666,0.0,198.79049317909906,0.5,0.9612401068860712,0.9955424144704091
415,test,2,1,1,519.0696577184784,498.2327995538142,-0.13333333333333333,-17.142834936216545,16.35708861217416,-0.26666666666666666,0.0,-83.98542238500129,0.5,0.9612401068860712,0.9955424144704091
416,train,2,0,1,-59.95939965015904,435.2615384068043,0.0,0.0,0.0,-1.0,0.0,0.0,0.5,0.9993233275026507,0.9998646288547973
416,train,2,1,1,-539.6345968514314,-2221.4159403334284,0.0,0.0,0.0,0.0,0.0,0.0,0.5,0.9993233275026507,0.9998646288547973
417,train,0,1,1,-188.75980602783522,10.919439986644571,0.0,0.0,-175.41258708669352,0.0,0.0,-23.31564285214091,0.5,1.048665589043529,1.001625884022936
417,train,0,2,1,-314.5996767130587,-812.7554566610535,0.16666666666666666,0.0,-66.47769274231973,0.0,0.0,3.913155344062247,0.5,1.048665589043529,1.001625884022936
418,test,0,2,0,-180.0,7.615041421054684,0.0,9.784457588789621,137.8866788130301,0.0,-0.4000000000000001,5.269492620682946,0.5,1,1
418,test,2,1,1,180.0,404.32032117719336,0.0,214.06140773343571,-159.53092159695262,0.0,-0.3999999999999999,-3.504173402541994,0.5,1,1
419,train,0,1,0,291.82808873359625,83.11173800231909,0.0,-140.93853076756315,0.0,0.0,0.0,108.35880420442744,0.5,0.9727602957786542,0.9975661211411934
419,train,2,1,0,116.7312354934385,590.670377720699,0.0,107.077147547312,0.0,0.0,0.0,169.86337395135564,0.5,0.9727602957786542,0.9975661211411934
420,validation,0,2,0,63.18455195271267,108.40671967312268,0.0,302.9652633374603,0.0,-0.16666666666666666,0.0,120.71627107961315,0.5,1.0530758658785444,1.00502163779346
420,validation,2,1,1,315.9227597635633,-1657.7643324307946,0.0,9.508577327914736,0.0,0.0,0.0,-120.0248921043944,0.5,1.0530758658785444,1.00502163779346
421,train,2,0,1,60.0,441.65571760493003,0.1,-578.8703393288565,-115.89736915737285,0.0,0.0,-88.93379409009034,0.5,1,1
421,train,2,1,1,60.0,296.85823139248987,-0.20000000000000004,-447.8348217989149,-72.08925050695296,0.0,0.0,127.70257085010252,0.5,1,1
422,train,1,0,0,0.0,-145.61916495757168,0.0,0.0,0.0,0.0,0.0,0.0,0.5,1,1
422,train,2,0,0,660.0,173.14211815040153,0.0,0.0,0.0,0.0,0.0,0.0,0.5,1,1
423,train,2,0,1,-60.27681241517357,-150.71990032392242,0.0,5.3323555676416845,-126.18963021842133,-0.4,0.0,5.429586317308065,0.5,1.0046135402528928,1.003933745899739
423,train,2,1,1,-120.55362483034715,-741.4337046592746,-0.06666666666666667,-29.226249196914623,-258.1348453615537,-0.2,0.0,61.7187497306381,0.5,1.0046135402528928,1.003933745899739
424,test,1,0,0,120.0,-79.98559694433334,0.0,0.0,0.0,0.0,0.0,0.0,0.5,1,1
424,test,0,2,1,-360.0,251.38174753328167,0.0,0.0,0.0,0.0,0.0,0.0,0.5,1,1
425,train,0,2,0,660.0,785.558833246143,0.0,0.0,0.0,0.0,0.0,0.0,0.5,1,1
425,train,1,2,0,480.0,1374.5410113720582,0.0,0.0,0.0,0.0,0.0,0.0,0.5,1,1
426,test,2,0,1,-358.8807944097827,224.28351782009022,-1.0,0.0,0.0,0.0,0.0,0.0,0.5,0.9968910955827297,1.0051577071433853
426,test,2,1,1,0.0,862.3800361682061,-1.0,0.0,0.0,0.0,0.0,0.0,0.5,0.9968910955827297,1.0051577071433853
427,train,2,0,1,358.8807944097827,-322.00021469648107,-1.0,0.0,0.0,0.0,0.0,0.0,0.5,0.9968910955827297,0.9994586253613486
427,train,1,2,0,-418.69426014474647,-1041.0135542523735,1.0,0.0,0.0,0.0,0.0,0.0,0.5,0.9968910955827297,0.9994586253613486
428,train,0,2,0,353.86331835894185,2726.395789488284,0.0,0.0,311.47837491009227,0.5333333333333334,2.9999999999999996,-35.434280149690906,0.5,0.9829536621081718,1.0077465278849231
428,train,1,2,0,117.95443945298062,-661.4037644329717,-0.06666666666666667,0.0,63.79614688329478,0.8,0.3333333333333335,-79.00164032098522,0.5,0.9829536621081718,1.0077465278849231
429,test,1,0,1,-591.7716675207723,-473.3072704912245,0.0,-54.605984412835966,9.860226630355925,-0.19047619047619047,-0.7142857142857144,69.21021557902898,0.5,0.9862861125346205,0.9994586253613486
429,test,1,2,1,118.35433350415445,946.6538254540469,0.14285714285714285,-129.6425862321415,6.604208546937997,-0.38095238095238093,0.9523809523809523,-20.891304160385005,0.5,0.9862861125346205,0.9994586253613486
430,train,1,0,0,177.96464464244198,-89.53913883980803,0.0,10.36715196371506,0.0,-0.3333333333333333,0.0,0.0,0.5,0.9886924702357888,0.997836259329798
430,train,2,0,0,-118.64309642829465,-491.153809684381,0.5,-94.89130653642064,0.0,-0.6666666666666666,0.0,0.0,0.5,0.9886924702357888,0.997836259329798
431,validation,1,0,1,0.0,-1319.2521439339375,0.0,0.0,0.0,0.0,0.0,0.0,0.5,1,1
431,validation,2,1,0,300.0,2257.3033449577247,0.0,0.0,0.0,0.0,0.0,0.0,0.5,1,1
432,train,1,0,0,60.0,-405.58932958241985,0.0,0.0,0.0,0.0,0.0,0.0,0.5,1,1
432,train,0,2,1,-120.0,1562.5548388007073,0.0,0.0,0.0,0.0,0.0,0.0,0.5,1,1
433,train,0,1,0,589.7721972649031,2986.797689221556,0.0,175.86629694227344,295.9461678343993,0.0,-0.33333333333333326,-6.006032942647746,0.5,0.9829536621081718,1.0008126118424647
433,train,1,2,1,-471.8177578119225,616.516523448084,0.0,-24.222148043375967,76.69359082988737,0.0,-1.3333333333333335,-53.06404637706443,0.5,0.9829536621081718,1.0008126118424647
434,train,2,0,1,-122.6940813024238,-2243.0362617460187,-0.49999999999999994,0.0,0.0,-2.0,1.3333333333333335,0.0,0.5,1.0224506775201982,0.999188047959379
434,train,1,2,0,368.0822439072714,1573.224410312841,-0.16666666666666666,0.0,0.0,1.0,-2.0,0.0,0.5,1.0224506775201982,0.999188047959379
435,train,0,1,0,-474.5723857131786,732.3457645589413,0.5,228.58745410281176,0.0,-0.3333333333333333,0.0,0.0,0.5,0.9886924702357888,1.0033902416308227
435,train,2,1,0,-296.6077410707366,-1597.9024151088245,0.5,-134.5002204272887,0.0,0.0,0.0,0.0,0.5,0.9886924702357888,1.0033902416308227
436,train,0,2,0,-120.30906442519097,202.58494249205302,1.0,32.03134050717685,-5.8988884877503125,0.0,-1.0000000000000002,0.0,0.5,1.0025755368765914,1.0017614936235477
436,train,2,1,1,-120.30906442519097,-99.49122860321701,-0.3333333333333333,101.83942055425013,-455.8137374955725,0.0,0.8000000000000003,0.0,0.5,1.0025755368765914,1.0017614936235477
437,train,1,0,0,240.0,312.86600013165844,0.6000000000000001,-124.79662997018761,255.56772240992777,0.1,0.0,0.0,0.5,1,1
437,train,2,0,0,60.0,351.6062221686434,0.0,471.5166577067889,109.74958607879162,0.1,0.0,0.0,0.5,1,1
438,train,0,1,1,608.2603918767232,1264.9628620399517,0.0,104.37914078340233,-170.9166719377771,-0.26666666666666666,-0.2,-40.51665857186545,0.5,1.0137673197945387,1.0027112750502025
438,train,2,0,0,-304.1301959383616,-521.2839772005708,0.0,-95.0029726317106,35.113567952825875,0.13333333333333333,-0.26666666666666666,147.9958817704217,0.5,1.0137673197945387,1.0027112750502025
439,train,2,0,1,-600.6501775031455,-2102.873140009003,-0.8571428571428571,-36.90065399254362,-107.8595665436091,0.0,0.0,74.79100287640696,0.5,1.0010836291719092,1.0012191653569225
439,train,2,1,1,-360.3901065018873,-1325.4412100031857,-0.2857142857142857,-24.985103299990215,2.4023421316317766,-0.09523809523809523,0.5714285714285714,12.569609387386492,0.5,1.0010836291719092,1.0012191653569225
440,train,1,0,1,-120.0,198.28176126135077,-0.38095238095238093,-1054.122910023693,-49.63456241175129,0.0,0.38095238095238093,-7.500766478395121,0.5,1,1
440,train,2,1,0,-60.0,-310.16616022882226,0.0,566.03382473766,-126.03901502181643,-0.2857142857142857,0.2857142857142856,-0.597528853829882,0.5,1,1
441,train,1,0,0,-240.0,-226.0182708447278,-0.14285714285714285,484.6819613875752,-7.482474879848574,-0.19047619047619047,0.09523809523809523,7.27538451334604,0.5,1,1
441,train,2,0,0,0.0,-234.15589927671908,-0.14285714285714285,467.2259515378458,7.124898479585198,-0.19047619047619047,0.2857142857142857,-20.67576379019069,0.5,1,1
442,train,0,1,1,-306.81826631366823,-1657.3598544847546,0.0,0.0,-1.9093633379583537,-0.5,0.0,25.41215132911966,0.5,1.022727554378894,1.0024398170780122
442,train,0,2,1,-122.72730652546728,-746.1072944128977,0.0,0.0,133.48880878991224,-0.5,0.0,-21.19657137050379,0.5,1.022727554378894,1.0024398170780122
443,train,1,0,1,-60.7684239561347,278.8728454311065,-0.30000000000000004,0.0,-97.86344392010079,0.0,0.7999999999999998,51.429106515204936,0.5,1.0128070659355783,0.9977011810926478
443,train,1,2,1,-364.6105437368082,-924.4457253092552,-0.1,0.0,16.118602717896295,0.0,0.3999999999999999,51.429106515204936,0.5,1.0128070659355783,0.9977011810926478
444,train,0,2,0,-59.821563848569774,-459.7503397461015,0.0,0.0,0.0,0.0,0.0,-11.945150454601375,0.5,0.9970260641428296,0.9994586253613486
444,train,1,2,0,179.46469154570931,-498.2007251508026,0.0,0.0,0.0,0.0,0.0,-5.000601798735147,0.5,0.9970260641428296,0.9994586253613486
445,train,0,1,1,-60.43205756835222,-35.10375697902964,0.0,-26.78738224638017,6.240022248274387,0.0,-0.4761904761904761,43.017308591224186,0.5,1.007200959472537,0.9962165267954964
445,train,2,0,0,60.43205756835222,-124.95345160423777,0.5714285714285714,31.243673805478196,-4.449725250932202,0.0,-0.23809523809523808,-3.8768840374236007,0.5,1.007200959472537,0.9962165267954964
446,test,2,0,1,-491.5742705956888,-2158.4453219873776,0.0,0.0,-62.727786516081835,0.0,0.0,-203.55439959118155,0.5,1.0241130637410183,1.0048855868633984
446,test,1,2,0,122.8935676489222,125.42965412755363,0.0,0.0,39.79386086323893,0.0,0.0,153.04138013812423,0.5,1.0241130637410183,1.0048855868633984
447,validation,1,0,0,59.837763365128204,198.41785576229216,0.0,0.0,136.17244045264428,1.3333333333333335,0.0,0.0,0.5,0.9972960560854701,0.9994586253613486
447,validation,2,0,0,-59.837763365128204,-822.0698584684775,0.0,0.0,291.17905737433205,-0.6666666666666666,0.0,0.0,0.5,0.9972960560854701,0.9994586253613486
448,train,1,0,0,0.0,1123.2969504905145,0.0,102.80574759195952,0.0,-0.6666666666666667,2.0,0.0,0.5,0.9882910032918866,1.0044775445674627
448,train,2,0,0,415.08222138259237,-146.2379386294368,0.0,-9.367876980238066,0.0,-0.33333333333333337,0.0,0.0,0.5,0.9882910032918866,1.0044775445674627
449,test,1,0,0,0.0,-1663.630235165324,0.0,0.0,0.0,0.0,0.0,0.0,0.5,1,1
449,test,2,0,0,120.0,855.4105350737427,0.0,0.0,0.0,0.0,0.0,0.0,0.5,1,1
450,validation,1,0,0,-119.65932611715021,-253.7311568373454,0.0,-73.42424891021244,0.0,0.0,0.0,0.0,0.5,0.9971610509762517,0.9994586253613486
450,validation,2,0,0,-239.31865223430043,691.0582584507149,0.0,5.270986273319181,0.0,1.3333333333333333,0.0,0.0,0.5,0.9971610509762517,0.9994586253613486
451,train,0,1,1,119.62693146992757,-1019.5668890164183,0.0,0.0,0.0,0.0,-2.0,0.0,0.5,0.9968910955827297,0.9994586253613486
451,train,0,2,1,-239.25386293985514,-2386.0139414688288,0.0,0.0,0.0,0.0,-1.0,0.0,0.5,0.9968910955827297,0.9994586253613486
452,train,2,0,1,-60.0,0.0,0.0,0.0,0.0,0.0,0.0,0.0,0.5,1,1
452,train,1,2,0,120.0,0.0,0.0,0.0,0.0,0.0,0.0,0.0,0.5,1,1
453,train,1,0,1,-360.0,-203.08422003146734,0.0,0.0,0.0,0.0,0.0,0.0,0.5,1,1
453,train,2,1,0,180.0,76.52872811955967,0.0,0.0,0.0,0.0,0.0,0.0,0.5,1,1
454,validation,0,1,1,-58.65870873863482,-1392.2096507167364,0.0,26.60218632759137,-626.4778664639235,0.0,0.0,45.69856773607547,0.5,0.9776451456439137,0.997836259329798
454,validation,2,0,0,58.65870873863482,227.01211067312155,0.5333333333333334,-150.9682153467441,219.74936407952362,0.0,-0.06666666666666665,75.87406936559177,0.5,0.9776451456439137,0.997836259329798
455,train,0,1,1,-413.1760171957299,-998.3926966910927,-2.0,0.0,-266.511191456055,0.0,0.0,50.98013007170805,0.5,0.983752421894595,0.9967561452934783
455,train,0,2,1,59.0251453136757,-451.9602421132253,0.0,0.0,-84.15913606961747,0.0,0.0,-69.31215419547691,0.5,0.983752421894595,0.9967561452934783
456,train,0,1,0,59.95939965015904,1466.996000005465,0.0,0.0,0.0,2.0,0.0,0.0,0.5,0.9993233275026507,0.9998646288547973
456,train,1,2,1,-1139.2285933530218,-2337.656885004283,0.0,0.0,0.0,-3.0,0.0,0.0,0.5,0.9993233275026507,0.9998646288547973
457,validation,0,1,1,-355.39963976774084,-2061.042065502705,0.2857142857142857,-485.8554734356781,-85.79914807388928,-0.2857142857142857,-0.47619047619047616,-120.93892078589928,0.5,0.9872212215770579,0.9974310794729591
457,validation,0,2,1,-1066.1989193032225,-2755.9185002932627,-0.14285714285714285,52.3991847850198,211.75432330036438,-0.8571428571428571,-0.19047619047619047,-64.419702935567,0.5,0.9872212215770579,0.9974310794729591
458,train,0,1,1,-240.0,-1301.2867062559462,0.0,238.92785348552877,-41.04962005223314,0.0,-0.5,0.0,0.5,1,1
458,train,2,0,0,240.0,1267.385972867909,0.0,-574.0547420853856,-217.54041151975088,0.0,0.5,0.0,0.5,1,1
459,train,0,2,0,118.27424638173011,99.5746159824629,0.6666666666666666,0.0,157.81647853783426,0.0,0.0,0.0,0.5,0.9856187198477508,1.003526090106881
459,train,1,2,0,295.68561595432527,608.4851742156206,1.3333333333333333,0.0,-153.5086736093882,0.0,0.0,0.0,0.5,0.9856187198477508,1.003526090106881
460,train,2,0,1,-58.897430206195914,-840.8799206595877,0.0,0.0,0.0,0.0,0.0,-286.6831374608795,0.5,0.9816238367699319,0.9986471128909702
460,train,2,1,1,0.0,356.2717080004212,0.0,0.0,0.0,0.0,0.0,-429.96907457251797,0.5,0.9816238367699319,0.9986471128909702
461,train,1,0,0,1236.5111904675337,1139.6535469599269,0.23809523809523808,-45.33425000265299,-11.94673947989827,0.5714285714285714,1.7142857142857144,-132.42836097681015,0.5,0.9813580876726458,1.0002707972763707
461,train,2,0,0,942.1037641657399,1293.863828803156,0.0,67.54124067709176,-49.23485711227444,0.7619047619047619,1.1428571428571432,57.56260041939271,0.5,0.9813580876726458,1.0002707972763707
462,train,0,2,0,-120.0,-508.03616741351016,0.0,0.0,0.0,0.0,0.0,0.0,0.5,1,1
462,train,1,2,0,360.0,1180.0229533123838,0.0,0.0,0.0,0.0,0.0,0.0,0.5,1,1
463,validation,2,0,1,60.0,1149.2830172703043,0.0,0.0,0.0,0.0,0.0,0.0,0.5,1,1
463,validation,2,1,1,-180.0,-70.05936876454052,0.0,0.0,0.0,0.0,0.0,0.0,0.5,1,1
464,train,0,1,0,180.0,1041.6441849092716,0.0,0.0,0.0,0.0,0.0,0.0,0.5,1,1
464,train,1,2,1,-240.0,-666.1589541790313,0.0,0.0,0.0,0.0,0.0,0.0,0.5,1,1
465,validation,1,0,1,-488.52250695939387,211.78736924546342,0.0,0.0,9.15171154415691,0.0,0.0,0.0,0.5,1.0177552228320705,0.9993233275026507
465,validation,2,1,0,0.0,-637.8558343575995,0.0,0.0,825.0217883045833,0.0,0.0,0.0,0.5,1.0177552228320705,0.9993233275026507
466,train,1,0,1,60.21156540641287,-624.1098430424277,-0.14285714285714285,-42.84509951671512,-54.09672344589781,0.0,-0.9523809523809522,-22.825022277215485,0.5,1.0035260901068812,0.997836259329798
466,train,2,1,0,60.21156540641287,1115.8757053783584,0.047619047619047616,24.360861027645655,447.366412249756,-0.19047619047619047,1.4285714285714284,36.63476770822601,0.5,1.0035260901068812,0.997836259329798
467,test,1,0,1,-420.0,-1813.4384518249517,0.0,0.0,0.0,0.0,0.0,0.0,0.5,1,1
467,test,2,1,0,-120.0,-50.370808573694376,0.0,0.0,0.0,0.0,0.0,0.0,0.5,1,1
468,test,1,0,1,-60.0,963.1232994465863,0.0,0.0,0.0,0.0,0.0,0.0,0.5,1,1
468,test,2,1,0,-180.0,-773.0066804103781,0.0,0.0,0.0,0.0,0.0,0.0,0.5,1,1
469,train,1,0,1,0.0,-695.9440013292042,0.0,0.0,0.0,0.0,0.0,0.0,0.5,1,1
469,train,1,2,1,-120.0,772.4800094335706,0.0,0.0,0.0,0.0,0.0,0.0,0.5,1,1
470,train,0,1,0,125.5675858390889,200.87111880382898,0.0,0.0,0.0,0.0,-0.5,0.0,0.5,1.0463965486590743,0.9983767551848742
470,train,2,1,0,62.78379291954445,-59.32193037917399,-0.3333333333333333,0.0,0.0,0.0,1.0,0.0,0.5,1.0463965486590743,0.9983767551848742
471,train,0,1,0,-420.0,-217.13889761895553,0.047619047619047616,135.14762407223094,124.13896139927247,0.0,0.5714285714285714,19.680788317486986,0.5,1,1
471,train,1,2,1,60.0,-1707.0204124395368,0.09523809523809523,-60.45104822330018,-49.65549360786599,-0.23809523809523803,-0.5714285714285714,-10.506123460336227,0.5,1,1
472,validation,2,0,1,-609.5793635373249,-181.82355068077186,0.0,0.0,125.12947624968953,0.0,-1.0,-0.15117130938722134,0.5,1.0159656058955415,1.0023041156519776
472,validation,2,1,1,-304.78968176866243,282.4029093618421,0.0,0.0,-422.32978109335676,0.0,-0.5,-40.49303859005987,0.5,1.0159656058955415,1.0023041156519776
473,train,0,1,1,-295.56555030786114,16.634202329907517,0.0,-65.60597389822934,0.0,0.0,-0.6,-22.858658289830174,0.5,0.9852185010262039,1.0024398170780122
473,train,0,2,1,-295.56555030786114,-682.7185755317936,0.4,-67.58905161602314,0.0,0.0,-0.29999999999999993,18.849249312748704,0.5,0.9852185010262039,1.0024398170780122
474,train,0,2,0,0.0,61.47706090374973,0.1,0.0,-116.73298498555145,0.0,0.6,0.0,0.5,0.9915073089425505,0.9985119248876447
474,train,2,1,1,-178.4713156096591,-321.43368796180476,-0.2,0.0,141.88272105136815,0.0,-0.6,0.0,0.5,0.9915073089425505,0.9985119248876447
475,train,0,1,1,-368.23176753247276,-675.3589875342151,0.0,0.0,-175.28528278749496,1.0,0.0,-80.53547233407984,0.5,1.0228660209235354,0.9995939415379522
475,train,0,2,1,0.0,-657.534058389197,0.0,0.0,-135.8763689430753,0.5,0.0,-27.501031697263553,0.5,1.0228660209235354,0.9995939415379522
476,train,1,0,1,-60.0,-4.397528707107995,0.0,0.0,0.0,0.0,0.0,0.0,0.5,1,1
476,train,2,1,0,120.0,1143.6120999207342,0.0,0.0,0.0,0.0,0.0,0.0,0.5,1,1
477,validation,1,0,1,239.25386293985514,282.90942592987557,-1.0,0.0,0.0,0.0,0.0,0.0,0.5,0.9968910955827297,1.00502163779346
477,validation,1,2,1,179.44039720489135,-121.32628393719392,0.0,0.0,0.0,0.0,0.0,0.0,0.5,0.9968910955827297,1.00502163779346
478,train,0,2,0,1080.0,1298.0665495224994,0.0,0.0,0.0,0.0,0.0,0.0,0.5,1,1
478,train,1,2,0,720.0,339.4156236854851,0.0,0.0,0.0,0.0,0.0,0.0,0.5,1,1
479,train,0,1,1,-182.79955160354126,-229.08747561340434,0.5,0.0,0.0,0.0,0.0,36.16599001153383,0.5,1.0155530644641182,1.003254411544728
479,train,0,2,1,-60.93318386784709,-899.934307301664,0.0,0.0,0.0,-0.16666666666666666,0.0,-46.99398631422367,0.5,1.0155530644641182,1.003254411544728
480,test,0,1,0,178.42299914744805,455.08252485288006,0.0,982.84490244316,0.0,0.0,0.0,-8.261579373109697,0.5,0.9912388841524892,1.003797842238849
480,test,1,2,1,-535.2689974423441,-1021.7188403724991,0.0,-514.6570642295851,0.0,-0.4,0.0,-108.41156056318397,0.5,0.9912388841524892,1.003797842238849
481,train,0,1,1,240.0,2310.1955380010304,0.0,0.0,0.0,0.0,0.0,0.0,0.5,1,1
481,train,0,2,1,0.0,-222.80827917681927,0.0,0.0,0.0,0.0,0.0,0.0,0.5,1,1
482,train,0,1,0,300.0,69.67441267220238,0.0,1372.0330161910767,0.0,0.0,0.0,0.0,0.5,1,1
482,train,2,1,0,-120.0,465.68654567536214,0.0,1412.6314221788627,0.0,0.0,0.0,0.0,0.5,1,1
483,train,0,1,0,62.979590446481396,-300.94810983243786,1.2,-201.31505714777433,0.0,0.0,-0.2,-13.27151541624417,0.5,1.04965984077469,1.0044775445674627
483,train,1,2,1,62.979590446481396,-197.11234643128014,-0.6,28.765664083376407,0.0,0.0,-0.4000000000000001,47.87221203107427,0.5,1.04965984077469,1.0044775445674627
484,train,0,1,0,180.0,908.1132121944215,0.0,0.0,0.0,0.0,0.0,0.0,0.5,1,1
484,train,1,2,1,-60.0,-511.8430310988133,0.0,0.0,0.0,0.0,0.0,0.0,0.5,1,1
485,train,2,0,1,185.86897389496727,346.71796056914627,-0.19047619047619047,-66.65066661575162,25.94052460502087,0.0,-0.5714285714285714,-23.50434912968715,0.5,1.032605410527596,0.997836259329798
485,train,1,2,0,-61.956324631655754,-494.4185211241292,0.047619047619047616,168.84774268092696,64.64339977889895,0.0,0.0,9.961564888873804,0.5,1.032605410527596,0.997836259329798
486,train,0,2,0,184.3403514733833,-656.870492933463,0.0,0.0,384.7469109968236,0.0,0.0,373.49007678004597,0.5,1.0241130637410183,1.0013547198921082
486,train,2,1,1,-61.4467838244611,740.6995324851644,0.0,0.0,-217.79886210086715,0.0,0.0,-382.28147133820784,0.5,1.0241130637410183,1.0013547198921082
487,train,0,2,0,-294.168381591234,1160.6922976419055,-0.2857142857142857,280.76817606761574,0.1442286740951566,0.7142857142857142,0.2857142857142857,26.36413183443461,0.5,0.98056127197078,0.9960816678233944
487,train,2,1,1,353.0020579094808,-697.4388625932095,-0.8571428571428571,-117.06279137860747,-9.165309293574623,-0.47619047619047616,0.2857142857142857,-60.48199935880958,0.5,0.98056127197078,0.9960816678233944
488,train,1,0,0,0.0,-126.40991209208505,0.0,254.9633057460946,54.70769175559272,0.3,0.0,4.102827142944236,0.5,1,1
488,train,0,2,1,120.0,461.1524862678348,0.0,6.331579875831949,10.47486241935647,-0.3,0.0,15.306971592690804,0.5,1,1
489,validation,1,0,1,117.47634971641685,-1625.6932417625471,-0.20000000000000004,7.775149472635064,158.64362272455102,0.0,0.0,-63.539063637015374,0.5,0.9789695809701404,0.9979713558551195
489,validation,2,1,0,-58.738174858208424,300.47944843442144,0.1,172.53063658325038,-248.79092130896072,0.0,0.0,64.5455347255477,0.5,0.9789695809701404,0.9979713558551195
490,train,1,0,0,-120.0,-196.53178798663157,0.0,0.0,0.0,0.0,0.0,0.0,0.5,1,1
490,train,2,0,0,-60.0,-463.0492173347302,0.0,0.0,0.0,0.0,0.0,0.0,0.5,1,1
491,test,0,2,0,-60.93318386784709,-178.00720299309577,0.5,0.0,0.0,0.0,0.33333333333333337,78.18442039942673,0.5,1.0155530644641182,1.003254411544728
491,test,2,1,1,0.0,250.02100244645783,0.0,0.0,0.0,0.0,0.0,-44.9230687958267,0.5,1.0155530644641182,1.003254411544728
492,train,2,0,1,-418.69426014474647,-196.305410067087,0.0,0.0,0.0,0.0,-3.0,0.0,0.5,0.9968910955827297,0.9994586253613486
492,train,1,2,0,119.62693146992757,812.2157945159491,0.0,0.0,0.0,0.0,4.0,0.0,0.5,0.9968910955827297,0.9994586253613486
493,train,1,0,1,-119.91879930031808,-443.8456937477979,0.0,0.0,0.0,1.0,0.0,0.0,0.5,0.9993233275026507,0.9998646288547973
493,train,2,1,0,179.87819895047713,-571.8285665977565,0.0,0.0,0.0,0.0,0.0,0.0,0.5,0.9993233275026507,0.9998646288547973
494,train,0,2,0,366.0448289682344,650.0123920681409,0.4000000000000001,0.0,42.620755959391424,0.3333333333333333,0.4666666666666666,-73.13880777780349,0.5,1.016791191578429,0.9979713558551195
494,train,1,2,0,488.05977195764586,752.8912389352193,0.0,0.0,25.325636245610937,0.3333333333333333,0.0,11.05080039933381,0.5,1.016791191578429,0.9979713558551195
495,train,0,1,1,59.64365835480851,-686.2485385767135,0.16666666666666666,414.49683971561046,0.0,-0.5,0.0,0.0,0.5,0.9940609725801418,0.9989175438091965
495,train,2,0,0,59.64365835480851,295.8913721692556,0.0,-407.68414919002,0.0,0.5,0.0,0.0,0.5,0.9940609725801418,0.9989175438091965
496,train,0,1,0,-180.0,467.9135490886774,0.0,0.0,0.0,0.0,0.0,0.0,0.5,1,1
496,train,2,1,0,-180.0,-1651.454500923217,0.0,0.0,0.0,0.0,0.0,0.0,0.5,1,1
497,train,1,0,1,-180.0,-13.367352845616551,0.0,-1321.5675276292914,0.0,0.3333333333333333,0.0,0.0,0.5,1,1
497,train,2,1,0,0.0,-55.80174060608579,0.0,485.9258046994898,0.0,0.0,0.0,0.0,0.5,1,1
498,train,1,0,0,0.0,97.74469322994037,0.0,0.0,111.85317900904046,0.0,-0.10000000000000003,79.15377212797611,0.5,0.9876222539505812,1
498,train,0,2,1,-118.51467047406975,276.190099609003,0.2,0.0,-247.59905287835826,0.0,0.10000000000000003,9.701865454494495,0.5,0.9876222539505812,1
499,train,0,1,1,-363.1818785113546,-968.0912120893464,0.0,0.0,0.0,0.0,0.0,-691.6409936428469,0.5,1.0088385514204294,0.9997292760349417
499,train,0,2,1,-60.530313085225764,-326.80462042600453,0.0,0.0,0.0,0.0,0.0,-212.44532579106303,0.5,1.0088385514204294,0.9997292760349417
500,train,1,0,0,-58.881485260358744,473.3225915469478,0.14285714285714285,131.90721978600186,-151.92135319885494,0.047619047619047616,0.2857142857142857,-4.172082922695239,0.5,0.9813580876726458,1.003254411544728
500,train,0,2,1,0.0,-448.04661911179204,-0.42857142857142855,-107.69937482277457,148.03293792024462,0.0,-0.2857142857142857,4.172082922695239,0.5,0.9813580876726458,1.003254411544728
501,test,0,1,0,-120.1462998428307,-204.5171541739553,-0.2857142857142857,-12.482618102974413,302.22068090240657,0.0,1.1428571428571428,-16.053359812798718,0.5,1.0012191653569225,1.0013547198921082
501,test,2,1,0,-180.21944976424604,223.7128316919037,-0.2857142857142857,-37.02110099657847,188.51931431648939,0.0,0.7142857142857142,-26.698536637663643,0.5,1.0012191653569225,1.0013547198921082
502,train,0,1,0,180.0,-485.5786013820716,0.0,0.0,0.0,0.0,0.0,0.0,0.5,1,1
502,train,1,2,1,-600.0,-127.83904821294072,0.0,0.0,0.0,0.0,0.0,0.0,0.5,1,1
503,train,1,0,0,413.9598623360554,669.2558878550958,0.0,0.0,-22.596182222429036,0.0,0.0,0.0,0.5,0.9856187198477508,0.997836259329798
503,train,0,2,1,-1241.879587008166,-1037.0409893692704,-0.6666666666666666,0.0,317.72227798614455,0.0,0.0,0.0,0.5,0.9856187198477508,0.997836259329798
504,train,0,2,0,119.04532519301556,-151.06940314403212,0.0,0.0,-49.06282476533602,0.0,3.9999999999999996,0.0,0.5,0.992044376608463,0.9987823191973281
504,train,2,1,1,59.52266259650778,-604.918727018762,0.0,0.0,-182.86633635852456,0.0,0.0,0.0,0.5,0.992044376608463,0.9987823191973281
505,train,1,0,0,660.0,1812.0676801057834,0.0,0.0,0.0,0.0,0.0,0.0,0.5,1,1
505,train,0,2,1,0.0,-415.5558867995296,0.0,0.0,0.0,0.0,0.0,0.0,0.5,1,1
506,validation,2,0,1,120.0,284.15527011168615,0.0,-301.7527567902106,0.0,0.0,-0.6666666666666667,0.0,0.5,1,1
506,validation,1,2,0,120.0,-225.51415060255658,0.0,604.590531160667,0.0,0.0,2.9999999999999996,0.0,0.5,1,1
507,test,0,1,1,-117.73108926240107,-1445.4715058269314,0.0,-17.502337685116515,9.496294577848971,0.0,-0.33333333333333304,0.0,0.5,0.981092410520009,0.9982416037801811
507,test,2,0,0,294.32772315600266,1389.3624752679227,0.0,141.35462080770043,694.8880329424981,0.0,-0.3333333333333335,0.0,0.5,0.981092410520009,0.9982416037801811
508,train,1,0,0,176.93165917947093,492.04554860106987,0.13333333333333336,434.87105062001484,52.714694656178665,0.0,-0.33333333333333326,0.0,0.5,0.9829536621081718,1.0073373238796761
508,train,0,2,1,-176.93165917947093,-782.9439694549859,0.06666666666666667,-102.1050838137246,-14.0040223205352,0.0,0.33333333333333326,-60.7601817462646,0.5,0.9829536621081718,1.0073373238796761
509,train,0,1,0,-120.0,-171.6080167479604,-0.06666666666666667,100.32523963466781,79.46142853910173,0.0,-0.2666666666666666,37.772136116718535,0.5,1,1
509,train,2,1,0,120.0,-84.54912487645879,0.0,94.81173194617224,227.92984029691803,0.0,-0.5333333333333333,57.729874516797764,0.5,1,1
510,train,1,0,1,60.0,217.4893560568048,0.0,0.0,0.0,0.0,0.0,0.0,0.5,1,1
510,train,2,1,0,60.0,-873.8092046182014,0.0,0.0,0.0,0.0,0.0,0.0,0.5,1,1
511,train,0,1,1,-59.28140695397063,-252.2567232902622,-0.5,0.0,0.0,0.0,0.0,-46.602593438415745,0.5,0.9880234492328439,1.0031185998461076
511,train,2,0,0,177.8442208619119,616.8599851953256,0.5,0.0,0.0,0.0,0.9999999999999999,80.56212866343145,0.5,0.9880234492328439,1.0031185998461076
512,train,1,0,1,-119.28731670961702,439.0861060312273,0.0,-83.11341749700046,0.0,0.0,0.0,-8.707422177868352,0.5,0.9940609725801418,0.9987823191973281
512,train,1,2,1,-178.93097506442552,-885.2343388401399,0.0,71.14192967671556,0.0,0.0,0.0,-66.26257223407447,0.5,0.9940609725801418,0.9987823191973281
513,train,0,1,0,0.0,1519.5648212494414,0.0,0.0,-306.7606570433725,0.0,0.0,0.0,0.5,0.9844185508538381,0.9986471128909702
513,train,1,2,1,-236.26045220492114,-1701.119387305445,0.0,0.0,22.153440313537203,0.0,0.0,0.0,0.5,0.9844185508538381,0.9986471128909702
514,test,0,1,0,0.0,-105.52399861975535,0.47619047619047616,285.27608229129805,-7.702945741456665,-0.2857142857142857,-0.19047619047619047,7.367245603209813,0.5,0.9866867650449576,0.9975661211411934
514,test,2,1,0,177.60361770809237,648.2117789708068,0.23809523809523808,154.367844542021,12.889422008217675,0.0,0.19047619047619047,-15.285373285551795,0.5,0.9866867650449576,0.9975661211411934
515,test,1,0,1,180.0,204.00560861690064,0.0,0.0,0.0,0.0,0.0,0.0,0.5,1,1
515,test,2,1,0,-240.0,-725.7971022152428,0.0,0.0,0.0,0.0,0.0,0.0,0.5,1,1
516,train,1,0,1,117.76297052071749,-641.23267137931,-0.19047619047619047,101.2775472935449,-27.832130101421,-0.09523809523809523,0.5714285714285713,-137.03696431319133,0.5,0.9813580876726458,0.9963514040260837
516,train,2,1,0,-176.64445578107623,180.43130315295224,0.19047619047619047,69.76803723708753,-109.2247880856504,0.047619047619047616,0.0,41.71301470728355,0.5,0.9813580876726458,0.9963514040260837
517,train,0,2,0,180.6346962192386,426.9939661086873,-0.4761904761904761,91.67673820283333,34.43220211494139,0.0,0.0,-8.333683221467545,0.5,1.0035260901068812,0.997836259329798
517,train,1,2,0,60.21156540641287,-170.96534570653193,-0.7142857142857142,187.60848947498124,62.39134219852576,0.0,0.0,-14.273376567537829,0.5,1.0035260901068812,0.997836259329798
518,train,1,0,1,-61.22258933638906,-1129.7810569470412,0.0,0.0,0.0,0.0,-2.0,-155.23883598276976,0.5,1.0203764889398177,1.0027112750502025
518,train,1,2,1,0.0,-1235.07587818087,0.0,0.0,0.0,0.0,-2.666666666666666,-291.6759044989076,0.5,1.0203764889398177,1.0027112750502025
519,test,1,0,0,242.51491341669737,1851.6063790546239,0.2,335.58470471235904,0.0,1.0,0.33333333333333326,8.075542888353866,0.5,1.0104788059029057,0.9968910955827297
519,test,0,2,1,-181.88618506252303,-1636.039538168577,-0.2,-366.12310597781794,0.0,-0.2,-1.333333333333333,104.1887492927011,0.5,1.0104788059029057,0.9968910955827297
520,train,1,0,0,119.91879930031808,-465.3360609612816,0.0,0.0,0.0,0.0,0.0,0.0,0.5,0.9993233275026507,0.9998646288547973
520,train,2,0,0,119.91879930031808,172.32421823809162,0.0,0.0,0.0,0.0,0.0,0.0,0.5,0.9993233275026507,0.9998646288547973
521,train,0,2,0,180.0,66.659638415897,0.0,0.0,0.0,0.0,0.0,0.0,0.5,1,1
521,train,1,2,0,-60.0,-81.43095579806959,0.0,0.0,0.0,0.0,0.0,0.0,0.5,1,1
522,train,0,2,0,0.0,773.7472802543209,0.0,240.65262025941013,0.0,0.0,0.0,47.765121378923155,0.5,0.9888263287883233,1.003254411544728
522,train,2,1,1,0.0,201.2922000093648,-0.5,-48.99091106924027,0.0,0.0,0.0,6.528710149822146,0.5,0.9888263287883233,1.003254411544728
523,train,0,1,0,-121.7674180897281,-739.5103151457961,-0.5714285714285714,10.39809300520858,-2.288190307789769,0.8571428571428571,-0.09523809523809523,-7.2828107829247015,0.5,1.0147284840810675,1.003254411544728
523,train,1,2,1,121.7674180897281,-700.8857357368835,0.5714285714285714,-84.45782979202465,-16.3378016575841,0.0,0.19047619047619047,-30.151356406997436,0.5,1.0147284840810675,1.003254411544728
524,train,1,0,0,119.91879930031808,899.9415396248557,0.0,0.0,0.0,1.0,0.0,0.0,0.5,0.9993233275026507,0.9998646288547973
524,train,2,0,0,0.0,-66.2136421944995,0.0,0.0,0.0,1.0,0.0,0.0,0.5,0.9993233275026507,0.9998646288547973
525,train,0,1,1,-120.0,-423.9559077852098,0.0,50.51451844674983,31.546078045153227,0.0,0.0,-32.49385300026379,0.5,1,1
525,train,0,2,1,-60.0,-17.644309398697033,0.0,-100.02500282756529,-15.06353590390399,0.0,0.2,-44.61626018771744,0.5,1,1
526,test,0,2,0,60.0,217.60745262143064,0.0,0.0,0.0,0.0,0.0,0.0,0.5,1,1
526,test,1,2,0,60.0,-625.2349660679383,0.0,0.0,0.0,0.0,0.0,0.0,0.5,1,1
527,train,2,0,1,-353.86331835894185,-1674.1645694678077,0.0,-269.0745629503118,-75.87050530205366,-0.06666666666666667,1.0,-51.400451030777106,0.5,0.9829536621081718,1.0005416678839063
527,train,2,1,1,0.0,-623.8184575845893,0.0,-402.59756199449754,-3.154441396008643,0.06666666666666667,0.0,-211.76052800039554,0.5,0.9829536621081718,1.0005416678839063
528,train,1,0,0,119.31961939008755,1924.4842637644988,0.0,0.0,218.6556911264652,1.5,1.6666666666666665,0.0,0.5,0.994330161584063,0.999052786729054
528,train,2,0,0,178.97942908513133,1801.1683152777462,0.0,0.0,118.38595802088437,0.5,0.0,0.0,0.5,0.994330161584063,0.999052786729054
529,test,1,0,1,59.821563848569774,-382.83508787316947,0.0,0.0,0.0,-0.6666666666666666,-2.0,0.0,0.5,0.9970260641428296,0.9995939415379522
529,test,1,2,1,418.7509469399884,1345.0435835057413,0.0,0.0,0.0,-1.3333333333333333,0.0,0.0,0.5,0.9970260641428296,0.9995939415379522
530,test,0,1,0,119.91879930031808,821.8835973215433,0.0,0.0,0.0,1.0,0.0,0.0,0.5,0.9993233275026507,0.9998646288547973
530,test,2,1,0,179.87819895047713,1989.2972072534376,0.0,0.0,0.0,1.0,0.0,0.0,0.5,0.9993233275026507,0.9998646288547973
531,train,0,2,0,60.0,-430.5905626585177,0.6,-328.41412348410574,0.0,0.0,0.1,-13.22360238179133,0.5,1,1
531,train,1,2,0,-60.0,-758.1634338186755,0.0,-438.63089151878495,0.0,0.0,0.30000000000000004,-13.807869961699769,0.5,1,1
532,train,1,0,0,607.601976649916,195.64575805227162,0.0,20.34658460864354,464.64375713340564,0.0,-1.6,0.0,0.5,1.0126699610831933,0.9975661211411933
532,train,2,0,0,243.04079065996638,33.85719541571542,0.0,251.73475218030006,229.17996445768375,0.0,-1.2000000000000002,0.0,0.5,1.0126699610831933,0.9975661211411933
533,validation,1,0,1,-294.88609863245154,-2682.393522204273,0.0,0.0,243.67622211528425,0.0,-0.6666666666666665,-23.2113049148443,0.5,0.9829536621081718,0.9971610509762517
533,validation,1,2,1,-235.90887890596125,-776.9832360483307,-0.06666666666666668,0.0,129.67795098861413,0.0,0.33333333333333326,10.237084293078823,0.5,0.9829536621081718,0.9971610509762517
534,train,1,0,1,-118.64309642829465,205.68026508850042,0.5,302.78745877969993,0.0,0.0,-1.3333333333333333,0.0,0.5,0.9886924702357888,0.997836259329798
534,train,2,1,0,0.0,500.0604107176635,0.5,-135.11285703274336,0.0,0.0,0.0,0.0,0.5,0.9886924702357888,0.997836259329798
535,train,2,0,1,-428.5581253547234,-632.3372908159774,0.0,410.3032681017345,0.0,0.0,0.6666666666666667,0.0,0.5,1.0203764889398177,0.9985119248876447
535,train,1,2,0,61.22258933638906,14.866815397053948,0.0,277.8305075053247,0.0,0.0,2.666666666666666,0.0,0.5,1.0203764889398177,0.9985119248876447
536,train,0,1,1,-177.96464464244198,-588.0275188427435,0.0,37.954829035016644,0.0,-0.6666666666666666,0.0,0.0,0.5,0.9886924702357888,0.997836259329798
536,train,2,0,0,296.6077410707366,1791.938643511298,-1.0,210.57305791376072,0.0,0.3333333333333333,0.0,0.0,0.5,0.9886924702357888,0.997836259329798
537,train,1,0,1,61.23916824683372,476.0510147634034,-1.3333333333333333,0.0,-111.23070144205207,0.0,0.0,70.82238403147682,0.5,1.0206528041138954,1.0008126118424647
537,train,1,2,1,122.47833649366744,-432.49126152571307,-0.6666666666666666,0.0,-34.33284032484522,0.0,0.0,-184.48572651497113,0.5,1.0206528041138954,1.0008126118424647
538,test,0,1,1,0.0,151.14997433571025,0.0,0.0,0.0,0.0,0.16666666666666674,-102.21458422251331,0.5,0.9940609725801418,0.9989175438091965
538,test,0,2,1,-238.57463341923403,-357.5316070466279,0.0,0.0,0.0,0.0,0.0,-139.9495965913478,0.5,0.9940609725801418,0.9989175438091965
539,train,2,0,1,185.16574361268712,273.394606991452,0.0,0.0,0.0,0.0,0.0,-86.46189462977392,0.5,1.0286985756260396,1.0017614936235477
539,train,2,1,1,-370.33148722537425,-1871.100785382598,0.0,0.0,0.0,0.0,-3.666666666666666,-299.7533172529369,0.5,1.0286985756260396,1.0017614936235477
540,train,0,1,0,0.0,-355.84297405715677,0.8,0.0,-44.91879482279681,0.2,-0.6000000000000001,0.0,0.5,0.9828205985452511,0.9968910955827297
540,train,1,2,1,0.0,-150.22668184567254,0.4,0.0,72.57520458137387,-0.2,1.5,0.0,0.5,0.9828205985452511,0.9968910955827297
541,train,0,2,0,-186.92883015723893,-267.16275862185364,0.0,0.0,0.0,0.0,0.0,105.75436960519136,0.5,1.0384935008735496,1.0058383302782643
541,train,2,1,1,124.61922010482596,573.2893394000396,0.0,0.0,0.0,0.0,0.0,-132.75928035401557,0.5,1.0384935008735496,1.0058383302782643
542,validation,0,1,1,0.0,-68.59221992074526,0.0,-873.6402029238402,274.06469664897713,0.0,0.0,0.0,0.5,1,1
542,validation,2,0,0,240.0,162.44650951598396,0.0,2760.3332664911586,38.653857937190764,0.0,0.0,0.0,0.5,1,1
543,train,0,1,1,180.0,716.0715497950623,0.0,0.0,0.0,0.0,0.0,0.0,0.5,1,1
543,train,0,2,1,120.0,1215.922003957874,0.0,0.0,0.0,0.0,0.0,0.0,0.5,1,1
544,train,1,0,1,853.9889798079301,1223.6458010227857,0.0,0.0,-45.441389495157466,0.1,-0.8999999999999999,-24.60552707883849,0.5,1.016653547390393,1.0001353894730307
544,train,2,1,0,-609.9921284342358,111.32164804780527,0.0,0.0,-48.92503982529979,0.6000000000000001,0.6000000000000001,186.23456074642982,0.5,1.016653547390393,1.0001353894730307
545,test,0,1,0,420.0,3635.2483062656975,0.0,-19.39054458547315,-153.65425157371658,0.06666666666666667,0.0,136.3884592830317,0.5,1,1
545,test,1,2,1,-420.0,-2464.4200760452923,0.5333333333333334,-322.68156945557666,18.875944796735695,0.0,0.0,-51.19208327427694,0.5,1,1
546,train,0,1,1,-366.7889131493019,-1289.1818253040083,0.1,-172.09011283867483,0.0,-0.4000000000000001,0.0,15.009976740120464,0.5,1.018858092081394,1.000406223412502
546,train,0,2,1,0.0,-1375.2428601074027,0.1,-359.2412926229931,0.0,0.2,0.0,114.68057761386474,0.5,1.018858092081394,1.000406223412502
547,train,2,0,1,-900.0,-1996.1574169382839,0.0,0.0,0.0,0.0,0.0,0.0,0.5,1,1
547,train,2,1,1,-480.0,473.23087335323726,0.0,0.0,0.0,0.0,0.0,0.0,0.5,1,1
548,test,0,1,0,413.79177043100566,1259.5936197731296,0.3999999999999999,242.65048164934387,0.0,0.0,-0.7999999999999998,-15.059864012012596,0.5,0.9852185010262039,0.9967561452934783
548,test,1,2,1,-59.113110061572236,23.17382330819291,0.0,-1168.6697719257786,0.0,0.0,0.7999999999999998,-2.63458345995096,0.5,0.9852185010262039,0.9967561452934783
549,test,0,2,0,-183.6677680091672,27.067990830696626,0.0,0.0,0.0,0.0,1.333333333333333,0.0,0.5,1.0203764889398177,0.9987823191973281
549,test,2,1,1,61.22258933638906,245.26129934412802,-0.3333333333333333,0.0,0.0,0.0,0.0,0.0,0.5,1.0203764889398177,0.9987823191973281
550,train,1,0,0,-240.0,-454.32335916183456,0.0,1874.7521574817724,0.0,0.0,0.0,0.0,0.5,1,1
550,train,2,0,0,-120.0,111.5665153683185,0.0,1918.4588573750166,0.0,0.0,0.0,0.0,0.5,1,1
551,train,1,0,1,-915.9797005488634,-1941.398230198114,0.0,0.0,-355.9065608837901,0.0,0.0,0.0,0.5,1.0177552228320705,0.9993233275026507
551,train,2,1,0,366.3918802195454,1095.27027689343,0.0,0.0,552.9073514136414,0.0,0.0,0.0,0.5,1.0177552228320705,0.9993233275026507
552,validation,0,1,0,-58.62695240138768,650.8093665189251,0.0,116.39417926212492,118.71005720023436,0.0,-0.2857142857142857,79.90957104094241,0.5,0.9771158733564614,0.9955424144704091
552,validation,2,1,0,0.0,261.3473338901514,0.2857142857142857,48.499920036325456,88.1691586174002,-0.23809523809523808,-0.19047619047619047,55.999983678332796,0.5,0.9771158733564614,0.9955424144704091
553,validation,0,1,1,62.62250634514795,91.72001108779497,0.0,-53.34453631681444,-31.52606334839985,0.0,0.06666666666666668,12.969359776444662,0.5,1.0437084390857991,1.0006771306930664
553,validation,0,2,1,62.62250634514795,-360.1001571752369,0.0,-98.47185284049743,-54.14233574114651,-0.4,-0.1333333333333333,46.35314304953663,0.5,1.0437084390857991,1.0006771306930664
554,train,0,2,0,60.252336505427124,343.91263783711315,-0.2857142857142857,0.7163426905584345,-17.067061135557154,0.09523809523809523,-0.23809523809523814,13.912002051073088,0.5,1.0042056084237854,0.995677200433284
554,train,2,1,1,0.0,-592.0431115428717,-0.8571428571428571,73.38356912734656,13.109901149877857,-0.14285714285714285,-0.47619047619047605,10.673061038072262,0.5,1.0042056084237854,0.995677200433284
555,test,0,1,0,0.0,122.04050653093168,0.0,-42.20272018442486,97.65992774739897,-0.09523809523809523,0.047619047619047616,14.030113578935424,0.5,0.9746057403320985,1.0006771306930664
555,test,2,1,0,58.47634441992591,-509.1362813672053,1.1428571428571428,33.699893675847505,-28.348704174482556,0.09523809523809523,0.14285714285714285,2.6850296005636762,0.5,0.9746057403320985,1.0006771306930664
556,validation,2,0,1,-300.0,-1097.3949277629636,0.0,62.235407322708625,-511.3564086788772,0.0,0.0,0.0,0.5,1,1
556,validation,1,2,0,360.0,-198.06410085502284,0.0,76.57951783899182,414.23157366777775,0.0,0.0,0.0,0.5,1,1
557,test,0,1,0,60.86722636574397,1358.5602498240678,0.23809523809523808,-75.0719766363022,76.51127188946437,0.09523809523809523,0.0,-16.33367826866187,0.5,1.0144537727623995,0.9995939415379522
557,test,1,2,1,0.0,238.7513479311929,-0.23809523809523808,149.9041396516534,-15.346171198487017,-0.09523809523809523,0.2857142857142858,-66.67736878743091,0.5,1.0144537727623995,0.9995939415379522
558,train,2,0,1,118.22622012314447,-114.58551966625919,-0.14285714285714285,18.428452457601878,-2.930638236304013,-0.047619047619047616,-0.23809523809523803,18.435484395142613,0.5,0.9852185010262039,0.9997292760349417
558,train,2,1,1,295.56555030786114,-7.836815942884957,0.0,-40.000376203506434,-107.50373700876348,0.0,0.23809523809523808,-26.93298693890464,0.5,0.9852185010262039,0.9997292760349417
559,train,1,0,0,177.41136957259516,1021.7301174193648,2.0,0.0,-18.29244125621787,0.0,0.0,0.0,0.5,0.9856187198477508,0.997836259329798
559,train,2,0,0,709.6454782903807,2186.0137409434633,0.6666666666666666,0.0,133.17560102647337,0.0,0.0,0.0,0.5,0.9856187198477508,0.997836259329798
560,train,0,2,0,813.3214631890129,1789.8425351470962,0.0,102.75955190203425,-278.0927595152926,0.0,4.8,155.63733900709605,0.5,1.0427198246012985,1.0017614936235477
560,train,2,1,1,-563.0687052847012,-2990.2609494004982,0.0,-34.39180979357272,-448.82698355449213,0.0,-3.2,39.82652999583099,0.5,1.0427198246012985,1.0017614936235477
561,train,1,0,0,786.6810390251944,850.8701825377872,0.0,69.46359206668393,141.46659751607297,0.0,-0.5714285714285716,45.056751519517256,0.5,1.008565434647685,1.0006771306930664
561,train,0,2,1,-363.08355647316665,-1332.8661215013353,0.09523809523809523,-27.408186203782037,-16.30596684035524,-0.38095238095238093,0.8571428571428572,0.0,0.5,1.008565434647685,1.0006771306930664
562,train,1,0,1,-178.93097506442552,-2056.704613791248,0.3333333333333333,-170.19723375099437,0.0,-1.5,0.0,0.0,0.5,0.9940609725801418,0.999052786729054
562,train,1,2,1,-59.64365835480851,-80.61781759330005,-0.3333333333333333,157.78149402520827,0.0,-1.0,0.0,0.0,0.5,0.9940609725801418,0.999052786729054
563,test,0,1,1,-312.858299366661,-1184.6704162451092,0.2,0.0,0.0,0.0,-0.40000000000000036,-68.87994917174917,0.5,1.04286099788887,1.0017614936235477
563,test,2,0,0,-187.71497961999663,-200.93787307604418,0.2,0.0,0.0,0.2,0.40000000000000036,83.3902451570181,0.5,1.04286099788887,1.0017614936235477
564,train,0,2,0,720.0,-52.44240073300716,0.0,0.0,0.0,0.0,0.0,0.0,0.5,1,1
564,train,2,1,1,60.0,729.6867845064253,0.0,0.0,0.0,0.0,0.0,0.0,0.5,1,1
565,validation,0,1,0,235.58972082478365,-251.30446355239346,0.0,0.0,0.0,0.0,0.0,184.68333835612498,0.5,0.9816238367699319,0.9986471128909702
565,validation,2,1,0,294.4871510309796,518.3665544591207,0.0,0.0,0.0,0.0,0.0,217.31573415294395,0.5,0.9816238367699319,0.9986471128909702
566,validation,1,0,0,60.21156540641287,736.1395499099659,-0.09523809523809523,217.84713512429272,196.85620844718318,0.19047619047619047,0.047619047619047616,-26.15336575368009,0.5,1.0035260901068812,1.0008126118424647
566,validation,2,0,0,120.42313081282575,519.319018030958,0.0,30.76553160333944,155.5700350421477,0.0,-0.047619047619047616,14.373760781877237,0.5,1.0035260901068812,1.0008126118424647
567,train,1,0,0,244.7909175436822,849.1569231991427,0.0,6.888252742449197,8.13026385007963,-0.4,1.2000000000000002,0.0,0.5,1.0199621564320092,1.0027112750502025
567,train,0,2,1,-122.3954587718411,-496.0372184937221,0.0,-35.072665023273714,-264.0448062789913,0.8,-0.4,0.0,0.5,1.0199621564320092,1.0027112750502025
568,train,0,1,0,0.0,-11.576626455381913,0.0,0.0,0.0,0.3333333333333333,-1.5,61.96804097996002,0.5,0.9882910032918866,1.008701983790399
568,train,2,1,0,177.89238059253958,401.6976086310835,0.0,0.0,0.0,0.0,-1.5,7.5336491941511525,0.5,0.9882910032918866,1.008701983790399
569,train,0,1,0,-235.43030374004334,223.2457474294048,0.16666666666666666,233.19979908512718,-175.7047442472603,0.0,0.0,0.0,0.5,0.9809595989168473,1.0012191653569225
569,train,1,2,1,235.43030374004334,153.77113472756483,-0.16666666666666666,-88.54608048281747,-86.14147168832108,0.0,0.0,0.0,0.5,0.9809595989168473,1.0012191653569225
570,test,2,0,1,0.0,-128.21134286840606,0.0,-40.07883957510407,32.01394408041676,-0.2857142857142857,-1.6666666666666667,10.761409607239408,0.5,1.0029828065324722,0.9960816678233944
570,test,1,2,0,421.2527787436383,1964.289804982511,0.2857142857142857,266.9006462665496,-1.997571344356345,0.5714285714285714,0.23809523809523814,-17.48318546211172,0.5,1.0029828065324722,0.9960816678233944
571,train,1,0,0,60.0,96.86819073123297,0.0,816.7575849814663,308.5446645888992,0.0,0.0,0.0,0.5,1,1
571,train,0,2,1,-60.0,-305.41708012352865,0.0,-355.2067848614905,-91.78737274056309,0.0,0.0,0.0,0.5,1,1
572,validation,0,1,0,180.0,117.852870690082,0.0,0.0,0.0,0.0,0.0,0.0,0.5,1,1
572,validation,2,1,0,60.0,450.0882021965617,0.0,0.0,0.0,0.0,0.0,0.0,0.5,1,1
573,train,2,0,1,0.0,1034.492370693601,0.19047619047619047,24.52936663081539,-67.69669827965265,-0.19047619047619047,-0.09523809523809523,4.280080836486519,0.5,0.9844185508538381,0.9997292760349417
573,train,2,1,1,-118.13022610246057,523.7606288625659,0.19047619047619047,-109.186415373995,-74.31726895856022,-0.19047619047619047,-0.2857142857142857,-64.02320791446724,0.5,0.9844185508538381,0.9997292760349417
574,train,1,0,1,-357.3778033097094,-578.5960942128041,-1.3333333333333333,-697.1596621338704,0.0,0.0,0.0,0.0,0.5,0.9927161203047484,0.9986471128909702
574,train,2,1,0,357.3778033097094,224.90797515841695,0.6666666666666666,-109.78374791996438,0.0,0.0,0.0,0.0,0.5,0.9927161203047484,0.9986471128909702
575,train,1,0,1,-178.97942908513133,-1226.3975378888929,0.0,0.0,53.27247684220905,-0.5,-0.3333333333333335,0.0,0.5,0.994330161584063,0.999052786729054
575,train,2,1,0,357.95885817026266,1329.809442055122,0.0,0.0,57.81864118141887,0.0,-0.6666666666666665,0.0,0.5,0.994330161584063,0.999052786729054
576,train,1,0,0,-60.710863298508976,-39.25311044416504,0.0,0.0,85.03367774105541,0.0,2.3333333333333335,0.0,0.5,1.0118477216418162,0.9987823191973281
576,train,2,0,0,0.0,-269.5913812022768,0.0,0.0,461.1593212086637,0.0,0.6666666666666666,0.0,0.5,1.0118477216418162,0.9987823191973281
577,validation,0,1,0,240.0,2150.704542560542,-0.047619047619047616,33.77607311436833,77.61542824179666,0.09523809523809523,0.14285714285714285,-94.47651017719679,0.5,1,1
577,validation,1,2,1,-300.0,-1615.2531542198913,0.047619047619047616,-137.7310540786944,-57.915104053530555,-0.19047619047619047,-0.28571428571428564,-54.50822587595371,0.5,1,1
578,train,0,1,1,-247.82529852662302,-346.6065678879716,0.047619047619047616,-53.55670941698793,-83.9616322753428,0.0,-0.1428571428571428,-0.6553589595937233,0.5,1.032605410527596,0.997836259329798
578,train,2,0,0,371.73794778993454,276.63469892392857,0.047619047619047616,231.93151668508966,-21.905562360946107,0.0,0.0,19.639529219044668,0.5,1.032605410527596,0.997836259329798
579,validation,1,0,1,121.24104194756971,652.0605207143693,-1.0,-40.2844259754639,0.0,0.0,0.1333333333333333,-57.924831265712754,0.5,1.0103420162297476,1.0024398170780122
579,validation,1,2,1,60.620520973784856,340.60880864423376,-0.3333333333333333,-44.082228157947775,0.0,-0.26666666666666666,0.2666666666666666,-124.40971816960582,0.5,1.0103420162297476,1.0024398170780122
580,train,2,0,1,-119.64312769713955,-124.72337149040713,0.0,0.0,0.0,0.0,0.0,-11.185744846479778,0.5,0.9970260641428296,0.9994586253613486
580,train,2,1,1,-59.821563848569774,-25.015248892919374,0.0,0.0,0.0,-0.6666666666666666,0.0,45.04654456687737,0.5,0.9970260641428296,0.9994586253613486
581,train,1,0,1,-119.65932611715021,-359.04801207094295,0.0,428.58613345642584,0.0,-0.6666666666666666,0.0,0.0,0.5,0.9971610509762517,0.9994586253613486
581,train,1,2,1,119.65932611715021,1032.282570648876,0.0,66.4431910814398,0.0,-0.6666666666666666,0.0,0.0,0.5,0.9971610509762517,0.9994586253613486
582,test,0,1,1,58.985204621189894,-167.00009013896332,0.13333333333333333,-75.08602865574159,16.427061421630757,0.0,-0.9999999999999998,9.77625618528063,0.5,0.9830867436864982,0.9964862995176281
582,test,2,0,0,-117.97040924237979,284.9494968155733,0.0,150.6027011619264,-28.236142810801322,0.0,1.3333333333333333,-15.191327604598897,0.5,0.9830867436864982,0.9964862995176281
583,train,2,0,1,-61.964712865798546,-613.1139475203784,-0.7142857142857142,-167.38332660689446,-137.81951671623523,0.0,-0.047619047619047616,20.682601827955438,0.5,1.0327452144299758,0.997836259329798
583,train,1,2,0,371.7882771947913,872.3298927177615,0.0,192.94439690425537,217.27766966706758,0.19047619047619047,0.09523809523809523,-6.474133340248406,0.5,1.0327452144299758,0.997836259329798
584,test,0,1,1,-239.25386293985514,-707.464284265986,-1.0,0.0,0.0,0.0,0.0,0.0,0.5,0.9968910955827297,0.9994586253613486
584,test,2,0,0,59.813465734963785,55.62766240850479,2.0,0.0,0.0,0.0,0.0,0.0,0.5,0.9968910955827297,0.9994586253613486
585,train,1,0,0,-179.44039720489135,-646.6694136010274,0.0,0.0,0.0,0.0,0.0,0.0,0.5,0.9968910955827297,0.9994586253613486
585,train,2,0,0,-119.62693146992757,356.68621539988015,3.0,0.0,0.0,0.0,0.0,0.0,0.5,0.9968910955827297,0.9994586253613486
586,train,1,0,0,60.0,-37.16929034839268,0.0,631.292595697527,-79.09958801148943,0.0,0.0,0.0,0.5,1,1
586,train,0,2,1,-180.0,-917.3345073418072,0.0,-962.1337029628877,-150.28822698866838,0.0,0.0,0.0,0.5,1,1
587,train,1,0,0,0.0,-1097.5860131458894,0.0,66.33126868331215,0.0,-0.2,-0.13333333333333341,-23.804985502180593,0.5,1,1
587,train,0,2,1,0.0,-1527.760202817697,-0.8,-311.42477680928323,0.0,0.2,-0.1333333333333333,-13.393156821487388,0.5,1,1
588,train,1,0,0,353.86331835894185,215.17078808607587,0.26666666666666666,-14.771215684704885,6.7032586585212215,-0.06666666666666667,0.9999999999999999,0.0,0.5,0.9829536621081718,0.9968910955827297
588,train,2,0,0,235.90887890596125,663.979038761787,0.0,-38.61207560014326,42.90603012058405,0.0,0.33333333333333337,0.0,0.5,0.9829536621081718,0.9968910955827297
589,train,2,0,1,181.5909392556773,815.6204473508103,0.0,0.0,0.0,0.0,0.0,-387.57495952818556,0.5,1.0088385514204294,0.9997292760349417
589,train,2,1,1,-60.530313085225764,-802.9438706898609,0.0,0.0,0.0,0.0,0.0,-304.00805797942274,0.5,1.0088385514204294,0.9997292760349417
590,train,1,0,1,-61.22258933638906,-201.43463806583324,-0.3333333333333333,0.0,0.0,0.0,-2.6666666666666665,0.0,0.5,1.0203764889398177,0.9987823191973281
590,train,2,1,0,61.22258933638906,16.86327744014405,0.0,0.0,0.0,0.0,2.0,0.0,0.5,1.0203764889398177,0.9987823191973281
591,train,1,0,1,-960.0,-1347.4839602122534,0.0,0.0,0.0,0.0,0.0,0.0,0.5,1,1
591,train,2,1,0,600.0,708.007270500812,0.0,0.0,0.0,0.0,0.0,0.0,0.5,1,1
592,test,1,0,0,187.48640269293935,1451.7884171103542,0.0,200.3067391842648,418.0717111771081,0.0,0.0,0.0,0.5,1.0415911260718853,1.004749554350707
592,test,0,2,1,-312.4773378215656,-776.8407211792559,0.0,-17.839720434709022,-1160.7778916264638,0.0,0.0,0.0,0.5,1.0415911260718853,1.004749554350707
593,test,0,2,0,0.0,1017.0167081598019,1.1428571428571428,17.131727589623722,-33.223038709111506,0.19047619047619047,0.09523809523809523,-38.04708156089105,0.5,1.0012191653569225,1.0066556864170535
593,test,1,2,0,0.0,468.0049975954734,0.2857142857142857,-10.93676005873246,-1.5629163659911,0.19047619047619047,0.14285714285714285,0.13446273938303221,0.5,1.0012191653569225,1.0066556864170535
594,train,0,2,0,-300.0,894.449348302277,0.0,0.0,0.0,0.0,0.0,0.0,0.5,1,1
594,train,2,1,1,180.0,-3368.9147292879297,0.0,0.0,0.0,0.0,0.0,0.0,0.5,1,1
595,train,2,0,1,118.22622012314447,-2553.5471372970865,-0.6000000000000001,-62.71932802740825,0.0,0.0,-1.2000000000000002,-60.6156619757775,0.5,0.9852185010262039,1.003933745899739
595,train,2,1,1,-236.45244024628894,-2894.6533148348335,0.0,-167.2028139116286,0.0,0.0,-2.4000000000000004,80.87875240258276,0.5,0.9852185010262039,1.003933745899739
596,validation,1,0,0,0.0,673.2856787695748,0.0,-120.99599982855511,-76.33028193669836,0.0,0.0,0.0,0.5,0.9917758064213138,0.9983767551848742
596,validation,0,2,1,-178.51964515583649,-625.4362141837573,-0.1,147.7868419275064,-23.24670761025115,-0.4,0.0,0.0,0.5,0.9917758064213138,0.9983767551848742
597,validation,2,0,1,-587.6999144108839,-427.8450333132986,0.0,0.0,-166.3480617898891,0.0,0.0,42.891959666585095,0.5,0.9794998573514732,0.9964862995176282
597,validation,1,2,0,235.07996576435355,-706.7366300251907,-1.0,0.0,305.1147339621974,0.0,0.0,28.76814291925058,0.5,0.9794998573514732,0.9964862995176282
598,train,2,0,1,-60.62872835417434,61.266731759694416,0.0,-91.5587260855535,3.626870175601585,-0.2,0.0,0.0,0.5,1.0104788059029057,1.0006771306930664
598,train,2,1,1,-121.25745670834868,109.50561523024398,0.0,34.74348399118361,20.97185407302079,0.2,-0.6666666666666667,0.0,0.5,1.0104788059029057,1.0006771306930664
599,train,1,0,1,-60.0,-3654.6260356565554,0.0,0.0,0.0,0.0,0.0,0.0,0.5,1,1
599,train,1,2,1,-300.0,-2992.1498385121986,0.0,0.0,0.0,0.0,0.0,0.0,0.5,1,1
600,test,0,1,1,-121.78390411629557,370.23921440103805,-0.2857142857142857,26.59701696508096,-35.749998367834785,-0.2857142857142857,0.19047619047619047,3.440447661290108,0.5,1.0148658676357964,0.9981064706710885
600,test,0,2,1,-60.89195205814779,593.8144200732978,-0.42857142857142855,-1.7350970883257162,-124.72837350869148,0.0,0.19047619047619047,-0.9769643469881544,0.5,1.0148658676357964,0.9981064706710885
601,train,1,0,0,300.0,-69.37045964174104,0.0,0.0,0.0,0.0,0.0,0.0,0.5,1,1
601,train,2,0,0,120.0,1639.9181241776023,0.0,0.0,0.0,0.0,0.0,0.0,0.5,1,1
602,train,0,1,1,-58.897430206195914,-341.583081746552,0.0,0.0,0.0,0.0,0.0,-131.60860824632366,0.5,0.9816238367699319,0.9986471128909702
602,train,2,0,0,235.58972082478365,80.07775273961151,0.0,0.0,0.0,0.0,0.0,182.23732761811291,0.5,0.9816238367699319,0.9986471128909702
603,train,2,0,1,60.0,-255.6331940653069,0.0,0.0,0.0,0.0,0.3333333333333335,-124.8664842389496,0.5,1,0.9986471128909702
603,train,1,2,0,480.0,375.711888054545,0.0,0.0,0.0,0.0,-0.6666666666666665,264.68583654642975,0.5,1,0.9986471128909702
604,train,0,1,1,119.91879930031808,216.3451399143436,0.0,0.0,0.0,-1.0,0.0,0.0,0.5,0.9993233275026507,0.9998646288547973
604,train,2,0,0,-59.95939965015904,-586.4462616313658,0.0,0.0,0.0,0.0,0.0,0.0,0.5,0.9993233275026507,0.9998646288547973
605,train,0,1,0,0.0,-410.94811812633884,0.0,0.0,624.046354570689,0.0,0.0,0.0,0.5,0.9897638462385832,1.0021684325960005
605,train,2,1,0,178.15749232294496,205.1821212550925,0.0,0.0,1043.4112205460551,0.0,0.0,0.0,0.5,0.9897638462385832,1.0021684325960005
606,train,0,1,0,-120.0,-402.4120713189218,0.0,0.0,0.0,0.0,0.0,0.0,0.5,1,1
606,train,1,2,1,300.0,541.4169643358946,0.0,0.0,0.0,0.0,0.0,0.0,0.5,1,1
607,train,2,0,1,0.0,122.6648667854327,0.0,0.0,0.0,-0.3333333333333333,-0.6666666666666665,0.0,0.5,0.9921786889738351,0.9986471128909702
607,train,2,1,1,59.530721338430105,-325.30938230865837,0.0,0.0,0.0,0.0,-2.0,0.0,0.5,0.9921786889738351,0.9986471128909702
608,train,1,0,1,-60.284973261042424,255.8197158122271,-0.13333333333333333,0.0,55.47679689219484,-0.26666666666666666,0.13333333333333336,-92.15946246505484,0.5,1.004749554350707,1.003933745899739
608,train,1,2,1,-120.56994652208485,118.39281982305816,-0.26666666666666666,0.0,81.26500793663956,0.0,-0.06666666666666665,-66.01129813225403,0.5,1.004749554350707,1.003933745899739
609,train,0,1,0,240.0,-1810.4419206197044,0.0,0.0,0.0,0.0,0.0,0.0,0.5,1,1
609,train,1,2,1,-600.0,525.1769190170444,0.0,0.0,0.0,0.0,0.0,0.0,0.5,1,1
610,train,1,0,1,-59.821563848569774,67.42760332400753,0.0,0.0,0.0,-1.3333333333333333,0.6666666666666666,0.0,0.5,0.9970260641428296,0.9995939415379522
610,train,2,1,0,59.821563848569774,-155.30167105581265,0.0,0.0,0.0,1.3333333333333333,0.9999999999999998,0.0,0.5,0.9970260641428296,0.9995939415379522
611,train,0,2,0,58.17628816289252,-122.04377542420069,0.0,0.0,69.93646363120413,0.0,0.0,37.42253634790447,0.5,0.9696048027148753,1.0002707972763707
611,train,2,1,1,-58.17628816289252,-50.17425381189976,0.0,0.0,89.7210343702844,0.0,0.0,-137.1818970860344,0.5,0.9696048027148753,1.0002707972763707
612,train,1,0,0,239.83759860063617,-227.32507193555216,0.0,0.0,0.0,1.0,0.0,0.0,0.5,0.9993233275026507,0.9998646288547973
612,train,2,0,0,59.95939965015904,-495.23793783318746,0.0,0.0,0.0,0.0,0.0,0.0,0.5,0.9993233275026507,0.9998646288547973
613,validation,0,2,0,117.6673526364936,324.48554707200566,0.5714285714285714,393.17783922708406,-72.44558192122835,0.0,0.0,37.0754214377838,0.5,0.98056127197078,0.9960816678233944
613,validation,2,1,1,-117.6673526364936,39.15150248326973,-0.2857142857142857,-134.22564624684833,47.343062175741,0.0,0.0,0.0,0.5,0.98056127197078,0.9960816678233944
614,train,1,0,0,177.50746761373247,707.8323475746867,0.0,242.562362952601,0.0,0.1,-0.20000000000000018,0.0,0.5,0.9861525978540693,0.9972960560854701
614,train,0,2,1,-118.33831174248832,-425.8409620219969,0.0,-642.4925519022187,0.0,-0.2,0.40000000000000013,0.0,0.5,0.9861525978540693,0.9972960560854701
615,train,0,2,0,60.0,67.58369459828964,0.0,477.3925775329634,-59.54601307614032,0.1,-0.4000000000000001,0.0,0.5,1,1
615,train,1,2,0,-60.0,-451.854724071256,0.0,-36.58377106289248,19.740479190274073,0.0,0.0,0.0,0.5,1,1
616,train,1,0,1,-293.2538402102838,-968.2509791031803,0.13333333333333336,-622.5273352820046,37.57079936278831,0.0,0.5333333333333334,-70.1613700261766,0.5,0.977512800700946,0.997836259329798
616,train,2,1,0,586.5076804205676,631.671978629331,-0.06666666666666668,275.4730264450857,-161.34703122428277,0.0,-0.26666666666666683,153.48036535012565,0.5,0.977512800700946,0.997836259329798
617,train,1,0,1,-488.7871239119791,-1309.0697263996378,0.0,0.0,-182.6862184824392,0.0,-0.49999999999999994,51.185873589050175,0.5,1.0183065081499565,1.0005416678839063
617,train,1,2,1,-916.4758573349609,-3732.982129939064,0.0,0.0,-378.95536432250157,0.0,-0.8333333333333333,-98.17114338368339,0.5,1.0183065081499565,1.0005416678839063
618,train,1,0,0,120.0,-206.4982440813751,0.0,0.0,0.0,0.0,0.0,0.0,0.5,1,1
618,train,0,2,1,60.0,639.5468242463016,0.0,0.0,0.0,0.0,0.0,0.0,0.5,1,1
619,train,2,0,1,-180.6346962192386,-309.9093300341908,-0.09523809523809523,52.536597716197235,-220.81096752739265,0.14285714285714285,-0.23809523809523792,33.19235608414854,0.5,1.0035260901068812,0.997836259329798
619,train,1,2,0,-60.21156540641287,-671.0891120653399,0.0,85.52450615971028,6.87448416842895,0.2857142857142857,-0.7142857142857143,-5.484568586758556,0.5,1.0035260901068812,0.997836259329798
620,test,0,1,0,-125.66962354637147,-251.72580639404174,0.7999999999999999,-73.96956745592718,0.0,0.0,0.20000000000000007,6.855471141035137,0.5,1.0472468628864289,1.004069667960554
620,test,2,1,0,-125.66962354637147,568.8426381490012,-0.5333333333333333,-256.8666430046907,0.0,0.13333333333333333,0.8000000000000002,112.71863059128509,0.5,1.0472468628864289,1.004069667960554
621,train,0,2,0,239.2862553942791,376.6733129683079,0.0,0.0,0.0,0.0,0.0,-39.06366690695327,0.5,0.9970260641428296,0.9994586253613486
621,train,2,1,1,-59.821563848569774,-380.3667662548701,0.0,0.0,0.0,-1.3333333333333333,0.0,-63.613765134588846,0.5,0.9970260641428296,0.9994586253613486
622,train,0,1,0,-60.530313085225764,32.19643151427873,0.0,0.0,0.0,0.0,0.0,101.81827065140389,0.5,1.0088385514204294,0.9997292760349417
622,train,2,1,0,181.5909392556773,94.67842118941383,0.0,0.0,0.0,0.0,0.0,80.18167534539961,0.5,1.0088385514204294,0.9997292760349417
623,train,1,0,1,119.06144267686021,-48.8950716068587,0.0,0.0,0.0,0.0,-4.0,0.0,0.5,0.9921786889738351,0.9986471128909702
623,train,1,2,1,-238.12288535372042,695.26274278242,0.0,0.0,0.0,0.3333333333333333,-2.0,0.0,0.5,0.9921786889738351,0.9986471128909702
624,train,1,0,1,-420.0,-1228.4091804431582,-0.8,-433.59433204138304,46.84809907527951,-0.06666666666666667,0.0,49.96359737150297,0.5,1,1
624,train,2,1,0,660.0,1986.3453558006386,0.26666666666666666,615.190705195268,-52.858476831103985,0.0,0.0,15.672212833835978,0.5,1,1
625,test,0,1,0,-58.80182525798948,598.1699218516854,0.5714285714285714,111.0627161019774,2.6029408686234774,-0.14285714285714285,2.142857142857143,88.11790861517522,0.5,0.9800304209664913,1.0014902927799512
625,test,1,2,1,-58.80182525798948,-873.5144308617771,-0.5714285714285714,44.10573846664309,-56.520613782732205,0.14285714285714285,-1.6666666666666665,-142.47333155350134,0.5,0.9800304209664913,1.0014902927799512
626,train,0,1,0,-357.86195012885105,-2479.295478759025,0.0,0.0,0.0,0.0,0.0,7.98820243451263,0.5,0.9940609725801418,0.9989175438091965
626,train,2,1,0,298.21829177404254,-93.33490262587608,0.0,0.0,0.0,1.0,-0.16666666666666674,31.486433361989413,0.5,0.9940609725801418,0.9989175438091965
627,train,2,0,1,-360.0,-1713.6349582285884,-0.8,-831.8467506738102,-88.64163731291185,0.0,-0.6000000000000001,0.0,0.5,1,1
627,train,1,2,0,300.0,2039.8996337277058,1.2000000000000002,208.7117332408343,67.52105160273257,0.0,-0.5999999999999999,0.0,0.5,1,1
628,train,1,0,0,412.0030315450758,194.72018070850405,0.0,49.13008170720923,171.81853009652235,0.0,0.0,0.0,0.5,0.9809595989168473,1.0042056084237854
628,train,0,2,1,-176.5727278050325,1708.9750059562118,-0.5,321.66716140348007,-14.809770459565698,0.0,0.0,0.0,0.5,0.9809595989168473,1.0042056084237854
629,train,0,2,0,-300.0,-1192.8109493355691,0.0,0.0,0.0,0.0,0.0,0.0,0.5,1,1
629,train,1,2,0,-120.0,-167.96578904510716,0.0,0.0,0.0,0.0,0.0,0.0,0.5,1,1
630,train,0,1,0,-251.57754468173752,235.6461337385695,0.0,-106.30940791813225,240.8953587002669,0.0,0.0,173.12479201789384,0.5,1.0482397695072396,1.0014902927799512
630,train,2,1,0,-314.4719308521719,-397.4385587707883,0.0,-99.89917436436767,107.37210583033188,0.0,0.0,196.00664711038158,0.5,1.0482397695072396,1.0014902927799512
631,train,2,0,1,-62.56318947607791,-272.0364118034735,0.0,0.0,0.0,0.3,0.6,3.932955868862294,0.5,1.0427198246012985,1.0031185998461076
631,train,2,1,1,62.56318947607791,416.1042957064028,0.0,0.0,0.0,0.3,0.19999999999999996,16.85278284317406,0.5,1.0427198246012985,1.0031185998461076
632,train,0,1,1,-662.9551794145254,-843.3200610044843,0.2,7.466790712660497,104.08920047969659,0.13333333333333333,0.0,-29.070716106722948,0.5,1.0044775445674627,1.0009481113345846
632,train,0,2,1,-180.8059580221433,-72.97966606530977,-0.2,-114.81041945777889,163.05909452213217,-0.06666666666666668,0.0,-17.3388353855821,0.5,1.0044775445674627,1.0009481113345846
633,train,0,1,0,60.710863298508976,514.9413640784096,0.0,0.0,61.9915138800763,0.0,0.0,-0.07182648289455074,0.5,1.0118477216418162,1.0017614936235477
633,train,1,2,1,0.0,-839.1593291021701,0.0,0.0,-263.77369279040107,0.0,0.0,-34.04261396317702,0.5,1.0118477216418162,1.0017614936235477
634,test,0,2,0,-178.5921640152903,-434.6912956925047,0.0,0.0,0.0,0.0,0.666666666666667,0.0,0.5,0.9921786889738351,0.9986471128909702
634,test,2,1,1,-119.06144267686021,487.6060260278023,-1.0,0.0,0.0,0.0,-2.0,0.0,0.5,0.9921786889738351,0.9986471128909702
635,train,1,0,0,-237.3183189091976,181.4041597748024,-0.06666666666666667,-63.27480574532936,0.0,0.13333333333333333,-0.20000000000000007,-33.0932738536345,0.5,0.9888263287883233,0.9968910955827297
635,train,0,2,1,-177.9887391818982,-814.4432726022004,-0.06666666666666668,-325.5744826373185,0.0,0.13333333333333333,0.4000000000000001,-114.61496628379702,0.5,0.9888263287883233,0.9968910955827297
636,train,0,1,1,-59.14512973481041,-754.9466014549226,0.0,-19.72487954995418,8.02188946644231,0.0,-0.14285714285714285,-9.72612755093342,0.5,0.9857521622468401,0.9994586253613486
636,train,0,2,1,-295.725648674052,-1534.3887196360643,-0.23809523809523808,-67.79989942154414,-9.37457645050688,-0.5714285714285714,-0.19047619047619047,-40.37465709459171,0.5,0.9857521622468401,0.9994586253613486
637,validation,1,0,0,180.0,548.0070744978561,0.0,182.86544890183347,0.0,0.0,0.6666666666666666,0.0,0.5,1,1
637,validation,2,0,0,360.0,564.3067690413181,0.0,86.3106382976141,0.0,0.0,2.0,0.0,0.5,1,1
638,validation,1,0,1,-239.25386293985514,-3104.6846775807717,0.0,0.0,0.0,0.0,0.0,0.0,0.5,0.9968910955827297,0.9994586253613486
638,validation,1,2,1,-478.5077258797103,-2877.399573774058,0.0,0.0,0.0,0.0,0.0,0.0,0.5,0.9968910955827297,0.9994586253613486
639,train,1,0,1,-120.0,-29.463952430119207,0.0,0.0,0.0,0.0,0.0,0.0,0.5,1,1
639,train,2,1,0,0.0,230.77986671915005,0.0,0.0,0.0,0.0,0.0,0.0,0.5,1,1
640,validation,1,0,0,-119.06144267686021,-554.5622159234647,0.0,0.0,0.0,0.0,0.6666666666666666,-22.02718644011616,0.5,0.9921786889738351,0.9986471128909702
640,validation,2,0,0,59.530721338430105,430.53520999519634,0.0,0.0,0.0,0.0,2.0,-36.618045748056545,0.5,0.9921786889738351,0.9986471128909702
641,train,0,1,0,118.70736158327705,-818.4094654060219,0.0,161.32306293944202,-30.207857400583578,0.0,-0.06666666666666665,-54.316709981126024,0.5,0.9892280131939755,1.0033902416308227
641,train,1,2,1,-118.70736158327705,817.2166758615305,0.0,-122.88726331651753,-62.61796718128063,-0.6666666666666667,0.0,42.965767479122604,0.5,0.9892280131939755,1.0033902416308227
642,validation,1,0,0,315.3672423770403,1020.2369263758985,0.6666666666666666,0.0,0.0,0.0,2.0,0.0,0.5,1.051224141256801,0.999052786729054
642,validation,0,2,1,-252.29379390163226,-1206.4481572766297,-0.6666666666666666,0.0,0.0,0.0,-2.0,0.0,0.5,1.051224141256801,0.999052786729054
643,train,0,2,0,296.08618714006883,693.8999315390233,0.09523809523809523,56.07198742592638,-74.89785829146554,0.2857142857142857,0.4761904761904763,51.464262432166336,0.5,0.9869539571335628,0.9975661211411934
643,train,2,1,1,-59.21723742801377,-690.3570111132989,0.0,-57.56518848794096,99.63470508526852,0.0,-0.7142857142857142,2.1167748505359505,0.5,0.9869539571335628,0.9975661211411934
644,train,0,1,0,57.807294915699366,548.3710743204086,0.0,-106.94119494148703,0.0,0.5333333333333333,0.0,-51.8955484550891,0.5,0.963454915261656,0.9958120046447593
644,train,1,2,1,57.807294915699366,-97.51865616251993,0.0,119.20146566001318,0.0,-0.26666666666666666,0.13333333333333333,-23.400186458546656,0.5,0.963454915261656,0.9958120046447593
645,test,0,1,1,-178.5921640152903,56.81185214499285,0.0,-209.37486775636737,0.0,0.0,-1.333333333333333,0.0,0.5,0.9921786889738351,0.9982416037801811
645,test,0,2,1,-297.6536066921505,-663.5994869931409,0.0,-24.929655282126845,0.0,0.0,-2.666666666666666,0.0,0.5,0.9921786889738351,0.9982416037801811
646,train,0,1,1,345.5314953861659,-1188.1770596847985,0.047619047619047616,116.99885350600022,174.83642661906973,0.0,-0.28571428571428564,-49.772729379560346,0.5,0.9598097094060164,0.99527289728058
646,train,0,2,1,-172.76574769308294,921.6012668707945,-0.14285714285714285,153.0038082473933,56.33959601802394,0.0,0.14285714285714285,-7.428509300296206,0.5,0.9598097094060164,0.99527289728058
647,train,1,0,0,521.464406478418,948.2727824392298,0.0,-1.7642343028986147,0.0,0.3,0.8,102.72923899522027,0.5,0.9656748268118852,0.9997292760349417
647,train,2,0,0,-57.940489608713115,-177.4340619643439,0.0,-31.411747432368713,0.0,-0.3,0.8,125.17823974121677,0.5,0.9656748268118852,0.9997292760349417
648,train,1,0,1,60.0,-403.32554709395663,-0.23809523809523808,-191.5207474775836,48.00462096567034,0.09523809523809523,0.19047619047619047,76.84660839063599,0.5,1,1
648,train,2,1,0,180.0,-377.4301201814528,-0.23809523809523808,95.37281234323234,33.309694897085535,-0.09523809523809523,-0.09523809523809523,-67.26765012059576,0.5,1,1
649,train,1,0,0,-60.0,529.6166541609746,0.0,0.0,0.0,0.0,0.0,0.0,0.5,1,1
649,train,2,0,0,-180.0,299.4896392691958,0.0,0.0,0.0,0.0,0.0,0.0,0.5,1,1
650,train,0,1,0,359.75639790095425,-166.79185479355775,0.0,0.0,0.0,0.0,0.0,0.0,0.5,0.9993233275026507,0.9998646288547973
650,train,2,1,0,359.75639790095425,1048.1813907454036,0.0,0.0,0.0,-1.0,0.0,0.0,0.5,0.9993233275026507,0.9998646288547973
651,train,0,1,0,-117.1904265124323,285.5739586071791,0.19047619047619047,140.49713833962997,-57.90538582116791,0.09523809523809523,-0.2857142857142857,147.5773195567284,0.5,0.9765868876036025,1.0006771306930664
651,train,2,1,0,-175.78563976864845,-594.7618746329811,0.09523809523809523,108.45757393182882,-78.69078335408398,0.0,0.0,74.31785147724861,0.5,0.9765868876036025,1.0006771306930664
652,train,0,2,0,-178.5921640152903,-187.05702668418314,0.0,0.0,0.0,0.0,0.0,0.0,0.5,0.992178688973835,0.9985119248876447
652,train,1,2,0,0.0,-317.64619174108145,0.6666666666666666,0.0,0.0,0.3333333333333333,0.0,0.0,0.5,0.992178688973835,0.9985119248876447
653,validation,2,0,1,-654.3948239020833,-484.7001729999339,0.0,-5.945882873066395,15.341436739082013,0.0,0.0,0.0,0.5,0.9915073089425505,0.9985119248876447
653,validation,2,1,1,-118.98087707310606,-70.11489136448799,0.0,-159.9999991282407,-74.2656813125256,0.0,0.2999999999999998,0.0,0.5,0.9915073089425505,0.9985119248876447
654,train,0,1,0,60.50573423938711,106.42148558212837,0.0,0.0,50.24908261185228,0.3333333333333333,0.0,-23.08154179956891,0.5,1.0084289039897851,0.9983767551848742
654,train,1,2,1,-60.50573423938711,5.422863787022776,0.0,0.0,-165.5815386899035,0.0,0.0,13.32060066154471,0.5,1.0084289039897851,0.9983767551848742
655,train,0,2,0,-121.58621902537301,-1308.525581822665,0.0,0.0,-21.195001723543832,0.0,0.0,0.0,0.5,1.0132184918781084,0.9982416037801811
655,train,1,2,0,60.793109512686506,-547.2090191552338,0.6666666666666666,0.0,129.62432731126842,0.0,0.0,0.0,0.5,1.0132184918781084,0.9982416037801811
656,train,1,0,0,180.0,1197.5904403759182,0.0,-167.35599184551165,134.06150068108218,0.0,0.0,0.0,0.5,1,1
656,train,0,2,1,-300.0,-1572.703853331103,0.0,-604.6455839270129,-222.1189056353992,0.0,0.0,0.0,0.5,1,1
657,train,0,2,0,535.7764920458709,881.1765164146835,0.0,0.0,0.0,0.0,0.0,0.0,0.5,0.992178688973835,0.9985119248876447
657,train,1,2,0,297.6536066921505,-36.25879038564847,0.0,0.0,0.0,0.0,0.0,0.0,0.5,0.992178688973835,0.9985119248876447
658,train,0,1,1,-180.41474081735598,-542.123265862842,0.0,8.27663626454654,-154.83276814656102,0.0,-0.7999999999999998,-60.8989427099045,0.5,1.0023041156519776,1.0069282860351783
658,train,2,0,0,-120.27649387823732,196.92533297258296,1.0,-150.26757114207942,14.614656513485329,0.0,-0.40000000000000013,34.610811154117556,0.5,1.0023041156519776,1.0069282860351783
659,train,1,0,0,720.0,2721.3433991557276,0.0,0.0,0.0,0.0,0.0,0.0,0.5,1,1
659,train,2,0,0,0.0,2447.7440308793366,0.0,0.0,0.0,0.0,0.0,0.0,0.5,1,1
660,train,1,0,1,60.966189416612465,-3467.384954023958,-0.6666666666666666,0.0,0.0,0.0,-2.0,-332.2975335921012,0.5,1.016103156943541,0.9981064706710885
660,train,2,1,0,182.89856824983738,2239.3196355639625,0.3333333333333333,0.0,0.0,0.0,0.5,0.0,0.5,1.016103156943541,0.9981064706710885
661,train,1,0,1,0.0,581.8397659605021,0.0,0.0,0.0,0.0,0.0,0.0,0.5,1,1
661,train,2,1,0,0.0,-541.9263288208172,0.0,0.0,0.0,0.0,0.0,0.0,0.5,1,1
662,test,1,0,0,-60.472977969376906,-534.2912756036511,0.0,84.44697396465313,-20.194426555981558,0.14285714285714285,-0.19047619047619047,-7.729237567650557,0.5,1.0078829661562818,1.0074737067491204
662,test,2,0,0,362.83786781626145,404.2579713827191,0.5714285714285714,-650.5208074054558,-48.67332848556497,0.2857142857142857,0.3809523809523807,-71.87158280220217,0.5,1.0078829661562818,1.0074737067491204
663,train,2,0,1,0.0,1424.9521029089992,0.0,0.0,0.0,0.0,0.0,0.0,0.5,1,1
663,train,1,2,0,660.0,-310.5969292049667,0.0,0.0,0.0,0.0,0.0,0.0,0.5,1,1
664,test,0,2,0,122.04798430364953,1049.715521646846,0.5333333333333334,-73.377543152811,76.26169527277942,0.3333333333333333,0.0,0.3407523140980331,0.5,1.017066535863746,0.9981064706710885
664,test,2,1,1,61.023992151824764,-645.7188878820476,-0.5333333333333334,-44.89224683517381,-6.995001498830618,-0.3333333333333333,0.0,-16.12488757590124,0.5,1.017066535863746,0.9981064706710885
665,train,0,1,0,-178.93097506442552,-599.3869910202719,0.0,250.99005456801808,0.0,0.5,-0.16666666666666674,0.0,0.5,0.9940609725801418,0.9989175438091965
665,train,2,1,0,-178.93097506442552,-1164.9800580362532,0.0,38.154558836631736,0.0,0.5,-0.33333333333333337,0.0,0.5,0.9940609725801418,0.9989175438091965
666,train,0,2,0,121.42172659701795,-534.5010151980462,0.0,0.0,197.4255642861736,0.3333333333333333,0.0,0.0,0.5,1.0118477216418162,0.9987823191973281
666,train,1,2,0,364.26517979105387,-10.458677205174169,0.0,0.0,381.5451708817078,0.3333333333333333,0.0,0.0,0.5,1.0118477216418162,0.9987823191973281
667,train,1,0,1,-180.0,-780.6309843962872,-1.3333333333333333,-539.5407063472514,0.0,0.0,0.0,0.0,0.5,1,1
667,train,2,1,0,-60.0,-1032.2437799027866,0.3333333333333333,485.19669466222695,0.0,0.0,0.0,0.0,0.5,1,1
668,train,0,1,0,242.81057919767204,78.57533789551103,0.0,66.42251743439743,120.51337664956873,0.0,0.0,0.0,0.5,1.0117107466569668,1.0017614936235477
668,train,2,1,0,364.21586879650806,1234.8969871407828,0.0,-134.92527671922937,834.0336857759594,0.0,0.0,0.0,0.5,1.0117107466569668,1.0017614936235477
669,train,1,0,1,1027.7623102450368,2454.918630569609,-0.5,504.13581315954036,-545.7651632811536,0.0,0.0,0.0,0.5,1.0076101080833695,0.9970260641428296
669,train,1,2,1,-302.28303242501084,559.9811766157464,-1.0,391.3549888884529,-544.5747194727121,0.0,0.0,0.0,0.5,1.0076101080833695,0.9970260641428296
670,train,0,1,1,-60.7190829102982,257.08563042594045,-1.0,0.0,-86.20358642069937,0.0,-1.3333333333333333,0.0,0.5,1.0119847151716366,0.9974310794729591
670,train,0,2,1,-60.7190829102982,-983.435099532347,0.0,0.0,-192.66073655000042,0.0,-0.6666666666666667,0.0,0.5,1.0119847151716366,0.9974310794729591
671,train,2,0,1,-180.0,-2196.5393346393867,0.0,-1250.0232277198706,-34.15187941107098,0.0,-0.6000000000000001,0.0,0.5,1,1
671,train,2,1,1,0.0,-1080.377776092586,-0.1,-946.427283795141,124.20755953943026,0.0,-0.8,0.0,0.5,1,1
672,train,0,2,0,892.8399389476167,2678.1337737822278,0.0,0.0,428.15721298633935,0.0,2.6666666666666665,0.0,0.5,0.992044376608463,0.9987823191973281
672,train,1,2,0,59.52266259650778,540.8862392250305,0.0,0.0,140.8991935118747,0.0,1.3333333333333335,0.0,0.5,0.992044376608463,0.9987823191973281
673,validation,1,0,1,-180.0,-478.70468752742545,-0.5333333333333333,-251.9986887885239,-4.372160974034884,-0.2,-0.33333333333333337,0.0,0.5,1,1
673,validation,1,2,1,0.0,-5.522820657405646,-0.26666666666666666,-200.77755002733926,-27.690439337977384,-0.4,-0.13333333333333333,0.0,0.5,1,1
674,train,0,1,1,-900.0,-614.6608294551233,0.0,0.0,0.0,0.0,0.0,0.0,0.5,1,1
674,train,0,2,1,120.0,860.3997336617012,0.0,0.0,0.0,0.0,0.0,0.0,0.5,1,1
675,train,0,1,1,-174.31634404087757,161.6165979629452,0.0,-63.825012709435555,0.0,0.0,-0.33333333333333304,-173.1139594743079,0.5,0.9684241335604309,0.9967561452934783
675,train,0,2,1,-290.5272400681293,-1708.5314651482272,0.0,-118.42626616984984,0.0,0.0,1.0,-267.47073404549025,0.5,0.9684241335604309,0.9967561452934783
676,validation,0,1,1,664.0330676486582,-398.4976582846231,0.0,-128.61034820167254,203.42470362281045,-0.6000000000000001,-1.1999999999999997,0.0,0.5,1.006110708558573,0.9981064706710885
676,validation,0,2,1,60.36664251351438,-2534.746106606776,0.0,-178.69545299923396,-3.3370339951468395,-0.2,-2.7,0.0,0.5,1.006110708558573,0.9981064706710885
677,train,1,0,1,58.897430206195914,23.132111048120144,0.0,0.0,0.0,0.0,0.0,-23.198664468393332,0.5,0.9816238367699319,0.9986471128909702
677,train,2,1,0,0.0,144.03967806177656,0.0,0.0,0.0,0.0,0.0,172.7175326677558,0.5,0.9816238367699319,0.9986471128909702
678,train,0,1,1,250.28663949332878,-614.1060124342879,0.0,12.418202524269446,-16.70547462206862,0.0,-0.2857142857142857,-64.23460601446016,0.5,1.0428609978888699,1.0005416678839063
678,train,0,2,1,187.71497961999657,289.9514110790058,0.047619047619047616,-218.9910549872917,0.79198422158764,-0.19047619047619047,0.09523809523809523,-71.61353828094289,0.5,1.0428609978888699,1.0005416678839063
679,train,1,0,0,480.0,861.6857303902962,0.0,0.0,0.0,0.0,0.0,0.0,0.5,1,1
679,train,2,0,0,420.0,-340.9197104624318,0.0,0.0,0.0,0.0,0.0,0.0,0.5,1,1
680,train,0,2,0,0.0,400.85887897025407,0.0,0.0,3.3188705473160356,-0.13333333333333333,1.0,47.83478593563858,0.5,1.0104788059029057,0.9971610509762517
680,train,1,2,0,-60.62872835417434,-44.664633427534106,-0.2,0.0,5.231347156614832,-0.13333333333333333,1.0,-38.59615029501906,0.5,1.0104788059029057,0.9971610509762517
681,train,2,0,1,0.0,-2645.78469628057,-2.0,-94.98005578781445,-122.08775284125701,-0.2666666666666667,0.0,94.15746809123397,0.5,1.004069667960554,0.9959468271073058
681,train,1,2,0,180.73254023289974,1856.289006678808,0.3333333333333333,142.15013354717757,219.75678775134182,0.0,0.0,14.42825981490006,0.5,1.004069667960554,0.9959468271073058
682,test,1,0,0,300.0,278.59988708953733,0.0,0.0,0.0,0.0,0.0,0.0,0.5,1,1
682,test,2,0,0,60.0,183.0693086782794,0.0,0.0,0.0,0.0,0.0,0.0,0.5,1,1
683,validation,0,1,1,179.87819895047713,1427.6545566979885,0.0,0.0,0.0,-2.0,0.0,0.0,0.5,0.9993233275026507,0.9998646288547973
683,validation,0,2,1,419.7157975511133,867.4091417375892,0.0,0.0,0.0,-1.0,0.0,0.0,0.5,0.9993233275026507,0.9998646288547973
684,train,0,1,0,472.9048804925779,-802.551759999608,0.0,0.0,0.0,0.6000000000000001,-0.3999999999999999,-45.46716995632383,0.5,0.9852185010262039,0.9972960560854701
684,train,1,2,1,-413.79177043100566,511.39541852982654,-0.3,0.0,0.0,-0.6000000000000001,-1.6,47.49544024194293,0.5,0.9852185010262039,0.9972960560854701
685,train,0,1,0,0.0,-155.13736125753985,0.47619047619047616,157.98107496718444,32.512842777098285,0.0,0.09523809523809523,-12.173824189443314,0.5,1,1
685,train,2,1,0,-180.0,-107.61173505281795,0.0,218.6897008259518,28.57826845161732,0.19047619047619047,0.14285714285714285,11.1317395920246,0.5,1,1
686,test,1,0,1,117.79486041239183,-127.0862242623333,0.0,0.0,0.0,0.0,0.0,-121.15049794071808,0.5,0.9816238367699319,0.9986471128909702
686,test,2,1,0,-117.79486041239183,-462.1542223478917,0.0,0.0,0.0,0.0,0.0,44.50313750320304,0.5,0.9816238367699319,0.9986471128909702
687,test,1,0,1,0.0,-932.2797929060001,-0.5999999999999999,0.0,-35.92393583991577,-0.1,0.0,0.0,0.5,1.0062469253572153,1.0010836291719092
687,test,2,1,0,60.374815521432915,1677.3086429002112,0.0,0.0,208.90962427078887,0.0,0.0,0.0,0.5,1.0062469253572153,1.0010836291719092
688,train,1,0,0,-240.0,-1044.3011342084696,0.0,0.0,0.0,0.0,0.0,0.0,0.5,1,1
688,train,2,0,0,-60.0,623.7334991869502,0.0,0.0,0.0,0.0,0.0,0.0,0.5,1,1
689,test,0,1,1,0.0,-799.4946234739745,0.0,38.64366143151949,-2.785788597744073,-0.3,0.0,0.0,0.5,0.9852185010262039,0.9970260641428296
689,test,0,2,1,-118.22622012314447,-832.6597947455105,0.0,35.67061376514482,-7.683859227384744,-0.3,0.40000000000000013,0.0,0.5,0.9852185010262039,0.9970260641428296
690,train,1,0,1,549.8855144009765,2293.5003669161274,0.0,0.0,-250.83290063601152,0.0,0.9999999999999999,-129.94746287539115,0.5,1.0183065081499565,1.0005416678839063
690,train,2,1,0,-549.8855144009765,-3262.198338689385,0.0,0.0,43.68104723567515,0.0,-0.16666666666666652,74.30813732202803,0.5,1.0183065081499565,1.0005416678839063
691,test,0,1,0,548.1017656870388,431.5475849047499,0.19047619047619047,-1.3076376264616272,202.99816747501072,0.0,-1.0,4.714632908814149,0.5,1.0150032697908125,1.0074737067491204
691,test,1,2,1,0.0,922.4780719461442,0.38095238095238093,-17.45155406342772,-170.8263260409077,-0.2857142857142857,1.1428571428571428,17.106538549070972,0.5,1.0150032697908125,1.0074737067491204
692,test,0,1,1,-240.0,671.1739382158084,0.0,0.0,0.0,0.0,0.0,0.0,0.5,1,1
692,test,2,0,0,60.0,205.54284114270376,0.0,0.0,0.0,0.0,0.0,0.0,0.5,1,1
693,train,1,0,1,-666.8257307116335,-711.1789052755795,0.0,0.0,-234.54671576732468,0.2,-1.6666666666666665,-65.79351642378282,0.5,1.0103420162297476,1.0012191653569225
693,train,2,1,0,-181.86156292135456,94.12180957617953,0.0,0.0,120.51658165118866,-0.2,1.0,0.0,0.5,1.0103420162297476,1.0012191653569225
694,train,1,0,0,118.69129203179554,557.0849280386859,0.5333333333333333,19.06161465427884,192.04721428459038,1.0,0.0,12.62580977228825,0.5,0.9890941002649628,0.9979713558551195
694,train,2,0,0,415.4195221112844,1001.1855708223319,0.26666666666666666,28.456369082828886,89.2118870557375,0.3333333333333333,0.0,-2.0588708163353004,0.5,0.9890941002649628,0.9979713558551195
695,train,2,0,1,60.374815521432915,-63.12256889056996,0.2,0.0,-192.6887490971346,0.0,1.1999999999999997,0.0,0.5,1.0062469253572153,0.9981064706710885
695,train,1,2,0,482.9985241714633,1215.0408925759943,-0.2,0.0,93.95825791039496,-0.1,-0.2999999999999998,0.0,0.5,1.0062469253572153,0.9981064706710885
696,train,2,0,1,-239.83759860063617,-434.9883485256435,0.0,0.0,0.0,-1.0,0.0,0.0,0.5,0.9993233275026507,0.9998646288547973
696,train,2,1,1,-359.75639790095425,-3268.5086977422857,0.0,0.0,0.0,-2.0,0.0,0.0,0.5,0.9993233275026507,0.9998646288547973
697,test,0,2,0,0.0,381.9134220958081,0.0,0.0,0.0,0.0,0.0,0.0,0.5,1,1
697,test,1,2,0,180.0,1026.8712047768104,0.0,0.0,0.0,0.0,0.0,0.0,0.5,1,1
698,train,1,0,1,180.0,289.66559460227745,0.0,0.0,0.0,0.0,0.0,0.0,0.5,1,1
698,train,2,1,0,300.0,607.3517132937868,0.0,0.0,0.0,0.0,0.0,0.0,0.5,1,1
699,train,0,2,0,60.0,1032.04100568055,0.0,0.0,0.0,-0.6666666666666666,0.0,9.777980233083952,0.5,1,0.9986471128909702
699,train,1,2,0,180.0,932.058198071049,0.0,0.0,0.0,-0.3333333333333333,0.0,-66.92756097247062,0.5,1,0.9986471128909702
700,train,1,0,0,-243.00788994980377,524.9167294110551,0.0,115.60053921468628,-71.2470109013287,0.0,0.0,29.036272749560354,0.5,1.012532874790849,1.0028470316013334
700,train,2,0,0,-121.50394497490188,191.05890201291064,-0.09523809523809523,-24.317765076619196,-45.6548987538416,0.047619047619047616,0.0,80.58505764685833,0.5,1.012532874790849,1.0028470316013334
701,train,1,0,0,0.0,358.3565161463162,-0.2857142857142857,-103.85473350852794,194.65229443385226,0.5714285714285714,0.2857142857142857,50.58183510134543,0.5,1.004069667960554,1.0013547198921082
701,train,0,2,1,-180.73254023289974,-482.9388506409744,-0.2857142857142857,55.47062147656885,-172.5996690974804,-0.38095238095238093,-0.19047619047619047,-11.417519606424506,0.5,1.004069667960554,1.0013547198921082
702,validation,1,0,1,-719.5127958019085,-1653.8752741289832,0.0,0.0,0.0,-3.0,0.0,0.0,0.5,0.9993233275026507,0.9998646288547973
702,validation,1,2,1,-419.7157975511133,388.7868585043076,0.0,0.0,0.0,-1.0,0.0,0.0,0.5,0.9993233275026507,0.9998646288547973
703,test,1,0,1,0.0,102.95209212126568,-0.047619047619047616,-92.12813810056642,-50.858789990956396,-0.2857142857142857,0.0,97.10534746274011,0.5,0.9868203520461234,0.9972960560854701
703,test,1,2,1,59.2092211227674,805.5960271341615,-0.09523809523809523,-119.76612938307645,-26.244865552947743,0.0,0.2857142857142857,93.41949907427187,0.5,0.9868203520461234,0.9972960560854701
704,validation,0,1,1,300.0,1096.3195862118328,0.0,0.0,0.0,0.0,0.0,0.0,0.5,1,1
704,validation,0,2,1,0.0,-1127.3638745024273,0.0,0.0,0.0,0.0,0.0,0.0,0.5,1,1
705,train,1,0,1,-175.7142605221139,56.399372524640434,-0.5714285714285714,67.51678670361031,-56.099144715191585,0.23809523809523808,-0.14285714285714285,13.578810435368304,0.5,0.9761903362339661,1.0010836291719092
705,train,2,1,0,-292.8571008701898,-212.05967877378293,0.5714285714285714,31.436289460070725,9.287607204350138,0.0,0.09523809523809523,-47.532700429540064,0.5,0.9761903362339661,1.0010836291719092
706,train,2,0,1,240.0,-328.803598478029,-0.4285714285714285,-450.8650041895962,-16.47346067255307,0.0,-0.19047619047619047,91.43696463463624,0.5,1,1
706,train,2,1,1,-240.0,-312.72793855518194,-0.14285714285714285,218.42911839920617,-59.129889663822766,0.0,-0.09523809523809523,-86.82526797010809,0.5,1,1
707,train,0,2,0,-180.0,272.78378936195077,0.0,0.0,0.0,0.0,0.0,0.0,0.5,1,1
707,train,2,1,1,-180.0,-822.5215782405194,0.0,0.0,0.0,0.0,0.0,0.0,0.5,1,1
708,test,1,0,1,-58.873514406267816,-366.6742992193226,0.0,50.69251274848227,-174.33752176961056,0.09523809523809523,-0.2857142857142857,7.860092791217183,0.5,0.9812252401044637,1.0002707972763707
708,test,1,2,1,-412.1146008438747,-1041.3891474370218,0.14285714285714285,-79.60634640105098,-81.72563647503364,0.0,-1.1428571428571428,-2.015282295939545,0.5,0.9812252401044637,1.0002707972763707
709,train,1,0,0,58.36561774671925,448.7067691674274,0.0,337.0245159047192,0.0,0.0,0.0,256.4150107866116,0.5,0.9727602957786542,0.9975661211411934
709,train,0,2,1,-233.462470986877,-1188.4874949879454,0.0,-196.251172064039,0.0,0.0,0.0,-549.9926190070166,0.5,0.9727602957786542,0.9975661211411934
710,train,0,1,1,119.64312769713955,1420.6422686141407,0.0,0.0,0.0,-0.6666666666666666,-1.9999999999999998,0.0,0.5,0.9970260641428296,0.9995939415379522
710,train,0,2,1,-299.10781924284885,1267.5126231016916,0.0,0.0,0.0,-1.3333333333333333,-0.33333333333333326,0.0,0.5,0.9970260641428296,0.9995939415379522
711,train,1,0,0,60.530313085225764,128.5644788037059,0.0,0.0,0.0,0.0,0.0,511.382055794304,0.5,1.0088385514204294,1.0031185998461076
711,train,2,0,0,302.65156542612885,-1157.1315280339447,0.0,0.0,0.0,0.0,0.0,287.135760404711,0.5,1.0088385514204294,1.0031185998461076
712,train,0,2,0,0.0,86.19797495311622,0.0,0.0,0.0,0.0,0.0,47.38515282486543,0.5,0.9921786889738351,0.9986471128909702
712,train,1,2,0,-59.530721338430105,368.9497925626858,0.0,0.0,0.0,0.0,-1.3333333333333333,28.027940632061316,0.5,0.9921786889738351,0.9986471128909702
713,train,1,0,0,420.0,2145.6594120788013,0.0,0.0,0.0,0.0,0.0,0.0,0.5,1,1
713,train,2,0,0,840.0,2281.4858649008183,0.0,0.0,0.0,0.0,0.0,0.0,0.5,1,1
714,validation,1,0,0,59.506548385278826,1755.5395976632676,-0.6666666666666666,0.0,0.0,0.0,0.0,136.7017433599527,0.5,0.9917758064213138,1.003797842238849
714,validation,2,0,0,-119.01309677055765,532.8753582117516,1.3333333333333335,0.0,0.0,0.0,0.0,45.2790740216152,0.5,0.9917758064213138,1.003797842238849
715,test,2,0,1,60.0,527.8436463324169,0.0,0.0,0.0,0.0,0.0,0.0,0.5,1,1
715,test,1,2,0,60.0,8.655043763372305,0.0,0.0,0.0,0.0,0.0,0.0,0.5,1,1
716,train,0,2,0,548.9185977911206,160.16773171803038,0.5,33.79091280842363,0.0,0.0,0.0,0.0,0.5,1.0165159218354085,0.9979713558551195
716,train,2,1,1,60.99095531012451,423.0786058340501,1.0,300.5347874445679,0.0,-1.3333333333333333,0.0,0.0,0.5,1.0165159218354085,0.9979713558551195
717,train,1,0,1,179.46469154570931,331.7609152428977,-0.3333333333333333,0.0,0.0,0.0,0.0,0.0,0.5,0.9970260641428296,0.9995939415379522
717,train,1,2,1,478.5725107885582,720.9665686310468,-1.0,0.0,0.0,-0.6666666666666666,0.0,0.0,0.5,0.9970260641428296,0.9995939415379522
718,test,0,1,1,0.0,-1151.2978137248035,0.0,-324.3741269956481,48.830274727208355,0.0,-0.26666666666666666,0.0,0.5,0.9821555508763872,1.0023041156519776
718,test,0,2,1,-176.78799915774968,-1954.5813057472205,-0.3333333333333333,-23.86488493533915,69.85991216049992,-0.2,0.0,0.0,0.5,0.9821555508763872,1.0023041156519776
719,train,0,1,1,-60.0,0.0,0.0,0.0,0.0,0.0,0.0,-45.440141982526626,0.5,1,0.9986471128909702
719,train,0,2,1,-120.0,-246.31390653503522,0.0,0.0,0.0,0.0,0.0,-2.61745852756205,0.5,1,0.9986471128909702
720,test,2,0,1,-250.8293692007496,-822.6260931546699,-0.09523809523809523,-246.43539035528397,4.85966853511146,0.0,-0.4285714285714285,4.382746193300585,0.5,1.04512237166979,1.003933745899739
720,test,2,1,1,0.0,252.33269290555953,0.0,155.12817353267462,-58.85251884438977,-0.2857142857142857,-0.2857142857142857,-5.338879187762336,0.5,1.04512237166979,1.003933745899739
721,train,0,1,1,-117.76297052071749,-513.2753620856265,0.0,-42.49052827948652,-8.700843015775561,0.0,-0.8571428571428571,0.0,0.5,0.9813580876726458,0.9964862995176281
721,train,2,0,0,117.76297052071749,236.56194511133387,0.0,22.880362868600763,-17.123453395912318,0.14285714285714285,0.2857142857142857,69.4781110567925,0.5,0.9813580876726458,0.9964862995176281
722,train,0,1,0,176.69229061858775,1678.5313260265953,0.0,0.0,0.0,0.0,0.0,514.3524996949506,0.5,0.9816238367699319,0.9986471128909702
722,train,2,1,0,353.3845812371755,913.1848112875971,0.0,0.0,0.0,0.0,0.0,620.005507905232,0.5,0.9816238367699319,0.9986471128909702
723,train,1,0,0,0.0,-2107.186782495261,0.0,0.0,0.0,0.0,1.6666666666666665,0.0,0.5,0.9970260641428296,0.9995939415379522
723,train,2,0,0,717.8587661828373,-828.1485332901995,0.0,0.0,0.0,0.6666666666666667,2.3333333333333335,0.0,0.5,0.9970260641428296,0.9995939415379522
724,train,1,0,0,-61.22258933638906,672.2628795065671,0.0,0.0,0.0,0.3333333333333333,0.0,0.0,0.5,1.0203764889398177,0.9986471128909702
724,train,2,0,0,-122.44517867277813,662.1257446296044,0.6666666666666666,0.0,0.0,0.0,0.0,0.0,0.5,1.0203764889398177,0.9986471128909702
725,train,0,1,1,-861.4203780673982,-1207.7791068611991,0.0,0.0,0.0,0.0,1.0,0.0,0.5,1.025500450080236,0.9997292760349417
725,train,2,0,0,861.4203780673982,1152.5122603813431,0.0,0.0,0.0,0.0,1.0,0.0,0.5,1.025500450080236,0.9997292760349417
726,train,2,0,1,-59.506548385278826,-15.844925069302267,0.0,0.0,0.0,0.0,0.0,-90.90199861311461,0.5,0.9917758064213138,0.9982416037801811
726,train,2,1,1,59.506548385278826,273.715611630598,0.6666666666666666,0.0,0.0,0.0,0.0,11.26463088837098,0.5,0.9917758064213138,0.9982416037801811
727,test,2,0,1,58.99319059696016,-1368.966105185863,0.4,-62.67431322014028,-58.411595973764946,0.0,0.0,47.22756091947872,0.5,0.9832198432826693,1.0023041156519776
727,test,1,2,0,412.9523341787211,779.2845526516097,-0.8,257.84570750475535,-47.643660908782515,0.0,0.0,-47.53011313958518,0.5,0.9832198432826693,1.0023041156519776
728,test,2,0,1,-540.0,-761.2432626673435,0.0,-59.85093172363088,-49.28802593967103,0.0,0.1333333333333333,14.281972257273225,0.5,1,1
728,test,1,2,0,180.0,-621.3659520419355,0.0,-92.06078287432081,68.0883096238006,0.4,0.06666666666666671,6.54773113339958,0.5,1,1
729,train,1,0,1,365.2528028846788,894.2802526985055,-0.9523809523809523,-81.8228963352011,25.739916280327378,-0.2857142857142857,0.38095238095238093,27.49634325686022,0.5,1.0145911191241077,0.9982416037801811
729,train,1,2,1,60.875467147446464,1567.094063951591,-0.47619047619047616,21.355858893545737,89.15698490015077,-0.2857142857142857,-0.19047619047619047,30.138157648280668,0.5,1.0145911191241077,0.9982416037801811
730,validation,0,2,0,60.21156540641286,1597.8838090430042,0.38095238095238093,87.64370705687006,89.47057567798798,-0.19047619047619047,0.7142857142857144,39.63481840023556,0.5,1.003526090106881,0.997836259329798
730,validation,2,1,1,301.0578270320643,330.6627433165907,0.0,-4.157314204197718,-10.50415042514281,-0.19047619047619047,0.23809523809523814,-77.08349826664158,0.5,1.003526090106881,0.997836259329798
731,train,1,0,0,59.297460197513196,123.00852989007738,0.0,91.33607508539325,0.0,0.0,1.0,43.93892435860383,0.5,0.9882910032918866,1.0081558981184175
731,train,0,2,1,-296.48730098756596,-345.366791511256,0.0,-312.0250576554963,0.0,0.0,0.5,-63.98469915871371,0.5,0.9882910032918866,1.0081558981184175
732,train,0,2,0,60.90019618744875,554.8236648700122,-0.047619047619047616,44.565584936112884,-47.08356321147648,0.2857142857142857,0.5714285714285714,1.1715244191957517,0.5,1.0150032697908125,0.9975661211411933
732,train,2,1,1,121.8003923748975,442.4648971723194,-0.047619047619047616,159.05014779834067,-84.82001143469984,-0.2857142857142857,-0.7142857142857142,16.078974826897948,0.5,1.0150032697908125,0.9975661211411933
733,train,1,0,1,-60.0,136.9929619689119,0.0,0.0,0.0,0.0,0.0,0.0,0.5,1,1
733,train,1,2,1,-540.0,72.50725365871494,0.0,0.0,0.0,0.0,0.0,0.0,0.5,1,1
734,train,1,0,0,-60.0,51.02195766204477,-0.06666666666666667,429.6204284732302,-85.20331573430045,0.0,0.6000000000000001,0.0,0.5,1,1
734,train,0,2,1,-60.0,-939.8953409718943,-0.33333333333333337,-402.50910961165636,21.654621207485206,0.0,-0.19999999999999996,0.0,0.5,1,1
735,validation,0,2,0,-121.5368479122694,3006.9234010234873,0.0,0.0,0.0,0.5999999999999999,1.6,52.96054509745451,0.5,1.0128070659355783,0.9975661211411934
735,validation,2,1,1,-243.0736958245388,-1785.791102093373,0.4000000000000001,0.0,0.0,-0.5999999999999999,-0.7999999999999998,-86.26221306853972,0.5,1.0128070659355783,0.9975661211411934
736,train,2,0,1,60.0,816.1189264971517,0.0,0.0,0.0,0.0,0.0,0.0,0.5,1,1
736,train,2,1,1,120.0,816.1189264971517,0.0,0.0,0.0,0.0,0.0,0.0,0.5,1,1
737,validation,0,1,0,304.21255356708383,572.5911397109641,-0.19047619047619047,63.342011688668556,-29.42269720990548,0.0,-0.7142857142857143,43.68970649344877,0.5,1.0140418452236128,0.9995939415379522
737,validation,1,2,1,-182.52753214025032,489.52728007604264,0.38095238095238093,10.370702742454114,129.80925280914227,-0.47619047619047616,0.5714285714285714,-93.1737820723747,0.5,1.0140418452236128,0.9995939415379522
738,train,1,0,0,297.6536066921505,760.2265022719789,-0.6666666666666666,0.0,0.0,0.0,0.0,0.0,0.5,0.992178688973835,0.9985119248876447
738,train,2,0,0,0.0,1087.2826492380616,0.0,0.0,0.0,0.3333333333333333,0.0,0.0,0.5,0.992178688973835,0.9985119248876447
739,train,0,1,0,238.09065038603111,0.0,0.0,0.0,-77.84176939639619,0.0,2.0,0.0,0.5,0.992044376608463,0.9987823191973281
739,train,1,2,1,0.0,-284.22035253134766,0.0,0.0,-83.9757474647262,0.0,-1.3333333333333333,0.0,0.5,0.992044376608463,0.9987823191973281
740,test,2,0,1,-237.54332309725996,-697.9618451215918,0.0,0.0,60.3926136288452,0.0,0.0,0.0,0.5,0.9897638462385832,1.0021684325960005
740,test,2,1,1,-415.70081542020495,-771.9018395318348,0.0,0.0,43.07141614199372,0.0,0.0,0.0,0.5,0.9897638462385832,1.0021684325960005
741,train,1,0,0,182.99763853027073,374.03991323683994,0.5,244.2391124517968,0.0,0.0,0.0,-27.908977724285723,0.5,1.016653547390393,0.9977011810926478
741,train,0,2,1,-121.99842568684717,-502.59683495718286,0.0,-101.31570177453062,0.0,0.0,0.0,-20.960308389208887,0.5,1.016653547390393,0.9977011810926478
742,validation,1,0,1,-60.966189416612465,-1745.3044946896644,-0.3333333333333333,0.0,0.0,0.0,-4.0,20.629259287931973,0.5,1.016103156943541,1.002032767907594
742,validation,1,2,1,-243.86475766644986,-1155.5559688492672,-1.3333333333333333,0.0,0.0,0.0,-5.0,87.6142627548647,0.5,1.016103156943541,1.002032767907594
743,train,0,1,1,-480.0,-774.5902758865045,0.0,-261.15983170413506,0.0,0.0,0.0,-59.611780943000475,0.5,1,1
743,train,2,0,0,180.0,342.71639033273095,0.0,517.7873635583946,0.0,0.0,0.16666666666666666,74.75826878533638,0.5,1,1
744,train,1,0,0,0.0,-185.9441655189712,0.0,42.9850775627242,0.0,0.0,0.0,0.0,0.5,1,1
744,train,0,2,1,60.0,689.8018092753741,0.0,183.72033152457487,0.0,0.0,0.0,0.0,0.5,1,1
745,train,0,1,0,-296.92915387157495,1437.4570421325814,0.0,0.0,419.89574852679766,0.0,0.0,0.0,0.5,0.9897638462385832,0.999188047959379
745,train,1,2,1,-356.3149846458899,-1576.4160963140796,0.0,0.0,-1182.0970718284145,0.0,0.0,0.0,0.5,0.9897638462385832,0.999188047959379
746,test,1,0,0,-120.0,674.5184030524078,0.0,0.0,0.0,0.0,0.0,0.0,0.5,1,1
746,test,2,0,0,-60.0,636.0178656008857,0.0,0.0,0.0,0.0,0.0,0.0,0.5,1,1
747,train,0,1,1,-59.813465734963785,-906.2297912763484,-1.0,0.0,0.0,0.0,0.0,0.0,0.5,0.9968910955827297,0.9994586253613486
747,train,0,2,1,0.0,-702.3936111898972,-3.0,0.0,0.0,0.0,0.0,0.0,0.5,0.9968910955827297,0.9994586253613486
748,test,0,1,1,-300.0,-4959.711566610261,0.0,0.0,0.0,0.0,0.0,0.0,0.5,1,1
748,test,0,2,1,-180.0,-2595.9261572802743,0.0,0.0,0.0,0.0,0.0,0.0,0.5,1,1
749,train,2,0,1,236.45244024628894,1904.8856625286921,-0.1,0.0,0.0,-0.2,-3.2,126.54916631903097,0.5,0.9852185010262039,0.9972960560854701
749,train,1,2,0,-118.22622012314447,334.6559962737919,0.30000000000000004,0.0,0.0,0.4,0.3999999999999999,-97.61268903923352,0.5,0.9852185010262039,0.9972960560854701
750,train,2,0,1,-178.5921640152903,-271.0280862875192,0.0,-402.1334720103844,0.0,0.0,-4.0,0.0,0.5,0.9921786889738351,1.0021684325960005
750,train,1,2,0,-59.530721338430105,19.874049034438055,0.0,1.4197876881546563,0.0,0.0,2.666666666666666,0.0,0.5,0.9921786889738351,1.0021684325960005
751,test,1,0,1,-240.0,-1325.4976226342042,-0.2857142857142857,-527.5285252890051,-296.02507024307374,0.047619047619047616,-0.7142857142857143,-26.184917384725384,0.5,1,1
751,test,2,1,0,60.0,746.9285461831478,0.0,-39.53173288780525,81.42087016188174,-0.09523809523809523,0.7142857142857143,66.7012902257491,0.5,1,1
752,test,0,2,0,-364.26517979105387,-223.11428468516442,0.0,0.0,371.4367961538046,0.0,-0.6666666666666667,0.0,0.5,1.0118477216418162,1.0017614936235477
752,test,2,1,1,182.13258989552693,-57.722328821245625,0.0,0.0,-697.9209218187317,0.0,0.6666666666666667,0.0,0.5,1.0118477216418162,1.0017614936235477
753,train,1,0,0,176.69229061858775,-72.37140867742788,0.0,0.0,0.0,0.0,0.0,33.266740635015424,0.5,0.9816238367699319,0.9986471128909702
753,train,0,2,1,-117.79486041239183,-205.26688866664387,0.0,0.0,0.0,0.0,0.0,28.140636061541898,0.5,0.9816238367699319,0.9986471128909702
754,train,1,0,0,180.0,1194.8075753664048,0.0,0.0,0.0,0.0,0.0,0.0,0.5,1,1
754,train,0,2,1,-60.0,-338.49999935369533,0.0,0.0,0.0,0.0,0.0,0.0,0.5,1,1
755,validation,2,0,1,60.52211902742394,-1103.0092138318487,-1.3333333333333333,-258.7873094996733,-43.153738968420456,0.14285714285714285,-0.2857142857142858,60.631998759752555,0.5,1.008701983790399,1.0031185998461076
755,validation,1,2,0,-60.52211902742394,921.8529757222124,-0.19047619047619047,1.7670065790983358,-40.41397606160996,0.2857142857142857,0.0,-27.78854252753311,0.5,1.008701983790399,1.0031185998461076
756,train,0,1,0,120.0,343.88611021400357,0.0,563.527605470848,1.179684232937035,0.0,0.0,34.57875335652291,0.5,1,1
756,train,1,2,1,-60.0,-157.35965896137077,0.0,117.91141266756176,24.743936979761656,0.0,0.0,-45.0048672885943,0.5,1,1
757,train,2,0,1,-241.4665700540575,338.5440046940079,0.0,-74.54453240442315,-0.5414285806371879,0.3,-0.8,0.0,0.5,1.006110708558573,0.9981064706710885
757,train,2,1,1,60.36664251351438,29.441528830710627,0.0,35.092194551862455,-168.01974690272107,-0.3,-1.0000000000000002,0.0,0.5,1.006110708558573,0.9981064706710885
758,test,1,0,1,-362.1998550810863,-333.7794995245283,0.0,-134.44742916094341,-301.7644535775524,0.0,-0.30000000000000027,58.1070787849344,0.5,1.006110708558573,0.9981064706710885
758,test,1,2,1,-362.1998550810863,-506.6017898810989,0.0,-17.807939663697724,-230.39749590237582,0.0,0.8999999999999999,-45.1858072846959,0.5,1.006110708558573,0.9981064706710885
759,test,1,0,1,-180.0,1065.6612240385657,0.0,0.0,0.0,0.0,0.0,0.0,0.5,1,1
759,test,1,2,1,-60.0,1231.45878028288,0.0,0.0,0.0,0.0,0.0,0.0,0.5,1,1
760,train,0,1,1,59.297460197513196,690.2316046797508,0.0,-243.9970459188845,0.0,0.0,1.0,0.0,0.5,0.9882910032918866,0.9974310794729591
760,train,0,2,1,-59.297460197513196,569.1524277721853,0.16666666666666666,-292.28070042280115,0.0,0.0,0.5,0.0,0.5,0.9882910032918866,0.9974310794729591
761,train,0,1,0,0.0,-1144.5817980845377,0.0,0.0,0.0,0.0,0.0,0.0,0.5,1,1
761,train,2,1,0,60.0,-1893.4486652018977,0.0,0.0,0.0,0.0,0.0,0.0,0.5,1,1
762,test,0,1,0,-184.5900810144425,-1074.5467326301423,0.0,0.0,0.0,0.0,2.0,0.0,0.5,1.025500450080236,0.9995939415379522
762,test,2,1,0,-246.12010801925666,-1144.0374262008547,0.0,0.0,0.0,0.0,5.0,0.0,0.5,1.025500450080236,0.9995939415379522
763,train,1,0,1,-535.70396336857,-1364.093155653652,0.0,0.0,-363.93321750560636,0.0,-5.333333333333333,0.0,0.5,0.992044376608463,0.9987823191973281
763,train,2,1,0,357.13597557904666,1909.1420187708636,0.0,0.0,135.53084739869,0.0,0.666666666666667,0.0,0.5,0.992044376608463,0.9987823191973281
764,train,0,2,0,-61.06531336992423,-627.2647310451734,0.0,0.0,185.07631510073315,0.0,0.0,0.0,0.5,1.0177552228320705,0.9993233275026507
764,train,1,2,0,-244.26125347969693,-960.2353408521423,0.0,0.0,570.2508794948085,0.0,0.0,0.0,0.5,1.0177552228320705,0.9993233275026507
765,test,2,0,1,-59.47433304914935,78.77314410786342,-0.2,-225.31206560988477,0.0,0.0,-0.3999999999999999,0.0,0.5,0.9912388841524892,0.9985119248876447
765,test,1,2,0,-59.47433304914935,-387.9182738421713,0.2,49.222463421752025,0.0,0.0,0.3999999999999999,0.0,0.5,0.9912388841524892,0.9985119248876447
766,train,0,2,0,183.4689556966346,680.5881896074713,0.1,48.0462567829058,0.0,1.2000000000000002,0.5999999999999999,0.0,0.5,1.0192719760924145,0.999188047959379
766,train,2,1,1,-305.78159282772435,-763.3107339129444,0.0,-276.22302792506855,0.0,0.0,-0.3,0.0,0.5,1.0192719760924145,0.999188047959379
767,train,1,0,0,-122.31263713108974,-141.8262901922095,0.0,-28.653467782984734,0.0,0.0,0.0,1.7477921455732925,0.5,1.0192719760924145,1.003933745899739
767,train,0,2,1,122.31263713108974,103.72015427032545,0.0,98.71319366575926,0.0,0.0,0.0,-30.430561840432368,0.5,1.0192719760924145,1.003933745899739
768,train,1,0,1,-480.0,-1430.3667104146157,-1.0,-83.0785600528153,-58.19700053751089,0.0,-0.19999999999999998,-28.32005138316572,0.5,1,1
768,train,1,2,1,-180.0,-1577.1140646217386,-0.4,-256.96265036487233,-38.12482174127666,0.0,-0.13333333333333333,-3.6656319835704636,0.5,1,1
769,train,0,1,0,120.0,867.4163628548231,0.0,0.0,0.0,0.0,0.0,0.0,0.5,1,1
769,train,1,2,1,0.0,-207.29387489025703,0.0,0.0,0.0,0.0,0.0,0.0,0.5,1,1
770,train,2,0,1,0.0,693.1313328673523,0.0,48.31629705754813,-57.22687791876018,0.0,-0.19047619047619047,8.383088160094054,0.5,1,1
770,train,2,1,1,-60.0,-502.702304428969,0.0,-108.63896124341005,-13.044306342208284,0.2857142857142857,-0.9523809523809523,-63.26743068744508,0.5,1,1
771,train,0,1,1,-57.77599951230296,-813.1255148046696,-0.2666666666666667,0.0,-4.041664145686433,-0.13333333333333333,-0.3999999999999999,92.42009725574384,0.5,0.9629333252050494,0.9987823191973281
771,train,2,0,0,57.77599951230296,747.9273465541852,-0.26666666666666666,0.0,18.169094381149883,0.0,0.3999999999999999,-64.29458633782568,0.5,0.9629333252050494,0.9987823191973281
772,train,1,0,1,120.0,968.8683327137242,0.0,0.0,0.0,0.0,0.0,0.0,0.5,1,1
772,train,2,1,0,360.0,-868.4838250388666,0.0,0.0,0.0,0.0,0.0,0.0,0.5,1,1
773,train,0,1,0,-535.7764920458709,100.98875160855495,0.6666666666666666,0.0,0.0,-0.6666666666666667,0.0,0.0,0.5,0.992178688973835,0.9985119248876447
773,train,2,1,0,-416.71504936901067,569.3189103738412,2.0,0.0,0.0,-0.33333333333333337,0.0,0.0,0.5,0.992178688973835,0.9985119248876447
774,train,2,0,1,-60.0,392.4783400060801,0.0,-387.05915481641705,0.0,0.0,0.3333333333333333,0.0,0.5,1,1
774,train,2,1,1,120.0,97.88685305571289,0.0,-548.5911853395058,0.0,0.16666666666666666,-1.3333333333333333,0.0,0.5,1,1
775,train,0,1,1,-472.9048804925779,1259.1205429924642,-0.2,0.0,4.79364478373266,0.0,-2.4000000000000004,-48.34783608483065,0.5,0.9852185010262039,1.0042056084237854
775,train,0,2,1,0.0,1247.4023538685262,0.0,0.0,14.128111353269034,0.0,-1.6,-27.439429773260144,0.5,0.9852185010262039,1.0042056084237854
776,train,2,0,1,121.93237883322493,143.6972392289782,-0.3333333333333333,0.0,0.0,0.3333333333333333,0.0,0.0,0.5,1.016103156943541,1.002032767907594
776,train,1,2,0,548.6957047495122,109.55194983759755,1.0,0.0,0.0,0.0,3.0,0.0,0.5,1.016103156943541,1.002032767907594
777,validation,2,0,1,180.0,-204.60511922270598,0.0,0.0,0.0,0.0,0.0,0.0,0.5,1,1
777,validation,2,1,1,0.0,-420.92225508202137,0.0,0.0,0.0,0.0,0.0,0.0,0.5,1,1
778,train,2,0,1,-361.66087449104134,-1241.575604721496,0.0,14.404301818817281,-5.988198485932514,0.0,-0.6666666666666667,61.3408956748149,0.5,1.0046135402528926,0.9979713558551195
778,train,2,1,1,-964.428998642777,-2042.4913175012796,-0.26666666666666666,-80.08229549281458,1.2165933129316215,0.0,-0.5333333333333333,61.3408956748149,0.5,1.0046135402528926,0.9979713558551195
779,train,0,1,0,117.33330102059921,161.90948937871397,0.4,0.0,250.22543596656345,0.0,0.4,-26.269308593120684,0.5,0.9777775085049933,1.0008126118424647
779,train,1,2,1,0.0,384.3215080547844,-0.2,0.0,-110.68342142643083,0.26666666666666666,-0.13333333333333333,5.004118865196343,0.5,0.9777775085049933,1.0008126118424647
780,train,0,1,1,59.5307213384301,168.27922185053842,0.0,0.0,0.0,0.0,0.0,0.0,0.5,0.992178688973835,0.9985119248876447
780,train,2,0,0,119.0614426768602,139.31937666376962,0.0,0.0,0.0,0.0,0.0,0.0,0.5,0.992178688973835,0.9985119248876447
781,train,1,0,1,0.0,-644.2440301513266,0.0,0.0,0.0,0.0,0.0,0.0,0.5,1,1
781,train,2,1,0,-60.0,-467.3611262252293,0.0,0.0,0.0,0.0,0.0,0.0,0.5,1,1
782,train,2,0,1,-238.57463341923403,85.405416251336,0.0,0.0,0.0,-0.5,0.3333333333333335,0.0,0.5,0.9940609725801418,0.999052786729054
782,train,1,2,0,238.57463341923403,87.48855842689517,0.33333333333333337,0.0,0.0,0.0,-0.6666666666666667,0.0,0.5,0.9940609725801418,0.999052786729054
783,train,1,0,1,120.0,215.44643525144238,0.0,0.0,0.0,0.0,0.0,0.0,0.5,1,1
783,train,1,2,1,-180.0,1054.8993625316089,0.0,0.0,0.0,0.0,0.0,0.0,0.5,1,1
784,validation,0,2,0,600.0,481.1089325708126,0.0,-47.47234302014351,0.0,0.0,0.0,0.0,0.5,1,1
784,validation,2,1,1,180.0,81.05224424208336,0.0,-234.68291132215268,0.0,0.0,0.0,0.0,0.5,1,1
785,train,0,2,0,530.0768718557632,675.4982960918275,0.0,0.0,0.0,0.0,0.0,499.75326503271856,0.5,0.9816238367699319,1.001625884022936
785,train,1,2,0,58.897430206195914,-1418.8254339948671,0.0,0.0,0.0,0.0,0.0,615.1358524400574,0.5,0.9816238367699319,1.001625884022936
786,train,1,0,1,-120.0,-1473.4031280808213,0.0,0.0,0.0,0.0,0.0,0.0,0.5,1,1
786,train,1,2,1,180.0,-986.1013150747322,0.0,0.0,0.0,0.0,0.0,0.0,0.5,1,1
787,test,0,2,0,60.793109512686506,980.9874501787111,0.0,116.83447390149031,0.0,-0.4,0.9,0.0,0.5,1.0132184918781084,1.003254411544728
787,test,2,1,1,182.37932853805953,-1677.8759284819703,-0.4,-146.2188887222399,0.0,0.2,-1.1999999999999997,0.0,0.5,1.0132184918781084,1.003254411544728
788,train,1,0,0,780.0,1648.649177068629,0.0,0.0,0.0,0.0,0.0,0.0,0.5,1,1
788,train,0,2,1,60.0,336.31262219340806,0.0,0.0,0.0,0.0,0.0,0.0,0.5,1,1
789,train,0,1,1,-236.06862004863535,-1066.2285616430033,0.0,-178.0909645358881,0.0,0.2,-0.3333333333333333,-32.26015907654089,0.5,0.9836192502026473,1.0021684325960005
789,train,0,2,1,-59.01715501215884,-320.6094177258094,-0.3333333333333333,39.257685297708946,0.0,0.2,-0.2,-65.36862768169586,0.5,0.9836192502026473,1.0021684325960005
790,train,1,0,0,180.0,1310.5905990590572,0.0,0.0,0.0,0.0,0.0,0.0,0.5,1,1
790,train,2,0,0,1260.0,2067.3152496991515,0.0,0.0,0.0,0.0,0.0,0.0,0.5,1,1
791,train,1,0,0,300.0,34.482799898709345,0.0,0.0,0.0,0.0,0.0,0.0,0.5,1,1
791,train,2,0,0,120.0,254.19988705193555,0.0,0.0,0.0,0.0,0.0,0.0,0.5,1,1
792,test,1,0,0,-233.65218535557202,-866.8017676845299,0.0,0.0,0.0,0.0,0.0,0.0,0.5,0.9735507723148834,0.9975661211411933
792,test,0,2,1,467.30437071114403,319.948659828761,0.6666666666666666,0.0,0.0,0.0,0.0,-191.9236210006498,0.5,0.9735507723148834,0.9975661211411933
793,test,1,0,0,182.3052718684041,320.7541460847806,0.6,0.0,99.12863045968663,0.0,0.3999999999999999,0.0,0.5,1.0128070659355783,0.9975661211411933
793,test,0,2,1,-243.0736958245388,112.48102390481368,0.0,0.0,19.41351520708319,0.0,-0.8000000000000003,0.0,0.5,1.0128070659355783,0.9975661211411933
794,train,2,0,1,0.0,-1079.629476744141,0.0,0.0,0.0,0.0,0.0,-136.38717425970913,0.5,0.9970260641428296,0.9994586253613486
794,train,1,2,0,-59.821563848569774,1359.9495050030084,0.0,0.0,0.0,-0.6666666666666666,0.0,345.0464113369176,0.5,0.9970260641428296,0.9994586253613486
795,train,1,0,0,-60.0,1349.9093126207854,0.0,0.0,0.0,0.0,0.0,0.0,0.5,1,1
795,train,0,2,1,-240.0,264.8493230096374,0.0,0.0,0.0,0.0,0.0,0.0,0.5,1,1
796,train,1,0,1,-361.6608744910414,-1613.4032857227328,0.3333333333333333,-201.44945361524674,-339.32755357837544,0.0,0.5333333333333332,-6.095149989503817,0.5,1.0046135402528928,0.9979713558551195
796,train,2,1,0,60.27681241517357,635.5383326649093,-0.26666666666666666,288.2737334368506,-16.821395432434002,0.0,-1.6,65.48536038238977,0.5,1.0046135402528928,0.9979713558551195
797,validation,0,1,0,60.0,636.024072741212,0.0,0.0,0.0,0.0,0.0,0.0,0.5,1,1
797,validation,2,1,0,120.0,543.0605291774809,0.0,0.0,0.0,0.0,0.0,0.0,0.5,1,1
798,test,1,0,0,-60.530313085225764,324.4743132999032,0.0,0.0,0.0,0.0,0.0,-58.598360346401975,0.5,1.0088385514204294,0.9997292760349417
798,test,0,2,1,0.0,454.68851971135376,0.0,0.0,0.0,0.0,0.0,-144.04873738013464,0.5,1.0088385514204294,0.9997292760349417
799,validation,1,0,1,-118.43447485602753,-407.33933662754316,-0.5714285714285714,-182.9100458525454,-46.683606704526206,-0.2857142857142857,0.19047619047619047,-16.856710831621914,0.5,0.9869539571335628,0.9975661211411934
799,validation,1,2,1,-177.6517122840413,-854.2955199933049,-0.38095238095238093,-191.71113475174695,-33.857866046721206,0.0,0.09523809523809523,7.8931810291828395,0.5,0.9869539571335628,0.9975661211411934
800,test,0,2,0,-178.15749232294496,-386.5456523688275,0.0,0.0,245.02837600005773,0.0,0.0,0.0,0.5,0.9897638462385832,0.999188047959379
800,test,2,1,1,0.0,218.98364948905208,0.0,0.0,-454.29276213384884,0.0,0.0,0.0,0.5,0.9897638462385832,0.999188047959379
801,test,1,0,1,600.0,613.2752785179573,0.0,0.0,0.0,0.0,0.0,0.0,0.5,1,1
801,test,2,1,0,-420.0,960.0321156530317,0.0,0.0,0.0,0.0,0.0,0.0,0.5,1,1
802,train,0,1,1,463.586673128547,1206.8378168357306,-0.3,0.0,0.0,0.0,-0.6,-92.07853277020737,0.5,0.9658055690178062,0.9993233275026507
802,train,2,0,0,-289.74167070534185,-738.0171915681059,0.0,0.0,0.0,-0.1,1.2000000000000002,103.95309774825269,0.5,0.9658055690178062,0.9993233275026507
803,train,0,1,1,-118.77166154862998,-1035.7066200758657,0.0,0.0,-1192.3407162565027,0.0,0.0,0.0,0.5,0.9897638462385832,0.999188047959379
803,train,2,0,0,712.6299692917798,154.43157998726764,0.0,0.0,146.9628304721208,0.0,0.0,0.0,0.5,0.9897638462385832,0.999188047959379
804,train,2,0,1,-814.4680342804952,-26.16000803801316,0.0,0.0,-101.38079124122186,0.0,0.0,-129.69597689899996,0.5,0.9696048027148753,0.9971610509762517
804,train,1,2,0,116.35257632578504,614.5028811512764,0.0,0.0,27.918690412695412,0.0,0.0,206.36538989457574,0.5,0.9696048027148753,0.9971610509762517
805,train,0,2,0,1055.9997091853927,1993.7490890842528,0.0,0.0,478.8450892388117,0.19999999999999998,0.5333333333333332,-31.215927739953315,0.5,0.9777775085049933,0.997836259329798
805,train,1,2,0,-58.666650510299604,-2095.448709283758,0.0,0.0,130.0434945471498,0.0,0.7999999999999998,-47.84624983015759,0.5,0.9777775085049933,0.997836259329798
806,test,2,0,1,-240.55298775647464,-1649.3496612715853,0.0,-263.53698423164536,-361.35952280797574,-0.2,0.0,63.29009402345371,0.5,1.0023041156519776,1.0012191653569225
806,test,1,2,0,240.55298775647464,81.31875118933306,0.3333333333333333,-139.89410076400358,440.8140894249085,0.06666666666666667,0.0,79.68355903693208,0.5,1.0023041156519776,1.0012191653569225
807,train,0,2,0,-58.74612738874926,-313.1170888525597,0.8999999999999999,0.0,-81.7697150389171,0.2,0.19999999999999996,0.0,0.5,0.979102123145821,0.9981064706710885
807,train,1,2,0,0.0,675.3094016545755,0.6,0.0,431.3714992995273,0.0,0.3999999999999999,0.0,0.5,0.979102123145821,0.9981064706710885
808,train,0,1,1,-60.0,-526.6210217195066,0.0,0.0,0.0,0.0,0.0,0.0,0.5,1,1
808,train,2,0,0,-240.0,-31.95533321804487,0.0,0.0,0.0,0.0,0.0,0.0,0.5,1,1
809,train,0,1,0,120.0,-139.5767974076516,0.0,0.0,0.0,0.0,0.0,0.0,0.5,1,1
809,train,2,1,0,60.0,-149.664491272365,0.0,0.0,0.0,0.0,0.0,0.0,0.5,1,1
810,validation,2,0,1,-297.3716652457467,-161.6132217508649,0.0,63.21884494779147,0.0,0.0,0.09999999999999998,0.0,0.5,0.9912388841524892,0.9985119248876447
810,validation,1,2,0,654.2176635406429,1022.9769555044002,0.2,-276.9439433060463,0.0,0.8000000000000002,-0.30000000000000004,0.0,0.5,0.9912388841524892,0.9985119248876447
811,train,1,0,1,-179.46469154570931,-41.34109423895409,0.0,0.0,0.0,0.0,0.0,0.0,0.5,0.9970260641428296,0.9995939415379522
811,train,1,2,1,-299.10781924284885,-390.4305580087595,0.3333333333333333,0.0,0.0,0.0,0.0,0.0,0.5,0.9970260641428296,0.9995939415379522
812,train,0,2,0,184.09095978820093,1257.5076666340053,-0.6666666666666667,0.0,-6.554155848642964,0.5,0.0,0.0,0.5,1.022727554378894,0.999188047959379
812,train,1,2,0,61.36365326273364,624.8233445373753,-0.33333333333333337,0.0,87.01241769097695,0.0,0.0,0.0,0.5,1.022727554378894,0.999188047959379
813,train,1,0,1,-362.1998550810863,-235.5195399369325,0.0,-17.598394486121705,-75.90824991015288,0.0,0.0,23.47321181505594,0.5,1.006110708558573,1.0010836291719092
813,train,2,1,0,0.0,254.84543163832782,0.0,5.4837170523432235,-35.4478460917301,0.3,0.0,-20.540332197857943,0.5,1.006110708558573,1.0010836291719092
814,train,0,1,0,-300.0,-132.76140166378627,0.0,0.0,0.0,0.0,0.0,0.0,0.5,1,1
814,train,2,1,0,0.0,2356.2084926913512,0.0,0.0,0.0,0.0,0.0,0.0,0.5,1,1
815,validation,1,0,1,-360.0,451.67365139499816,0.0,0.0,0.0,0.0,0.0,0.0,0.5,1,1
815,validation,1,2,1,-480.0,1644.5856617199206,0.0,0.0,0.0,0.0,0.0,0.0,0.5,1,1
816,train,2,0,1,-57.877771567037975,-454.4858259708331,0.0,0.0,109.74390407595641,0.0,0.0,-121.476852401922,0.5,0.9646295261172996,0.9963514040260837
816,train,2,1,1,57.877771567037975,-117.61628937522296,0.0,0.0,115.73476581931988,0.0,0.0,-218.3895737474996,0.5,0.9646295261172996,0.9963514040260837
817,train,2,0,1,360.0,725.0348883833758,0.19047619047619047,-0.5266172758206835,-148.9409591843285,-0.047619047619047616,0.0,-31.290049766257066,0.5,1,1
817,train,2,1,1,360.0,587.2763694151777,-0.19047619047619047,193.4182956496267,-32.12976471256631,0.0,-0.14285714285714285,-22.150607793480326,0.5,1,1
818,train,1,0,0,118.22622012314447,1089.111755824509,-0.1,0.0,88.4559570589087,0.0,2.4000000000000004,47.381358910916695,0.5,0.9852185010262039,0.9974310794729591
818,train,2,0,0,177.33933018471672,1517.3968699380998,0.0,0.0,148.72555586706858,0.0,0.8,162.85295284481865,0.5,0.9852185010262039,0.9974310794729591
819,train,0,1,1,-944.785963354055,-4512.163784786245,0.0,-1079.1859188394058,-584.8362756498927,0.0,0.0,0.0,0.5,0.9841520451604739,1.001625884022936
819,train,2,0,0,177.14736812888532,2019.6577578752554,0.0,-549.3962057217265,1212.993959748988,0.0,0.0,0.0,0.5,0.9841520451604739,1.001625884022936
820,test,2,0,1,0.0,-415.34062413189804,-0.33333333333333337,-901.4416768979527,0.0,0.0,0.0,71.50507501871651,0.5,1,1
820,test,2,1,1,-300.0,-1195.881441638663,0.0,-568.4307669082776,0.0,0.0,0.0,-161.0079800948135,0.5,1,1
821,train,0,1,0,-240.0,-1045.4231771726163,0.0,-631.1023988116034,0.0,0.6666666666666666,0.0,0.0,0.5,1,1
821,train,1,2,1,120.0,-22.041545197733285,0.0,684.6485808881114,0.0,-1.3333333333333333,0.3333333333333333,0.0,0.5,1,1
822,test,1,0,1,239.25386293985514,582.3280108337309,-1.0,0.0,0.0,0.0,0.0,0.0,0.5,0.9968910955827297,0.9994586253613486
822,test,2,1,0,-179.44039720489135,416.9668454151363,0.0,0.0,0.0,0.0,0.0,0.0,0.5,0.9968910955827297,0.9994586253613486
823,train,2,0,1,-180.0,-662.9151176596024,0.0,-95.12935467362422,-0.08039732016683132,0.0,0.6666666666666667,0.0,0.5,1,1
823,train,1,2,0,120.0,377.98214673984967,0.0,327.3269695958265,35.02047648100673,0.06666666666666667,-0.1333333333333333,52.16501681604637,0.5,1,1
824,train,2,0,1,-58.59521325621615,208.28868201915606,0.0,69.75703512716507,-146.5085837468257,0.23809523809523808,0.38095238095238093,-14.323791098403596,0.5,0.9765868876036025,1.003661956975393
824,train,1,2,0,58.59521325621615,724.8227523606955,0.42857142857142855,182.14573941604726,132.82841475139548,0.0,0.38095238095238093,2.7525544563557602,0.5,0.9765868876036025,1.003661956975393
825,train,1,0,1,-240.0,-782.5290411051719,0.0,0.0,0.0,0.0,0.0,0.0,0.5,1,1
825,train,2,1,0,180.0,1893.0258787490193,0.0,0.0,0.0,0.0,0.0,0.0,0.5,1,1
826,train,1,0,0,60.27681241517357,592.7069728983547,0.0,-160.74328270399707,20.205088688325844,0.0,0.8,98.49785481620452,0.5,1.0046135402528928,1.0008126118424647
826,train,2,0,0,-180.8304372455207,372.2207776544727,-0.13333333333333333,-37.628297164585604,-75.39630906212989,0.0,0.5333333333333334,34.115505364867445,0.5,1.0046135402528928,1.0008126118424647
827,train,1,0,1,-480.0,-1066.7405223389414,0.0,257.9313930035462,-224.758027455459,0.0,0.0,-62.919294506495945,0.5,1,1
827,train,1,2,1,-480.0,-545.8979119838286,0.0,382.7388116692507,-59.452256406467825,0.0,0.0,-26.8526388871693,0.5,1,1
828,train,0,1,1,-720.0,99.16469489085102,0.0,0.0,0.0,0.0,0.0,0.0,0.5,1,1
828,train,2,0,0,180.0,392.58464827924945,0.0,0.0,0.0,0.0,0.0,0.0,0.5,1,1
829,train,2,0,1,-237.9295409910389,-124.23731446603712,0.0,-32.848141504526154,15.569335305685229,0.0,0.0,0.0,0.5,0.9913730874626621,0.9985119248876447
829,train,2,1,1,0.0,82.55505043507993,-0.8999999999999999,-31.067798725104637,-24.360047011545632,0.0,0.0,0.0,0.5,0.9913730874626621,0.9985119248876447
830,train,1,0,0,0.0,391.4084936801105,0.0,0.0,0.0,0.0,0.0,0.0,0.5,1,1
830,train,2,0,0,240.0,582.9487056577932,0.0,0.0,0.0,0.0,0.0,0.0,0.5,1,1
831,train,0,1,0,0.0,-216.5381905584096,0.19047619047619047,11.371442480215137,20.223132600562366,0.2857142857142857,0.0,-25.115817075816064,0.5,1.0144537727623995,0.9982416037801811
831,train,1,2,1,60.86722636574397,285.7894732085271,-0.38095238095238093,39.56328597780505,-1.210204053760707,-0.5714285714285714,0.7142857142857142,28.869668011216014,0.5,1.0144537727623995,0.9982416037801811
832,train,2,0,1,-59.20120590269745,199.91804653516184,0.23809523809523808,110.32345354698265,7.085679288973664,0.2857142857142857,0.19047619047619047,-55.817701226095494,0.5,0.9866867650449576,1.0010836291719092
832,train,1,2,0,0.0,-491.84221565581646,0.0,-100.37605381711626,15.906453409112748,0.0,-0.09523809523809523,60.47588794054961,0.5,0.9866867650449576,1.0010836291719092
833,train,2,0,1,-180.6102434935481,134.33211061470107,-0.14285714285714285,-79.41224167937597,28.689197117663717,0.14285714285714285,-0.2857142857142857,-37.40387921263553,0.5,1.0033902416308227,1.0008126118424647
833,train,2,1,1,0.0,-308.75995024955034,-0.047619047619047616,-14.047686749352806,-52.803908724858914,0.0,-0.38095238095238093,-40.967329773097504,0.5,1.0033902416308227,1.0008126118424647
834,test,2,0,1,-180.0,-5.170011985892415,-0.6666666666666666,156.62512493243366,0.0,0.0,0.0,-27.875575770762836,0.5,1,1
834,test,2,1,1,-240.0,-1116.434894138174,-0.6666666666666666,-219.8652007206896,0.0,0.0,0.0,-18.848785149663243,0.5,1,1
835,train,1,0,1,-175.97612621590446,40.82092329198068,0.2,-83.72108236419214,-545.6953915348348,-0.26666666666666666,0.0,19.32796920148796,0.5,0.9776451456439137,0.997836259329798
835,train,2,1,0,293.2935436931741,-69.97589435215674,0.4000000000000001,-56.79625080336835,156.7505621631298,0.0,0.0,-32.7107850515658,0.5,0.9776451456439137,0.997836259329798
836,validation,0,2,0,0.0,765.6789064231452,0.06666666666666667,50.42255522503524,0.0,0.26666666666666666,1.0,-0.76572796233134,0.5,0.9830867436864982,1.000406223412502
836,validation,2,1,1,-648.8372508330888,-1024.952250087585,0.06666666666666667,53.34655956883495,0.0,0.26666666666666666,-1.3333333333333333,21.98131493134053,0.5,0.9830867436864982,1.000406223412502
837,train,0,1,0,543.88851811517,787.4096381824124,0.5714285714285714,87.69248790211435,-4.667176043154683,0.19047619047619047,-0.4761904761904763,-18.338877444002996,0.5,1.007200959472537,1.0017614936235477
837,train,1,2,1,60.43205756835222,274.58890344900175,-0.5714285714285714,133.82863744374419,27.785374575524553,0.0,-0.47619047619047605,-26.013168074311594,0.5,1.007200959472537,1.0017614936235477
838,train,1,0,1,-416.94077052799435,-1095.54760090791,-2.0,-265.70454809540627,0.0,0.0,0.0,0.0,0.5,0.9927161203047484,0.9986471128909702
838,train,2,1,0,-59.5629672182849,-650.8054058250553,1.3333333333333333,282.6766974047797,0.0,0.0,0.0,0.0,0.5,0.9927161203047484,0.9986471128909702
839,train,2,0,1,-360.0,-716.5047812654134,0.0,-5.541269870781434,-192.97930289398712,-0.2,0.4,0.0,0.5,1,1
839,train,2,1,1,-420.0,-887.9803983877596,0.0,322.34913123785697,-73.17923027845501,0.0,0.29999999999999993,0.0,0.5,1,1
840,train,1,0,0,-190.81526555073575,142.5590124401741,0.0,0.0,0.0,0.3333333333333333,0.0,269.9298997841755,0.5,1.0600848086151986,1.0028470316013334
840,train,0,2,1,127.21017703382384,151.2267112444321,0.0,0.0,0.0,-0.3333333333333333,0.0,-310.28641829875625,0.5,1.0600848086151986,1.0028470316013334
841,train,0,1,0,244.6252742621795,1147.761816419552,0.0,-22.43802096005487,0.0,0.4,2.4,2.6995318536401314,0.5,1.0192719760924145,0.999052786729054
841,train,1,2,1,-122.31263713108974,-1548.5189137813832,0.0,22.889554736909417,0.0,-0.4,-3.0,-5.545161260722857,0.5,1.0192719760924145,0.999052786729054
842,train,2,0,1,61.3470406512119,291.254790527946,0.0,0.0,0.0,0.0,0.16666666666666663,-37.632195731238355,0.5,1.0224506775201982,0.9994586253613486
842,train,1,2,0,613.470406512119,692.4895454238944,0.0,0.0,0.0,0.0,0.8333333333333334,46.65470191626969,0.5,1.0224506775201982,0.9994586253613486
843,test,1,0,0,-59.33761232783381,88.82948845358017,0.0,0.0,144.4290541376178,0.1,0.0,89.96884035935457,0.5,0.9889602054638968,1.0001353894730307
843,test,2,0,0,118.67522465566762,2093.907999582765,0.3,0.0,202.69179829361264,0.1,0.0,136.0862126020384,0.5,0.9889602054638968,1.0001353894730307
844,validation,1,0,1,0.0,370.39974169888177,0.0,0.0,0.0,-0.3333333333333333,0.0,-38.69616640067619,0.5,0.9735507723148834,0.9975661211411933
844,validation,1,2,1,-58.413046338893004,-107.9429389595944,0.0,0.0,0.0,0.0,0.0,-62.357721581963204,0.5,0.9735507723148834,0.9975661211411933
845,train,0,1,1,-480.0,-405.40611716693184,0.0,0.0,0.0,0.0,0.0,0.0,0.5,1,1
845,train,0,2,1,-660.0,-1958.870404448765,0.0,0.0,0.0,0.0,0.0,0.0,0.5,1,1
846,validation,2,0,1,118.9969858313537,-873.4111034870631,0.0,0.0,0.0,0.0,-1.5,-167.2517079021819,0.5,0.9916415485946142,0.9974310794729591
846,validation,2,1,1,0.0,-674.5977716664398,0.0,0.0,0.0,0.0,-0.3,-110.82645271885946,0.5,0.9916415485946142,0.9974310794729591
847,train,1,0,0,183.71750474050117,360.57802946715304,0.0,0.0,212.67729296776443,0.0,0.0,0.0,0.5,1.0206528041138954,1.0008126118424647
847,train,0,2,1,-306.1958412341686,-1087.5201797583045,0.0,0.0,-55.286912757744766,0.0,0.0,-334.142481274151,0.5,1.0206528041138954,1.0008126118424647
848,train,0,1,0,122.19678097799478,1500.1735502697848,0.6666666666666666,0.0,-4.776634713646558,0.0,0.0,70.60914150417807,0.5,1.0183065081499565,1.0005416678839063
848,train,2,1,0,183.29517146699217,1295.528994462592,0.3333333333333333,0.0,127.80669690394298,0.0,0.0,304.2492919441049,0.5,1.0183065081499565,1.0005416678839063
849,train,2,0,1,-599.5128287756274,360.3098428619812,0.0,-92.98870593176616,0.0,0.0,0.0,-320.748170741285,0.5,0.999188047959379,1.001625884022936
849,train,1,2,0,0.0,-671.5600221588267,0.0,-418.09995710495815,0.0,0.0,0.0,242.5300156195351,0.5,0.999188047959379,1.001625884022936
850,train,0,1,1,59.95939965015904,16.254172478271183,0.0,0.0,0.0,-1.0,0.0,0.0,0.5,0.9993233275026507,0.9998646288547973
850,train,0,2,1,0.0,-550.8128235725994,0.0,0.0,0.0,-1.0,0.0,0.0,0.5,0.9993233275026507,0.9998646288547973
851,train,0,1,1,302.44676943552525,-1097.4466621365943,0.0,0.0,26.105168000598944,0.26666666666666666,-1.0666666666666667,-63.99711412633529,0.5,1.0081558981184175,1.0021684325960005
851,train,0,2,1,60.489353887105054,-1089.973450147345,0.0,0.0,1.5233496898811794,0.13333333333333333,-1.5999999999999999,-23.075344745601527,0.5,1.0081558981184175,1.0021684325960005
852,train,1,0,0,-236.45244024628894,1332.602203752202,0.3,289.4959827496142,140.65565296815535,0.0,1.2000000000000006,0.0,0.5,0.9852185010262039,0.9972960560854701
852,train,0,2,1,59.113110061572236,-960.0902235647021,0.3,-168.3826749845242,-46.05118988129829,0.0,0.0,0.0,0.5,0.9852185010262039,0.9972960560854701
853,train,0,1,0,-236.45244024628894,-2030.4631707829728,-0.19047619047619047,-105.44749568216561,84.48970874475992,-0.14285714285714285,-0.47619047619047605,-95.74789815790999,0.5,0.9852185010262039,0.9993233275026507
853,train,1,2,1,-413.79177043100566,264.760990020157,0.0,60.975812883350756,-116.69838015998408,0.0,0.23809523809523814,173.42622079973896,0.5,0.9852185010262039,0.9993233275026507
854,validation,0,2,0,-292.065231694465,-421.8233984308845,0.0,0.0,0.0,0.6666666666666666,0.0,-30.107342746404754,0.5,0.9735507723148834,0.9975661211411933
854,validation,1,2,0,58.413046338893004,895.8100709769328,0.0,0.0,0.0,0.3333333333333333,0.0,51.956943646005186,0.5,0.9735507723148834,0.9975661211411933
855,train,1,0,1,-180.0,-1841.711864299892,0.0,-1460.1638316712322,0.0,0.0,0.0,-59.65906341501163,0.5,1,1
855,train,1,2,1,-240.0,-1972.065016704535,0.0,-1830.1630889614778,0.0,0.0,0.0,-321.5853302331836,0.5,1,1
856,train,1,0,0,0.0,-318.2515648489518,0.0,0.0,0.0,0.0,2.0,0.0,0.5,0.9968910955827297,0.9994586253613486
856,train,0,2,1,-119.62693146992757,-1846.143330063157,0.0,0.0,0.0,0.0,-3.0,0.0,0.5,0.9968910955827297,0.9994586253613486
857,validation,0,1,0,-60.0,1990.8913146786986,0.0,0.0,0.0,0.0,0.0,0.0,0.5,1,1
857,validation,2,1,0,-120.0,953.7929295269055,0.0,0.0,0.0,0.0,0.0,0.0,0.5,1,1
858,train,0,1,0,-59.813465734963785,453.46047424298183,0.0,0.0,0.0,0.0,1.0,0.0,0.5,0.9968910955827297,0.9994586253613486
858,train,2,1,0,239.25386293985514,769.6110999135783,0.0,0.0,0.0,0.0,2.0,0.0,0.5,0.9968910955827297,0.9994586253613486
859,validation,1,0,1,-118.64309642829465,246.25879574887136,0.0,34.74881132269826,0.0,-0.3333333333333333,-0.06666666666666667,88.71420644968417,0.5,0.9886924702357888,1.0033902416308227
859,validation,1,2,1,-59.32154821414733,476.5165806853395,0.13333333333333333,-0.7677078812881319,0.0,-0.3333333333333333,-0.06666666666666667,16.389567985189032,0.5,0.9886924702357888,1.0033902416308227
860,train,0,1,0,177.53150025623168,1724.884874284905,0.23809523809523808,8.01182517974891,-43.556602413446555,0.2857142857142857,0.047619047619047616,74.83717654809358,0.5,0.9862861125346205,0.9998646288547973
860,train,2,1,0,236.7086670083089,577.5310275569375,0.0,277.34429866617575,-4.652604803625913,0.0,0.09523809523809523,-64.28535645618886,0.5,0.9862861125346205,0.9998646288547973
861,train,1,0,0,411.16722400745897,1900.2294954981417,0.4,277.1381357372778,1885.2191685702187,0.0,0.0,-86.17347510207588,0.5,0.9789695809701404,0.9979713558551195
861,train,0,2,1,117.47634971641685,-615.5456581592301,-0.2,-138.81526640243987,-174.93590265343022,0.0,0.0,4.004343404253419,0.5,0.9789695809701404,0.9979713558551195
862,train,2,0,1,59.065113051230284,-117.42289967235887,0.0,0.0,-181.55081922703675,0.0,0.0,0.0,0.5,0.9844185508538381,0.9986471128909702
862,train,1,2,0,-59.065113051230284,830.1877976406521,0.3333333333333333,0.0,717.6801671114066,0.0,0.0,0.0,0.5,0.9844185508538381,0.9986471128909702
863,validation,0,2,0,-61.67179930310257,373.4599267041263,0.0,174.16623466118187,0.0,0.0,0.0,352.0437058794969,0.5,1.0278633217183761,1.001625884022936
863,validation,2,1,1,-616.7179930310257,-900.2969817165442,0.0,-382.21843287089087,0.0,0.0,0.0,-129.81240064410207,0.5,1.0278633217183761,1.001625884022936
864,train,2,0,1,-120.0,-596.849898303104,0.0,0.0,0.0,0.0,0.0,0.0,0.5,1,1
864,train,1,2,0,60.0,194.69121499046742,0.0,0.0,0.0,0.0,0.0,0.0,0.5,1,1
865,train,0,1,1,-360.0,-352.5268483092168,-0.6666666666666666,561.912673230772,0.0,0.0,0.0,0.0,0.5,1,1
865,train,0,2,1,-180.0,-530.408181392203,-0.3333333333333333,-990.4920308710628,0.0,0.0,0.0,0.0,0.5,1,1
866,train,2,0,1,-305.74019882332135,-54.80016210010733,-0.30000000000000004,-4.420957825721587,0.0,0.0,0.09999999999999998,-135.97932017780565,0.5,1.019133996077738,1.0033902416308227
866,train,1,2,0,305.74019882332135,1018.8905367912839,-0.29999999999999993,297.22967755344973,0.0,0.0,0.5,11.392823680855928,0.5,1.019133996077738,1.0033902416308227
867,train,1,0,1,-666.8257307116335,-1204.769820137071,-0.2666666666666667,147.05714153712177,-360.34545953482166,0.26666666666666666,-1.3333333333333335,0.0,0.5,1.0103420162297476,0.9967561452934783
867,train,2,1,0,363.7231258427091,752.2162117143546,0.06666666666666668,-310.27233761166156,205.96650583296682,-0.13333333333333333,0.3333333333333335,0.0,0.5,1.0103420162297476,0.9967561452934783
868,validation,1,0,1,-1133.2295087413618,-1907.236141778759,-0.9999999999999999,0.0,0.0,-0.5,-2.666666666666667,0.0,0.5,0.9940609725801418,0.999052786729054
868,validation,1,2,1,-119.28731670961702,-225.4266643101556,-0.33333333333333337,0.0,0.0,0.5,-1.3333333333333333,0.0,0.5,0.9940609725801418,0.999052786729054
869,validation,1,0,1,0.0,62.60473432246331,0.0,0.0,0.0,0.0,0.0,0.0,0.5,0.9993233275026507,0.9998646288547973
869,validation,1,2,1,-299.79699825079524,-828.9007292509286,0.0,0.0,0.0,-1.0,0.0,0.0,0.5,0.9993233275026507,0.9998646288547973
870,train,0,1,0,180.0,-235.8380516351208,0.0,0.0,0.0,0.0,0.0,0.0,0.5,1,1
870,train,2,1,0,180.0,168.71355996452166,0.0,0.0,0.0,0.0,0.0,0.0,0.5,1,1
871,validation,0,1,0,176.2383821662478,1009.7423314125016,-0.29999999999999993,70.5146599287884,144.37391147351178,0.0,0.0,0.0,0.5,0.979102123145821,0.9979713558551195
871,validation,2,1,0,58.74612738874926,-114.96025096345618,0.0,-1.1406859278067998,48.82775640937473,0.0,-0.40000000000000013,0.0,0.5,0.979102123145821,0.9979713558551195
872,train,1,0,1,-472.3929816770275,-316.19821436821314,0.0,32.86388604938725,24.017217767462057,0.0,0.0,0.0,0.5,0.9841520451604739,0.9986471128909702
872,train,2,1,0,236.19649083851374,-49.40027198110514,0.0,245.34969615373356,-167.23254105431687,0.0,0.0,0.0,0.5,0.9841520451604739,0.9986471128909702
873,validation,1,0,0,-59.821563848569774,-155.1454343131416,0.0,0.0,0.0,0.0,0.0,95.88517292662483,0.5,0.9970260641428296,0.9994586253613486
873,validation,2,0,0,299.10781924284885,1097.1077457721537,0.0,0.0,0.0,1.3333333333333333,0.0,104.0442626082988,0.5,0.9970260641428296,0.9994586253613486
874,train,1,0,0,234.3808530248646,514.9496189624228,0.09523809523809523,6.283297530201338,77.12720457883393,-0.047619047619047616,-1.1428571428571426,35.59692005550192,0.5,0.9765868876036025,0.9977011810926478
874,train,0,2,1,-175.78563976864845,-592.4529042573372,0.0,-3.7204200241942544,-375.1493141042184,0.0,1.1428571428571426,-215.28713573868444,0.5,0.9765868876036025,0.9977011810926478
875,validation,2,0,1,-541.2442224520679,272.6685966189853,0.6666666666666666,65.04094026497064,-196.89715715030349,-0.2,0.0,97.28667371935069,0.5,1.0023041156519776,1.0069282860351783
875,validation,1,2,0,60.13824693911866,-440.9420604628346,0.0,42.15387386907409,480.4685515010595,0.6000000000000001,0.0,-46.538414078262896,0.5,1.0023041156519776,1.0069282860351783
876,test,0,1,1,58.1290518070029,-245.11140652765542,0.3333333333333333,0.0,0.0,-0.16666666666666666,0.0,-157.41095160159188,0.5,0.968817530116715,0.9968910955827297
876,test,2,0,0,-58.1290518070029,-673.0983248876367,-0.3333333333333333,0.0,0.0,0.3333333333333333,0.0,237.14736450199774,0.5,0.968817530116715,0.9968910955827297
877,train,2,0,1,0.0,-322.92604019133836,0.0,0.0,0.0,0.0,0.33333333333333337,88.5523196631733,0.5,0.9940609725801418,0.9989175438091965
877,train,2,1,1,-298.21829177404254,-435.38461762797476,0.0,0.0,0.0,0.0,0.16666666666666669,-62.26644588862072,0.5,0.9940609725801418,0.9989175438091965
878,validation,1,0,0,-353.145455610065,548.7402349841002,0.0,-35.88344705901852,135.14254041537248,0.0,0.0,12.687855227016385,0.5,0.9809595989168473,1.0012191653569225
878,validation,0,2,1,117.71515187002167,-708.1286198896424,0.0,-56.28858266534252,-230.0474043144393,0.0,0.0,-42.84864316448221,0.5,0.9809595989168473,1.0012191653569225
879,train,1,0,1,-120.0,1808.4472966242938,0.0,0.0,0.0,0.0,0.0,0.0,0.5,1,1
879,train,1,2,1,0.0,512.7804903517244,0.0,0.0,0.0,0.0,0.0,0.0,0.5,1,1
880,train,2,0,1,-120.0,0.0,0.0,-277.8295859559122,8.854210247926417,0.0,-0.29999999999999993,0.0,0.5,1,1
880,train,1,2,0,300.0,222.14551196399702,0.0,174.36544856909433,37.358732044965365,0.0,0.29999999999999993,0.0,0.5,1,1
881,test,1,0,0,242.48208389513943,-103.28737983250159,0.0,0.0,-155.11418451053714,0.0,-0.6666666666666665,84.27566185824469,0.5,1.0103420162297476,0.9971610509762517
881,test,0,2,1,60.620520973784856,-95.30454129319585,0.06666666666666668,0.0,-16.874971421281543,-0.5333333333333333,-1.0,83.82558968013825,0.5,1.0103420162297476,0.9971610509762517
882,train,2,0,1,-178.5921640152903,626.1114325053775,0.0,0.0,0.0,0.0,-5.333333333333334,-135.70437983650413,0.5,0.9921786889738351,0.9986471128909702
882,train,1,2,0,238.12288535372042,513.1119798016401,0.0,0.0,0.0,0.0,3.3333333333333335,-71.37784394360528,0.5,0.9921786889738351,0.9986471128909702
883,train,2,0,1,-424.343646816494,19.46361548028057,0.06666666666666667,345.92182062829295,-10.523726692802285,0.0,-1.333333333333333,29.277288955217255,0.5,1.0103420162297476,0.9968910955827297
883,train,2,1,1,-60.620520973784856,-1278.6797948658923,0.06666666666666667,-130.81638560299496,-131.1117356627444,0.0,-1.6666666666666665,-168.47838496326565,0.5,1.0103420162297476,0.9968910955827297
884,train,1,0,1,59.137123190865054,646.07976996572,0.0,-186.7796634062017,0.0,0.0,0.0,10.853911656532667,0.5,0.9856187198477508,1.0027112750502025
884,train,2,1,0,-118.27424638173011,-256.65857895781437,0.4,-34.77903809679762,0.0,0.3,0.0,-21.42533004936947,0.5,0.9856187198477508,1.0027112750502025
885,train,0,1,1,0.0,-332.21233773054155,0.0,0.0,0.0,0.0,0.0,0.0,0.5,1,1
885,train,0,2,1,0.0,-2135.6389311007515,0.0,0.0,0.0,0.0,0.0,0.0,0.5,1,1
886,test,1,0,1,-240.0,894.6480763534109,0.3333333333333333,-289.34289632660403,-116.17500574209821,0.0,0.0,0.0,0.5,1,1
886,test,1,2,1,-180.0,-876.6943489474452,-2.333333333333333,-1407.5645580277044,-97.58018522473814,0.0,0.0,0.0,0.5,1,1
887,train,0,1,0,245.3881626048476,-170.99747990895392,0.0,64.08464814221762,0.0,0.5,0.0,123.34352770439845,0.5,1.0224506775201982,0.9989175438091965
887,train,1,2,1,-61.3470406512119,-1025.5887366479017,0.0,-9.372495791521288,0.0,-0.5,0.0,-53.320484228750765,0.5,1.0224506775201982,0.9989175438091965
888,train,1,0,0,121.93237883322493,982.5794683044476,-0.16666666666666666,0.0,0.0,0.0,2.0,223.74882130647956,0.5,1.016103156943541,1.002032767907594
888,train,2,0,0,-182.89856824983738,1014.5515202589672,-0.16666666666666666,0.0,0.0,0.0,0.0,140.99128246258707,0.5,1.016103156943541,1.002032767907594
889,train,0,1,0,181.2470914863321,-342.0229136693583,1.6,0.0,-306.3354944466892,0.0,1.7999999999999998,35.235292437949596,0.5,1.0069282860351783,0.9964862995176282
889,train,1,2,1,-724.9883659453284,-583.8694622466006,-1.2000000000000002,0.0,460.73329289657477,0.0,-1.5,-108.99755537236653,0.5,1.0069282860351783,0.9964862995176282
890,train,2,0,1,-120.0,87.77027271418228,0.0,0.0,0.0,0.0,0.0,0.0,0.5,1,1
890,train,2,1,1,0.0,276.50865282456925,0.0,0.0,0.0,0.0,0.0,0.0,0.5,1,1
891,train,2,0,1,-480.4550934406006,159.8478887149702,0.0,159.36431082227134,-305.84460867660636,-0.2857142857142857,-0.2857142857142857,1.4755141543315915,0.5,1.0009481113345846,1.0008126118424647
891,train,2,1,1,-1201.1377336015016,-2821.978627396471,-0.5714285714285714,112.76959554125897,-307.7270027233972,0.0,-0.19047619047619035,-113.3195919796667,0.5,1.0009481113345846,1.0008126118424647
892,train,0,1,1,0.0,632.3206244517198,0.0,0.0,0.0,0.0,0.0,0.0,0.5,0.9993233275026507,0.9998646288547973
892,train,2,0,0,-119.91879930031808,-61.33766390754565,0.0,0.0,0.0,1.0,0.0,0.0,0.5,0.9993233275026507,0.9998646288547973
893,train,1,0,0,-124.56861741596862,1414.784369363751,1.3333333333333333,0.0,231.8868581105384,0.0,0.0,0.0,0.5,1.0380718117997385,0.9985119248876447
893,train,2,0,0,124.56861741596862,-842.1376214470296,0.0,0.0,64.15211079473448,0.0,-0.5,0.0,0.5,1.0380718117997385,0.9985119248876447
894,validation,0,1,1,300.0,-74.13382444066883,0.0,-672.7634680999618,0.0,0.0,0.0,0.0,0.5,1,1
894,validation,0,2,1,0.0,-167.04402499051866,0.0,-1295.7242462857103,0.0,0.0,0.0,0.0,0.5,1,1
895,train,0,1,0,244.29432388208733,1332.8158739249595,0.0,-314.72058858488674,211.435626826563,0.0,0.0,229.65889077439385,0.5,1.0178930161753639,1.003933745899739
895,train,1,2,1,-183.2207429115655,-994.473664956147,0.0,142.25194677091878,-212.6387114658902,0.0,0.0,-110.3888231368818,0.5,1.0178930161753639,1.003933745899739
896,validation,0,1,1,-540.0,-1128.4386809147554,0.0,-535.3404126548123,-129.25053165861718,0.0,-0.6000000000000001,29.159528888433773,0.5,1,1
896,validation,2,0,0,60.0,615.3535627395968,0.0,24.96462194602327,236.94913754515332,0.0,0.0,-11.367817803962602,0.5,1,1
897,train,0,2,0,360.0,404.7208853153952,0.0,804.3368726873466,0.0,0.0,0.0,0.0,0.5,1,1
897,train,1,2,0,0.0,-645.556206589069,0.0,810.1679704060878,0.0,0.0,0.0,0.0,0.5,1,1
898,train,1,0,0,300.0,2634.343661269421,0.0,171.09421847802116,267.486490791919,0.4,0.4,0.0,0.5,1,1
898,train,2,0,0,-180.0,1365.2336649838721,-0.5333333333333333,488.9574079017961,200.42486454150597,0.4,0.06666666666666668,0.0,0.5,1,1
899,train,2,0,1,-366.3918802195454,-955.6294087296958,0.0,0.0,-444.56159928226293,0.0,0.0,0.0,0.5,1.0177552228320705,0.9993233275026507
899,train,1,2,0,0.0,-354.2449652199285,0.0,0.0,-257.8809157133844,0.0,0.0,0.0,0.5,1.0177552228320705,0.9993233275026507
900,validation,1,0,0,-305.78159282772435,362.6494174804811,0.2,34.76302259822987,0.0,0.0,0.30000000000000004,0.0,0.5,1.0192719760924145,1.0043415672919243
900,validation,0,2,1,0.0,-494.59621317088795,-0.4,-3.1862493421272973,0.0,0.0,0.0,0.0,0.5,1.0192719760924145,1.0043415672919243
901,train,0,1,0,177.9887391818982,435.8177873944632,0.0,-125.92916552553618,66.83955223927883,0.0,-0.8,40.59520686751716,0.5,0.9888263287883233,0.997836259329798
901,train,2,1,0,0.0,-1401.2896437791383,0.0,-274.5830264937407,4.493583360700242,0.3333333333333333,-1.0,79.98558105943385,0.5,0.9888263287883233,0.997836259329798
902,train,1,0,1,-247.82529852662302,170.22067958517334,0.42857142857142855,-3.3485959304936443,196.70709906093552,0.0,-0.09523809523809523,-23.65723992326151,0.5,1.032605410527596,1.0008126118424647
902,train,1,2,1,-433.69427242159026,-949.5195182315783,0.42857142857142855,-262.39406257094913,-9.511360658586511,0.0,-0.14285714285714285,-34.06401771106661,0.5,1.032605410527596,1.0008126118424647
903,train,1,0,1,-501.72665771373255,-925.9420624257561,-0.10000000000000003,0.0,-407.0192699537839,0.0,-0.19999999999999996,183.595632772984,0.5,1.0452638702369428,1.004069667960554
903,train,2,1,0,-188.1474966426497,158.2548330583818,0.4000000000000001,0.0,55.406685532187865,0.0,-0.20000000000000018,110.0391275792947,0.5,1.0452638702369428,1.004069667960554
904,train,2,0,1,-352.42904914925055,-1268.9708095488877,-0.20000000000000004,258.3726621618468,-335.49059681688385,-1.4999999999999998,0.0,0.0,0.5,0.9789695809701404,1.0009481113345846
904,train,2,1,1,-881.0726228731264,-705.8537200113911,-0.20000000000000004,-56.32059613286805,-26.639730185300948,0.3,0.0,0.0,0.5,0.9789695809701404,1.0009481113345846
905,train,0,2,0,120.0,301.885814884261,0.0,0.0,0.0,0.0,0.0,0.0,0.5,1,1
905,train,1,2,0,180.0,924.7965616768302,0.0,0.0,0.0,0.0,0.0,0.0,0.5,1,1
906,train,0,1,0,0.0,78.36768068308142,0.0,0.0,0.0,0.5,0.3333333333333333,0.0,0.5,0.9940609725801418,0.999052786729054
906,train,2,1,0,-119.28731670961702,-626.9911416108962,0.0,0.0,0.0,0.5,0.49999999999999994,0.0,0.5,0.9940609725801418,0.999052786729054
907,train,1,0,1,-237.9939716627074,-507.24063728093347,0.0,432.5334939879529,-252.58578849956282,-0.4,0.0,22.65444786293682,0.5,0.9916415485946142,0.9982416037801811
907,train,2,1,0,237.9939716627074,1160.8718963992387,0.0,6.0302658045083035,305.53993843893375,0.0,0.0,12.886317249559731,0.5,0.9916415485946142,0.9982416037801811
908,test,2,0,1,-120.0,407.9975182897115,0.0,0.0,0.0,0.0,0.0,0.0,0.5,1,1
908,test,1,2,0,420.0,320.45940708041326,0.0,0.0,0.0,0.0,0.0,0.0,0.5,1,1
909,validation,0,1,1,-59.10510785216671,-1361.4232145766925,-0.8,-43.40773735596551,0.0,0.0,0.0,-51.87935787447188,0.5,0.9850851308694452,0.9967561452934783
909,validation,0,2,1,59.10510785216671,-2212.778832879869,0.0,-256.59807387418726,0.0,0.0,0.0,-79.53632974775428,0.5,0.9850851308694452,0.9967561452934783
910,train,0,2,0,-126.16397591271875,792.1812846191572,0.0,0.0,41.63690046953059,0.3333333333333333,0.0,218.97988881135703,0.5,1.051366465939323,1.0018971215842718
910,train,2,1,1,-252.3279518254375,-2049.774538733611,0.0,0.0,85.906457369939,-0.6666666666666667,0.0,-122.0624626302135,0.5,1.051366465939323,1.0018971215842718
911,train,1,0,1,124.82183650374516,259.5557171733935,-0.2,0.0,-133.09364974972146,0.13333333333333333,0.0,31.85769871771841,0.5,1.040181970864543,0.9975661211411934
911,train,1,2,1,249.64367300749032,154.88193075009593,-0.6000000000000001,0.0,-136.5822042806119,0.0,1.6666666666666667,-24.368925153144122,0.5,1.040181970864543,0.9975661211411934
912,train,1,0,1,0.0,-1240.615540988161,-0.3333333333333333,0.0,-140.49421334980622,0.0,0.0,20.764385783979744,0.5,1.0084289039897851,1.0043415672919243
912,train,2,1,0,181.51720271816131,1564.8299081054886,0.6666666666666666,0.0,245.35615462485737,0.0,0.0,-51.67563774987599,0.5,1.0084289039897851,1.0043415672919243
913,validation,1,0,0,300.0,-301.3808962522462,0.0,-455.18165363571916,0.0,0.0,0.0,0.0,0.5,1,1
913,validation,0,2,1,0.0,143.11085632546656,0.0,51.958649365183646,0.0,0.0,0.0,0.0,0.5,1,1
914,train,2,0,1,-532.9551368521239,-2375.8143186084512,0.2857142857142857,117.48437840986486,-150.2326056658683,0.0,-0.23809523809523814,123.14021202733822,0.5,0.9869539571335628,0.9975661211411934
914,train,2,1,1,-414.5206619960964,-3420.0537198500583,0.2857142857142857,79.68699089384168,-45.69608027246059,-0.2857142857142857,0.9523809523809521,-167.10810992131283,0.5,0.9869539571335628,0.9975661211411934
915,train,2,0,1,360.0,-1327.639492965356,0.0,-512.908461232331,0.0,0.0,0.0,0.0,0.5,1,1
915,train,1,2,0,-300.0,-91.22548967495459,0.3333333333333333,-695.3234702372233,0.0,0.0,0.0,0.0,0.5,1,1
916,test,0,1,1,0.0,-700.1713319239034,0.0,-61.7627477765522,8.37275514289059,0.0,0.1428571428571428,-94.5462868668994,0.5,1,1
916,test,0,2,1,60.0,228.92267451668977,0.0,-71.76695324857712,-35.97047092837595,0.0,0.0,-61.32267105674482,0.5,1,1
917,train,1,0,1,-479.67519720127234,-775.5442714050853,0.0,0.0,0.0,-1.0,0.0,0.0,0.5,0.9993233275026507,0.9998646288547973
917,train,1,2,1,-119.91879930031808,-388.8337468949157,0.0,0.0,0.0,0.0,0.0,0.0,0.5,0.9993233275026507,0.9998646288547973
918,train,0,1,1,120.9950870177036,20.29807570399251,0.0,132.988229626992,130.76401909782328,0.0,0.0,0.0,0.5,1.0082923918141966,1.0013547198921082
918,train,0,2,1,-181.4926305265554,-361.40200645841776,0.0,41.420253084624306,21.038781523831688,0.0,0.0,0.0,0.5,1.0082923918141966,1.0013547198921082
919,validation,1,0,0,355.78476118507916,1786.0037220327351,0.0,0.0,0.0,-0.3333333333333333,2.6666666666666665,0.0,0.5,0.9882910032918866,1.0033902416308227
919,validation,0,2,1,-770.8669825676715,-894.8638595268061,-0.5,0.0,0.0,-0.16666666666666669,-1.0,0.0,0.5,0.9882910032918866,1.0033902416308227
920,validation,2,0,1,366.3918802195454,-1405.792564019836,0.0,0.0,-709.6730117611444,0.0,0.0,0.0,0.5,1.0177552228320705,0.9993233275026507
920,validation,2,1,1,183.1959401097727,-1422.6825217725016,0.0,0.0,-613.9077391500816,0.0,0.0,0.0,0.5,1.0177552228320705,0.9993233275026507
921,train,1,0,0,121.7674180897281,286.41896146117983,0.0,167.86598514348677,45.860038467227255,0.2857142857142857,0.19047619047619047,-3.900143953043383,0.5,1.0147284840810675,1.003526090106881
921,train,0,2,1,-243.5348361794562,-1100.8974771972264,0.0,19.148363219640174,50.03866967106302,0.0,-0.19047619047619047,5.46502107536044,0.5,1.0147284840810675,1.003526090106881
922,train,0,2,0,180.0,1126.0891199519883,0.0,0.0,0.0,0.0,0.0,0.0,0.5,1,1
922,train,1,2,0,120.0,-204.34093820954513,0.0,0.0,0.0,0.0,0.0,0.0,0.5,1,1
923,train,2,0,1,-120.74963104286583,-755.9978776279929,-0.20000000000000007,0.0,-972.7061936831393,0.0,-0.30000000000000004,124.15177832865326,0.5,1.0062469253572153,1.0010836291719092
923,train,2,1,1,-845.2474173000609,-1934.098391246508,0.4,0.0,-302.93962400616596,0.0,-0.20000000000000007,10.636905842291213,0.5,1.0062469253572153,1.0010836291719092
924,train,0,2,0,420.0,949.3278443648796,0.0,0.0,0.0,0.0,0.0,0.0,0.5,1,1
924,train,1,2,0,180.0,379.52466737091345,0.0,0.0,0.0,0.0,0.0,0.0,0.5,1,1
925,train,1,0,0,181.56635708227182,67.72357680745263,-0.19047619047619047,-87.0733330663862,13.154110890499954,-0.19047619047619047,0.2857142857142857,24.230231453774113,0.5,1.008701983790399,0.9966212132726022
925,train,0,2,1,0.0,80.74110606384362,0.2857142857142857,82.37699350586679,-26.957074499715304,0.19047619047619047,0.0,-58.43458343206192,0.5,1.008701983790399,0.9966212132726022
926,train,1,0,0,0.0,-650.2378645378858,-0.047619047619047616,-324.9216626775223,7.010200343010261,0.09523809523809523,0.2857142857142857,43.6126496614278,0.5,1,1
926,train,0,2,1,0.0,204.0340974483429,0.047619047619047616,149.88346827010923,-37.81111131900547,0.0,-0.2857142857142857,-28.12365771880617,0.5,1,1
927,validation,0,1,1,477.34309604191594,508.9545093196248,0.0,147.4859646016376,0.0,0.0,-2.3333333333333335,-335.23920659757823,0.5,0.9944647834206582,1.0013547198921082
927,validation,2,0,0,-656.3467570576345,-185.37439065673934,0.0,-276.22073294161737,0.0,0.0,1.6666666666666665,131.7587228181572,0.5,0.9944647834206582,1.0013547198921082
928,train,1,0,0,120.0,-244.38646285973118,0.0,25.14454755924362,0.0,0.0,0.0,0.0,0.5,1,1
928,train,2,0,0,120.0,-213.56935259160946,0.0,1685.8138952802365,0.0,0.0,0.0,0.0,0.5,1,1
929,train,0,1,1,-58.881485260358744,-639.6233204623926,0.0,-13.807547933904829,-3.8605696724407252,0.0,0.5714285714285713,5.4274347916352,0.5,0.9813580876726458,1.0029828065324724
929,train,0,2,1,-176.64445578107623,-1658.8155041904217,-0.19047619047619047,-265.5746252674878,-50.01205998655002,-0.19047619047619047,-0.2857142857142858,7.6573898345998614,0.5,0.9813580876726458,1.0029828065324724
930,train,0,1,1,-363.08355647316665,34.70269096096368,0.0,2.9368213383590387,306.8478052871187,-0.7142857142857142,0.857142857142857,-76.60081037205335,0.5,1.008565434647685,0.9967561452934783
930,train,0,2,1,0.0,-943.1050662731958,0.09523809523809523,-103.66645156811217,251.95815340608598,-0.23809523809523808,-1.1428571428571428,-21.749637923794285,0.5,1.008565434647685,0.9967561452934783
931,train,0,1,1,-598.2156384856977,-259.57238411673427,0.0,0.0,0.0,-0.6666666666666666,0.0,85.12460172391212,0.5,0.9970260641428296,0.9994586253613486
931,train,0,2,1,59.821563848569774,359.7226419039525,0.0,0.0,0.0,-0.6666666666666666,0.0,29.299570685112172,0.5,0.9970260641428296,0.9994586253613486
932,train,0,2,0,480.0,292.0353102225922,0.0,0.0,0.0,0.0,0.0,0.0,0.5,1,1
932,train,1,2,0,-60.0,28.881311939129773,0.0,0.0,0.0,0.0,0.0,0.0,0.5,1,1
933,train,0,1,0,478.5077258797103,793.4421718883649,0.0,0.0,0.0,0.0,3.0,0.0,0.5,0.9968910955827297,0.9994586253613486
933,train,1,2,1,-239.25386293985514,-260.6567495383653,0.0,0.0,0.0,0.0,-6.0,0.0,0.5,0.9968910955827297,0.9994586253613486
934,train,1,0,1,177.96464464244198,968.7508660339797,0.0,-98.69740705451437,0.0,-0.3333333333333333,0.0,2.691626027361611,0.5,0.9886924702357888,0.9979713558551195
934,train,2,1,0,177.96464464244198,151.75539563640012,-0.6000000000000001,83.05754006067286,0.0,0.3333333333333333,0.0,18.8315311920838,0.5,0.9886924702357888,0.9979713558551195
935,validation,0,2,0,178.42299914744805,-254.54028795309617,0.0,-224.67457176567024,0.0,0.8,0.8000000000000002,0.0,0.5,0.9912388841524892,1.004069667960554
935,validation,1,2,0,-59.47433304914935,298.58939711470674,-0.2,-121.71676390626934,0.0,0.4,0.0,0.0,0.5,0.9912388841524892,1.004069667960554
936,train,1,0,1,-120.48836015526649,-191.1579654028999,0.0,0.0,4.015052459994358,-0.26666666666666666,0.2,-0.2725287562468175,0.5,1.004069667960554,1.0017614936235477
936,train,2,1,0,120.48836015526649,246.11956201443112,0.0,0.0,76.07604009119467,0.26666666666666666,0.0,11.955977778961078,0.5,1.004069667960554,1.0017614936235477
937,train,1,0,1,548.5471596727119,-643.0330277807268,-1.5,0.0,0.0,-0.3333333333333333,0.0,-74.9001480568381,0.5,1.015828073467985,0.9979713558551195
937,train,1,2,1,304.7484220403955,-1945.8090502047557,0.0,0.0,0.0,-0.3333333333333333,0.0,-56.16476747122644,0.5,1.015828073467985,0.9979713558551195
938,train,0,1,1,0.0,-459.322645468328,0.0,0.0,-245.58881037456564,0.0,0.0,0.0,0.5,1.020238359405972,1.0029828065324724
938,train,2,0,0,122.42860312871665,766.6155486977937,0.0,0.0,-33.72186283083913,0.0,-1.3333333333333335,0.0,0.5,1.020238359405972,1.0029828065324724
939,train,0,1,1,-540.0,-2046.4727341419716,0.0,-480.79474527292314,-69.42009578779121,0.0,0.0,0.0,0.5,1,1
939,train,2,0,0,-180.0,112.88865573879866,0.0,605.5930651087444,145.2569634528065,0.0,0.0,0.0,0.5,1,1
940,train,0,1,1,183.1959401097727,-536.1176202461007,0.0,0.0,-108.59078223219055,0.0,0.0,0.0,0.5,1.0177552228320705,1.0023041156519776
940,train,0,2,1,-854.9143871789393,-1974.7934513790735,0.0,0.0,-683.0561169637057,0.0,0.0,0.0,0.5,1.0177552228320705,1.0023041156519776
941,train,1,0,0,-118.75558329278851,-481.2739051596001,0.0,17.38273625781673,-4.542227007803831,-0.2,0.0,112.17841312287317,0.5,0.9896298607732377,0.9971610509762517
941,train,0,2,1,-59.37779164639426,-177.9349463338438,0.0,-89.94959222276205,-6.635342931287344,0.2,0.0,-80.11778778200289,0.5,0.9896298607732377,0.9971610509762517
942,train,1,0,1,-293.7306369437463,-181.17163486865894,0.0,0.0,-252.0511024226031,0.0,0.40000000000000013,0.0,0.5,0.979102123145821,0.9981064706710885
942,train,2,1,0,117.49225477749852,624.7313452860761,0.0,0.0,397.1630824618493,-0.2,-0.40000000000000013,171.7415424999592,0.5,0.979102123145821,0.9981064706710885
943,train,0,2,0,362.5432608690735,1781.9521011843394,1.5,0.0,12.716089001947651,-0.16666666666666666,0.0,0.0,0.5,1.0070646135252042,0.9970260641428296
943,train,2,1,1,-241.695507246049,-33.37685638077436,0.0,0.0,1.5178501319713007,0.0,0.0,0.0,0.5,1.0070646135252042,0.9970260641428296
944,train,0,1,1,-239.2862553942791,-192.09757211236874,0.0,0.0,0.0,0.0,0.0,-17.339302645196994,0.5,0.9970260641428296,0.9994586253613486
944,train,2,0,0,59.821563848569774,-300.0784518520876,0.0,0.0,0.0,0.0,0.0,-63.84318668203153,0.5,0.9970260641428296,0.9994586253613486
945,train,0,1,0,-60.0,-335.59049688373034,0.0,0.0,0.0,0.0,0.0,0.0,0.5,1,1
945,train,1,2,1,-60.0,179.4377038437092,0.0,0.0,0.0,0.0,0.0,0.0,0.5,1,1
946,train,0,1,0,117.76297052071749,1863.3774408838426,-0.42857142857142855,359.2771335537921,61.95012121975709,0.0,0.0,33.812626020316905,0.5,0.9813580876726458,1.0070646135252042
946,train,1,2,1,58.881485260358744,138.0699341886717,0.2857142857142857,33.62772814975432,-2.586462275754478,-0.23809523809523808,0.2857142857142856,-11.420204336847252,0.5,0.9813580876726458,1.0070646135252042
947,train,0,1,0,-58.603146431261024,-173.56823439046178,-0.14285714285714285,-6.862902846576333,97.61198204107308,0.7142857142857142,-1.3333333333333335,-5.9357591525766225,0.5,0.9767191071876837,0.9977011810926478
947,train,2,1,0,234.4125857250441,895.0166800039831,0.14285714285714285,-78.9319455194993,-55.16326426592639,0.47619047619047616,-0.3809523809523814,40.09737356183086,0.5,0.9767191071876837,0.9977011810926478
948,train,0,1,1,-466.924941973754,-1043.5832962749585,0.0,-290.2190875355613,0.0,0.0,0.0,159.18636552522787,0.5,0.9727602957786542,0.9975661211411934
948,train,0,2,1,-58.36561774671925,35.639131210519004,0.0,20.278418954001268,0.0,0.0,0.0,94.81004827588445,0.5,0.9727602957786542,0.9975661211411934
949,validation,1,0,0,-60.0,-364.4484494100193,0.0,0.0,0.0,0.0,0.0,0.0,0.5,1,1
949,validation,2,0,0,-180.0,-614.9795548959214,0.0,0.0,0.0,0.0,0.0,0.0,0.5,1,1
950,train,1,0,0,-60.7684239561347,-266.8307979346155,-0.1,292.32177035307336,0.0,0.0,-0.4,0.0,0.5,1.0128070659355783,1.0009481113345846
950,train,2,0,0,60.7684239561347,435.5747177079616,-0.1,241.39358270528172,0.0,0.0,0.40000000000000013,0.0,0.5,1.0128070659355783,1.0009481113345846
951,train,1,0,0,470.9881152501425,986.6278006192251,0.0,0.0,1196.7566326453848,0.0,0.16666666666666652,11.620026531957741,0.5,0.9812252401044637,0.9982416037801811
951,train,0,2,1,-353.2410864376069,-3831.126108703205,0.0,0.0,-1040.179178921774,0.0,-0.8333333333333333,-419.1163304254157,0.5,0.9812252401044637,0.9982416037801811
952,train,0,1,0,535.3414672298375,636.153455793992,0.0,179.91387348415913,105.77796544791352,0.0,0.0,0.0,0.5,0.9913730874626621,1.0017614936235477
952,train,2,1,0,59.48238524775972,844.9501497816711,0.0,361.5401733181217,74.60324335165956,0.4,0.0,69.70509976003467,0.5,0.9913730874626621,1.0017614936235477
953,train,0,1,1,-61.81389826116247,-664.1900631407564,0.2857142857142857,-95.27386522279005,-78.52990956721068,-0.19047619047619047,0.09523809523809523,16.770458132599078,0.5,1.0302316376860412,1.0070646135252042
953,train,2,0,0,370.8833895669748,1657.0236470161371,0.8571428571428571,-24.920984824702316,278.045388668349,0.19047619047619047,-0.09523809523809523,13.158367674451782,0.5,1.0302316376860412,1.0070646135252042
954,test,1,0,1,-60.95793635373249,-438.00433528385014,0.0,0.0,21.940208015601787,-0.3333333333333333,0.0,0.0,0.5,1.0159656058955415,0.9982416037801811
954,test,1,2,1,0.0,0.0,0.0,0.0,1.5994080183864767,-0.3333333333333333,-1.0,0.0,0.5,1.0159656058955415,0.9982416037801811
955,train,0,1,1,-60.0,-282.4158842441075,0.0,203.64776186914662,86.55766416661046,0.0,0.0,0.0,0.5,1,1
955,train,0,2,1,-240.0,-1086.3516454223263,0.0,-298.755268153352,-126.07689825849508,0.3333333333333333,0.0,0.0,0.5,1,1
956,train,0,2,0,540.0,468.13554517649027,0.0,0.0,0.0,0.0,0.0,0.0,0.5,1,1
956,train,1,2,0,120.0,-1021.6375497712188,0.0,0.0,0.0,0.0,0.0,0.0,0.5,1,1
957,train,0,1,1,0.0,-793.6667367604165,0.0,113.61652615162129,-221.47280680108463,0.0,0.047619047619047616,-29.040638177294653,0.5,0.9596797788664775,1.0017614936235477
957,train,2,0,0,0.0,121.74301929445444,0.0,-119.04316953370795,100.27832755127974,0.23809523809523808,-0.19047619047619047,3.0872234929882865,0.5,0.9596797788664775,1.0017614936235477
958,train,2,0,1,-59.813465734963785,490.36155163826277,0.0,0.0,0.0,0.0,0.0,0.0,0.5,0.9968910955827297,0.9994586253613486
958,train,2,1,1,-119.62693146992757,1328.4757591160042,0.0,0.0,0.0,0.0,0.0,0.0,0.5,0.9968910955827297,0.9994586253613486
959,train,0,1,1,121.98191062024902,-460.8637082166404,0.0,-34.421452097556696,0.0,0.3333333333333333,0.20000000000000007,-14.288823805520957,0.5,1.0165159218354085,1.004069667960554
959,train,0,2,1,121.98191062024902,232.3612330209071,0.0,-66.3914326795627,0.0,-0.3333333333333333,-0.19999999999999996,-48.88437765318691,0.5,1.0165159218354085,1.004069667960554
960,test,0,1,0,-117.73108926240107,-525.4318126817346,0.6666666666666666,-61.89988665142735,105.58253458834292,0.0,0.0,0.0,0.5,0.981092410520009,1.0012191653569225
960,test,2,1,0,-117.73108926240107,859.4893656880117,0.6666666666666666,245.27944255027288,30.402628634950815,0.0,0.0,0.0,0.5,0.981092410520009,1.0012191653569225
961,train,0,1,1,-115.14598390989414,-73.45867685623675,0.0,-105.3162257683586,85.77685597295542,-0.14285714285714285,-0.09523809523809523,68.99287249514633,0.5,0.9595498659157845,0.9982416037801811
961,train,0,2,1,-57.57299195494707,586.2152773968263,-0.09523809523809523,92.24699886561538,-12.6903713613045,0.0,-0.047619047619047616,-54.92715324711985,0.5,0.9595498659157845,0.9982416037801811
962,train,0,1,0,415.08222138259237,1440.7104318084018,1.5,0.0,0.0,0.0,1.3333333333333335,0.0,0.5,0.9882910032918866,0.997836259329798
962,train,1,2,1,-415.08222138259237,-253.03571538001344,-1.0,0.0,0.0,0.0,-0.6666666666666665,0.0,0.5,0.9882910032918866,0.997836259329798
963,train,0,1,0,180.0,558.8679360174565,0.0,0.0,0.0,0.0,0.0,0.0,0.5,1,1
963,train,1,2,1,60.0,-150.61082801952216,0.0,0.0,0.0,0.0,0.0,0.0,0.5,1,1
964,validation,0,2,0,412.2820114433714,-2392.471774211167,0.0,0.0,0.0,0.0,0.0,-15.54940454252818,0.5,0.9816238367699319,1.002032767907594
964,validation,2,1,1,0.0,2849.070299532796,0.0,0.0,0.0,0.0,0.0,-130.37358891978982,0.5,0.9816238367699319,1.002032767907594
965,train,2,0,1,-59.49849291567685,-206.76805647377327,-0.30000000000000004,0.0,-77.67284077219702,0.0,0.0,0.0,0.5,0.9916415485946142,0.9985119248876447
965,train,2,1,1,118.9969858313537,-869.705633597511,0.0,0.0,-295.86685004396537,-0.4,-0.4000000000000001,0.0,0.5,0.9916415485946142,0.9985119248876447
966,train,0,2,0,120.0,669.7429304443758,0.0,0.0,0.0,0.0,0.0,0.0,0.5,1,1
966,train,1,2,0,0.0,187.52757733706358,0.0,0.0,0.0,0.0,0.0,0.0,0.5,1,1
967,validation,2,0,1,-60.0,-1571.4867027805603,0.0,-917.6371490943084,0.0,0.0,0.0,0.0,0.5,1,1
967,validation,2,1,1,300.0,-624.4687305251064,0.0,-1290.022824064954,0.0,0.0,0.0,0.0,0.5,1,1
968,validation,0,1,1,0.0,-81.06212788299207,0.0,-59.49532917827935,24.48623396722006,-0.2857142857142857,-0.5714285714285714,-58.56223011351358,0.5,0.9870875803097247,1.0065194142839584
968,validation,0,2,1,-59.22525481858348,388.422798666614,-0.09523809523809523,-147.66992371689264,-51.01463649724215,-0.5714285714285714,0.19047619047619047,-41.042891052130216,0.5,0.9870875803097247,1.0065194142839584
969,train,0,1,0,60.374815521432915,547.9163660156507,-0.2,0.0,-13.3384855270549,0.0,0.20000000000000007,134.09584687057398,0.5,1.0062469253572153,1.0010836291719092
969,train,2,1,0,241.49926208573166,324.7403765045255,-0.2,0.0,58.882213193959274,0.0,0.20000000000000007,110.28478396829526,0.5,1.0062469253572153,1.0010836291719092
970,test,2,0,1,300.7726610629774,-186.86041788677323,0.5714285714285714,32.911661047669725,-95.49281427519851,-0.14285714285714285,0.2857142857142857,13.447964110322964,0.5,1.0025755368765914,0.9954076467536646
970,test,2,1,1,240.61812885038194,-1535.613825615394,0.2857142857142857,-87.98817198125855,-44.572451101417826,-0.047619047619047616,0.2857142857142857,-90.84599929055062,0.5,1.0025755368765914,0.9954076467536646
971,test,0,1,1,-904.1521862276036,1027.8552565348637,0.0,177.87037448481595,363.0139002902165,-0.26666666666666666,1.2000000000000002,11.303686311532367,0.5,1.0046135402528928,1.0009481113345846
971,test,2,0,0,0.0,642.0213819653555,0.0,108.81006324471156,191.7078749979853,0.0,-0.40000000000000036,62.04240323498065,0.5,1.0046135402528928,1.0009481113345846
972,train,2,0,1,0.0,-286.1210264270654,0.0,0.0,56.781962697085646,-0.8,-0.09999999999999998,-103.40350149852738,0.5,0.9915073089425505,1.0074737067491204
972,train,1,2,0,-356.9426312193182,-1538.8226737192363,0.0,0.0,121.7601802576211,0.4,-0.5,114.43997708426745,0.5,0.9915073089425505,1.0074737067491204
973,train,2,0,1,-60.0,-2091.0871595192284,0.09523809523809523,-422.7044028084828,-90.64111910618487,0.2857142857142857,-0.38095238095238093,0.0,0.5,1,1
973,train,2,1,1,-120.0,-1469.0536215205166,0.0,-538.1002952173878,-27.71014744042258,-0.14285714285714285,-0.19047619047619047,0.0,0.5,1,1
974,validation,1,0,0,-60.489353887105054,-517.7402134171159,0.0,0.0,16.96760855756989,0.26666666666666666,0.0,35.64432827258844,0.5,1.0081558981184175,0.9962165267954964
974,validation,2,0,0,-120.97870777421011,-601.9092930518722,0.0,0.0,41.68566261584687,0.5333333333333333,0.0,-7.926367988305799,0.5,1.0081558981184175,0.9962165267954964
975,test,1,0,1,-1241.375311293017,-1221.6369334131298,0.09523809523809523,111.642404770253,-180.56501296994537,0.47619047619047616,-0.4285714285714284,-275.62594123608824,0.5,0.9852185010262039,0.9963514040260837
975,test,2,1,0,0.0,836.3611207942049,0.0,-118.03484558908059,-147.4530822405596,0.23809523809523803,-0.8571428571428572,260.1427517625132,0.5,0.9852185010262039,0.9963514040260837
976,train,0,1,0,234.98450955499703,-470.767863995011,0.0,-85.22056746427126,-129.2502333191744,0.0,0.40000000000000013,-51.49015572231364,0.5,0.979102123145821,0.9979713558551195
976,train,2,1,0,293.7306369437463,-212.73981659611485,0.0,5.189663022008517,-324.9435453578661,0.0,0.20000000000000018,86.26590138086365,0.5,0.979102123145821,0.9979713558551195
977,train,2,0,1,0.0,609.8969021343468,0.0,76.10466111379247,13.308865045757159,-0.3,0.0,0.0,0.5,1.0074737067491204,1.0025755368765914
977,train,2,1,1,-60.44842240494722,301.64776147795544,0.4,-87.49241098042367,-124.67483894252757,-0.3,0.0,0.0,0.5,1.0074737067491204,1.0025755368765914
978,train,2,0,1,-240.0,72.53954884939594,0.0,-160.4463058272404,0.0,0.0,0.6666666666666667,0.0,0.5,1,1
978,train,1,2,0,60.0,357.7362638218965,0.0,144.07306939874275,0.0,0.0,-0.33333333333333337,0.0,0.5,1,1
979,test,1,0,1,-59.821563848569774,-457.8050801719239,0.0,0.0,0.0,-1.3333333333333333,-0.33333333333333326,0.0,0.5,0.9970260641428296,0.9995939415379522
979,test,2,1,0,59.821563848569774,-547.4093195656305,0.0,0.0,0.0,0.6666666666666666,0.0,0.0,0.5,0.9970260641428296,0.9995939415379522
980,train,0,1,0,537.0109830471555,315.94977360362395,-0.3333333333333333,-71.29754567129635,0.0,0.0,0.0,236.78527466332747,0.5,0.9944647834206582,0.997836259329798
980,train,2,1,0,596.6788700523949,-200.2237870539218,0.0,-65.50823863569377,0.0,0.0,0.0,216.3877025941122,0.5,0.9944647834206582,0.997836259329798
981,train,0,1,1,-416.71504936901067,-182.99919767892192,-1.3333333333333333,0.0,0.0,0.0,0.6666666666666667,0.0,0.5,0.992178688973835,1.0042056084237854
981,train,0,2,1,-59.5307213384301,509.27753728421806,-1.3333333333333333,0.0,0.0,0.0,0.6666666666666667,0.0,0.5,0.992178688973835,1.0042056084237854
982,test,1,0,1,-122.19678097799478,-366.74488184979185,0.0,0.0,-77.62427606494916,0.0,0.0,-43.50720336445002,0.5,1.0183065081499565,1.003526090106881
982,test,2,1,0,61.09839048899739,-51.6167530864781,0.3333333333333333,0.0,-19.521055508266727,0.0,0.0,71.37058173694822,0.5,1.0183065081499565,1.003526090106881
983,test,2,0,1,-61.06531336992423,-214.10761442832543,0.0,0.0,-211.65847890362352,0.0,0.0,0.0,0.5,1.0177552228320705,1.0023041156519776
983,test,2,1,1,0.0,-164.8101403936178,0.0,0.0,-992.2375948293018,0.0,0.0,0.0,0.5,1.0177552228320705,1.0023041156519776
984,train,2,0,1,121.25745670834868,-702.2492508411815,0.0,24.877432020800683,-32.26798777551761,0.0,-1.6666666666666667,-56.31699649056294,0.5,1.0104788059029057,0.9967561452934783
984,train,1,2,0,-242.51491341669737,-63.622568348995586,0.26666666666666666,69.29578691679026,68.06571599654748,0.0,0.6666666666666667,51.435476777187006,0.5,1.0104788059029057,0.9967561452934783
985,train,0,2,0,60.0,-74.40335990529184,0.0,0.0,0.0,0.0,0.0,0.0,0.5,1,1
985,train,1,2,0,180.0,365.0065719539866,0.0,0.0,0.0,0.0,0.0,0.0,0.5,1,1
986,train,2,0,1,-59.821563848569774,-340.77550369898097,-0.33333333333333337,0.0,0.0,0.0,0.0,0.0,0.5,0.9970260641428296,0.9995939415379522
986,train,1,2,0,598.2156384856977,180.6758877597158,-0.3333333333333333,0.0,0.0,1.3333333333333335,0.0,0.0,0.5,0.9970260641428296,0.9995939415379522
987,test,0,2,0,533.3882225078323,-67.72695129774678,0.0,0.0,0.0,0.0,0.0,-35.80473639348932,0.5,0.9877559676070969,1.0029828065324724
987,test,1,2,0,177.79607416927746,870.3966389281932,0.0,0.0,0.0,0.0,0.0,74.620332528456,0.5,0.9877559676070969,1.0029828065324724
988,train,1,0,0,-187.48640269293935,-793.5085550403501,0.0,95.13613076980212,-146.18749575863933,0.0,0.0,0.0,0.5,1.0415911260718853,0.9987823191973281
988,train,2,0,0,-187.48640269293935,-684.5133088929822,0.0,183.27321760579565,-112.97658641927072,0.0,0.0,0.0,0.5,1.0415911260718853,0.9987823191973281
989,train,1,0,0,-118.6591594545988,327.85979477281506,0.0,289.34313973643873,-83.99479363309479,0.6666666666666666,2.4,0.0,0.5,0.9888263287883233,0.9981064706710885
989,train,0,2,1,-59.3295797272994,-69.57392542597829,0.0,-414.97342216715623,27.59127649810229,0.0,0.5333333333333332,0.0,0.5,0.9888263287883233,0.9981064706710885
990,train,0,2,0,-60.50573423938711,446.2753320116477,0.0,0.0,82.88825463679154,0.16666666666666666,-0.33333333333333326,0.0,0.5,1.0084289039897851,1.0043415672919243
990,train,2,1,1,-60.50573423938711,-994.4569836204255,0.0,0.0,-168.86381104647475,0.0,-0.6666666666666665,0.0,0.5,1.0084289039897851,1.0043415672919243
991,validation,2,0,1,-118.6591594545988,-928.4725178995001,0.13333333333333333,13.453691394703753,0.0,-0.06666666666666667,0.0,-115.39201896271172,0.5,0.9888263287883233,1.0033902416308227
991,validation,1,2,0,59.3295797272994,424.2166078104999,-0.26666666666666666,-78.4057179941785,0.0,0.13333333333333333,0.0,136.42897995458452,0.5,0.9888263287883233,1.0033902416308227
992,test,1,0,0,121.02785215772221,-31.696829317954467,0.0,-16.26807676971608,1.97108179439266,0.19047619047619047,-0.8571428571428571,3.099584457845019,0.5,1.008565434647685,0.9968910955827297
992,test,0,2,1,-121.02785215772221,-1011.2639822918464,-0.2857142857142857,-76.86720900934824,17.235104870403433,0.0,0.2857142857142858,-4.412071328802039,0.5,1.008565434647685,0.9968910955827297
993,train,0,2,0,-121.06062617045153,-94.433157545388,0.0,0.0,0.0,0.0,0.0,498.0287011816299,0.5,1.0088385514204294,0.9997292760349417
993,train,2,1,1,-423.71219159658034,-1430.705702957425,0.0,0.0,0.0,0.0,0.0,-571.7239451084876,0.5,1.0088385514204294,0.9997292760349417
994,validation,0,1,1,-240.0,118.7079482536301,0.0,0.0,0.0,0.0,0.0,0.0,0.5,1,1
994,validation,0,2,1,-120.0,534.1771627559351,0.0,0.0,0.0,0.0,0.0,0.0,0.5,1,1
995,train,0,2,0,118.9486660982987,1418.387514092451,0.0,144.25490538407786,0.0,0.0,0.0,25.741177826637767,0.5,0.9912388841524892,1.0074737067491204
995,train,2,1,1,59.47433304914935,-482.4629505273167,0.0,317.59558890567496,0.0,-0.4,0.0,-33.867827129948694,0.5,0.9912388841524892,1.0074737067491204
996,train,1,0,0,478.5077258797103,752.8099728920884,2.0,0.0,0.0,0.0,0.0,0.0,0.5,0.9968910955827297,0.9994586253613486
996,train,0,2,1,-119.62693146992757,-684.9491917101285,-1.0,0.0,0.0,0.0,0.0,0.0,0.5,0.9968910955827297,0.9994586253613486
997,train,2,0,1,-360.0,-582.2609821474762,0.0,252.55077395387679,50.52537890484825,0.13333333333333336,-0.19999999999999996,0.0,0.5,1,1
997,train,1,2,0,60.0,425.242115315471,0.0,2.3977480975556205,48.32091374461979,-0.06666666666666668,0.6000000000000001,84.93220769388763,0.5,1,1
998,train,0,1,0,59.530721338430105,786.3212304960733,0.0,0.0,0.0,0.0,3.3333333333333335,0.0,0.5,0.9921786889738351,0.9986471128909702
998,train,1,2,1,-476.24577070744084,-449.77612838598264,0.0,0.0,0.0,0.0,-2.6666666666666665,0.0,0.5,0.9921786889738351,0.9986471128909702
999,test,2,0,1,60.0,183.79380157258447,0.0,-249.424809991093,0.0,0.0,0.16666666666666669,-10.176584551283547,0.5,1,1
999,test,1,2,0,60.0,-145.93885431961826,0.0,136.3987192271997,0.0,0.0,0.0,-0.3290002777424448,0.5,1,1
1000,test,0,2,0,-60.35029981669586,-533.800875699987,0.2857142857142857,-22.28459326267199,13.53264731266313,0.0,0.7142857142857142,-30.735217249679337,0.5,1.0058383302782643,1.0017614936235477
1000,test,1,2,0,181.05089945008757,539.5134204748983,1.1428571428571428,-134.53833447925848,77.93276230786441,0.0,1.1904761904761902,-68.29963853552663,0.5,1.0058383302782643,1.0017614936235477
1001,train,0,1,1,180.0,943.1387616596826,0.0,0.0,0.0,0.0,0.0,0.0,0.5,1,1
1001,train,2,0,0,0.0,-434.144334467283,0.0,0.0,0.0,0.0,0.0,0.0,0.5,1,1
1002,train,1,0,0,-59.95939965015904,-347.10032289847277,0.0,0.0,0.0,1.0,0.0,0.0,0.5,0.9993233275026507,0.9998646288547973
1002,train,2,0,0,0.0,-393.0585691086259,0.0,0.0,0.0,0.0,0.0,0.0,0.5,0.9993233275026507,0.9998646288547973
1003,validation,1,0,1,-57.68221492065591,7.193732031742053,0.0,41.11630198927031,-5.106898526514554,0.38095238095238093,-0.14285714285714285,-34.37699972998032,0.5,0.9613702486775985,0.9989175438091965
1003,validation,2,1,0,57.68221492065591,-61.278755755985216,0.09523809523809523,-12.701398783884713,0.9803716165984326,-0.19047619047619047,-0.14285714285714285,65.13851136987284,0.5,0.9613702486775985,0.9989175438091965
1004,train,2,0,1,-180.0,-1885.6958487540278,0.09523809523809523,-993.0948956944301,40.24565846509604,0.38095238095238093,-0.09523809523809523,-91.53424669204412,0.5,1,1
1004,train,1,2,0,240.0,1000.3063542753571,-0.2857142857142857,474.0522708015598,293.5349991004849,-0.38095238095238093,0.047619047619047616,68.05632507663128,0.5,1,1
1005,train,1,0,1,-247.82529852662302,-940.205678622857,-0.14285714285714285,-92.6658690111941,-32.297200393307776,0.0,-1.1904761904761905,42.53920535157844,0.5,1.032605410527596,1.0008126118424647
1005,train,2,1,0,247.82529852662302,-729.6159664185227,0.09523809523809523,-210.81044591833276,-1.7192895336595484,0.14285714285714285,-0.23809523809523814,-17.286117551084807,0.5,1.032605410527596,1.0008126118424647
1006,test,1,0,1,-177.38735319232413,25.22596657055023,0.13333333333333333,124.02098070035987,-103.66025240955283,0.0,0.0,-90.76626184562335,0.5,0.9854852955129119,0.9964862995176282
1006,test,1,2,1,-59.12911773077471,-1128.5766098688337,0.0,-204.71924193316505,-73.76238067276988,0.13333333333333333,0.0,-15.502815229836699,0.5,0.9854852955129119,0.9964862995176282
1007,train,2,0,1,-180.0,-2191.368548226864,-0.23809523809523808,-474.92433120851445,-136.53623024776516,0.0,0.2857142857142857,-52.34227478211805,0.5,1,1
1007,train,2,1,1,-540.0,-1143.044763340763,0.23809523809523808,-476.5552584444298,-35.58681998471921,-0.19047619047619047,-0.5714285714285714,-53.273448530349704,0.5,1,1
1008,train,0,1,1,122.29607952932855,911.8930701975044,0.0,-39.892806063442265,0.0,-0.1,-0.5999999999999999,1.1612489455359167,0.5,1.019133996077738,1.000406223412502
1008,train,2,0,0,122.29607952932855,-277.8317678061499,0.0,-4.827852438275073,0.0,0.1,0.5999999999999999,0.5420225582747165,0.5,1.019133996077738,1.000406223412502
1009,train,0,1,0,413.79177043100566,-190.61336075913306,0.10000000000000003,0.0,0.0,-0.2,2.4,181.08451664345844,0.5,0.9852185010262039,1.0012191653569225
1009,train,2,1,0,118.22622012314447,-281.0951744800924,-0.1,0.0,0.0,-0.2,2.8,231.82412392463291,0.5,0.9852185010262039,1.0012191653569225
1010,train,1,0,0,60.0,360.47962403964175,0.0,46.32445746246748,0.0,0.0,-0.6666666666666667,0.0,0.5,1,1
1010,train,0,2,1,-120.0,-18.227482328474252,0.0,-639.589366190169,0.0,0.0,0.0,0.0,0.5,1,1
1011,train,0,2,0,-122.6940813024238,-1002.5307594768603,0.0,0.0,0.0,0.0,0.6666666666666666,-23.894587184102697,0.5,1.0224506775201982,0.999052786729054
1011,train,2,1,1,-61.3470406512119,589.7482889068431,0.0,0.0,0.0,0.0,-0.6666666666666666,29.518179561166708,0.5,1.0224506775201982,0.999052786729054
1012,train,1,0,0,-178.42299914744805,150.01113008463687,0.0,14.012441591628658,0.0,0.4,0.8,32.60945329307954,0.5,0.9912388841524892,1.0017614936235477
1012,train,0,2,1,237.8973321965974,-748.7000892381927,0.0,-349.81538072785617,0.0,-0.4,-0.2,-22.341736662688376,0.5,0.9912388841524892,1.0017614936235477
1013,train,0,1,1,58.730223404210754,1313.9135641710914,0.3333333333333333,0.0,-57.96163429315167,-0.2,-0.2666666666666667,33.491630551409116,0.5,0.978837056736846,0.9958120046447593
1013,train,2,0,0,-234.92089361684302,-895.3549255887183,-0.3333333333333333,0.0,50.67422434552012,0.6000000000000001,0.0,-37.795337634712006,0.5,0.978837056736846,0.9958120046447593
1014,train,0,2,0,-60.62872835417434,84.73610300895336,0.26666666666666666,-85.24142599395857,0.0,0.6000000000000001,0.6666666666666667,14.10382842479815,0.5,1.0104788059029057,0.9970260641428296
1014,train,2,1,1,-121.25745670834868,74.69827236248595,-0.5333333333333333,-17.178223043846415,0.0,-0.2,0.33333333333333326,-42.6776771439294,0.5,1.0104788059029057,0.9970260641428296
1015,train,0,2,0,375.7350380708877,743.3401452366599,0.0,118.5238403778412,-22.361648005946716,0.0,0.06666666666666668,58.273513817532205,0.5,1.0437084390857991,1.0042056084237854
1015,train,2,1,1,62.62250634514795,-156.78048705253065,0.0,-40.965931587723475,25.240731101877273,0.0,0.0,-104.2023170204047,0.5,1.0437084390857991,1.0042056084237854
1016,train,0,2,0,63.210218997024285,605.8490768945925,0.3333333333333333,-38.681775006737666,0.0,0.0,0.0,86.40185710118104,0.5,1.0535036499504047,1.002032767907594
1016,train,1,2,0,379.2613139821457,1095.6214374363126,-0.3333333333333333,335.807417224791,0.0,0.0,0.0,118.6471065109978,0.5,1.0535036499504047,1.002032767907594
1017,train,1,0,1,-120.0,-1705.0850322303113,0.0,-361.49992032991577,0.0,0.0,0.0,0.0,0.5,1,1
1017,train,1,2,1,-120.0,-1538.2204301125748,0.0,-454.76850023325505,0.0,0.0,0.0,0.0,0.5,1,1
1018,train,2,0,1,869.9757970609306,604.4141560460819,0.0,0.0,-14.328587911893209,-0.4,0.0,5.995336118749975,0.5,1.035685472691584,1.0012191653569225
1018,train,1,2,0,-745.6935403379405,260.8955168674387,0.0,0.0,324.1214237868911,0.20000000000000004,-0.20000000000000018,175.57794301072613,0.5,1.035685472691584,1.0012191653569225
1019,train,0,1,1,59.34564601589777,-251.03022930390355,-0.13333333333333336,0.0,-70.3035793938541,0.0,0.06666666666666665,-25.069123313091197,0.5,0.9890941002649628,0.997836259329798
1019,train,2,0,0,296.72823007948887,416.19310874261265,0.0,0.0,106.09749713106201,-0.3333333333333333,0.0,142.71494144113396,0.5,0.9890941002649628,0.997836259329798
1020,train,1,0,0,240.0,810.1825940916556,0.0,0.0,0.0,0.0,0.0,0.0,0.5,1,1
1020,train,0,2,1,-120.0,-581.6966856766417,0.0,0.0,0.0,0.0,0.0,0.0,0.5,1,1
1021,test,1,0,1,-304.37733573723233,-465.75121410672443,-0.23809523809523808,-215.26678222317884,26.56505522111096,0.0,0.19047619047619047,16.15275396715184,0.5,1.0145911191241077,0.9981064706710885
1021,test,1,2,1,60.875467147446464,39.59748083237696,-0.23809523809523808,-91.38108441609435,20.849489490071207,0.0,0.14285714285714285,17.900850073306174,0.5,1.0145911191241077,0.9981064706710885
1022,validation,0,1,0,120.0,1015.8768042278757,0.0,0.0,0.0,0.0,0.0,0.0,0.5,1,1
1022,validation,2,1,0,0.0,318.2511599885106,0.0,0.0,0.0,0.0,0.0,0.0,0.5,1,1
1023,test,1,0,0,117.74702881253563,747.7779418922654,0.0,0.0,-136.17188115106785,0.0,0.5,0.0,0.5,0.9812252401044637,0.9982416037801811
1023,test,2,0,0,176.62054321880345,65.95895514437095,0.0,0.0,-51.45803961188463,0.0,0.16666666666666666,0.0,0.5,0.9812252401044637,0.9982416037801811
1024,validation,1,0,0,120.0,992.027527176509,-0.19047619047619047,340.8698788410684,23.686371749623568,0.2857142857142857,0.4761904761904763,-52.6185688853434,0.5,1,1
1024,validation,2,0,0,-180.0,-319.51744629615496,0.0,61.86421042416856,57.71189044069201,0.0,0.23809523809523814,-3.0464586405349294,0.5,1,1
1025,train,0,1,1,-119.31961939008755,-403.40365537549263,0.0,0.0,-24.072043688572286,-0.5,0.3333333333333333,0.0,0.5,0.994330161584063,0.999052786729054
1025,train,2,0,0,119.31961939008755,398.59435981507454,0.0,0.0,-25.481371523211543,0.0,0.3333333333333333,0.0,0.5,0.994330161584063,0.999052786729054
1026,train,0,1,0,600.0,2342.742084247875,0.9000000000000001,17.343636961636776,0.0,0.0,-0.4,0.0,0.5,1,1
1026,train,1,2,1,-360.0,-1722.136185084496,0.6,-878.3902006780554,0.0,-0.4,0.4,0.0,0.5,1,1
1027,train,0,1,1,119.62693146992757,860.7043171647072,0.0,0.0,0.0,0.0,0.0,0.0,0.5,0.9968910955827297,0.9994586253613486
1027,train,0,2,1,-179.44039720489135,-111.04102172357895,-1.0,0.0,0.0,0.0,0.0,0.0,0.5,0.9968910955827297,0.9994586253613486
1028,train,0,1,0,-61.530027004814166,-42.05044336259675,0.0,0.0,0.0,0.0,1.0,0.0,0.5,1.025500450080236,1.0065194142839584
1028,train,1,2,1,0.0,381.8017498499253,0.0,0.0,0.0,0.0,0.0,0.0,0.5,1.025500450080236,1.0065194142839584
1029,train,1,0,0,180.0,-531.8424643179706,0.0,0.0,0.0,0.0,0.0,0.0,0.5,1,1
1029,train,2,0,0,-180.0,-990.4150004496737,0.0,0.0,0.0,0.0,0.0,0.0,0.5,1,1
1030,train,1,0,0,121.99842568684717,-809.1986534964988,0.5999999999999999,0.0,-53.02078864688272,0.0,-0.20000000000000007,178.19611160799727,0.5,1.016653547390393,1.0001353894730307
1030,train,0,2,1,-121.99842568684717,833.494571999091,0.3,0.0,52.61309606374532,0.0,0.30000000000000004,-8.483243515764329,0.5,1.016653547390393,1.0001353894730307
1031,train,0,2,0,59.74872027868555,-6.022528816810613,0.0,0.0,228.61173765559357,0.0,0.0,-26.400471279200662,0.5,0.9958120046447593,0.9982416037801811
1031,train,1,2,0,179.24616083605667,664.1646989414508,0.0,0.0,16.460617857610558,0.0,0.0,-18.16257875157886,0.5,0.9958120046447593,0.9982416037801811
1032,test,1,0,0,365.79713649967476,764.5039704667655,0.3333333333333333,19.20183921022715,0.0,0.0,1.5,0.0,0.5,1.016103156943541,0.997836259329798
1032,test,0,2,1,0.0,-1728.7362234328755,-0.3333333333333333,-464.6071349911442,0.0,0.0,1.0,0.0,0.5,1.016103156943541,0.997836259329798
1033,train,0,1,0,59.64365835480851,263.89249411097546,0.0,-193.3064547598384,0.0,1.0,0.0,35.4632542192962,0.5,0.9940609725801418,1.0024398170780122
1033,train,2,1,0,-59.64365835480851,395.39820075053046,0.0,-23.789061285066907,0.0,0.0,0.0,0.0,0.5,0.9940609725801418,1.0024398170780122
1034,train,2,0,1,0.0,1186.3018064144558,0.0,0.0,0.0,0.0,0.0,0.0,0.5,1,1
1034,train,2,1,1,60.0,378.5833849090386,0.0,0.0,0.0,0.0,0.0,0.0,0.5,1,1
1035,test,2,0,1,-238.09065038603111,-2950.4083997378184,0.0,0.0,-74.4755421579946,0.0,-1.3333333333333335,0.0,0.5,0.992044376608463,0.9987823191973281
1035,test,2,1,1,0.0,-875.5019005775905,0.0,0.0,-508.21049957141634,0.0,-0.6666666666666665,0.0,0.5,0.992044376608463,0.9987823191973281
1036,train,0,1,1,-240.0,-217.63803910015395,0.0,0.0,0.0,0.0,0.0,0.0,0.5,1,1
1036,train,0,2,1,-360.0,-69.1023187718938,0.0,0.0,0.0,0.0,0.0,0.0,0.5,1,1
1037,validation,0,1,0,1066.0545867345027,2215.097018276469,0.19047619047619047,56.234124409743046,43.26828311977888,0.2857142857142857,0.1428571428571428,101.05332451939468,0.5,0.9870875803097247,0.9974310794729591
1037,validation,2,1,0,296.1262740929174,1385.7566471415844,0.47619047619047616,-25.368522928361777,-3.902333212992076,-0.2857142857142857,-0.4285714285714286,76.88135411476104,0.5,0.9870875803097247,0.9974310794729591
1038,train,1,0,1,119.06144267686021,-366.954566183069,0.0,0.0,0.0,0.0,-3.9999999999999996,99.85501783259443,0.5,0.9921786889738351,1.0025755368765914
1038,train,2,1,0,-238.12288535372042,-687.5801368666146,0.0,0.0,0.0,0.0,2.0,-59.69161929965345,0.5,0.9921786889738351,1.0025755368765914
1039,train,1,0,0,480.0,305.5381539610862,0.0,875.710882027993,-326.9353903160301,0.0,0.8333333333333333,0.0,0.5,1,1
1039,train,0,2,1,-360.0,389.6233994821632,0.0,-741.219450286113,436.4680722536068,0.0,-1.0,0.0,0.5,1,1
1040,train,2,0,1,-59.64365835480851,-861.399444797618,0.0,0.0,0.0,-0.5,0.3333333333333335,-23.529489657800283,0.5,0.9940609725801418,0.9989175438091965
1040,train,2,1,1,-596.4365835480851,-1144.5425688871112,0.0,0.0,0.0,-0.5,0.0,0.4413716980493163,0.5,0.9940609725801418,0.9989175438091965
1041,train,0,1,1,-238.12288535372042,-1866.82525381804,0.0,-685.3551911232257,0.0,0.0,0.6666666666666665,0.0,0.5,0.9921786889738351,0.9982416037801811
1041,train,0,2,1,-238.12288535372042,264.60683608497686,0.0,-429.8138728871482,0.0,0.0,0.6666666666666665,0.0,0.5,0.9921786889738351,0.9982416037801811
1042,train,0,1,0,0.0,-663.398901952837,0.0,-283.784317052184,0.0,0.0,3.333333333333333,0.0,0.5,0.9921786889738351,1.0021684325960005
1042,train,2,1,0,178.5921640152903,42.16406731111582,0.0,-136.67606824870393,0.0,0.0,5.333333333333333,0.0,0.5,0.9921786889738351,1.0021684325960005
1043,test,0,1,0,240.0,125.02857172295262,0.0,0.0,0.0,0.0,0.0,0.0,0.5,1,1
1043,test,2,1,0,-180.0,-368.19694466587407,0.0,0.0,0.0,0.0,0.0,0.0,0.5,1,1
1044,train,2,0,1,0.0,420.7834455585184,0.2,183.67316389216654,7.275004738776687,-0.4,0.0,0.0,0.5,0.9913730874626621,1.004069667960554
1044,train,1,2,0,-118.96477049551945,1174.2577813174785,0.4,509.47588149946773,-41.59806216879632,0.8,0.0,0.0,0.5,0.9913730874626621,1.004069667960554
1045,validation,0,2,0,1420.6366024237686,2234.9166368186,0.0,96.63327653348045,429.1549993121761,-0.06666666666666667,-0.2666666666666666,103.10785417114631,0.5,0.9865531961276172,0.9995939415379522
1045,validation,1,2,0,1598.2161777267397,2997.2382952604075,0.0,499.369419900376,-90.31231536100555,-0.06666666666666667,0.7999999999999998,-12.96361165897639,0.5,0.9865531961276172,0.9995939415379522
1046,test,0,2,0,358.8807944097827,559.6711875388397,0.0,0.0,0.0,0.0,4.0,0.0,0.5,0.9968910955827297,0.9994586253613486
1046,test,1,2,0,179.44039720489135,-243.2967814678049,0.0,0.0,0.0,0.0,3.0,0.0,0.5,0.9968910955827297,0.9994586253613486
1047,test,2,0,1,-236.45244024628894,-172.89462680695496,-0.2,0.0,0.0,0.0,1.6,0.0,0.5,0.9852185010262039,1.0081558981184175
1047,test,1,2,0,177.33933018471672,-586.6899210451231,0.2,0.0,0.0,-0.1,-1.6,135.61814690298004,0.5,0.9852185010262039,1.0081558981184175
1048,train,1,0,1,0.0,-473.96697355677566,0.0,0.0,0.0,1.0,-0.6666666666666665,0.14160746197351415,0.5,0.9940609725801418,0.9989175438091965
1048,train,1,2,1,-238.57463341923403,-945.0660684467678,0.0,0.0,0.0,0.0,-0.33333333333333326,-12.729446652464354,0.5,0.9940609725801418,0.9989175438091965
1049,train,1,0,0,60.793109512686506,-280.0938776210437,0.6666666666666667,0.0,81.53529281399113,0.0,0.0,0.0,0.5,1.0132184918781084,1.003933745899739
1049,train,0,2,1,-60.793109512686506,-222.40520182443314,0.0,0.0,-214.43677836272997,0.0,0.0,0.0,0.5,1.0132184918781084,1.003933745899739
1050,validation,2,0,1,-240.0,-110.57105746402067,0.0,-865.9783554752662,0.0,0.0,0.0,0.0,0.5,1,1
1050,validation,1,2,0,0.0,2607.7905600025815,0.0,853.1745311927668,0.0,0.0,0.0,0.0,0.5,1,1
1051,validation,2,0,1,-540.0,-731.9670191527966,0.0,0.0,0.0,0.0,0.0,0.0,0.5,1,1
1051,validation,1,2,0,1020.0,-232.02671599518817,0.0,0.0,0.0,0.0,0.0,0.0,0.5,1,1
1052,train,1,0,1,-305.49195244498696,-44.51053603170182,0.0,0.0,-44.34734568107629,0.0,0.33333333333333326,-244.99547317363394,0.5,1.0183065081499565,1.0005416678839063
1052,train,2,1,0,244.39356195598955,-101.70143260577392,0.0,0.0,407.00367705012,0.0,-0.33333333333333326,88.37094787402559,0.5,1.0183065081499565,1.0005416678839063
1053,test,0,2,0,240.0,313.4970517660722,0.0,441.6404826573741,38.936535021096375,0.0,2.7,19.73350091782941,0.5,1,1
1053,test,2,1,1,-240.0,-757.6902700780229,0.0,-167.66882712316914,46.02685093629805,0.0,-0.5999999999999999,10.014748794271465,0.5,1,1
1054,train,0,2,0,416.7150493690107,1021.6448142686673,0.0,0.0,0.0,0.0,4.0,227.62435173183007,0.5,0.9921786889738351,0.9986471128909702
1054,train,1,2,0,297.6536066921505,324.82623851296177,0.0,0.0,0.0,0.0,3.333333333333333,-12.898298051240134,0.5,0.9921786889738351,0.9986471128909702
1055,validation,1,0,0,240.0,-462.1386588642663,0.0,0.0,0.0,0.0,0.0,0.0,0.5,1,1
1055,validation,2,0,0,420.0,1325.2356172040936,0.0,0.0,0.0,0.0,0.0,0.0,0.5,1,1
1056,train,0,1,0,-59.813465734963785,595.6093060740116,-1.0,0.0,0.0,0.0,0.0,0.0,0.5,0.9968910955827297,0.9994586253613486
1056,train,1,2,1,-179.44039720489135,-1839.3548603249842,1.0,0.0,0.0,0.0,0.0,0.0,0.5,0.9968910955827297,0.9994586253613486
1057,train,0,1,0,-59.813465734963785,1162.1609998661122,0.0,0.0,0.0,0.0,4.0,0.0,0.5,0.9968910955827297,0.9994586253613486
1057,train,1,2,1,-119.62693146992757,272.97346330255766,0.0,0.0,0.0,0.0,-5.0,0.0,0.5,0.9968910955827297,0.9994586253613486
1058,train,0,1,1,-120.0,-5242.588188252218,-0.5333333333333333,-14.134846455792967,-136.044970320522,0.0,-1.0666666666666669,-80.12240822593219,0.5,1,1
1058,train,0,2,1,120.0,-1821.3297390577718,0.26666666666666666,-467.835718089651,-134.8305064538372,0.0,-0.4,-31.305328393015387,0.5,1,1
1059,train,2,0,1,-235.94081848475957,-345.3527417995348,-0.8,0.0,-13.106096367104648,0.0,1.333333333333333,-94.49802229710113,0.5,0.9830867436864982,0.9970260641428296
1059,train,1,2,0,58.985204621189894,515.515427887074,0.8,0.0,-20.094241336786794,0.13333333333333333,1.666666666666667,184.59129151613976,0.5,0.9830867436864982,0.9970260641428296
1060,train,0,1,1,-240.0,-493.96332394894716,0.0,0.0,0.0,0.0,0.0,0.0,0.5,1,1
1060,train,0,2,1,-180.0,-296.19768867681387,0.0,0.0,0.0,0.0,0.0,0.0,0.5,1,1
1061,train,0,2,0,705.2398972930607,1248.2167805530669,0.0,48.90591731311372,64.57669805808669,0.14285714285714285,0.5714285714285714,2.8142247704929026,0.5,0.9794998573514732,1.001625884022936
1061,train,1,2,0,-58.769991441088386,35.78262648035457,0.2857142857142857,136.12575462883348,-18.583452446549394,0.14285714285714285,0.19047619047619047,-4.105339527574877,0.5,0.9794998573514732,1.001625884022936
1062,validation,2,0,1,0.0,-118.81172454155984,-0.4,-157.82301776816348,-44.492519424296944,0.0,0.2,0.0,0.5,0.9836192502026473,0.9970260641428296
1062,validation,1,2,0,118.03431002431768,269.60668018058095,0.0,34.247317310894914,12.947636300985934,0.0,0.20000000000000007,0.0,0.5,0.9836192502026473,0.9970260641428296
1063,test,1,0,1,117.74702881253563,2471.900557046533,0.0,0.0,-753.7003429345708,0.0,0.0,346.4070341127226,0.5,0.9812252401044637,0.9982416037801811
1063,test,2,1,0,-58.873514406267816,-2825.141331002516,0.0,0.0,724.3094143227671,0.16666666666666666,0.0,-67.15148187103273,0.5,0.9812252401044637,0.9982416037801811
1064,validation,0,1,1,-60.0,-254.4839643449618,0.0,0.0,0.0,0.0,0.0,0.0,0.5,1,1
1064,validation,0,2,1,-120.0,-475.97764546489407,0.0,0.0,0.0,0.0,0.0,0.0,0.5,1,1
1065,train,0,1,0,-361.2693924384772,-427.26365647105797,0.0,-69.27255816383449,439.22067217987296,0.38095238095238093,0.7142857142857142,9.598214590844947,0.5,1.0035260901068812,1.0008126118424647
1065,train,2,1,0,-60.21156540641287,258.05772584996447,-0.19047619047619047,296.6291862811207,68.47086905547732,-0.19047619047619047,0.0,-22.214544432052907,0.5,1.0035260901068812,1.0008126118424647
1066,train,0,1,0,186.42338508448512,588.5744042646941,0.4,0.0,212.92959475932085,0.0,-0.8000000000000002,-53.54414011299995,0.5,1.035685472691584,0.9982416037801811
1066,train,1,2,1,-310.7056418074752,394.3371779238864,0.0,0.0,7.802866110129969,0.0,0.40000000000000013,-69.66648215076957,0.5,1.035685472691584,0.9982416037801811
1067,validation,0,2,0,239.25386293985514,1324.6560014643715,0.0,0.0,0.0,0.0,-1.0,0.0,0.5,0.9968910955827297,0.9994586253613486
1067,validation,2,1,1,0.0,-172.41814314642394,0.0,0.0,0.0,0.0,0.0,0.0,0.5,0.9968910955827297,0.9994586253613486
1068,train,0,1,0,0.0,16.40121756693613,0.0,29.737140206912443,21.3564124628505,0.0,0.0,-60.271859506196996,0.5,1.0196860282328104,1.0018971215842718
1068,train,1,2,1,0.0,608.7934975562674,0.0,-124.76851233943223,-59.77876689859755,0.4,0.0,-36.02831377016346,0.5,1.0196860282328104,1.0018971215842718
1069,test,0,2,0,240.0,1054.3132256836388,0.0,0.0,0.0,0.0,0.0,0.0,0.5,1,1
1069,test,2,1,1,-120.0,-891.721807354384,0.0,0.0,0.0,0.0,0.0,0.0,0.5,1,1
1070,train,1,0,1,178.0610423749156,-186.85307227936647,-0.2,-7.488341314186968,-77.23091516495654,-0.3333333333333333,-0.13333333333333336,0.0,0.5,0.9892280131939755,0.9981064706710885
1070,train,1,2,1,-356.1220847498312,-865.4512166180642,-0.2,49.67143478361044,-144.58040090389406,0.0,-0.5333333333333334,0.0,0.5,0.9892280131939755,0.9981064706710885
1071,train,0,2,0,301.3024701875773,-744.9978124266717,1.0,17.979073776344194,25.538331108994555,0.0,-1.6,49.461490361220946,0.5,1.0043415672919243,1.0017614936235477
1071,train,1,2,0,60.26049403751546,545.7320091847653,0.0,132.39806769051722,151.91386322916858,0.0,-0.8,78.96417719723277,0.5,1.0043415672919243,1.0017614936235477
1072,validation,0,2,0,58.46842841021452,506.4629843505949,0.2857142857142857,12.316083578992984,26.80311431765606,0.0,0.5714285714285714,0.0,0.5,0.9744738068369087,1.0066556864170535
1072,validation,1,2,0,-175.40528523064356,122.55556652625935,0.0,1.3296500701114624,146.3860853392925,0.19047619047619047,0.14285714285714285,26.079385746553832,0.5,0.9744738068369087,1.0066556864170535
1073,train,0,1,1,237.12562781588252,-498.31078749783546,0.0,-121.46781290168002,70.63754662615028,0.0,-1.0,0.0,0.5,0.9880234492328439,0.997836259329798
1073,train,2,0,0,-59.28140695397063,1690.1494730211607,0.0,82.18503934454856,-142.88417266466894,0.0,2.0,0.0,0.5,0.9880234492328439,0.997836259329798
1074,train,0,1,0,0.0,-178.95502933469118,0.0,-98.93708125346507,231.35608119934548,0.0,0.0,0.0,0.5,1.0117107466569668,1.001625884022936
1074,train,1,2,1,60.70264479941801,103.88833169303743,0.0,-112.56030823938147,-86.93405223333974,0.0,0.0,0.0,0.5,1.0117107466569668,1.001625884022936
1075,train,1,0,0,60.710863298508976,-1397.384873876898,0.0,0.0,179.04892639095607,0.0,-1.333333333333333,0.0,0.5,1.0118477216418162,0.9987823191973281
1075,train,0,2,1,-182.13258989552693,752.4752771129573,0.0,0.0,-112.67508413392088,0.0,-0.3333333333333335,0.0,0.5,1.0118477216418162,0.9987823191973281
1076,train,1,0,1,-120.0,-491.93831415056684,0.0,-1352.8389500841301,0.0,0.0,0.0,0.0,0.5,1,1
1076,train,1,2,1,120.0,211.88671940145468,0.0,-1531.324722458273,0.0,0.0,0.0,0.0,0.5,1,1
1077,train,1,0,0,190.6603327064902,662.3152070195814,0.0,-108.44574352921381,0.0,0.0,0.0,254.76853992683348,0.5,1.0592240705916123,1.0027112750502025
1077,train,0,2,1,127.10688847099347,132.56912372450478,0.0,-19.930275199392668,0.0,0.0,0.0,-369.2456755884492,0.5,1.0592240705916123,1.0027112750502025
1078,test,0,1,0,0.0,457.0654306960896,0.0,862.1579169920317,0.0,0.0,0.0,45.48256085402616,0.5,1,1
1078,test,2,1,0,-120.0,435.3498790643944,0.3333333333333333,272.9370836248643,0.0,0.0,0.0,77.99011100926302,0.5,1,1
1079,train,2,0,1,-121.93237883322493,922.7721390529055,-0.16666666666666666,0.0,0.0,-0.3333333333333333,-3.0,0.0,0.5,1.016103156943541,1.0048855868633984
1079,train,1,2,0,0.0,-489.2011309494053,0.0,0.0,0.0,0.0,1.0,0.0,0.5,1.016103156943541,1.0048855868633984
1080,train,0,2,0,0.0,513.8526002632833,0.0,0.0,26.089320876953337,0.3333333333333333,0.0,0.0,0.5,1.0159656058955415,0.9982416037801811
1080,train,2,1,1,121.91587270746498,-974.0998137113946,0.0,0.0,-72.63721258686559,-0.6666666666666666,0.0,0.0,0.5,1.0159656058955415,0.9982416037801811
1081,validation,0,2,0,300.0,105.31668343262754,0.2666666666666667,-55.06016662615198,-120.06473482573656,0.26666666666666666,0.19999999999999998,0.0,0.5,1,1
1081,validation,2,1,1,60.0,428.36619309887374,-0.13333333333333333,53.892244242755766,188.0555663745404,-0.26666666666666666,-0.5333333333333333,0.0,0.5,1,1
1082,train,0,1,0,-61.06531336992423,352.2564371923843,0.0,0.0,1635.466984888522,0.0,0.0,0.0,0.5,1.0177552228320705,0.9993233275026507
1082,train,2,1,0,244.26125347969693,-137.0315905896911,0.0,0.0,698.946857185293,0.0,0.0,0.0,0.5,1.0177552228320705,0.9993233275026507
1083,train,1,0,1,0.0,-559.1776440049733,0.0,-1.7793795098918963,-228.78302434223167,0.047619047619047616,-0.4285714285714285,-85.84096388556365,0.5,1.0010836291719092,1.0008126118424647
1083,train,1,2,1,-840.9102485044037,-1435.0644316067162,0.2857142857142857,-58.569340316891186,-128.19613240420506,0.047619047619047616,0.0,-48.93446009016492,0.5,1.0010836291719092,1.0008126118424647
1084,test,2,0,1,-59.821563848569774,-1525.649258375368,0.0,0.0,0.0,0.0,-1.333333333333333,0.0,0.5,0.9970260641428296,0.9995939415379522
1084,test,2,1,1,-59.821563848569774,351.3472358194624,0.0,0.0,0.0,0.0,-0.33333333333333326,0.0,0.5,0.9970260641428296,0.9995939415379522
1085,train,2,0,1,-360.0,-286.30726596303884,-0.13333333333333333,-196.4492014497747,42.878255768001985,0.4,0.0,-100.7979889867049,0.5,1,1
1085,train,1,2,0,300.0,569.9748133728863,0.2666666666666667,689.7069343056239,5.320372574673016,0.0,0.0,69.167327534436,0.5,1,1
1086,train,1,0,1,-180.0,-301.9145693072105,0.0,0.0,0.0,0.0,0.0,0.0,0.5,1,1
1086,train,2,1,0,180.0,-371.13245886425375,0.0,0.0,0.0,0.0,0.0,0.0,0.5,1,1
1087,validation,0,1,1,0.0,-285.133668858341,0.0,-429.2522188059821,0.0,0.0,0.0,0.0,0.5,1,1
1087,validation,0,2,1,-240.0,-645.2702816646847,0.0,102.30754553958292,0.0,-0.3333333333333333,0.0,0.0,0.5,1,1
1088,validation,0,2,0,-59.14512973481041,945.4182791144067,0.19047619047619047,-5.481339328833229,78.10514728054416,0.0,0.7619047619047619,0.0,0.5,0.9857521622468401,0.9964862995176281
1088,validation,1,2,0,177.43538920443123,910.5550604053701,0.09523809523809523,15.796313939395745,100.86273543600724,0.0,1.7142857142857142,27.60586317293521,0.5,0.9857521622468401,0.9964862995176281
1089,train,2,0,1,-59.813465734963785,223.15792299295182,0.0,0.0,0.0,0.0,0.0,0.0,0.5,0.9968910955827297,0.9994586253613486
1089,train,2,1,1,-299.0673286748189,390.4163821435097,0.0,0.0,0.0,0.0,0.0,0.0,0.5,0.9968910955827297,0.9994586253613486
1090,train,1,0,0,-179.87819895047713,-43.80562987906041,0.0,0.0,0.0,1.0,0.0,0.0,0.5,0.9993233275026507,0.9998646288547973
1090,train,0,2,1,119.91879930031808,-498.4397241197986,0.0,0.0,0.0,0.0,0.0,0.0,0.5,0.9993233275026507,0.9998646288547973
1091,validation,0,1,1,-182.50282317919346,-544.3595596819782,0.0,163.8497334675178,-54.96660210321123,0.0,-0.38095238095238093,37.467051530115285,0.5,1.0139045732177414,0.9995939415379522
1091,validation,0,2,1,-182.50282317919346,-54.87608183444813,0.0,153.99608729079512,7.647849608943206,-0.47619047619047616,-0.19047619047619047,5.016451488353724,0.5,1.0139045732177414,0.9995939415379522
1092,validation,1,0,1,119.91879930031808,989.0701397827056,0.0,0.0,0.0,-2.0,0.0,0.0,0.5,0.9993233275026507,0.9998646288547973
1092,validation,2,1,0,59.95939965015904,258.2835682026073,0.0,0.0,0.0,1.0,0.0,0.0,0.5,0.9993233275026507,0.9998646288547973
1093,validation,1,0,0,-240.0,163.28577908627904,0.0,219.7684693656542,-16.969720080930557,0.0,0.8,88.01271676604698,0.5,1,1
1093,validation,2,0,0,-60.0,-48.02717476476391,-0.13333333333333333,598.1343633225533,-41.69073535579088,0.0,1.0666666666666667,22.648688003724857,0.5,1,1
1094,train,2,0,1,0.0,-111.149534846379,0.0,0.0,0.0,0.0,0.0,111.81181512475791,0.5,1.0384935008735496,1.0027112750502025
1094,train,1,2,0,0.0,-159.39305083895877,0.0,0.0,0.0,0.0,0.0,-171.40473957152773,0.5,1.0384935008735496,1.0027112750502025
1095,train,0,1,0,295.7656868137877,-225.8419633180423,0.4,-161.90854393490838,0.0,0.1,0.0,0.0,0.5,0.9858856227126256,0.9972960560854701
1095,train,2,1,0,177.45941208827261,-949.5590666517618,0.0,13.553170487951945,0.0,0.0,0.30000000000000004,0.0,0.5,0.9858856227126256,0.9972960560854701
1096,train,0,1,0,-288.1378878059275,-1343.0007346671239,0.047619047619047616,6.287954840661499,95.56149783943422,0.23809523809523808,-0.19047619047619047,-30.04996554852096,0.5,0.9604596260197583,0.9954076467536646
1096,train,1,2,1,-288.1378878059275,980.8373358869275,0.0,-7.937355319430893,24.096137961249013,-0.23809523809523808,-0.7619047619047619,86.70184459848979,0.5,0.9604596260197583,0.9954076467536646
1097,train,2,0,1,58.59521325621615,341.40044715561265,0.0,-101.6937089383005,9.104326558262507,0.0,0.23809523809523803,-2.3800055560929927,0.5,0.9765868876036025,0.9977011810926478
1097,train,1,2,0,-117.1904265124323,171.05859625893743,0.0,-44.450603852982695,121.42172729590709,0.0,-0.4761904761904761,4.315584335005294,0.5,0.9765868876036025,0.9977011810926478
1098,train,1,0,1,-300.0,-1487.0851064222604,0.0,0.0,0.0,0.0,0.0,-369.72435684561657,0.5,1,0.9986471128909702
1098,train,2,1,0,0.0,682.5433638681658,1.0,0.0,0.0,0.0,0.0,350.84809513230755,0.5,1,0.9986471128909702
1099,train,0,1,0,-60.0,316.26848572452354,0.9523809523809523,135.92659681113963,-20.362833464244847,0.0,0.23809523809523814,-17.288444497730723,0.5,1,1
1099,train,2,1,0,240.0,810.6860907652349,0.5714285714285714,137.52738840303095,10.605472301931734,0.0,1.6666666666666667,-12.2238454310775,0.5,1,1
1100,train,0,1,1,0.0,-2018.6638505220749,0.0,0.0,0.0,0.0,0.0,-654.8933485071088,0.5,1.0384935008735496,1.0027112750502025
1100,train,2,0,0,-62.30961005241298,816.7038663621221,0.0,0.0,0.0,0.0,0.0,695.7640969699855,0.5,1.0384935008735496,1.0027112750502025
1101,validation,0,1,1,60.244180077633246,109.96526954867754,-0.4,0.0,60.756414819289816,-0.1,-0.4000000000000001,0.0,0.5,1.004069667960554,1.007882966156282
1101,validation,0,2,1,0.0,284.28192849249126,0.0,0.0,41.35744022263855,0.1,-0.2,0.0,0.5,1.004069667960554,1.007882966156282
1102,train,0,2,0,480.0,454.22408888844757,-0.1,-111.27331867775109,134.16296453514988,0.0,0.19999999999999996,0.0,0.5,1,1
1102,train,2,1,1,120.0,696.7226951949588,-0.30000000000000004,181.47173706292233,-70.418988933929,0.0,-0.19999999999999996,0.0,0.5,1,1
1103,train,1,0,0,-62.78379291954445,1126.893707948753,0.0,0.0,105.47887126834601,-0.3333333333333333,-1.0,0.0,0.5,1.0463965486590743,1.0052937949156682
1103,train,0,2,1,313.91896459772227,415.62147996535913,0.0,0.0,-75.69290764235096,0.3333333333333333,0.5,0.0,0.5,1.0463965486590743,1.0052937949156682
1104,train,1,0,1,-119.62693146992757,-1085.651612095844,-2.0,0.0,0.0,0.0,0.0,0.0,0.5,0.9968910955827297,0.9994586253613486
1104,train,2,1,0,179.44039720489135,14.703497315187471,1.0,0.0,0.0,0.0,0.0,0.0,0.5,0.9968910955827297,0.9994586253613486
1105,validation,1,0,0,-240.0,-416.5600985586075,0.6666666666666666,-315.5975331366357,0.0,0.0,-0.3333333333333333,0.0,0.5,1,1
1105,validation,0,2,1,0.0,-389.93114410844964,-0.16666666666666666,220.2764695112122,0.0,0.0,-0.6666666666666667,0.0,0.5,1,1
1106,train,1,0,0,0.0,-361.04874106679836,0.0,0.0,0.0,0.0,0.0,0.0,0.5,1,1
1106,train,0,2,1,0.0,-1714.2917539311866,0.0,0.0,0.0,0.0,0.0,0.0,0.5,1,1
1107,train,2,0,1,-60.0,-902.9603715819921,0.0,0.0,0.0,0.0,0.0,0.0,0.5,1,1
1107,train,2,1,1,-480.0,288.10441974540845,0.0,0.0,0.0,0.0,0.0,0.0,0.5,1,1
1108,train,1,0,0,540.0,1536.1556240777636,0.5714285714285714,-84.79666999347353,261.15640677947874,0.09523809523809523,0.19047619047619047,-17.802521043615375,0.5,1,1
1108,train,2,0,0,120.0,329.5552640058804,0.19047619047619047,-259.52984682478933,13.46661084719807,0.0,0.19047619047619047,13.147122619933313,0.5,1,1
1109,train,0,1,1,0.0,-65.62047863494064,0.0,0.0,0.0,0.0,0.0,-349.19520570792645,0.5,1.0088385514204294,0.9997292760349417
1109,train,0,2,1,60.530313085225764,-517.6163444446603,0.0,0.0,0.0,0.0,0.0,-186.01136487094536,0.5,1.0088385514204294,0.9997292760349417
1110,validation,0,1,1,116.35257632578504,231.70950843588724,0.0,0.0,-2.5091375210897127,0.0,0.0,-139.60886408965033,0.5,0.9696048027148753,0.9971610509762517
1110,validation,0,2,1,174.52886448867756,158.3344936519748,0.0,0.0,-73.80396237812928,0.0,0.0,-80.43418872574892,0.5,0.9696048027148753,0.9971610509762517
1111,train,1,0,0,-58.897430206195914,21.51873250963342,0.0,0.0,0.0,0.0,0.0,73.40540262789378,0.5,0.9816238367699319,0.9986471128909702
1111,train,0,2,1,58.897430206195914,-351.9933286119886,0.0,0.0,0.0,0.0,0.0,4.913546587379301,0.5,0.9816238367699319,0.9986471128909702
1112,train,1,0,1,-297.13021371532756,-5.455993764424098,0.0,0.0,-48.12507451711788,0.0,0.0,-124.96560958163764,0.5,0.9904340457177586,0.9974310794729591
1112,train,2,1,0,59.426042743065516,368.8027761563335,0.0,0.0,72.71629543627172,0.3333333333333333,0.0,-26.70925344787601,0.5,0.9904340457177586,0.9974310794729591
1113,test,1,0,0,360.0,4.114777741924627,0.3333333333333333,-267.2214883805873,0.0,0.0,0.0,0.0,0.5,1,1
1113,test,0,2,1,-240.0,-710.5734086549901,-1.3333333333333333,306.9451797385418,0.0,0.0,0.0,0.0,0.5,1,1
1114,train,2,0,1,175.80943929378307,-1910.6406702049453,0.19047619047619047,-325.19375165041254,-198.21028892171833,-0.14285714285714285,0.0,0.0,0.5,0.9767191071876837,1.0006771306930664
1114,train,2,1,1,175.80943929378307,-724.2686562357806,0.19047619047619047,-89.81426846720004,-109.26320859851651,0.0,0.0,-13.045002061524245,0.5,0.9767191071876837,1.0006771306930664
1115,validation,0,1,0,60.20341449784936,651.5427938923942,0.19047619047619047,156.09512286385166,-7.762002084265603,-0.047619047619047616,0.19047619047619047,-6.829887918384543,0.5,1.0033902416308227,0.997836259329798
1115,validation,1,2,1,-301.0170724892468,-980.70727250339,0.0,-74.18896438060813,10.073739443770606,0.0,-0.9523809523809523,22.736482575774986,0.5,1.0033902416308227,0.997836259329798
1116,validation,2,0,1,240.0,-383.24193174083484,0.0,-247.16816639174635,0.0,0.2,-0.7,-8.845787781028534,0.5,1,1
1116,validation,1,2,0,0.0,-609.2628810172537,0.0,266.10190274108095,0.0,-0.2,0.10000000000000003,13.201408901805024,0.5,1,1
1117,train,0,1,1,-120.73328502702876,-51.38874447087793,0.0,-21.71520429041908,-161.0727030488518,0.0,0.0,3.5373553352505382,0.5,1.006110708558573,0.9981064706710885
1117,train,0,2,1,-241.4665700540575,-702.5541255850276,0.0,-89.47244587566877,-231.32596442787275,0.2,0.0,56.64735107492982,0.5,1.006110708558573,0.9981064706710885
1118,train,1,0,1,178.0369380476933,1806.6530422790913,0.0,-134.98229401753724,0.0,0.0,0.5,0.0,0.5,0.9890941002649628,0.997836259329798
1118,train,1,2,1,-415.4195221112844,2502.5421157772107,0.5,-548.709281626494,0.0,0.0,1.3333333333333335,0.0,0.5,0.9890941002649628,0.997836259329798
1119,test,1,0,1,600.0,40.168952531490504,0.0,0.0,0.0,0.0,0.0,0.0,0.5,1,1
1119,test,2,1,0,180.0,-142.0166970420596,0.0,0.0,0.0,0.0,0.0,0.0,0.5,1,1
1120,train,0,2,0,729.1223719798992,399.0784033132759,-0.6000000000000001,0.0,-361.28984908593895,0.1,0.7999999999999998,0.0,0.5,1.0126699610831933,1.0017614936235477
1120,train,1,2,0,546.8417789849244,-775.781024704507,-0.6000000000000001,0.0,-4.700976434389474,0.5,1.6000000000000005,0.0,0.5,1.0126699610831933,1.0017614936235477
1121,validation,1,0,1,-120.0,-71.54420826398564,0.0,-745.1295689138678,-96.6292329503516,-0.26666666666666666,-1.5999999999999999,64.5155460441118,0.5,1,1
1121,validation,2,1,0,240.0,3565.4878458677504,0.0,502.85121260885217,9.43213052430957,0.0,2.9333333333333336,-221.59206439733657,0.5,1,1
1122,train,1,0,0,-125.6356017675976,-92.39532672430673,0.06666666666666667,-116.49614428295229,0.0,0.26666666666666666,-0.1333333333333333,-7.179335272570592,0.5,1.0469633480633134,1.004069667960554
1122,train,0,2,1,62.8178008837988,539.9856604691769,0.0,179.03524532287926,0.0,-0.26666666666666666,0.1333333333333333,-55.71323101080752,0.5,1.0469633480633134,1.004069667960554
1123,train,1,0,0,-125.02478233343012,-1444.412425058477,-0.14285714285714285,-64.88946003519558,193.1832934392511,0.0,0.0,78.26533633630874,0.5,1.0418731861119177,1.000406223412502
1123,train,2,0,0,-375.07434700029035,-1594.447390894994,0.5714285714285714,-78.70605265798521,113.94316260677108,-0.19047619047619047,-0.19047619047619047,81.59841682097206,0.5,1.0418731861119177,1.000406223412502
1124,test,2,0,1,-1200.0,-3836.6377653505388,-0.047619047619047616,-996.8304389415172,-123.04699038481976,0.0,-1.4285714285714284,-191.66100177932694,0.5,1,1
1124,test,1,2,0,780.0,3796.678276228573,0.2857142857142857,479.78348360818654,25.967723452910207,-0.38095238095238093,2.380952380952381,0.0,0.5,1,1
1125,train,1,0,0,420.0,772.4446610649538,0.0,403.1178372141979,0.0,0.0,0.0,-64.47622462947736,0.5,1,1
1125,train,0,2,1,60.0,252.6572455647538,0.0,-507.8549445943698,0.0,-0.3333333333333333,0.0,64.47622462947736,0.5,1,1
1126,train,1,0,0,600.0,85.16715723494463,0.0,0.0,0.0,0.0,0.0,0.0,0.5,1,1
1126,train,0,2,1,-480.0,-126.71174594274589,0.0,0.0,0.0,0.0,0.0,0.0,0.5,1,1
1127,train,1,0,1,250.04956466686025,24.61306228012156,0.0,0.0,-253.18603637534733,0.0,-1.333333333333333,0.0,0.5,1.0418731861119177,0.9987823191973281
1127,train,1,2,1,0.0,-967.6409538031437,0.0,0.0,-457.02601743094186,0.0,-0.33333333333333326,0.0,0.5,1.0418731861119177,0.9987823191973281
1128,validation,0,1,1,175.23913901667902,837.9331669828656,0.0,0.0,0.0,0.0,-0.6666666666666665,-81.81633956792412,0.5,0.9735507723148834,0.9975661211411933
1128,validation,0,2,1,-408.891324372251,156.92707940638527,0.0,0.0,0.0,0.0,-1.333333333333333,-262.15573191906503,0.5,0.9735507723148834,0.9975661211411933
1129,train,1,0,1,59.813465734963785,-198.4422051080403,0.0,0.0,0.0,0.0,-1.0,0.0,0.5,0.9968910955827297,0.9994586253613486
1129,train,1,2,1,-179.44039720489135,-1244.1231005518487,0.0,0.0,0.0,0.0,-2.0,0.0,0.5,0.9968910955827297,0.9994586253613486
1130,train,0,1,1,-240.0,658.6743670052256,0.0,0.0,0.0,0.0,0.0,0.0,0.5,1,1
1130,train,0,2,1,-300.0,876.0158701595701,0.0,0.0,0.0,0.0,0.0,0.0,0.5,1,1
1131,train,0,1,0,478.5725107885582,839.9417106486405,0.0,0.0,0.0,1.3333333333333335,0.0,83.64988703873316,0.5,0.9970260641428296,0.9994586253613486
1131,train,2,1,0,358.92938309141863,2210.7380550082107,0.0,0.0,0.0,0.6666666666666666,0.0,221.55854308339008,0.5,0.9970260641428296,0.9994586253613486
1132,validation,2,0,1,357.03929031167297,-693.4884759627486,-1.3333333333333335,0.0,0.0,0.0,0.0,-160.84043315139397,0.5,0.9917758064213138,0.9982416037801811
1132,validation,2,1,1,-59.506548385278826,-3576.924673124682,-1.3333333333333335,0.0,0.0,0.0,0.0,163.60116459230412,0.5,0.9917758064213138,0.9982416037801811
1133,test,1,0,0,181.86156292135456,-409.44150929451706,0.5333333333333334,57.83757431951392,-59.88769460023292,0.13333333333333333,0.0,0.0,0.5,1.0103420162297476,1.0010836291719092
1133,test,0,2,1,181.86156292135456,-50.40420036468186,0.0,-16.773666788249557,-6.297413990634098,0.0,-0.3333333333333335,0.0,0.5,1.0103420162297476,1.0010836291719092
1134,test,0,2,0,0.0,728.9309890037886,0.0,0.0,661.8154170176049,0.0,0.0,5.767959815929993,0.5,0.9844185508538381,1.001625884022936
1134,test,1,2,0,177.19533915369087,786.1388907801235,0.0,0.0,201.48763959274268,0.0,0.0,0.0,0.5,0.9844185508538381,1.001625884022936
1135,train,0,2,0,-58.36561774671925,-676.3034699558527,0.0,-926.803255306655,0.0,0.0,0.0,386.1032045706212,0.5,0.9727602957786542,0.9975661211411934
1135,train,1,2,0,-58.36561774671925,-1594.4012878709805,0.0,-477.4683584910442,0.0,0.0,0.0,445.2794092184994,0.5,0.9727602957786542,0.9975661211411934
1136,train,0,1,1,-313.32454983135494,-518.5542509576653,0.0,0.0,67.42851744108401,-0.5333333333333334,0.6666666666666667,-158.03271542615497,0.5,1.0444151661045165,1.0008126118424647
1136,train,0,2,1,-1002.6385594603358,282.9101352007427,0.0,0.0,151.11837462314253,0.26666666666666666,0.8,-254.22022139199328,0.5,1.0444151661045165,1.0008126118424647
1137,train,0,2,0,0.0,-1212.4018540609186,0.5333333333333334,0.0,-41.56142881544886,0.0,0.2,38.988063415193395,0.5,0.9890941002649628,0.9979713558551195
1137,train,1,2,0,-59.34564601589777,-999.5399029409622,0.26666666666666666,0.0,112.88495475894153,-0.3333333333333333,0.13333333333333336,63.908107976434366,0.5,0.9890941002649628,0.9979713558551195
1138,validation,1,0,1,120.0,-351.78455241630763,0.0,0.0,0.0,0.0,0.0,0.0,0.5,1,1
1138,validation,2,1,0,60.0,1030.5569692160316,0.0,0.0,0.0,0.0,0.0,0.0,0.5,1,1
1139,train,1,0,0,355.78476118507916,-404.0130819330336,0.0,-28.84234707714444,0.0,0.0,-1.0,0.0,0.5,0.9882910032918866,1.001625884022936
1139,train,2,0,0,711.5695223701583,-122.0193032244043,0.0,-249.41601063229683,0.0,-0.3333333333333333,0.0,0.0,0.5,0.9882910032918866,1.001625884022936
1140,train,2,0,1,-420.0,-859.9744843680724,0.0,0.0,0.0,0.0,0.0,0.0,0.5,1,1
1140,train,2,1,1,-240.0,-1600.5272974595255,0.0,0.0,0.0,0.0,0.0,0.0,0.5,1,1
1141,test,1,0,0,-60.0,281.95914331512176,-0.3333333333333333,-106.27734346504349,152.8828410214607,0.0,0.0,0.0,0.5,1,1
1141,test,0,2,1,-240.0,-124.46933099694343,0.0,432.2552749201079,-209.26299643918134,0.0,0.0,0.0,0.5,1,1
1142,validation,0,1,0,242.05570431544442,1615.693716136844,0.0,-12.229352432251332,81.47982035040054,0.0,0.2857142857142857,-12.61522083261849,0.5,1.008565434647685,1.003661956975393
1142,validation,2,1,0,605.1392607886111,1550.4693674367188,0.38095238095238093,0.07959240339999951,-8.195526661582072,0.0,0.8571428571428571,-35.130588982299855,0.5,1.008565434647685,1.003661956975393
1143,train,0,1,0,-241.7936896197889,543.7645950129747,0.0,60.87611882705042,40.962199599925086,0.0,0.7142857142857142,50.120294975587186,0.5,1.0074737067491204,1.0077465278849231
1143,train,1,2,1,423.13895683463056,497.8729998291282,0.0,10.553011735870854,-9.80318190280054,-0.19047619047619047,-0.23809523809523814,-7.640261645204032,0.5,1.0074737067491204,1.0077465278849231
1144,train,0,2,0,180.0,365.7403632127998,0.0,0.0,0.0,0.0,0.0,0.0,0.5,1,1
1144,train,1,2,0,0.0,359.21675997110106,0.0,0.0,0.0,0.0,0.0,0.0,0.5,1,1
1145,train,1,0,1,60.0,1004.6128972805363,0.0,-609.8141754159491,142.83648688774613,0.0,-1.4000000000000001,0.0,0.5,1,1
1145,train,1,2,1,180.0,54.93724592129456,0.0,-612.1089080448415,19.590478423756906,0.3,-1.0,0.0,0.5,1,1
1146,train,0,1,0,-122.77716123073124,-276.5115308722988,0.0,0.0,0.0,-0.3333333333333333,0.16666666666666674,-23.592910887996833,0.5,1.0231430102560937,1.004069667960554
1146,train,1,2,1,122.77716123073124,186.81132156361735,0.0,0.0,0.0,0.0,0.8333333333333333,-183.99044792520692,0.5,1.0231430102560937,1.004069667960554
1147,test,1,0,1,-59.530721338430105,667.6104301911014,0.0,0.0,0.0,0.0,0.0,-35.7140960290338,0.5,0.9921786889738351,0.9986471128909702
1147,test,1,2,1,0.0,109.62994557019181,0.0,0.0,0.0,0.0,-2.0,26.22695526589226,0.5,0.9921786889738351,0.9986471128909702
1148,train,0,2,0,118.30627472551507,136.73184766928338,-0.4,114.00652898557595,0.0,0.3,0.0,0.0,0.5,0.9858856227126256,1.0028470316013334
1148,train,1,2,0,0.0,181.67598289397387,-0.4,-63.82173816877447,0.0,0.0,0.09999999999999998,0.0,0.5,0.9858856227126256,1.0028470316013334
1149,test,1,0,0,179.44039720489135,571.4666096117959,0.0,0.0,0.0,0.0,3.0,0.0,0.5,0.9968910955827297,0.9994586253613486
1149,test,0,2,1,-837.3885202894929,-1407.017378178435,0.0,0.0,0.0,0.0,-5.0,0.0,0.5,0.9968910955827297,0.9994586253613486
1150,train,0,1,1,-59.137123190865054,-564.901093512511,-0.2,-57.745707534003145,-17.16760422998074,0.0,-0.26666666666666666,-36.5512620939426,0.5,0.9856187198477508,0.9995939415379522
1150,train,2,0,0,236.54849276346022,-84.72115899210513,0.0,67.99353749887584,18.840751662722994,0.0,0.06666666666666667,57.15064099617818,0.5,0.9856187198477508,0.9995939415379522
1151,train,1,0,0,-355.4958810222131,-136.82633637878834,-0.26666666666666666,3.1155384721053565,64.63600327226263,-0.2,0.0,125.84737195594307,0.5,0.9874885583950364,1.0001353894730307
1151,train,2,0,0,118.49862700740437,-279.0058487568974,0.2666666666666667,-80.38905436861135,195.00104367329797,0.0,0.0,67.15605271017017,0.5,0.9874885583950364,1.0001353894730307
1152,validation,0,1,1,59.530721338430105,-1037.8771570247748,0.0,0.0,0.0,0.0,-2.0,0.0,0.5,0.9921786889738351,0.9986471128909702
1152,validation,0,2,1,0.0,-235.0526380186712,0.0,0.0,0.0,0.0,-1.3333333333333333,0.0,0.5,0.9921786889738351,0.9986471128909702
1153,test,0,2,0,-239.83759860063617,-510.0934595383065,0.0,0.0,0.0,1.0,0.0,0.0,0.5,0.9993233275026507,0.9998646288547973
1153,test,2,1,1,0.0,825.8302975496424,0.0,0.0,0.0,0.0,0.0,0.0,0.5,0.9993233275026507,0.9998646288547973
1154,train,2,0,1,0.0,204.31401140262454,0.0,-15.575965912462294,-32.23055988919858,0.0,0.8000000000000002,0.0,0.5,0.9888263287883233,1.0033902416308227
1154,train,2,1,1,-296.647898636497,-1132.483236007275,0.0,-147.25145348013362,-30.527121928722174,-0.6666666666666666,-0.5999999999999999,-64.36762588201132,0.5,0.9888263287883233,1.0033902416308227
1155,test,0,1,0,312.51964396366725,2722.10331962386,0.0,-7.820561203951712,103.45202030233663,0.0,0.47619047619047616,10.505670483098514,0.5,1.0417321465455576,1.000406223412502
1155,test,2,1,0,375.0235727564007,672.9431471165396,0.14285714285714285,-74.17725733758112,-39.123907770420516,0.19047619047619047,0.047619047619047616,7.789815444535147,0.5,1.0417321465455576,1.000406223412502
1156,train,0,2,0,-244.6252742621795,240.82258231932144,0.0,222.50472305013096,0.0,2.0,-0.30000000000000004,99.66748295809194,0.5,1.0192719760924145,0.9983767551848742
1156,train,2,1,1,366.9379113932692,299.29251254044146,0.0,-118.86345100131064,0.0,-0.8,0.6000000000000001,-14.179028139860435,0.5,1.0192719760924145,0.9983767551848742
1157,train,1,0,0,540.0,1193.323981159398,0.0,-230.9821489385181,0.0,0.0,0.0,0.0,0.5,1,1
1157,train,2,0,0,-120.0,-62.83322542788483,0.0,821.8043896051956,0.0,0.0,0.0,0.0,0.5,1,1
1158,train,1,0,0,-288.99734737992776,-205.56030656950534,0.13333333333333333,400.75297988027427,0.0,0.2,-0.3333333333333333,0.0,0.5,0.9633244912664259,0.9958120046447593
1158,train,2,0,0,-115.5989389519711,918.3616909114871,0.0,668.2236543682254,0.0,0.0,-0.3333333333333333,174.14828129147872,0.5,0.9633244912664259,0.9958120046447593
1159,test,1,0,1,-59.14512973481041,-278.51667249549456,-0.23809523809523808,-16.07723916282943,-3.575001869862348,-0.19047619047619047,0.0,-41.05486521486298,0.5,0.9857521622468401,0.9964862995176281
1159,test,2,1,0,59.14512973481041,1363.6324548549683,0.0,50.41623962562424,1.9095580171045299,0.0,0.19047619047619047,29.77204583551579,0.5,0.9857521622468401,0.9964862995176281
1160,train,1,0,0,60.66156898916588,594.1776220421557,-0.6666666666666666,512.4277766492446,0.0,0.0,-0.3999999999999999,-38.97414449508244,0.5,1.0110261498194313,1.0023041156519776
1160,train,0,2,1,121.32313797833176,-692.0371325416327,-0.33333333333333337,-709.2892262117507,0.0,0.0,-0.6000000000000001,-39.86523876913712,0.5,1.0110261498194313,1.0023041156519776
1161,train,2,0,1,-61.03225415796444,215.2449634580734,0.0,113.66041714327083,-44.78778398090223,0.0,0.0,10.177007321184853,0.5,1.017204235966074,0.9981064706710885
1161,train,2,1,1,-183.09676247389334,-323.93637002562735,0.0,143.20820090659134,-126.42330839674786,-0.6666666666666666,0.0,-5.069463447508872,0.5,1.017204235966074,0.9981064706710885
1162,train,1,0,1,-356.7976916434459,-1170.4179442211846,0.20000000000000004,0.0,0.0,-0.8,-1.2,-23.84135188253483,0.5,0.991104699009572,1.0076101080833693
1162,train,2,1,0,-118.93256388114864,1376.2914455315934,-0.20000000000000004,0.0,0.0,0.0,1.8,60.35229115313961,0.5,0.991104699009572,1.0076101080833693
1163,train,2,0,1,58.666650510299604,-913.174211672974,0.13333333333333333,0.0,-236.38628497698636,0.0,-0.26666666666666666,-33.15016780569988,0.5,0.9777775085049933,0.997836259329798
1163,train,1,2,0,-175.9999515308988,-460.23733669674056,0.0,0.0,238.69782772325095,0.0,-0.2,-41.100716976936766,0.5,0.9777775085049933,0.997836259329798
1164,test,2,0,1,175.97612621590446,747.8344557765386,-0.8,-82.68013799537286,-140.00453573661358,0.0,0.0,-31.189930337345015,0.5,0.9776451456439137,0.997836259329798
1164,test,2,1,1,-117.31741747726964,-1489.0309067312126,0.0,-173.2477216088228,132.11941193310787,-0.13333333333333336,0.0,-64.3195120549177,0.5,0.9776451456439137,0.997836259329798
1165,train,1,0,0,-179.44039720489135,-1793.6606761291096,0.0,0.0,0.0,0.0,0.0,0.0,0.5,0.9968910955827297,0.9994586253613486
1165,train,2,0,0,-59.813465734963785,843.8833377865333,0.0,0.0,0.0,0.0,3.0,0.0,0.5,0.9968910955827297,0.9994586253613486
1166,train,0,1,0,-403.22924176968627,-207.91660638660724,0.0,-37.93190995960299,-52.29112777544353,0.0,-0.1333333333333333,122.53501935436466,0.5,0.9600696232611577,0.9954076467536646
1166,train,2,1,0,-172.8125321870084,-258.50673552227784,0.0,-129.52986376150596,154.88135262497946,-0.13333333333333333,0.6666666666666666,114.6164190600385,0.5,0.9600696232611577,0.9954076467536646
1167,train,0,2,0,-293.333252551498,-265.41736503303053,0.6000000000000001,0.0,56.1346915032147,0.7999999999999999,0.4666666666666667,26.165476663117403,0.5,0.9777775085049933,1.0008126118424647
1167,train,1,2,0,293.333252551498,483.3648972930081,0.0,0.0,293.41479388004007,-0.26666666666666666,0.6,91.1298801151923,0.5,0.9777775085049933,1.0008126118424647
1168,train,1,0,0,420.0,-1423.8419555057717,0.0,0.0,0.0,0.0,0.0,0.0,0.5,1,1
1168,train,0,2,1,-120.0,843.4318323036841,0.0,0.0,0.0,0.0,0.0,0.0,0.5,1,1
1169,test,1,0,1,60.966189416612465,729.7675864147355,-0.8333333333333334,-697.5964197968576,0.0,0.0,-0.5,0.0,0.5,1.016103156943541,0.9977011810926478
1169,test,1,2,1,426.7633259162872,681.8855200429834,0.0,-854.3985609873389,0.0,0.0,-1.0,0.0,0.5,1.016103156943541,0.9977011810926478
1170,test,2,0,1,122.44517867277813,760.9331333490697,0.0,0.0,0.0,0.0,-4.0,-222.6312012251509,0.5,1.0203764889398177,0.9989175438091965
1170,test,1,2,0,-551.0033040275016,-2008.2327091948302,0.0,0.0,0.0,0.0,0.666666666666667,26.617641769438308,0.5,1.0203764889398177,0.9989175438091965
1171,train,2,0,1,301.4248663052121,24.00588070679224,-0.6666666666666667,224.97541171368624,-164.12806307322842,0.0,-1.6,-36.847795282663654,0.5,1.004749554350707,0.9963514040260837
1171,train,1,2,0,361.7098395662545,423.0407493680308,1.3333333333333333,-405.91166147814744,-415.9803397046947,0.0,-1.0666666666666664,40.34949860240933,0.5,1.004749554350707,0.9963514040260837
1172,validation,0,1,0,59.47433304914935,2638.4912858235716,0.0,40.215013563739376,0.0,0.8,0.29999999999999993,247.43738556034762,0.5,0.9912388841524892,1.003797842238849
1172,validation,1,2,1,-59.47433304914935,-1694.9894349228612,0.0,96.07265669091333,0.0,0.0,0.20000000000000007,-137.98245928417657,0.5,0.9912388841524892,1.003797842238849
1173,validation,0,1,0,358.8807944097827,781.1381934566725,0.0,0.0,0.0,0.0,5.0,0.0,0.5,0.9968910955827297,0.9994586253613486
1173,validation,1,2,1,-299.0673286748189,-180.5920905085043,0.0,0.0,0.0,0.0,1.0,0.0,0.5,0.9968910955827297,0.9994586253613486
1174,train,1,0,1,176.62054321880345,831.7141468543622,0.0,0.0,138.70174315202013,0.16666666666666666,-0.6666666666666665,0.0,0.5,0.9812252401044637,1.0013547198921082
1174,train,1,2,1,0.0,560.8460446313004,0.0,0.0,-7.465526484326915,-0.16666666666666666,0.0,0.0,0.5,0.9812252401044637,1.0013547198921082
1175,test,2,0,1,-244.12901663185775,-755.4938595487395,0.0,-37.843071112976645,-43.29396333964635,0.0,0.0,-1.8041696491245296,0.5,1.017204235966074,1.007200959472537
1175,test,2,1,1,-61.03225415796444,24.499421821475995,0.26666666666666666,146.6264179318138,21.016848608099394,-0.3333333333333333,0.0,-21.355165129978268,0.5,1.017204235966074,1.007200959472537
1176,validation,0,1,1,120.0,364.7271500685274,0.0,-420.20232872978465,0.0,0.0,0.0,0.0,0.5,1,1
1176,validation,2,0,0,-60.0,353.5238381862855,0.0,1403.2524483691002,0.0,0.6666666666666666,0.0,0.0,0.5,1,1
1177,validation,1,0,0,-60.0,810.4228931428624,0.0,0.0,0.0,0.0,0.0,0.0,0.5,1,1
1177,validation,2,0,0,-60.0,2022.982522203938,0.0,0.0,0.0,0.0,0.0,0.0,0.5,1,1
1178,test,1,0,0,706.29091122013,382.06684872137527,0.0,401.95571301449394,196.66086572150434,0.16666666666666666,0.0,0.0,0.5,0.9809595989168473,1.0042056084237854
1178,test,2,0,0,412.0030315450758,-144.2569252882044,0.0,641.6396001142834,-22.27988716151188,0.16666666666666666,0.0,0.0,0.5,0.9809595989168473,1.0042056084237854
1179,validation,0,1,0,59.837763365128204,251.22236258363995,0.0,0.0,130.73997896956632,0.0,0.0,0.0,0.5,0.9972960560854701,0.9994586253613486
1179,validation,2,1,0,-119.67552673025641,487.2181777399659,0.0,0.0,422.25934242851747,2.0,0.0,0.0,0.5,0.9972960560854701,0.9994586253613486
1180,train,2,0,1,-117.31741747726964,-354.4928791390953,-0.06666666666666667,9.26650345615991,-271.32992391480315,0.0,-0.5333333333333333,-24.05231947418136,0.5,0.9776451456439137,1.0008126118424647
1180,train,1,2,0,117.31741747726964,49.4691065727019,0.0,205.60790193709096,-81.95609426794067,0.0,1.3333333333333335,-56.53309845838287,0.5,0.9776451456439137,1.0008126118424647
1181,test,0,1,0,120.0,0.0,0.0,0.0,0.0,0.0,0.0,0.0,0.5,1,1
1181,test,2,1,0,120.0,400.30440416100055,0.0,0.0,0.0,0.0,0.0,0.0,0.5,1,1
1182,train,0,1,1,-120.0,-497.47306581183557,0.0,-751.8187498390413,0.0,0.0,0.0,0.0,0.5,1,1
1182,train,2,0,0,60.0,845.3110784234705,0.0,1226.6246044468871,0.0,0.0,0.0,0.0,0.5,1,1
1183,train,0,1,1,-60.530313085225764,1.8474228763858522,0.0,0.0,0.0,0.0,0.0,-204.70288410716364,0.5,1.0088385514204294,0.9997292760349417
1183,train,0,2,1,-121.06062617045153,-501.93509278077516,0.0,0.0,0.0,0.0,0.0,-190.24380476240535,0.5,1.0088385514204294,0.9997292760349417
1184,test,0,1,0,360.0,813.1319624861139,0.0,834.360200047149,0.0,0.0,0.0,0.0,0.5,1,1
1184,test,1,2,1,120.0,750.1921430962357,0.0,-809.60067948447,0.0,0.0,0.0,0.0,0.5,1,1
1185,train,0,1,0,295.32556525615144,2207.8286225610673,0.0,0.0,443.3568971777688,0.0,0.0,-69.22776955824278,0.5,0.9844185508538381,1.001625884022936
1185,train,1,2,1,59.065113051230284,-3138.9170208917776,0.0,0.0,-1200.6898766257805,0.0,0.0,122.84092125824247,0.5,0.9844185508538381,1.001625884022936
1186,train,1,0,1,-357.86195012885105,-1586.6915707324677,0.0,0.0,0.0,0.0,-0.8333333333333333,-240.96760606110337,0.5,0.9940609725801418,0.9989175438091965
1186,train,2,1,0,1073.5858503865531,1438.5243934750786,0.0,0.0,0.0,1.0,0.0,-191.7316631790008,0.5,0.9940609725801418,0.9989175438091965
1187,train,1,0,0,299.0673286748189,743.7753801873388,3.0,0.0,0.0,0.0,0.0,0.0,0.5,0.9968910955827297,0.9994586253613486
1187,train,0,2,1,-657.9481230846015,-1139.3448627823252,-4.0,0.0,0.0,0.0,0.0,0.0,0.5,0.9968910955827297,0.9994586253613486
1188,train,2,0,1,-182.2805929949748,-1948.251850872912,0.0,0.0,-211.75593107397836,0.0,-2.4,0.0,0.5,1.0126699610831933,0.997836259329798
1188,train,1,2,0,60.760197664991594,110.27020087540627,0.0,0.0,62.16958842615489,0.0,0.7999999999999998,0.0,0.5,1.0126699610831933,0.997836259329798
1189,train,0,1,1,-120.0,155.2653856042125,0.0,39.85321219897003,-53.21729053167418,0.26666666666666666,-1.4,7.597421796927447,0.5,1,1
1189,train,2,0,0,-60.0,-495.9629610788361,0.0,400.08568817556807,-20.198380570215477,-0.26666666666666666,0.6,-21.94415936843466,0.5,1,1
1190,train,0,1,0,59.66788700523949,180.76501554255074,0.0,0.0,-94.45576137744831,0.0,0.0,-8.516317148045502,0.5,0.9944647834206582,0.9989175438091965
1190,train,2,1,0,0.0,-195.76712456859718,0.0,0.0,-44.76592461074857,0.0,0.0,6.95108525619403,0.5,0.9944647834206582,0.9989175438091965
1191,train,0,2,0,-120.0,1479.8367799642892,0.0,0.0,0.0,0.0,0.0,0.0,0.5,1,1
1191,train,1,2,0,0.0,2763.515090675721,0.0,0.0,0.0,0.0,0.0,0.0,0.5,1,1
1192,train,2,0,1,-1126.9568379763773,-2657.557690487828,-0.13333333333333336,0.0,3.1456780641604922,-0.4,-2.133333333333333,-146.65306553672926,0.5,0.9885586298038397,0.9968910955827297
1192,train,1,2,0,0.0,1394.3002791850515,-0.13333333333333333,0.0,-19.535300240579026,0.6000000000000001,1.3333333333333333,295.4002767063862,0.5,0.9885586298038397,0.9968910955827297
1193,train,1,0,1,-600.0,-98.61421373583198,0.0,0.0,0.0,0.0,0.0,0.0,0.5,1,1
1193,train,1,2,1,-180.0,-676.0715607639781,0.0,0.0,0.0,0.0,0.0,0.0,0.5,1,1
1194,train,0,2,0,-239.25386293985514,952.375630745551,0.0,0.0,0.0,0.0,14.0,0.0,0.5,0.9968910955827297,0.9994586253613486
1194,train,2,1,1,-837.3885202894929,-1153.2786861222255,0.0,0.0,0.0,0.0,-2.0,0.0,0.5,0.9968910955827297,0.9994586253613486
1195,train,0,1,0,420.0,290.6364617628087,0.0,521.6345682137137,0.0,-0.33333333333333326,0.0,0.0,0.5,1,1
1195,train,2,1,0,540.0,1499.0037855949458,0.0,0.32982949556094354,0.0,-0.33333333333333326,0.0,0.0,0.5,1,1
1196,train,0,2,0,-60.0,-176.9532876053663,0.0,0.0,0.0,0.0,0.0,0.0,0.5,1,1
1196,train,2,1,1,120.0,1036.0166995153231,0.0,0.0,0.0,0.0,0.0,0.0,0.5,1,1
1197,train,0,2,0,-120.0,1873.4995185556636,0.0,-266.7581155992825,0.0,0.6666666666666667,0.0,0.0,0.5,1,1
1197,train,2,1,1,0.0,-1738.5167001990512,0.0,-1151.2826263212683,0.0,0.3333333333333333,0.0,0.0,0.5,1,1
1198,train,0,1,1,-240.8462616256515,-1433.1469553181048,-0.23809523809523808,-1.8710617863402206,-303.4658684962159,0.0,-0.19047619047619047,-39.758130899721124,0.5,1.0035260901068812,0.997836259329798
1198,train,2,0,0,60.21156540641287,1853.508404319842,0.0,204.9592892198049,179.83614291531953,-0.047619047619047616,0.5714285714285714,59.7682327233254,0.5,1.0035260901068812,0.997836259329798
1199,train,0,2,0,-183.1959401097727,-374.5976827697041,0.0,0.0,549.3828710759592,0.0,0.0,0.0,0.5,1.0177552228320705,0.9993233275026507
1199,train,2,1,1,305.32656684962114,-16.837139204765094,0.0,0.0,-256.7354296376511,0.0,0.0,0.0,0.5,1.0177552228320705,0.9993233275026507
1200,train,0,1,0,-119.28731670961702,70.3491542070595,-0.3333333333333333,0.0,0.0,0.0,0.6666666666666667,0.0,0.5,0.9940609725801418,0.999052786729054
1200,train,2,1,0,59.64365835480851,729.8076062803805,-0.16666666666666666,0.0,0.0,0.0,0.33333333333333326,0.0,0.5,0.9940609725801418,0.999052786729054
1201,train,1,0,1,-60.0,-79.48225546406684,0.0,-795.3954670293667,-39.45432519626553,0.0,0.6666666666666667,0.0,0.5,1,1
1201,train,2,1,0,480.0,2415.416756601325,0.0,143.31560270432396,-46.815527330701514,0.0,0.33333333333333326,0.0,0.5,1,1
1202,train,0,1,0,0.0,166.09965218485732,0.0,0.0,-87.23186741689436,0.0,-0.3333333333333333,51.677072928745446,0.5,0.9667212602247968,0.9966212132726022
1202,train,2,1,0,-58.00327561348781,148.9725227828001,0.0,0.0,-51.67806362254224,0.0,0.33333333333333337,30.235233959007104,0.5,0.9667212602247968,0.9966212132726022
1203,validation,0,1,1,-957.0154517594206,-884.9029142749893,0.0,0.0,0.0,0.0,-3.0,0.0,0.5,0.9968910955827297,0.9994586253613486
1203,validation,2,0,0,717.7615888195654,2079.5663393702907,0.0,0.0,0.0,0.0,3.0,0.0,0.5,0.9968910955827297,0.9994586253613486
1204,train,1,0,0,120.0,-501.93489891231366,0.0,0.0,0.0,0.0,0.0,0.0,0.5,1,1
1204,train,0,2,1,120.0,1304.289058493323,0.0,0.0,0.0,0.0,0.0,0.0,0.5,1,1
1205,test,2,0,1,-469.96901910999406,-1135.061228491548,0.0,37.933581723582975,-378.2734411811283,0.4,0.30000000000000027,0.0,0.5,0.979102123145821,1.0010836291719092
1205,test,1,2,0,234.98450955499703,2359.8549932410233,0.0,202.3938898953333,636.3204534863172,0.0,0.5999999999999996,0.0,0.5,0.979102123145821,1.0010836291719092
1206,train,1,0,0,1260.0,591.9459133930013,0.0,668.204235150823,0.0,0.0,0.0,0.0,0.5,1,1
1206,train,0,2,1,-960.0,-211.28929056612105,0.0,-3054.6004822649033,0.0,0.0,0.0,0.0,0.5,1,1
1207,train,0,2,0,176.5727278050325,1421.2642954069065,0.16666666666666669,138.43020695594953,15.889234027228952,0.0,0.0,0.0,0.5,0.9809595989168473,1.0042056084237854
1207,train,1,2,0,-58.857575935010836,532.2785050027613,-0.16666666666666666,694.8186355340077,-100.87840233761585,0.0,0.0,0.0,0.5,0.9809595989168473,1.0042056084237854
1208,train,0,1,1,-60.252336505427124,-289.23536432970144,0.0,-16.933894530259337,27.3754512243691,0.0,-0.19047619047619047,26.226073729421763,0.5,1.0042056084237854,1.0012191653569225
1208,train,0,2,1,60.252336505427124,-151.5995752446934,0.0,7.845206371875236,51.268032925439734,-0.23809523809523808,-0.09523809523809523,19.738885149177552,0.5,1.0042056084237854,1.0012191653569225
1209,test,0,2,0,122.34575906009056,-186.2330473204919,0.0,-198.62614121610756,-2.2426769827002033,0.4,-0.20000000000000007,0.0,0.5,1.0195479921674213,0.9985119248876447
1209,test,2,1,1,0.0,470.57384858069213,0.0,306.4009047726688,-46.18025412445172,-0.8,0.20000000000000007,0.0,0.5,1.0195479921674213,0.9985119248876447
1210,train,1,0,0,297.4119262387986,-256.1082182324313,0.0,0.0,-31.778180128828414,1.2,0.0,72.76627797459108,0.5,0.9913730874626621,1.0018971215842718
1210,train,0,2,1,-237.9295409910389,-671.2576612894586,-0.3,0.0,-45.722314054723455,0.4,0.0,-70.21334694790701,0.5,0.9913730874626621,1.0018971215842718
1211,train,0,1,1,0.0,-232.75179045359343,0.0,0.0,-149.99524364475764,-0.3333333333333333,0.16666666666666663,0.0,0.5,0.9812252401044637,1.0013547198921082
1211,train,2,0,0,294.3675720313391,721.2760719554458,0.0,0.0,111.67630263028455,-0.3333333333333333,-0.8333333333333333,0.0,0.5,0.9812252401044637,1.0013547198921082
1212,train,2,0,1,-183.2207429115655,-957.9019730834448,0.0,29.21152938374965,-340.05681321683204,0.0,0.0,43.45777384475844,0.5,1.0178930161753639,1.0005416678839063
1212,train,1,2,0,183.2207429115655,-103.02208767401675,0.0,-46.200745631452946,349.69285573118077,0.0,0.0,-100.0992281554544,0.5,1.0178930161753639,1.0005416678839063
1213,train,1,0,0,0.0,-39.96451658378613,0.0,0.0,0.0,0.0,0.0,0.0,0.5,0.9968910955827297,0.9994586253613486
1213,train,2,0,0,-239.25386293985514,136.2115798899661,1.0,0.0,0.0,0.0,0.0,0.0,0.5,0.9968910955827297,0.9994586253613486
1214,train,0,1,1,-287.9039336599432,-666.9357608513657,0.047619047619047616,-65.4658390257149,-21.06873460490011,-0.23809523809523808,0.09523809523809523,-26.61943011063005,0.5,0.9596797788664775,0.9982416037801811
1214,train,2,0,0,172.74236019596594,499.77049709355396,0.047619047619047616,-130.87919185387852,13.1874109098942,0.47619047619047616,-0.09523809523809523,-21.687014288478796,0.5,0.9596797788664775,0.9982416037801811
1215,test,0,1,1,117.53998288217677,-14.939509366123865,-0.5,0.0,-42.61063558833807,0.0,0.0,1.5911621244922216,0.5,0.9794998573514732,0.9964862995176282
1215,test,0,2,1,0.0,-540.2406046769818,-0.5,0.0,90.99946068804036,0.0,0.0,19.057597434237035,0.5,0.9794998573514732,0.9964862995176282
1216,train,1,0,1,-180.0,-1281.7615144237793,0.0,0.0,0.0,0.0,0.0,0.0,0.5,1,1
1216,train,2,1,0,240.0,963.2584560724754,0.0,0.0,0.0,0.0,0.0,0.0,0.5,1,1
1217,validation,0,1,0,59.530721338430105,11.549808996121643,0.0,0.0,0.0,0.0,0.6666666666666665,0.0,0.5,0.9921786889738351,1.0025755368765914
1217,validation,2,1,0,476.24577070744084,2459.2007656401274,0.0,0.0,0.0,0.3333333333333333,3.3333333333333335,0.0,0.5,0.9921786889738351,1.0025755368765914
1218,train,1,0,0,350.47827803335804,650.1158433765485,-0.3333333333333333,0.0,0.0,0.0,0.0,20.481412272577217,0.5,0.9735507723148834,0.9975661211411933
1218,train,0,2,1,-292.065231694465,-1965.0327969253146,-0.3333333333333333,0.0,0.0,0.0,0.0,-153.79440831180327,0.5,0.9735507723148834,0.9975661211411933
1219,train,0,1,1,-248.80018027855374,-4.193543623583477,-0.2857142857142857,-5.675178148937654,-14.13303967024029,0.0,0.0,22.510384242960402,0.5,1.0366674178273072,0.9963514040260837
1219,train,0,2,1,-62.200045069638435,119.48301168950877,0.0,-30.993060587803704,-11.232027193232412,-0.23809523809523808,0.2857142857142857,-5.868551966387944,0.5,1.0366674178273072,0.9963514040260837
1220,validation,1,0,1,-182.70058856234624,-92.28906296369532,-0.047619047619047616,71.4052097446311,-93.44787347562256,0.0,-0.38095238095238093,-40.713085147149165,0.5,1.0150032697908125,0.9981064706710885
1220,validation,2,1,0,-182.70058856234624,-376.9621647966068,0.14285714285714285,-24.459101842096118,-22.169431724894096,0.2857142857142857,-0.5714285714285714,-28.085345384155936,0.5,1.0150032697908125,0.9981064706710885
1221,validation,0,1,0,-415.08222138259237,-914.8191375765731,0.0,0.0,0.0,0.0,2.0,0.0,0.5,0.9882910032918866,0.997836259329798
1221,validation,1,2,1,237.18984079005278,401.265016016192,0.0,0.0,0.0,0.16666666666666666,-3.0,0.0,0.5,0.9882910032918866,0.997836259329798
1222,train,1,0,1,-60.0,268.2879221698372,0.0,286.1951761101496,0.0,-0.4,-0.9,2.9313987231290533,0.5,1,1
1222,train,1,2,1,-420.0,-143.51833862436797,0.0,56.13776794630377,0.0,0.0,-0.9,-23.308158293805715,0.5,1,1
1223,train,0,1,0,-125.49960673267896,440.52788419314487,0.0,437.87542377927656,-17.83806606673923,0.26666666666666666,0.19999999999999996,25.578485156014985,0.5,1.045830056105658,1.0009481113345846
1223,train,1,2,1,0.0,-1609.125486807956,0.0,-303.010619894183,-5.22003539697689,-0.26666666666666666,-0.3999999999999999,36.82812559039439,0.5,1.045830056105658,1.0009481113345846
1224,train,1,0,0,119.06144267686021,488.99605648290225,0.0,0.0,0.0,-0.3333333333333333,3.3333333333333335,0.0,0.5,0.9921786889738351,0.9986471128909702
1224,train,0,2,1,-535.776492045871,-100.35632011843946,0.0,0.0,0.0,0.0,-2.6666666666666665,0.0,0.5,0.9921786889738351,0.9986471128909702
1225,validation,0,1,0,-120.0,-830.3033145145027,-0.4,64.12164406523016,106.26263415987543,-0.13333333333333333,0.0,4.17140881078571,0.5,1,1
1225,validation,2,1,0,-60.0,-126.96594912987712,-0.2,-45.36707800538812,58.13709110975646,0.4,0.0,-5.370030535875415,0.5,1,1
1226,train,1,0,1,59.82966305857511,-386.61560157605663,0.0,-279.0944424928676,0.0,-0.6666666666666666,0.0,0.0,0.5,0.9971610509762517,0.9994586253613486
1226,train,2,1,0,-119.65932611715021,-432.77119303534835,0.0,51.186420905468026,0.0,0.6666666666666666,0.0,0.0,0.5,0.9971610509762517,0.9994586253613486
1227,train,1,0,1,-240.0,10.06274506100408,0.0,0.0,0.0,0.0,0.0,0.0,0.5,1,1
1227,train,2,1,0,480.0,595.4265563505983,0.0,0.0,0.0,0.0,0.0,0.0,0.5,1,1
1228,test,2,0,1,299.1483152928755,641.8834236932342,0.0,-878.8024875368765,0.0,0.0,0.0,0.0,0.5,0.9971610509762517,0.9994586253613486
1228,test,2,1,1,179.48898917572532,438.65872004383243,0.0,-1085.0817555511446,0.0,0.0,0.0,0.0,0.5,0.9971610509762517,0.9994586253613486
1229,train,2,0,1,-62.27587720978635,-1358.4735158937187,0.0,-632.2524613145622,-233.64403503388792,0.3333333333333333,0.0,0.0,0.5,1.0379312868297725,1.0044775445674627
1229,train,2,1,1,-685.0346493076498,-1531.107892117946,0.0,-290.02481709938013,378.4681544673093,0.0,0.0,0.0,0.5,1.0379312868297725,1.0044775445674627
1230,train,1,0,0,540.0,3128.165578528723,0.0,0.0,0.0,0.0,0.0,0.0,0.5,1,1
1230,train,0,2,1,-780.0,-1294.9150896217807,0.0,0.0,0.0,0.0,0.0,0.0,0.5,1,1
1231,train,1,0,0,420.0,946.3624815455096,-0.2857142857142857,168.87174991256245,-36.88765922928759,0.0,0.9523809523809523,22.886430202129716,0.5,1,1
1231,train,2,0,0,360.0,615.1961152539152,-0.14285714285714285,-256.0112009523671,-14.947952794798312,0.19047619047619047,0.2857142857142857,131.4328585907386,0.5,1,1
1232,train,0,1,1,-239.25386293985514,-432.56801801976525,-1.0,0.0,0.0,0.0,0.0,0.0,0.5,0.9968910955827297,0.9994586253613486
1232,train,0,2,1,-119.62693146992757,495.5844901296658,-1.0,0.0,0.0,0.0,0.0,0.0,0.5,0.9968910955827297,0.9994586253613486
1233,test,0,1,1,-241.40119926678344,-645.7475842559987,0.0,0.0,-99.84368245254484,0.06666666666666667,0.0,26.071222699983405,0.5,1.0058383302782643,1.0014902927799512
1233,test,0,2,1,-181.05089945008757,-412.64845417527437,0.3333333333333333,0.0,-24.0601262287222,0.06666666666666667,-0.4,-76.3984702942081,0.5,1.0058383302782643,1.0014902927799512
1234,test,2,0,1,-420.0,-489.188381626941,0.0,0.0,0.0,0.0,0.0,0.0,0.5,1,1
1234,test,1,2,0,360.0,1055.5179254576733,0.0,0.0,0.0,0.0,0.0,0.0,0.5,1,1
1235,train,0,1,1,0.0,-953.8534322685914,0.0,0.0,0.0,0.0,0.0,0.0,0.5,1,1
1235,train,2,0,0,300.0,1897.9777197633061,0.0,0.0,0.0,0.0,0.0,0.0,0.5,1,1
1236,validation,2,0,1,-59.5307213384301,-171.95531853668967,0.0,0.0,0.0,0.0,-0.6666666666666666,0.0,0.5,0.992178688973835,0.9985119248876447
1236,validation,1,2,0,178.5921640152903,472.35004212643884,1.3333333333333333,0.0,0.0,0.0,0.6666666666666666,0.0,0.5,0.992178688973835,0.9985119248876447
1237,train,1,0,0,-180.0,-460.27021057200636,0.2,271.09029942352845,-22.612108493804897,0.0,0.1,0.0,0.5,1,1
1237,train,2,0,0,60.0,171.00875730543976,-0.2,197.42357186207437,211.78150951040857,0.0,0.30000000000000004,0.0,0.5,1,1
1238,train,0,1,1,362.1998550810863,215.95280462581363,0.0,89.30011649303117,-621.5952829918579,0.1,0.0,194.50071757117308,0.5,1.006110708558573,1.0010836291719092
1238,train,2,0,0,-603.6664251351438,-1780.2347738986834,0.0,-94.11800571022988,531.3828182448077,-0.1,0.0,-75.48577932904811,0.5,1.006110708558573,1.0010836291719092
1239,train,0,2,0,0.0,-134.1647152938626,0.0,0.0,0.0,0.0,0.0,-99.21551217053619,0.5,0.9921786889738351,1.0025755368765914
1239,train,2,1,1,-59.530721338430105,170.1209120047643,0.0,0.0,0.0,0.0,-1.3333333333333333,30.620326075075766,0.5,0.9921786889738351,1.0025755368765914
1240,train,0,2,0,177.94055336469114,223.38315268704113,0.26666666666666666,45.26456640316931,0.0,0.0,0.0,22.954483396552405,0.5,0.9885586298038397,0.9979713558551195
1240,train,2,1,1,-177.94055336469114,123.78563655801803,-0.26666666666666666,-47.43904124263993,0.0,0.0,0.20000000000000007,-9.882717664131448,0.5,0.9885586298038397,0.9979713558551195
1241,validation,2,0,1,-420.0,-716.7082012223759,0.0,-1415.9081658992427,0.0,0.0,0.0,0.0,0.5,1,1
1241,validation,2,1,1,-360.0,-815.6249214950681,0.0,-445.9404053949843,0.0,0.0,0.0,0.0,0.5,1,1
1242,validation,1,0,1,0.0,-433.83464015750576,0.3333333333333333,0.0,-378.5490113378394,0.0,0.0,0.0,0.5,0.9844185508538381,1.0046135402528926
1242,validation,1,2,1,59.065113051230284,-682.821318607514,0.0,0.0,88.93657270584058,0.0,0.0,0.0,0.5,0.9844185508538381,1.0046135402528926
1243,train,1,0,1,-180.0,-1431.1927053327536,0.0,0.0,0.0,0.0,0.0,0.0,0.5,1,1
1243,train,1,2,1,-180.0,-1217.812238229244,0.0,0.0,0.0,0.0,0.0,0.0,0.5,1,1
1244,train,1,0,1,0.0,481.67294538699826,0.6666666666666666,0.0,86.55442414403427,0.0,0.0,-15.995362130036067,0.5,0.9667212602247968,0.9995939415379522
1244,train,1,2,1,0.0,77.15577846707582,0.6666666666666666,0.0,129.2394436780175,0.0,0.0,-148.40203147463615,0.5,0.9667212602247968,0.9995939415379522
1245,train,1,0,0,115.1927589044139,124.16131619783901,0.09523809523809523,23.09171737006058,-5.113689690535125,0.5714285714285714,0.47619047619047616,17.996527138467073,0.5,0.9599396575367826,0.99527289728058
1245,train,0,2,1,-57.59637945220695,-342.5587701154914,0.09523809523809523,-5.466682854872452,1.093160403038695,-0.14285714285714285,-0.23809523809523803,-57.854751839141564,0.5,0.9599396575367826,0.99527289728058
1246,test,1,0,1,121.06062617045153,-663.2673420675094,0.0,0.0,0.0,0.0,0.0,-22.190020440786938,0.5,1.0088385514204294,0.9997292760349417
1246,test,2,1,0,-60.530313085225764,-401.68638536588423,0.0,0.0,0.0,0.0,0.0,405.45316477067195,0.5,1.0088385514204294,0.9997292760349417
1247,train,2,0,1,-60.0,-643.224108708841,-0.16666666666666666,-597.3270335578178,45.82407831127247,0.0,0.0,0.0,0.5,1,1
1247,train,1,2,0,120.0,530.1631352840423,0.3333333333333333,194.35968959465947,-53.098512206132966,0.0,0.0,0.0,0.5,1,1
1248,validation,0,1,1,123.44382907512475,553.0405626647271,0.0,0.0,0.0,0.0,0.0,-274.32718772697854,0.5,1.0286985756260396,1.0017614936235477
1248,validation,2,0,0,-61.72191453756238,93.86066274925624,0.0,0.0,0.0,0.3333333333333333,0.0,770.1968548989663,0.5,1.0286985756260396,1.0017614936235477
1249,train,1,0,1,175.97612621590446,-32.90009345038268,0.0,34.671529191735814,-222.96728289099542,0.0,0.5333333333333333,-21.75398283541344,0.5,0.9776451456439137,0.997836259329798
1249,train,2,1,0,-175.97612621590446,113.42848219120577,0.0,26.63832771360569,-107.041977925368,0.26666666666666666,0.2666666666666666,80.16409083641089,0.5,0.9776451456439137,0.997836259329798
1250,test,2,0,1,-595.307213384301,-753.4001954085379,0.0,0.0,0.0,0.0,-0.6666666666666665,66.51914350690824,0.5,0.9921786889738351,0.9986471128909702
1250,test,2,1,1,-59.530721338430105,-971.3247897201742,0.0,0.0,0.0,0.0,-1.333333333333333,-33.942663705350014,0.5,0.9921786889738351,0.9986471128909702
1251,train,2,0,1,60.0,-159.92735885894717,0.2,176.9800191982893,-22.714523674871113,-0.5333333333333333,-0.5333333333333333,0.0,0.5,1,1
1251,train,2,1,1,-60.0,244.98754138964614,0.0,-31.04589828479476,11.911081323231604,-0.26666666666666666,-0.2,0.0,0.5,1,1
1252,train,0,2,0,605.1392607886111,383.7962510833125,0.14285714285714285,154.68920300354452,30.287874779034638,-0.14285714285714285,1.4285714285714284,41.24023479369305,0.5,1.008565434647685,0.9967561452934783
1252,train,1,2,0,242.05570431544442,530.5052294709132,0.42857142857142855,223.4943707686136,200.25329253773216,0.0,1.714285714285714,40.748380803636095,0.5,1.008565434647685,0.9967561452934783
1253,train,1,0,0,611.7287953004528,4009.8141611006877,0.4,833.0509712453295,148.09759498170752,0.0,0.0,0.0,0.5,1.0195479921674213,0.999052786729054
1253,train,0,2,1,-550.5559157704075,-4480.591008937598,0.4,-1225.540476766543,-16.542437005770736,0.0,0.0,0.0,0.5,1.0195479921674213,0.999052786729054
1254,test,0,1,1,-179.87819895047713,1313.3415301877512,0.0,0.0,0.0,0.0,0.0,0.0,0.5,0.9993233275026507,0.9998646288547973
1254,test,2,0,0,-179.87819895047713,-1249.4143410967451,0.0,0.0,0.0,2.0,0.0,0.0,0.5,0.9993233275026507,0.9998646288547973
1255,test,1,0,1,240.0,360.327353263388,0.0,-252.83672774249538,0.0,0.0,0.0,0.0,0.5,1,1
1255,test,2,1,0,-60.0,149.86600599899475,0.0,711.5581662373829,0.0,0.0,0.0,0.0,0.5,1,1
1256,train,1,0,0,302.52867119693553,4377.306035252786,0.0,0.0,436.05988182682387,0.8333333333333333,0.0,47.90921767978952,0.5,1.0084289039897851,1.0013547198921082
1256,train,2,0,0,1573.1490902240648,3074.329431812046,0.0,0.0,1185.459786016348,0.5,0.0,109.09536898039639,0.5,1.0084289039897851,1.0013547198921082
1257,train,2,0,1,-180.0,-721.8953532300429,0.0,293.2399527668108,0.0,0.0,0.0,-136.0230110166347,0.5,1,1
1257,train,2,1,1,-1020.0,-1113.5497016063919,0.0,-406.8282720142465,0.0,0.0,0.0,-85.18756261394596,0.5,1,1
1258,train,1,0,1,-60.0,297.05786203269554,0.0,-598.9303197415948,0.0,0.0,0.0,0.0,0.5,1,1
1258,train,2,1,0,120.0,953.5269874572305,0.0,606.1079550508875,0.0,0.0,0.0,0.0,0.5,1,1
1259,train,2,0,1,-890.1846902384665,-411.4694295810252,-1.0666666666666667,-654.2368513447459,243.28898797922682,-0.3333333333333333,-0.20000000000000007,0.0,0.5,0.9890941002649628,1.001625884022936
1259,train,1,2,0,1246.2585663338532,1771.6159343141808,-0.2666666666666666,254.26860730801315,-62.46618787031986,0.6666666666666666,-0.1333333333333333,0.0,0.5,0.9890941002649628,1.001625884022936
1260,train,0,1,1,-360.0,541.389256715885,0.0,0.0,0.0,0.0,0.0,0.0,0.5,1,1
1260,train,0,2,1,-360.0,-507.3777790120748,0.0,0.0,0.0,0.0,0.0,0.0,0.5,1,1
1261,test,1,0,1,-118.22622012314447,-387.4069513569655,0.0,4.899842899190915,-169.79119836213144,0.3,-1.2000000000000002,0.0,0.5,0.9852185010262039,0.9972960560854701
1261,test,2,1,0,-177.33933018471672,-265.9890563322199,0.0,53.714440061660284,-118.75738520019968,-0.3,0.3999999999999999,0.0,0.5,0.9852185010262039,0.9972960560854701
1262,train,1,0,0,-181.46806166131515,-663.7269471991171,0.0,276.1758678411368,-98.01958854661581,0.0,0.0,121.57984750860692,0.5,1.0081558981184175,0.9983767551848742
1262,train,0,2,1,241.95741554842022,1131.8948268577192,0.0,-388.28778888434454,69.25918225928177,0.0,0.0,-14.170000566672101,0.5,1.0081558981184175,0.9983767551848742
1263,train,0,1,0,293.1744493678935,505.27417578144946,0.2857142857142857,73.87096772096506,19.03714961979982,0.0,-0.23809523809523808,-33.13000170296537,0.5,0.977248164559645,0.9955424144704091
1263,train,1,2,1,-234.5395594943148,117.3502921120681,0.2857142857142857,-59.695168329940074,51.45109850591307,0.0,0.14285714285714285,-14.106128005410397,0.5,0.977248164559645,0.9955424144704091
1264,train,2,0,1,-117.04772597981118,-529.5925532089992,0.0,0.0,-291.607349832767,0.0,0.2666666666666667,0.13420479402264363,0.5,0.9753977164984264,0.995677200433284
1264,train,2,1,1,58.52386298990559,224.2049624866086,0.0,0.0,70.22237167700689,0.0,-0.1333333333333333,-11.23641631770533,0.5,0.9753977164984264,0.995677200433284
1265,train,1,0,1,118.21021570433342,-592.2138126319559,0.0,0.0,-290.8582209806432,0.0,-1.2000000000000002,0.0,0.5,0.9850851308694452,0.9975661211411934
1265,train,1,2,1,177.31532355650012,-857.3680963496696,0.0,0.0,-504.2840069066175,-0.2,-2.0,0.0,0.5,0.9850851308694452,0.9975661211411934
1266,validation,0,1,0,360.0,665.9965729404939,0.0,303.3774061148662,0.0,0.0,0.0,0.0,0.5,1,1
1266,validation,1,2,1,-180.0,-566.2507627924788,0.0,-1012.7931707870388,0.0,0.0,0.0,0.0,0.5,1,1
1267,train,0,1,0,0.0,-465.9872515871639,0.0,0.0,0.0,0.0,0.0,0.0,0.5,0.9993233275026507,0.9998646288547973
1267,train,2,1,0,0.0,70.70787613531608,0.0,0.0,0.0,3.0,0.0,0.0,0.5,0.9993233275026507,0.9998646288547973
1268,train,0,1,1,120.0,-470.70079346369585,0.0,0.0,0.0,0.0,0.0,0.0,0.5,1,1
1268,train,2,0,0,-180.0,-24.025053782064788,0.0,0.0,0.0,0.0,0.0,0.0,0.5,1,1
1269,test,0,2,0,1119.0511739177223,1857.4129378751818,0.0,0.0,0.0,0.0,0.0,187.52466076801107,0.5,0.9816238367699319,0.9986471128909702
1269,test,1,2,0,117.79486041239183,919.3313839892002,0.0,0.0,0.0,0.0,0.0,96.61512670749573,0.5,0.9816238367699319,0.9986471128909702
1270,train,0,2,0,121.42172659701795,-890.0648646034867,0.0,0.0,6.34256913381148,0.0,0.0,0.0,0.5,1.0118477216418162,0.9987823191973281
1270,train,1,2,0,242.8434531940359,-802.6878241477581,-0.3333333333333333,0.0,117.11417757491276,0.0,0.0,0.0,0.5,1.0118477216418162,0.9987823191973281
1271,train,1,0,0,237.1577321296746,745.3641848962945,0.0,0.0,146.38490020268569,0.0,1.5,122.85293750269003,0.5,0.9881572172069775,1.0088385514204294
1271,train,2,0,0,59.28943303241865,1123.6867552759918,0.0,0.0,-43.619299549049174,0.0,1.5,0.0,0.5,0.9881572172069775,1.0088385514204294
1272,train,1,0,0,-60.0,-930.1512467721368,0.0,326.9122364397706,0.0,0.0,0.0,0.0,0.5,1,1
1272,train,2,0,0,-360.0,-288.5855780310385,0.0,362.9417698624295,0.0,0.0,0.0,0.0,0.5,1,1
1273,test,1,0,1,299.0673286748189,-611.8504812547397,-1.0,0.0,0.0,0.0,0.0,0.0,0.5,0.9968910955827297,0.9994586253613486
1273,test,1,2,1,239.25386293985514,759.537485603231,-2.0,0.0,0.0,0.0,0.0,0.0,0.5,0.9968910955827297,0.9994586253613486
1274,test,0,2,0,177.41136957259516,694.4395614911028,0.0,0.0,270.7691268326864,0.0,0.0,0.0,0.5,0.9856187198477508,0.997836259329798
1274,test,2,1,1,-295.68561595432527,-430.8745138456577,0.0,0.0,-30.304128663196096,0.0,0.0,0.0,0.5,0.9856187198477508,0.997836259329798
1275,train,1,0,0,-243.3041567506893,814.182363381597,0.0,210.89460762546307,-27.309906801379498,0.06666666666666667,0.0,48.06991329348712,0.5,1.0137673197945387,1.0062469253572153
1275,train,2,0,0,60.82603918767232,1150.2469807286407,0.0,520.4774647144667,-18.92296737511802,0.0,0.5333333333333333,69.34569517961963,0.5,1.0137673197945387,1.0062469253572153
1276,train,1,0,1,-180.6346962192386,-331.4354284578961,0.14285714285714285,-58.48924308750307,-207.07692901948388,0.38095238095238093,-0.14285714285714285,-69.11317496474231,0.5,1.0035260901068812,1.0008126118424647
1276,train,1,2,1,-180.6346962192386,-1299.0730580468903,0.0,-8.96610887489166,-227.49131055797562,0.0,-0.19047619047619047,20.75158700429907,0.5,1.0035260901068812,1.0008126118424647
1277,train,0,1,0,707.1519966309987,1062.7335131194666,0.0,593.4541679067424,-55.467291895416906,-0.26666666666666666,2.2,0.0,0.5,0.9821555508763872,1.007882966156282
1277,train,1,2,1,58.92933305258323,1182.4578717695204,-0.3333333333333333,-157.6012843287687,16.42792878772154,0.4,-0.4,0.0,0.5,0.9821555508763872,1.007882966156282
1278,test,0,1,1,-60.0,-526.4016360147871,0.0,0.0,0.0,0.0,0.0,0.0,0.5,1,1
1278,test,2,0,0,0.0,-703.5406708178398,0.0,0.0,0.0,0.0,0.0,0.0,0.5,1,1
1279,test,0,1,0,120.0,364.6336147316624,0.0,380.4140955940557,0.0,0.0,0.0,107.40071649776849,0.5,1,1
1279,test,2,1,0,-240.0,-1201.464377660719,0.0,717.41384530362,0.0,0.0,0.0,86.5501386051925,0.5,1,1
1280,train,0,2,0,-181.51720271816131,252.6975434395772,0.0,0.0,811.9241173176242,0.0,-0.33333333333333326,-108.04517436638349,0.5,1.0084289039897851,1.0013547198921082
1280,train,2,1,1,-121.01146847877422,-634.6182459824032,0.0,0.0,-238.0685058388699,0.0,0.4999999999999999,59.21768832014439,0.5,1.0084289039897851,1.0013547198921082
1281,validation,0,1,0,178.0610423749156,907.464787422557,0.2,0.0,176.57320717632146,-0.3333333333333333,0.0,-24.659780848095238,0.5,0.9892280131939755,1.003526090106881
1281,validation,2,1,0,178.0610423749156,1616.5057770608532,0.2,0.0,114.94162312332256,0.3333333333333333,0.26666666666666666,-46.34154981111203,0.5,0.9892280131939755,1.003526090106881
1282,train,2,0,1,-239.35105346051282,-77.51564557820019,0.0,0.0,-77.3763666704935,-0.6666666666666666,0.0,0.0,0.5,0.9972960560854701,0.9994586253613486
1282,train,2,1,1,0.0,-135.5649834804352,0.0,0.0,30.540389914626232,-1.3333333333333333,0.0,0.0,0.5,0.9972960560854701,0.9994586253613486
1283,train,0,1,1,-310.6635812289228,-972.7331893174678,0.0,34.16638332972511,68.9979987464776,0.0,0.0,-106.87789543072687,0.5,1.035545270763076,0.9982416037801811
1283,train,0,2,1,-186.39814873735367,227.3728934140678,0.0,169.51591239776872,85.56601502105991,0.0,-0.8999999999999999,-120.2129816734839,0.5,1.035545270763076,0.9982416037801811
1284,train,1,0,0,246.18675667416835,806.0465646942484,0.0,0.0,0.0,0.6666666666666666,0.0,0.0,0.5,1.0257781528090348,0.9997292760349417
1284,train,2,0,0,-184.64006750562626,-369.13651825066836,0.0,0.0,0.0,0.6666666666666666,0.0,0.0,0.5,1.0257781528090348,0.9997292760349417
1285,validation,0,1,0,177.8442208619119,246.8718876727472,1.0,0.0,0.0,0.0,-0.3333333333333335,171.64276958125322,0.5,0.9880234492328439,1.0031185998461076
1285,validation,2,1,0,118.56281390794126,-303.9503266057788,0.5,0.0,0.0,0.0,1.6666666666666665,16.1254407272461,0.5,0.9880234492328439,1.0031185998461076
1286,train,1,0,1,-660.0,-1917.1563825879311,0.0,0.0,0.0,0.0,0.0,0.0,0.5,1,1
1286,train,1,2,1,-420.0,-1861.1529825276793,0.0,0.0,0.0,0.0,0.0,0.0,0.5,1,1
1287,train,1,0,0,0.0,771.5575479903428,0.0,-64.47418072331135,177.7020631126608,-0.19047619047619047,-0.5714285714285714,-25.98339069747464,0.5,1.038212355795306,0.9967561452934783
1287,train,0,2,1,-186.8782240431551,-537.4395819329723,-0.14285714285714285,-9.516639609816252,84.40230955742182,0.19047619047619047,-0.8571428571428572,10.940332316250185,0.5,1.038212355795306,0.9967561452934783
1288,train,2,0,1,-179.44039720489135,137.66678648747077,0.0,0.0,0.0,0.0,2.0,0.0,0.5,0.9968910955827297,0.9994586253613486
1288,train,1,2,0,59.813465734963785,3529.8272616791833,0.0,0.0,0.0,0.0,3.0,0.0,0.5,0.9968910955827297,0.9994586253613486
1289,train,0,1,1,-480.0,-197.21857672228543,0.0,0.0,0.0,0.0,0.0,0.0,0.5,1,1
1289,train,2,0,0,420.0,391.26963160158175,0.0,0.0,0.0,0.0,0.0,0.0,0.5,1,1
1290,train,0,1,0,121.91587270746498,-266.4651460470456,-0.16666666666666666,0.0,244.1264383394826,0.0,2.0,0.0,0.5,1.0159656058955415,0.9983767551848742
1290,train,1,2,1,0.0,1528.4362403362654,0.0,0.0,38.32285454925815,0.0,-1.5,0.0,0.5,1.0159656058955415,0.9983767551848742
1291,test,0,2,0,176.69229061858775,257.26809892521277,0.0,0.0,0.0,0.0,0.0,-90.2526577358545,0.5,0.9816238367699319,0.9986471128909702
1291,test,1,2,0,117.79486041239183,101.04305179303441,0.0,0.0,0.0,0.0,0.0,109.89506172623298,0.5,0.9816238367699319,0.9986471128909702
1292,validation,2,0,1,-60.0,180.24944509248053,-1.0,404.41870533311294,0.0,0.0,-1.3333333333333333,0.0,0.5,1,1
1292,validation,2,1,1,60.0,466.486914010864,-1.3333333333333333,335.030985381331,0.0,0.0,-0.8333333333333333,0.0,0.5,1,1
1293,train,2,0,1,118.91646384377418,-227.10531284272395,0.0,-250.44070114737778,0.0,0.0,0.0,-20.5863371089833,0.5,0.9909705320314515,0.9972960560854701
1293,train,1,2,0,-178.37469576566127,0.0,0.1,308.955833260767,0.0,0.0,0.2,-0.08951375646794446,0.5,0.9909705320314515,0.9972960560854701
1294,train,2,0,1,-600.0,-2001.4791915841815,0.0,0.0,0.0,0.0,0.0,0.0,0.5,1,1
1294,train,2,1,1,-300.0,-2021.1981954246357,0.0,0.0,0.0,0.0,0.0,0.0,0.5,1,1
1295,validation,1,0,1,-364.21586879650806,284.7809391748528,0.0,-721.7183771838038,-175.36019548982802,0.0,0.0,0.0,0.5,1.0117107466569668,0.9986471128909702
1295,validation,1,2,1,121.40528959883602,20.328642534965073,0.0,-304.0004085055571,-689.1927069004256,0.0,0.0,0.0,0.5,1.0117107466569668,0.9986471128909702
1296,test,0,1,0,300.0,1313.7294240325627,0.0,-122.1500377764196,57.404191413953995,0.0,0.0,0.0,0.5,1,1
1296,test,1,2,1,180.0,142.4718456947012,0.0,-480.42975069281476,-54.47541329028698,0.0,0.33333333333333326,0.0,0.5,1,1
1297,train,0,2,0,-120.0,-841.8560327876435,0.0,0.0,0.0,0.0,0.0,0.0,0.5,1,1
1297,train,1,2,0,120.0,350.83829937901464,0.0,0.0,0.0,0.0,0.0,0.0,0.5,1,1
1298,train,1,0,1,180.0,-180.0770524318009,0.0,0.0,0.0,0.0,0.0,0.0,0.5,1,1
1298,train,2,1,0,-240.0,330.07186746364096,0.0,0.0,0.0,0.0,0.0,0.0,0.5,1,1
1299,train,2,0,1,-180.0,-495.81093258586907,0.0,0.0,0.0,0.0,0.0,0.0,0.5,1,1
1299,train,2,1,1,-300.0,-1222.785551798253,0.0,0.0,0.0,0.0,0.0,0.0,0.5,1,1
1300,train,2,0,1,-416.7150493690107,-1323.3845692306675,-0.6666666666666666,0.0,0.0,0.0,-0.6666666666666665,0.0,0.5,0.9921786889738351,0.9986471128909702
1300,train,1,2,0,357.1843280305806,2083.350104157576,0.0,0.0,0.0,0.0,1.333333333333333,0.0,0.5,0.9921786889738351,0.9986471128909702
1301,train,1,0,1,0.0,-853.3043894398695,0.2857142857142857,18.869374522637784,-109.49640902800319,0.0,-0.2857142857142857,-143.47645661875524,0.5,0.9769836000616895,1.0010836291719092
1301,train,2,1,0,0.0,-266.4080071032117,-0.8571428571428571,-12.831295177565082,1.4029917538422048,0.0,0.19047619047619047,20.78850545445753,0.5,0.9769836000616895,1.0010836291719092
1302,train,1,0,0,120.0,-292.2286578677458,0.0,274.71949229720644,-161.610452553532,0.0,0.0,0.0,0.5,1,1
1302,train,2,0,0,-60.0,286.8990364223155,0.0,1044.53749953868,-213.33647719627402,0.0,0.0,0.0,0.5,1,1
1303,train,2,0,1,120.0,1394.535035235609,0.0,0.0,0.0,0.0,0.0,0.0,0.5,1,1
1303,train,1,2,0,480.0,-302.5774443510136,0.0,0.0,0.0,0.0,0.0,0.0,0.5,1,1
1304,train,1,0,1,-237.9295409910389,-733.5121963626979,-0.5999999999999999,0.0,-32.77873384173302,0.4,0.0,7.607254317871828,0.5,0.9913730874626621,0.9983767551848742
1304,train,1,2,1,-118.96477049551945,-968.8120434687786,-0.3,0.0,-47.31246249131788,0.4,0.0,-6.680588304390362,0.5,0.9913730874626621,0.9983767551848742
1305,train,1,0,1,-297.45219268276514,-113.81724346513951,0.0,0.0,107.27621350641974,0.0,-0.9000000000000001,0.0,0.5,0.9915073089425505,0.9985119248876447
1305,train,1,2,1,-118.98087707310606,228.11494075630674,0.0,0.0,-9.046183426244085,0.8,-1.4999999999999998,0.0,0.5,0.9915073089425505,0.9985119248876447
1306,test,1,0,0,490.7763252096952,974.4527845166683,0.33333333333333337,-10.752609591665987,0.0,1.0,0.0,0.0,0.5,1.0224506775201982,0.999052786729054
1306,test,0,2,1,-368.0822439072714,-2655.2705852085946,-0.5,130.48051021449584,0.0,-1.0,0.0,0.0,0.5,1.0224506775201982,0.999052786729054
1307,train,2,0,1,60.0,-160.42642394102586,-0.19047619047619047,-106.55812349715097,-31.503566917740635,-0.47619047619047616,0.3333333333333333,-16.835714040532054,0.5,1,1
1307,train,2,1,1,-180.0,-403.47130805340294,-0.19047619047619047,-7.901533860003951,-41.600624016126865,-0.23809523809523808,0.2857142857142857,-43.87376413110868,0.5,1,1
1308,train,1,0,1,-61.530027004814166,0.0,0.0,0.0,0.0,0.0,0.0,0.0,0.5,1.025500450080236,0.9995939415379522
1308,train,2,1,0,61.530027004814166,62.98293544441662,0.0,0.0,0.0,0.0,0.0,0.0,0.5,1.025500450080236,0.9995939415379522
1309,train,0,1,1,-60.0,272.0029119982423,-0.2,-482.8736272309826,-39.022697261352086,0.0,0.30000000000000004,0.0,0.5,1,1
1309,train,2,0,0,240.0,994.2335607086579,0.2,760.8900965181733,46.913316340102504,0.0,1.2,0.0,0.5,1,1
1310,train,1,0,1,60.0,-331.932493857822,0.0,0.0,0.0,0.0,0.0,0.0,0.5,1,1
1310,train,1,2,1,120.0,1154.6386403746938,0.0,0.0,0.0,0.0,0.0,0.0,0.5,1,1
1311,train,2,0,1,-180.0,-1638.587715738082,0.0,0.0,0.0,0.0,-0.3333333333333335,-102.729558489124,0.5,1,1.0021684325960005
1311,train,2,1,1,-60.0,-1136.5243051527746,0.0,0.0,0.0,0.0,-0.6666666666666665,-169.48725142947018,0.5,1,1.0021684325960005
1312,validation,0,2,0,365.35171234888674,2605.2017493381823,0.0,85.30118383432227,62.02310655290408,0.0,0.7142857142857142,0.0,0.5,1.0148658676357964,0.9977011810926478
1312,validation,2,1,1,-121.78390411629557,-259.71560676013615,-0.19047619047619047,-5.4779429028612725,-84.52214920915902,-1.4285714285714284,0.0,-83.51636063267634,0.5,1.0148658676357964,0.9977011810926478
1313,train,2,0,1,-176.69229061858775,-148.63563362014378,0.0,0.0,0.0,0.0,0.0,-153.3890591536557,0.5,0.9816238367699319,0.9986471128909702
1313,train,2,1,1,-824.5640228867428,-842.2241744145898,0.0,0.0,0.0,0.0,0.0,-98.28835645314041,0.5,0.9816238367699319,0.9986471128909702
1314,train,2,0,1,0.0,-1264.4360285206167,0.0,0.0,0.0,0.0,-4.0,0.0,0.5,0.9968910955827297,0.9994586253613486
1314,train,2,1,1,-59.813465734963785,-1173.7102639323343,0.0,0.0,0.0,0.0,-1.0,0.0,0.5,0.9968910955827297,0.9994586253613486
1315,train,1,0,0,180.0,1776.0567053615987,0.0,0.0,0.0,0.0,0.0,0.0,0.5,1,1
1315,train,2,0,0,1020.0,-142.0624094971863,0.0,0.0,0.0,0.0,0.0,0.0,0.5,1,1
1316,train,1,0,1,-480.0,516.4645477385602,0.0,0.0,0.0,0.0,0.0,0.0,0.5,1,1
1316,train,1,2,1,-480.0,149.3926177594185,0.0,0.0,0.0,0.0,0.0,0.0,0.5,1,1
1317,validation,1,0,1,-59.813465734963785,2.2878561818983028,0.0,0.0,0.0,0.0,-3.0,0.0,0.5,0.9968910955827297,0.9994586253613486
1317,validation,1,2,1,59.813465734963785,-219.37614148646315,0.0,0.0,0.0,0.0,-3.0,0.0,0.5,0.9968910955827297,0.9994586253613486
1318,train,0,2,0,720.0,2295.2243866761974,0.0,-9.739492254096149,314.22025890060036,0.19047619047619047,0.0,43.214319616108284,0.5,1,1
1318,train,2,1,1,-480.0,-1968.3036422285732,0.0,-587.8493636542142,-430.0958753377845,-0.38095238095238093,-0.09523809523809523,-24.41355507215108,0.5,1,1
1319,train,0,1,1,239.25386293985514,-789.9598604613018,0.0,0.0,0.0,0.0,0.0,0.0,0.5,0.9968910955827297,0.9994586253613486
1319,train,2,0,0,-59.813465734963785,3497.385715707641,0.0,0.0,0.0,0.0,10.0,0.0,0.5,0.9968910955827297,0.9994586253613486
1320,train,0,2,0,-60.50573423938711,-369.71201199829466,0.0,0.0,273.2779010153419,0.3333333333333333,0.0,0.0,0.5,1.0084289039897851,0.9983767551848742
1320,train,1,2,0,0.0,-1.6256615993698464,0.0,0.0,-3.0771605622977916,0.16666666666666666,-0.33333333333333337,0.0,0.5,1.0084289039897851,0.9983767551848742
1321,train,1,0,0,184.0411219536357,331.46665964055995,0.0,498.35097086719986,0.0,1.0,0.0,-21.820698452807022,0.5,1.0224506775201982,1.0025755368765914
1321,train,0,2,1,0.0,-311.1937357122376,0.0,268.35532588487735,0.0,0.0,0.0,-13.23940476476156,0.5,1.0224506775201982,1.0025755368765914
1322,train,0,1,0,188.4534026513964,777.6331524311491,0.3,0.0,29.181828455508764,0.0,0.0,-44.27545615919007,0.5,1.0469633480633134,1.0012191653569225
1322,train,1,2,1,-125.6356017675976,-360.5929239061512,0.0,0.0,19.056823871581237,-0.1,0.0,13.419714433392727,0.5,1.0469633480633134,1.0012191653569225
1323,train,0,1,1,117.1904265124323,409.64295776165926,0.0,-2.0406311415035816,-179.2702229803533,0.047619047619047616,0.47619047619047616,41.24431954106616,0.5,0.9765868876036025,1.0006771306930664
1323,train,0,2,1,117.1904265124323,-652.1439503406431,-0.2857142857142857,18.85777630566608,-125.86473707550802,0.0,0.0,6.6999713220942,0.5,0.9765868876036025,1.0006771306930664
1324,train,0,1,1,181.09992754054315,-300.3091779767083,0.0,-9.806132845388106,67.03374288775572,-0.1,-0.8999999999999999,0.0,0.5,1.006110708558573,0.9981064706710885
1324,train,2,0,0,181.09992754054315,2605.9592777552684,0.0,567.1334071521281,514.6649420647025,0.2,1.2000000000000002,0.0,0.5,1.006110708558573,0.9981064706710885
1325,train,1,0,0,-234.9526994328337,-778.1742749840473,0.0,337.27534727283125,170.90227947243798,0.1,-0.6000000000000001,0.0,0.5,0.9789695809701404,0.9979713558551195
1325,train,0,2,1,-528.6435737238759,-1236.70491522715,0.0,-319.1158791391603,-183.8886512915079,-0.1,0.30000000000000027,0.0,0.5,0.9789695809701404,0.9979713558551195
1326,validation,0,2,0,60.793109512686506,1000.2763355207908,1.3333333333333333,0.0,1.1564562679008645,0.0,0.0,0.0,0.5,1.0132184918781084,1.003661956975393
1326,validation,2,1,1,-486.34487610149205,-809.0003802216237,-1.3333333333333333,0.0,41.26672652158821,0.0,0.0,0.0,0.5,1.0132184918781084,1.003661956975393
1327,train,0,1,1,-59.813465734963785,-1318.130093424848,-7.0,0.0,0.0,0.0,0.0,0.0,0.5,0.9968910955827297,0.9994586253613486
1327,train,2,0,0,-119.62693146992757,754.4600580791348,4.0,0.0,0.0,0.0,0.0,0.0,0.5,0.9968910955827297,0.9994586253613486
1328,train,1,0,1,60.0,1943.0113031724336,0.0,-17.835589215889286,-170.9186552640329,-0.47619047619047616,0.047619047619047616,-56.61731331434024,0.5,1,1
1328,train,2,1,0,-120.0,-217.885436890434,-0.19047619047619047,-98.53987523791062,165.66491964018837,0.0,0.09523809523809523,75.97998291660555,0.5,1,1
1329,train,0,2,0,180.0,1338.1188117040028,0.0,0.0,0.0,0.0,0.0,0.0,0.5,1,1
1329,train,1,2,0,0.0,1505.4121809458866,0.0,0.0,0.0,0.0,0.0,0.0,0.5,1,1
1330,train,1,0,0,0.0,208.76717251545887,0.0,199.83221680475623,21.067867346865626,-0.09523809523809523,-0.9523809523809523,72.41985170460437,0.5,1.032605410527596,0.997836259329798
1330,train,0,2,1,-247.82529852662302,-2262.1995283112915,0.0,-143.1584484747146,-232.7207382315636,-0.09523809523809523,-1.3333333333333333,-56.12263571606019,0.5,1.032605410527596,0.997836259329798
1331,train,0,1,1,-299.0673286748189,-321.8171419590309,0.0,0.0,0.0,0.0,0.0,0.0,0.5,0.9968910955827297,0.9994586253613486
1331,train,0,2,1,-299.0673286748189,-150.53281706576544,-1.0,0.0,0.0,0.0,0.0,0.0,0.5,0.9968910955827297,0.9994586253613486
1332,test,0,2,0,305.32656684962114,525.679536624652,0.0,0.0,361.0105176565336,0.0,0.0,0.0,0.5,1.0177552228320705,1.0023041156519776
1332,test,2,1,1,0.0,646.08911314804,0.0,0.0,-217.88166392070582,0.0,0.0,0.0,0.5,1.0177552228320705,1.0023041156519776
1333,train,2,0,1,-672.628437411307,279.79301496834313,0.5999999999999999,32.366826002268226,0.0,-0.2,0.0,-116.28830124127134,0.5,1.019133996077738,1.000406223412502
1333,train,1,2,0,122.29607952932855,474.80317367550185,-0.5999999999999999,230.0597769594068,0.0,0.1,0.0,-74.66633304352656,0.5,1.019133996077738,1.000406223412502
1334,validation,2,0,1,-780.0,-199.4492145967206,0.0,-317.18065674265154,0.0,0.0,0.0,0.0,0.5,1,1
1334,validation,2,1,1,-420.0,-181.4268334324106,0.0,-558.6197800168395,0.0,0.0,0.0,0.0,0.5,1,1
1335,test,1,0,1,-373.80705077485834,-956.4565461572716,0.09523809523809523,404.39012888036984,31.099522164678334,-0.23809523809523803,-2.857142857142857,88.8024210478615,0.5,1.038352918819051,0.9967561452934783
1335,test,2,1,0,436.1082259040014,-32.47325504409465,-0.09523809523809523,-139.6089727192392,-30.434488220304345,-0.23809523809523808,1.1428571428571428,81.03396562509575,0.5,1.038352918819051,0.9967561452934783
1336,test,0,2,0,0.0,-584.7889449799968,0.0,0.0,1540.34530947496,0.0,0.0,0.0,0.5,1.0177552228320705,0.9993233275026507
1336,test,1,2,0,122.13062673984847,874.3431608141913,0.0,0.0,2160.0639809764098,0.0,0.0,0.0,0.5,1.0177552228320705,0.9993233275026507
1337,test,0,1,1,59.28140695397063,441.5336573765178,0.0,0.0,179.8045936271886,-0.16666666666666666,-1.5,0.0,0.5,0.9880234492328439,1.0048855868633984
1337,test,2,0,0,59.28140695397063,-367.07699896111296,0.0,0.0,-235.42080161444414,0.0,2.5,0.0,0.5,0.9880234492328439,1.0048855868633984
1338,train,2,0,1,-240.0,516.6489478064682,0.0,0.0,0.0,0.0,0.0,0.0,0.5,1,1
1338,train,2,1,1,-420.0,178.51226733292424,0.0,0.0,0.0,0.0,0.0,0.0,0.5,1,1
1339,validation,0,2,0,296.1262740929174,1542.8515274217812,-0.047619047619047616,-153.412376748163,156.3724376876346,0.0,0.38095238095238093,52.67654334027557,0.5,0.9870875803097247,0.9974310794729591
1339,validation,1,2,0,355.35152891150085,1474.1431453561675,-0.047619047619047616,46.62885648988339,-83.39720468506569,0.2857142857142857,0.19047619047619047,82.05564769001991,0.5,0.9870875803097247,0.9974310794729591
1340,train,0,1,1,-360.0,-224.39020785453067,0.0,-253.20149164537054,-3.8033252140235305,0.0,-0.8,-46.472543834488825,0.5,1,1
1340,train,0,2,1,-180.0,70.49953865774751,-0.06666666666666667,-359.0249445322089,-153.82600743837332,0.0,0.5333333333333334,-72.53016841114368,0.5,1,1
1341,validation,0,1,1,240.0,392.9437219040892,0.0,-143.39675491241883,-988.6236286640178,0.33333333333333337,0.0,0.0,0.5,1,1
1341,validation,2,0,0,-480.0,-1128.4244312610072,0.0,575.0564147695294,118.4370889203795,-0.33333333333333337,0.0,0.0,0.5,1,1
1342,train,0,1,0,-58.873514406267816,-127.79026418602785,0.14285714285714285,107.8485685777376,8.766754678568901,0.0,0.2857142857142857,-0.48913830100891076,0.5,0.9812252401044637,1.0033902416308227
1342,train,2,1,0,58.873514406267816,42.02448187506102,-0.14285714285714285,90.3207437572304,-44.86948249138847,0.0,1.1428571428571428,7.044635371012886,0.5,0.9812252401044637,1.0033902416308227
1343,train,0,1,0,59.530721338430105,-874.6779895966133,0.0,0.0,0.0,0.0,2.666666666666667,0.0,0.5,0.9921786889738351,0.9986471128909702
1343,train,2,1,0,178.5921640152903,-308.38475600588527,0.0,0.0,0.0,0.0,1.9999999999999998,0.0,0.5,0.9921786889738351,0.9986471128909702
1344,test,1,0,0,-241.2051930704304,-346.37295680305533,0.3333333333333333,291.3903507954656,-234.1036819492779,0.0,0.19999999999999996,52.05380854818808,0.5,1.00502163779346,0.9959468271073058
1344,test,0,2,1,120.6025965352152,307.25798766493733,-0.6666666666666666,-474.1544951746245,106.77953971831636,0.0,0.06666666666666671,-45.733919428777895,0.5,1.00502163779346,0.9959468271073058
1345,train,1,0,1,-60.0,-1146.6552983278452,0.0,0.0,0.0,0.0,0.0,0.0,0.5,1,1
1345,train,1,2,1,60.0,-602.9885555506835,0.0,0.0,0.0,0.0,0.0,0.0,0.5,1,1
1346,train,1,0,1,0.0,-129.40157538802367,0.0,0.0,0.0,-1.0,0.0,0.0,0.5,0.9993233275026507,0.9998646288547973
1346,train,2,1,0,-119.91879930031808,54.34981277629259,0.0,0.0,0.0,1.0,0.0,0.0,0.5,0.9993233275026507,0.9998646288547973
1347,train,0,2,0,0.0,462.0587356339226,-0.2857142857142857,31.905703509494117,55.573242080449084,0.09523809523809523,-0.1428571428571428,1.3254839962521459,0.5,0.9751336529611071,0.9955424144704091
1347,train,1,2,0,351.04811506599856,1882.0549087245745,0.5714285714285714,-93.09740210429715,211.1378179153268,0.19047619047619047,0.4285714285714286,-5.4459740659155695,0.5,0.9751336529611071,0.9955424144704091
1348,test,1,0,0,-122.13062673984847,118.16901067290455,0.0,0.0,722.5761879342853,0.0,0.0,0.0,0.5,1.0177552228320705,1.0023041156519776
1348,test,2,0,0,-122.13062673984847,368.360053120392,0.0,0.0,487.17731688419974,0.0,0.0,0.0,0.5,1.0177552228320705,1.0023041156519776
1349,train,0,1,1,-298.21829177404254,-2431.841331075369,0.0,-450.80220697417883,0.0,-0.5,0.0,-27.07230151474819,0.5,0.9940609725801418,0.9987823191973281
1349,train,0,2,1,-417.50560848365956,-1902.001409548392,0.0,-517.3509425792731,0.0,-1.0,0.0,34.5783854813351,0.5,0.9940609725801418,0.9987823191973281
1350,train,1,0,0,178.15749232294496,-359.4995771954761,0.0,0.0,1097.6348332611094,0.0,0.0,0.0,0.5,0.9897638462385832,1.0021684325960005
1350,train,0,2,1,0.0,531.6809929769273,0.0,0.0,-437.77794902574067,0.0,0.0,0.0,0.5,0.9897638462385832,1.0021684325960005
1351,train,0,1,1,-120.0,-1334.9342495740075,0.0,0.0,0.0,0.0,0.0,0.0,0.5,1,1
1351,train,2,0,0,300.0,-16.39231673937047,0.0,0.0,0.0,0.0,0.0,0.0,0.5,1,1
1352,test,1,0,1,0.0,437.77974771685695,-0.13333333333333336,-245.60036329341807,-44.913564686670234,0.0,0.0,13.723988696625355,0.5,1,1
1352,test,1,2,1,240.0,325.6268461096615,-0.06666666666666667,-504.31844523169565,-20.08216164403529,0.0,0.40000000000000013,77.59663138748114,0.5,1,1
1353,train,0,2,0,403.9395275078915,421.3954265105628,0.26666666666666666,-6.485611406928456,-10.435199446549404,0.0,0.0,6.739493600382266,0.5,0.9617607797806941,0.9986471128909702
1353,train,2,1,1,57.70564678684165,607.708474816389,0.0,80.65318495025227,-51.81240090072029,0.0,0.0,-169.62901930316576,0.5,0.9617607797806941,0.9986471128909702
1354,test,2,0,1,-420.0,668.7329816035681,-0.3333333333333333,-754.8032126272283,0.0,0.3333333333333333,0.0,0.0,0.5,1,1
1354,test,1,2,0,-60.0,-1101.3091889856032,0.0,891.6747755054732,0.0,-0.3333333333333333,0.0,0.0,0.5,1,1
1355,test,1,0,1,0.0,-629.1421377882291,-0.4761904761904761,-198.29871058279028,54.47926712232923,0.0,-0.19047619047619047,24.350505840577185,0.5,1.0144537727623995,0.9977011810926478
1355,test,1,2,1,-730.4067163889276,-2676.8098592472975,-0.23809523809523808,-360.0030621912408,-12.541890010434187,0.2857142857142857,0.5714285714285714,-34.99319870310478,0.5,1.0144537727623995,0.9977011810926478
1356,test,0,2,0,-540.0,1625.6951701940743,0.0,827.7133018750429,0.0,0.0,0.6000000000000001,-25.774251122145387,0.5,1,1
1356,test,2,1,1,-120.0,-37.74455664264224,0.0,-297.6843961688545,0.0,-0.1,-0.40000000000000013,-30.64215772459093,0.5,1,1
1357,validation,0,1,0,117.49225477749852,700.9223716044844,0.0,-18.90585092593919,114.97902203296573,0.0,-0.20000000000000018,39.26749986465998,0.5,0.979102123145821,1.0009481113345846
1357,validation,2,1,0,293.7306369437463,386.66970386666725,0.0,101.22450463137268,37.5919356829468,0.0,0.0,96.4453071703341,0.5,0.979102123145821,1.0009481113345846
1358,train,0,1,0,60.620520973784856,503.4581717441972,0.0,27.033989101654385,27.811611655426717,0.0,-0.9999999999999999,0.0,0.5,1.0103420162297476,0.9970260641428296
1358,train,1,2,1,-181.86156292135456,-300.32802815075524,0.0,-45.672365962023065,-71.53081477381389,-0.06666666666666667,1.3333333333333333,0.0,0.5,1.0103420162297476,0.9970260641428296
1359,train,2,0,1,-60.63693684575673,-42.51308128342115,0.0,219.9715361856288,32.29469032559012,0.0,0.0,-47.1546196960742,0.5,1.0106156140959455,0.9967561452934783
1359,train,2,1,1,-121.27387369151346,-421.33425122108133,0.0,236.03386527774217,-46.08583210534207,0.0,0.0,-36.83816685096364,0.5,1.0106156140959455,0.9967561452934783
1360,train,0,2,0,-178.6889016548547,-1438.3152929818139,1.3333333333333335,401.3877458145711,0.0,0.0,0.0,0.0,0.5,0.9927161203047484,0.9986471128909702
1360,train,1,2,0,59.5629672182849,-2217.8209863389316,0.0,27.508394982920095,0.0,0.0,0.0,0.0,0.5,0.9927161203047484,0.9986471128909702
1361,test,0,1,0,118.64309642829465,556.5783789617026,0.5,60.01828578762024,0.0,0.0,0.6666666666666665,0.0,0.5,0.9886924702357888,1.0091117421524518
1361,test,1,2,1,-237.2861928565893,-591.7775371598311,-0.5,42.11775441289967,0.0,0.0,0.6666666666666667,0.0,0.5,0.9886924702357888,1.0091117421524518
1362,validation,1,0,1,-307.65013502407083,-1571.9228184849314,0.0,0.0,0.0,0.0,0.0,0.0,0.5,1.025500450080236,0.9997292760349417
1362,validation,2,1,0,61.530027004814166,1463.446219085872,0.0,0.0,0.0,0.0,-1.0,0.0,0.5,1.025500450080236,0.9997292760349417
1363,train,1,0,0,-1071.5529840917418,-314.81376958338456,1.3333333333333335,0.0,0.0,0.0,-1.9999999999999998,0.0,0.5,0.992178688973835,0.9985119248876447
1363,train,0,2,1,416.71504936901067,-764.413087689002,0.0,0.0,0.0,0.0,-1.3333333333333335,0.0,0.5,0.992178688973835,0.9985119248876447
1364,train,1,0,1,179.44039720489135,-784.7267173635356,-1.0,0.0,0.0,0.0,0.0,0.0,0.5,0.9968910955827297,0.9994586253613486
1364,train,1,2,1,59.813465734963785,-1279.1627208793507,-1.0,0.0,0.0,0.0,0.0,0.0,0.5,0.9968910955827297,0.9994586253613486
1365,train,2,0,1,-420.0,-2405.954099000618,0.0,0.0,0.0,0.0,0.0,0.0,0.5,1,1
1365,train,2,1,1,-120.0,1750.0446649997284,0.0,0.0,0.0,0.0,0.0,0.0,0.5,1,1
1366,validation,0,1,0,120.0,146.7019536362959,0.0,0.0,0.0,0.0,0.0,0.0,0.5,1,1
1366,validation,1,2,1,0.0,105.68029494058874,0.0,0.0,0.0,0.0,0.0,0.0,0.5,1,1
1367,train,1,0,0,120.0,-664.3208263614797,0.14285714285714285,-284.7822571758658,19.974594140841077,0.38095238095238093,-0.23809523809523814,-187.01804902456527,0.5,1,1
1367,train,0,2,1,-300.0,214.853081678958,-0.047619047619047616,-329.2895368618058,-14.994117954723677,0.0,-0.4761904761904763,79.70576455461578,0.5,1,1
1368,train,1,0,1,60.21156540641286,151.62424089682995,-1.2000000000000002,0.0,-43.83457240615925,0.0,-0.1,21.967952772948387,0.5,1.003526090106881,1.0014902927799512
1368,train,1,2,1,-60.21156540641286,107.98618171720081,0.0,0.0,40.7910745101027,0.0,-0.5,9.004132662220584,0.5,1.003526090106881,1.0014902927799512
1369,train,0,1,1,240.0,1132.4562905959847,0.0,0.0,0.0,0.0,0.0,0.0,0.5,1,1
1369,train,2,0,0,-180.0,-755.9550671057063,0.0,0.0,0.0,0.0,0.0,0.0,0.5,1,1
1370,test,2,0,1,-303.5543164925449,-640.4596370258208,0.0,0.0,-145.2621044623474,0.0,-2.0,0.0,0.5,1.0118477216418162,1.0017614936235477
1370,test,1,2,0,424.97604308956284,1495.8797612442374,0.0,0.0,-122.7040390950575,0.0,1.6666666666666665,0.0,0.5,1.0118477216418162,1.0017614936235477
1371,train,0,1,0,-241.9901740354072,-71.58283924224247,0.0,-314.86488208918485,131.0908069031105,0.0,0.0,-45.691875618902856,0.5,1.0082923918141966,1.0013547198921082
1371,train,1,2,1,181.4926305265554,605.0472140246303,0.0,127.72286441024761,-302.9450406013131,0.0,0.0,77.74098534673467,0.5,1.0082923918141966,1.0013547198921082
1372,train,0,1,1,-179.48898917572532,5.186401233261929,0.0,78.47586426594887,0.0,-1.3333333333333333,0.0,0.0,0.5,0.9971610509762517,0.9994586253613486
1372,train,0,2,1,-418.8076414100257,-1368.5768694771527,0.0,39.76066241064132,0.0,-0.6666666666666666,0.0,0.0,0.5,0.9971610509762517,0.9994586253613486
1373,train,1,0,0,117.71515187002167,-72.71005724979129,0.0,380.43764236858783,278.8639826979019,0.0,-0.16666666666666663,0.0,0.5,0.9809595989168473,0.9982416037801811
1373,train,2,0,0,353.145455610065,634.8992976466648,0.0,367.02797235150376,251.41442810019288,0.0,0.16666666666666663,0.0,0.5,0.9809595989168473,0.9982416037801811
1374,validation,1,0,0,180.0,282.15730789811505,0.0,-108.47546466773599,14.432110513035,0.0,0.3333333333333333,0.0,0.5,1,1
1374,validation,0,2,1,-180.0,-52.11178104505461,0.0,154.3756219509949,-0.3824764231142126,0.0,-0.3333333333333333,0.0,0.5,1,1
1375,test,0,1,0,0.0,151.48630305312898,-0.047619047619047616,27.66341147228897,66.29948794771602,0.23809523809523808,-0.2857142857142857,-6.919637619831796,0.5,0.9765868876036025,0.9977011810926478
1375,test,2,1,0,-117.1904265124323,-564.7995854759478,-0.047619047619047616,107.725969805719,88.76554453628226,0.47619047619047616,-0.09523809523809523,-43.113850818995594,0.5,0.9765868876036025,0.9977011810926478
1376,train,0,1,0,0.0,-175.39946024292703,0.0,-235.35728570288768,0.0,0.0,0.0,0.0,0.5,1,1
1376,train,1,2,1,60.0,7.44501642030491,0.0,-773.435517214685,0.0,0.0,0.0,0.0,0.5,1,1
1377,test,0,1,1,-236.58051893924164,129.66478822335748,0.0,68.60405763860604,0.0,0.1,0.0,-34.93470637447164,0.5,0.9857521622468401,0.9968910955827297
1377,test,0,2,1,0.0,-87.97579947784958,-0.4,164.47754772998547,0.0,0.0,0.0,12.689768290643205,0.5,0.9857521622468401,0.9968910955827297
1378,validation,0,1,1,179.46469154570931,484.36918348223753,0.0,0.0,0.0,0.0,0.0,20.506269825821555,0.5,0.9970260641428296,0.9994586253613486
1378,validation,0,2,1,0.0,-639.3070981077985,0.0,0.0,0.0,0.6666666666666666,0.0,-125.23441828292755,0.5,0.9970260641428296,0.9994586253613486
1379,train,0,1,1,-59.95939965015904,-1680.474667617167,0.0,0.0,0.0,-1.0,0.0,0.0,0.5,0.9993233275026507,0.9998646288547973
1379,train,0,2,1,179.87819895047713,-1095.2627869764751,0.0,0.0,0.0,-4.0,0.0,0.0,0.5,0.9993233275026507,0.9998646288547973
1380,validation,0,2,0,595.307213384301,1045.2010329173957,0.0,0.0,0.0,0.0,7.333333333333333,0.0,0.5,0.9921786889738351,0.9986471128909702
1380,validation,1,2,0,535.776492045871,1033.0112979953262,0.33333333333333337,0.0,0.0,0.0,5.333333333333333,0.0,0.5,0.9921786889738351,0.9986471128909702
1381,validation,0,2,0,652.5370303556206,2946.2879589991917,-0.2,417.87459607856783,0.0,-0.6666666666666666,0.4,-8.125715974422182,0.5,0.9886924702357888,1.0014902927799512
1381,validation,2,1,1,-355.92928928488396,-1045.8908669658165,0.0,122.02033687626658,0.0,0.0,-0.6666666666666666,2.6019351361052365,0.5,0.9886924702357888,1.0014902927799512
1382,validation,1,0,1,-175.78563976864845,-1145.056855104745,0.0,-295.4970087366018,-41.2511474768215,-0.2857142857142857,0.2857142857142857,0.0,0.5,0.9765868876036025,0.9977011810926478
1382,validation,2,1,0,58.59521325621615,727.8670686364142,0.38095238095238093,322.19064540790333,142.60460903031634,0.14285714285714285,-0.19047619047619047,2.4861080997257843,0.5,0.9765868876036025,0.9977011810926478
1383,test,1,0,1,60.0,234.61544628220327,0.0,0.0,0.0,0.0,0.0,0.0,0.5,1,1
1383,test,1,2,1,120.0,12.464961635689633,0.0,0.0,0.0,0.0,0.0,0.0,0.5,1,1
1384,validation,0,1,1,-122.03146252824467,75.84710620065209,0.5,-74.25858458535384,0.0,-0.16666666666666666,0.0,0.0,0.5,1.016928854402039,0.9982416037801811
1384,validation,0,2,1,-427.11011884885636,-1089.5582684312546,0.0,-159.23665383049365,0.0,-0.3333333333333333,0.0,0.0,0.5,1.016928854402039,0.9982416037801811
1385,train,0,1,0,-60.0,-535.048010842741,0.0,0.0,0.0,0.0,0.0,0.0,0.5,1,1
1385,train,2,1,0,-180.0,1117.66328714081,0.0,0.0,0.0,0.0,0.0,0.0,0.5,1,1
1386,train,2,0,1,-288.4891755367573,-46.24133356446896,0.0,-30.424749568169005,12.767711770232038,0.23809523809523808,-0.14285714285714285,-2.4179335922929397,0.5,0.9616305851225242,0.9955424144704091
1386,train,1,2,0,57.69783510735145,669.5496325600028,0.0,36.51768089365562,13.762310060655393,0.23809523809523808,0.42857142857142855,33.31404287897549,0.5,0.9616305851225242,0.9955424144704091
1387,train,2,0,1,60.0,-243.5282909141015,0.0,-513.8493896890994,-24.75118721039948,0.0,0.10000000000000009,0.8021945442403862,0.5,1,1
1387,train,1,2,0,0.0,403.85430404462613,0.0,154.99866681815843,35.47356946126945,0.0,0.0,19.978814843912062,0.5,1,1
1388,train,0,2,0,-59.813465734963785,150.9238124974727,1.0,0.0,0.0,0.0,0.0,0.0,0.5,0.9968910955827297,1.0051577071433853
1388,train,1,2,0,-59.813465734963785,150.7536629141557,1.0,0.0,0.0,0.0,0.0,0.0,0.5,0.9968910955827297,1.0051577071433853
1389,test,1,0,1,588.6554463120053,-1427.8180167226653,0.0,150.56069620542416,-994.2421746326805,0.0,-1.666666666666667,0.0,0.5,0.981092410520009,0.9982416037801811
1389,test,1,2,1,588.6554463120053,1079.1190903594245,0.0,-126.60341841516669,-657.7665706247002,0.0,-1.0,0.0,0.5,0.981092410520009,0.9982416037801811
1390,train,1,0,0,179.44039720489135,278.2509943322928,2.0,0.0,0.0,0.0,0.0,0.0,0.5,0.9968910955827297,1.00502163779346
1390,train,2,0,0,59.813465734963785,-140.48881001193854,2.0,0.0,0.0,0.0,0.0,0.0,0.5,0.9968910955827297,1.00502163779346
1391,train,1,0,0,60.0,131.00602135285953,0.0,0.0,0.0,0.0,0.0,0.0,0.5,1,1
1391,train,2,0,0,-120.0,-261.3964451122815,0.0,0.0,0.0,0.0,0.0,0.0,0.5,1,1
1392,train,0,1,1,-300.0,-1422.226468533323,0.0,0.0,0.0,0.0,0.0,0.0,0.5,1,1
1392,train,0,2,1,300.0,-419.9219071571488,0.0,0.0,0.0,0.0,0.0,0.0,0.5,1,1
1393,train,0,2,0,120.0,1405.291742881645,0.0,0.0,0.0,0.0,0.0,0.0,0.5,1,1
1393,train,2,1,1,-60.0,-1041.7926422777268,0.0,0.0,0.0,0.0,0.0,0.0,0.5,1,1
1394,train,1,0,1,-821.2219223408875,-1700.6791680598458,-0.4,-599.6165300292689,-19.05813780668916,0.0,-0.7999999999999998,0.0,0.5,0.9776451456439137,0.997836259329798
1394,train,1,2,1,-351.9522524318089,657.1370963618691,-0.4,-86.63814185027928,-330.7467527393651,-0.13333333333333333,0.8,0.0,0.5,0.9776451456439137,0.997836259329798
1395,test,0,1,1,-960.0,-2365.2017532461177,-0.2,-790.4238429116282,0.0,0.0,-0.19999999999999996,-141.8128108577596,0.5,1,1
1395,test,0,2,1,-240.0,-1396.0506268937106,-0.4000000000000001,-300.01873752046833,0.0,0.0,0.10000000000000003,36.455818690044275,0.5,1,1
1396,validation,1,0,0,546.9158156052123,397.188636580316,0.0,-19.098079495897736,9.024439595826546,0.5999999999999999,1.2000000000000002,0.0,0.5,1.0128070659355783,1.0043415672919243
1396,validation,2,0,0,60.7684239561347,-800.7670960550263,0.0,-39.197987376587236,103.70064927033381,1.2,1.6,0.0,0.5,1.0128070659355783,1.0043415672919243
1397,test,2,0,1,122.13062673984847,-309.1408218717786,0.0,0.0,-518.5939793066568,0.0,0.0,0.0,0.5,1.0177552228320705,0.9993233275026507
1397,test,2,1,1,244.26125347969693,-83.53047302978854,0.0,0.0,-477.61175037468763,0.0,0.0,0.0,0.5,1.0177552228320705,0.9993233275026507
1398,validation,0,1,0,-59.065113051230284,-178.88859325634118,0.0,0.0,-23.077358022509515,0.0,0.0,81.1119962073506,0.5,0.9844185508538381,1.001625884022936
1398,validation,2,1,0,0.0,-17.055488084301388,0.0,0.0,-95.38249099572893,0.0,0.0,6.044662298965918,0.5,0.9844185508538381,1.001625884022936
1399,train,1,0,1,242.08847610969576,1671.3173465653558,0.09523809523809523,-120.3776307015932,3.82150462911477,0.0,-0.2857142857142857,42.48443790911687,0.5,1.008701983790399,1.003254411544728
1399,train,2,1,0,-181.56635708227182,-190.05342108048032,0.0,106.63960998833102,8.408238391283277,0.0,0.2857142857142857,71.48713663145935,0.5,1.008701983790399,1.003254411544728
1400,train,1,0,0,782.7503502833673,1191.387249203666,0.0,215.75442006183118,-174.58712190290916,0.42857142857142855,0.0,31.500256431915957,0.5,1.0035260901068812,1.003797842238849
1400,train,0,2,1,-602.1156540641288,-2704.917333736171,-0.047619047619047616,186.1999782218765,185.44324559694263,-0.2857142857142857,-0.7142857142857144,57.893338473525674,0.5,1.0035260901068812,1.003797842238849
1401,train,0,2,0,242.48208389513943,602.5104788332417,0.0,-101.15352157456923,125.3560332512304,0.13333333333333333,-1.0,-92.3897395141444,0.5,1.0103420162297476,0.9968910955827297
1401,train,2,1,1,121.24104194756971,-358.03780740123415,0.0,122.06854763312381,-63.50264077967767,0.0,-1.3333333333333333,25.218459206493264,0.5,1.0103420162297476,0.9968910955827297
1402,validation,0,1,1,0.0,29.629540667604168,-0.23809523809523808,-3.447003760173729,-88.71348354510455,0.0,-0.19047619047619047,-6.962588439739335,0.5,0.9870875803097247,0.9975661211411934
1402,validation,0,2,1,-355.35152891150085,-428.0929869131966,-0.47619047619047616,16.59981080990349,-85.65017171072371,0.0,0.09523809523809523,-11.486756515710894,0.5,0.9870875803097247,0.9975661211411934
1403,train,0,2,0,60.0,-1408.9436961979727,0.0,0.0,0.0,0.0,0.0,0.0,0.5,1,1
1403,train,1,2,0,240.0,-982.4723914850392,0.0,0.0,0.0,0.0,0.0,0.0,0.5,1,1
1404,validation,0,1,0,59.95128287756274,-1039.7522636964463,0.0,292.91361454970377,0.0,0.0,0.0,-13.172700349183303,0.5,0.999188047959379,1.002032767907594
1404,validation,2,1,0,0.0,-1015.0714526984789,0.0,-221.04210804545804,0.0,0.0,0.0,176.72955422044808,0.5,0.999188047959379,1.002032767907594
1405,train,0,1,1,-243.86475766644986,-457.6307376415031,0.0,0.0,0.0,0.0,-0.5,-47.3348641150501,0.5,1.016103156943541,1.0089751375402791
1405,train,2,0,0,60.966189416612465,137.93853363211704,0.0,0.0,0.0,0.3333333333333333,0.5,0.0,0.5,1.016103156943541,1.0089751375402791
1406,train,2,0,1,-175.80943929378307,-96.05720636695939,-0.38095238095238093,-47.928116428023635,18.644438735368468,-0.23809523809523808,-0.5714285714285714,-2.8986466191581286,0.5,0.9767191071876837,0.9977011810926478
1406,train,2,1,1,-58.603146431261024,249.8737516250484,-0.38095238095238093,-16.022351262809913,-262.78938560522556,0.0,-0.5714285714285714,0.0,0.5,0.9767191071876837,0.9977011810926478
1407,train,0,1,1,-121.93237883322493,-366.57936270196564,-0.3333333333333333,143.71222099159536,0.0,0.0,-1.0,0.0,0.5,1.016103156943541,0.9977011810926478
1407,train,0,2,1,-426.7633259162872,-967.7228245473206,-0.5,-456.0752855688015,0.0,0.0,-0.5,0.0,0.5,1.016103156943541,0.9977011810926478
1408,train,1,0,0,361.66087449104134,425.27449692907527,-0.2,153.23506379265592,-5.026051870410797,0.26666666666666666,0.0,45.53218074276285,0.5,1.0046135402528926,0.9979713558551195
1408,train,0,2,1,-60.27681241517356,-1273.380320085024,0.2,-131.3942510844997,-80.24526305186912,0.0,0.0,-9.694934655421076,0.5,1.0046135402528926,0.9979713558551195
1409,train,0,1,1,245.3881626048476,323.54929147479595,0.0,0.0,0.0,-1.0,0.33333333333333337,0.0,0.5,1.0224506775201982,0.999188047959379
1409,train,2,0,0,306.7352032560595,-1.6953514580636915,-0.3333333333333333,0.0,0.0,0.0,0.16666666666666652,0.0,0.5,1.0224506775201982,0.999188047959379
1410,train,1,0,0,-236.8048236107898,-1279.3013609879245,0.0,-423.81648515901423,397.3973163750803,0.0,-0.6666666666666667,30.001225549825847,0.5,0.9866867650449576,0.9966212132726022
1410,train,0,2,1,-355.20723541618474,667.1230726439754,-0.7999999999999999,373.6565444120494,-67.07654181943536,0.0,0.0,19.56634960074149,0.5,0.9866867650449576,0.9966212132726022
1411,train,1,0,0,-62.28430870798431,-494.4594775379708,0.0,0.0,30.219217269329306,0.0,0.0,-85.69694105841936,0.5,1.0380718117997385,0.9985119248876447
1411,train,2,0,0,62.28430870798431,184.18440203714516,0.0,0.0,63.24928610033635,0.3333333333333333,0.0,-17.52209886759681,0.5,1.0380718117997385,0.9985119248876447
1412,test,0,1,1,181.51720271816131,384.98710703382767,0.0,0.0,-193.25854643696323,0.0,0.0,20.59165596257695,0.5,1.0084289039897851,1.0013547198921082
1412,test,2,0,0,363.03440543632263,367.2853947898223,0.0,0.0,208.583568118696,0.0,-0.6666666666666666,-79.44825791499267,0.5,1.0084289039897851,1.0013547198921082
1413,train,2,0,1,-60.0,-806.6608191500372,0.0,-1164.9826825875978,-367.41157991522755,0.0,0.0,0.0,0.5,1,1
1413,train,1,2,0,360.0,-55.26329590935984,0.0,-190.29185947914198,20.439887338064153,0.0,0.0,0.0,0.5,1,1
1414,train,0,1,1,-240.0,2130.8062373927733,0.0,-584.2554259267798,0.0,0.6666666666666666,0.0,0.0,0.5,1,1
1414,train,0,2,1,420.0,1603.994812579289,-0.33333333333333337,-222.93167523686407,0.0,0.0,0.0,0.0,0.5,1,1
1415,train,0,1,1,240.0,-1205.0107402976525,0.0,0.0,0.0,-0.3333333333333333,0.0,-223.64511265383905,0.5,1,0.9986471128909702
1415,train,0,2,1,360.0,-408.46939951423434,0.0,0.0,0.0,0.0,0.0,-292.50588560379504,0.5,1,0.9986471128909702
1416,train,0,2,0,0.0,-555.9007829750238,0.5714285714285714,143.94613620798992,8.311698490476843,0.0,0.09523809523809523,-6.007756033402043,0.5,1.001625884022936,0.9955424144704091
1416,train,1,2,0,0.0,-53.26561420085595,0.0,129.38688582897748,202.6243493379711,0.19047619047619047,-0.09523809523809523,-6.007756033402043,0.5,1.001625884022936,0.9955424144704091
1417,train,1,0,0,0.0,-120.22305636863214,-0.16666666666666666,38.683167189710616,0.0,0.0,0.0,147.69391039641178,0.5,0.9940609725801418,0.997836259329798
1417,train,0,2,1,238.57463341923403,32.49529336838487,0.0,-298.0425550394374,0.0,0.0,0.0,48.04800555441389,0.5,0.9940609725801418,0.997836259329798
1418,train,1,0,0,120.53730534809553,342.4678020964774,0.06666666666666667,156.24250372247,-90.95148623133747,0.0,-0.2,0.0,0.5,1.0044775445674627,1.0009481113345846
1418,train,0,2,1,-60.268652674047765,-477.41963899355824,-0.06666666666666667,-0.11194080573750398,26.64980722980883,-0.13333333333333333,0.2,0.0,0.5,1.0044775445674627,1.0009481113345846
1419,validation,2,0,1,-303.1026048689243,-366.9290064500264,-0.06666666666666667,-54.43603306409496,-147.88089490454072,0.0,-0.3333333333333333,-27.20755554725058,0.5,1.0103420162297476,1.003797842238849
1419,validation,1,2,0,303.1026048689243,1796.0904839884083,0.2,170.340898681383,51.94833812871889,0.0,1.0,-5.567389312036688,0.5,1.0103420162297476,1.003797842238849
1420,train,1,0,0,-537.0109830471555,46.97131489730943,0.0,-84.73981003095591,0.0,0.0,1.3333333333333335,188.45043839335972,0.5,0.9944647834206582,0.997836259329798
1420,train,0,2,1,477.34309604191594,377.62710468459574,0.0,163.0940652476135,0.0,0.0,-1.0,-107.52971699950464,0.5,0.9944647834206582,0.997836259329798
1421,test,0,2,0,-480.0,703.8968368323958,0.0,366.7878747998881,0.0,0.0,0.3333333333333335,0.0,0.5,1,1
1421,test,2,1,1,540.0,-1183.5377154218695,-0.16666666666666666,18.241799956261616,0.0,0.0,-1.6666666666666665,0.0,0.5,1,1
1422,validation,0,1,0,0.0,-22.455753923374537,0.0,0.0,385.77829535949706,0.6666666666666666,0.0,0.0,0.5,0.9798977531260716,1.0024398170780122
1422,validation,1,2,1,-117.5877303751286,671.4647371696457,-0.5,0.0,-87.62273066665364,-0.16666666666666666,0.0,0.0,0.5,0.9798977531260716,1.0024398170780122
1423,train,0,1,0,-59.113110061572236,1065.4361838204072,1.2000000000000002,-140.48455258664075,0.0,-0.3,0.0,38.74952013902504,0.5,0.9852185010262039,0.9968910955827297
1423,train,2,1,0,0.0,18.654341901926276,0.4,-109.06041087989811,0.0,-0.6,0.0,20.672030150659168,0.5,0.9852185010262039,0.9968910955827297
1424,test,1,0,0,608.5074814888013,835.109841953971,0.0,-21.050912305840725,-57.622630110482106,0.0,0.0,37.69912253475947,0.5,1.0141791358146688,0.9997292760349417
1424,test,0,2,1,-121.70149629776026,-589.6672821319138,-0.26666666666666666,25.80665719541686,-305.1223815401938,0.0,0.2666666666666667,9.747702791873508,0.5,1.0141791358146688,0.9997292760349417
1425,train,2,0,1,60.0,351.4712846014554,0.0,-46.85961203514398,22.676802866216086,0.0,0.0,0.0,0.5,1,1
1425,train,2,1,1,-60.0,17.61893337347101,0.0,-146.68524178111358,-11.457198934760314,0.0,0.0,0.0,0.5,1,1
1426,train,0,1,1,-118.70736158327705,-1203.3305220026775,0.0,-342.79197501597,-21.442754627690363,-0.3333333333333333,-0.19999999999999996,0.6134542527872178,0.5,0.9892280131939755,0.9979713558551195
1426,train,0,2,1,-178.0610423749156,175.524508963369,0.0,-98.36377244771876,46.831889501824065,-0.6666666666666666,0.4,17.37009680304423,0.5,0.9892280131939755,0.9979713558551195
1427,train,0,2,0,900.0,114.25538193780676,0.0,0.0,0.0,0.0,0.33333333333333304,-61.89065670843195,0.5,1,0.9986471128909702
1427,train,2,1,1,60.0,-772.1623801237256,0.0,0.0,0.0,0.0,0.0,-293.23379208139704,0.5,1,0.9986471128909702
1428,train,1,0,1,-120.55362483034715,-951.8091621218889,-0.13333333333333333,-25.40396623476522,-2.7764716433875734,0.2,0.0,-79.53607597339797,0.5,1.0046135402528928,1.003933745899739
1428,train,2,1,0,241.1072496606943,458.3949943025205,0.0,23.434845951131962,41.88738278705851,0.2,0.0,95.20931267543862,0.5,1.0046135402528928,1.003933745899739
1429,train,0,1,1,-654.2176635406429,-1871.4548560747983,0.0,-764.4558077199897,0.0,-0.4,0.0,-9.47698851544179,0.5,0.9912388841524892,1.003797842238849
1429,train,2,0,0,416.3203313440454,954.1662517759108,0.0,-94.81294225820238,0.0,0.8000000000000002,0.20000000000000007,304.48093937640783,0.5,0.9912388841524892,1.003797842238849
1430,validation,1,0,1,-360.0,-885.3988162623523,0.0,0.0,0.0,0.0,0.0,0.0,0.5,1,1
1430,validation,1,2,1,-180.0,351.95351655454215,0.0,0.0,0.0,0.0,0.0,0.0,0.5,1,1
1431,test,1,0,1,300.0,-377.3572232146098,0.0,0.0,0.0,0.0,0.0,0.0,0.5,1,1
1431,test,2,1,0,240.0,1752.5191849006205,0.0,0.0,0.0,0.0,0.0,0.0,0.5,1,1
1432,validation,0,2,0,0.0,-857.3563994734754,0.0,0.0,0.0,0.0,0.0,0.0,0.5,1,1
1432,validation,2,1,1,120.0,360.47058747724805,0.0,0.0,0.0,0.0,0.0,0.0,0.5,1,1
1433,validation,1,0,0,0.0,108.19165060941596,-0.1,0.0,-148.33403753316992,-0.2,0.0,28.742364396536388,0.5,1.0152781299117792,1.0031185998461076
1433,validation,0,2,1,0.0,0.0,0.1,0.0,60.37842672131265,0.0,0.0,26.678035552895842,0.5,1.0152781299117792,1.0031185998461076
1434,test,1,0,1,189.70768940367074,932.1585369745978,0.16666666666666666,0.0,0.0,0.0,0.0,-257.53039255696865,0.5,1.0539316077981709,1.002032767907594
1434,test,1,2,1,-252.943585871561,-456.4354898194577,-0.16666666666666669,0.0,0.0,0.6666666666666666,0.0,-140.5083188462096,0.5,1.0539316077981709,1.002032767907594
1435,train,0,1,1,-347.69000484641026,-635.468025528952,0.3,0.0,0.0,0.2,0.0,-164.85668879436247,0.5,0.9658055690178062,0.9997292760349417
1435,train,0,2,1,-231.7933365642735,-489.23439433514295,0.3,0.0,0.0,0.2,-0.10000000000000003,-93.32158859093097,0.5,0.9658055690178062,0.9997292760349417
1436,train,2,0,1,0.0,-45.084912709857235,0.0,0.0,0.0,0.0,0.0,0.0,0.5,1,1
1436,train,1,2,0,360.0,649.7558445629074,0.0,0.0,0.0,0.0,0.0,0.0,0.5,1,1
1437,test,0,1,1,-298.46062748957775,-989.7090153626245,-0.16666666666666666,0.0,0.0,-0.6666666666666666,0.0,-145.5983225111511,0.5,0.9948687582985924,0.9979713558551195
1437,test,0,2,1,-59.69212549791555,-1499.4373716846044,-0.3333333333333333,0.0,0.0,-0.3333333333333333,0.0,-159.11853736613406,0.5,0.9948687582985924,0.9979713558551195
1438,train,0,1,1,-60.0,776.933095665574,0.0,0.0,0.0,0.0,0.0,0.0,0.5,1,1
1438,train,2,0,0,120.0,705.1507143266876,0.0,0.0,0.0,0.0,0.0,0.0,0.5,1,1
1439,train,1,0,1,192.73648760804357,547.2671441780467,0.0,0.0,0.0,0.0,0.0,-204.9060224625817,0.5,1.070758264489131,1.003797842238849
1439,train,1,2,1,0.0,-853.2370947508728,0.0,0.0,0.0,0.0,0.0,95.73527878151526,0.5,1.070758264489131,1.003797842238849
1440,train,0,1,1,0.0,157.6011933482304,0.6666666666666666,-375.8761698145714,0.0,0.0,0.0,0.0,0.5,1.0210674171789624,0.999052786729054
1440,train,2,0,0,-61.26404503073775,805.8248620237207,0.0,265.85224029218216,0.0,0.0,0.0,0.0,0.5,1.0210674171789624,0.999052786729054
1441,validation,0,1,1,-178.51964515583649,-481.64061795075844,-1.9999999999999998,0.0,0.0,0.0,0.0,46.368968874351026,0.5,0.9917758064213138,1.003797842238849
1441,validation,2,0,0,297.5327419263941,-242.15749606077114,0.0,0.0,0.0,0.0,0.0,-10.077228712526704,0.5,0.9917758064213138,1.003797842238849
1442,train,1,0,0,-120.89684480989445,-607.5835626952429,0.0,94.77986298382422,-95.69969402864832,0.0,0.5999999999999999,0.0,0.5,1.0074737067491204,1.0023041156519776
1442,train,0,2,1,-181.34526721484167,-70.12699815444854,-0.8,-36.109170975981534,43.01040384203493,0.0,-0.5999999999999999,0.0,0.5,1.0074737067491204,1.0023041156519776
1443,test,0,1,0,-180.0,-397.84914529371554,0.0,-370.90572373735324,172.43575644193504,0.0,0.0,12.374553455286705,0.5,1,1
1443,test,2,1,0,-180.0,-420.8934875818377,0.0,16.430321237710018,125.17798376902375,0.0,0.29999999999999993,3.7062541187225726,0.5,1,1
1444,train,0,1,1,406.02292929441467,943.5557584499943,0.0,0.0,-7.869025973130547,0.0,0.6666666666666666,-106.99752634560058,0.5,0.9667212602247968,0.9966212132726022
1444,train,0,2,1,348.0196536809268,1141.1494998609269,0.0,0.0,-7.047271445844274,0.0,-0.6666666666666667,-112.1553691172505,0.5,0.9667212602247968,0.9966212132726022
1445,train,0,1,0,-241.1072496606943,-1187.6153325605158,0.0,-212.13970254602816,31.858635492809114,0.2,-0.8,18.676598138404486,0.5,1.0046135402528928,0.9979713558551195
1445,train,1,2,1,361.6608744910414,1236.81097063794,0.0,228.07456711614225,-226.6328691055756,0.0,0.0,3.2891191227439833,0.5,1.0046135402528928,0.9979713558551195
1446,train,0,1,0,0.0,904.2044079185962,0.0,0.0,0.0,0.0,0.0,0.0,0.5,1,1
1446,train,2,1,0,-120.0,732.1149801673155,0.0,0.0,0.0,0.0,0.0,0.0,0.5,1,1
1447,train,1,0,1,120.0,370.7849801944508,0.0,86.6175279563331,0.0,0.0,0.0,0.0,0.5,1,1
1447,train,2,1,0,-120.0,-246.9276702107477,0.0,769.5196478294056,0.0,0.0,0.0,0.0,0.5,1,1
1448,train,2,0,1,-176.95561386356968,-308.9132140326863,-0.6000000000000001,24.074917482549438,0.0,0.13333333333333333,-0.3333333333333333,8.60087446605331,0.5,0.9830867436864982,1.0002707972763707
1448,train,1,2,0,58.985204621189894,124.2284657231372,0.0,-26.833006690055782,0.0,0.0,1.6666666666666665,1.3454472439482377,0.5,0.9830867436864982,1.0002707972763707
1449,validation,2,0,1,0.0,-404.77228088704805,0.2,30.354372618217276,-1.034247029462776,0.0,0.0,-1.946000072651291,0.5,1.0046135402528928,0.9979713558551195
1449,validation,2,1,1,-663.0449365669093,-1105.7395804009489,0.0,-47.75216308923444,-99.52227314223299,-0.26666666666666666,0.0,14.939133175031326,0.5,1.0046135402528928,0.9979713558551195
1450,train,0,1,0,125.99329029608249,1054.2411369338604,-0.2,-185.14877297759773,0.0,1.2000000000000002,-0.2999999999999998,0.0,0.5,1.0499440858006874,0.9993233275026507
1450,train,1,2,1,-566.9698063323713,-2240.0866707196124,0.2,30.481915166580677,0.0,0.0,0.2999999999999998,0.0,0.5,1.0499440858006874,0.9993233275026507
1451,train,0,2,0,183.6677680091672,662.2713257316353,0.0,0.0,0.0,0.0,-0.6666666666666665,21.94779838591988,0.5,1.0203764889398177,0.9987823191973281
1451,train,2,1,1,-61.22258933638906,-238.13770494189592,0.0,0.0,0.0,0.0,-0.6666666666666665,86.42479027383993,0.5,1.0203764889398177,0.9987823191973281
1452,validation,0,1,0,548.9185977911206,1583.5122044041623,0.0,-185.3083088595313,0.0,0.0,0.0,0.0,0.5,1.0165159218354085,0.9982416037801811
1452,validation,1,2,1,-548.9185977911206,-1759.8297358894768,-2.0,-139.84044038624916,0.0,-0.3333333333333333,0.0,0.0,0.5,1.0165159218354085,0.9982416037801811
1453,train,2,0,1,173.07007345601176,-378.3667311942337,0.19047619047619047,-86.96339028241374,-0.514019290629907,-0.23809523809523808,-0.09523809523809523,-0.542944121565716,0.5,0.9615004080889542,0.9955424144704091
1453,train,2,1,1,288.4501224266863,125.97159925918254,0.19047619047619047,1.7514906206440486,1.1892404674684975,-0.23809523809523808,0.0,4.067889557861659,0.5,0.9615004080889542,0.9955424144704091
1454,train,1,0,0,172.78913835662087,626.341804342186,0.09523809523809523,-1.2311647314784153,-107.64581864544671,0.0,0.2857142857142857,-52.88517410352541,0.5,0.9599396575367826,0.9983767551848742
1454,train,0,2,1,57.59637945220695,-59.0822587638329,0.09523809523809523,39.311974437135575,48.94290845267632,0.0,-0.42857142857142855,9.514709467860413,0.5,0.9599396575367826,0.9983767551848742
1455,train,1,0,1,-119.04532519301556,-667.7029522028389,0.0,0.0,-89.39663795576122,0.0,0.0,0.0,0.5,0.992044376608463,0.9987823191973281
1455,train,2,1,0,178.56798778952333,696.8762594320415,0.0,0.0,260.989401507604,0.0,1.333333333333333,0.0,0.5,0.992044376608463,0.9987823191973281
1456,validation,1,0,0,-300.0,-819.1726826405147,0.0,1051.7596651310128,0.0,0.0,0.0,0.0,0.5,1,1
1456,validation,0,2,1,-480.0,-1297.0636287978868,0.0,-805.2301674860528,0.0,0.0,0.0,0.0,0.5,1,1
1457,train,0,1,0,120.0,583.9255659121,-0.1,-116.6784949594317,53.75311637639602,0.0,0.6000000000000001,0.0,0.5,1,1
1457,train,1,2,1,-60.0,-1388.216825186093,-0.1,182.90643723433902,-79.89236441123525,0.0,0.0,0.0,0.5,1,1
1458,train,0,1,0,300.0,12.44336039718928,0.0,0.0,0.0,0.0,0.0,0.0,0.5,1,1
1458,train,2,1,0,480.0,-406.6497206261729,0.0,0.0,0.0,0.0,0.0,0.0,0.5,1,1
1459,validation,0,1,1,121.02785215772221,838.9520602525168,0.19047619047619047,-7.623693042415823,-141.3894728234526,0.19047619047619047,-0.5714285714285714,42.876770600650865,0.5,1.008565434647685,0.9968910955827297
1459,validation,2,0,0,-60.513926078861104,-565.5299569766246,-0.19047619047619047,-35.20465029189266,163.9956714751931,-0.19047619047619047,1.1428571428571428,-27.56263329644443,0.5,1.008565434647685,0.9968910955827297
1460,train,1,0,1,-289.38885783518987,556.508576402725,-0.16666666666666666,0.0,-114.75707124869929,0.0,0.0,83.06393642468123,0.5,0.9646295261172996,0.9963514040260837
1460,train,1,2,1,0.0,-197.6164875401246,-0.5,0.0,-260.8635728094585,0.0,0.0,-73.2121599804565,0.5,0.9646295261172996,0.9963514040260837
1461,test,0,2,0,660.0,3806.861103562027,0.0,0.0,0.0,0.0,0.0,0.0,0.5,1,1
1461,test,1,2,0,120.0,631.8974567272562,0.0,0.0,0.0,0.0,0.0,0.0,0.5,1,1
1462,train,0,1,1,607.9310951268651,-239.08716571585856,-2.6666666666666665,0.0,122.85100394956805,0.0,0.0,0.0,0.5,1.0132184918781084,1.003661956975393
1462,train,2,0,0,-425.55176658880555,1457.7308593735358,1.3333333333333335,0.0,159.39769838779637,0.0,0.0,0.0,0.5,1.0132184918781084,1.003661956975393
1463,train,0,1,0,240.0,1232.890021987274,0.0,-202.57885626954487,0.0,0.0,0.6666666666666665,0.0,0.5,1,1
1463,train,1,2,1,300.0,-335.8580716735478,0.0,137.85114181547817,0.0,0.0,0.33333333333333326,0.0,0.5,1,1
1464,train,1,0,1,420.0,1092.6074434248212,0.0,0.0,0.0,0.0,0.0,0.0,0.5,1,1
1464,train,1,2,1,-480.0,-714.4806242956947,0.0,0.0,0.0,0.0,0.0,0.0,0.5,1,1
1465,train,0,1,0,-60.0,810.1111360482769,0.0,344.5034833834422,173.3118950589074,-0.13333333333333333,0.0,30.514310890926538,0.5,1,1
1465,train,1,2,1,240.0,44.83436049499005,-0.26666666666666666,-129.60039958035833,-47.83344478439169,0.06666666666666667,0.0,0.7068734491877038,0.5,1,1
1466,train,0,1,0,181.86156292135456,1090.3938227636688,0.2,78.88503227381403,114.20101389346605,0.0,1.6666666666666667,36.32639715558463,0.5,1.0103420162297476,1.0035260901068812
1466,train,1,2,1,0.0,149.70434293050923,0.0,-645.3823861732826,-79.91458024120034,0.0,1.0,-17.434599608652803,0.5,1.0103420162297476,1.0035260901068812
1467,validation,0,1,1,120.0,1088.4548141468208,0.0,-430.4186893336032,0.0,0.3333333333333333,0.0,0.0,0.5,1,1
1467,validation,2,0,0,-240.0,-41.17529064144264,0.0,754.4968005235039,0.0,0.3333333333333333,0.0,0.0,0.5,1,1
1468,train,0,1,0,-423.71219159658034,-574.1841796884698,0.0,0.0,0.0,0.0,0.0,263.0073372005922,0.5,1.0088385514204294,0.9997292760349417
1468,train,1,2,1,544.7728177670319,447.90937831824954,0.0,0.0,0.0,0.0,0.0,-311.12929129604845,0.5,1.0088385514204294,0.9997292760349417
1469,train,0,1,1,303.1026048689243,169.5823383805935,-0.13333333333333336,-153.07220740255386,-198.9467681725564,0.0,-0.6666666666666665,0.0,0.5,1.0103420162297476,1.0009481113345846
1469,train,2,0,0,-303.1026048689243,-654.9625041924728,0.06666666666666667,33.06369952846816,2.2081707554072096,0.2666666666666667,1.333333333333333,0.0,0.5,1.0103420162297476,1.0009481113345846
1470,train,0,2,0,-60.0,891.7819987179055,0.0,0.0,0.0,0.0,0.0,0.0,0.5,1,1
1470,train,1,2,0,0.0,1551.4953241299072,0.0,0.0,0.0,0.0,0.0,0.0,0.5,1,1
1471,validation,0,1,0,59.2092211227674,-609.8038517341771,0.23809523809523808,-298.9369796381114,-29.67944608262195,0.2857142857142857,-0.28571428571428564,-18.662865686350422,0.5,0.9868203520461234,0.9975661211411933
1471,validation,1,2,1,-355.25532673660445,-390.2023521678701,-0.4761904761904761,-174.7985108060223,83.3106807416743,0.0,-0.2857142857142858,20.457652327226654,0.5,0.9868203520461234,0.9975661211411933
1472,train,1,0,1,-542.5647593493818,-2498.879002841783,0.0,0.0,-190.70831551040203,-0.6000000000000001,0.1333333333333333,12.088247907348034,0.5,1.004749554350707,0.9979713558551195
1472,train,1,2,1,-482.2797860883394,-129.91482646482464,0.06666666666666667,0.0,209.65439691563807,-0.6000000000000001,-0.1333333333333333,-50.90800093942416,0.5,1.004749554350707,0.9979713558551195
1473,train,1,0,1,-240.0,-935.8242351392737,0.0,0.0,0.0,0.0,0.0,0.0,0.5,1,1
1473,train,1,2,1,-120.0,-1733.9994317730889,0.0,0.0,0.0,0.0,0.0,0.0,0.5,1,1
1474,train,0,1,0,240.0,691.3205861645952,0.26666666666666666,48.83326213612031,-23.614292886196726,0.0,0.0,13.594402155461978,0.5,1,1
1474,train,2,1,0,180.0,909.2603522087616,0.13333333333333333,291.4838611463238,-31.75591772846462,0.0,0.4,57.03058614868115,0.5,1,1
1475,train,1,0,0,436.1672703668909,1110.8031835361448,0.0,0.0,0.0,0.0,0.0,493.23272126931073,0.5,1.0384935008735496,1.0027112750502025
1475,train,0,2,1,-436.1672703668909,-394.389221422255,0.0,0.0,0.0,0.0,0.0,13.052027310516678,0.5,1.0384935008735496,1.0027112750502025
1476,train,0,2,0,-176.59663389360162,-639.0354331460204,0.0,186.4500830943992,-101.12442188942279,0.0,-0.3333333333333333,0.0,0.5,0.981092410520009,0.9982416037801811
1476,train,2,1,1,176.59663389360162,-11.228108506600655,0.0,-250.37646317483916,-245.86106005647315,0.0,-0.33333333333333337,0.0,0.5,0.981092410520009,0.9982416037801811
1477,train,0,1,0,183.54348508190589,1048.6958022293313,0.5999999999999999,279.05160964032507,67.44633441589323,-0.4,0.0,0.0,0.5,1.0196860282328104,0.999188047959379
1477,train,1,2,1,-489.449293551749,-1873.8417379027837,-0.5999999999999999,-65.09388752024509,24.9561336952804,0.8,0.0,0.0,0.5,1.0196860282328104,0.999188047959379
1478,train,2,0,1,366.98759092372774,-754.6489361179486,0.0,0.0,-32.29591463645007,-0.8,-0.9000000000000001,0.0,0.5,1.0194099747881327,0.9986471128909702
1478,train,2,1,1,183.49379546186387,-206.3873431856161,-0.2,0.0,1.4449228313913807,-0.4,0.0,0.0,0.5,1.0194099747881327,0.9986471128909702
1479,validation,0,1,0,120.0,350.67625250742867,0.0,0.0,0.0,0.0,0.0,0.0,0.5,1,1
1479,validation,2,1,0,120.0,434.6167657883675,0.0,0.0,0.0,0.0,0.0,0.0,0.5,1,1
1480,validation,0,1,0,248.3290698401579,387.41679330376365,0.0,6.899715386086388,43.80085136827712,0.0,-0.38095238095238093,29.828191494909102,0.5,1.0347044576673246,0.9960816678233944
1480,validation,1,2,1,-248.3290698401579,-837.54798246497,0.0,-70.11372314273599,-16.481793479431467,-0.14285714285714285,0.9523809523809523,19.15862503058652,0.5,1.0347044576673246,0.9960816678233944
1481,train,2,0,1,-426.9944899039651,726.5194107642802,-1.0,-104.48628109900062,0.0,0.0,0.0,-29.669498503932672,0.5,1.016653547390393,1.0033902416308227
1481,train,1,2,0,243.99685137369434,-585.0792711290168,0.5,510.6391706754699,0.0,0.0,0.0,47.0751946768339,0.5,1.016653547390393,1.0033902416308227
1482,train,0,2,0,180.0,-679.1699844868226,0.0,0.0,0.0,0.0,0.0,0.0,0.5,1,1
1482,train,1,2,0,240.0,-752.0626746105472,0.0,0.0,0.0,0.0,0.0,0.0,0.5,1,1
1483,test,0,2,0,-237.54332309725996,-509.1869792182905,0.0,0.0,662.1203566571379,0.0,0.0,0.0,0.5,0.9897638462385832,1.0021684325960005
1483,test,1,2,0,356.3149846458899,-6.00306994103278,0.0,0.0,568.1376023769275,0.0,0.0,0.0,0.5,0.9897638462385832,1.0021684325960005
1484,train,0,1,0,-294.40742630179375,-572.7805348799438,0.38095238095238093,251.81545237037164,4.161390352700771,0.0,0.8571428571428571,-37.79387156020741,0.5,0.9813580876726458,1.0029828065324724
1484,train,1,2,1,58.881485260358744,219.11877911126842,-0.19047619047619047,-133.495121727457,-24.582238779555333,0.047619047619047616,-1.4285714285714284,86.09140289781855,0.5,0.9813580876726458,1.0029828065324724
1485,test,0,2,0,-120.0,423.7449643572663,0.0,18.089884705371105,0.0,0.0,-0.3333333333333333,0.0,0.5,1,1
1485,test,2,1,1,0.0,-1202.9849571160316,0.0,592.8589975832057,0.0,0.0,0.0,0.0,0.5,1,1
1486,train,1,0,1,-59.113110061572236,-609.5932904389764,-0.3,-123.06442146156002,-86.36258990023572,0.0,0.8,0.0,0.5,0.9852185010262039,0.9972960560854701
1486,train,2,1,0,354.67866036943343,530.9646400455807,-0.3,58.15914947041233,164.66892703711792,0.0,0.8000000000000003,0.0,0.5,0.9852185010262039,0.9972960560854701
1487,train,0,2,0,237.86512776229728,1348.7438485328269,0.0,0.0,0.0,0.8,0.09999999999999998,54.334520843485734,0.5,0.991104699009572,0.9983767551848742
1487,train,1,2,0,0.0,1096.635327846755,-0.2,0.0,0.0,1.2000000000000002,-0.4,0.687144076145259,0.5,0.991104699009572,0.9983767551848742
1488,train,0,1,0,236.26045220492114,-758.8918718610973,0.0,0.0,102.57473908057301,0.0,-1.0,0.0,0.5,0.9844185508538381,1.0029828065324724
1488,train,1,2,1,0.0,112.6783515242551,-0.5,0.0,-342.21377292046105,0.0,0.6666666666666665,0.0,0.5,0.9844185508538381,1.0029828065324724
1489,train,0,1,0,-306.1129466819453,-176.67725422699905,1.333333333333333,0.0,0.0,0.3333333333333333,0.0,0.0,0.5,1.0203764889398177,1.0043415672919243
1489,train,2,1,0,-306.1129466819453,-14.450289895668632,2.0,0.0,0.0,1.6666666666666665,0.0,0.0,0.5,1.0203764889398177,1.0043415672919243
1490,train,2,0,1,-707.7266367178837,-1799.7764560955484,0.0,-221.77844374454185,-202.21851024823886,0.0,-2.333333333333333,-2.287759628026448,0.5,0.9829536621081718,1.003526090106881
1490,train,1,2,0,-176.93165917947093,457.2785176727933,0.0,-32.480543259463445,-16.20690928000364,0.26666666666666666,0.6666666666666667,26.047805665709312,0.5,0.9829536621081718,1.003526090106881
1491,train,1,0,1,0.0,-88.66250316991214,0.0,0.0,82.12757621090735,0.0,-0.6666666666666666,0.0,0.5,1.0418731861119177,0.9987823191973281
1491,train,2,1,0,125.02478233343012,-255.19695161520065,0.0,0.0,102.87184263819881,0.0,0.9999999999999999,0.0,0.5,1.0418731861119177,0.9987823191973281
1492,train,0,1,1,623.0961005241297,868.1167892001482,0.0,0.0,0.0,0.0,0.0,-273.08791174642005,0.5,1.0384935008735496,1.0027112750502025
1492,train,0,2,1,436.1672703668909,-623.9643485995829,0.0,0.0,0.0,0.0,0.0,-435.9260171171099,0.5,1.0384935008735496,1.0027112750502025
1493,train,1,0,1,-240.0,734.4442068506742,0.0,0.0,0.0,0.0,0.0,0.0,0.5,1,1
1493,train,1,2,1,60.0,-889.3120907267667,0.0,0.0,0.0,0.0,0.0,0.0,0.5,1,1
1494,train,1,0,0,-179.85384863268823,-562.900022342486,0.0,-159.92364841412405,0.0,0.0,0.0,139.60522710683287,0.5,0.999188047959379,0.9986471128909702
1494,train,0,2,1,59.95128287756274,-11.068922111602625,0.0,351.44986551237656,0.0,0.0,0.0,-213.63624161215756,0.5,0.999188047959379,0.9986471128909702
1495,test,2,0,1,-60.0,-116.44991288548454,0.0,-495.35344683427456,0.0,0.0,0.0,0.0,0.5,1,1
1495,test,2,1,1,-120.0,-536.4170878708433,0.3333333333333333,-973.5080278360925,0.0,0.0,0.0,0.0,0.5,1,1
1496,train,0,1,0,180.0,1374.0799388808127,0.6000000000000001,-216.530395562105,-38.72230102477123,0.0,1.0666666666666667,30.398604818273675,0.5,1,1
1496,train,2,1,0,180.0,219.92178750075072,0.0,-71.28022098071233,-10.503632512355075,0.0,2.133333333333333,65.57408379109584,0.5,1,1
1497,train,1,0,0,60.0,-589.5487681286809,0.0,-55.88018444965485,0.0,0.16666666666666666,0.0,-11.382318638626998,0.5,1,1
1497,train,2,0,0,0.0,-72.59637659779673,0.0,-270.64382458518605,0.0,0.3333333333333333,0.0,77.37778328927917,0.5,1,1
1498,train,0,2,0,410.16649279351304,1774.0758965659873,0.19047619047619047,96.49414029158505,298.6080907200945,0.09523809523809523,0.9523809523809522,18.034535932104056,0.5,0.9765868876036025,1.0006771306930664
1498,train,1,2,0,351.5712795372969,1957.5495666862478,0.38095238095238093,213.9834672435676,-34.415907250312024,0.0,0.9523809523809522,-5.757649843553521,0.5,0.9765868876036025,1.0006771306930664
1499,train,0,2,0,61.530027004814166,347.0880215779513,0.0,0.0,0.0,0.0,0.0,0.0,0.5,1.025500450080236,0.9998646288547973
1499,train,1,2,0,492.2402160385133,908.7682151739575,1.0,0.0,0.0,0.0,0.0,0.0,0.5,1.025500450080236,0.9998646288547973
1500,train,0,1,1,-60.0,-501.7182740275839,0.0,-485.9027603938927,-112.88954365477312,-0.06666666666666667,-0.2666666666666667,0.0,0.5,1,1
1500,train,0,2,1,240.0,319.3560273670828,-0.2,-167.90829123883594,-274.42071678318536,0.0,-0.13333333333333341,0.0,0.5,1,1
1501,train,2,0,1,-649.7162435635331,-879.1047414068155,0.0,0.0,-427.678293560391,0.0,0.0,0.0,0.5,0.9844185508538381,0.9986471128909702
1501,train,2,1,1,59.065113051230284,587.6923742447153,0.0,0.0,-201.3626217168752,0.0,0.0,0.0,0.5,0.9844185508538381,0.9986471128909702
1502,train,0,1,0,485.35825541619636,51.434698092458966,0.33333333333333337,376.82962430530915,0.0,0.13333333333333333,-0.40000000000000013,-6.151772284646564,0.5,1.0111630321170757,0.9970260641428296
1502,train,1,2,1,-60.669781927024545,-47.634281633322665,0.6666666666666666,-60.68578565382103,0.0,-0.5333333333333333,-0.3999999999999999,-9.650104412323165,0.5,1.0111630321170757,0.9970260641428296
1503,train,0,1,0,1463.9811082421659,592.6845446512394,-2.5,1265.3214395802918,0.0,0.0,0.0,-34.23776638469403,0.5,1.016653547390393,0.9977011810926478
1503,train,1,2,1,-548.9929155908122,-3121.3636447248864,2.0,-1722.578837312615,0.0,0.0,0.0,65.18578657164676,0.5,1.016653547390393,0.9977011810926478
1504,train,1,0,1,231.63648838835164,-729.2834306540203,0.0,-84.68767448602893,0.0,-0.20000000000000004,-0.6,-24.584558859794072,0.5,0.9651520349514652,0.9995939415379522
1504,train,1,2,1,463.2729767767033,713.1711549165173,0.0,-358.59338518564255,0.0,0.0,-0.4,51.46842532094492,0.5,0.9651520349514652,0.9995939415379522
1505,train,2,0,1,-62.30117512914306,-716.166053393488,-0.23809523809523808,52.788318506170924,2.753679677944021,0.14285714285714285,0.0,-29.35244985612814,0.5,1.038352918819051,1.0076101080833693
1505,train,2,1,1,0.0,-318.11153396997094,-0.23809523809523808,3.909654813962959,28.998305355637857,0.14285714285714285,0.2857142857142857,-47.80730495395725,0.5,1.038352918819051,1.0076101080833693
1506,train,0,1,1,-532.3782362648178,-845.0367575433542,-0.8,-240.6860776058978,0.0,0.0,0.0,15.563089164657725,0.5,0.9858856227126256,0.9971610509762517
1506,train,0,2,1,-59.15313736275753,-133.76423896483146,0.4,-413.74398759270537,0.0,0.2,0.0,-16.906281677725005,0.5,0.9858856227126256,0.9971610509762517
1507,train,0,1,0,440.4395473982822,2070.750961974231,0.0,0.0,181.1786399229477,0.0,0.0,460.00891008280314,0.5,1.048665589043529,1.001625884022936
1507,train,1,2,1,-377.51961205567045,-1412.8508292117956,0.0,0.0,170.15060907436362,0.0,0.0,-314.6754517696912,0.5,1.048665589043529,1.001625884022936
1508,train,0,1,1,-60.0,-866.1691622005033,0.0,-156.81361053706428,-110.93924098604265,0.0,-0.2,-137.36924519705173,0.5,1,1
1508,train,2,0,0,60.0,-215.36297328271257,0.13333333333333333,17.37773399932985,32.95875141333001,0.0,-0.13333333333333336,86.06200434874746,0.5,1,1
1509,validation,0,2,0,468.3176887408476,-1298.938348333619,0.0,-96.40614648721245,170.38710008939378,-0.19047619047619047,0.1428571428571429,45.791609707604906,0.5,0.9756618515434324,0.99527289728058
1509,validation,1,2,0,-58.53971109260595,-761.4176567490783,0.0,-39.82798299495522,0.1928128177764279,-0.19047619047619047,0.7142857142857142,-6.018755620756831,0.5,0.9756618515434324,0.99527289728058
1510,train,1,0,1,-423.5401396757098,-1824.5119944777946,-0.16666666666666666,0.0,13.293008165057529,0.0,0.0,0.0,0.5,1.0084289039897851,0.9983767551848742
1510,train,1,2,1,-121.01146847877422,-971.3347272219959,-0.33333333333333337,0.0,103.32403135126808,0.0,0.0,0.0,0.5,1.0084289039897851,0.9983767551848742
1511,train,2,0,1,-365.2033581944638,-1266.3273791372421,0.0,-328.8493603356055,29.76176316231402,-0.5714285714285714,0.2857142857142856,-113.34208632815877,0.5,1.0144537727623995,1.0031185998461076
1511,train,1,2,0,426.07058456020775,1136.5418277529473,0.38095238095238093,9.202951639335879,-58.97469353478995,0.0,-0.1428571428571428,-5.83300737967604,0.5,1.0144537727623995,1.0031185998461076
1512,train,0,1,1,62.834811773185734,178.8674918004707,-0.2,-89.33672889120206,0.0,-0.26666666666666666,0.2,0.0,0.5,1.0472468628864289,1.0010836291719092
1512,train,2,0,0,0.0,-1228.1183362471572,0.0,-0.7839618059071256,0.0,0.0,-0.4,123.31465807139531,0.5,1.0472468628864289,1.0010836291719092
1513,test,2,0,1,-121.14260003615337,18.254783243403665,-1.2000000000000002,0.0,-71.30975672876984,0.6000000000000001,0.0,-12.344529937136755,0.5,1.0095216669679448,0.9967561452934783
1513,test,1,2,0,181.71390005423007,-311.6309339592261,2.0,0.0,10.939902854081424,-0.4000000000000001,0.0,-98.94375293922093,0.5,1.0095216669679448,0.9967561452934783
1514,validation,1,0,0,0.0,1319.4790280246307,0.0,37.83034461943433,331.70067720457973,0.0,0.40000000000000013,0.0,0.5,1.0126699610831933,0.9975661211411933
1514,validation,2,0,0,-364.5611859899496,-148.31434734596257,0.0,16.283021906649736,-12.457323739232834,0.2,2.0,0.0,0.5,1.0126699610831933,0.9975661211411933
1515,test,1,0,0,375.27751272813754,-473.5208024836621,-0.047619047619047616,150.49452868555903,274.7998406146264,0.0,0.23809523809523792,314.53122634525835,0.5,1.0424375353559376,1.0005416678839063
1515,test,2,0,0,187.63875636406877,994.8287441999114,0.0,-32.51765495245513,15.62494693615929,0.14285714285714285,0.9523809523809523,199.04711031463233,0.5,1.0424375353559376,1.0005416678839063
1516,train,2,0,1,120.0,-232.33717130079094,0.0,-274.72269971949265,0.0,0.0,0.0,0.0,0.5,1,1
1516,train,2,1,1,180.0,270.0017273865478,0.0,119.8077806878864,0.0,0.0,0.0,0.0,0.5,1,1
1517,train,1,0,0,-60.90844143291804,463.3308675449051,0.0,-87.8638518645929,49.21563434663824,0.0,0.0,15.35187137359307,0.5,1.015140690548634,0.9998646288547973
1517,train,2,0,0,0.0,1364.708215520481,0.5333333333333333,-99.79011325638393,73.2250340743289,0.4,0.0,-42.420510436762456,0.5,1.015140690548634,0.9998646288547973
1518,train,0,2,0,0.0,-416.4446600349929,0.0,1093.0039323451113,-32.30881962292628,0.0,0.0,-322.27462153891247,0.5,1,1
1518,train,2,1,1,240.0,800.9851388678017,0.0,-1099.5735219524045,-109.23953229541058,0.0,0.0,4.289790378733471,0.5,1,1
1519,validation,0,2,0,413.79177043100566,649.0660012314793,0.0,295.4249617443628,35.44513697928409,-0.3,0.40000000000000013,0.0,0.5,0.9852185010262039,1.003797842238849
1519,validation,1,2,0,-59.113110061572236,-344.6255605586339,0.0,43.85482674322523,7.727728003666348,-0.3,0.40000000000000013,0.0,0.5,0.9852185010262039,1.003797842238849
1520,train,0,1,0,542.491311736562,-79.75889467026249,0.26666666666666666,-144.4976578208448,142.97244204535832,0.0,0.0,108.86410429227726,0.5,1.0046135402528926,1.0009481113345846
1520,train,2,1,0,-180.83043724552067,-956.6204817609567,0.0,-113.37079565376138,354.25303785282546,0.0,0.0,-50.15754967104825,0.5,1.0046135402528926,1.0009481113345846
1521,train,1,0,0,59.297460197513196,-6.96965869874879,0.0,-13.538428322323256,-13.534354244008384,0.1,0.0,64.78336227660228,0.5,0.9882910032918866,0.9970260641428296
1521,train,2,0,0,59.297460197513196,-49.860117236735796,0.0,152.72172874713178,45.83410673502843,0.1,0.0,54.304878108173504,0.5,0.9882910032918866,0.9970260641428296
1522,validation,2,0,1,124.56861741596862,1309.9023347859568,0.0,0.0,219.68289446321586,0.0,0.9999999999999998,-35.45597866999074,0.5,1.0380718117997385,0.9985119248876447
1522,validation,2,1,1,186.85292612395293,1448.7780346985576,0.0,0.0,-127.86221687785473,0.0,1.6666666666666665,-55.07896275499081,0.5,1.0380718117997385,0.9985119248876447
1523,train,0,1,1,-178.15749232294496,-770.0015839150279,0.0,0.0,-90.51865112336014,0.0,0.0,0.0,0.5,0.9897638462385832,0.999188047959379
1523,train,0,2,1,-178.15749232294496,-2266.9643875858915,0.0,0.0,-618.9963911625766,0.0,0.0,0.0,0.5,0.9897638462385832,0.999188047959379
1524,train,1,0,0,0.0,-697.4418222576644,0.0,0.0,67.87371279350438,0.0,1.3333333333333333,0.0,0.5,0.992044376608463,0.9987823191973281
1524,train,0,2,1,-59.52266259650778,176.95577505029775,0.0,0.0,-319.4404093920068,0.0,0.0,0.0,0.5,0.992044376608463,0.9987823191973281
1525,train,0,1,1,-600.0,-2605.788074289345,0.0,-1855.6950794709528,0.0,-0.6666666666666666,0.0,0.0,0.5,1,1
1525,train,2,0,0,240.0,-257.97215531330767,0.0,-92.04845492181903,0.0,0.0,0.0,0.0,0.5,1,1
1526,test,1,0,1,362.1998550810863,245.35554254441237,0.0,-366.9787058104084,-182.94905556739093,-0.3,0.30000000000000004,0.0,0.5,1.006110708558573,1.0010836291719092
1526,test,2,1,0,-60.36664251351438,-172.92882090656332,0.0,474.81666663703936,468.9379093291217,0.8999999999999999,-0.8,0.0,0.5,1.006110708558573,1.0010836291719092
1527,train,0,2,0,120.0,356.25499660682135,0.0,0.0,0.0,0.0,0.0,0.0,0.5,1,1
1527,train,2,1,1,-180.0,-406.9937853466481,0.0,0.0,0.0,0.0,0.0,0.0,0.5,1,1
1528,validation,0,1,1,300.0,1220.429250421451,0.0,0.0,0.0,0.0,0.0,0.0,0.5,1,1
1528,validation,2,0,0,60.0,675.9064076225741,0.0,0.0,0.0,0.0,0.0,0.0,0.5,1,1
1529,train,1,0,1,62.30961005241298,-466.82314345173586,0.0,0.0,0.0,0.0,0.0,-111.49967935240113,0.5,1.0384935008735496,1.0027112750502025
1529,train,2,1,0,-124.61922010482596,-206.13590812578965,0.0,0.0,0.0,0.0,0.0,81.12145651796902,0.5,1.0384935008735496,1.0027112750502025
1530,train,0,1,0,-58.873514406267816,21.469469209251788,-0.09523809523809523,41.24772295333246,-7.570891135714035,0.0,0.2857142857142857,-2.395239728127873,0.5,0.9812252401044637,1.000406223412502
1530,train,2,1,0,58.873514406267816,411.19956498087174,-0.09523809523809523,85.69914112073766,65.26140675551896,-0.19047619047619047,0.2857142857142857,-9.323957863907523,0.5,0.9812252401044637,1.000406223412502
1531,train,1,0,0,178.5921640152903,-209.24676952599353,0.0,0.0,0.0,0.0,1.9999999999999998,0.0,0.5,0.9921786889738351,0.9986471128909702
1531,train,0,2,1,-178.5921640152903,-811.863302869823,0.0,0.0,0.0,-0.3333333333333333,-0.6666666666666667,0.0,0.5,0.9921786889738351,0.9986471128909702
1532,test,1,0,1,60.0,208.72712084755995,0.0,0.0,0.0,0.0,0.0,0.0,0.5,1,1
1532,test,2,1,0,120.0,509.2637474122339,0.0,0.0,0.0,0.0,0.0,0.0,0.5,1,1
1533,train,2,0,1,-561.7743122988546,-1869.3791052453653,-0.26666666666666666,-122.7590551056461,-67.7953646494071,-0.2,1.333333333333333,0.0,0.5,1.0403228005534344,1.003661956975393
1533,train,2,1,1,-749.0324163984727,-1327.1057482519964,-0.6666666666666666,-184.58274952567604,-29.594080726215715,0.0,-1.0,0.0,0.5,1.0403228005534344,1.003661956975393
1534,train,1,0,0,379.4153788073415,1255.3299540153955,0.3333333333333333,0.0,0.0,0.0,0.0,0.0,0.5,1.0539316077981709,1.0051577071433853
1534,train,0,2,1,-379.4153788073415,-1556.9478047425937,0.0,0.0,0.0,0.0,-0.33333333333333326,-253.33754346730205,0.5,1.0539316077981709,1.0051577071433853
1535,train,0,1,1,-181.51720271816131,331.33827039690533,0.0,0.0,-110.02990982395283,0.0,0.3333333333333335,0.0,0.5,1.0084289039897851,0.9983767551848742
1535,train,0,2,1,-242.02293695754844,-187.80577425846795,0.0,0.0,-135.02232213203962,-0.16666666666666666,0.0,0.0,0.5,1.0084289039897851,0.9983767551848742
1536,train,2,0,1,0.0,-447.065872665506,-0.5,238.05542538753025,0.0,0.0,0.0,-88.76940605130486,0.5,0.9888263287883233,0.9975661211411933
1536,train,2,1,1,237.3183189091976,308.1415729000516,-1.0,-29.993356305735233,0.0,0.0,0.0,-119.71627479697392,0.5,0.9888263287883233,0.9975661211411933
1537,train,0,1,0,300.0,103.23942082238545,0.0,0.0,0.0,0.0,0.0,0.0,0.5,1,1
1537,train,1,2,1,-120.0,-330.7865250856312,0.0,0.0,0.0,0.0,0.0,0.0,0.5,1,1
1538,train,0,1,1,-1009.31180730175,-970.144070249005,0.0,0.0,14.629045687604517,1.6666666666666665,0.0,-282.4699565160432,0.5,1.051366465939323,1.0052937949156682
1538,train,0,2,1,-63.08198795635938,-1783.6932639110098,0.0,0.0,7.6214827127917175,0.6666666666666665,0.0,-436.02683838914334,0.5,1.051366465939323,1.0052937949156682
1539,train,2,0,1,-177.9887391818982,-618.9613533416192,-0.5,-557.7747793107507,0.0,0.0,0.0,-53.758125385231544,0.5,0.9888263287883233,1.003254411544728
1539,train,2,1,1,-59.3295797272994,-922.175335174886,-0.5,199.27039325186215,0.0,0.0,0.0,-13.25431101966742,0.5,0.9888263287883233,1.003254411544728
1540,train,2,0,1,126.06153681502356,351.36945049780155,0.0,-268.78917307626205,8.048738399066515,0.0,0.0,80.02934540247443,0.5,1.050512806791863,1.004749554350707
1540,train,1,2,0,0.0,63.16263557141807,0.0,57.511062904497464,88.44595710948099,0.0,0.0,8.839641005831822,0.5,1.050512806791863,1.004749554350707
1541,train,1,0,0,59.64365835480851,767.8081767268324,1.0,0.0,0.0,-0.5,0.0,61.391459470045675,0.5,0.9940609725801418,0.9989175438091965
1541,train,0,2,1,59.64365835480851,-651.4797558897502,-0.3333333333333333,0.0,0.0,0.0,0.0,-89.24603349353188,0.5,0.9940609725801418,0.9989175438091965
1542,validation,1,0,0,0.0,664.4362924107437,2.0,0.0,0.0,0.0,0.33333333333333304,0.0,0.5,0.992178688973835,1.0042056084237854
1542,validation,0,2,1,-357.1843280305806,877.7234161660513,-0.6666666666666666,0.0,0.0,0.0,0.6666666666666667,0.0,0.5,0.992178688973835,1.0042056084237854
1543,train,0,2,0,360.0,1324.3082570495449,0.0,721.879027128389,0.0,0.0,0.0,0.0,0.5,1,1
1543,train,1,2,0,480.0,1146.5046111694614,0.0,-144.68403060702076,0.0,0.0,0.0,0.0,0.5,1,1
1544,test,2,0,1,-240.0,-1035.206153075841,0.19047619047619047,-287.0909061840888,13.332760386531358,-0.09523809523809523,0.0,-13.847571446952044,0.5,1,1
1544,test,1,2,0,540.0,1549.2868261993726,-0.38095238095238093,844.8608076368395,86.444372196321,0.19047619047619047,0.0,19.047386683017535,0.5,1,1
1545,validation,1,0,0,356.74939153132254,146.1165798299722,-0.4,224.6926771912839,0.0,0.1,0.0,226.96870650904387,0.5,0.9909705320314515,0.9972960560854701
1545,validation,2,0,0,594.5823192188709,-397.3790891688434,-0.4,-166.43091060337497,0.0,0.0,0.0,135.00928312091992,0.5,0.9909705320314515,0.9972960560854701
1546,validation,0,1,1,60.268652674047765,-83.58764825423745,0.13333333333333333,-167.7264043423176,202.44339662174625,-0.13333333333333333,0.0,-62.231078149325775,0.5,1.0044775445674627,1.003933745899739
1546,validation,0,2,1,241.07461069619106,-14.87823865204953,0.0,-153.8723771011948,166.69818820383733,-0.26666666666666666,0.0,-52.40348570145627,0.5,1.0044775445674627,1.003933745899739
1547,train,0,1,0,-60.374815521432915,628.901473915272,0.0,0.0,140.9693297188447,-0.2,0.0,42.50968386462313,0.5,1.0062469253572153,0.9981064706710885
1547,train,2,1,0,-241.49926208573166,-856.4543783228768,0.8999999999999999,0.0,45.90546434844251,-0.2,0.0,19.688677199007856,0.5,1.0062469253572153,0.9981064706710885
1548,test,1,0,1,-190.81526555073575,-368.200691349793,0.3333333333333333,0.0,0.0,0.0,0.0,-206.62357091865854,0.5,1.0600848086151986,1.0058383302782643
1548,test,1,2,1,-63.60508851691192,-1827.941012505238,0.3333333333333333,0.0,0.0,0.0,0.0,-136.75238676884962,0.5,1.0600848086151986,1.0058383302782643
1549,validation,2,0,1,-879.7615206308515,502.59025671922103,0.0,-390.99150253866384,77.3230803338478,0.2,0.0,6.815102762086541,0.5,0.977512800700946,1.0008126118424647
1549,validation,2,1,1,-293.2538402102838,-1104.113649046086,0.0,-471.76503758351834,-151.01969663806608,0.0,0.2666666666666666,0.27419530053077423,0.5,0.977512800700946,1.0008126118424647
1550,train,1,0,0,-240.0,-386.1552030315552,0.0,0.0,0.0,0.0,0.0,0.0,0.5,1,1
1550,train,2,0,0,-120.0,-454.01245297035075,0.0,0.0,0.0,0.0,0.0,0.0,0.5,1,1
1551,train,0,2,0,-300.0,-1132.24707281486,0.0,0.0,0.0,0.0,0.0,0.0,0.5,1,1
1551,train,2,1,1,120.0,168.08387189102723,0.0,0.0,0.0,0.0,0.0,0.0,0.5,1,1
1552,train,1,0,0,120.42313081282575,1227.0071330514133,0.0,156.1995303633313,43.16093767338312,-0.09523809523809523,0.09523809523809523,75.48351271703353,0.5,1.0035260901068812,1.0008126118424647
1552,train,0,2,1,0.0,-945.7463714403987,0.19047619047619047,-55.12645747793066,-198.4721338248503,0.09523809523809523,-0.19047619047619047,-115.67877960614996,0.5,1.0035260901068812,1.0008126118424647
1553,train,0,1,1,-361.7098395662545,-2343.612859674117,-0.13333333333333333,0.0,-256.74062588594114,0.2,0.8,1.5194872728701299,0.5,1.004749554350707,1.003933745899739
1553,train,0,2,1,-241.1398930441697,-432.8049507273816,0.13333333333333333,0.0,-443.56792186039695,0.0,1.0666666666666667,8.291953932086724,0.5,1.004749554350707,1.003933745899739
1554,validation,1,0,1,-849.9520861791257,-1197.292211327531,0.0,0.0,508.7478438488188,0.0,0.0,0.0,0.5,1.0118477216418162,0.9987823191973281
1554,validation,1,2,1,-182.13258989552693,-621.81541178786,0.0,0.0,23.353533510062334,0.0,0.0,0.0,0.5,1.0118477216418162,0.9987823191973281
1555,train,0,1,0,57.90912209708791,-259.44334459719704,0.0,-4.994197799863002,0.0,0.0,-0.30000000000000004,46.2994628753836,0.5,0.9651520349514652,0.9995939415379522
1555,train,2,1,0,115.81824419417582,639.0359595969067,0.0,-318.93933942806126,0.0,0.0,0.19999999999999996,-4.119097473115981,0.5,0.9651520349514652,0.9995939415379522
1556,test,0,1,0,-120.0,653.6378988720967,0.0,326.90934474214987,0.0,0.0,0.0,121.46918811291427,0.5,1,1
1556,test,2,1,0,-180.0,1426.9820274186254,0.0,593.2349087705145,0.0,0.0,0.0,65.09618895295127,0.5,1,1
1557,validation,0,1,0,59.530721338430105,-620.1445665909931,0.0,0.0,0.0,0.0,1.3333333333333333,-0.42142760904285126,0.5,0.9921786889738351,1.0025755368765914
1557,validation,2,1,0,119.06144267686021,-554.4216840029151,0.0,0.0,0.0,0.0,4.666666666666667,21.253573108846624,0.5,0.9921786889738351,1.0025755368765914
1558,train,1,0,0,0.0,523.4609058849119,0.0,0.0,0.0,1.0,0.0,0.0,0.5,0.9993233275026507,0.9998646288547973
1558,train,2,0,0,179.87819895047713,742.3902234293855,0.0,0.0,0.0,2.0,0.0,0.0,0.5,0.9993233275026507,0.9998646288547973
1559,train,1,0,0,359.75639790095425,1090.307216082521,0.0,0.0,0.0,1.0,0.0,0.0,0.5,0.9993233275026507,0.9998646288547973
1559,train,0,2,1,-539.6345968514314,-2422.4840603794896,0.0,0.0,0.0,-1.0,0.0,0.0,0.5,0.9993233275026507,0.9998646288547973
1560,train,0,1,1,60.530313085225764,-631.097221553205,0.0,0.0,0.0,0.0,0.0,-247.39407695036107,0.5,1.0088385514204294,0.9997292760349417
1560,train,2,0,0,121.06062617045153,710.1598223733749,0.0,0.0,0.0,0.0,0.0,369.9481244517475,0.5,1.0088385514204294,0.9997292760349417
1561,validation,0,2,0,0.0,-194.51272668391994,0.0,1205.701675882928,-108.6216610259149,0.0,0.0,0.0,0.5,1,1
1561,validation,2,1,1,180.0,895.5275765737938,0.0,-917.4446451547581,-39.90676276645314,0.0,0.0,0.0,0.5,1,1
1562,validation,1,0,0,178.42299914744805,-247.8567342880633,0.0,158.96951307739482,0.0,0.4,1.0,-42.74992901113066,0.5,0.9912388841524892,0.9983767551848742
1562,validation,2,0,0,59.47433304914935,-1355.8242745544385,0.0,358.56935208327354,0.0,0.4,1.0,-14.041300453848592,0.5,0.9912388841524892,0.9983767551848742
1563,test,1,0,1,-58.603146431261024,245.8291366130853,-0.38095238095238093,105.14305618412494,-50.41898994006718,-0.2857142857142857,-0.047619047619047616,-26.932987777437077,0.5,0.9767191071876837,0.9977011810926478
1563,test,2,1,0,293.01573215630515,-698.5519412229891,0.0,-59.4805685246003,290.47774139662783,0.14285714285714285,-0.09523809523809523,-70.71402313722048,0.5,0.9767191071876837,0.9977011810926478
1564,train,1,0,0,298.21829177404254,1563.550753846097,0.0,685.330518166583,0.0,0.0,0.0,20.048644352024795,0.5,0.9940609725801418,0.9987823191973281
1564,train,0,2,1,-417.50560848365956,-2265.0380933093857,0.0,-108.21705148794388,0.0,0.0,0.0,71.4982504318362,0.5,0.9940609725801418,0.9987823191973281
1565,validation,0,1,0,356.3149846458899,-137.3715467535572,0.0,0.0,340.4380280322619,0.0,0.0,0.0,0.5,0.9897638462385832,0.999188047959379
1565,validation,1,2,1,59.38583077431499,737.2277394309951,0.0,0.0,-326.13191940598307,0.0,0.0,0.0,0.5,0.9897638462385832,0.999188047959379
1566,train,1,0,0,-305.98864692960274,-1037.8716719116558,0.1,140.7650442468887,56.270023742944645,0.8,0.0,0.0,0.5,1.0199621564320092,0.9985119248876447
1566,train,0,2,1,244.7909175436822,1167.7829607485228,-0.1,472.6602398032331,-497.6335264001489,0.0,0.0,0.0,0.5,1.0199621564320092,0.9985119248876447
1567,train,0,1,1,59.28943303241865,-614.6229710988931,0.0,-102.37442579045154,0.0,0.0,0.0,-91.66037754532609,0.5,0.9881572172069775,1.0028470316013334
1567,train,0,2,1,-355.7365981945119,-602.0659942626597,0.0,23.49395837887839,0.0,0.0,0.0,-64.44495840284537,0.5,0.9881572172069775,1.0028470316013334
1568,train,0,1,1,-60.44842240494722,164.26395311174528,-0.4,103.856535013871,-59.641728628198386,0.3,0.0,0.0,0.5,1.0074737067491204,0.9967561452934783
1568,train,0,2,1,-664.9326464544195,-1615.9915841968277,-0.4,127.8979938029027,-30.680204118585486,0.0,0.0,0.0,0.5,1.0074737067491204,0.9967561452934783
1569,test,0,1,1,-120.0,80.5312915618324,0.0,0.0,0.0,0.0,0.0,0.0,0.5,1,1
1569,test,2,0,0,600.0,-186.0889587678612,0.0,0.0,0.0,0.0,0.0,0.0,0.5,1,1
1570,train,0,1,0,355.3034245680826,-416.0636806982917,0.0,103.85119171026372,11.240026620966773,-0.2857142857142857,-0.14285714285714285,107.65012905471417,0.5,0.9869539571335628,0.9972960560854701
1570,train,1,2,1,59.21723742801377,913.1931687196698,0.09523809523809523,3.3105225549905413,79.7827210451469,0.0,0.0,-31.349089151314075,0.5,0.9869539571335628,0.9972960560854701
1571,train,0,1,0,-420.0,-26.39529464176394,0.0,-160.72147039753702,-52.223362801461406,0.0,0.16666666666666663,0.0,0.5,1,1
1571,train,1,2,1,420.0,-855.8240170008703,0.0,-268.63034028155175,-98.68671509987928,0.0,-0.33333333333333337,0.0,0.5,1,1
1572,test,0,1,0,0.0,408.5476600778611,0.0,0.0,0.0,0.0,0.3333333333333333,2.4200310176253694,0.5,0.9940609725801418,0.9989175438091965
1572,test,2,1,0,-178.93097506442552,187.27249740788378,0.0,0.0,0.0,0.5,0.3333333333333333,-35.7058542008346,0.5,0.9940609725801418,0.9989175438091965
1573,train,1,0,1,0.0,151.1636294939294,0.0,76.20267038554576,0.0,0.0,-1.0,0.0,0.5,0.9882910032918866,0.9977011810926478
1573,train,2,1,0,177.89238059253958,879.4077834011289,-0.3333333333333333,-91.54335596896465,0.0,0.0,1.0,0.0,0.5,0.9882910032918866,0.9977011810926478
1574,train,1,0,1,179.46469154570931,22.003924097452686,0.3333333333333333,0.0,0.0,-1.3333333333333333,0.0,0.0,0.5,0.9970260641428296,0.9995939415379522
1574,train,2,1,0,59.821563848569774,1258.0994968670834,0.6666666666666667,0.0,0.0,0.6666666666666666,0.0,0.0,0.5,0.9970260641428296,0.9995939415379522
1575,train,0,1,0,182.89856824983738,939.9459684779009,0.0,0.0,0.0,0.0,2.5,-3.454368443925432,0.5,1.016103156943541,0.9981064706710885
1575,train,1,2,1,-121.93237883322493,-933.0024591472956,0.0,0.0,0.0,-0.6666666666666666,-0.5,-10.79313461045777,0.5,1.016103156943541,0.9981064706710885
1576,validation,1,0,0,183.1959401097727,1483.221668803547,0.0,0.0,1417.9169476960813,0.0,0.0,0.0,0.5,1.0177552228320705,0.9993233275026507
1576,validation,0,2,1,-1038.110327288712,-3024.387184836417,0.0,0.0,-650.7735908346542,0.0,0.0,0.0,0.5,1.0177552228320705,0.9993233275026507
1577,train,1,0,0,0.0,-426.9320318548853,0.0,773.7892159599162,0.0,0.0,-0.3333333333333335,0.0,0.5,1,1
1577,train,2,0,0,120.0,204.1436672828404,0.0,276.56770231370064,0.0,0.0,0.6666666666666665,0.0,0.5,1,1
1578,train,0,2,0,119.28731670961702,1114.9546431199828,0.0,0.0,0.0,1.0,1.333333333333333,0.0,0.5,0.9940609725801418,0.9989175438091965
1578,train,1,2,0,59.64365835480851,-345.15342580389296,0.0,0.0,0.0,0.5,0.0,84.02816811761389,0.5,0.9940609725801418,0.9989175438091965
1579,train,0,1,1,-181.19802355506962,-546.9183730023442,-0.5,0.0,-113.82777485613359,0.0,0.0,0.0,0.5,1.0066556864170535,0.9968910955827297
1579,train,2,0,0,0.0,-188.4918214446305,0.0,0.0,123.32523860060452,0.0,0.0,0.0,0.5,1.0066556864170535,0.9968910955827297
1580,train,0,1,1,58.74612738874926,203.05590384636739,0.0,86.06853312585147,-260.9913492805993,0.6,0.0,32.945067952931225,0.5,0.979102123145821,1.004069667960554
1580,train,0,2,1,-58.74612738874926,-487.08537004963625,0.0,-39.85151661809155,-14.036781734935516,0.0,0.0,29.69048639843298,0.5,0.979102123145821,1.004069667960554
1581,test,1,0,1,-1071.1178709350188,-1815.8378450042858,0.0,-217.45940646183396,135.799033618381,-1.6,-1.2,0.0,0.5,0.9917758064213138,1.002032767907594
1581,test,2,1,0,-178.51964515583649,-1401.443377160622,0.0,-196.18804752690264,421.0936667351721,1.2000000000000002,0.3999999999999999,0.0,0.5,0.9917758064213138,1.002032767907594
1582,train,2,0,1,-60.0,-2891.2312972308227,0.0,-270.9233283189883,-9.369399502565457,0.0,-0.5999999999999999,75.05140426288571,0.5,1,1
1582,train,2,1,1,-480.0,-2258.926564864645,0.0,-295.5991438332517,-52.56442418786271,0.0,-1.4999999999999998,75.05140426288571,0.5,1,1
1583,test,0,2,0,-60.0,4016.0273297384665,0.0,0.0,0.0,0.0,0.0,0.0,0.5,1,1
1583,test,2,1,1,60.0,-1603.03884223149,0.0,0.0,0.0,0.0,0.0,0.0,0.5,1,1
1584,train,0,2,0,427.630836709348,767.2910124398056,0.2,0.0,79.79359436783932,0.0,-0.30000000000000004,0.0,0.5,1.0181686588317809,1.0002707972763707
1584,train,1,2,0,122.1802390598137,440.5463140419399,0.6000000000000001,0.0,42.43015090890778,0.0,-0.6000000000000001,106.05656283914328,0.5,1.0181686588317809,1.0002707972763707
1585,train,0,1,1,-720.0,2145.6353350472227,0.0,0.0,0.0,0.0,0.0,0.0,0.5,1,1
1585,train,0,2,1,-480.0,-608.9480778831539,0.0,0.0,0.0,0.0,0.0,0.0,0.5,1,1
1586,test,0,2,0,-185.86897389496727,545.1674149178498,-0.14285714285714285,-23.746678139767496,124.5470057611351,0.47619047619047616,0.0,0.22164082274739627,0.5,1.032605410527596,1.0008126118424647
1586,test,2,1,1,0.0,-1108.5612639123312,0.14285714285714285,-118.64367724049066,-89.42957883719205,-0.47619047619047616,-0.6666666666666666,-21.96736010079985,0.5,1.032605410527596,1.0008126118424647
1587,test,0,1,1,-60.0,-619.3045619899908,0.0,0.0,0.0,0.0,0.0,0.0,0.5,1,1
1587,test,2,0,0,-60.0,-179.1543392908593,0.0,0.0,0.0,0.0,0.0,0.0,0.5,1,1
1588,validation,1,0,0,-61.21430156435832,-898.9653548284322,0.0,0.0,291.26006360223334,0.0,0.0,0.0,0.5,1.020238359405972,1.0028470316013334
1588,validation,0,2,1,122.42860312871665,578.187998435127,0.0,0.0,-195.2391078762501,0.0,-1.3333333333333335,0.0,0.5,1.020238359405972,1.0028470316013334
1589,test,2,0,1,-418.69426014474647,-477.51617344838905,0.0,0.0,0.0,0.0,0.0,0.0,0.5,0.9968910955827297,0.9994586253613486
1589,test,1,2,0,0.0,193.17552802307634,2.0,0.0,0.0,0.0,0.0,0.0,0.5,0.9968910955827297,0.9994586253613486
1590,train,0,2,0,-120.9950870177036,3194.166022504792,0.0,475.60927465761824,595.7655668825258,-0.33333333333333337,0.0,0.0,0.5,1.0082923918141966,1.0013547198921082
1590,train,2,1,1,-423.48280456196255,-2649.1208870700902,0.0,-270.2260523724732,266.9645395469497,-1.333333333333333,0.0,0.0,0.5,1.0082923918141966,1.0013547198921082
1591,train,0,1,1,0.0,323.0552759521566,-1.0,0.0,0.0,0.0,0.0,0.0,0.5,0.9968910955827297,0.9994586253613486
1591,train,0,2,1,119.62693146992757,414.0121703786047,0.0,0.0,0.0,0.0,0.0,0.0,0.5,0.9968910955827297,0.9994586253613486
1592,test,0,1,0,-120.0,1026.3866121557421,0.0,0.0,0.0,0.0,0.0,0.0,0.5,1,1
1592,test,2,1,0,0.0,1995.8257218247663,0.0,0.0,0.0,0.0,0.0,0.0,0.5,1,1
1593,train,1,0,0,243.86475766644986,239.4741107758218,0.0,-64.59537271068308,0.0,0.0,-1.0,-10.140817301786864,0.5,1.016103156943541,0.9977011810926478
1593,train,2,0,0,182.89856824983738,378.70669298561495,0.0,-1.8520876128932855,0.0,0.0,-1.5,-33.5233191970063,0.5,1.016103156943541,0.9977011810926478
1594,validation,0,2,0,-239.25386293985514,-950.8335546476919,2.0,0.0,0.0,0.0,0.0,0.0,0.5,0.9968910955827297,0.9994586253613486
1594,validation,1,2,0,299.0673286748189,492.5852691203954,0.0,0.0,0.0,0.0,0.0,0.0,0.5,0.9968910955827297,0.9994586253613486
1595,test,0,2,0,-372.1911578177334,708.4326436333274,0.0,382.1677158760177,1113.440393482152,1.0666666666666667,-0.20000000000000018,-1.6239790902290991,0.5,1.0338643272714818,0.9979713558551195
1595,test,2,1,1,930.4778945443336,-148.0280843109944,0.0,-518.4090404042594,-388.90276898861566,-1.0666666666666667,0.0,0.19426260363798775,0.5,1.0338643272714818,0.9979713558551195
1596,train,2,0,1,60.0,91.81008327340987,0.0,0.0,0.0,0.0,0.0,0.0,0.5,1,1
1596,train,1,2,0,240.0,560.070819167745,0.0,0.0,0.0,0.0,0.0,0.0,0.5,1,1
1597,train,0,2,0,-60.95793635373249,163.3920193679452,0.0,0.0,24.93555172303806,0.0,4.5,0.0,0.5,1.0159656058955415,0.9982416037801811
1597,train,2,1,1,-60.95793635373249,631.387188590613,0.0,0.0,1.4130609448224902,0.0,-0.5,0.0,0.5,1.0159656058955415,0.9982416037801811
1598,validation,0,2,0,-120.0,-653.1972620562324,0.0,0.0,0.0,0.0,0.0,0.0,0.5,1,1
1598,validation,2,1,1,-60.0,1280.197179960961,0.0,0.0,0.0,0.0,0.0,0.0,0.5,1,1
1599,train,0,2,0,-178.6889016548547,1031.1740880999175,1.3333333333333333,572.573904174451,0.0,0.0,0.0,0.0,0.5,0.9927161203047484,0.9986471128909702
1599,train,2,1,1,0.0,-1350.611291298633,-0.6666666666666666,-254.96038532881727,0.0,0.0,0.0,0.0,0.5,0.9927161203047484,0.9986471128909702
1600,test,2,0,1,-118.72343331040668,-1148.9296243434187,0.0,96.78860510163341,-99.34981553648186,0.0,-0.26666666666666666,0.0,0.5,0.989361944253389,0.9979713558551195
1600,test,1,2,0,118.72343331040668,1031.3793233778304,0.0,-216.00136717546485,120.17067326343513,0.0,0.6666666666666667,0.0,0.5,0.989361944253389,0.9979713558551195
1601,validation,0,1,0,789.5618311434624,1560.150101406926,0.0,-145.0780993917491,142.32299642512658,-0.047619047619047616,0.19047619047619047,178.9553896445875,0.5,1.0122587578762339,0.9993233275026507
1601,validation,2,1,0,121.47105094514806,-23.815529111808868,0.2857142857142857,21.11643201977313,-12.930712669702494,0.0,0.19047619047619047,0.0,0.5,1.0122587578762339,0.9993233275026507
1602,validation,2,0,1,967.3057037600347,1781.6810395122172,-3.0,282.1730720281605,-72.83140186846362,0.0,0.0,0.0,0.5,1.0076101080833695,1.0082923918141966
1602,validation,1,2,0,-785.9358843050281,572.3907008064964,0.0,-442.13142106382,990.4206069271637,0.0,0.0,0.0,0.5,1.0076101080833695,1.0082923918141966
1603,train,0,1,1,-59.813465734963785,-724.0070155548466,-1.0,0.0,0.0,0.0,0.0,0.0,0.5,0.9968910955827297,0.9994586253613486
1603,train,0,2,1,119.62693146992757,500.043941158271,-1.0,0.0,0.0,0.0,0.0,0.0,0.5,0.9968910955827297,0.9994586253613486
1604,train,2,0,1,-60.0,728.9416789920997,0.0,0.0,0.0,0.0,0.0,0.0,0.5,1,1
1604,train,2,1,1,-240.0,-1119.3645141991528,0.0,0.0,0.0,0.0,0.0,0.0,0.5,1,1
1605,test,0,1,0,60.18711599076646,490.96863241499454,0.8571428571428571,-18.5849892648084,9.422007566708587,0.0,-0.2857142857142857,10.408386709002398,0.5,1.0031185998461076,0.9958120046447593
1605,test,2,1,0,-180.56134797229936,8.344868083537515,1.1428571428571428,136.3345703540201,11.717781389582925,0.0,0.0,0.0,0.5,1.0031185998461076,0.9958120046447593
1606,train,0,2,0,121.02785215772221,295.6629806377984,0.0,-78.37508809278066,-100.44024833911303,0.14285714285714285,0.5714285714285714,9.064171981449228,0.5,1.008565434647685,1.0006771306930664
1606,train,2,1,1,0.0,-79.28783565281542,-0.19047619047619047,87.7762714181791,42.35055345388355,0.0,-1.1428571428571428,-1.6430040475657819,0.5,1.008565434647685,1.0006771306930664
1607,train,2,0,1,-120.0,1182.2338648515206,0.0,0.0,0.0,0.0,0.0,0.0,0.5,1,1
1607,train,1,2,0,300.0,637.0908550328941,0.0,0.0,0.0,0.0,0.0,0.0,0.5,1,1
1608,train,0,1,1,-303.8421197806735,-59.102772917608526,-0.1,-246.80069355599193,0.0,0.4000000000000001,-4.000000000000001,0.0,0.5,1.0128070659355783,1.003797842238849
1608,train,2,0,0,607.684239561347,1012.0546666298591,0.1,205.08552426420658,0.0,0.3999999999999999,0.40000000000000013,0.0,0.5,1.0128070659355783,1.003797842238849
1609,test,0,1,1,-120.0,393.33221201592596,0.0,-309.42804095009603,5.084969111321115,0.0,0.0,0.0,0.5,1,1
1609,test,2,0,0,60.0,-17.07561180795392,0.0,-19.495643162114504,58.94253693836005,0.4,-0.10000000000000003,0.0,0.5,1,1
1610,train,0,2,0,60.0,-395.83507590041836,0.3333333333333333,361.79072016334976,0.0,0.0,0.0,0.0,0.5,1,1
1610,train,2,1,1,0.0,278.5495015401698,0.3333333333333333,-403.34359448848295,0.0,0.0,-0.16666666666666674,0.0,0.5,1,1
1611,train,2,0,1,60.86722636574397,703.6069712278974,0.0,198.8430415560689,-0.9533338685283894,-0.23809523809523808,0.2857142857142857,-60.954014603615946,0.5,1.0144537727623995,0.9995939415379522
1611,train,1,2,0,-121.73445273148793,80.28796703805295,0.5714285714285714,131.18965788566607,64.91400367553399,0.0,0.0,70.54388321163681,0.5,1.0144537727623995,0.9995939415379522
1612,train,1,0,0,0.0,49.80428232195072,0.3333333333333333,370.3602833287764,0.0,0.0,0.0,27.45505293262649,0.5,1,1
1612,train,0,2,1,-240.0,-1184.964629928867,0.0,-733.3757562327983,0.0,0.0,0.0,-61.797694692957535,0.5,1,1
1613,train,2,0,1,-240.0,760.3586854144078,0.0,0.0,0.0,0.0,0.0,0.0,0.5,1,1
1613,train,1,2,0,-60.0,-938.3867575702334,0.0,0.0,0.0,0.0,0.0,0.0,0.5,1,1
1614,validation,1,0,1,-60.0,102.58026850299166,0.06666666666666667,-155.14789782571057,0.0,-0.5333333333333333,-0.13333333333333336,-9.979343360525874,0.5,1,1
1614,validation,2,1,0,240.0,608.6184409247758,-0.13333333333333333,563.8391318981387,0.0,0.26666666666666666,0.0,-37.070670433166505,0.5,1,1
1615,validation,0,1,1,0.0,-567.8220459911129,0.0,0.0,0.0,0.0,0.0,0.0,0.5,0.9816238367699319,0.9986471128909702
1615,validation,2,0,0,0.0,168.43965988641332,0.0,0.0,0.0,0.0,0.0,382.7050085344338,0.5,0.9816238367699319,0.9986471128909702
1616,train,1,0,0,296.76840395819266,203.88849029968532,-0.26666666666666666,-56.44415169231192,561.3932670867632,0.6666666666666666,0.0,-45.62404494331622,0.5,0.9892280131939755,0.997836259329798
1616,train,0,2,1,-59.353680791638524,-915.1893268178209,0.0,44.319110183178225,-426.1510225273415,0.0,0.0,17.093719816780336,0.5,0.9892280131939755,0.997836259329798
1617,train,0,2,0,-180.6836116029928,1750.454829099345,0.8000000000000002,0.0,250.62748115058974,0.0,0.0,107.56498215087316,0.5,1.003797842238849,0.9960816678233944
1617,train,1,2,0,-120.45574106866187,1049.6936171763941,1.2000000000000002,0.0,-143.80984937120664,0.2,0.0,48.07102091362657,0.5,1.003797842238849,0.9960816678233944
1618,validation,0,1,0,58.841641778679985,428.580660796398,0.6666666666666667,0.0,19.44839251579826,0.0,0.6000000000000001,131.20605857512015,0.5,0.9806940296446665,1.001625884022936
1618,validation,1,2,1,-176.52492533603996,-662.2644790588027,-0.3333333333333333,0.0,-25.823246001707837,-0.13333333333333333,0.0,-99.23587671123636,0.5,0.9806940296446665,1.001625884022936
1619,train,1,0,0,-173.11694036052492,30.44927789979314,-0.2,30.930325287244614,-32.10236783611424,0.0,0.0,44.17434801439104,0.5,0.9617607797806941,0.995677200433284
1619,train,2,0,0,57.70564678684165,1202.2814277609916,-0.13333333333333336,-78.1884837155674,153.9843600892643,0.0,1.0666666666666667,-17.292468968301833,0.5,0.9617607797806941,0.995677200433284
1620,train,2,0,1,-239.25386293985514,-97.61852168149474,0.0,0.0,0.0,0.0,-1.0,0.0,0.5,0.9968910955827297,0.9994586253613486
1620,train,2,1,1,-179.44039720489135,-631.4249898031566,0.0,0.0,0.0,0.0,-2.0,0.0,0.5,0.9968910955827297,0.9994586253613486
1621,train,2,0,1,121.7674180897281,556.8427217987432,0.0,61.85800968963028,-55.03113621672264,0.0,0.0,-52.41079312711015,0.5,1.0147284840810675,1
1621,train,2,1,1,60.88370904486405,-106.23863365130228,0.0,-157.76607572481345,15.204543533376764,0.0,-0.30000000000000004,-138.83319738111376,0.5,1.0147284840810675,1
1622,train,1,0,1,-120.0,1225.9710627162858,0.0,0.0,0.0,0.0,0.0,0.0,0.5,1,1
1622,train,1,2,1,-780.0,-364.4616727390221,0.0,0.0,0.0,0.0,0.0,0.0,0.5,1,1
1623,train,1,0,0,117.30153608411352,-196.6336815849433,0.4,-119.56107433280215,264.16453954625354,0.0,-0.4,-0.16128341829728043,0.5,0.977512800700946,1.0008126118424647
1623,train,2,0,0,293.2538402102838,907.9808827659284,0.0,431.4720184774567,355.3405093237808,0.0,-0.6666666666666667,35.24465713445689,0.5,0.977512800700946,1.0008126118424647
1624,validation,0,1,1,177.79607416927746,59.13620812843129,-0.5,0.0,0.0,0.0,0.0,-105.925311794429,0.5,0.9877559676070969,1.0029828065324724
1624,validation,2,0,0,-355.5921483385549,-62.81300593379752,2.0,0.0,0.0,0.16666666666666669,0.0,92.72448140844591,0.5,0.9877559676070969,1.0029828065324724
1625,test,1,0,1,-364.6105437368082,-461.5928191897029,0.0,61.61350618945421,69.55140416953455,0.0,-0.3999999999999999,-20.04774653359045,0.5,1.0128070659355783,0.9975661211411934
1625,test,1,2,1,-60.7684239561347,76.48379377726779,0.0,-61.97242417786117,186.9598476060051,0.0,0.0,-118.46004923809275,0.5,1.0128070659355783,0.9975661211411934
1626,train,1,0,1,241.89191187750768,738.5580460144312,0.4,302.73593985427954,-67.98539363942528,0.0,0.0,-40.75264722033285,0.5,1.007882966156282,1.0024398170780122
1626,train,1,2,1,181.41893390813075,1428.5490604503239,-0.4,30.446658229061654,-58.196227036697465,0.0,0.0,7.706761387321073,0.5,1.007882966156282,1.0024398170780122
1627,train,0,1,1,-1320.0,-538.9392208113668,0.0,1048.497313725143,0.0,-0.6666666666666666,-0.5,0.0,0.5,1,1
1627,train,2,0,0,360.0,2248.5816395927914,0.0,-427.8321499319568,0.0,0.3333333333333333,0.5,0.0,0.5,1,1
1628,train,2,0,1,351.61887858756614,437.47267275182804,-0.09523809523809523,36.6036687528135,-174.94281105303028,0.14285714285714285,1.1428571428571428,-19.105788713981987,0.5,0.9767191071876837,1.003661956975393
1628,train,1,2,0,-293.01573215630515,263.3133314351334,0.19047619047619047,-32.38957730474829,94.56909979941591,-0.14285714285714285,-0.9523809523809523,-42.48616662437121,0.5,0.9767191071876837,1.003661956975393
1629,test,0,2,0,480.0,2632.903219768973,0.0,455.1047533894043,28.037008569988046,0.0,0.0,93.24922287435585,0.5,1,1
1629,test,1,2,0,180.0,123.7336933703391,0.0,-159.1856871081269,370.21757469466877,0.3,0.0,94.09217856553585,0.5,1,1
1630,train,0,1,1,-345.765465367113,-1249.3919832567196,0.23809523809523808,-4.416664698864139,15.54456298439436,-0.19047619047619047,-0.2857142857142857,-12.612640227680917,0.5,0.9604596260197583,0.9954076467536646
1630,train,2,0,0,0.0,601.9187173271763,0.4761904761904761,-15.595175314561189,-12.567316544165237,0.0,0.0,183.52546476005665,0.5,0.9604596260197583,0.9954076467536646
1631,test,0,1,1,-120.0,-90.74562768285296,0.0,0.0,0.0,0.0,0.0,0.0,0.5,1,1
1631,test,2,0,0,120.0,301.73219116825476,0.0,0.0,0.0,0.0,0.0,0.0,0.5,1,1
1632,validation,0,1,1,-236.42043140866684,-2040.6155779472504,0.6000000000000001,0.0,-349.9757241089984,-0.2,-1.2000000000000002,0.0,0.5,0.9850851308694452,0.9975661211411934
1632,validation,0,2,1,-413.73575496516696,-682.5330261007315,0.19999999999999996,0.0,110.8896386189073,0.0,-0.8000000000000002,0.0,0.5,0.9850851308694452,0.9975661211411934
1633,test,0,2,0,59.297460197513196,580.0033312988163,0.0,0.0,0.0,0.3333333333333333,1.0,0.0,0.5,0.9882910032918866,0.997836259329798
1633,test,2,1,1,-177.89238059253958,-882.2657964708864,-0.16666666666666666,0.0,0.0,-0.6666666666666666,-0.5,0.0,0.5,0.9882910032918866,0.997836259329798
1634,train,1,0,0,-180.0,-752.6790719304945,0.0,0.0,0.0,0.0,0.0,0.0,0.5,1,1
1634,train,2,0,0,-60.0,-1094.2591748901064,0.0,0.0,0.0,0.0,0.0,0.0,0.5,1,1
1635,train,0,1,0,420.0,951.5415198834312,0.0,0.0,0.0,0.0,0.0,0.0,0.5,1,1
1635,train,2,1,0,300.0,-16.62561197786954,0.0,0.0,0.0,0.0,0.0,0.0,0.5,1,1
1636,train,1,0,1,59.3295797272994,54.5047972811427,0.0,55.39382884656827,24.407891134151665,-0.6666666666666666,0.5333333333333333,-48.46015737548458,0.5,0.9888263287883233,1.003254411544728
1636,train,1,2,1,-177.9887391818982,-958.7494643793033,0.0,-148.10210930878546,12.474005910459645,0.0,0.0,-174.9787600555978,0.5,0.9888263287883233,1.003254411544728
1637,train,0,1,1,120.0,-67.93009711214654,0.0,-344.4179836476746,0.0,0.0,0.0,18.673912581949693,0.5,1,1
1637,train,2,0,0,-60.0,230.2463443370666,0.3333333333333333,5.096074348420714,0.0,0.0,0.0,-11.660211995751666,0.5,1,1
1638,validation,0,1,0,0.0,-581.705561400179,0.2,-461.0347672119876,-13.276773820338327,0.0,-0.33333333333333337,18.05102309213038,0.5,0.9829536621081718,0.9964862995176282
1638,validation,1,2,1,0.0,214.20904642661753,-0.2,191.49570036428156,30.030665773806255,0.0,-0.6666666666666665,-7.421988268774911,0.5,0.9829536621081718,0.9964862995176282
1639,train,0,1,1,-121.40528959883602,-457.7773105106899,0.0,-421.6963743426513,64.18096767054772,0.0,0.0,0.0,0.5,1.0117107466569668,0.9987823191973281
1639,train,2,0,0,60.70264479941801,68.9595380028879,0.0,586.4204921502326,211.95202397792968,0.0,0.0,0.0,0.5,1.0117107466569668,0.9987823191973281
1640,train,0,1,0,-116.82609267778601,653.6818342614589,-0.3333333333333333,0.0,0.0,0.0,0.0,236.7441130237103,0.5,0.9735507723148834,0.9975661211411933
1640,train,1,2,1,-58.413046338893004,-524.8909560503313,-0.3333333333333333,0.0,0.0,0.0,0.0,-73.11829001428444,0.5,0.9735507723148834,0.9975661211411933
1641,test,2,0,1,118.77166154862998,2197.8179891728573,0.0,0.0,-1877.73980218552,0.0,0.0,0.0,0.5,0.9897638462385832,0.999188047959379
1641,test,1,2,0,-653.2441385174649,-2125.775442412461,0.0,0.0,837.792226688179,0.0,0.0,0.0,0.5,0.9897638462385832,0.999188047959379
1642,validation,0,2,0,-660.0,252.87108792542585,0.0,1318.780311925185,0.0,0.0,0.0,0.0,0.5,1,1
1642,validation,1,2,0,-540.0,-491.019615327109,0.0,1276.589937995953,0.0,0.0,0.0,0.0,0.5,1,1
1643,train,1,0,0,0.0,853.3597358475452,0.3333333333333333,0.0,0.0,0.0,0.0,117.95490701080948,0.5,1.0286985756260396,1.0017614936235477
1643,train,0,2,1,0.0,488.9202886135085,0.0,0.0,0.0,0.0,0.0,-95.4645575147965,0.5,1.0286985756260396,1.0017614936235477
1644,test,1,0,0,60.0,698.6270911204492,0.0,0.0,0.0,0.0,0.0,0.0,0.5,1,1
1644,test,0,2,1,-420.0,-1181.0007739086013,0.0,0.0,0.0,0.0,0.0,0.0,0.5,1,1
1645,train,2,0,1,177.19533915369087,633.1496957568344,0.0,0.0,-53.024048929000315,-0.6666666666666666,0.0,0.0,0.5,0.9844185508538381,0.9986471128909702
1645,train,1,2,0,472.5209044098423,150.94479505345637,0.0,0.0,216.48311543116984,0.3333333333333333,0.0,0.0,0.5,0.9844185508538381,0.9986471128909702
1646,train,0,2,0,58.603146431261024,-404.0675445859101,0.2857142857142857,-32.318945456774784,-83.98995864757126,0.0,1.4285714285714286,-84.05190684096277,0.5,0.9767191071876837,1.0006771306930664
1646,train,1,2,0,-175.80943929378307,-1730.1100767733144,0.09523809523809523,-7.35182819295845,-149.05160796587035,0.7619047619047619,0.42857142857142855,45.61620245492091,0.5,0.9767191071876837,1.0006771306930664
1647,validation,2,0,1,-59.34564601589777,98.35136623101917,0.0,0.0,-18.106464202090464,-0.6666666666666666,-0.13333333333333333,-39.5636753848131,0.5,0.9890941002649628,0.997836259329798
1647,validation,1,2,0,59.34564601589777,480.59222979954245,0.06666666666666667,0.0,67.38934193436152,0.3333333333333333,0.4,80.22412138751028,0.5,0.9890941002649628,0.997836259329798
1648,train,1,0,0,180.0,577.0519445099962,0.0,411.3931566140361,-0.8630503898036839,-0.2,1.8666666666666667,8.299937662941403,0.5,1,1
1648,train,2,0,0,120.0,-524.6412417946153,0.0,119.66249805751318,64.30517756095247,0.2,0.26666666666666666,-5.743329995038749,0.5,1,1
1649,train,0,1,1,-180.0,-1236.8982359684223,0.0,0.0,0.0,0.0,0.0,0.0,0.5,1,1
1649,train,0,2,1,-240.0,-1835.5992380759017,0.0,0.0,0.0,0.0,0.0,0.0,0.5,1,1
1650,train,0,1,1,0.0,1245.3861723704777,0.0,-74.62295164935273,-59.124007749894616,0.0,0.0,26.716044428836483,0.5,1,1
1650,train,0,2,1,-60.0,939.1064395034136,-0.09523809523809523,-127.47949768587023,-34.27250810506107,0.0,0.23809523809523814,19.64399819016925,0.5,1,1
1651,train,2,0,1,60.0,882.6149527508537,0.0,-173.88685573946498,0.0,0.0,0.0,-6.3172989373736925,0.5,1,1
1651,train,2,1,1,-180.0,981.9797663432669,0.0,-252.08786227134408,0.0,0.0,0.0,-27.85355066274866,0.5,1,1
1652,test,1,0,0,-59.813465734963785,25.876977157633615,0.0,0.0,0.0,0.0,0.0,0.0,0.5,0.9968910955827297,0.9994586253613486
1652,test,0,2,1,-59.813465734963785,426.7747730127942,0.0,0.0,0.0,0.0,0.0,0.0,0.5,0.9968910955827297,0.9994586253613486
1653,validation,1,0,1,-180.0,27.44881848188561,0.0,-834.400334997968,58.687725385987534,0.0,0.0,-233.33952849437455,0.5,1,1
1653,validation,1,2,1,240.0,453.3247000734591,0.0,-1157.5839961729544,155.80415092617284,0.0,0.0,37.01348866382196,0.5,1,1
1654,train,1,0,1,58.65076804205676,-973.3987436956055,0.0,-155.24446403673886,-13.809652266802672,-0.4,0.0,14.256070057793067,0.5,0.977512800700946,0.997836259329798
1654,train,2,1,0,-117.30153608411352,122.1646334555084,0.0,141.6518245323229,308.2716831763808,0.0,0.0,3.506826531608368,0.5,0.977512800700946,0.997836259329798
1655,train,1,0,1,-60.0,792.9745307071798,0.0,0.0,0.0,0.0,0.0,0.0,0.5,1,1
1655,train,1,2,1,-540.0,-3135.7313231216403,0.0,0.0,0.0,0.0,0.0,0.0,0.5,1,1
1656,train,0,2,0,0.0,-705.7486243450212,0.0,15.304237617145418,257.88324155651145,0.0,0.0,92.76848503004123,0.5,1.0044775445674627,0.9979713558551195
1656,train,2,1,1,60.268652674047765,807.6480903732667,0.0,-0.685475223780486,-75.38995063442111,0.0,0.0,10.997466326672967,0.5,1.0044775445674627,0.9979713558551195
1657,validation,1,0,1,117.20629286252205,-1842.0630295281173,0.0,-138.9348258244806,-294.67157927757455,-0.23809523809523808,0.1428571428571428,-22.969649038176883,0.5,0.9767191071876837,1.0006771306930664
1657,validation,2,1,0,-175.80943929378307,322.1868737180425,0.5714285714285714,121.04009469225164,72.24140081618668,0.23809523809523808,-0.1428571428571428,-5.759415931795425,0.5,0.9767191071876837,1.0006771306930664
1658,validation,0,1,0,183.1959401097727,1199.7341685725498,0.0,0.0,330.1311862677408,0.0,0.0,0.0,0.5,1.0177552228320705,0.9993233275026507
1658,validation,1,2,1,-183.1959401097727,-903.050608368077,0.0,0.0,-777.714377944098,0.0,0.0,0.0,0.5,1.0177552228320705,0.9993233275026507
1659,train,1,0,0,-530.7949775384128,1974.464263979569,0.13333333333333336,231.97078633873792,359.4098133909241,0.0,-0.3333333333333335,0.0,0.5,0.9829536621081718,0.9970260641428296
1659,train,0,2,1,176.93165917947093,-1794.4818859926277,0.13333333333333333,-247.54350707615345,-336.37621009821305,0.0,1.3333333333333333,0.0,0.5,0.9829536621081718,0.9970260641428296
1660,train,1,0,0,298.46062748957775,1296.7146483100782,-1.0,0.0,0.0,0.16666666666666666,0.0,116.36273604923954,0.5,0.9948687582985924,1.0013547198921082
1660,train,2,0,0,238.7685019916622,278.5702966402808,-0.6666666666666667,0.0,0.0,0.0,0.0,213.07180557828528,0.5,0.9948687582985924,1.0013547198921082
1661,train,1,0,1,0.0,256.2111571177402,0.0,0.0,0.0,0.0,0.0,0.0,0.5,1,1
1661,train,1,2,1,0.0,-336.05615810488234,0.0,0.0,0.0,0.0,0.0,0.0,0.5,1,1
1662,train,1,0,1,-59.813465734963785,-2128.9575545584803,-2.0,0.0,0.0,0.0,0.0,0.0,0.5,0.9968910955827297,0.9994586253613486
1662,train,1,2,1,-239.25386293985514,-936.1829797609205,-1.0,0.0,0.0,0.0,0.0,0.0,0.5,0.9968910955827297,0.9994586253613486
1663,train,1,0,1,-649.7162435635331,-1365.0715955558462,0.3333333333333333,0.0,-843.1979047994264,0.0,0.0,0.0,0.5,0.9844185508538381,0.9986471128909702
1663,train,1,2,1,-413.45579135861203,-1365.0715955558462,-0.6666666666666666,0.0,-2831.6050100064513,0.0,0.0,0.0,0.5,0.9844185508538381,0.9986471128909702
1664,train,0,1,1,-372.79629747470733,-1604.3573342567797,0.0,-74.2573792077128,60.47817770206194,0.0,0.5999999999999999,0.0,0.5,1.035545270763076,1.0012191653569225
1664,train,0,2,1,-248.5308649831382,-1869.1822377970961,0.0,-80.23047697905315,-301.1213825338293,-0.29999999999999993,-0.19999999999999996,0.0,0.5,1.035545270763076,1.0012191653569225
1665,train,0,2,0,296.92915387157495,799.8312383066167,0.0,0.0,1244.1498666552184,0.0,0.0,0.0,0.5,0.9897638462385832,1.0021684325960005
1665,train,2,1,1,415.70081542020495,-189.67880063870547,0.0,0.0,-804.7032704295751,0.0,0.0,0.0,0.5,0.9897638462385832,1.0021684325960005
1666,train,1,0,1,58.897430206195914,229.96510474010663,0.0,0.0,0.0,0.0,0.0,-368.30050846710645,0.5,0.9816238367699319,0.9986471128909702
1666,train,1,2,1,-471.1794416495673,1226.8442844334397,0.0,0.0,0.0,0.0,0.0,-263.29027832634523,0.5,0.9816238367699319,0.9986471128909702
1667,train,0,1,0,0.0,779.588991485645,0.0,223.20555605817538,0.0,0.0,0.0,24.726514334047735,0.5,0.9727602957786542,1.0009481113345846
1667,train,2,1,0,0.0,833.1716239550248,0.0,131.65015522277048,0.0,0.0,0.0,203.74294599220434,0.5,0.9727602957786542,1.0009481113345846
1668,train,2,0,1,60.0,27.482824411761612,0.0,0.0,0.0,0.0,0.0,0.0,0.5,1,1
1668,train,2,1,1,-180.0,428.01903074643724,0.0,0.0,0.0,0.0,0.0,0.0,0.5,1,1
1669,validation,0,2,0,60.407518619997646,177.27772128409,0.6666666666666666,77.82839890297755,1.2984584767757852,-0.2,0.0,0.0,0.5,1.0067919769999607,0.9967561452934783
1669,validation,1,2,0,362.44511171998585,694.6867609075078,0.0,53.666180024236226,-20.31011748791275,0.0,-0.2666666666666666,0.0,0.5,1.0067919769999607,0.9967561452934783
1670,train,0,1,1,0.0,-581.9114777721397,0.0,84.20545109544264,-17.69144678695922,0.0,0.0,-19.979267478922992,0.5,1.0199621564320092,0.9989175438091965
1670,train,0,2,1,-244.7909175436822,-824.4177981707523,0.0,-1.962472990842116,-79.34539715649055,-1.2000000000000002,0.0,-30.21151982276004,0.5,1.0199621564320092,0.9989175438091965
1671,validation,1,0,0,120.40682899569872,488.93682392558037,0.5714285714285714,161.931247869745,161.14801693611363,0.0,0.0,4.441168900010151,0.5,1.0033902416308227,1.0008126118424647
1671,validation,0,2,1,-120.40682899569872,-890.1471906773403,-0.19047619047619047,-12.968175489302439,-43.820629473632614,0.0,-0.14285714285714285,-29.0534314997218,0.5,1.0033902416308227,1.0008126118424647
1672,train,1,0,0,-61.964712865798546,44.461031674776336,0.0,-22.209986431916533,218.67257945508203,0.4761904761904761,0.0,-7.753878291316713,0.5,1.0327452144299758,0.997836259329798
1672,train,2,0,0,247.85885146319418,169.7576852627505,0.14285714285714285,-28.60939602030524,26.292210386055192,-0.23809523809523808,-0.2857142857142857,21.149565360391932,0.5,1.0327452144299758,0.997836259329798
1673,train,0,1,0,-238.12288535372042,-773.6083850688001,0.0,0.0,0.0,0.0,2.0,108.33503482821257,0.5,0.9921786889738351,1.0025755368765914
1673,train,2,1,0,119.06144267686021,686.9256108909507,0.0,0.0,0.0,0.0,0.666666666666667,101.97629870098496,0.5,0.9921786889738351,1.0025755368765914
1674,train,0,2,0,122.77716123073124,360.4545316577329,0.0,0.0,0.0,0.16666666666666666,0.0,121.4243385291831,0.5,1.0231430102560937,1.0009481113345846
1674,train,2,1,1,61.38858061536562,-776.6407432271973,0.0,0.0,0.0,0.16666666666666666,0.33333333333333337,-143.6980056173569,0.5,1.0231430102560937,1.0009481113345846
1675,validation,0,2,0,-58.59521325621615,-1335.8723127598932,0.4761904761904761,75.43337499017557,-105.14557931888086,0.0,-0.47619047619047616,-3.6100387440946413,0.5,0.9765868876036025,1.0006771306930664
1675,validation,2,1,1,58.59521325621615,667.1877793273462,0.0,-56.089135984746946,-67.70887598482321,-0.09523809523809523,-0.2857142857142857,-46.92167182521332,0.5,0.9765868876036025,1.0006771306930664
1676,train,0,1,1,-59.530721338430105,-1668.7652716362709,-1.0,0.0,0.0,0.0,0.0,0.0,0.5,0.9921786889738351,0.9986471128909702
1676,train,2,0,0,535.776492045871,1901.545119241015,-0.33333333333333337,0.0,0.0,0.0,-1.333333333333334,0.0,0.5,0.9921786889738351,0.9986471128909702
1677,train,0,2,0,58.48426150138168,2786.334561569549,0.0,160.42708768728582,149.46816860895103,0.0,0.7142857142857142,31.70947637969517,0.5,0.9747376916896947,1.0010836291719092
1677,train,1,2,0,175.45278450414506,842.1557428416346,0.2857142857142857,103.714924983027,44.69471477224424,0.38095238095238093,0.5714285714285714,-9.164419185716778,0.5,0.9747376916896947,1.0010836291719092
1678,train,0,2,0,60.0,-79.25298497536187,0.0,0.0,0.0,0.0,0.0,0.0,0.5,1,1
1678,train,2,1,1,120.0,-673.8143988227166,0.0,0.0,0.0,0.0,0.0,0.0,0.5,1,1
1679,test,2,0,1,59.38583077431499,139.82775309307584,0.0,0.0,-966.2969276815221,0.0,0.0,0.0,0.5,0.9897638462385832,0.999188047959379
1679,test,1,2,0,59.38583077431499,89.81766236948846,0.0,0.0,2216.794743922073,0.0,0.0,0.0,0.5,0.9897638462385832,0.999188047959379
1680,train,2,0,1,-360.0,956.966270882212,0.0,-48.47181378965183,-8.664189670832009,0.0,0.19999999999999996,0.0,0.5,1,1
1680,train,2,1,1,-420.0,634.0443943910404,0.0,14.904607923424237,-110.85002491505017,0.0,0.19999999999999996,0.0,0.5,1,1
1681,train,0,1,0,365.74761812239495,1099.870796413207,0.2,105.84449177709746,81.06297042155742,0.0,0.0,0.0,0.5,1.0159656058955415,1.0066556864170535
1681,train,2,1,0,0.0,890.5125380444804,0.0,5.99517509023724,89.18136892956855,0.0,0.0,105.77064736664698,0.5,1.0159656058955415,1.0066556864170535
1682,train,1,0,1,-176.5727278050325,-96.73358526213781,0.0,76.38261802932391,228.49268549076712,0.16666666666666666,0.0,0.0,0.5,0.9809595989168473,0.9982416037801811
1682,train,1,2,1,0.0,-708.8186924463296,0.0,-36.45653522962061,79.59054930483148,0.0,0.0,0.0,0.5,0.9809595989168473,0.9982416037801811
1683,test,1,0,1,-230.8225871473666,-1170.4964829285148,0.0,207.2275291160417,92.82633314969313,-0.13333333333333336,-1.866666666666667,109.87872412831102,0.5,0.9617607797806941,0.9986471128909702
1683,test,2,1,0,57.70564678684165,1723.9623230584748,0.0,108.02973287348556,-28.073746694435002,0.0,0.5333333333333334,-1.3848069740447357,0.5,0.9617607797806941,0.9986471128909702
1684,train,1,0,0,115.48944210288852,696.2469538439426,-0.26666666666666666,983.2016414251366,-32.35083064392006,0.0,1.8,246.12443208155688,0.5,0.962412017524071,0.995677200433284
1684,train,2,0,0,346.46832630866555,12.853447288705583,-0.26666666666666666,142.9618085195915,-120.57521673817597,0.0,1.4000000000000001,145.75986864775325,0.5,0.962412017524071,0.995677200433284
1685,train,1,0,1,-595.307213384301,-1030.4694638676044,0.0,0.0,0.0,0.3333333333333333,-2.0,0.0,0.5,0.9921786889738351,0.9986471128909702
1685,train,1,2,1,-416.7150493690107,-2353.9856978607063,0.0,0.0,0.0,-0.6666666666666666,-4.0,0.0,0.5,0.9921786889738351,0.9986471128909702
1686,train,2,0,1,-59.95939965015904,-1686.844924120416,0.0,0.0,0.0,-1.0,0.0,0.0,0.5,0.9993233275026507,0.9998646288547973
1686,train,2,1,1,-179.87819895047713,-1040.8223328214774,0.0,0.0,0.0,-3.0,0.0,0.0,0.5,0.9993233275026507,0.9998646288547973
1687,validation,0,2,0,300.0,571.6113157215382,0.0,0.0,0.0,0.0,0.0,0.0,0.5,1,1
1687,validation,2,1,1,-480.0,-1150.2228977999189,0.0,0.0,0.0,0.0,0.0,0.0,0.5,1,1
1688,train,2,0,1,-300.0,-872.5704201713256,0.0,0.0,0.0,0.0,0.0,0.0,0.5,1,1
1688,train,2,1,1,-360.0,-702.1549043900559,0.0,0.0,0.0,0.0,0.0,0.0,0.5,1,1
1689,train,0,1,0,-178.01283698350144,-754.6704514260589,0.0,-75.80823152080463,12.563109579337159,0.0,1.2,-56.92896213908422,0.5,0.9889602054638968,1.0013547198921082
1689,train,1,2,1,-178.01283698350144,-1054.8256509645907,0.0,-1.6452805278715061,33.133085648785816,-0.3333333333333333,-0.6000000000000001,-64.10599564324619,0.5,0.9889602054638968,1.0013547198921082
1690,train,0,1,1,-475.92350829242423,349.0638866285073,0.0,0.0,-67.91355647227724,-0.8,0.1,37.36670705836407,0.5,0.9915073089425505,0.9982416037801811
1690,train,0,2,1,-237.96175414621212,45.538684688462716,0.0,0.0,-54.3309864547595,0.0,-0.2,31.98883230030431,0.5,0.9915073089425505,0.9982416037801811
1691,train,1,0,1,0.0,-651.493202726308,0.0,-833.8681828413324,0.0,0.0,0.0,0.0,0.5,1,1
1691,train,2,1,0,-60.0,44.07896169355308,0.0,100.6826198932913,0.0,0.0,0.0,0.0,0.5,1,1
1692,train,0,1,1,60.0,-179.24078890733472,-0.4,160.17604254469734,-48.113790472480616,-0.06666666666666667,0.2666666666666666,0.0,0.5,1,1
1692,train,2,0,0,60.0,-482.32301149444856,0.0,-298.88443390397015,76.09775616244909,0.13333333333333333,0.8,0.0,0.5,1,1
1693,train,0,1,0,540.0,745.0103698876146,0.0,0.0,0.0,0.0,0.0,0.0,0.5,1,1
1693,train,1,2,1,-240.0,-1813.982717118456,0.0,0.0,0.0,0.0,0.0,0.0,0.5,1,1
1694,validation,0,1,0,417.50560848365956,1260.215471886301,0.0,153.0616750510943,0.0,0.0,0.0,25.68178909674375,0.5,0.9940609725801418,0.9987823191973281
1694,validation,1,2,1,-59.64365835480851,-910.8230960820284,0.0,-315.3516409876173,0.0,-1.0,0.0,11.375617766367059,0.5,0.9940609725801418,0.9987823191973281
1695,validation,0,1,1,-178.5921640152903,-616.4744052385847,0.0,0.0,0.0,0.0,-0.666666666666667,-172.1721958724687,0.5,0.9921786889738351,1.0025755368765914
1695,validation,0,2,1,119.06144267686021,-519.2303601518676,0.0,0.0,0.0,0.0,0.0,-107.59542999828994,0.5,0.9921786889738351,1.0025755368765914
1696,train,1,0,0,357.1843280305806,2250.120929475314,0.6666666666666666,0.0,0.0,0.0,0.666666666666667,0.0,0.5,0.992178688973835,0.9985119248876447
1696,train,0,2,1,-238.1228853537204,398.8618566084322,-0.6666666666666666,0.0,0.0,0.0,0.6666666666666665,0.0,0.5,0.992178688973835,0.9985119248876447
1697,train,0,2,0,-60.62872835417434,339.44495185434596,0.0,-148.46288313298746,0.0,0.0,0.6666666666666666,24.564855596144014,0.5,1.0104788059029057,0.9968910955827297
1697,train,1,2,0,60.62872835417434,-256.61771146422217,0.2,-33.29314855730419,0.0,0.5333333333333333,2.0,-0.03922735729714155,0.5,1.0104788059029057,0.9968910955827297
1698,train,0,1,0,124.58548269543672,355.9118894969317,0.19047619047619047,116.50139101419279,-1.1269435006007171,-0.14285714285714285,0.5714285714285713,8.596461640695647,0.5,1.038212355795306,0.9967561452934783
1698,train,2,1,0,-186.8782240431551,494.27360912844836,0.0,-454.40130543135865,22.765291712218584,0.42857142857142855,0.2857142857142857,-3.9852021449223365,0.5,1.038212355795306,0.9967561452934783
1699,train,0,1,1,60.0,-465.61080094873296,0.19047619047619047,160.25344253292607,-53.24997744256242,-0.47619047619047616,-0.09523809523809523,-39.63757766060034,0.5,1,1
1699,train,2,0,0,120.0,518.278558729136,-0.09523809523809523,-47.50083987156381,27.03368985249623,0.0,0.0,-42.48707307011612,0.5,1,1
1700,test,0,2,0,-60.36664251351438,-419.6122066786428,0.0,-55.64767462483144,280.97129694174237,0.0,0.0,-3.7105651875377674,0.5,1.006110708558573,1.004069667960554
1700,test,2,1,1,120.73328502702876,-802.9643393381417,-0.8999999999999999,-28.654130248906654,-200.58756348497113,0.0,0.0,-3.3265981678949217,0.5,1.006110708558573,1.004069667960554
1701,train,0,2,0,293.7306369437463,513.0479304267197,0.3,-76.52578430310396,3.7262360447712553,0.0,0.0,0.0,0.5,0.979102123145821,1.0010836291719092
1701,train,2,1,1,-234.98450955499703,-177.39003146819877,-0.3,44.084974593078556,-191.28820159990337,0.0,0.0,0.0,0.5,0.979102123145821,1.0010836291719092
1702,train,0,1,1,-480.0,-567.710487384019,0.0,0.0,0.0,0.0,0.0,0.0,0.5,1,1
1702,train,2,0,0,-60.0,-207.6721491946514,0.0,0.0,0.0,0.0,0.0,0.0,0.5,1,1
1703,train,0,1,0,477.14926683846807,-110.07765174147617,-0.5,0.0,0.0,0.5,0.0,0.0,0.5,0.9940609725801418,0.999052786729054
1703,train,1,2,1,-656.0802419028936,-1177.1184463090399,0.33333333333333337,0.0,0.0,0.0,-1.3333333333333335,0.0,0.5,0.9940609725801418,0.999052786729054
1704,train,0,2,0,120.0,311.3730637308131,0.0,-165.20541976363774,0.0,0.0,0.0,87.57649248621236,0.5,1,1
1704,train,2,1,1,-60.0,-334.04462649211973,0.0,-131.4886759895491,0.0,-0.2,0.0,-50.641807898653425,0.5,1,1
1705,train,1,0,0,237.8973321965974,2411.967052295615,-0.3,327.5438924602716,0.0,0.1,0.0,-75.89732639473576,0.5,0.9912388841524892,0.9972960560854701
1705,train,0,2,1,-416.3203313440454,-2099.691500855789,-0.3,-176.5767330573525,0.0,0.0,0.0,144.45579867116075,0.5,0.9912388841524892,0.9972960560854701
1706,train,2,0,1,-60.0,-65.85404138546437,0.0,0.0,0.0,0.0,0.0,0.0,0.5,1,1
1706,train,1,2,0,-60.0,485.325557921984,0.0,0.0,0.0,0.0,0.0,0.0,0.5,1,1
1707,train,0,1,0,660.0,3266.790574752482,0.0,584.4257133756714,0.0,0.0,0.6666666666666667,0.0,0.5,1,1
1707,train,1,2,1,-180.0,-2552.925826753022,0.0,388.29683298590624,0.0,0.0,-1.9999999999999998,0.0,0.5,1,1
1708,validation,0,1,1,-364.21586879650806,-602.863614954954,0.0,-218.24420541659347,82.50850797352737,0.0,0.0,0.0,0.5,1.0117107466569668,1.0017614936235477
1708,validation,0,2,1,182.10793439825403,-1079.2696907602756,0.0,-465.0116328645378,29.671589055384857,0.0,0.0,0.0,0.5,1.0117107466569668,1.0017614936235477
1709,train,2,0,1,-240.0,257.59616833294194,0.0,-48.49232568584307,0.0,0.0,0.0,0.0,0.5,1,1
1709,train,1,2,0,120.0,-827.8676490868988,0.0,54.27792057292072,0.0,0.0,0.0,0.0,0.5,1,1
1710,train,2,0,1,-180.0,-882.6295416754965,0.0,0.0,0.0,0.0,0.0,0.0,0.5,1,1
1710,train,1,2,0,-120.0,-719.5096536928477,0.0,0.0,0.0,0.0,0.0,0.0,0.5,1,1
1711,train,1,0,0,-119.91879930031808,-574.3723169058417,0.0,0.0,0.0,0.0,0.0,0.0,0.5,0.9993233275026507,0.9998646288547973
1711,train,2,0,0,-119.91879930031808,-343.3127747026825,0.0,0.0,0.0,0.0,0.0,0.0,0.5,0.9993233275026507,0.9998646288547973
1712,test,1,0,0,176.26224298793704,288.7143866288166,0.5714285714285714,255.93008102306845,0.19295703982731993,-0.38095238095238093,-0.047619047619047616,-6.353282455300757,0.5,0.9792346832663169,1.0013547198921082
1712,test,2,0,0,117.50816199195803,413.1389366787508,0.5714285714285714,-227.34792731103283,136.44369664309266,-0.5714285714285714,0.09523809523809523,55.030314258574585,0.5,0.9792346832663169,1.0013547198921082
1713,train,0,1,1,-58.897430206195914,-253.3256993711379,0.0,0.0,0.0,0.0,0.0,-50.87678369691731,0.5,0.9816238367699319,0.9986471128909702
1713,train,2,0,0,235.58972082478365,-55.557648980178115,0.0,0.0,0.0,0.0,0.0,-62.84054617785994,0.5,0.9816238367699319,0.9986471128909702
1714,validation,1,0,1,-120.0,1315.5586390855624,0.0,0.0,0.0,0.0,0.0,0.0,0.5,1,1
1714,validation,2,1,0,540.0,-2393.122857229084,0.0,0.0,0.0,0.0,0.0,0.0,0.5,1,1
1715,train,0,1,1,60.0,469.04944874400826,0.0,-156.66356575486134,0.0,0.0,0.0,0.0,0.5,1,1
1715,train,0,2,1,-600.0,-117.29881894052687,0.0,-151.0005846429899,0.0,0.0,0.0,0.0,0.5,1,1
1716,validation,0,1,1,-62.30117512914306,-578.5181258240146,-0.19047619047619047,-85.61993801364572,-25.20542692206822,0.0,0.5714285714285713,0.9879018047003345,0.5,1.038352918819051,1.003526090106881
1716,validation,0,2,1,-62.30117512914306,-522.4594064703382,-0.5714285714285714,-30.355712508786254,-37.046492035523336,0.0,-0.2857142857142858,0.9879018047003345,0.5,1.038352918819051,1.003526090106881
1717,validation,0,1,0,-355.6884417238238,-735.7189044783819,0.0,254.3191782925947,-135.09470286724712,0.0,2.0,0.0,0.5,0.9880234492328439,1.008701983790399
1717,validation,1,2,1,-414.96984867779446,-2750.842521440473,0.0,-467.21232272190446,-70.89838600331234,0.0,-0.5,0.0,0.5,0.9880234492328439,1.008701983790399
1718,train,2,0,1,-118.45050963716696,-1403.8586439674132,-0.23809523809523808,2.661030288087659,-176.87605403707235,-0.5714285714285714,-1.2857142857142856,-8.221576911771841,0.5,0.9870875803097247,0.9975661211411933
1718,train,2,1,1,236.90101927433392,1189.3129601718551,0.0,17.693083011639374,-131.46250729186113,-0.2857142857142857,-0.8571428571428572,9.709315686757723,0.5,0.9870875803097247,0.9975661211411933
1719,train,0,1,0,120.0,-703.0830857859078,0.0,35.54860645619476,1.8912139324034172,0.0,0.0,-1.5239637800151824,0.5,1,1
1719,train,2,1,0,420.0,-93.63416392476893,0.0,234.6243788695441,276.6393789535353,0.0,0.8999999999999999,8.357110353293175,0.5,1,1
1720,train,0,1,1,60.0,534.1687345138844,0.0,0.0,0.0,0.0,0.0,0.0,0.5,1,1
1720,train,0,2,1,60.0,-552.5418110916135,0.0,0.0,0.0,0.0,0.0,0.0,0.5,1,1
1721,train,2,0,1,-465.41030530314015,-2637.0246173018522,0.0,0.0,-256.0706276034314,0.0,0.0,77.69332776506718,0.5,0.9696048027148753,0.9971610509762517
1721,train,1,2,0,-58.17628816289252,-716.8957497903432,0.0,0.0,10.137964122870727,0.0,0.0,326.9776378611477,0.5,0.9696048027148753,0.9971610509762517
1722,train,1,0,1,0.0,-965.7209881966337,0.0,-724.6710650999394,71.41325343843232,0.0,0.0,-8.464169540185367,0.5,1,1
1722,train,1,2,1,-780.0,-1071.4422531348282,0.0,-267.40910744281075,69.17765749592078,0.0,0.0,10.898618374124254,0.5,1,1
1723,train,1,0,1,-180.6346962192386,559.9164926243518,0.09523809523809523,-229.63713596918998,-39.54079549502134,0.0,0.38095238095238093,-156.76418064184682,0.5,1.0035260901068812,0.997836259329798
1723,train,2,1,0,180.6346962192386,-411.52590621223607,-0.09523809523809523,398.90028915612857,-117.09537831509796,0.047619047619047616,0.0,144.13115555508728,0.5,1.0035260901068812,0.997836259329798
1724,test,2,0,1,60.0,134.2222372651031,0.0,-201.47625346221048,0.0,0.0,0.0,-35.540745807565244,0.5,1,1
1724,test,1,2,0,0.0,630.1488700794166,0.0,471.54572191520947,0.0,0.0,0.0,7.0013809549924275,0.5,1,1
1725,train,0,2,0,236.45244024628894,2089.594530573526,0.2,0.0,242.76934270630213,0.0,2.8,-75.93806374840115,0.5,0.9852185010262039,0.9974310794729591
1725,train,1,2,0,118.22622012314447,888.1463073479831,0.30000000000000004,0.0,199.298919870451,0.0,0.8,-97.62788762897308,0.5,0.9852185010262039,0.9974310794729591
1726,train,1,0,1,61.06531336992423,-906.2241863508968,0.0,0.0,-1251.766146227067,0.0,0.0,0.0,0.5,1.0177552228320705,0.9993233275026507
1726,train,2,1,0,-244.26125347969693,225.53518949061632,0.0,0.0,294.6837867428234,0.0,0.0,0.0,0.5,1.0177552228320705,0.9993233275026507
1727,train,0,2,0,60.0,524.9808443688275,0.0,304.60650890533265,0.0,0.0,0.6666666666666666,0.0,0.5,1,1
1727,train,1,2,0,-60.0,0.0,0.0,-20.501612173495175,0.0,0.0,0.0,0.0,0.5,1,1
1728,test,1,0,1,0.0,-337.4418370842235,0.6666666666666667,126.30757663133974,-410.41830899456704,0.0,0.0,0.0,0.5,1.0379312868297725,1.0014902927799512
1728,test,1,2,1,-124.5517544195727,-219.20812313670032,0.6666666666666667,-34.15108788706172,-388.335685074519,0.0,0.0,0.0,0.5,1.0379312868297725,1.0014902927799512
1729,train,0,2,0,59.353680791638524,397.6126118174855,0.06666666666666668,-81.16132716044336,-55.746173483289,0.3333333333333333,0.0,63.91970060890625,0.5,0.9892280131939755,0.997836259329798
1729,train,2,1,1,0.0,324.409620834177,0.0,291.25113141808043,4.902779844063403,-0.6666666666666666,0.0,-48.04285111547559,0.5,0.9892280131939755,0.997836259329798
1730,validation,2,0,1,-60.0,794.7987231015495,0.0,0.0,0.0,0.0,0.0,0.0,0.5,1,1
1730,validation,2,1,1,60.0,957.0906374515062,0.0,0.0,0.0,0.0,0.0,0.0,0.5,1,1
1731,train,0,1,1,60.530313085225764,-42.93365345880974,0.0,0.0,0.0,0.0,0.0,-207.92875676094866,0.5,1.0088385514204294,0.9997292760349417
1731,train,2,0,0,181.5909392556773,-290.1325606070078,0.0,0.0,0.0,0.0,0.0,521.5734049014716,0.5,1.0088385514204294,0.9997292760349417
1732,train,2,0,1,180.6102434935481,-432.4285078334193,0.047619047619047616,-261.0599488441344,-276.19033506685594,0.0,-0.23809523809523803,3.3698068773750762,0.5,1.0033902416308227,0.997836259329798
1732,train,2,1,1,-120.40682899569872,-828.3052510802725,-0.09523809523809523,-14.668137519054426,157.19754417405062,0.14285714285714285,-1.1904761904761902,-9.124432158200747,0.5,1.0033902416308227,0.997836259329798
1733,test,1,0,1,-238.7685019916622,-682.57209803997,0.0,0.0,0.0,0.0,0.0,-32.677072533200864,0.5,0.9948687582985924,0.9979713558551195
1733,test,2,1,0,119.3842509958311,-219.040767915875,0.0,0.0,0.0,0.0,0.6666666666666667,114.20872399864527,0.5,0.9948687582985924,0.9979713558551195
1734,train,2,0,1,-119.06144267686021,369.0909374536024,0.0,0.0,0.0,0.0,-2.6666666666666665,6.852661765530229,0.5,0.9921786889738351,0.9986471128909702
1734,train,2,1,1,-297.6536066921505,-283.6307383507758,0.0,0.0,0.0,0.0,-2.6666666666666665,93.8117368967846,0.5,0.9921786889738351,0.9986471128909702
1735,validation,1,0,0,299.0673286748189,-163.82763213208455,0.0,0.0,0.0,0.0,3.0,0.0,0.5,0.9968910955827297,0.9994586253613486
1735,validation,2,0,0,-59.813465734963785,119.64880556248993,0.0,0.0,0.0,0.0,7.0,0.0,0.5,0.9968910955827297,0.9994586253613486
1736,train,1,0,1,-120.0,-442.1657016540835,0.0,57.14647494731042,-7.279719031173693,0.09523809523809523,-0.38095238095238093,-20.607662884648114,0.5,1,1
1736,train,1,2,1,-120.0,-401.89786753682347,0.0,50.892182322854865,-38.540298580170926,0.19047619047619047,-0.19047619047619047,-49.85396083853687,0.5,1,1
1737,train,0,1,0,603.6664251351438,1527.206940224554,0.0,64.58542973566219,376.1125625977038,0.0,1.2000000000000002,-17.059551307487887,0.5,1.006110708558573,0.9981064706710885
1737,train,1,2,1,60.36664251351438,744.5673444953694,0.0,-460.9063078817953,-265.08894969514216,0.0,0.5999999999999999,-51.59084299141055,0.5,1.006110708558573,0.9981064706710885
1738,train,0,2,0,-175.09685324015774,-101.85925061921395,0.0,-96.38628106192277,0.0,0.0,0.0,10.925272092599187,0.5,0.9727602957786542,0.9975661211411934
1738,train,2,1,1,116.7312354934385,-990.7097292379424,0.0,-289.98462302409644,0.0,0.0,0.0,-38.1551354494901,0.5,0.9727602957786542,0.9975661211411934
1739,train,1,0,0,0.0,-331.3911865576354,0.0,0.0,0.0,0.0,2.0,0.0,0.5,0.9968910955827297,0.9994586253613486
1739,train,0,2,1,239.25386293985514,-304.9068866582062,0.0,0.0,0.0,0.0,-3.0,0.0,0.5,0.9968910955827297,0.9994586253613486
1740,test,0,1,1,427.225779105751,-324.5136124352002,-0.2,0.0,-119.72780073600394,-0.3333333333333333,0.06666666666666665,-58.733481519487775,0.5,1.0172042359660738,1.0077465278849231
1740,test,0,2,1,305.16127078982214,-900.9202771684606,-0.4,0.0,-15.104173989053209,-0.3333333333333333,0.06666666666666665,-90.11946801790526,0.5,1.0172042359660738,1.0077465278849231
1741,validation,0,1,0,118.22622012314447,-1161.4120842357713,0.4,0.0,0.0,1.2,-1.6,21.645496130443185,0.5,0.9852185010262039,0.9972960560854701
1741,validation,2,1,0,-59.113110061572236,-135.60883592743755,0.8,0.0,0.0,1.2,1.1999999999999997,76.23874802935657,0.5,0.9852185010262039,0.9972960560854701
1742,test,2,0,1,62.639464349305726,-900.6560801601436,-0.06666666666666667,131.1495252880666,-156.8781416309685,0.0,0.5333333333333334,-96.0993042017603,0.5,1.0439910724884287,1.0008126118424647
1742,test,2,1,1,-313.1973217465286,-1007.6976207184733,0.0,172.44490390130193,-138.77332065654497,0.0,-0.5333333333333332,-147.35905265495168,0.5,1.0439910724884287,1.0008126118424647
1743,train,0,2,0,309.15318648226724,930.6131872189083,0.0,-25.50704454762905,4.438821755505007,0.0,-0.2857142857142857,3.8130400145103627,0.5,1.0305106216075575,1.0014902927799512
1743,train,1,2,0,185.49191188936035,1010.430671021221,0.5714285714285714,37.3297035488152,122.53404922956582,0.0,0.1428571428571428,7.767108703502903,0.5,1.0305106216075575,1.0014902927799512
1744,train,1,0,0,60.710863298508976,652.4818683614418,0.0,0.0,743.6216741837893,0.0,0.0,-41.626513671809505,0.5,1.0118477216418162,0.9987823191973281
1744,train,0,2,1,-303.5543164925449,326.5166428284546,0.0,0.0,-266.33573267597666,0.0,0.0,28.150665506745895,0.5,1.0118477216418162,0.9987823191973281
1745,test,0,2,0,300.0,1102.0211996635667,0.0,348.55902256972195,0.0,0.0,0.0,0.0,0.5,1,1
1745,test,1,2,0,-60.0,-180.08491155441152,0.0,173.55471735068147,0.0,0.0,0.0,0.0,0.5,1,1
1746,train,0,1,0,605.3031308522577,1046.129653655892,0.0,0.0,0.0,0.0,0.0,149.0974082748649,0.5,1.0088385514204294,0.9997292760349417
1746,train,1,2,1,-60.530313085225764,-705.9373676537715,0.0,0.0,0.0,0.0,0.0,-27.000793972236256,0.5,1.0088385514204294,0.9997292760349417
1747,train,0,1,0,0.0,-32.829282544390686,0.0,0.0,11.877878120516584,0.0,0.5,34.955803566630294,0.5,0.9881572172069775,0.9979713558551195
1747,train,1,2,1,-889.3414954862798,-1330.4213155066113,0.0,0.0,246.9596440309016,0.0,-2.0,-224.43875559892348,0.5,0.9881572172069775,0.9979713558551195
1748,train,1,0,0,-61.06531336992423,-194.13429456170408,0.0,0.0,1460.0013145791368,0.0,0.0,0.0,0.5,1.0177552228320705,0.9993233275026507
1748,train,2,0,0,-244.26125347969693,1163.9890972870248,0.0,0.0,497.44733560514527,0.0,0.0,0.0,0.5,1.0177552228320705,0.9993233275026507
1749,test,1,0,1,-60.0,221.1840894920192,0.0,0.0,0.0,0.0,0.0,0.0,0.5,1,1
1749,test,1,2,1,-360.0,-432.7327482470969,0.0,0.0,0.0,0.0,0.0,0.0,0.5,1,1
1750,train,2,0,1,-237.18984079005278,358.52206237104235,0.0,144.87648891697026,0.0,0.0,0.0,-120.00079298503834,0.5,0.9882910032918866,0.9977011810926478
1750,train,1,2,0,59.297460197513196,302.3496051075111,0.0,-117.47927774101026,0.0,0.0,-1.0,129.20482885115908,0.5,0.9882910032918866,0.9977011810926478
1751,train,1,0,0,0.0,944.0112764060541,0.0,0.0,0.0,0.0,0.0,422.7410672874999,0.5,0.9816238367699319,0.9986471128909702
1751,train,2,0,0,117.79486041239183,1737.0160529118878,0.0,0.0,0.0,0.0,0.0,565.0892429172951,0.5,0.9816238367699319,0.9986471128909702
1752,test,0,1,0,780.0,716.6929824626432,0.0,0.0,0.0,0.0,0.0,0.0,0.5,1,1
1752,test,1,2,1,-420.0,-721.481703973479,0.0,0.0,0.0,0.0,0.0,0.0,0.5,1,1
1753,train,0,2,0,548.6214271835925,897.834904550791,0.0,9.240935363141602,32.899407536156545,0.2,0.0,51.390117266967195,0.5,1.0159656058955415,1.0029828065324724
1753,train,2,1,1,-426.7055544761274,-828.3708329990875,-0.26666666666666666,10.570350303818884,-44.14526039209403,-0.2,0.0,-17.227778926506303,0.5,1.0159656058955415,1.0029828065324724
1754,train,1,0,1,-180.0,49.76479206228032,0.0,-445.2066361190729,0.0,-0.16666666666666666,0.0,0.0,0.5,1,1
1754,train,1,2,1,-540.0,-920.2830816589312,0.0,-1079.2110198204591,0.0,0.0,-0.33333333333333326,0.0,0.5,1,1
1755,train,0,1,0,360.0,605.8966474820272,0.0,7.448442680863764,0.0,0.0,0.0,0.0,0.5,1,1
1755,train,2,1,0,180.0,630.2486037491399,0.0,349.7173559138739,0.0,0.0,0.0,0.0,0.5,1,1
1756,train,0,2,0,-178.15749232294496,1221.574052283204,0.0,0.0,1949.37660170064,0.0,0.0,0.0,0.5,0.9897638462385832,0.999188047959379
1756,train,2,1,1,-415.70081542020495,-1786.3272833056637,0.0,0.0,-1320.9488956758373,0.0,0.0,0.0,0.5,0.9897638462385832,0.999188047959379
1757,train,0,1,0,60.0,-157.4242801554583,0.1,392.3343150258369,0.0,0.3,0.0,0.0,0.5,1,1
1757,train,1,2,1,-180.0,-1360.3924547157667,0.0,-803.3292840176974,0.0,0.3,0.40000000000000013,0.0,0.5,1,1
1758,train,1,0,0,-116.7312354934385,474.92384368662437,0.0,138.83336064762466,0.0,0.0,0.0,272.02222756142004,0.5,0.9727602957786542,1.0005416678839063
1758,train,2,0,0,58.36561774671925,946.7352737256351,0.0,-58.595694167883835,0.0,0.0,0.0,102.62064763575576,0.5,0.9727602957786542,1.0005416678839063
1759,train,0,1,1,0.0,632.3360050378899,0.0,125.5037041821127,-309.9868150590147,0.0,0.0,0.0,0.5,0.9841520451604739,1.001625884022936
1759,train,0,2,1,0.0,730.7555605634303,0.0,-97.7531990944795,-213.24864972581722,0.0,0.0,0.0,0.5,0.9841520451604739,1.001625884022936
1760,train,1,0,1,0.0,-714.5352914557812,0.0,-7.454049986040133,-26.52211324720151,0.0,-1.2000000000000002,-68.20487491888171,0.5,0.9852185010262039,1.0008126118424647
1760,train,2,1,0,-59.113110061572236,255.87177892837667,0.0,20.113573861881918,31.061155477882828,0.0,0.8000000000000002,27.981850218522595,0.5,0.9852185010262039,1.0008126118424647
1761,train,1,0,0,0.0,523.3339759506233,0.3,5.402786047041673,99.21746600098548,0.2,0.0,0.0,0.5,0.979102123145821,0.9979713558551195
1761,train,0,2,1,-646.2074012762419,-1148.7194596589434,-1.5,-51.967779173421576,-366.75482413542034,0.0,0.0,0.0,0.5,0.979102123145821,0.9979713558551195
1762,train,1,0,1,-240.0,-902.1103530542077,0.2,-161.11126903075922,-144.5646196556642,0.0,0.8999999999999999,0.0,0.5,1,1
1762,train,2,1,0,-60.0,-0.3151731721700344,0.0,233.13901710753885,-42.22415877637488,0.0,0.0,0.0,0.5,1,1
1763,train,0,1,1,0.0,653.5641106250332,0.0,132.97685719942254,105.01292344198237,-0.23809523809523808,-0.047619047619047616,-2.825962758930143,0.5,0.9761903362339661,0.9955424144704091
1763,train,2,0,0,234.28568069615187,-366.02401988896065,0.2857142857142857,-201.41585314945485,-29.680154690747344,0.0,0.19047619047619047,57.687800256362785,0.5,0.9761903362339661,0.9955424144704091
1764,test,0,1,0,300.44708783398534,634.8360157638307,1.7142857142857142,-60.4002100804104,107.39233993902263,0.19047619047619047,0.0,45.25126796124522,0.5,1.0014902927799512,1.0013547198921082
1764,test,2,1,0,660.9835932347678,145.0260015536429,0.5714285714285714,-97.24127556309233,334.3199984092446,0.0,-0.047619047619047616,32.796222330016185,0.5,1.0014902927799512,1.0013547198921082
1765,train,1,0,0,-178.44715574327918,137.85772976569808,0.0,0.0,-1.430492493060651,0.0,0.5999999999999999,0.0,0.5,0.9913730874626621,0.9985119248876447
1765,train,0,2,1,-59.48238524775972,-778.6784161931118,0.0,0.0,-30.267614471840186,0.0,-0.8999999999999999,0.0,0.5,0.9913730874626621,0.9985119248876447
1766,train,0,2,0,-58.857575935010836,-575.6026881520492,0.0,-132.2438520118609,440.01802339350877,0.0,-0.16666666666666674,0.0,0.5,0.9809595989168473,0.9982416037801811
1766,train,1,2,0,0.0,-243.03760677195376,0.0,-137.92323084112934,122.44998514921295,0.0,-0.6666666666666666,0.0,0.5,0.9809595989168473,0.9982416037801811
1767,test,0,1,0,719.5127958019085,2404.3427689198443,0.0,0.0,0.0,0.0,0.0,0.0,0.5,0.9993233275026507,0.9998646288547973
1767,test,1,2,1,-119.91879930031808,303.2720116771687,0.0,0.0,0.0,-1.0,0.0,0.0,0.5,0.9993233275026507,0.9998646288547973
1768,train,0,1,1,-120.0,-352.4011986224955,0.0,0.0,0.0,0.0,0.0,0.0,0.5,1,1
1768,train,2,0,0,60.0,-49.27609854460479,0.0,0.0,0.0,0.0,0.0,0.0,0.5,1,1
1769,train,0,1,1,-1989.1348097007274,-2796.06485226809,-0.5333333333333334,-31.590779441301933,67.28260562735093,0.2,0.2666666666666666,0.0,0.5,1.0046135402528926,0.9979713558551195
1769,train,2,0,0,0.0,-35.69198802503584,1.0666666666666667,-72.6575711271212,229.62883403450826,0.0,-0.1333333333333333,0.0,0.5,1.0046135402528926,0.9979713558551195
1770,train,1,0,0,897.3234577285466,540.8567024019487,0.3333333333333333,0.0,0.0,0.0,0.0,0.0,0.5,0.9970260641428296,1.0031185998461076
1770,train,2,0,0,837.5018938799768,-118.1167583816403,0.0,0.0,0.0,-1.3333333333333333,0.0,0.0,0.5,0.9970260641428296,1.0031185998461076
1771,validation,0,1,0,-62.919935342611744,-541.3459685178282,0.0,0.0,266.91642838442294,0.0,-0.16666666666666652,317.8481097593379,0.5,1.048665589043529,1.001625884022936
1771,validation,2,1,0,125.83987068522349,-326.9642763085389,0.0,0.0,305.0708849500192,0.0,-0.6666666666666665,157.17230472506492,0.5,1.048665589043529,1.001625884022936
1772,test,0,1,0,59.813465734963785,-649.3310092477701,0.0,0.0,0.0,0.0,0.0,0.0,0.5,0.9968910955827297,0.9994586253613486
1772,test,2,1,0,-478.5077258797103,-372.638138202684,0.0,0.0,0.0,0.0,2.0,0.0,0.5,0.9968910955827297,0.9994586253613486
1773,train,0,1,0,180.0,989.634082055929,0.0,0.0,0.0,0.0,0.0,0.0,0.5,1,1
1773,train,1,2,1,-60.0,-444.2847917053955,0.0,0.0,0.0,0.0,0.0,0.0,0.5,1,1
1774,test,1,0,0,535.1965374651688,310.39078100709827,-0.2,0.0,0.0,0.4,-0.3,96.7730141391623,0.5,0.991104699009572,0.9983767551848742
1774,test,0,2,1,-416.2639735840202,-355.0727744580021,-0.2,0.0,0.0,-0.4,-0.20000000000000007,-66.70939676194794,0.5,0.991104699009572,0.9983767551848742
1775,train,0,1,1,-60.0,-1206.2437782197549,0.19047619047619047,-142.47324418167636,-105.448459639028,0.0,0.2857142857142857,-23.394147645486235,0.5,1,1
1775,train,2,0,0,-180.0,356.06321954362875,0.19047619047619047,187.9035941548844,-97.43139450642482,0.0,-0.7142857142857142,4.582717636997599,0.5,1,1
1776,test,0,1,0,120.0,998.9824569193429,0.0,130.63529330617996,0.0,0.0,0.0,0.0,0.5,1,1
1776,test,1,2,1,-240.0,-439.44127330951324,0.0,-10.72135570343039,0.0,-0.3333333333333333,0.0,0.0,0.5,1,1
1777,train,0,2,0,178.93097506442552,602.825385479678,0.0,0.0,0.0,0.5,1.0,23.216413674777712,0.5,0.9940609725801418,0.9989175438091965
1777,train,1,2,0,238.57463341923403,655.5395224919796,0.0,0.0,0.0,0.5,-0.33333333333333337,48.797799923847435,0.5,0.9940609725801418,0.9989175438091965
1778,test,1,0,1,348.63268808175513,2469.1390817282054,0.33333333333333326,585.9713220201709,0.0,0.0,0.0,-262.0799689739725,0.5,0.9684241335604309,0.9967561452934783
1778,test,2,1,0,406.738136095381,377.9499033584206,-0.6666666666666666,-220.13740752357756,0.0,0.0,0.0,172.7861688653615,0.5,0.9684241335604309,0.9967561452934783
1779,validation,1,0,1,585.6349129381287,-781.6656821450797,0.0,211.39195615356863,-467.02258551936126,-0.4,-0.26666666666666666,0.0,0.5,0.9760581882302144,1.0014902927799512
1779,validation,2,1,0,-351.38094776287716,1654.377306934955,-0.3333333333333333,-75.07916186459366,249.755951606766,0.4,0.4666666666666666,0.0,0.5,0.9760581882302144,1.0014902927799512
1780,train,0,1,1,-474.37968158010557,-945.338192903578,-1.3333333333333333,0.0,0.0,0.3333333333333333,-1.0,0.0,0.5,0.9882910032918866,0.997836259329798
1780,train,0,2,1,-59.297460197513196,-347.6041983299943,0.0,0.0,0.0,0.3333333333333333,-1.0,0.0,0.5,0.9882910032918866,0.997836259329798
1781,validation,2,0,1,119.0614426768602,-806.5725353585404,0.0,0.0,0.0,0.0,0.0,0.0,0.5,0.992178688973835,1.0042056084237854
1781,validation,1,2,0,-119.0614426768602,1084.3411322511497,0.0,0.0,0.0,0.3333333333333333,0.0,0.0,0.5,0.992178688973835,1.0042056084237854
1782,validation,0,2,0,900.0,889.7542811456433,0.0,0.0,0.0,0.0,0.0,0.0,0.5,1,1
1782,validation,2,1,1,-420.0,-2780.9306809308628,0.0,0.0,0.0,0.0,0.0,0.0,0.5,1,1
1783,test,1,0,0,180.0,53.17070876568869,0.0,-251.1032697066289,-78.1375009219708,0.0,2.6999999999999997,-66.4579057909041,0.5,1,1
1783,test,0,2,1,-60.0,495.60861594631933,0.0,430.9575192859486,-43.234656690673404,0.0,-1.1999999999999997,-123.20837591010792,0.5,1,1
1784,test,0,1,1,-60.0,-73.47310600788569,0.047619047619047616,-239.9617377796332,-111.63490420021644,0.0,-0.7142857142857142,19.34966614214327,0.5,1,1
1784,test,2,0,0,-60.0,-325.42984746070215,-0.047619047619047616,-61.95716134571303,113.44724154896626,0.19047619047619047,-0.4761904761904761,-12.09468317687763,0.5,1,1
1785,train,0,2,0,117.22216136074859,713.6512550220948,0.4,0.0,80.69353968407539,0.0,-0.3999999999999999,-28.86717028343628,0.5,0.9768513446729049,1.001625884022936
1785,train,1,2,0,117.22216136074859,964.4213376340188,0.4,0.0,108.51198796239926,0.0,0.20000000000000018,-6.093105784763914,0.5,0.9768513446729049,1.001625884022936
1786,train,1,0,1,0.0,763.4431537676778,0.0,402.14545199968256,-16.104132010174652,0.0,0.0,52.86440161664783,0.5,1,1
1786,train,2,1,0,0.0,-728.6625960790789,0.47619047619047616,-494.8245676217897,78.05155493401443,0.0,0.2857142857142857,-15.438848058864814,0.5,1,1
1787,train,0,1,1,313.7914951457501,-1225.2449456971372,-0.13333333333333336,191.94845989830128,-19.72131626215374,0.0,-0.8,-99.41259826292853,0.5,1.0459716504858336,1.0044775445674627
1787,train,0,2,1,188.27489708745006,-878.8210672525092,0.26666666666666666,320.55944271686946,-124.08829661308624,0.0,-3.2,74.998041462971,0.5,1.0459716504858336,1.0044775445674627
1788,train,1,0,0,1007.3746990295929,1876.3006436367084,0.20000000000000007,0.0,229.6149801906824,-0.2,0.0,-184.89762096864058,0.5,0.9876222539505812,0.9968910955827297
1788,train,0,2,1,-1303.6613752147673,-1115.085408737972,0.0,0.0,70.5836969832987,0.30000000000000004,0.0,78.82385869766551,0.5,0.9876222539505812,0.9968910955827297
1789,train,0,1,0,178.15749232294496,207.3273996221727,0.0,0.0,303.2043169952904,0.0,0.0,0.0,0.5,0.9897638462385832,0.999188047959379
1789,train,1,2,1,-415.70081542020495,-568.9966666451032,0.0,0.0,-833.1510184819451,0.0,0.0,0.0,0.5,0.9897638462385832,0.999188047959379
1790,train,0,2,0,121.56975975966273,2189.5512175111435,0.0,179.5041601128212,-108.35129596888977,0.19047619047619047,0.0,34.859807203477914,0.5,1.0130813313305227,1.0059745101997548
1790,train,1,2,0,60.784879879831365,1045.9527613513771,-0.23809523809523808,285.82373961123324,-29.469714169272237,0.09523809523809523,0.23809523809523808,-50.50349844612022,0.5,1.0130813313305227,1.0059745101997548
1791,test,0,1,1,117.79486041239183,0.0,0.0,0.0,0.0,0.0,0.0,-175.43259451858071,0.5,0.9816238367699319,0.9986471128909702
1791,test,2,0,0,117.79486041239183,264.2022785565583,0.0,0.0,0.0,0.0,0.0,231.71072738373397,0.5,0.9816238367699319,0.9986471128909702
1792,train,1,0,1,-234.0320767106657,-183.54526037974588,0.5714285714285714,190.3250903877414,140.2376174326152,-0.38095238095238093,-1.0,-2.531607509625294,0.5,0.9751336529611071,1.0010836291719092
1792,train,2,1,0,292.54009588833213,44.13489569931161,0.0,-50.40630860590221,212.996774121487,0.19047619047619047,0.0,23.616292208757486,0.5,0.9751336529611071,1.0010836291719092
1793,train,1,0,0,120.0,264.98612069381034,0.0,214.94545643164952,0.0,0.0,-0.30000000000000004,0.0,0.5,1,1
1793,train,2,0,0,300.0,1214.6262559087863,-0.1,1158.3688143312052,0.0,0.4000000000000001,2.4,0.0,0.5,1,1
1794,train,1,0,1,182.67585617444337,389.0951157804606,0.0,-168.6210573698869,4.776068310881094,0.0,0.19047619047619047,1.9120233605719523,0.5,1.0148658676357964,0.9981064706710885
1794,train,1,2,1,60.89195205814779,583.4711812703193,0.14285714285714285,-179.60834477200302,-38.0884646481942,0.0,0.09523809523809523,-5.425368340195161,0.5,1.0148658676357964,0.9981064706710885
1795,train,2,0,1,-182.99763853027073,932.0068867079949,0.0,0.0,-98.01590985852938,0.3,0.0,-81.47289423092714,0.5,1.016653547390393,1.0001353894730307
1795,train,1,2,0,-243.99685137369434,-617.8818159052341,-0.1,0.0,34.732760716254504,0.0,0.0,98.41795283012726,0.5,1.016653547390393,1.0001353894730307
1796,train,0,1,0,0.0,-353.75305319821314,0.0,0.0,0.0,0.0,1.0,0.0,0.5,0.9968910955827297,0.9994586253613486
1796,train,1,2,1,-59.813465734963785,160.8507140799633,0.0,0.0,0.0,0.0,-2.0,0.0,0.5,0.9968910955827297,0.9994586253613486
1797,train,1,0,1,354.39067830738173,962.7016563472117,0.0,0.0,-174.92077854473806,-0.6666666666666667,0.0,0.0,0.5,0.9844185508538381,0.9974310794729591
1797,train,1,2,1,-531.5860174610726,-2259.943473622964,-1.0,0.0,-36.30779913086303,-0.6666666666666667,0.0,0.0,0.5,0.9844185508538381,0.9974310794729591
1798,train,0,1,1,-555.4972308380613,-777.1822846205572,0.0,0.0,0.0,0.6666666666666666,0.0,-632.0323963979353,0.5,1.0286985756260396,1.0017614936235477
1798,train,2,0,0,-246.8876581502495,-2232.526122452957,0.0,0.0,0.0,-0.6666666666666666,0.0,428.48735643024764,0.5,1.0286985756260396,1.0017614936235477
1799,train,0,1,0,242.8434531940359,967.9335996703621,0.0,0.0,117.81524810786956,0.0,0.0,111.51507927819155,0.5,1.0118477216418162,0.9987823191973281
1799,train,1,2,1,-60.710863298508976,-569.91871552417,0.0,0.0,-146.79401407483007,0.0,0.0,0.0,0.5,1.0118477216418162,0.9987823191973281
1800,train,0,1,0,300.0,1684.3884920386622,0.0,864.9200381562904,234.74988622629917,0.0,-0.4,-8.30480216536614,0.5,1,1
1800,train,1,2,1,-240.0,-743.075962312585,0.0,-161.75856598638282,-59.42624785279949,0.0,0.6000000000000001,25.66141908483399,0.5,1,1
1801,train,1,0,1,0.0,289.7203799634435,0.0,58.8667338806589,0.0,0.0,0.3333333333333335,0.0,0.5,1,1
1801,train,2,1,0,-60.0,156.2365883202301,0.0,1388.9695052738443,0.0,0.0,-1.0,0.0,0.5,1,1
1802,train,0,1,1,420.0,1057.3498529909339,0.0,-1170.9686694128166,0.0,0.0,0.33333333333333326,0.0,0.5,1,1
1802,train,0,2,1,360.0,863.6143769940954,0.0,-892.1085037027722,0.0,0.0,0.0,0.0,0.5,1,1
1803,train,0,1,0,58.873514406267816,-18.513913280867794,-0.16666666666666666,0.0,-11.570930667589018,0.0,1.6666666666666667,0.0,0.5,0.9812252401044637,0.9982416037801811
1803,train,1,2,1,-58.873514406267816,-525.1860627129662,0.0,0.0,-94.63324414223342,0.0,-0.3333333333333333,0.0,0.5,0.9812252401044637,0.9982416037801811
1804,train,1,0,1,-125.53359168436775,-1814.480421759027,-0.30000000000000004,25.621439268416538,-73.40901413295447,0.0,0.0,-267.85456025554765,0.5,1.046113264036398,1.0010836291719092
1804,train,2,1,0,125.53359168436775,-651.5222404237824,0.1,551.6146244876135,2.0807253170113285,0.0,0.0,143.79826932201686,0.5,1.046113264036398,1.0010836291719092
1805,train,0,1,0,287.98189726103476,382.33067223352066,0.42857142857142855,-130.16939048721915,78.77153287946648,0.23809523809523808,-0.2857142857142857,141.04575904467995,0.5,0.9599396575367826,0.9987823191973281
1805,train,2,1,0,345.57827671324173,-599.4593310688324,-0.14285714285714285,-141.76041097878533,63.66956055705204,0.23809523809523808,-0.2857142857142857,203.05310655939167,0.5,0.9599396575367826,0.9987823191973281
1806,train,0,1,1,-236.90101927433392,-297.9469525855487,-0.09523809523809523,11.620074635308196,33.69161180649522,0.0,-0.7142857142857143,-22.67369626460483,0.5,0.9870875803097247,1.0031185998461076
1806,train,2,0,0,-59.22525481858348,-7.03567222001258,0.0,-18.705861182890335,-64.74825116288844,0.0,0.47619047619047616,-15.286158871964437,0.5,0.9870875803097247,1.0031185998461076
1807,train,1,0,1,-179.87819895047713,-226.60351088750883,0.0,0.0,0.0,0.0,0.0,0.0,0.5,0.9993233275026507,0.9998646288547973
1807,train,2,1,0,119.91879930031808,225.76531259576436,0.0,0.0,0.0,1.0,0.0,0.0,0.5,0.9993233275026507,0.9998646288547973
1808,test,1,0,1,0.0,-5.914515811497664,0.0,0.0,-1.005953752606871,0.3333333333333333,0.0,0.0,0.5,0.9844185508538381,0.9986471128909702
1808,test,2,1,0,59.065113051230284,356.3250453827356,0.0,0.0,189.4141013563701,-0.3333333333333333,0.0,0.0,0.5,0.9844185508538381,0.9986471128909702
1809,train,0,1,1,0.0,-1096.974092815357,0.0,0.0,0.0,-1.3333333333333333,0.0,0.0,0.5,0.9970260641428296,0.9995939415379522
1809,train,0,2,1,-119.64312769713955,-1000.9924757837758,0.0,0.0,0.0,-1.3333333333333333,-0.33333333333333326,0.0,0.5,0.9970260641428296,0.9995939415379522
1810,test,0,2,0,-415.70081542020495,-1506.7662523982367,0.0,0.0,301.5954948717404,0.0,0.0,0.0,0.5,0.9897638462385832,0.999188047959379
1810,test,1,2,0,-237.54332309725996,-71.41687347685267,0.0,0.0,1852.702485431566,0.0,0.0,0.0,0.5,0.9897638462385832,0.999188047959379
1811,train,0,1,0,180.0,744.7605411113714,0.0,1867.5783505488946,0.0,0.0,0.0,0.0,0.5,1,1
1811,train,2,1,0,180.0,190.4663492677323,0.0,400.25569262612885,0.0,0.0,0.0,0.0,0.5,1,1
1812,validation,0,1,0,124.51803527476127,1083.3185641581615,-0.6666666666666666,0.0,-4.071543493099364,0.0,0.5333333333333334,35.80762188150836,0.5,1.037650293956344,0.9966212132726022
1812,validation,2,1,0,560.3311587364257,1377.6993562736059,0.0,0.0,-3.6512467315178725,0.26666666666666666,0.2666666666666666,0.0,0.5,1.037650293956344,0.9966212132726022
1813,train,0,1,1,-538.321191614674,-908.1727699103483,-5.0,0.0,0.0,0.0,0.0,0.0,0.5,0.9968910955827297,0.9994586253613486
1813,train,0,2,1,-239.25386293985514,754.5154478618156,-2.0,0.0,0.0,0.0,0.0,0.0,0.5,0.9968910955827297,0.9994586253613486
1814,train,0,1,1,-300.0,-450.5746742603742,0.0,164.79292646685684,0.0,0.0,0.0,-218.46259659487524,0.5,1,1
1814,train,2,0,0,360.0,1552.025708623717,0.0,-16.258701894087608,0.0,0.0,0.0,67.09846971355137,0.5,1,1
1815,test,1,0,1,-60.7684239561347,17.227092256679335,0.0,0.0,-56.6650582959358,-0.1,0.0,-117.725824389192,0.5,1.0128070659355783,0.9977011810926478
1815,test,2,1,0,425.3789676929429,1391.2190136846766,0.0,0.0,24.14049346277944,0.1,0.7999999999999998,17.52969966738451,0.5,1.0128070659355783,0.9977011810926478
1816,test,1,0,1,-59.813465734963785,-102.20207863441354,0.0,0.0,0.0,0.0,0.0,0.0,0.5,0.9968910955827297,0.9994586253613486
1816,test,2,1,0,478.5077258797103,1103.8943199615044,0.0,0.0,0.0,0.0,3.0,0.0,0.5,0.9968910955827297,0.9994586253613486
1817,train,2,0,1,124.01334214953405,-440.177140536769,-0.8571428571428571,-89.1868253406843,-139.776928214264,-0.047619047619047616,-0.47619047619047616,86.33553750831068,0.5,1.0334445179127838,0.9959468271073058
1817,train,2,1,1,186.0200132243011,-42.49075459183491,-0.2857142857142857,-60.88534439189982,-35.868773137332596,-0.09523809523809523,-2.3809523809523805,65.32055133939777,0.5,1.0334445179127838,0.9959468271073058
1818,train,1,0,1,0.0,-216.3611744131775,-0.6666666666666666,0.0,0.0,0.0,0.0,-16.597867188691794,0.5,0.9917758064213138,0.9982416037801811
1818,train,2,1,0,238.0261935411153,263.54853983617505,0.6666666666666666,0.0,0.0,0.0,0.0,156.20198852809943,0.5,0.9917758064213138,0.9982416037801811
1819,train,0,2,0,118.6591594545988,-77.81794500899885,0.8,-180.1002955289024,-5.687592005157327,-0.3333333333333333,-0.26666666666666666,0.0,0.5,0.9888263287883233,1.007200959472537
1819,train,1,2,0,296.647898636497,1329.7456485620962,0.26666666666666666,-63.617368435051844,11.337774227199795,0.0,0.7999999999999999,0.0,0.5,0.9888263287883233,1.007200959472537
1820,train,1,0,1,-120.0,-937.6833404407362,-0.16666666666666666,-198.74015726165266,-156.53264973594924,0.0,0.0,0.0,0.5,1,1
1820,train,1,2,1,-180.0,-715.828067691566,-0.16666666666666666,-94.57359913723059,-31.406520664537112,0.0,0.0,0.0,0.5,1,1
1821,train,1,0,1,0.0,2127.235082768193,0.0,-691.1406403743872,0.0,0.0,0.0,0.0,0.5,1,1
1821,train,1,2,1,540.0,4874.013290096348,0.0,-1480.8079007704769,0.0,0.0,0.0,0.0,0.5,1,1
1822,test,0,2,0,546.8417789849244,1643.1026124482382,0.7142857142857142,53.3718481268301,-12.29400911765255,0.14285714285714285,0.0,-77.03701101095876,0.5,1.0126699610831933,0.9994586253613486
1822,test,1,2,0,303.800988324958,1172.3456286139758,0.9523809523809523,251.34593207575966,-40.49680459523374,0.42857142857142855,0.14285714285714285,-41.50753839883379,0.5,1.0126699610831933,0.9994586253613486
1823,test,0,1,1,-59.113110061572236,-528.2823742001428,-0.6,0.0,-40.50579740121586,0.0,-1.6,-45.3875659374749,0.5,0.9852185010262039,1.0042056084237854
1823,test,0,2,1,-118.22622012314447,-794.4081671219232,0.0,0.0,-71.99617145460874,0.0,-0.4,-2.780720839470127,0.5,0.9852185010262039,1.0042056084237854
1824,train,1,0,0,714.3686560611612,628.9590422046539,0.0,-338.7315969947265,0.0,0.0,0.0,0.0,0.5,0.9921786889738351,0.9982416037801811
1824,train,2,0,0,0.0,158.48961502090972,0.0,-697.8727448750424,0.0,0.0,1.3333333333333335,0.0,0.5,0.9921786889738351,0.9982416037801811
1825,validation,0,1,1,-120.0,-574.2673344578575,0.0,283.6711323815914,0.0,0.0,-0.6000000000000001,-61.16989190577272,0.5,1,1
1825,validation,2,0,0,180.0,-511.88529201941355,0.0,-310.7806903444143,0.0,0.0,-0.20000000000000007,-0.6780452195933684,0.5,1,1
1826,test,0,1,1,0.0,409.84352226365945,0.0,0.0,0.0,0.0,0.0,0.0,0.5,1,1
1826,test,2,0,0,60.0,427.32138854807636,0.0,0.0,0.0,0.0,0.0,0.0,0.5,1,1
1827,train,2,0,1,-180.6102434935481,-557.8391074424858,-0.14285714285714285,-114.1013997738593,-33.565571490978186,0.0,-0.4285714285714285,-15.158581715788337,0.5,1.0033902416308227,1.0008126118424647
1827,train,1,2,0,120.40682899569872,257.64799212142333,0.0,132.2582295820961,-189.00309260842326,0.19047619047619047,0.0,-33.35630638356354,0.5,1.0033902416308227,1.0008126118424647
1828,train,0,1,1,-60.0,-767.8568365527344,-0.16666666666666669,325.0233826869786,0.0,-0.6666666666666666,0.0,0.0,0.5,1,1
1828,train,2,0,0,120.0,1389.3433327694547,-0.3333333333333333,407.33731245083845,0.0,0.0,0.0,0.0,0.5,1,1
1829,validation,0,2,0,59.426042743065516,275.14205445794425,0.0,0.0,27.54333067959618,0.0,-0.5,134.04220772859003,0.5,0.9904340457177586,0.9974310794729591
1829,validation,1,2,0,237.70417097226206,1364.0902996626814,0.0,0.0,270.2585213775608,0.0,0.0,100.18153366724528,0.5,0.9904340457177586,0.9974310794729591
1830,train,1,0,1,-352.81095154793684,-1017.4925497051114,0.0,-59.04071916101361,-20.378029432225333,-0.13333333333333333,-1.0666666666666667,0.0,0.5,0.9800304209664913,1.002032767907594
1830,train,2,1,0,176.40547577396842,1232.9746796522331,0.6666666666666666,472.97736800991913,82.60973022123267,0.0,1.0666666666666667,0.0,0.5,0.9800304209664913,1.002032767907594
1831,validation,1,0,1,-60.0,-275.4416113833213,0.0,0.0,0.0,0.0,0.0,0.0,0.5,1,1
1831,validation,1,2,1,-120.0,473.55906550307236,0.0,0.0,0.0,0.0,0.0,0.0,0.5,1,1
1832,validation,0,1,1,118.9969858313537,779.8238516218098,0.0,0.0,0.0,0.0,0.20000000000000004,-54.20882837206983,0.5,0.9916415485946142,1.0008126118424647
1832,validation,0,2,1,-59.49849291567685,100.9673886600862,0.0,0.0,0.0,0.0,-0.09999999999999998,-105.1722094676517,0.5,0.9916415485946142,1.0008126118424647
1833,validation,1,0,0,303.800988324958,911.753854292654,0.0,0.0,0.0,0.0,1.0,36.45364706413331,0.5,1.0126699610831933,0.9971610509762517
1833,validation,2,0,0,243.04079065996638,1682.6509039536818,1.2000000000000002,0.0,0.0,0.0,-0.3999999999999999,36.53031420654565,0.5,1.0126699610831933,0.9971610509762517
1834,validation,1,0,1,-178.15749232294496,-1172.3628309815683,0.0,0.0,-138.65326222522688,0.0,0.0,0.0,0.5,0.9897638462385832,0.999188047959379
1834,validation,1,2,1,-118.77166154862998,-486.1402068896162,0.0,0.0,-189.79671813006664,0.0,0.0,0.0,0.5,0.9897638462385832,0.999188047959379
1835,train,2,0,1,60.0,-667.0436785320317,0.0,0.0,0.0,0.0,0.0,0.0,0.5,1,1
1835,train,2,1,1,-120.0,-468.16650565118744,0.0,0.0,0.0,0.0,0.0,0.0,0.5,1,1
1836,test,1,0,1,-179.46469154570931,-283.2532622502016,0.0,0.0,0.0,0.0,0.0,-88.3976354885784,0.5,0.9970260641428296,0.9994586253613486
1836,test,2,1,0,-239.2862553942791,-132.27307839401857,0.0,0.0,0.0,0.0,0.0,163.08617823220973,0.5,0.9970260641428296,0.9994586253613486
1837,test,0,2,0,315.1538420375589,2042.1804234973495,0.0,-112.0745273212832,-102.18501619817056,0.0,0.0,303.618138805204,0.5,1.050512806791863,1.0052937949156682
1837,test,2,1,1,252.12307363004712,-140.93432087044354,0.0,429.523709166425,-18.593135048821352,0.0,0.0,-206.0399251869284,0.5,1.050512806791863,1.0052937949156682
1838,validation,0,1,0,539.6345968514314,818.840654255722,0.0,0.0,0.0,0.0,0.0,0.0,0.5,0.9993233275026507,0.9998646288547973
1838,validation,1,2,1,-179.87819895047713,-48.097584382739406,0.0,0.0,0.0,0.0,0.0,0.0,0.5,0.9993233275026507,0.9998646288547973
1839,train,0,1,0,424.4010984792204,72.84564455039576,-0.2,245.58307134176425,0.0,-0.26666666666666666,1.3333333333333333,79.8689966364359,0.5,1.0104788059029057,1.0006771306930664
1839,train,1,2,1,0.0,-998.5069093489592,-0.1333333333333333,-533.1482866342094,0.0,0.26666666666666666,-3.333333333333333,-3.754748731166602,0.5,1.0104788059029057,1.0006771306930664
1840,train,0,1,0,177.7720057111046,1211.190016482378,0.13333333333333336,0.0,-7.7496030249547125,0.26666666666666666,1.0,-80.31085380986967,0.5,0.9876222539505812,0.9967561452934783
1840,train,2,1,0,59.25733523703487,1092.4733045242774,0.06666666666666667,0.0,75.89633350156646,0.8,0.8,-42.00308169523692,0.5,0.9876222539505812,0.9967561452934783
1841,validation,0,2,0,117.49225477749852,368.8053656295938,0.6000000000000001,0.0,149.99754321646242,0.0,0.0,36.30171846233608,0.5,0.979102123145821,0.9981064706710885
1841,validation,1,2,0,58.74612738874926,1279.7641838873797,0.2,0.0,119.97707443464213,0.0,0.0,43.05065438210994,0.5,0.979102123145821,0.9981064706710885
1842,test,0,1,0,-353.3845812371755,-406.90146213526657,0.0,0.0,0.0,0.0,0.0,330.50687231823457,0.5,0.9816238367699319,0.9986471128909702
1842,test,2,1,0,-530.0768718557632,-503.3064386523682,0.0,0.0,0.0,0.0,0.0,251.89752358655667,0.5,0.9816238367699319,0.9986471128909702
1843,train,1,0,0,-303.14364177087174,703.2852702053594,0.0,537.4518229758169,0.0,0.26666666666666666,0.0,-64.8311571004302,0.5,1.0104788059029057,1.0035260901068812
1843,train,0,2,1,181.88618506252303,299.25004307656616,-0.4,85.38946168064689,0.0,-0.06666666666666667,-2.0,-98.81466450331364,0.5,1.0104788059029057,1.0035260901068812
1844,train,1,0,0,357.95885817026266,281.5369126774125,0.0,0.0,20.25925390697185,-0.5,0.0,0.0,0.5,0.994330161584063,0.999052786729054
1844,train,0,2,1,-477.2784775603502,-409.0363541703974,0.0,0.0,-192.15276717678313,0.0,0.0,0.0,0.5,0.994330161584063,0.999052786729054
1845,train,1,0,0,180.8059580221433,526.1366740695563,0.0,-79.11247749611726,294.85590916661715,0.26666666666666666,-0.06666666666666668,7.814870743112891,0.5,1.0044775445674627,0.9979713558551195
1845,train,0,2,1,0.0,-0.19511168355984645,0.0,101.21078515340093,-111.7594727837311,-0.26666666666666666,-0.06666666666666665,15.391666417701913,0.5,1.0044775445674627,0.9979713558551195
1846,train,2,0,1,58.8336763182468,161.1525462526502,0.5714285714285714,-194.2389199408878,-16.448403356037485,-0.09523809523809523,0.0,30.586629200506252,0.5,0.98056127197078,1.001625884022936
1846,train,2,1,1,0.0,624.1164301936363,0.2857142857142857,-54.28328567015417,-11.475248352191482,0.0,0.19047619047619047,-4.27324725589758,0.5,0.98056127197078,1.001625884022936
1847,test,0,1,1,-123.06005400962833,-1218.0800243209221,-2.0,0.0,0.0,0.0,0.0,0.0,0.5,1.025500450080236,0.9995939415379522
1847,test,2,0,0,615.3002700481417,1278.3779418509944,1.0,0.0,0.0,0.0,0.0,0.0,0.5,1.025500450080236,0.9995939415379522
1848,train,0,2,0,0.0,-242.30154058938322,0.0,-93.09337294374401,10.253986065394571,-0.047619047619047616,0.0,-13.022239556677302,0.5,1.0014902927799512,1.0013547198921082
1848,train,2,1,1,60.08941756679707,515.367931201856,0.0,173.8212762998341,-170.71467438446524,0.0,-0.38095238095238093,0.4167598765738276,0.5,1.0014902927799512,1.0013547198921082
1849,train,0,2,0,300.0,896.8374029767674,0.0,0.0,0.0,0.0,0.0,0.0,0.5,1,1
1849,train,1,2,0,600.0,-307.97211458183483,0.0,0.0,0.0,0.0,0.0,0.0,0.5,1,1
1850,train,1,0,0,-540.0,-730.763846311047,0.0,2192.7187860920817,0.0,0.0,0.0,-32.53571694060577,0.5,1,1
1850,train,0,2,1,-540.0,-1805.2960454193144,0.0,-3329.889745333983,0.0,0.0,0.0,59.2506987256869,0.5,1,1
1851,train,0,1,1,0.0,-276.506314079611,-0.2857142857142857,-16.79627676553173,8.77443567347946,-0.38095238095238093,0.2857142857142857,-12.077594939933071,0.5,1.038212355795306,0.9970260641428296
1851,train,2,0,0,186.8782240431551,29.91790479103668,0.42857142857142855,5.765323218534853,-23.595286541761286,0.0,0.2857142857142857,-58.1779927613053,0.5,1.038212355795306,0.9970260641428296
1852,train,1,0,0,180.0,175.75211173084608,0.0,0.0,0.0,0.0,0.0,0.0,0.5,1,1
1852,train,0,2,1,-60.0,-162.90956957293156,0.0,0.0,0.0,0.0,0.0,0.0,0.5,1,1
1853,train,1,0,1,-360.0,-68.64211728625241,0.0,0.0,0.0,0.0,0.0,0.0,0.5,1,1
1853,train,2,1,0,120.0,473.5730064420659,0.0,0.0,0.0,0.0,0.0,0.0,0.5,1,1
1854,test,2,0,1,-120.0,61.90041822847934,-0.2,44.48602809519977,-3.382485585411672,-0.13333333333333333,0.0,-69.03442342528058,0.5,1,1
1854,test,1,2,0,-60.0,-135.13008262233325,0.6000000000000001,255.44804587121746,-8.32145750719705,0.0,0.0,100.00236971330904,0.5,1,1
1855,train,0,2,0,0.0,214.20482363320798,0.0,-71.8921329881199,131.17900136362707,0.6666666666666666,0.2666666666666666,2.019152159823907,0.5,0.9889602054638968,1.003526090106881
1855,train,2,1,1,-178.01283698350144,-1671.759136952003,0.0,45.94622546487511,-84.93257982312639,-1.0,-0.5333333333333332,-12.612588027440584,0.5,0.9889602054638968,1.003526090106881
1856,validation,0,1,0,-176.59663389360162,-864.1921057694652,0.0,-96.08266644500532,47.129368011136876,0.6666666666666666,0.0,0.0,0.5,0.981092410520009,1.0012191653569225
1856,validation,2,1,0,58.865544631200535,-834.9280813210509,0.0,-219.8202003690763,629.5458269123827,0.3333333333333333,0.0,0.0,0.5,0.981092410520009,1.0012191653569225
1857,train,0,2,0,-118.77166154862998,-1164.0703368222594,0.0,0.0,331.6698925876474,0.0,0.0,0.0,0.5,0.9897638462385832,0.999188047959379
1857,train,2,1,1,-59.38583077431499,-728.8110138809332,0.0,0.0,-257.0717642075721,0.0,0.0,0.0,0.5,0.9897638462385832,0.999188047959379
1858,train,1,0,1,0.0,759.5160628555368,0.0,0.0,0.0,0.0,0.0,0.0,0.5,1,1
1858,train,2,1,0,840.0,1335.4050696844506,0.0,0.0,0.0,0.0,0.0,0.0,0.5,1,1
1859,test,0,1,0,0.0,-51.70232395058876,0.0,0.0,0.0,0.0,0.0,0.0,0.5,0.9970260641428296,0.9995939415379522
1859,test,2,1,0,179.46469154570931,829.0595258629937,0.0,0.0,0.0,0.6666666666666666,0.0,0.0,0.5,0.9970260641428296,0.9995939415379522
1860,test,0,1,0,346.28075714370607,-123.44190184251045,0.0,50.70708626446984,-239.2610199101559,0.0,0.0,55.35803088141447,0.5,0.9618909920658502,0.9989175438091965
1860,test,2,1,0,461.7076761916081,1236.0837890360976,0.0,32.87482249016617,-97.64074997782359,0.0,0.0,121.96477159637644,0.5,0.9618909920658502,0.9989175438091965
1861,train,0,2,0,241.04197615006183,349.215413885241,0.0,49.00849208833535,23.01683409064105,0.5333333333333333,0.0,-21.270405438465925,0.5,1.0043415672919243,1.0014902927799512
1861,train,2,1,1,-180.78148211254637,-686.1333190400118,-0.3333333333333333,-12.702406777697846,-64.84218880655766,0.0,0.0,-3.651874851619908,0.5,1.0043415672919243,1.0014902927799512
1862,train,0,1,0,0.0,569.1451881123021,0.33333333333333337,0.0,0.0,-0.5,-0.33333333333333326,0.0,0.5,0.9940609725801418,0.999052786729054
1862,train,2,1,0,238.57463341923403,1459.4969397501927,0.33333333333333337,0.0,0.0,1.0,-0.33333333333333326,0.0,0.5,0.9940609725801418,0.999052786729054
1863,train,0,1,1,-176.69229061858775,-578.3773410740653,0.0,0.0,0.0,0.0,0.0,-185.3144080707634,0.5,0.9816238367699319,0.9986471128909702
1863,train,2,0,0,117.79486041239183,840.6988539493958,0.0,0.0,0.0,0.0,0.0,169.58771302939533,0.5,0.9816238367699319,0.9986471128909702
1864,train,1,0,1,-239.25386293985514,477.8586970785107,0.0,0.0,0.0,0.0,-1.0,0.0,0.5,0.9968910955827297,0.9994586253613486
1864,train,1,2,1,-179.44039720489135,-266.99271630691186,0.0,0.0,0.0,0.0,0.0,0.0,0.5,0.9968910955827297,0.9994586253613486
1865,test,2,0,1,0.0,-1132.2697746718127,-0.09523809523809523,-141.32704485583469,0.47853593654622273,-0.5714285714285714,0.047619047619047616,28.001696743207464,0.5,1.0148658676357964,0.9974310794729591
1865,test,1,2,0,60.89195205814779,203.0448696737107,0.19047619047619047,-132.1097312677813,-86.4089517758428,0.8571428571428571,-0.09523809523809523,7.791794681865834,0.5,1.0148658676357964,0.9974310794729591
1866,train,0,2,0,-589.7721972649031,1193.6366636199482,0.0,0.0,75.89817524006409,0.26666666666666666,-0.33333333333333326,53.39409408606223,0.5,0.9829536621081718,0.9970260641428296
1866,train,1,2,0,-530.7949775384128,-602.7275922111078,-0.06666666666666667,0.0,-58.62869634324006,0.0,0.6666666666666667,55.37019568249,0.5,0.9829536621081718,0.9970260641428296
1867,train,0,1,1,182.99763853027073,759.5933652046199,-0.13333333333333333,0.0,7.89332941442602,-0.6666666666666666,-0.2666666666666666,43.72361105885379,0.5,1.016653547390393,0.9981064706710885
1867,train,0,2,1,-60.999212843423585,-410.42315889769935,0.0,0.0,31.444121841185,-1.0,-0.5333333333333332,2.7723758928756013,0.5,1.016653547390393,0.9981064706710885
1868,train,0,1,1,-60.0,-1120.1093064633378,0.0,0.0,0.0,0.0,0.0,0.0,0.5,1,1
1868,train,2,0,0,180.0,934.1658648794883,0.0,0.0,0.0,0.0,0.0,0.0,0.5,1,1
1869,train,1,0,1,120.0,317.36833607452445,0.0,-368.90666268399775,-58.48696522432438,-0.3,0.0,0.0,0.5,1,1
1869,train,2,1,0,120.0,168.83586233534425,0.0,997.5970176205722,6.934141249824371,-0.3,0.0,0.0,0.5,1,1
1870,train,0,1,1,-358.8807944097827,-71.91182073474576,0.0,0.0,0.0,0.0,-2.0,0.0,0.5,0.9968910955827297,0.9994586253613486
1870,train,2,0,0,717.7615888195654,999.7496210616961,0.0,0.0,0.0,0.0,3.0,0.0,0.5,0.9968910955827297,0.9994586253613486
1871,train,1,0,0,-60.0,-69.34480493775618,0.0,45.15778512503442,34.24146235421355,0.0,0.5999999999999999,20.53104879168378,0.5,1,1
1871,train,0,2,1,60.0,-204.92729933387773,0.0,-191.45545553142802,4.254732581122809,0.0,-0.5999999999999999,-2.8525151614632733,0.5,1,1
1872,train,0,1,0,-187.99472989881295,758.695318800345,0.0,0.0,-55.892657707135925,0.0,0.2666666666666666,-76.08606979705036,0.5,1.0444151661045165,1.003797842238849
1872,train,1,2,1,125.32981993254198,-1387.0571332142154,-0.26666666666666666,0.0,-36.619099211049985,-0.13333333333333333,-0.6666666666666666,11.434708097106366,0.5,1.0444151661045165,1.003797842238849
1873,validation,0,2,0,296.68806163916906,-39.08395063628596,-0.5333333333333334,0.0,-28.3873093836808,0.0,-0.19999999999999996,24.480616888075964,0.5,0.9889602054638968,0.9981064706710885
1873,validation,1,2,0,-118.67522465566762,-751.0053559755414,-0.5333333333333334,0.0,-54.93831250731186,1.3333333333333333,-0.6000000000000001,-7.454802276398241,0.5,0.9889602054638968,0.9981064706710885
1874,train,0,1,1,-60.0,-1427.3565503074826,0.0,0.0,0.0,-0.6666666666666666,0.0,-79.19131111246907,0.5,1,0.9986471128909702
1874,train,0,2,1,0.0,-1207.621645544775,0.0,0.0,0.0,-0.3333333333333333,0.0,45.34001443573672,0.5,1,0.9986471128909702
1875,train,1,0,0,125.09250424271252,185.3737323588736,0.14285714285714285,-55.702947642022025,-22.192796393255932,0.047619047619047616,0.0,-28.13797306075148,0.5,1.0424375353559376,1.0005416678839063
1875,train,2,0,0,125.09250424271252,-1181.0061322067522,0.14285714285714285,34.69179471571459,-71.12780100323498,0.0,0.23809523809523803,-1.4054229491003625,0.5,1.0424375353559376,1.0005416678839063
1876,train,0,2,0,180.0,681.8821975151081,0.0,502.430558044185,-1.6587218379663113,0.0,0.0,0.0,0.5,1,1
1876,train,1,2,0,240.0,1135.2854348935325,0.0,185.43700311862312,195.54933167209074,0.0,0.0,0.0,0.5,1,1
1877,test,0,1,0,-180.85491978312726,-631.3888397651513,0.20000000000000007,0.0,239.936529225008,-0.13333333333333333,0.2,0.0,0.5,1.004749554350707,1.0009481113345846
1877,test,1,2,1,60.284973261042424,87.15498212069805,-0.20000000000000007,0.0,-377.5851904996525,-0.26666666666666666,-0.39999999999999997,-148.5682844793003,0.5,1.004749554350707,1.0009481113345846
1878,test,2,0,1,0.0,210.4330827510724,0.0,-107.39609493733792,50.95521255693956,0.0,0.0,-112.64478250678955,0.5,0.9643683777871768,0.9963514040260837
1878,test,2,1,1,-57.86210266723061,-650.8846745741643,0.0,17.731706424351685,-59.26069514375063,0.0,0.0,-68.78603557407041,0.5,0.9643683777871768,0.9963514040260837
1879,train,1,0,1,-59.49849291567685,22.12807043536768,0.0,-34.63419359800639,-180.05672599350055,-1.2000000000000002,0.0,16.85259091807325,0.5,0.9916415485946142,0.9982416037801811
1879,train,1,2,1,-118.9969858313537,640.666844238497,0.0,210.998733385043,22.20474374029901,-0.4,0.0,-22.035006958347243,0.5,0.9916415485946142,0.9982416037801811
1880,validation,0,1,0,238.0261935411153,1129.9840775402404,-0.6666666666666666,0.0,0.0,0.0,0.0,194.32932523051488,0.5,0.9917758064213138,1.003797842238849
1880,validation,2,1,0,59.506548385278826,604.5716154786633,0.0,0.0,0.0,0.0,0.0,97.78453937223011,0.5,0.9917758064213138,1.003797842238849
1881,validation,0,1,0,-537.0109830471555,-538.5642389214369,0.3333333333333333,-82.67947303649066,0.0,0.0,0.0,19.545214484048586,0.5,0.9944647834206582,1.0013547198921082
1881,validation,1,2,1,417.67520903667645,222.22070968095196,-0.3333333333333333,87.78268675583246,0.0,0.0,0.0,-69.02528167809282,0.5,0.9944647834206582,1.0013547198921082
1882,train,1,0,1,-239.83759860063617,-369.90901366877506,0.0,0.0,0.0,-2.0,0.0,0.0,0.5,0.9993233275026507,0.9998646288547973
1882,train,1,2,1,239.83759860063617,310.481466731721,0.0,0.0,0.0,-1.0,0.0,0.0,0.5,0.9993233275026507,0.9998646288547973
1883,train,2,0,1,61.54668916854209,12.736763928107623,0.0,759.4366556118849,0.0,-1.3333333333333333,0.0,0.0,0.5,1.0257781528090348,0.9995939415379522
1883,train,1,2,0,0.0,94.21264122587556,0.0,-673.0639310516226,0.0,0.6666666666666666,0.0,0.0,0.5,1.0257781528090348,0.9995939415379522
1884,test,0,1,0,0.0,-87.66239048473449,0.0,0.0,0.0,0.0,2.0,0.0,0.5,0.9970260641428296,0.9995939415379522
1884,test,2,1,0,717.8587661828373,635.4363100281814,0.0,0.0,0.0,0.6666666666666666,2.6666666666666665,0.0,0.5,0.9970260641428296,0.9995939415379522
1885,test,0,1,0,-60.374815521432915,72.4699757078611,-0.2,0.0,-195.55606101546118,0.2,0.0,57.45592575235334,0.5,1.0062469253572153,0.9981064706710885
1885,test,1,2,1,-301.87407760716457,-1140.6084340811858,0.0,0.0,-258.7599540264446,0.0,0.0,-152.7384520372363,0.5,1.0062469253572153,0.9981064706710885
1886,train,0,1,0,177.6517122840413,739.7548038519694,-0.09523809523809523,12.816389176505027,-16.49429733160793,0.2857142857142857,0.38095238095238093,-8.893084407392031,0.5,0.9869539571335628,0.9974310794729591
1886,train,2,1,0,59.21723742801377,19.631639789999372,0.0,87.75488484913103,32.94371345183978,0.2857142857142857,0.38095238095238093,10.62173216673657,0.5,0.9869539571335628,0.9974310794729591
1887,test,0,1,1,-249.17096539087345,743.7147713177069,0.19047619047619047,-63.68632020278761,42.06797620405409,-0.23809523809523808,0.5714285714285714,24.012024549301174,0.5,1.038212355795306,1.003797842238849
1887,test,2,0,0,685.220154824902,38.41880295428334,-0.19047619047619047,4.223160696870934,48.93515206414514,0.47619047619047616,-1.4285714285714284,19.295081246260438,0.5,1.038212355795306,1.003797842238849
1888,validation,0,2,0,119.62693146992757,412.83672836086276,0.0,0.0,0.0,0.0,0.0,0.0,0.5,0.9968910955827297,1.0062469253572153
1888,validation,2,1,1,-299.0673286748189,-517.5913267589029,0.0,0.0,0.0,0.0,-3.0,0.0,0.5,0.9968910955827297,1.0062469253572153
1889,train,0,1,1,-178.6889016548547,-1032.3211806574343,0.0,-98.44188095034184,0.0,0.0,0.0,0.0,0.5,0.9927161203047484,1.0042056084237854
1889,train,0,2,1,-178.6889016548547,-459.2746214207907,0.6666666666666666,-471.1862269534698,0.0,0.0,0.0,0.0,0.5,0.9927161203047484,1.0042056084237854
1890,train,1,0,0,60.0,106.71885978951832,0.0,0.0,0.0,0.0,0.0,0.0,0.5,1,1
1890,train,0,2,1,-60.0,112.07677430356034,0.0,0.0,0.0,0.0,0.0,0.0,0.5,1,1
1891,train,1,0,1,-534.4724769688349,-1187.858458844326,0.0,0.0,-1303.8925093188225,0.0,0.0,0.0,0.5,0.9897638462385832,0.999188047959379
1891,train,1,2,1,-1068.9449539376699,-1126.7012290043665,0.0,0.0,-556.7003364630443,0.0,0.0,0.0,0.5,0.9897638462385832,0.999188047959379
1892,train,1,0,0,-120.0,330.4693109820091,0.0,402.975544213764,0.0,0.0,0.0,-7.7931359769326045,0.5,1,1
1892,train,0,2,1,-180.0,-459.40896459879514,0.0,-416.7103666112574,0.0,0.0,0.16666666666666663,-214.4196526901632,0.5,1,1
1893,validation,2,0,1,-1800.0,-3445.3127850545943,0.0,0.0,0.0,0.0,0.0,0.0,0.5,1,1
1893,validation,2,1,1,-480.0,-123.26867234397469,0.0,0.0,0.0,0.0,0.0,0.0,0.5,1,1
1894,train,2,0,1,-118.13022610246057,121.58278020040781,0.0,0.0,-27.85050242034984,0.0,0.0,0.0,0.5,0.9844185508538381,1.0029828065324722
1894,train,1,2,0,0.0,-222.3333087656186,-0.5,0.0,10.177746181170285,0.6666666666666666,0.0,0.0,0.5,0.9844185508538381,1.0029828065324722
1895,validation,1,0,1,-59.821563848569774,-149.64909920480488,-0.3333333333333333,0.0,0.0,-0.6666666666666666,0.0,0.0,0.5,0.9970260641428296,0.9995939415379522
1895,validation,1,2,1,119.64312769713955,239.87184130708405,0.0,0.0,0.0,0.0,0.0,0.0,0.5,0.9970260641428296,0.9995939415379522
1896,validation,1,0,1,0.0,-552.7392693993216,-0.19047619047619047,16.557973428462788,-246.30499506749203,-0.047619047619047616,0.0,23.388996517119125,0.5,0.9765868876036025,0.9977011810926478
1896,validation,1,2,1,-58.59521325621615,485.1842943231,0.0,176.4997966411994,-42.8953451853732,0.047619047619047616,-0.1428571428571428,13.602102657247151,0.5,0.9765868876036025,0.9977011810926478
1897,train,1,0,0,247.85885146319418,725.1124102739038,-0.09523809523809523,4.287336363019698,-0.7309066212620934,0.0,1.5714285714285714,62.27680466913889,0.5,1.0327452144299758,1.0008126118424647
1897,train,2,0,0,185.89413859739565,259.2953747033208,-0.09523809523809523,-25.504085715670136,-30.65915634439986,0.0,0.42857142857142855,39.09423493196877,0.5,1.0327452144299758,1.0008126118424647
1898,train,0,1,1,-182.3052718684041,464.5494632421617,0.0,-313.3367059578328,-12.735823181303981,0.0,0.0,-10.622744620783891,0.5,1.0128070659355783,1.003797842238849
1898,train,2,0,0,-182.3052718684041,-995.004844828076,0.0,137.8169192506327,37.16131876639925,0.0,0.3999999999999999,-20.073555856286326,0.5,1.0128070659355783,1.003797842238849
1899,train,0,2,0,60.0,640.4661288247935,-0.6,-426.16018049519516,0.0,0.0,-0.3999999999999999,31.946658713202062,0.5,1,1
1899,train,2,1,1,-360.0,-1325.263451227691,-0.29999999999999993,-482.01380994844976,0.0,0.0,0.7,-41.751259268000844,0.5,1,1
1900,train,0,2,0,176.69229061858775,697.1682310766373,0.0,0.0,0.0,0.0,0.0,127.99311073479257,0.5,0.9816238367699319,0.9986471128909702
1900,train,2,1,1,-176.69229061858775,-747.9597547346342,0.0,0.0,0.0,0.0,0.0,78.08685686830168,0.5,0.9816238367699319,0.9986471128909702
1901,train,1,0,0,-180.0,-73.43884071466346,0.0,0.0,0.0,0.0,0.0,0.0,0.5,1,1
1901,train,2,0,0,-300.0,-313.84658094048655,0.0,0.0,0.0,0.0,0.0,0.0,0.5,1,1
1902,train,0,2,0,-60.0,-187.94452543814805,0.0,0.0,0.0,0.0,0.0,0.0,0.5,1,1
1902,train,2,1,1,-240.0,-974.361166973014,0.0,0.0,0.0,0.0,0.0,0.0,0.5,1,1
1903,test,0,2,0,0.0,-364.4980204352305,-0.5000000000000001,-33.13679298482697,275.6167750434706,0.0,0.0,55.94240996276753,0.5,1.0147284840810675,1
1903,test,2,1,1,-121.7674180897281,244.97449048554608,0.6000000000000001,52.4499655241641,47.496924955608115,0.0,0.0,-201.3586972611879,0.5,1.0147284840810675,1
1904,train,0,1,1,-240.0,-234.63056331725875,0.0,-187.61820411410883,0.0,0.0,0.0,0.0,0.5,1,1
1904,train,2,0,0,180.0,402.27165575361505,-0.3333333333333333,501.4990552947256,0.0,0.0,0.0,0.0,0.5,1,1
1905,train,2,0,1,-240.0,-427.5047531277496,0.0,0.0,0.0,0.0,0.0,0.0,0.5,1,1
1905,train,1,2,0,540.0,-128.93772305700713,0.0,0.0,0.0,0.0,0.0,0.0,0.5,1,1
1906,train,1,0,1,-534.4724769688349,-1029.0173041812843,0.0,0.0,-298.77503957660906,0.0,0.0,0.0,0.5,0.9897638462385832,1.0021684325960005
1906,train,2,1,0,593.8583077431499,119.5441248218197,0.0,0.0,51.14510577461283,0.0,0.0,0.0,0.5,0.9897638462385832,1.0021684325960005
1907,train,0,1,1,-60.0,-37.11773568980243,0.0,0.0,0.0,0.0,0.0,0.0,0.5,1,1
1907,train,2,0,0,120.0,0.0,0.0,0.0,0.0,0.0,0.0,0.0,0.5,1,1
1908,train,1,0,1,62.571659873332194,1578.097558689287,0.09523809523809523,294.75713913313683,4.626956499236172,-0.09523809523809523,-1.1428571428571428,-105.69248809897606,0.5,1.0428609978888699,1.0005416678839063
1908,train,2,1,0,187.71497961999657,-749.4667706592492,0.0,-211.4951896990707,118.65177620776936,-0.047619047619047616,2.2857142857142856,146.25510397310876,0.5,1.0428609978888699,1.0005416678839063
1909,train,0,2,0,-719.5127958019085,-892.186800047187,0.0,0.0,0.0,1.0,0.0,0.0,0.5,0.9993233275026507,0.9998646288547973
1909,train,2,1,1,419.7157975511133,-1087.1187609054155,0.0,0.0,0.0,-3.0,0.0,0.0,0.5,0.9993233275026507,0.9998646288547973
1910,test,2,0,1,0.0,101.70466551599343,-0.3333333333333333,26.95565195200814,39.27425523613626,0.0,0.0,-29.986473474474344,0.5,1.0027112750502025,0.9959468271073058
1910,test,2,1,1,0.0,608.2128929619892,-0.6666666666666666,59.75208571515108,-39.20173273162035,0.0,0.13333333333333333,-1.2336328556996825,0.5,1.0027112750502025,0.9959468271073058
1911,train,0,1,0,-59.38583077431499,-1168.4762344301403,0.0,0.0,54.29901293298269,0.0,0.0,0.0,0.5,0.9897638462385832,0.999188047959379
1911,train,1,2,1,0.0,314.67673614983977,0.0,0.0,-278.6547456907611,0.0,0.0,0.0,0.5,0.9897638462385832,0.999188047959379
1912,validation,1,0,1,-296.76840395819266,-965.2667615838558,0.0,0.0,-301.3934528477261,0.33333333333333337,-0.2666666666666667,18.67269583830722,0.5,0.9892280131939755,0.9979713558551195
1912,validation,2,1,0,59.353680791638524,1292.3479273673602,0.4,0.0,60.96521805909369,0.0,0.2666666666666667,20.228891705871796,0.5,0.9892280131939755,0.9979713558551195
1913,train,1,0,0,0.0,750.5392183062264,0.0,0.0,201.58318686641326,0.16666666666666666,2.0,0.0,0.5,0.9880234492328439,0.9981064706710885
1913,train,2,0,0,118.56281390794126,261.2818549992706,0.0,0.0,50.37933872577866,0.0,2.0,0.0,0.5,0.9880234492328439,0.9981064706710885
1914,train,1,0,1,-59.297460197513196,-2687.939859233337,-0.5,0.0,0.0,0.16666666666666666,-1.0,0.0,0.5,0.9882910032918866,0.997836259329798
1914,train,2,1,0,59.297460197513196,-14.897518233544794,0.0,0.0,0.0,0.0,1.0,0.0,0.5,0.9882910032918866,0.997836259329798
1915,train,1,0,0,119.04532519301556,-206.9350825889195,0.0,0.0,-125.05350229422527,0.0,0.0,0.0,0.5,0.992044376608463,0.9987823191973281
1915,train,2,0,0,297.6133129825389,-215.15795333061584,0.0,0.0,11.71974621176534,0.0,-1.3333333333333335,0.0,0.5,0.992044376608463,0.9987823191973281
1916,train,1,0,0,60.0,224.09566347476402,0.0,13.869189771358037,-7.068454534506559,-0.047619047619047616,0.5714285714285714,21.18796267689084,0.5,1,1
1916,train,0,2,1,0.0,330.8163280958847,0.14285714285714285,-17.938343866230923,-25.222245486116936,0.09523809523809523,-0.19047619047619047,-28.224765240387264,0.5,1,1
1917,validation,0,1,0,666.8257307116335,1673.5588537589938,0.0,0.0,-115.1273812623324,0.5333333333333333,1.3333333333333333,42.09232665075747,0.5,1.0103420162297476,0.9972960560854701
1917,validation,1,2,1,60.620520973784856,511.26172202307424,0.06666666666666667,0.0,126.81907974872928,-0.8,0.33333333333333326,10.289896089497987,0.5,1.0103420162297476,0.9972960560854701
1918,train,2,0,1,115.14598390989414,213.22504305119955,0.09523809523809523,-42.38762144877853,-173.34992737813906,0.047619047619047616,-0.7142857142857142,63.0682962851228,0.5,0.9595498659157845,0.9986471128909702
1918,train,2,1,1,-115.14598390989414,119.552926176737,0.19047619047619047,146.2688633895987,-12.342142802996264,0.0,-0.1428571428571428,52.643406499731626,0.5,0.9595498659157845,0.9986471128909702
1919,train,2,0,1,-60.20341449784936,-503.76143326775644,0.0,41.862544102911386,-233.65446945932175,0.0,0.23809523809523803,-48.461888261812334,0.5,1.0033902416308227,0.997836259329798
1919,train,2,1,1,60.20341449784936,-128.19662027510452,0.0,-31.222812818760588,-83.28407552609494,0.0,0.0,-17.852236164475627,0.5,1.0033902416308227,0.997836259329798
1920,train,1,0,1,-609.6618941661246,-876.7534486555088,-1.6666666666666665,0.0,0.0,0.16666666666666666,1.0,0.0,0.5,1.016103156943541,0.9981064706710885
1920,train,1,2,1,-426.7633259162872,-1101.576056344229,-0.3333333333333333,0.0,0.0,0.16666666666666666,-2.0,0.0,0.5,1.016103156943541,0.9981064706710885
1921,test,0,1,0,-60.0,-104.63337071178739,0.0,454.6795290885851,0.0,-0.5333333333333333,-0.19999999999999996,20.88524978329709,0.5,1,1
1921,test,1,2,1,-60.0,-46.612207835379195,0.13333333333333333,-215.0661110892123,0.0,0.26666666666666666,-0.40000000000000013,-55.98384542491606,0.5,1,1
1922,test,1,0,0,813.476272190762,2815.9293246782086,1.0,79.29246492630566,0.0,0.0,0.0,315.127344916934,0.5,0.9684241335604309,1.0002707972763707
1922,test,2,0,0,1685.0579923951498,3123.112088566488,0.0,488.38140043973135,0.0,0.0,0.0,732.1020254752149,0.5,0.9684241335604309,1.0002707972763707
1923,train,1,0,1,-439.36757089528714,-1391.839130659605,0.0,-468.8279525759691,-243.86571445566392,0.0,-0.29999999999999993,-281.50380255295033,0.5,1.046113264036398,1.0010836291719092
1923,train,1,2,1,-878.7351417905743,-1194.8312214987623,0.0,200.15222480848672,-87.0002127715467,0.0,-0.09999999999999998,-174.07449520981953,0.5,1.046113264036398,1.0010836291719092
1924,train,0,1,0,360.0,890.5705637060018,0.0,0.0,0.0,0.0,0.0,0.0,0.5,1,1
1924,train,1,2,1,-300.0,-81.92765092719492,0.0,0.0,0.0,0.0,0.0,0.0,0.5,1,1
1925,train,0,2,0,-59.813465734963785,-209.2007184384164,0.0,0.0,0.0,0.0,1.0,0.0,0.5,0.9968910955827297,0.9994586253613486
1925,train,2,1,1,418.69426014474647,535.5197597162593,0.0,0.0,0.0,0.0,0.0,0.0,0.5,0.9968910955827297,0.9994586253613486
1926,train,0,2,0,182.65112713459214,1049.7729164654331,0.19047619047619047,-16.03646259715582,52.86577057006698,0.0,1.1904761904761905,13.916730954531342,0.5,1.0147284840810675,0.9982416037801811
1926,train,1,2,0,304.41854522432027,750.244470064548,0.19047619047619047,22.849965724812762,72.70430406348981,-0.2857142857142857,1.6666666666666665,32.79365528945702,0.5,1.0147284840810675,0.9982416037801811
1927,train,0,1,1,60.21156540641286,-905.1662369304953,-0.19047619047619047,-46.44144893125943,-97.16303970833464,0.14285714285714285,0.23809523809523814,-30.642686833209442,0.5,1.003526090106881,0.997836259329798
1927,train,0,2,1,-60.21156540641286,-1066.650335667827,-0.19047619047619047,-68.59542928037297,-104.03290118527701,0.2857142857142857,0.9523809523809523,1.4340983662419455,0.5,1.003526090106881,0.997836259329798
1928,train,0,1,0,120.0,511.7843863327307,0.0,828.2364237058173,0.0,-0.3333333333333333,0.0,0.0,0.5,1,1
1928,train,2,1,0,480.0,2223.6657170551352,0.0,101.70515466603564,0.0,0.3333333333333333,0.0,0.0,0.5,1,1
1929,train,0,2,0,-240.0,-370.8071441142333,0.0,0.0,0.0,0.0,0.0,0.0,0.5,1,1
1929,train,1,2,0,-120.0,-86.24009851807205,0.0,0.0,0.0,0.0,0.0,0.0,0.5,1,1
1930,train,0,2,0,-426.18596331404837,-1064.5385715454252,0.20000000000000004,-25.691191597196166,259.5182583054512,0.0,0.0,-11.175559439917336,0.5,1.0147284840810675,1.0029828065324722
1930,train,2,1,1,-60.88370904486405,181.42300447361697,0.0,5.39242675944115,30.7143030540546,0.0,0.0,-120.76195791121663,0.5,1.0147284840810675,1.0029828065324722
1931,train,0,2,0,609.6618941661246,1306.1286880939756,-0.6666666666666666,0.0,0.0,0.0,1.5,138.52262431880166,0.5,1.016103156943541,0.9981064706710885
1931,train,2,1,1,-182.89856824983738,-262.3801037982878,0.33333333333333326,0.0,0.0,0.0,-2.5,-161.62100592720523,0.5,1.016103156943541,0.9981064706710885
1932,validation,0,1,0,-180.0,1002.1756463536558,0.0,0.0,0.0,0.0,0.0,0.0,0.5,1,1
1932,validation,1,2,1,-60.0,-1115.6458286724273,0.0,0.0,0.0,0.0,0.0,0.0,0.5,1,1
1933,test,1,0,0,748.2216216222297,234.1061531376149,0.4,0.0,53.753460348885056,-0.2,0.0,-7.349933302578648,0.5,1.0391966966975412,0.9967561452934783
1933,test,0,2,1,0.0,42.469172738718406,0.0,0.0,-83.99489819815878,0.2,0.0,-19.431485327201926,0.5,1.0391966966975412,0.9967561452934783
1934,train,0,2,0,297.6536066921505,853.3625168426419,0.0,0.0,0.0,0.3333333333333333,2.666666666666667,0.0,0.5,0.9921786889738351,0.9986471128909702
1934,train,1,2,0,238.12288535372042,610.7848349163712,0.0,0.0,0.0,0.0,1.9999999999999998,0.0,0.5,0.9921786889738351,0.9986471128909702
1935,validation,0,2,0,178.4713156096591,2953.5895916772515,-1.2,-13.752395467157157,216.5299806206037,0.8,0.0,0.0,0.5,0.9915073089425505,0.9985119248876447
1935,validation,2,1,1,-475.92350829242423,-1879.57702447142,1.5,-85.55463231617361,-114.42054523030188,-0.4,0.0,0.0,0.5,0.9915073089425505,0.9985119248876447
1936,validation,2,0,1,-592.2525481858348,-65.76488831790775,-0.42857142857142855,0.8020318640248831,47.357094904291515,-0.2857142857142857,-0.09523809523809523,-228.6864477361564,0.5,0.9870875803097247,0.9974310794729591
1936,validation,1,2,0,947.6040770973357,-971.7403579023575,0.0,-3.8483871780618983,-49.11179501082921,0.2857142857142857,-0.2857142857142857,210.98052082412437,0.5,0.9870875803097247,0.9974310794729591
1937,train,0,1,1,-297.5327419263941,-1440.18745285283,-3.3333333333333335,0.0,0.0,0.0,0.0,-131.92687788933836,0.5,0.9917758064213138,0.9982416037801811
1937,train,2,0,0,476.0523870822306,1401.3187876293475,2.0,0.0,0.0,0.0,0.0,153.5816754668878,0.5,0.9917758064213138,0.9982416037801811
1938,test,0,1,0,-180.0,329.54878169513313,0.0,0.0,0.0,0.0,0.0,0.0,0.5,1,1
1938,test,1,2,1,120.0,-431.6424778895621,0.0,0.0,0.0,0.0,0.0,0.0,0.5,1,1
1939,train,0,1,1,-575.7299195494707,-1242.6102193261345,0.2857142857142857,-597.3986596452369,-249.8460059860469,0.0,0.09523809523809523,67.3364253387365,0.5,0.9595498659157845,0.9982416037801811
1939,train,2,0,0,-57.57299195494707,760.2126944647846,-0.14285714285714285,165.77998335397584,67.88924412113175,0.0,0.19047619047619047,160.94459496512872,0.5,0.9595498659157845,0.9982416037801811
1940,train,0,1,1,60.0,111.19348222455028,0.0,0.0,0.0,0.0,0.0,0.0,0.5,1,1
1940,train,0,2,1,-120.0,-852.6494700396674,0.0,0.0,0.0,0.0,0.0,0.0,0.5,1,1
1941,train,1,0,0,300.0,-409.0721518997443,0.0,0.0,0.0,0.0,0.0,0.0,0.5,1,1
1941,train,2,0,0,-60.0,-742.9424981464385,0.0,0.0,0.0,0.0,0.0,0.0,0.5,1,1
1942,test,0,2,0,592.2525481858348,2171.783420430469,0.2857142857142857,129.82008908142637,-26.265293172083723,0.2857142857142857,1.1904761904761902,23.09629895925606,0.5,0.9870875803097247,0.9977011810926478
1942,test,1,2,0,296.1262740929174,1146.412451098451,0.14285714285714285,60.34418578932336,86.49417183343593,0.0,0.47619047619047616,1.908685898324548,0.5,0.9870875803097247,0.9977011810926478
1943,train,1,0,0,613.8027037290535,2611.654071440345,0.0,122.17871113499905,33.690718706442595,0.0,0.0,0.0,0.5,1.0230045062150892,1.0082923918141966
1943,train,2,0,0,491.0421629832428,2162.9248595477698,0.0,-39.635867560771544,349.8051123580102,1.0,0.0,0.0,0.5,1.0230045062150892,1.0082923918141966
1944,validation,1,0,0,242.12125234090306,846.7457445987108,0.0,0.0,0.0,0.0,0.0,210.71667741368893,0.5,1.0088385514204294,0.9997292760349417
1944,validation,2,0,0,-302.65156542612885,-347.4458802565079,0.0,0.0,0.0,0.0,0.0,145.26639214653292,0.5,1.0088385514204294,0.9997292760349417
1945,train,1,0,0,-62.12430526883182,390.06514038172963,0.2,-49.21824289663482,167.03268128226424,0.4,0.0,0.0,0.5,1.0354050878138636,0.9982416037801811
1945,train,0,2,1,0.0,146.64607870062787,-0.2,-102.65663135789072,-211.00726113140635,0.0,0.0,0.0,0.5,1.0354050878138636,0.9982416037801811
1946,test,0,1,0,353.3845812371755,3722.885654577811,0.0,0.0,0.0,0.0,0.0,1134.7196716376927,0.5,0.9816238367699319,0.9986471128909702
1946,test,2,1,0,765.666592680547,216.34098130808553,0.0,0.0,0.0,0.0,0.0,0.0,0.5,0.9816238367699319,0.9986471128909702
1947,validation,1,0,0,59.95939965015904,-413.9832889698335,0.0,0.0,0.0,1.0,0.0,0.0,0.5,0.9993233275026507,0.9998646288547973
1947,validation,2,0,0,0.0,858.110141060146,0.0,0.0,0.0,3.0,0.0,0.0,0.5,0.9993233275026507,0.9998646288547973
1948,test,1,0,0,0.0,-23.873998214925773,0.0,0.0,0.0,0.0,0.0,226.31645637417535,0.5,0.9816238367699319,0.9986471128909702
1948,test,0,2,1,-117.79486041239183,482.52067842776825,0.0,0.0,0.0,0.0,0.0,-188.48223903182222,0.5,0.9816238367699319,0.9986471128909702
1949,test,1,0,0,-120.0,354.99899342468234,0.26666666666666666,-111.30207050427319,0.0,0.06666666666666667,-0.2,25.821496972425656,0.5,1,1
1949,test,2,0,0,-120.0,-91.68912520407866,1.0666666666666667,-79.71034912908596,0.0,0.0,0.6,7.36242440837453,0.5,1,1
1950,test,2,0,1,-301.0578270320644,1416.2236577315182,-0.19047619047619047,159.28166952920765,-247.79926224955395,0.14285714285714285,-0.2857142857142857,-149.88471919013304,0.5,1.0035260901068812,1.0008126118424647
1950,test,1,2,0,301.0578270320644,-1310.8833309910606,0.0,-108.3255551507026,120.4494125101472,0.14285714285714285,0.23809523809523803,148.26469538644878,0.5,1.0035260901068812,1.0008126118424647
1951,train,0,1,0,304.1301959383616,1645.4928155336277,0.047619047619047616,282.65660645981677,-25.400731960379506,0.0,0.23809523809523803,-85.14397213075041,0.5,1.0137673197945387,1.0025755368765914
1951,train,1,2,1,182.47811756301698,-358.7132489150686,0.0,-356.6327006074738,48.86478339342924,-0.14285714285714285,0.23809523809523808,85.14397213075041,0.5,1.0137673197945387,1.0025755368765914
1952,train,2,0,1,180.0,-2282.7112198845334,-0.33333333333333337,-456.02971367490863,-430.06039361267085,0.0,0.0,0.0,0.5,1,1
1952,train,1,2,0,-960.0,-414.25501850927685,0.0,945.3876306015927,140.30873562737645,0.0,0.0,0.0,0.5,1,1
1953,train,0,1,1,-480.0,272.0199734358016,0.0,0.0,0.0,0.0,0.0,0.0,0.5,1,1
1953,train,0,2,1,-300.0,87.86041631674198,0.0,0.0,0.0,0.0,0.0,0.0,0.5,1,1
1954,train,0,1,1,-480.0,-307.11765903597006,0.0,-205.201859004563,13.455131676863488,-0.19047619047619047,0.0,64.07062692669476,0.5,1,1
1954,train,2,0,0,300.0,-980.4362216928798,-0.23809523809523808,105.29470902520717,12.996245900754838,0.19047619047619047,-0.28571428571428564,-24.411557354359743,0.5,1,1
1955,train,2,0,1,-117.79486041239183,-96.1045901906478,0.0,0.0,0.0,0.0,0.0,-109.30955238226878,0.5,0.9816238367699319,1.002032767907594
1955,train,1,2,0,117.79486041239183,-25.010375719651194,0.0,0.0,0.0,0.0,0.0,57.23180129053216,0.5,0.9816238367699319,1.002032767907594
1956,train,1,0,1,-57.79946947598555,13.963686633834454,0.0,0.0,19.014674584204197,0.0,0.0,19.785496786225053,0.5,0.9633244912664259,0.9960816678233944
1956,train,1,2,1,0.0,-565.359363018081,0.0,0.0,1.6416343573972512,0.0,-0.19999999999999996,-10.802070501162024,0.5,0.9633244912664259,0.9960816678233944
1957,validation,0,1,0,239.83759860063617,-93.95840263920216,0.0,0.0,0.0,1.0,0.0,0.0,0.5,0.9993233275026507,0.9998646288547973
1957,validation,2,1,0,59.95939965015904,688.714432911391,0.0,0.0,0.0,1.0,0.0,0.0,0.5,0.9993233275026507,0.9998646288547973
1958,train,2,0,1,235.71733221033293,600.5645095255164,0.0,0.0,117.31780927173838,0.0,-1.2000000000000002,-103.68945745759588,0.5,0.9821555508763872,1.0018971215842718
1958,train,2,1,1,-58.92933305258323,1950.229683262948,0.4,0.0,142.0246691467492,0.0,-0.2,-246.75573098835665,0.5,0.9821555508763872,1.0018971215842718
1959,train,2,0,1,-120.0,-1536.872815836221,0.0,0.0,0.0,0.0,0.0,0.0,0.5,1,1
1959,train,1,2,0,540.0,3129.616475610498,0.0,0.0,0.0,0.0,0.0,0.0,0.5,1,1
1960,train,1,0,0,354.77470638464825,2157.0695086191254,0.0,284.5587485733293,197.99369428123836,0.0,0.2857142857142857,-68.43618252490394,0.5,0.9854852955129119,0.9963514040260837
1960,train,2,0,0,0.0,-693.45577174256,0.19047619047619047,276.29226227510736,-22.564885200873704,0.09523809523809523,0.09523809523809523,59.011366910011674,0.5,0.9854852955129119,0.9963514040260837
1961,train,0,1,1,60.407518619997646,247.5986176010412,0.4,36.925015231219575,-116.04801546250847,0.0,0.0,-37.91703760085804,0.5,1.0067919769999607,0.9960816678233944
1961,train,2,0,0,0.0,-451.3934755523606,0.0,67.76799197100284,-68.87321244819586,0.0,0.0,-4.5113559030652866,0.5,1.0067919769999607,0.9960816678233944
1962,train,2,0,1,-61.22258933638906,-1592.9759393392915,0.0,0.0,0.0,-0.3333333333333333,-4.0,0.0,0.5,1.0203764889398177,1.0096583455744486
1962,train,2,1,1,-61.22258933638906,-369.3643232208465,0.0,0.0,0.0,-0.3333333333333333,-2.0,0.0,0.5,1.0203764889398177,1.0096583455744486
1963,train,2,0,1,-304.37733573723233,-725.0002787607305,0.047619047619047616,1.2213953287208597,34.14876456286775,0.0,-0.23809523809523803,19.466136553430538,0.5,1.0145911191241077,1.001625884022936
1963,train,2,1,1,-121.75093429489293,-321.70565506875784,-0.09523809523809523,-126.3941871219266,14.276929463126713,0.0,0.0,35.03831122727595,0.5,1.0145911191241077,1.001625884022936
1964,train,1,0,1,-607.684239561347,-2292.4956046799357,-1.4999999999999998,76.03404098960459,-237.39003387290688,0.0,-2.4,0.0,0.5,1.0128070659355783,1.0043415672919243
1964,train,1,2,1,-303.8421197806735,-722.8733794733173,0.0,22.950136753641743,-105.04208997028682,0.0,-0.3999999999999999,0.0,0.5,1.0128070659355783,1.0043415672919243
1965,train,0,1,1,-662.3272194705414,-47.92197519299717,-0.09523809523809523,-24.03033543279267,-147.32031033732864,0.0,-1.0,-95.86009516337622,0.5,1.003526090106881,1.0008126118424647
1965,train,2,0,0,481.6925232513029,-1362.3146160730846,0.0,38.25634971362551,204.56745198510401,0.47619047619047616,0.2857142857142858,117.91039209913842,0.5,1.003526090106881,1.0008126118424647
1966,validation,1,0,0,240.0,-238.14162441106058,0.0,0.0,0.0,0.0,0.6666666666666665,162.80693131862003,0.5,1,1.0021684325960005
1966,validation,2,0,0,300.0,-196.20772339265827,0.0,0.0,0.0,0.0,-0.33333333333333326,203.67002896958957,0.5,1,1.0021684325960005
1967,validation,0,1,1,-240.0,-2105.2983758422447,0.0,-627.9652766317306,0.0,0.0,-1.6666666666666665,0.0,0.5,1,1
1967,validation,0,2,1,-120.0,101.01904894640757,0.0,58.30236887890101,0.0,0.0,-1.3333333333333335,0.0,0.5,1,1
1968,train,1,0,0,240.0,394.71956751717744,0.0,0.0,0.0,0.0,0.0,0.0,0.5,1,1
1968,train,0,2,1,-120.0,470.50653342092255,0.0,0.0,0.0,0.0,0.0,0.0,0.5,1,1
1969,train,2,0,1,-435.93114046850445,-526.8933669527662,0.0,-22.2236967455963,-37.880984473972376,0.6666666666666666,0.0,0.0,0.5,1.0379312868297725,0.9983767551848742
1969,train,2,1,1,-62.27587720978635,-760.7192921117647,0.0,-169.7510452623545,-260.13573082115056,0.3333333333333333,0.0,0.0,0.5,1.0379312868297725,0.9983767551848742
1970,train,2,0,1,-121.01146847877422,-1249.644735206545,0.0,0.0,-865.630018047423,0.16666666666666666,-0.9999999999999998,0.0,0.5,1.0084289039897851,0.9983767551848742
1970,train,2,1,1,-181.51720271816131,-381.8616660842428,0.0,0.0,-77.05593442072944,0.16666666666666666,-0.9999999999999998,0.0,0.5,1.0084289039897851,0.9983767551848742
1971,train,1,0,0,-60.43205756835222,-323.46699333934436,0.2857142857142857,-101.86676114847532,42.6404213693501,-0.09523809523809523,0.0,2.7553360637493256,0.5,1.007200959472537,1.007200959472537
1971,train,0,2,1,120.86411513670444,-184.42428803897005,-0.2857142857142857,123.92819535907151,-27.279890942039856,0.0,-0.7619047619047619,-33.13409416917152,0.5,1.007200959472537,1.007200959472537
1972,validation,0,1,0,479.67519720127234,1215.0143425553215,0.0,0.0,0.0,0.0,0.0,0.0,0.5,0.9993233275026507,1.0035260901068812
1972,validation,2,1,0,299.79699825079524,128.6236914166603,0.0,0.0,0.0,0.0,0.0,0.0,0.5,0.9993233275026507,1.0035260901068812
1973,train,0,2,0,236.58051893924164,236.3865389239209,0.0,38.53386601766845,189.18643103962128,0.4,0.4,-49.607427842211,0.5,0.9857521622468401,0.9995939415379522
1973,train,2,1,1,177.43538920443123,42.583747177352265,0.0,-140.4546217856758,-83.94992000894052,-0.2,-0.4,41.49500701565451,0.5,0.9857521622468401,0.9995939415379522
1974,train,0,1,1,180.0,-464.48898586912037,0.0,0.0,0.0,0.0,0.0,0.0,0.5,1,1
1974,train,2,0,0,-120.0,-39.96112382427873,0.0,0.0,0.0,0.0,0.0,0.0,0.5,1,1
1975,test,1,0,1,-246.12010801925666,-134.12919019000284,0.0,0.0,0.0,0.0,0.0,0.0,0.5,1.025500450080236,0.9995939415379522
1975,test,1,2,1,-307.65013502407083,-1057.5645898671567,0.0,0.0,0.0,0.0,-1.0,0.0,0.5,1.025500450080236,0.9995939415379522
1976,train,0,2,0,180.0,375.2933767938821,0.0,0.0,0.0,0.0,0.0,0.0,0.5,1,1
1976,train,1,2,0,420.0,80.44387509518128,0.0,0.0,0.0,0.0,0.0,0.0,0.5,1,1
1977,train,0,2,0,180.0,522.4041674303335,0.0,-125.49392826361236,0.0,0.0,0.0,0.0,0.5,1,1
1977,train,2,1,1,-180.0,-709.4118474494853,0.0,-290.59610288559475,0.0,0.0,0.0,0.0,0.5,1,1
1978,train,1,0,0,250.38831178612742,621.0086085662103,0.0,-20.648955465901636,7.656260238412216,0.0,0.09523809523809523,132.46118167925,0.5,1.0432846324421976,1.004069667960554
1978,train,2,0,0,-62.597077946531854,425.8976033407131,0.5714285714285714,-33.690764447601524,-48.87466757381216,0.7142857142857142,-0.2857142857142857,120.81711303341791,0.5,1.0432846324421976,1.004069667960554
1979,train,1,0,0,0.0,-193.09598654101953,1.3333333333333333,0.0,129.20587638850242,0.0,0.0,0.0,0.5,0.9856187198477508,1.0035260901068812
1979,train,0,2,1,-118.27424638173011,-337.0893287181456,-2.6666666666666665,0.0,167.23106198357885,0.0,0.0,0.0,0.5,0.9856187198477508,1.0035260901068812
1980,validation,2,0,1,413.45579135861203,607.1717103127795,-1.0,0.0,-17.237359917360436,0.0,0.0,0.0,0.5,0.9844185508538381,0.9986471128909702
1980,validation,1,2,0,1063.1720349221453,3360.1658037824595,1.3333333333333333,0.0,1202.03068931506,0.0,0.0,0.0,0.5,0.9844185508538381,0.9986471128909702
1981,validation,0,1,1,-60.0,-1069.9455635697745,0.0,-658.2888512142641,0.0,0.0,0.0,0.0,0.5,1,1
1981,validation,0,2,1,180.0,-422.5181519099515,0.0,-327.489706560708,0.0,0.0,0.0,0.0,0.5,1,1
1982,train,0,2,0,234.98450955499703,661.455519453092,0.0,0.0,61.82323268249547,0.1,0.6,-38.23028638863415,0.5,0.979102123145821,0.9981064706710885
1982,train,1,2,0,58.74612738874926,194.43464295225291,0.0,0.0,131.21188079247017,0.1,0.6,-21.645539615468913,0.5,0.979102123145821,0.9981064706710885
1983,train,0,1,0,-119.1259344365698,-600.2365742558609,1.3333333333333333,220.17405858309186,0.0,0.0,0.0,0.0,0.5,0.9927161203047484,0.9986471128909702
1983,train,1,2,1,59.5629672182849,215.8182143433418,-1.3333333333333333,-296.6037668148474,0.0,0.0,0.0,0.0,0.5,0.9927161203047484,0.9986471128909702
1984,train,1,0,0,62.29274134771836,0.0,0.47619047619047616,-60.346506361260964,19.162966001743627,0.0,0.5714285714285714,-8.355072231417768,0.5,1.038212355795306,1.003526090106881
1984,train,2,0,0,-62.29274134771836,0.0,0.23809523809523808,-88.40672393674994,33.53367994119871,0.0,0.2857142857142857,-15.821072533778441,0.5,1.038212355795306,1.003526090106881
1985,test,2,0,1,358.00732203143696,-392.97631854801926,0.3333333333333333,0.0,37.70717937639924,-1.0,0.0,0.0,0.5,0.9944647834206582,1.0082923918141966
1985,test,1,2,0,59.66788700523949,1362.42624332198,0.0,0.0,87.80835262908721,0.5,0.0,0.0,0.5,0.9944647834206582,1.0082923918141966
1986,train,0,2,0,117.1904265124323,569.4844710451441,0.09523809523809523,214.41500465638995,-23.315138571333122,0.14285714285714285,-0.38095238095238093,-33.03018218398488,0.5,0.9765868876036025,0.9977011810926478
1986,train,1,2,0,292.97606628108076,1519.4347910324987,-0.047619047619047616,57.71365497473147,-2.36490904092787,0.0,0.09523809523809523,39.80855919876563,0.5,0.9765868876036025,0.9977011810926478
1987,train,2,0,1,-297.6536066921505,-187.59653914952273,0.0,0.0,0.0,0.0,1.3333333333333335,0.0,0.5,0.9921786889738351,0.9986471128909702
1987,train,2,1,1,-119.06144267686021,-225.83623156249564,0.0,0.0,0.0,0.0,0.6666666666666667,0.0,0.5,0.9921786889738351,0.9986471128909702
1988,train,0,1,1,-239.2862553942791,-1851.1279990612518,0.0,0.0,0.0,-2.6666666666666665,0.0,0.0,0.5,0.9970260641428296,0.9995939415379522
1988,train,0,2,1,-119.64312769713955,-1150.9478936118328,-0.6666666666666666,0.0,0.0,0.0,0.0,0.0,0.5,0.9970260641428296,0.9995939415379522
1989,train,1,0,0,420.0,856.629618065952,0.0,363.53325082224916,41.44508546269353,-0.14285714285714285,0.9523809523809523,-40.452379614070345,0.5,1,1
1989,train,0,2,1,120.0,58.11496511551468,0.047619047619047616,-184.53565770571305,-237.1521478927433,0.14285714285714285,-0.9523809523809523,7.661600598711793,0.5,1,1
1990,train,0,1,0,0.0,-1028.7055900614132,0.0,0.0,0.0,0.0,0.0,0.0,0.5,1,1
1990,train,2,1,0,360.0,553.8723348423855,0.0,0.0,0.0,0.0,0.0,0.0,0.5,1,1
1991,validation,2,0,1,0.0,-455.1754625676528,0.0,-43.43893916571863,0.0,-0.33333333333333337,0.5,0.0,0.5,1.016103156943541,0.9979713558551195
1991,validation,1,2,0,-121.93237883322493,284.2709564948143,0.0,232.8282045328271,0.0,-0.3333333333333333,0.5,0.0,0.5,1.016103156943541,0.9979713558551195
1992,train,2,0,1,60.0,-584.4232416374434,0.0,0.0,0.0,0.0,0.0,0.0,0.5,1,1
1992,train,2,1,1,0.0,487.33432263936174,0.0,0.0,0.0,0.0,0.0,0.0,0.5,1,1
1993,train,2,0,1,-119.62693146992757,-1200.2832291216653,-1.0,0.0,0.0,0.0,0.0,0.0,0.5,0.9968910955827297,0.9994586253613486
1993,train,1,2,0,239.25386293985514,890.2903448608121,0.0,0.0,0.0,0.0,0.0,0.0,0.5,0.9968910955827297,0.9994586253613486
1994,train,1,0,0,120.0,-501.71822396741936,0.0,0.0,0.0,0.0,0.0,0.0,0.5,1,1
1994,train,0,2,1,0.0,-1018.5491123222464,0.0,0.0,0.0,0.0,0.0,0.0,0.5,1,1
1995,train,2,0,1,-60.88370904486405,-603.5687358991756,-0.19047619047619047,-0.6631120938021837,-26.50246886101032,0.0,0.5714285714285714,0.0,0.5,1.0147284840810675,0.9995939415379522
1995,train,2,1,1,-182.65112713459214,-645.2667864198995,0.0,-71.45854541425595,-3.4471669433956613,-0.23809523809523808,0.7142857142857142,-53.808933632053794,0.5,1.0147284840810675,0.9995939415379522
1996,test,1,0,1,-180.0,-457.4742392016974,0.0,0.0,0.0,0.0,0.0,0.0,0.5,1,1
1996,test,2,1,0,120.0,238.2006720599561,0.0,0.0,0.0,0.0,0.0,0.0,0.5,1,1
1997,train,0,1,1,0.0,-627.195113297562,0.0,166.57873712520353,0.0,0.0,-2.666666666666666,0.0,0.5,0.9921786889738351,1.00502163779346
1997,train,2,0,0,0.0,-129.776096829051,0.0,-242.18264838873108,0.0,0.0,-1.3333333333333335,0.0,0.5,0.9921786889738351,1.00502163779346
1998,train,0,1,1,0.0,-159.89056163564373,0.0,0.0,0.0,0.0,0.0,0.0,0.5,1,1
1998,train,2,0,0,60.0,142.16957309037025,0.0,0.0,0.0,0.0,0.0,0.0,0.5,1,1
1999,train,2,0,1,-182.70058856234624,-1798.9675135205052,-0.42857142857142855,-43.882243329981975,-91.01802996247088,0.0,-0.09523809523809523,-103.9282970293059,0.5,1.0150032697908125,0.9981064706710885
1999,train,2,1,1,-60.90019618744875,-397.4611992434778,-0.42857142857142855,22.710965566305333,-60.48635850228556,0.0,0.09523809523809523,-7.912426373643712,0.5,1.0150032697908125,0.9981064706710885
2000,validation,0,1,0,119.06144267686021,282.048362886081,0.0,0.0,0.0,0.0,1.3333333333333335,-57.18537145588246,0.5,0.9921786889738351,0.9986471128909702
2000,validation,1,2,1,119.06144267686021,10.30523526334501,0.0,0.0,0.0,0.0,1.3333333333333333,9.316706851790059,0.5,0.9921786889738351,0.9986471128909702
2001,train,1,0,0,59.113110061572236,637.3915453902304,-0.2,0.0,17.548693764963772,0.0,1.6,-4.971366808747868,0.5,0.9852185010262039,0.9974310794729591
2001,train,0,2,1,-295.56555030786114,-503.36204321013514,-0.2,0.0,-49.22223734234732,0.0,-0.4,-18.677813423373614,0.5,0.9852185010262039,0.9974310794729591
2002,train,0,1,0,288.8017908231489,439.29203020167046,-0.2,210.20629260414245,-6.8181519477810895,0.26666666666666666,0.0,203.30904962751657,0.5,0.962672636077163,0.9987823191973281
2002,train,2,1,0,173.28107449388935,-808.539018540766,-0.4,163.45122859035968,18.449470139422292,0.26666666666666666,0.0,68.13370642840302,0.5,0.962672636077163,0.9987823191973281
2003,train,0,1,1,-180.85491978312726,-910.8692148353555,-0.13333333333333333,0.0,-231.7313848314302,-0.8,0.0,-181.88048626413368,0.5,1.004749554350707,1.0009481113345846
2003,train,2,0,0,-421.9948128272969,312.74810170804494,0.4,0.0,-43.79354358442856,0.0,-0.26666666666666666,85.33707827228626,0.5,1.004749554350707,1.0009481113345846
2004,validation,1,0,0,415.3070580910958,-174.27763675917595,0.0,7.185970975090001,-0.056399029296756,0.0,-0.2666666666666666,-30.703844538232005,0.5,0.9888263287883233,1.0035260901068812
2004,validation,0,2,1,118.6591594545988,627.0363151440328,0.0,17.640151418337496,31.701253425525934,-0.3333333333333333,0.5333333333333332,45.23967927766098,0.5,0.9888263287883233,1.0035260901068812
2005,train,0,2,0,180.0,1216.3759539960297,0.4000000000000001,-20.140582596135005,252.3412971589638,0.0,0.0,22.68643369039497,0.5,1,1
2005,train,1,2,0,0.0,-43.35782950483235,0.2,-12.841586130053997,245.86386643393757,0.0,0.0,-1.2753840687963702,0.5,1,1
2006,test,0,2,0,60.0,-635.4698241296774,0.0,1116.163681183259,227.03801392839176,0.0,0.0,0.0,0.5,1,1
2006,test,1,2,0,240.0,-21.45922096347931,0.0,1442.106138298187,-23.708425821871117,0.0,0.0,0.0,0.5,1,1
2007,test,2,0,1,180.0,-455.6221681702391,-0.6666666666666667,-542.8146780844183,-178.53901383686727,0.0,0.0,0.0,0.5,1,1
2007,test,2,1,1,-240.0,-2195.5149609923546,0.0,-1909.6894335357697,-680.9528212973036,0.0,0.0,0.0,0.5,1,1
2008,train,2,0,1,180.0,56.21862759307078,0.0,55.766385286352715,0.0,0.0,-1.9999999999999998,-41.91479701077811,0.5,1,1
2008,train,1,2,0,240.0,663.6731821540816,0.0,569.1454085351475,0.0,0.0,1.0,56.45199153670687,0.5,1,1
2009,validation,2,0,1,60.0,123.63875404345981,0.0,72.0629820670921,0.0,0.0,0.0,0.0,0.5,1,1
2009,validation,1,2,0,120.0,311.57861518713844,0.0,1036.8279130768383,0.0,0.0,0.0,0.0,0.5,1,1
2010,train,1,0,0,120.0,523.1083487936703,0.0,0.0,0.0,0.0,0.0,0.0,0.5,1,1
2010,train,2,0,0,0.0,-23.637442337172615,0.0,0.0,0.0,0.0,0.0,0.0,0.5,1,1
2011,train,1,0,0,175.09685324015774,662.2611374943813,0.0,184.35869743358768,0.0,0.0,0.0,-6.843550242847478,0.5,0.9727602957786542,0.9975661211411934
2011,train,2,0,0,291.82808873359625,1153.449477830024,0.0,466.2710021986763,0.0,0.0,0.0,-30.680712466952308,0.5,0.9727602957786542,0.9975661211411934
2012,train,0,1,0,179.46469154570931,-92.89719282092234,0.0,0.0,0.0,0.0,-1.0,0.0,0.5,0.9970260641428296,0.9995939415379522
2012,train,1,2,1,-418.7509469399884,340.2006005444821,0.0,0.0,0.0,0.0,-0.6666666666666665,0.0,0.5,0.9970260641428296,0.9995939415379522
2013,train,1,0,0,0.0,-534.9307773409478,0.0,-151.50394783381694,0.0,0.0,0.0,0.0,0.5,1,1
2013,train,2,0,0,-60.0,-270.7736469042543,0.0,-187.86839841046208,0.0,0.0,0.0,0.0,0.5,1,1
2014,validation,2,0,1,-751.0879936599385,-1069.7668120427618,-1.0,0.0,-29.51514791076623,0.26666666666666666,-0.8,124.4790187811001,0.5,0.9629333252050494,0.9958120046447593
2014,validation,2,1,1,-173.3279985369089,-948.7803930226058,-0.2,0.0,-11.714656352337848,-0.13333333333333336,-1.5999999999999999,-36.701935298021866,0.5,0.9629333252050494,0.9958120046447593
2015,train,2,0,1,-239.25386293985514,-2169.6913299953826,0.0,0.0,0.0,0.0,-5.0,0.0,0.5,0.9968910955827297,1.0033902416308227
2015,train,2,1,1,-358.8807944097827,-3098.910350650949,0.0,0.0,0.0,0.0,-4.0,0.0,0.5,0.9968910955827297,1.0033902416308227
2016,train,0,2,0,173.3279985369089,1190.3075242926466,0.0,0.0,49.22617214103305,0.6000000000000001,0.2666666666666666,-39.149403623379115,0.5,0.9629333252050494,0.9987823191973281
2016,train,1,2,0,173.3279985369089,1418.512797202422,-0.5333333333333333,0.0,-40.9322083390544,0.4000000000000001,-0.13333333333333336,-39.149403623379115,0.5,0.9629333252050494,0.9987823191973281
2017,test,2,0,1,-120.0,449.8135795458702,-0.3333333333333333,-105.39278208584426,-89.95303639242151,0.0,0.0,0.0,0.5,1,1
2017,test,2,1,1,-60.0,-366.3173706269022,0.0,-86.83937140454066,-99.25477983274551,0.0,0.0,0.0,0.5,1,1
2018,train,2,0,1,-120.0,335.51815030486796,0.0,0.0,0.0,0.0,0.0,0.0,0.5,1,1
2018,train,1,2,0,300.0,1272.5025698117115,0.0,0.0,0.0,0.0,0.0,0.0,0.5,1,1
2019,validation,0,2,0,-115.72420533446122,-590.6702592871765,0.0,55.87418923188005,101.33594548589218,0.0,0.0,107.11142903422946,0.5,0.9643683777871768,0.9998646288547973
2019,validation,2,1,1,-231.44841066892243,-2346.481003831568,0.0,-17.075685388235115,-591.9639825900989,0.0,0.0,-136.10081609329532,0.5,0.9643683777871768,0.9998646288547973
2020,test,0,1,0,-59.113110061572236,1592.6341079750225,0.0,521.6577806073742,33.77014851423357,0.0,1.2000000000000002,0.0,0.5,0.9852185010262039,1.0009481113345846
2020,test,1,2,1,413.79177043100566,525.5854678581122,0.0,-365.40094582695815,29.210349773967256,-0.6,0.0,0.0,0.5,0.9852185010262039,1.0009481113345846
2021,train,0,1,0,61.38858061536562,-323.3958692537105,-0.3333333333333333,0.0,0.0,0.0,0.0,71.53835377353626,0.5,1.0231430102560937,1.0009481113345846
2021,train,1,2,1,-245.55432246146248,451.316670233985,0.3333333333333333,0.0,0.0,0.0,-0.16666666666666663,-114.75235073377239,0.5,1.0231430102560937,1.0009481113345846
2022,train,0,1,0,0.0,536.5022396152666,0.8,-32.102484558777746,0.0,-0.2,0.0,21.889337006904746,0.5,1.0133556709957887,1.008565434647685
2022,train,1,2,1,60.80134025974732,366.2546501708146,0.0,18.84355578614381,0.0,0.1,0.0,49.454918730857905,0.5,1.0133556709957887,1.008565434647685
2023,train,0,2,0,0.0,1204.057128783176,0.0,0.0,-75.54872996298607,0.0,1.5,-129.30087047401324,0.5,0.9881572172069775,1.0018971215842718
2023,train,1,2,0,0.0,185.17929482972758,0.0,0.0,-78.66606263706825,0.0,1.5,-64.43945991810978,0.5,0.9881572172069775,1.0018971215842718
2024,train,2,0,1,-180.0,-2203.275299245639,0.0,0.0,0.0,0.0,0.0,0.0,0.5,1,1
2024,train,1,2,0,540.0,1305.1710133743836,0.0,0.0,0.0,0.0,0.0,0.0,0.5,1,1
2025,train,0,1,1,0.0,-404.78014486456567,0.0,0.0,0.0,0.0,0.0,0.0,0.5,0.9968910955827297,0.9994586253613486
2025,train,0,2,1,119.62693146992757,191.16222983084356,0.0,0.0,0.0,0.0,0.0,0.0,0.5,0.9968910955827297,0.9994586253613486
2026,test,0,1,1,60.89195205814779,-515.6163475618756,-0.14285714285714285,-536.64791801298,-408.3310709561512,-0.2857142857142857,0.4285714285714286,2.7282256242155576,0.5,1.0148658676357964,0.9975661211411933
2026,test,2,0,0,304.4597602907389,524.1096506530066,0.09523809523809523,275.0483096092946,91.22662404810504,0.8571428571428571,-0.2857142857142858,-2.7282256242155576,0.5,1.0148658676357964,0.9975661211411933
2027,train,0,2,0,-59.813465734963785,430.91799336227075,3.0,0.0,0.0,0.0,0.0,0.0,0.5,0.9968910955827297,1.0051577071433853
2027,train,2,1,1,-179.44039720489135,-262.4806265879178,0.0,0.0,0.0,0.0,0.0,0.0,0.5,0.9968910955827297,1.0051577071433853
2028,train,0,1,1,-246.8876581502495,749.5426587878759,-0.6666666666666666,0.0,0.0,0.0,0.0,51.91886764408707,0.5,1.0286985756260396,1.0017614936235477
2028,train,0,2,1,-246.8876581502495,-64.19562188770158,-0.3333333333333333,0.0,0.0,0.0,0.0,-48.64736240645982,0.5,1.0286985756260396,1.0017614936235477
2029,train,0,1,1,-120.0,-713.7299303425493,0.0,0.0,0.0,0.0,0.0,0.0,0.5,1,1
2029,train,2,0,0,0.0,364.90519631522784,0.0,0.0,0.0,0.0,0.0,0.0,0.5,1,1
2030,train,0,1,0,-119.06144267686021,176.82245397580922,0.0,0.0,0.0,0.0,5.333333333333333,0.0,0.5,0.9921786889738351,0.9986471128909702
2030,train,2,1,0,178.5921640152903,731.2909057115193,0.3333333333333333,0.0,0.0,0.0,4.0,0.0,0.5,0.9921786889738351,0.9986471128909702
2031,validation,0,2,0,58.08185380476884,27.600830381100277,0.3333333333333333,477.1538927081888,0.0,0.0,0.0,-20.703060205896634,0.5,0.9680308967461473,0.9967561452934783
2031,validation,1,2,0,116.16370760953768,257.9585536683242,0.0,600.0224760994436,0.0,0.0,0.0,180.60075536025448,0.5,0.9680308967461473,0.9967561452934783
2032,validation,0,2,0,-182.70058856234624,-115.54477047908406,0.0,-15.628838478087076,-31.04440640610835,-0.2857142857142857,-0.1428571428571429,-3.2352305958324585,0.5,1.0150032697908125,0.9977011810926478
2032,validation,1,2,0,60.90019618744875,238.48571295874507,0.0,34.90436271224681,-2.3467521408015557,0.2857142857142857,-0.2857142857142857,10.693921875501982,0.5,1.0150032697908125,0.9977011810926478
2033,test,0,1,0,-62.14112836149504,384.08348284895897,0.0,0.0,185.83690691297176,0.0,0.0,0.0,0.5,1.035685472691584,1.0012191653569225
2033,test,2,1,0,0.0,359.2580946869391,0.2,0.0,-4.795917690676561,0.1,0.0,80.40944866331887,0.5,1.035685472691584,1.0012191653569225
2034,train,0,1,0,-120.53730534809553,-231.83484246548696,0.0,166.34704964395812,159.02893932013527,-0.06666666666666667,0.1333333333333333,-68.22683074924576,0.5,1.0044775445674627,1.0009481113345846
2034,train,1,2,1,60.268652674047765,719.6873299328511,0.0,27.246994177730926,-60.31180259909658,0.06666666666666667,-0.5333333333333333,15.899504389532169,0.5,1.0044775445674627,1.0009481113345846
2035,train,0,2,0,414.4645478593718,1104.87023526909,0.0,184.49011770018717,83.81113454732088,0.0,-0.19047619047619047,-19.098296010973527,0.5,0.9868203520461234,0.9964862995176282
2035,train,2,1,1,118.4184422455348,-447.00019148274646,-0.14285714285714285,198.17707632012548,-5.914021636461058,-0.5714285714285714,0.38095238095238093,29.574731553914432,0.5,0.9868203520461234,0.9964862995176282
2036,train,0,1,0,293.01573215630515,766.5562210930877,-0.19047619047619047,19.20646584893803,262.5736838781376,0.0,0.23809523809523814,-6.592680400968135,0.5,0.9767191071876837,1.0006771306930664
2036,train,2,1,0,234.4125857250441,399.204128579999,0.2857142857142857,-38.83655001775604,-71.53020156323791,0.0,0.9523809523809523,1.7665346272416045,0.5,0.9767191071876837,1.0006771306930664
2037,train,1,0,1,120.0,866.0071767265904,0.0,-330.72410264325015,13.343028587840081,0.0,-0.6,35.77431308961123,0.5,1,1
2037,train,1,2,1,-180.0,132.6416516016452,0.0,-368.1834075050692,-38.67845747828096,0.0,-1.5,-12.619934324146499,0.5,1,1
2038,train,0,1,1,180.0,-1357.3511330404249,0.0,0.0,0.0,0.0,0.0,0.0,0.5,1,1
2038,train,2,0,0,-360.0,-213.08520610763253,0.0,0.0,0.0,0.0,0.0,0.0,0.5,1,1
2039,train,2,0,1,57.6275775611855,-119.90500110333372,0.0,57.89922192741986,82.34464547710996,0.0,0.19047619047619047,-47.02448933803581,0.5,0.9604596260197583,0.9954076467536646
2039,train,2,1,1,-288.1378878059275,-157.85649892932653,-0.23809523809523808,-36.06356046181327,17.62149337702384,0.19047619047619047,0.14285714285714285,-59.60926553190463,0.5,0.9604596260197583,0.9954076467536646
2040,train,0,1,1,-484.11140863088883,-1329.1658116626836,-0.9523809523809523,-65.4263596355278,-181.82238363029,0.0,0.0,-48.736955559721515,0.5,1.008565434647685,0.9968910955827297
2040,train,2,0,0,363.08355647316665,-343.5753005321294,-0.19047619047619047,1.4503994787908994,-38.163140514708296,0.09523809523809523,-0.8571428571428571,162.76124137629222,0.5,1.008565434647685,0.9968910955827297
2041,validation,1,0,0,118.46654658924695,-164.83654908142657,0.19047619047619047,6.863913555782901,-136.8328280838694,0.2857142857142857,0.2857142857142857,86.58793698591221,0.5,0.9872212215770579,1.0031185998461076
2041,validation,2,0,0,118.46654658924695,-415.470596513783,0.09523809523809523,-20.119118443211647,-39.817873768349116,0.2857142857142857,0.1428571428571428,0.0,0.5,0.9872212215770579,1.0031185998461076
2042,train,0,2,0,-59.34564601589777,-172.37442351139583,1.0,-206.00996564271696,0.0,0.0,0.0,0.0,0.5,0.9890941002649628,0.997836259329798
2042,train,1,2,0,-118.69129203179554,-526.5976110873411,1.0,-173.9230471825141,0.0,0.0,-0.3333333333333333,0.0,0.5,0.9890941002649628,0.997836259329798
2043,train,0,1,0,0.0,-957.3034780713913,0.20000000000000004,-325.54610820921084,-359.69482295882625,0.0,0.0,307.20648356427574,0.5,1.0354050878138636,0.9982416037801811
2043,train,1,2,1,-248.49722107532727,-844.8266428662024,-0.30000000000000004,-286.40579540369515,297.9977521136839,0.0,0.0,-107.94355931679928,0.5,1.0354050878138636,0.9982416037801811
2044,train,0,2,0,60.0,-280.43200469219846,0.0,0.0,0.0,0.0,0.0,0.0,0.5,1,1
2044,train,2,1,1,-480.0,-726.5150817745525,0.0,0.0,0.0,0.0,0.0,0.0,0.5,1,1
2045,train,0,1,1,121.01146847877422,424.83353769295195,0.0,0.0,-11.2282623248758,0.0,0.33333333333333337,0.0,0.5,1.0084289039897851,1.0013547198921082
2045,train,2,0,0,-242.02293695754844,-470.08896604790397,0.0,0.0,4.735151327129358,0.3333333333333333,-0.16666666666666669,0.0,0.5,1.0084289039897851,1.0013547198921082
2046,train,2,0,1,-361.26939243847715,-743.3110007664465,-0.5714285714285714,-89.19067780093636,-226.65081611658462,0.0,0.47619047619047616,5.338396484911911,0.5,1.003526090106881,1.003797842238849
2046,train,2,1,1,-782.7503502833672,-491.5523711121418,0.14285714285714285,-46.43170093228528,-202.37987258356915,0.47619047619047616,-0.09523809523809523,-4.501473540642522,0.5,1.003526090106881,1.003797842238849
2047,train,2,0,1,180.6346962192386,-330.04142508935774,-0.09523809523809523,-270.9915874619684,-6.675245687279499,0.0,-0.38095238095238093,-106.37944123310066,0.5,1.0035260901068812,1.0008126118424647
2047,train,1,2,0,120.42313081282575,411.832342352449,0.0,176.9454866997989,266.0758037168673,0.14285714285714285,-0.19047619047619047,93.11699997076559,0.5,1.0035260901068812,1.0008126118424647
2048,train,0,2,0,467.9374372378155,2235.710973102095,0.0,9.362891126418845,-5.388968030403042,0.0,0.7619047619047619,10.21027260349998,0.5,0.9748696609121157,0.9954076467536646
2048,train,1,2,0,116.98435930945388,1351.2139406057543,0.8571428571428571,251.3124816319799,326.739354085611,0.0,-0.38095238095238093,-25.615236303597523,0.5,0.9748696609121157,0.9954076467536646
2049,train,1,0,0,-59.3295797272994,-628.6395780163084,0.2,0.0,-2.5889697439019947,0.0,0.8,0.13471854454137855,0.5,0.9888263287883233,1.003661956975393
2049,train,2,0,0,-59.3295797272994,-465.40747367332875,0.2,0.0,21.37631035007454,0.0,0.8,-8.275408286047703,0.5,0.9888263287883233,1.003661956975393
2050,validation,1,0,1,58.881485260358744,878.8541231689426,-0.19047619047619047,60.415929779938665,-2.3796586808003326,-0.23809523809523808,0.0,29.06776554860727,0.5,0.9813580876726458,1.0005416678839063
2050,validation,2,1,0,58.881485260358744,-91.57101161203441,0.19047619047619047,-41.60265418587958,-33.52687683883174,0.7142857142857142,0.8571428571428572,-10.732537526026054,0.5,0.9813580876726458,1.0005416678839063
2051,train,0,2,0,179.51329009538463,1635.7794778747655,0.0,0.0,171.9867797386014,0.6666666666666666,0.0,0.0,0.5,0.9972960560854701,0.9994586253613486
2051,train,1,2,0,119.67552673025641,1374.2414817584663,0.0,0.0,590.9511630247517,1.3333333333333333,0.0,0.0,0.5,0.9972960560854701,0.9994586253613486
2052,train,1,0,0,-60.0,-1137.9258750592885,0.0,813.2468550734095,0.0,0.0,0.0,0.0,0.5,1,1
2052,train,0,2,1,-240.0,-1268.0253466976728,0.0,-454.9577759347742,0.0,0.0,0.0,0.0,0.5,1,1
2053,train,1,0,0,300.0,137.03558072843862,0.06666666666666667,-128.35734742274747,3.4779207555615983,0.4,1.0666666666666669,0.0,0.5,1,1
2053,train,2,0,0,120.0,844.8966266873335,0.13333333333333333,-32.37398301265989,-27.54474650828793,0.0,0.2666666666666667,0.0,0.5,1,1
2054,train,2,0,1,240.0,-414.19667249549,0.0,0.0,0.0,0.0,0.0,0.0,0.5,1,1
2054,train,2,1,1,180.0,494.0733316047308,0.0,0.0,0.0,0.0,0.0,0.0,0.5,1,1
2055,validation,2,0,1,-180.0,-151.67811825025365,0.0,-651.3748239379092,0.0,-0.3333333333333333,-1.3333333333333333,0.0,0.5,1,1
2055,validation,1,2,0,300.0,1045.2650761510895,0.0,329.00983378125784,0.0,0.0,3.666666666666667,0.0,0.5,1,1
2056,test,0,1,1,-300.0,-1418.134132332667,0.0,0.0,0.0,0.0,0.0,0.0,0.5,1,1
2056,test,0,2,1,-480.0,-617.9367036787262,0.0,0.0,0.0,0.0,0.0,0.0,0.5,1,1
2057,test,0,2,0,61.01573126412234,-495.5581590906531,0.2,-4.29834583583596,0.0,0.06666666666666667,0.0,83.25796288908731,0.5,1.016928854402039,1.0029828065324722
2057,test,1,2,0,-183.047193792367,-380.069386390772,1.0,-153.18831898192855,0.0,0.13333333333333333,0.2666666666666667,181.83593669527224,0.5,1.016928854402039,1.0029828065324722
2058,train,1,0,1,-120.0,-109.91643327731504,0.0,0.0,0.0,0.0,0.0,0.0,0.5,1,1
2058,train,1,2,1,-60.0,-10.907101995221865,0.0,0.0,0.0,0.0,0.0,0.0,0.5,1,1
2059,validation,0,2,0,472.3929816770275,-286.0655443152291,0.0,-139.739007222037,65.10914999053125,0.0,0.0,0.0,0.5,0.9841520451604739,0.9986471128909702
2059,validation,2,1,1,-177.14736812888532,582.4672514657426,0.0,312.59500063296696,-355.10289574847025,0.0,0.0,0.0,0.5,0.9841520451604739,0.9986471128909702
2060,validation,1,0,0,-179.44039720489135,-360.1275356421181,0.0,0.0,0.0,0.0,2.0,0.0,0.5,0.9968910955827297,1.0033902416308227
2060,validation,0,2,1,59.813465734963785,-107.30897045840382,0.0,0.0,0.0,0.0,0.0,0.0,0.5,0.9968910955827297,1.0033902416308227
2061,train,0,1,1,59.23327329462347,464.5642848735284,-0.38095238095238093,23.855636000750685,-41.30930698505799,-0.2857142857142857,0.14285714285714285,-3.8420103916532113,0.5,0.9872212215770579,1.0010836291719092
2061,train,0,2,1,-414.6329130623643,-809.0707302722868,-0.19047619047619047,19.951163164313172,-34.211710622706306,-1.1428571428571428,-0.14285714285714285,-9.211146330423958,0.5,0.9872212215770579,1.0010836291719092
2062,train,1,0,1,0.0,555.5995824815327,0.0,0.0,0.0,0.0,0.0,0.0,0.5,1,1
2062,train,2,1,0,-120.0,-111.21688000303584,0.0,0.0,0.0,0.0,0.0,0.0,0.5,1,1
2063,test,0,2,0,299.188816825641,173.6769059678952,0.0,0.0,25.660962458125937,0.0,0.0,0.0,0.5,0.9972960560854701,0.9994586253613486
2063,test,2,1,1,-418.86434355589745,-1215.0492469862947,0.0,0.0,-29.190863594037694,-0.6666666666666666,0.0,0.0,0.5,0.9972960560854701,0.9994586253613486
2064,test,2,0,1,60.0,-1411.7228838887063,0.0,0.0,0.0,0.0,0.0,0.0,0.5,1,1
2064,test,1,2,0,-240.0,854.8762185393739,0.0,0.0,0.0,0.0,0.0,0.0,0.5,1,1
2065,validation,1,0,0,-235.90887890596125,550.1812553373126,0.0,269.3177485625186,86.37583454360741,0.13333333333333333,1.6666666666666667,52.505785216027185,0.5,0.9829536621081718,0.9966212132726022
2065,validation,0,2,1,117.95443945298062,-502.6024160362666,0.0,-240.9513282778019,-184.89562664307556,-0.06666666666666667,-1.3333333333333333,-27.352228101063524,0.5,0.9829536621081718,0.9966212132726022
2066,test,0,2,0,-60.0,-108.31740025495992,0.0,0.0,0.0,0.0,0.0,0.0,0.5,1,1
2066,test,1,2,0,120.0,432.34822772058897,0.0,0.0,0.0,0.0,0.0,0.0,0.5,1,1
2067,train,1,0,1,-420.0,-713.1281218219665,0.0,-1053.6373258722797,0.0,0.0,0.0,0.0,0.5,1,1
2067,train,1,2,1,-60.0,708.2149701397611,0.0,-1773.7481952184057,0.0,0.0,0.0,0.0,0.5,1,1
2068,train,1,0,0,-117.79486041239183,599.7999551727315,0.0,0.0,0.0,0.0,0.0,449.8631893336209,0.5,0.9816238367699319,0.9986471128909702
2068,train,2,0,0,58.897430206195914,583.5878101743469,0.0,0.0,0.0,0.0,0.0,1016.9973310191947,0.5,0.9816238367699319,0.9986471128909702
2069,train,0,2,0,498.3419307817469,1280.1765904284716,0.0,12.060213007816571,-324.55687730749764,0.0,2.2857142857142856,61.744101674127705,0.5,1.038212355795306,0.9968910955827297
2069,train,1,2,0,996.6838615634938,1268.6400683132858,0.19047619047619047,44.59711206638633,-111.69493408065262,-0.14285714285714285,1.1428571428571428,50.822297515576565,0.5,1.038212355795306,0.9968910955827297
2070,train,0,1,1,-121.8333755894135,-1058.5216129065188,0.0,0.0,61.42079454702234,-0.2,-0.2,46.052515646227846,0.5,1.0152781299117792,1.0035260901068812
2070,train,0,2,1,-182.75006338412027,-1200.1909300656541,0.0,0.0,-76.00726697125384,0.0,-0.4000000000000001,-127.225892933448,0.5,1.0152781299117792,1.0035260901068812
2071,test,0,2,0,-240.0,-83.2577814827946,0.0,-127.01482857387754,35.40188250215306,0.6000000000000001,0.0,-56.48044586031859,0.5,1,1
2071,test,2,1,1,120.0,-374.9012993769402,0.0,-433.69062131196586,-32.544102686761846,-0.2,0.0,-58.94332917462669,0.5,1,1
2072,validation,0,1,1,413.34385896739906,-75.38377658932632,0.0,-472.017427958839,-426.8686055678601,0.0,0.0,0.0,0.5,0.9841520451604739,1.001625884022936
2072,validation,0,2,1,354.29473625777064,178.7177575401283,0.0,-573.5000675884878,23.137676403262617,0.0,0.0,0.0,0.5,0.9841520451604739,1.001625884022936
2073,train,0,1,0,-189.24596386907814,477.3505723995678,0.0,0.0,67.3523575272045,0.0,0.0,272.3187617336798,0.5,1.051366465939323,1.0048855868633984
2073,train,1,2,1,-630.8198795635938,-352.36914774689427,0.0,0.0,278.09774754452735,0.3333333333333333,0.0,-214.77786652404293,0.5,1.051366465939323,1.0048855868633984
2074,train,1,0,0,480.0,1288.8842361433535,0.0,2031.8692321765243,0.0,0.0,4.666666666666666,0.0,0.5,1,1
2074,train,0,2,1,-480.0,-604.0942818222838,0.0,-1068.4902191500332,0.0,0.0,-1.333333333333333,0.0,0.5,1,1
2075,validation,0,1,1,177.67576445575042,-1100.3087123754308,-0.9523809523809523,-71.49283738445544,379.42777880484834,0.0,-1.5714285714285714,-37.55160651092377,0.5,0.9870875803097247,1.003254411544728
2075,validation,0,2,1,-59.22525481858348,380.89687275598874,-0.7142857142857142,94.04699534512415,12.334115973151711,0.2857142857142857,-0.14285714285714285,35.12209296702126,0.5,0.9870875803097247,1.003254411544728
2076,train,1,0,1,-238.57463341923403,-94.58531117525413,0.0,0.0,0.0,0.5,-0.16666666666666663,9.381884858381973,0.5,0.9940609725801418,0.9989175438091965
2076,train,1,2,1,-238.57463341923403,-597.849359129229,0.0,0.0,0.0,0.5,0.5,-64.6728706332747,0.5,0.9940609725801418,0.9989175438091965
2077,train,1,0,1,180.0,992.3076050163963,0.0,-602.9099336762258,0.0,0.0,0.0,0.0,0.5,1,1
2077,train,1,2,1,180.0,444.6885878533867,0.0,-428.29465813010756,0.0,0.0,0.0,0.0,0.5,1,1
2078,train,0,2,0,-178.5921640152903,111.09060551796357,0.6666666666666666,0.0,0.0,0.0,0.0,0.0,0.5,0.992178688973835,0.9985119248876447
2078,train,1,2,0,297.6536066921505,957.1473162594745,1.3333333333333333,0.0,0.0,-0.3333333333333333,0.0,0.0,0.5,0.992178688973835,0.9985119248876447
2079,train,2,0,1,-123.61106088593083,-1139.756001575165,0.0,-94.17393639129281,-72.28274383348585,0.0,-1.1428571428571428,43.68124101006793,0.5,1.0300921740494235,1.0013547198921082
2079,train,1,2,0,123.61106088593083,399.00602673277376,0.2857142857142857,72.05868996312671,39.99595374442411,0.19047619047619047,0.8571428571428571,-68.38910164323806,0.5,1.0300921740494235,1.0013547198921082
2080,validation,0,2,0,184.5900810144425,613.9809737974548,1.0,0.0,0.0,0.0,0.0,0.0,0.5,1.025500450080236,0.9998646288547973
2080,validation,1,2,0,123.06005400962833,82.70298200046666,0.0,0.0,0.0,0.0,0.0,0.0,0.5,1.025500450080236,0.9998646288547973
2081,train,0,1,0,-120.0,163.37456878799048,0.0,-30.2948400594305,60.315026413156126,0.0,0.0,0.0,0.5,1,1
2081,train,1,2,1,-120.0,-871.5311557894047,0.0,233.19896115175237,-155.56919751084712,0.0,0.0,0.0,0.5,1,1
2082,train,1,0,0,59.38583077431499,987.0571477988748,0.0,0.0,79.58850931927526,0.0,0.0,0.0,0.5,0.9897638462385832,0.999188047959379
2082,train,2,0,0,237.54332309725996,131.84594980084236,0.0,0.0,440.56173094533284,0.0,0.0,0.0,0.5,0.9897638462385832,0.999188047959379
2083,train,0,2,0,59.38583077431499,-601.3793018773588,0.0,0.0,-37.89561518194199,0.0,0.0,0.0,0.5,0.9897638462385832,0.999188047959379
2083,train,1,2,0,415.70081542020495,374.12686990308947,0.0,0.0,352.78187698299257,0.0,0.0,0.0,0.5,0.9897638462385832,0.999188047959379
2084,train,0,1,0,-117.79486041239183,13.729645147446265,0.0,0.0,0.0,0.0,0.0,-66.00526512936028,0.5,0.9816238367699319,0.9986471128909702
2084,train,2,1,0,-294.4871510309796,260.87369700261286,0.0,0.0,0.0,0.0,0.0,114.77104860099716,0.5,0.9816238367699319,0.9986471128909702
2085,validation,0,2,0,120.0,393.1992889609828,0.0,798.3745782234735,0.0,0.0,0.0,0.0,0.5,1,1
2085,validation,2,1,1,60.0,489.7423647823962,0.0,-808.086902246567,0.0,0.0,0.0,0.0,0.5,1,1
2086,train,0,1,0,176.69229061858775,-913.7034114421626,0.0,0.0,0.0,0.0,0.0,17.83499229560425,0.5,0.9816238367699319,0.9986471128909702
2086,train,2,1,0,-58.897430206195914,-439.80332747884967,0.0,0.0,0.0,0.0,0.0,121.36173411361436,0.5,0.9816238367699319,0.9986471128909702
2087,train,1,0,1,296.5675889411519,1723.4368050685093,-0.2,0.0,16.524522281971805,0.0,1.0666666666666667,-80.5819753496232,0.5,0.9885586298038397,0.9998646288547973
2087,train,1,2,1,59.31351778823038,995.7801861365433,0.0,0.0,13.033732965750751,-0.13333333333333333,0.0,1.1791944597005424,0.5,0.9885586298038397,0.9998646288547973
2088,test,1,0,1,231.69921491851528,-71.94923038351673,0.3,-132.79125435013256,0.0,0.0,0.0,-28.81267906030358,0.5,0.9654133954938137,0.9993233275026507
2088,test,1,2,1,0.0,-1109.9057199226884,0.0,-234.74651111453605,0.0,0.0,-0.20000000000000007,-133.65397159333506,0.5,0.9654133954938137,0.9993233275026507
2089,train,2,0,1,0.0,-754.2356545709895,0.0,0.0,0.0,0.0,0.0,0.0,0.5,1,1
2089,train,2,1,1,300.0,236.9928166294012,0.0,0.0,0.0,0.0,0.0,0.0,0.5,1,1
2090,train,2,0,1,-60.0,258.0009161767589,0.0,0.0,0.0,0.0,0.0,0.0,0.5,1,1
2090,train,1,2,0,420.0,1008.3265060699828,0.0,0.0,0.0,0.0,0.0,0.0,0.5,1,1
2091,train,1,0,1,-60.0,-465.6294296144961,0.0,0.0,0.0,0.0,0.0,0.0,0.5,1,1
2091,train,2,1,0,-300.0,732.5173787212207,0.0,0.0,0.0,0.0,0.0,0.0,0.5,1,1
2092,train,1,0,0,119.62693146992757,156.19266830757172,0.0,0.0,0.0,0.0,5.0,0.0,0.5,0.9968910955827297,0.9994586253613486
2092,train,0,2,1,418.69426014474647,797.3953544878019,0.0,0.0,0.0,0.0,-5.0,0.0,0.5,0.9968910955827297,0.9994586253613486
2093,validation,0,1,1,-240.0,158.03511287872516,0.3999999999999999,-13.905223475402352,25.942942771482222,-0.20000000000000004,0.0,0.0,0.5,1,1
2093,validation,2,0,0,960.0,877.0699186676147,-0.6,519.1380228508993,132.67634716978773,0.1,0.0,0.0,0.5,1,1
2094,validation,2,0,1,-424.343646816494,-2041.0349869443614,0.4,-61.081439527660706,-174.47544505478453,0.0,-0.666666666666667,0.0,0.5,1.0103420162297476,1.0010836291719092
2094,validation,1,2,0,666.8257307116335,3558.9002968572404,0.0,255.93948146655467,509.87747579014774,-0.2,0.666666666666667,0.0,0.5,1.0103420162297476,1.0010836291719092
2095,validation,0,2,0,-118.46654658924695,-179.78510244340688,0.14285714285714285,-24.960286256353612,19.119746051108535,0.2857142857142857,0.47619047619047616,22.04368294931527,0.5,0.9872212215770579,0.9974310794729591
2095,validation,2,1,1,-651.5660062408582,39.57529399731463,-0.14285714285714285,-48.17097131711294,-53.661354057547754,-0.2857142857142857,-0.2857142857142857,29.530847826013854,0.5,0.9872212215770579,0.9974310794729591
2096,validation,0,2,0,240.0,632.8042111192867,0.19047619047619047,-147.9036691917437,-1.4445195011634837,-0.047619047619047616,0.4761904761904763,14.035272066211547,0.5,1,1
2096,validation,1,2,0,180.0,559.6066900855735,0.09523809523809523,31.859112465474254,52.89945660949563,-0.047619047619047616,0.0,1.3704543808861942,0.5,1,1
2097,train,0,1,0,-59.506548385278826,-1154.7044410571616,1.3333333333333335,0.0,0.0,0.0,0.0,77.41681549337937,0.5,0.9917758064213138,1.003797842238849
2097,train,2,1,0,-119.01309677055765,-1280.8853331985886,0.0,0.0,0.0,0.0,0.0,-31.770152222255632,0.5,0.9917758064213138,1.003797842238849
2098,train,0,1,1,-420.0,-44.189179007131315,-0.23809523809523808,-508.12308994128875,65.29569440935344,0.19047619047619047,0.19047619047619047,-54.89924466203448,0.5,1,1
2098,train,2,0,0,720.0,-484.01234335415575,0.23809523809523808,-36.19655534048496,11.92785862030766,0.0,-0.2857142857142857,-0.45997366954368957,0.5,1,1
2099,validation,0,2,0,240.0,414.45001822741733,0.0,0.0,0.0,0.0,0.0,0.0,0.5,1,1
2099,validation,2,1,1,-300.0,-1073.6435188782311,0.0,0.0,0.0,0.0,0.0,0.0,0.5,1,1
2100,test,0,2,0,415.3070580910958,233.44084445294186,0.0,-214.92508109118032,68.99012864396299,0.3333333333333333,-0.6666666666666666,-20.140727655516045,0.5,0.9888263287883233,1.0033902416308227
2100,test,1,2,0,59.3295797272994,-229.07585911471062,0.0,164.42526161589478,2.3803534075369086,0.3333333333333333,-0.4,-61.431793099770694,0.5,0.9888263287883233,1.0033902416308227
2101,validation,2,0,1,60.0,748.648111956476,0.3333333333333333,-766.2476880762184,0.0,0.0,0.0,0.0,0.5,1,1
2101,validation,1,2,0,180.0,600.486618906596,-0.6666666666666666,622.9695495164068,0.0,0.0,0.0,0.0,0.5,1,1
2102,train,0,1,0,302.56963039430553,325.209332318091,0.19047619047619047,-103.00965522779484,27.261831850161713,0.09523809523809523,0.0,-18.66838735594996,0.5,1.008565434647685,0.9967561452934783
2102,train,1,2,1,0.0,-809.2125799385074,-0.38095238095238093,-116.89109740264303,11.884521739511769,0.0,-1.714285714285714,0.12352630590124392,0.5,1.008565434647685,0.9967561452934783
2103,train,0,2,0,314.4719308521719,939.4436974755674,0.0,0.0,125.58642978847388,0.0,0.0,0.0,0.5,1.0482397695072396,1.0023041156519776
2103,train,1,2,0,62.89438617043438,423.4260594286805,0.0,0.0,92.54466105831295,0.0,0.0,0.0,0.5,1.0482397695072396,1.0023041156519776
2104,train,0,2,0,240.81365799139743,224.61314981727224,-0.09523809523809523,19.52463341386681,53.053233810984246,-0.09523809523809523,0.0,4.348546282355159,0.5,1.0033902416308227,1.003797842238849
2104,train,1,2,0,421.42390148494553,492.28052550779313,-0.09523809523809523,309.533923130127,41.46588882010799,-0.09523809523809523,-0.2857142857142858,-31.76368350268521,0.5,1.0033902416308227,1.003797842238849
2105,train,1,0,0,610.1573126412234,1359.2308031495293,0.5,-640.551450668987,0.0,0.33333333333333337,0.0,0.0,0.5,1.016928854402039,0.9979713558551195
2105,train,0,2,1,-1891.4876691877926,-2011.8164665530837,0.5,-42.91710999798761,0.0,-0.5,0.0,0.0,0.5,1.016928854402039,0.9979713558551195
2106,train,0,1,0,1014.3540790890714,3704.3463075852424,0.3333333333333333,0.0,1137.8916960091117,1.0,0.0,0.0,0.5,0.9944647834206582,1.0025755368765914
2106,train,1,2,1,-298.33943502619746,-1471.3735437284301,-0.16666666666666666,0.0,-530.8154207993862,-1.0,0.0,0.0,0.5,0.9944647834206582,1.0025755368765914
2107,test,1,0,1,-59.0251453136757,-352.7254817461717,-0.5,0.0,11.128415278878848,0.0,0.0,-24.50332995239927,0.5,0.983752421894595,1.0023041156519776
2107,test,1,2,1,-177.0754359410271,-196.92998160218843,-1.5,0.0,19.22705202894285,0.0,0.0,-5.765165713386239,0.5,0.983752421894595,1.0023041156519776
2108,test,1,0,1,307.2339191223055,-157.21067784042364,0.0,0.0,-160.93909329208952,0.0,0.0,-82.61824156611294,0.5,1.0241130637410183,1.0013547198921082
2108,test,2,1,0,-122.8935676489222,722.8356831513585,0.0,0.0,36.1396588517937,0.0,0.0,-20.14570409108461,0.5,1.0241130637410183,1.0013547198921082
2109,train,0,2,0,529.7899016808049,-428.81097691473485,0.3333333333333333,171.86490792718217,220.51800091111173,0.0,0.0,0.0,0.5,0.981092410520009,0.9982416037801811
2109,train,2,1,1,-58.865544631200535,-140.34510475710405,-0.3333333333333333,-165.1740584903377,-475.4938873761295,0.0,0.0,0.0,0.5,0.981092410520009,0.9982416037801811
2110,train,0,1,0,-122.6774720641283,-1196.45998565969,0.0,6.947309712292565,0.0,0.0,0.0,10.66414866972623,0.5,1.0223122672010692,1.0009481113345846
2110,train,2,1,0,-184.01620809619246,-1013.240586179708,0.0,196.71963372628818,0.0,0.0,0.0,47.65111956914635,0.5,1.0223122672010692,1.0009481113345846
2111,test,1,0,0,120.0,196.1652530459578,0.0,0.0,0.0,0.0,0.0,0.0,0.5,1,1
2111,test,0,2,1,300.0,572.4885648319541,0.0,0.0,0.0,0.0,0.0,0.0,0.5,1,1
2112,train,2,0,1,63.60508851691192,647.7364622111005,0.0,0.0,0.0,0.0,0.0,-4.437390598307587,0.5,1.0600848086151986,1.0028470316013334
2112,train,2,1,1,190.81526555073575,581.5835684375968,0.0,0.0,0.0,0.0,0.33333333333333337,-11.67990091058229,0.5,1.0600848086151986,1.0028470316013334
2113,test,0,1,1,-240.0,366.7284951035699,0.0,0.0,0.0,0.0,0.0,0.0,0.5,1,1
2113,test,0,2,1,180.0,963.314490139348,0.0,0.0,0.0,0.0,0.0,0.0,0.5,1,1
2114,validation,2,0,1,538.321191614674,-275.7080703180656,0.0,0.0,0.0,0.0,-4.0,0.0,0.5,0.9968910955827297,0.9994586253613486
2114,validation,2,1,1,717.7615888195654,-939.4957961791865,0.0,0.0,0.0,0.0,-4.0,0.0,0.5,0.9968910955827297,0.9994586253613486
2115,test,0,1,1,-60.0,-102.24771588915337,0.0,0.0,0.0,0.0,0.0,0.0,0.5,1,1
2115,test,0,2,1,60.0,1522.2080552649904,0.0,0.0,0.0,0.0,0.0,0.0,0.5,1,1
2116,test,0,1,0,-61.16459848728796,-542.5219238357528,0.3,-13.654519575349681,0.0,-0.2,0.0,-21.314869282957346,0.5,1.0194099747881327,1.0035260901068812
2116,test,2,1,0,0.0,-820.5512202552455,0.6,-27.64867715595861,0.0,-0.2,0.0,-31.76310633073217,0.5,1.0194099747881327,1.0035260901068812
2117,validation,1,0,1,-60.44023943278058,-741.9504962152944,-0.2857142857142857,-174.14066998226645,-1.916710846909679,-0.14285714285714285,0.09523809523809523,-27.840502097697126,0.5,1.0073373238796763,0.9959468271073058
2117,validation,1,2,1,0.0,-417.36021268939396,0.0,-216.91967460628882,-5.990280480159047,0.0,0.38095238095238093,71.40982179783596,0.5,1.0073373238796763,0.9959468271073058
2118,train,0,1,0,720.0,660.3617448776968,0.0,0.0,0.0,0.0,0.0,0.0,0.5,1,1
2118,train,2,1,0,300.0,132.3759054812781,0.0,0.0,0.0,0.0,0.0,0.0,0.5,1,1
2119,train,0,1,1,355.35152891150085,28.815843077823917,-0.14285714285714285,-206.55794444956902,132.3786092838138,0.0,0.047619047619047616,-17.6268017714259,0.5,0.9870875803097247,1.0029828065324722
2119,train,2,0,0,-355.35152891150085,447.2442765928096,-0.14285714285714285,156.90495411350597,-149.74201924515387,0.5714285714285714,0.23809523809523808,28.564709881744204,0.5,0.9870875803097247,1.0029828065324722
2120,test,0,2,0,0.0,0.0,0.0,0.0,0.0,0.0,0.0,0.0,0.5,1,1
2120,test,1,2,0,120.0,414.14190405469617,0.0,0.0,0.0,0.0,0.0,0.0,0.5,1,1
2121,train,0,2,0,125.02478233343012,1166.1628358337302,-0.09523809523809523,16.998801485835656,-29.481020562919326,0.5714285714285714,-0.1428571428571428,18.929730135155694,0.5,1.0418731861119177,1.000406223412502
2121,train,1,2,0,0.0,686.9956530125094,-0.09523809523809523,21.133131839995556,260.14162263793685,0.0,-0.8571428571428571,-73.39950099007196,0.5,1.0418731861119177,1.000406223412502
2122,validation,1,0,1,60.0,0.36778347031122394,0.0,-271.3991545603801,0.0,0.0,0.0,0.0,0.5,1,1
2122,validation,2,1,0,0.0,-169.78437092859485,0.0,-53.45316777031087,0.0,0.0,0.0,0.0,0.5,1,1
2123,train,1,0,1,119.0614426768602,689.7640928356726,-0.6666666666666666,0.0,0.0,0.0,0.0,0.0,0.5,0.992178688973835,1.0042056084237854
2123,train,2,1,0,119.0614426768602,-138.309558009093,0.0,0.0,0.0,0.6666666666666666,0.0,0.0,0.5,0.992178688973835,1.0042056084237854
2124,train,2,0,1,-302.52867119693553,-1355.6902230526587,0.0,0.0,-29.04312418657861,0.0,0.0,-35.094815045235,0.5,1.0084289039897851,0.9983767551848742
2124,train,2,1,1,-181.51720271816131,-1154.3079969883167,0.0,0.0,-524.2126034790701,0.0,0.3333333333333335,44.07390241507606,0.5,1.0084289039897851,0.9983767551848742
2125,train,0,1,1,-121.02785215772221,-958.8318737986089,0.0,-4.754352377012765,-64.52510030951035,-0.09523809523809523,-0.857142857142857,0.0,0.5,1.008565434647685,0.9967561452934783
2125,train,2,0,0,121.02785215772221,751.0557268015547,0.0,113.33793975645855,-14.271996888266408,0.0,0.5714285714285714,8.611423358857861,0.5,1.008565434647685,0.9967561452934783
2126,test,0,1,1,-120.0,-625.2016347481417,-0.14285714285714285,55.531530243828996,-11.788920676453074,-0.38095238095238093,0.23809523809523814,-16.544471162988902,0.5,1,1
2126,test,0,2,1,-180.0,-824.1919147795024,0.0,133.4629234341291,-8.863246962759627,0.0,0.47619047619047616,22.79473942815771,0.5,1,1
2127,train,1,0,0,715.7239002577021,2519.7338746709165,0.0,616.2581703414127,0.0,0.0,-0.16666666666666674,-229.85415768080176,0.5,0.9940609725801418,0.997836259329798
2127,train,2,0,0,-119.28731670961702,2840.4174046845505,0.0,45.392961036450515,0.0,0.0,-0.6666666666666666,164.85012262316715,0.5,0.9940609725801418,0.997836259329798
2128,train,2,0,1,-61.18944497920977,-57.66059106085686,0.2,0.0,-375.6323603615425,-0.4,-0.09999999999999998,0.0,0.5,1.0198240829868295,1.0027112750502025
2128,train,1,2,0,61.18944497920977,-945.5055275208775,0.20000000000000007,0.0,89.02739876770329,0.8,0.09999999999999998,0.0,0.5,1.0198240829868295,1.0027112750502025
2129,test,0,2,0,-181.51720271816131,-713.2474704703666,0.6666666666666666,0.0,-370.35427175437025,0.16666666666666666,0.0,0.0,0.5,1.0084289039897851,0.9983767551848742
2129,test,1,2,0,-242.02293695754844,-442.7403519397393,1.3333333333333333,0.0,247.55704739481575,0.0,0.0,0.0,0.5,1.0084289039897851,0.9983767551848742
2130,train,1,0,1,60.0,-382.6991276537965,0.0,0.0,0.0,0.0,0.0,0.0,0.5,1,1
2130,train,2,1,0,120.0,-138.97662357755598,0.0,0.0,0.0,0.0,0.0,0.0,0.5,1,1
2131,train,1,0,1,-180.8059580221433,-1287.8409744286498,-0.13333333333333333,-120.27138609634136,-154.33636089822937,0.0,-0.33333333333333337,-96.14565701772489,0.5,1.0044775445674627,0.9979713558551195
2131,train,2,1,0,60.268652674047765,957.7508787122291,0.4,106.7469151343609,354.1907860120608,0.0,-0.06666666666666667,85.01626537137503,0.5,1.0044775445674627,0.9979713558551195
2132,train,1,0,0,61.06531336992423,481.7114441237641,0.0,0.0,445.28413931775066,0.0,0.0,0.0,0.5,1.0177552228320705,1.0023041156519776
2132,train,0,2,1,-122.13062673984847,-349.01786242957326,0.0,0.0,-1053.4511614790993,0.0,0.0,0.0,0.5,1.0177552228320705,1.0023041156519776
2133,test,0,2,0,235.90887890596125,1160.5332328162378,-0.06666666666666667,-69.18076951174626,-26.703261198281638,0.0,2.333333333333333,-4.145537305839842,0.5,0.9829536621081718,1.0076101080833693
2133,test,1,2,0,176.93165917947093,388.175907906353,0.06666666666666667,-21.37256504607373,-242.2603013231534,0.0,0.6666666666666665,82.53694018239527,0.5,0.9829536621081718,1.0076101080833693
2134,train,2,0,1,-236.86894971205507,-3506.1606109488957,0.23809523809523808,-398.60949745518,-104.08545702742998,-0.5714285714285714,-0.1428571428571428,-79.18921961368586,0.5,0.9869539571335628,0.9975661211411934
2134,train,2,1,1,-296.08618714006883,-2690.040266950215,0.23809523809523808,-225.12029565420454,-248.29608213703767,0.0,0.09523809523809523,-53.2653735185725,0.5,0.9869539571335628,0.9975661211411934
2135,validation,0,1,1,-118.96477049551945,53.58471995046426,-0.8999999999999999,0.0,-62.34983659974745,-0.4,-0.20000000000000007,0.0,0.5,0.9913730874626621,0.9985119248876447
2135,validation,0,2,1,-237.9295409910389,-848.8722489950899,-0.6,0.0,34.86532683051488,0.0,-0.6,0.0,0.5,0.9913730874626621,0.9985119248876447
2136,train,2,0,1,-508.84070813529536,1115.4564133963522,0.0,0.0,0.0,0.0,2.333333333333333,-253.73646957979253,0.5,1.0600848086151986,1.0028470316013334
2136,train,1,2,0,254.42035406764768,-1717.5148828062017,0.0,0.0,0.0,0.0,-0.6666666666666665,228.78991216569193,0.5,1.0600848086151986,1.0028470316013334
2137,train,2,0,1,840.0,-1208.7881401307513,0.0,-137.9888506488373,-165.4903094163823,-0.26666666666666666,-0.06666666666666665,-273.70917521070976,0.5,1,1
2137,train,1,2,0,-900.0,676.2163634432545,0.0,1001.651387755393,249.61446718021935,-0.26666666666666666,0.0,76.15450560590547,0.5,1,1
2138,train,1,0,0,120.0,395.47421123510594,0.0,667.1955732991105,0.0,0.0,0.0,0.0,0.5,1,1
2138,train,2,0,0,300.0,-1194.277773080299,0.0,768.8993530973075,0.0,-0.3333333333333333,0.0,0.0,0.5,1,1
2139,train,0,2,0,0.0,664.1769147511418,0.0,0.0,0.0,0.0,6.0,-339.3601113559138,0.5,0.9921786889738351,1.0025755368765914
2139,train,1,2,0,178.5921640152903,-12.447831465568154,0.0,0.0,0.0,0.0,3.333333333333333,-70.12684111285665,0.5,0.9921786889738351,1.0025755368765914
2140,train,0,1,1,120.0,434.0192417465132,0.0,0.0,0.0,0.0,0.0,0.0,0.5,1,1
2140,train,0,2,1,180.0,1660.8625038208993,0.0,0.0,0.0,0.0,0.0,0.0,0.5,1,1
2141,validation,0,2,0,-230.35433025744393,1552.224007014218,0.14285714285714285,450.72756182351037,143.953977479544,0.0,-0.47619047619047583,324.2750656835558,0.5,0.9598097094060164,0.99527289728058
2141,validation,2,1,1,403.1200779505269,1511.147766091955,-0.2857142857142857,122.6266374928091,-246.29846748596356,0.14285714285714285,-0.23809523809523814,-155.31862236333572,0.5,0.9598097094060164,0.99527289728058
2142,train,2,0,1,-180.0,-866.5122387111824,0.0,0.0,0.0,0.0,0.0,0.0,0.5,1,1
2142,train,2,1,1,0.0,122.37504054455167,0.0,0.0,0.0,0.0,0.0,0.0,0.5,1,1
2143,test,0,1,0,237.9939716627074,249.57028377831972,0.0,0.0,-14.622179637942338,0.0,1.0,0.0,0.5,0.9916415485946142,0.9985119248876447
2143,test,1,2,1,59.49849291567685,-15.551779160133316,-0.1,0.0,80.63325430596605,-0.4,-0.20000000000000007,0.0,0.5,0.9916415485946142,0.9985119248876447
2144,train,0,2,0,-239.25386293985514,-282.89791894947336,0.0,0.0,0.0,0.0,5.0,0.0,0.5,0.9968910955827297,1.0033902416308227
2144,train,2,1,1,299.0673286748189,202.8809463323188,0.0,0.0,0.0,0.0,-2.0,0.0,0.5,0.9968910955827297,1.0033902416308227
2145,train,1,0,1,-60.62872835417434,-1177.5252912439792,0.26666666666666666,0.0,11.585625143536042,-0.2,-1.0,-73.7342320649969,0.5,1.0104788059029057,0.9971610509762517
2145,train,2,1,0,0.0,1695.3839946697613,-0.4,0.0,-22.82249731456799,0.0,2.333333333333333,173.30678825486913,0.5,1.0104788059029057,0.9971610509762517
2146,validation,1,0,0,182.67585617444337,517.0803513432653,0.0,19.53051926420744,321.39569413348283,0.2857142857142857,0.47619047619047605,61.087023408375806,0.5,1.0148658676357964,0.9977011810926478
2146,validation,2,0,0,1400.5148973373991,1893.3008517527232,-0.047619047619047616,54.682033788530475,-114.4336209150673,0.2857142857142857,-0.23809523809523814,6.8124248750290235,0.5,1.0148658676357964,0.9977011810926478
2147,train,0,1,0,300.0,2184.7334438737944,0.19047619047619047,437.6381414854209,80.83606831925161,0.7142857142857142,-0.047619047619047616,-35.257333278000395,0.5,1,1
2147,train,2,1,0,420.0,3138.663984321259,0.5714285714285714,18.480068184114316,-31.927583382337218,0.23809523809523808,0.23809523809523808,64.96584386353328,0.5,1,1
2148,train,1,0,0,-480.0,-2180.219427851591,0.0,-366.4761892527772,0.0,1.3333333333333333,0.0,0.0,0.5,1,1
2148,train,0,2,1,-60.0,586.4442154698327,0.0,1.6745829157812295,0.0,-2.0,0.0,0.0,0.5,1,1
2149,validation,0,2,0,60.0,-603.0150503258033,0.0,-16.84173836495347,-193.372225262572,0.0,0.0,48.655476699305765,0.5,1,1
2149,validation,1,2,0,-60.0,390.286965848878,0.0,557.8768817050803,-91.91427641723712,0.0,0.0,-34.25046727674322,0.5,1,1
2150,train,0,2,0,120.0,626.5501113839102,0.0,0.0,0.0,-0.3333333333333333,0.0,352.6150744478458,0.5,1,0.9986471128909702
2150,train,2,1,1,240.0,432.04554470042774,0.0,0.0,0.0,-0.3333333333333333,0.0,0.0,0.5,1,0.9986471128909702
2151,train,1,0,0,-119.33577401047899,-1059.7555052550183,0.0,-341.52621036773076,306.5300908235939,1.0,0.0,0.0,0.5,0.9944647834206582,1.0024398170780122
2151,train,2,0,0,119.33577401047899,-842.1820718163474,0.0,-201.11458275920938,-114.52854711890879,0.5,0.0,0.0,0.5,0.9944647834206582,1.0024398170780122
2152,train,2,0,1,-475.0866461945199,-502.11155860057653,0.0,0.0,-0.40888050453690994,0.0,0.0,0.0,0.5,0.9897638462385832,0.999188047959379
2152,train,1,2,0,-59.38583077431499,87.48282294593115,0.0,0.0,-160.93126890518738,0.0,0.0,0.0,0.5,0.9897638462385832,0.999188047959379
2153,train,1,0,1,-247.85885146319418,-58.080424982440036,-0.47619047619047616,42.03353220964638,33.90779252821333,-0.19047619047619047,0.2857142857142857,-5.200543253610888,0.5,1.0327452144299758,1.0008126118424647
2153,train,1,2,1,-61.964712865798546,490.75087903343194,-0.23809523809523808,3.8536543303477515,35.806372711417424,0.0,0.5714285714285714,3.9228333179968775,0.5,1.0327452144299758,1.0008126118424647
2154,train,0,2,0,299.0673286748189,873.1379399291278,0.0,0.0,0.0,0.0,3.0,0.0,0.5,0.9968910955827297,0.9994586253613486
2154,train,2,1,1,-299.0673286748189,-768.5520604554074,0.0,0.0,0.0,0.0,-4.0,0.0,0.5,0.9968910955827297,0.9994586253613486
2155,test,2,0,1,-436.0491894340285,-511.08166932668286,-0.19047619047619047,-81.2234083182557,-122.73003142564616,0.09523809523809523,-0.8571428571428571,-25.185885396894786,0.5,1.038212355795306,1.0008126118424647
2155,test,2,1,1,-249.17096539087345,351.3260189565248,-0.19047619047619047,-212.5048912959109,43.94956954843937,-0.09523809523809523,-0.2857142857142857,-6.977817718971869,0.5,1.038212355795306,1.0008126118424647
2156,train,0,2,0,120.0,72.06807898307125,0.0,771.3705849370313,0.0,0.0,0.0,0.0,0.5,1,1
2156,train,1,2,0,420.0,1616.0652841760752,0.0,1245.4595219644689,0.0,0.0,0.0,0.0,0.5,1,1
2157,train,0,1,0,-60.21156540641287,1317.557142938641,-0.47619047619047616,-96.76342237436303,294.0383920104173,0.047619047619047616,0.7619047619047619,-12.4534152933754,0.5,1.0035260901068812,0.997836259329798
2157,train,1,2,1,-301.0578270320644,-779.2057987862104,0.23809523809523808,-104.55344041093588,191.8462841496507,0.0,-0.9523809523809523,-3.3949661131911526,0.5,1.0035260901068812,0.997836259329798
2158,train,2,0,1,-58.897430206195914,82.43295245996669,0.0,0.0,0.0,0.0,0.0,-160.36659036728543,0.5,0.9816238367699319,0.9986471128909702
2158,train,2,1,1,-235.58972082478365,-1130.964613701703,0.0,0.0,0.0,0.0,0.0,-379.7896618209437,0.5,0.9816238367699319,0.9986471128909702
2159,train,0,1,0,-362.1508236719117,-1237.1269067781782,0.0,203.01248972670354,31.34382411980195,0.0,0.0,29.53750920770362,0.5,1.0059745101997548,0.9981064706710885
2159,train,1,2,1,301.7923530599264,-96.77783007544882,0.0,-542.2618287446319,5.161966494866618,-0.1,0.0,-51.16127356672408,0.5,1.0059745101997548,0.9981064706710885
2160,train,2,0,1,-420.0,411.32335442438034,0.0,0.0,0.0,0.0,0.0,0.0,0.5,1,1
2160,train,1,2,0,780.0,585.4219304539611,0.0,0.0,0.0,0.0,0.0,0.0,0.5,1,1
2161,train,0,2,0,-248.1610323883047,-333.5162753123822,0.0,0.0,-17.05050853713732,0.2666666666666667,-0.06666666666666665,51.61522500366153,0.5,1.0340043016179363,0.9979713558551195
2161,train,1,2,0,186.12077429122854,581.0441858541074,-0.26666666666666666,0.0,122.24440897945425,-0.13333333333333333,-0.06666666666666665,84.13340926313464,0.5,1.0340043016179363,0.9979713558551195
2162,train,1,0,0,420.0,1940.496383171756,1.2,-259.6334174671582,103.86474683626764,0.0,0.19999999999999996,0.0,0.5,1,1
2162,train,0,2,1,-300.0,-3171.536629000536,0.3,-482.5954722778131,17.03813535635136,0.0,-0.3999999999999999,0.0,0.5,1,1
2163,train,0,1,0,600.0,325.0928306740325,1.0,528.3893695841178,0.0,0.3333333333333333,0.0,0.0,0.5,1,1
2163,train,1,2,1,-240.0,-696.5901856993241,-0.3333333333333333,-72.85706068912395,0.0,-0.16666666666666666,0.0,0.0,0.5,1,1
2164,test,1,0,1,0.0,1465.8826526095982,0.13333333333333333,0.0,203.30937756100926,-0.2,0.2666666666666667,0.0,0.5,1.004749554350707,0.9979713558551195
2164,test,2,1,0,783.7046523935514,39.071164714315834,0.0,0.0,20.47712213974114,-0.2,0.1333333333333333,80.48572263537464,0.5,1.004749554350707,0.9979713558551195
2165,train,0,1,0,-123.92942573159709,-81.80480972732443,-0.14285714285714285,3.679263456785229,128.14698399454105,0.0,0.4761904761904761,12.44835045011828,0.5,1.0327452144299758,0.997836259329798
2165,train,1,2,1,-61.964712865798546,-414.6873629674422,-0.14285714285714285,2.805550408022775,-54.18133589172633,0.0,-0.4761904761904761,27.70544643593735,0.5,1.0327452144299758,0.997836259329798
2166,train,0,2,0,0.0,-226.72064683369115,0.0,0.0,-21.348443029685484,0.0,0.33333333333333337,0.0,0.5,0.9844185508538381,1.0029828065324724
2166,train,2,1,1,-295.32556525615144,-803.6612906720052,-1.0,0.0,31.754104669570538,0.0,-0.6666666666666666,0.0,0.5,0.9844185508538381,1.0029828065324724
2167,validation,0,1,0,-59.69212549791555,52.40536170987832,-0.16666666666666666,0.0,0.0,0.0,0.0,60.20469510862229,0.5,0.9948687582985924,1.0009481113345846
2167,validation,1,2,1,0.0,-307.97864102709855,-0.33333333333333337,0.0,0.0,0.0,0.0,-5.269217298927875,0.5,0.9948687582985924,1.0009481113345846
2168,validation,0,1,1,-470.605695488857,-2277.6404892410696,-1.1428571428571428,-26.045795615442046,28.41160716114265,-0.19047619047619047,-0.7142857142857144,-0.9399769722010234,0.5,0.9804285322684521,1.0017614936235477
2168,validation,0,2,1,-470.605695488857,-193.0468888379621,-1.4285714285714284,-217.46798006561727,18.132769341740335,-0.19047619047619047,0.7142857142857142,17.049940683749547,0.5,0.9804285322684521,1.0017614936235477
2169,test,0,1,0,-61.956324631655754,2291.353319723824,0.0,-329.19534738329855,308.95273844341,0.5714285714285714,0.4761904761904763,14.352426552630991,0.5,1.032605410527596,1.0008126118424647
2169,test,1,2,1,247.82529852662302,-1893.84929858286,0.0,170.451844776421,-142.13461088441107,-0.5714285714285714,-0.4761904761904763,-3.288866087291268,0.5,1.032605410527596,1.0008126118424647
2170,train,0,2,0,243.04079065996638,1272.5758018775186,0.4,0.0,0.0,1.2,0.0,35.55671261475689,0.5,1.0126699610831933,0.9974310794729591
2170,train,1,2,0,182.2805929949748,1034.2411849844557,0.0,0.0,0.0,0.8999999999999999,-0.8,11.939461696162677,0.5,1.0126699610831933,0.9974310794729591
2171,train,1,0,0,-360.0,-325.1360563265589,0.0,146.31001790838428,33.37392029289539,0.0,1.7999999999999998,73.82666894801149,0.5,1,1
2171,train,0,2,1,420.0,1070.2995345445315,0.0,349.16959757618054,-4.7183985197314655,0.0,-1.7999999999999998,-128.134408127388,0.5,1,1
2172,validation,2,0,1,120.0,1059.8007248552403,-0.2857142857142857,244.56722501008312,-241.03806405137965,-0.38095238095238093,0.23809523809523808,3.8113290955318,0.5,1,1
2172,validation,2,1,1,-780.0,154.0546930341925,-0.2857142857142857,231.69333433933213,-132.17067463274685,-0.19047619047619047,0.047619047619047616,28.79183215765137,0.5,1,1
2173,train,0,1,0,717.7615888195654,732.3905597631506,0.0,0.0,0.0,0.0,0.0,0.0,0.5,0.9968910955827297,0.9994586253613486
2173,train,1,2,1,0.0,220.94358051718774,0.0,0.0,0.0,0.0,0.0,0.0,0.5,0.9968910955827297,0.9994586253613486
2174,train,0,2,0,-60.513926078861104,-248.90737920226107,0.38095238095238093,200.28212169243437,-31.969724042908183,-0.047619047619047616,-0.5714285714285714,-1.5046372611373933,0.5,1.008565434647685,1.000406223412502
2174,train,2,1,1,0.0,248.19663837794985,0.0,-45.934503481730374,-25.95146458645251,0.047619047619047616,0.0,17.680865987302468,0.5,1.008565434647685,1.000406223412502
2175,train,0,1,1,-120.0,544.5946014102037,0.0,0.0,0.0,0.0,0.0,0.0,0.5,1,1
2175,train,0,2,1,180.0,994.0582740247892,0.0,0.0,0.0,0.0,0.0,0.0,0.5,1,1
2176,train,1,0,0,-234.3808530248646,-384.1649123489345,0.0,-27.00170434360112,-111.41389709598332,0.0,0.09523809523809523,8.21999567476468,0.5,0.9765868876036025,0.9977011810926478
2176,train,0,2,1,175.78563976864845,57.06705095744061,-0.23809523809523808,-39.1804349743398,53.41664554474973,0.0,-0.14285714285714285,-52.542352068218015,0.5,0.9765868876036025,0.9977011810926478
2177,test,0,2,0,236.8048236107898,808.5626532963132,0.0,79.35723608162183,-39.57008555816301,0.0,0.0,17.019112292830258,0.5,0.9866867650449576,0.9966212132726022
2177,test,1,2,0,828.8168826377644,1378.7215399765896,0.0,111.86153560543971,-12.280794277585144,0.26666666666666666,0.8,166.62782446220172,0.5,0.9866867650449576,0.9966212132726022
2178,test,0,1,1,-352.4767643324956,606.1125340250483,0.0,0.0,-505.42240522611405,0.0,0.5,-48.077599329382544,0.5,0.979102123145821,0.9981064706710885
2178,test,2,0,0,0.0,-765.5538670753965,0.0,0.0,-179.8164177079666,0.0,-0.5,161.0547548197052,0.5,0.979102123145821,0.9981064706710885
2179,train,2,0,1,-243.0736958245388,-647.0217607599074,-0.3,0.0,0.0,-0.2,-1.6000000000000003,-56.4946717333961,0.5,1.0128070659355783,1.0043415672919243
2179,train,2,1,1,-121.5368479122694,-300.831717346424,-0.3,0.0,0.0,0.0,-0.8,23.574816781800326,0.5,1.0128070659355783,1.0043415672919243
2180,test,0,1,0,-120.0,770.8852335103079,0.0,0.0,0.0,0.0,0.0,0.0,0.5,1,1
2180,test,1,2,1,60.0,-524.5451689387037,0.0,0.0,0.0,0.0,0.0,0.0,0.5,1,1
2181,train,0,1,0,0.0,-1298.7635540003448,1.0666666666666667,0.0,-235.43056239606642,-0.4,-0.13333333333333341,9.151795568688737,0.5,1.004749554350707,1.0009481113345846
2181,train,2,1,0,301.4248663052121,-491.67649367106173,0.26666666666666666,0.0,239.29649055617995,-0.2,-0.13333333333333341,-7.410082726495934,0.5,1.004749554350707,1.0009481113345846
2182,train,0,1,0,303.1026048689243,36.17098533843338,0.0,0.0,-0.6086182331875705,0.2,-0.3333333333333333,-2.173859187667091,0.5,1.0103420162297476,1.0012191653569225
2182,train,1,2,1,60.620520973784856,152.80937356477105,0.0,0.0,32.07687388633639,-0.4,-1.6666666666666665,14.847583732265372,0.5,1.0103420162297476,1.0012191653569225
2183,train,0,2,0,-62.29274134771836,415.4834759705323,-0.19047619047619047,-0.771751827819628,-14.176970589454235,0.0,0.8571428571428571,-3.0490422944123523,0.5,1.038212355795306,1.0076101080833695
2183,train,1,2,0,-62.29274134771836,389.57359366467193,-0.19047619047619047,26.620985450303266,-11.783196647338059,0.0,0.2857142857142857,-3.0544185678060742,0.5,1.038212355795306,1.0076101080833695
2184,test,1,0,0,120.0,1109.0418381979753,0.2857142857142857,688.3680831271433,109.14962281449144,0.09523809523809523,0.1428571428571428,33.27171389314627,0.5,1,1
2184,test,2,0,0,300.0,2290.26506358772,0.09523809523809523,367.96437443416687,125.56241779546664,-0.09523809523809523,0.1428571428571428,37.390235214638054,0.5,1,1
2185,validation,0,2,0,-59.38583077431499,-226.6470720039791,0.0,0.0,732.7035102172609,0.0,0.0,0.0,0.5,0.9897638462385832,1.0021684325960005
2185,validation,2,1,1,-237.54332309725996,394.69661764027813,0.0,0.0,-568.3388968918184,0.0,0.0,0.0,0.5,0.9897638462385832,1.0021684325960005
2186,validation,1,0,1,546.3977696865808,-189.8915979598428,0.0,0.0,-25.12615256222125,0.0,-0.6666666666666666,0.0,0.5,1.0118477216418162,0.9987823191973281
2186,validation,1,2,1,364.26517979105387,-953.7582312015826,0.0,0.0,-327.5871940813154,0.0,-1.3333333333333335,0.0,0.5,1.0118477216418162,0.9987823191973281
2187,test,2,0,1,-710.4144708323695,-74.58257094812582,-0.5333333333333333,72.67861363746945,195.1269096878752,0.0,-1.0666666666666669,19.687745286808052,0.5,0.9866867650449576,0.9966212132726022
2187,test,2,1,1,59.20120590269745,-438.8263724572432,-0.4,12.472091335339115,-39.18998988611048,0.0,-1.3333333333333335,-34.249868914151904,0.5,0.9866867650449576,0.9966212132726022
2188,train,1,0,1,306.8598062770606,1024.958703142442,0.0,0.0,-150.36869355887103,-1.5,0.0,0.0,0.5,1.0228660209235354,1.0025755368765914
2188,train,2,1,0,-368.23176753247276,-1168.718514290078,0.0,0.0,93.38146175479947,0.0,0.0,55.80445413195419,0.5,1.0228660209235354,1.0025755368765914
2189,train,2,0,1,119.62693146992757,1160.8104364554224,-2.0,0.0,0.0,0.0,0.0,0.0,0.5,0.9968910955827297,0.9994586253613486
2189,train,1,2,0,59.813465734963785,-339.12276083793535,1.0,0.0,0.0,0.0,0.0,0.0,0.5,0.9968910955827297,0.9994586253613486
2190,train,1,0,1,480.0,-2078.1007094768793,0.0,0.0,0.0,0.0,0.0,0.0,0.5,1,1
2190,train,1,2,1,900.0,2689.742615075974,0.0,0.0,0.0,0.0,0.0,0.0,0.5,1,1
2191,train,2,0,1,60.0,-11.91558527089228,0.0,0.0,0.0,0.0,0.0,0.0,0.5,1,1
2191,train,1,2,0,-60.0,-5.667706883925348,0.0,0.0,0.0,0.0,0.0,0.0,0.5,1,1
2192,validation,0,2,0,777.5750545545292,2515.266622073699,1.0,0.0,0.0,0.0,0.0,0.0,0.5,0.9968910955827297,0.9994586253613486
2192,validation,1,2,0,1076.642383229348,352.6623314427823,2.0,0.0,0.0,0.0,0.0,0.0,0.5,0.9968910955827297,0.9994586253613486
2193,train,0,1,1,-468.50793035050293,-1070.263586739817,-0.6666666666666667,-79.45564572099568,-141.84913457218835,0.8,0.06666666666666676,0.0,0.5,0.9760581882302144,0.9959468271073058
2193,train,0,2,1,117.12698258762573,575.8746569507515,-0.3333333333333333,-231.79625846507201,-410.09116426804684,0.6000000000000001,0.33333333333333337,0.0,0.5,0.9760581882302144,0.9959468271073058
2194,train,0,1,0,428.674177727836,179.47019724894872,0.0,0.0,-13.017747900166313,0.0,0.0,150.75230227948794,0.5,1.0206528041138954,1.003797842238849
2194,train,1,2,1,-367.43500948100234,641.3856837231148,0.0,0.0,72.26801706069158,0.3333333333333333,0.0,-103.67229854802423,0.5,1.0206528041138954,1.003797842238849
2195,train,2,0,1,240.0,115.01480275828453,0.0,0.0,0.0,0.0,0.0,0.0,0.5,1,1
2195,train,2,1,1,60.0,-386.7076341003353,0.0,0.0,0.0,0.0,0.0,0.0,0.5,1,1
2196,test,0,1,1,-59.2092211227674,-1544.5764637398347,0.06666666666666667,0.0,-67.83894590569213,-0.5333333333333334,-0.6666666666666667,-257.7238628482009,0.5,0.9868203520461234,1.0001353894730307
2196,test,0,2,1,236.8368844910696,839.6465709373508,0.06666666666666667,0.0,-30.007751120671287,-0.26666666666666666,-0.5333333333333334,-106.1160827479355,0.5,0.9868203520461234,1.0001353894730307
2197,train,1,0,0,359.75639790095425,419.68743313442855,0.0,0.0,0.0,2.0,0.0,0.0,0.5,0.9993233275026507,0.9998646288547973
2197,train,2,0,0,-59.95939965015904,-687.9833810931539,0.0,0.0,0.0,0.0,0.0,0.0,0.5,0.9993233275026507,0.9998646288547973
2198,train,0,1,0,-303.14364177087174,-46.68446942591144,0.0,12.042691634213583,0.0,0.0,-0.3333333333333335,33.2185391891128,0.5,1.0104788059029057,0.9970260641428296
2198,train,2,1,0,-60.62872835417434,1565.0123998273496,0.2,49.89765244661349,0.0,1.0666666666666667,1.0,52.24714995248408,0.5,1.0104788059029057,0.9970260641428296
2199,train,0,1,1,235.52594104143498,341.6848983255237,-0.047619047619047616,7.184445622489477,86.92768865951255,-0.09523809523809523,-1.4285714285714284,-29.49423704740324,0.5,0.9813580876726458,1.0001353894730307
2199,train,2,0,0,-117.76297052071749,-697.1038728877803,0.047619047619047616,-137.28961483631048,14.763988377056961,0.19047619047619047,2.857142857142857,-6.4870550492836765,0.5,0.9813580876726458,1.0001353894730307
2200,train,1,0,0,182.75006338412027,-21.97267444577266,0.0,0.0,185.94954435536692,0.0,0.0,28.968941139167043,0.5,1.0152781299117792,1.0031185998461076
2200,train,2,0,0,0.0,111.05391691839596,0.0,0.0,-10.277985406975013,0.0,0.0,21.415402642143576,0.5,1.0152781299117792,1.0031185998461076
2201,test,0,2,0,714.0785806233459,-25.92276521699741,3.9999999999999996,0.0,0.0,0.0,0.0,-245.15358818068253,0.5,0.9917758064213138,1.003797842238849
2201,test,2,1,1,0.0,1231.8212909183778,-2.0,0.0,0.0,0.0,0.0,232.55809082529908,0.5,0.9917758064213138,1.003797842238849
2202,train,0,1,0,117.30153608411352,712.8561358501139,0.0,102.84209448907225,32.69042427762621,0.26666666666666666,0.0,-2.366695158930191,0.5,0.977512800700946,1.0070646135252042
2202,train,1,2,1,-58.65076804205676,-558.740958966481,-0.3333333333333333,-15.704154921179956,-33.82603685924954,-0.5333333333333333,0.0,-40.46623232755041,0.5,0.977512800700946,1.0070646135252042
2203,train,2,0,1,-376.60077505310323,-2176.4744710757336,0.0,-41.59928775887897,-94.7296379948241,-0.26666666666666666,-0.5999999999999999,-88.80374314342609,0.5,1.046113264036398,1.0044775445674627
2203,train,2,1,1,-627.6679584218388,-723.3414996530508,0.0,126.53241641470936,13.627193197517926,-1.0666666666666667,-0.19999999999999996,-126.89656769898988,0.5,1.046113264036398,1.0044775445674627
2204,train,2,0,1,233.65218535557202,166.82802283746852,-0.6666666666666666,0.0,0.0,0.0,0.0,-362.9098671208769,0.5,0.9735507723148834,0.9975661211411933
2204,train,1,2,0,175.23913901667902,340.2511378868772,1.3333333333333333,0.0,0.0,0.0,0.0,174.4204050066863,0.5,0.9735507723148834,0.9975661211411933
2205,test,0,1,0,0.0,320.2505634085983,0.0,0.0,0.0,0.0,0.0,0.0,0.5,1,1
2205,test,2,1,0,-120.0,378.5095530724316,0.0,0.0,0.0,0.0,0.0,0.0,0.5,1,1
2206,train,0,2,0,415.0260312269305,1296.902424544589,0.0,143.19423844469594,409.20602100738716,0.0,1.5,0.0,0.5,0.9881572172069775,0.9975661211411934
2206,train,1,2,0,355.7365981945119,1121.138611356552,0.0,865.0370877359306,96.72211571671156,0.0,4.0,0.0,0.5,0.9881572172069775,0.9975661211411934
2207,train,0,1,0,235.46217852480214,972.4409847559591,0.0,348.3024525100387,198.1216946475439,0.3333333333333333,0.0,0.0,0.5,0.981092410520009,1.0012191653569225
2207,train,2,1,0,235.46217852480214,316.02577179944325,0.0,83.23921289728882,325.9212464553581,0.3333333333333333,0.0,0.0,0.5,0.981092410520009,1.0012191653569225
2208,train,0,2,0,249.94802992519587,2302.347974487808,-0.42857142857142855,519.8552558479485,457.17253824820546,0.047619047619047616,0.47619047619047616,177.35170882697767,0.5,1.041450124688316,1.0069282860351783
2208,train,2,1,1,-62.48700748129897,-3236.148592507826,0.2857142857142857,-393.7629433934756,-115.49204416554332,-0.09523809523809523,-0.6666666666666666,16.3158292524447,0.5,1.041450124688316,1.0069282860351783
2209,train,1,0,1,120.0,709.3983436127878,0.0,-46.44700944808142,0.0,0.0,0.6666666666666666,0.0,0.5,1,1
2209,train,1,2,1,0.0,802.4767343086064,-0.3333333333333333,237.61414776400892,0.0,0.0,0.33333333333333326,0.0,0.5,1,1
2210,train,0,2,0,0.0,90.52293330665714,0.26666666666666666,54.6866424158742,353.5754500855087,0.0,1.0,30.24681078579729,0.5,1.0103420162297476,1.0012191653569225
2210,train,1,2,0,181.86156292135456,781.3020055477917,0.26666666666666666,12.245372470773916,126.8029700641863,0.0,1.0,106.90801092282241,0.5,1.0103420162297476,1.0012191653569225
2211,validation,1,0,0,293.57161862631006,968.5331955527596,0.5714285714285714,-9.3445852010286,49.47243899798443,0.0,0.0,-27.794147860524333,0.5,0.9785720620877001,0.9958120046447593
2211,validation,2,0,0,176.14297117578602,1025.9600045511775,0.2857142857142857,-15.291542235769,3.5190933088893814,0.23809523809523808,-0.19047619047619047,-30.707292094645553,0.5,0.9785720620877001,0.9958120046447593
2212,train,1,0,0,252.3279518254375,847.0896969442877,0.0,0.0,75.97855655773779,0.3333333333333333,0.0,39.71531041233986,0.5,1.051366465939323,1.0018971215842718
2212,train,2,0,0,0.0,1047.709259118883,0.0,0.0,311.1384820416713,0.3333333333333333,0.0,-115.62080697053442,0.5,1.051366465939323,1.0018971215842718
2213,train,1,0,1,-180.0,-326.20449087767247,-1.3333333333333333,-245.57239654075562,0.0,0.0,0.0,-66.28055137079905,0.5,1,1
2213,train,2,1,0,240.0,963.866939305899,0.0,-56.00504474354466,0.0,0.0,0.0,-34.7233476726762,0.5,1,1
2214,train,1,0,0,599.5939965015905,-261.39989639831936,0.0,0.0,0.0,1.0,0.0,0.0,0.5,0.9993233275026507,0.9998646288547973
2214,train,2,0,0,0.0,-411.40633544641423,0.0,0.0,0.0,2.0,0.0,0.0,0.5,0.9993233275026507,0.9998646288547973
2215,train,0,2,0,350.47827803335804,914.7851013740299,-0.6666666666666667,0.0,0.0,0.0,0.0,110.57715946553697,0.5,0.9735507723148834,0.9975661211411933
2215,train,2,1,1,-408.891324372251,-890.7702253486561,0.6666666666666667,0.0,0.0,0.0,0.0,-63.84972452877662,0.5,0.9735507723148834,0.9975661211411933
2216,validation,0,1,0,-183.047193792367,-1070.4478628486047,0.2,40.30126711781412,50.31415188309222,0.3333333333333333,0.0,6.778814865220895,0.5,1.016928854402039,1.0035260901068812
2216,validation,2,1,0,-122.03146252824467,-323.0602008506128,0.4,15.396383239530984,24.35407317331348,0.0,0.0,-57.42702836205643,0.5,1.016928854402039,1.0035260901068812
2217,train,0,1,1,59.28140695397063,-73.62360499057971,0.0,0.0,-135.62181761970436,0.0,0.5,0.0,0.5,0.9880234492328439,0.9981064706710885
2217,train,2,0,0,-118.56281390794126,496.83996037767827,0.0,0.0,53.228674808646915,0.0,-0.5,0.0,0.5,0.9880234492328439,0.9981064706710885
2218,train,0,1,1,59.530721338430105,-1502.4610231959737,0.0,0.0,0.0,0.3333333333333333,-1.9999999999999998,0.0,0.5,0.9921786889738351,0.9986471128909702
2218,train,0,2,1,0.0,-1155.1907272049423,0.0,0.0,0.0,0.0,-1.9999999999999998,0.0,0.5,0.9921786889738351,0.9986471128909702
2219,train,1,0,0,0.0,-1242.3173331398827,0.0,0.0,275.86454556093474,0.39999999999999997,-0.7999999999999998,-36.273526564212055,0.5,1.004749554350707,1.003933745899739
2219,train,2,0,0,1326.2694117429332,1054.5750009247674,1.0666666666666669,0.0,-604.196600263075,-0.26666666666666666,-0.5999999999999996,1.9978623431234581,0.5,1.004749554350707,1.003933745899739
2220,validation,2,0,1,60.530313085225764,11.346986002387432,0.0,0.0,0.0,0.0,0.0,-119.88254900946288,0.5,1.0088385514204294,0.9997292760349417
2220,validation,2,1,1,-181.5909392556773,-1409.2528434623039,0.0,0.0,0.0,0.0,0.0,-171.17218853993194,0.5,1.0088385514204294,0.9997292760349417
2221,train,1,0,0,840.0,2754.8533168514095,0.0,0.0,0.0,0.0,0.0,0.0,0.5,1,1
2221,train,2,0,0,720.0,2329.2055005688208,0.0,0.0,0.0,0.0,0.0,0.0,0.5,1,1
2222,train,1,0,1,0.0,593.2409225381692,0.0,0.0,0.0,0.0,-2.6666666666666665,0.0,0.5,0.9921786889738351,1.0054299011128027
2222,train,1,2,1,-59.530721338430105,1075.7325721069592,0.0,0.0,0.0,-0.6666666666666666,-2.6666666666666665,0.0,0.5,0.9921786889738351,1.0054299011128027
2223,train,0,1,0,-178.0369380476933,-606.7230281710328,0.8,-198.55295444171782,-56.5703849782654,0.6666666666666666,-0.4666666666666666,0.0,0.5,0.9890941002649628,0.9979713558551195
2223,train,2,1,0,-178.0369380476933,-387.07731282242656,0.2,-252.64064507438428,13.28544504484826,1.0,0.0,0.0,0.5,0.9890941002649628,0.9979713558551195
2224,test,0,2,0,588.9743020619592,2088.938061602748,0.0,0.0,0.0,0.0,0.0,433.37552176694214,0.5,0.9816238367699319,0.9986471128909702
2224,test,1,2,0,0.0,455.9245472682919,0.0,0.0,0.0,0.0,0.0,533.3890633862305,0.5,0.9816238367699319,0.9986471128909702
2225,validation,2,0,1,0.0,-280.68801151473593,0.0,-30.265558475742694,-52.236543338192675,0.0,0.0,-63.59474602274299,0.5,0.9618909920658502,1.0023041156519776
2225,validation,2,1,1,-57.71345952395101,-327.41820605726724,0.0,-24.603804133585726,9.291657573643676,0.0,0.0,-0.6533310617891428,0.5,0.9618909920658502,1.0023041156519776
2226,train,0,1,1,-186.12077429122854,-478.1363830482092,-0.2857142857142857,-286.9706592504488,-30.28581077705128,0.0,-0.09523809523809523,-33.127042721538274,0.5,1.0340043016179363,1.0073373238796761
2226,train,0,2,1,-186.12077429122854,51.43909906039955,0.0,-287.6301839274853,28.6748107173336,0.0,-0.09523809523809523,-8.33473513745243,0.5,1.0340043016179363,1.0073373238796761
2227,test,1,0,0,358.00732203143696,-398.8887747687131,0.0,0.0,287.49320647173977,0.5,1.5,0.0,0.5,0.9944647834206582,0.999052786729054
2227,test,2,0,0,59.66788700523949,-242.59616694636932,0.0,0.0,378.83940257635004,-0.5,0.8333333333333333,0.0,0.5,0.9944647834206582,0.999052786729054
2228,validation,1,0,0,720.0,1260.1957495835609,0.0,0.0,0.0,0.0,0.0,0.0,0.5,1,1
2228,validation,2,0,0,180.0,989.0366691268741,0.0,0.0,0.0,0.0,0.0,0.0,0.5,1,1
2229,train,0,1,1,-179.44039720489135,388.31658810037567,-2.0,0.0,0.0,0.0,0.0,0.0,0.5,0.9968910955827297,0.9994586253613486
2229,train,0,2,1,-239.25386293985514,-1506.1317456147844,-5.0,0.0,0.0,0.0,0.0,0.0,0.5,0.9968910955827297,0.9994586253613486
2230,validation,1,0,0,177.79607416927746,938.3437734275262,1.0,0.0,0.0,0.3333333333333333,0.0,-94.67292850345126,0.5,0.9877559676070969,0.9972960560854701
2230,validation,2,0,0,355.5921483385549,766.3208637455904,0.5,0.0,0.0,0.3333333333333333,0.0,-94.67292850345126,0.5,0.9877559676070969,0.9972960560854701
2231,train,1,0,1,-121.02785215772221,-1114.3659769262708,0.0,-41.11851497553448,-370.04323482813504,0.047619047619047616,0.0,-35.53899203737642,0.5,1.008565434647685,1.0006771306930664
2231,train,1,2,1,-242.05570431544442,-1857.8865787954733,-0.2857142857142857,36.321007679221594,6.886422475477161,0.047619047619047616,0.8571428571428571,-30.944840507245,0.5,1.008565434647685,1.0006771306930664
2232,train,0,1,0,174.3871554210087,-763.438462539339,0.0,0.0,0.0,0.16666666666666666,1.0,-20.493048064269615,0.5,0.968817530116715,0.9968910955827297
2232,train,1,2,1,-116.2581036140058,392.44630233429524,0.0,0.0,0.0,-0.16666666666666666,-1.6666666666666665,-129.07052319138046,0.5,0.968817530116715,0.9968910955827297
2233,train,0,1,1,-353.3845812371755,-564.7438120515652,0.0,0.0,0.0,0.0,0.0,8.272719290570876,0.5,0.9816238367699319,0.9986471128909702
2233,train,2,0,0,-294.4871510309796,-5.08514951386727,0.0,0.0,0.0,0.0,0.0,297.61441398733416,0.5,0.9816238367699319,0.9986471128909702
2234,validation,0,1,1,60.85074814888013,1821.3728565890628,0.0,-22.74704900942885,-79.70069086800834,0.1333333333333333,0.0,-160.12378197243072,0.5,1.0141791358146688,1.0062469253572153
2234,validation,2,0,0,425.9552370421609,1343.3833172944358,0.0,35.19324232013699,-3.901022660163335,-0.1333333333333333,1.0666666666666669,-139.9106105964659,0.5,1.0141791358146688,1.0062469253572153
2235,test,0,1,1,176.93165917947093,523.1354425560361,-0.8,55.04451238131304,-27.937736833504747,0.0,0.0,0.0,0.5,0.9829536621081718,0.9968910955827297
2235,test,2,0,0,-117.95443945298062,-1973.8282164637562,0.5333333333333333,-43.26044420019073,161.56770636744838,-0.13333333333333333,-1.9999999999999998,0.0,0.5,0.9829536621081718,0.9968910955827297
2236,train,1,0,0,178.5921640152903,144.7285366896586,0.0,191.9834139779336,0.0,0.0,2.0,0.0,0.5,0.9921786889738351,0.9982416037801811
2236,train,2,0,0,-178.5921640152903,1328.256433514844,0.0,-219.4322100327035,0.0,0.0,4.0,0.0,0.5,0.9921786889738351,0.9982416037801811
2237,train,0,2,0,121.5368479122694,661.3322057694147,0.4,0.0,-89.92464050030789,0.0,-2.0,76.72019341647355,0.5,1.0128070659355783,0.9975661211411933
2237,train,1,2,0,121.5368479122694,351.55543381196054,0.8,0.0,-68.65820360902342,0.0,0.0,131.74779301904846,0.5,1.0128070659355783,0.9975661211411933
2238,train,1,0,0,706.5778231243049,576.3151129617327,-0.23809523809523808,-304.5845676599958,-74.24605922193885,-0.19047619047619047,-0.2857142857142858,112.24005521466032,0.5,0.9813580876726458,1.0070646135252042
2238,train,2,0,0,353.28891156215246,2229.7646326486247,0.23809523809523808,-262.1321009431502,-54.097397979783125,0.0,-1.1428571428571428,0.0,0.5,0.9813580876726458,1.0070646135252042
2239,train,0,1,0,62.99664514804123,-640.9500911544802,0.0,428.49995231321805,0.0,0.4,0.0,9.403825334280924,0.5,1.0499440858006872,1.004749554350707
2239,train,2,1,0,-251.98658059216493,227.8095180979901,0.6,38.663405489574956,0.0,0.0,0.0,-11.953457234795081,0.5,1.0499440858006872,1.004749554350707
2240,train,1,0,0,-312.68892581789225,202.31515514504736,0.2857142857142857,-62.53230106304116,34.36761200867016,0.0,-0.23809523809523814,63.23375574484682,0.5,1.0422964193929742,1.000406223412502
2240,train,2,0,0,812.99120712652,2383.5621667191035,0.047619047619047616,82.22047505726323,182.59561847043403,-0.09523809523809523,1.1904761904761905,-65.87775918728913,0.5,1.0422964193929742,1.000406223412502
2241,train,1,0,0,-240.0,-311.21078643166675,0.16666666666666666,423.4050284226582,0.0,-0.3333333333333333,0.0,0.0,0.5,1,1
2241,train,0,2,1,240.0,-189.7325432445523,0.16666666666666666,-217.67618823244032,0.0,-1.0,0.0,0.0,0.5,1,1
2242,train,1,0,1,-353.2410864376069,493.87407982715155,0.14285714285714285,114.85835280354229,107.11337743773495,0.0,-1.4285714285714286,-20.710308629082533,0.5,0.9812252401044637,1.0031185998461076
2242,train,1,2,1,-58.873514406267816,1233.287688999223,0.0,137.19590057225318,95.01006004787949,0.0,0.0,-23.478013621591938,0.5,0.9812252401044637,1.0031185998461076
2243,train,1,0,1,-243.86475766644986,-35.904698274266764,-1.0,0.0,0.0,0.0,0.0,-79.58550614504897,0.5,1.016103156943541,0.9981064706710885
2243,train,1,2,1,182.89856824983738,1422.0338154070491,0.0,0.0,0.0,0.0,0.0,-79.2427791051496,0.5,1.016103156943541,0.9981064706710885
2244,test,0,2,0,119.91879930031808,444.1575994387356,0.0,0.0,0.0,1.0,0.0,0.0,0.5,0.9993233275026507,0.9998646288547973
2244,test,1,2,0,59.95939965015904,740.9974854730989,0.0,0.0,0.0,1.0,0.0,0.0,0.5,0.9993233275026507,0.9998646288547973
2245,train,0,2,0,-179.44039720489135,-134.77152049060413,0.0,0.0,0.0,0.0,0.0,0.0,0.5,0.9968910955827297,0.9994586253613486
2245,train,1,2,0,-59.813465734963785,647.6330027059203,0.0,0.0,0.0,0.0,7.0,0.0,0.5,0.9968910955827297,0.9994586253613486
2246,train,0,1,1,-300.0,-1252.3546798022694,0.0,-167.4245628881245,-52.79419188049914,0.26666666666666666,0.0,-73.82603333919101,0.5,1,1
2246,train,2,0,0,120.0,533.7629303946655,0.2666666666666667,73.89104618438199,12.571124506134746,0.0,0.0,29.485135552849002,0.5,1,1
2247,test,0,1,1,178.97942908513133,363.6313442400216,0.0,176.8064667992232,136.71404580721781,-1.0,0.0,0.0,0.5,0.994330161584063,1.0044775445674627
2247,test,0,2,1,0.0,-1201.9263409576988,0.0,-299.8257557582168,49.86764371969062,0.0,0.0,0.0,0.5,0.994330161584063,1.0044775445674627
2248,train,0,1,1,-720.0,-1150.9188977996318,0.0,0.0,0.0,0.0,0.0,0.0,0.5,1,1
2248,train,2,0,0,180.0,-665.9408077444232,0.0,0.0,0.0,0.0,0.0,0.0,0.5,1,1
2249,train,0,1,0,416.37669673431805,-189.83467328034516,0.2,6.778250732586969,-30.072604316664027,0.4,0.0,0.0,0.5,0.9913730874626621,1.004069667960554
2249,train,1,2,1,-356.89431148655837,713.4540511993152,-0.2,-225.0218504455018,94.85036878178232,-0.4,0.0,0.0,0.5,0.9913730874626621,1.004069667960554
2250,train,1,0,0,59.22525481858348,1386.804348808413,-0.047619047619047616,149.32084425718287,-74.72254449475652,0.0,0.1428571428571428,10.090769176890618,0.5,0.9870875803097247,1.0009481113345846
2250,train,0,2,1,-236.90101927433392,-510.24122406709495,-0.047619047619047616,58.910803833967464,46.458044790251556,0.0,0.4285714285714286,-67.21219724973217,0.5,0.9870875803097247,1.0009481113345846
2251,train,2,0,1,-484.96416779027885,-1595.948143722149,0.06666666666666667,0.0,75.02201088800578,0.26666666666666666,0.6666666666666665,-306.421828700607,0.5,1.0103420162297476,0.9971610509762517
2251,train,1,2,0,242.48208389513943,906.011711732516,0.0,0.0,136.83664219098333,0.7999999999999999,1.666666666666667,-17.886426638502083,0.5,1.0103420162297476,0.9971610509762517
2252,train,0,2,0,184.01620809619246,1107.732866689596,0.0,882.8316061753774,0.0,0.0,0.8333333333333334,52.94582742518102,0.5,1.0223122672010692,1.0043415672919243
2252,train,2,1,1,-245.3549441282566,-418.8620997936377,0.0,34.528436081487826,0.0,0.0,-0.16666666666666666,-275.89473479353865,0.5,1.0223122672010692,1.0043415672919243
2253,train,1,0,0,-356.3149846458899,504.481107275566,0.0,0.0,1226.3441704107215,0.0,0.0,0.0,0.5,0.9897638462385832,1.0021684325960005
2253,train,2,0,0,-534.4724769688349,-150.04133306291615,0.0,0.0,713.6960557044143,0.0,0.0,0.0,0.5,0.9897638462385832,1.0021684325960005
2254,train,0,2,0,-58.65870873863482,-378.84443846780937,0.0,-110.84781953886639,25.424199455569997,0.0,0.5333333333333334,0.940543789313478,0.5,0.9776451456439137,0.997836259329798
2254,train,1,2,0,58.65870873863482,219.84190574338373,-0.13333333333333333,7.2140614938413705,93.70140783184166,0.0,1.0666666666666667,2.2065051424502666,0.5,0.9776451456439137,0.997836259329798
2255,test,1,0,1,120.0,355.3019991158394,0.0,-418.8951220742085,0.0,0.0,0.0,-22.267377654349474,0.5,1,1
2255,test,1,2,1,-60.0,930.2853148621039,0.0,-360.92662946171725,0.0,0.0,0.0,32.011258836682096,0.5,1,1
2256,train,2,0,1,-61.16459848728796,-253.9314286272204,0.0,0.0,-4.707996951109827,-0.4,0.0,-25.195617499204793,0.5,1.0194099747881327,1.0046135402528928
2256,train,2,1,1,61.16459848728796,238.86070317755184,0.0,0.0,32.332189526608616,-0.4,-0.6,-75.56770808865711,0.5,1.0194099747881327,1.0046135402528928
2257,train,2,0,1,0.0,-312.1507395607855,0.0,-409.01568052054915,-28.87677101390005,0.0,0.8,0.0,0.5,1,1
2257,train,2,1,1,0.0,-127.15167556230926,0.0,-250.63512464449536,-11.137876694560756,-0.3,0.6000000000000001,0.0,0.5,1,1
2258,train,0,1,0,243.86475766644986,263.3037002433685,0.0,-15.769748397123408,0.0,-0.16666666666666666,2.5,0.0,0.5,1.016103156943541,0.9975661211411933
2258,train,2,1,0,0.0,-152.24757437154835,0.0,-141.08887627924912,0.0,0.0,0.0,0.0,0.5,1.016103156943541,0.9975661211411933
2259,train,0,1,0,-478.5077258797103,-1105.4174745568423,0.0,0.0,0.0,0.0,3.0,0.0,0.5,0.9968910955827297,0.9994586253613486
2259,train,1,2,1,-538.321191614674,-2740.6412358171415,0.0,0.0,0.0,0.0,0.0,0.0,0.5,0.9968910955827297,0.9994586253613486
2260,train,1,0,1,-58.897430206195914,-804.5996778527174,0.0,0.0,0.0,0.0,0.0,-72.66069795988585,0.5,0.9816238367699319,0.9986471128909702
2260,train,1,2,1,-117.79486041239183,-411.38903933398853,0.0,0.0,0.0,0.0,0.0,-171.32065578681028,0.5,0.9816238367699319,0.9986471128909702
2261,train,1,0,0,-58.738174858208424,-275.6538174856577,-0.2,-82.33655914272958,-118.94900005033594,0.0,0.5,0.0,0.5,0.9789695809701404,1.0009481113345846
2261,train,2,0,0,234.9526994328337,2154.574882720088,0.6000000000000001,510.20137112943405,117.11581405626123,0.0,0.6,0.0,0.5,0.9789695809701404,1.0009481113345846
2262,train,0,2,0,60.268652674047765,389.32780877671337,0.0,144.70890809737483,114.96383989593592,0.0,0.0,-67.94068227289993,0.5,1.0044775445674627,1.0009481113345846
2262,train,1,2,0,0.0,458.908157246989,0.0,185.70452513641663,20.059354780108933,-0.06666666666666667,0.0,-21.750852475661496,0.5,1.0044775445674627,1.0009481113345846
2263,test,2,0,1,-60.38298963589069,275.51252754699414,0.2857142857142857,-19.846001900556573,63.18026043212975,-0.7142857142857142,0.0,0.7877846757007472,0.5,1.0063831605981781,1.0017614936235477
2263,test,1,2,0,-60.38298963589069,-624.676074215282,-0.2857142857142857,174.35396506670742,-72.80100784911204,0.23809523809523808,-0.2857142857142857,-11.270757705740882,0.5,1.0063831605981781,1.0017614936235477
2264,validation,2,0,1,-695.3800096928205,-1568.5920933035377,-1.7999999999999998,0.0,0.0,-0.4,-0.5,-103.55086090078271,0.5,0.9658055690178062,0.9963514040260837
2264,validation,1,2,0,405.6383389874786,332.57888791881567,0.0,0.0,0.0,0.2,0.6,59.55559934201176,0.5,0.9658055690178062,0.9963514040260837
2265,train,0,2,0,355.9774783637964,1044.9449739816291,0.26666666666666666,0.0,66.23460175118765,-0.3333333333333333,-0.8,49.445439149066324,0.5,0.9888263287883233,0.9979713558551195
2265,train,2,1,1,-177.9887391818982,-1116.8015141110561,-1.3333333333333335,0.0,-99.66519335911337,0.6666666666666666,0.0,-61.78195810694987,0.5,0.9888263287883233,0.9979713558551195
2266,train,0,1,0,-115.1615734639773,-1921.4583973712504,0.0,-98.92209189485499,-97.5722655606635,0.47619047619047616,-0.09523809523809523,-50.90045300633507,0.5,0.9596797788664775,0.9987823191973281
2266,train,1,2,1,-57.58078673198865,781.2142181116953,0.0,136.45826034575742,65.7468890931842,-0.47619047619047616,-0.14285714285714285,50.90045300633507,0.5,0.9596797788664775,0.9987823191973281
2267,validation,0,1,1,-118.67522465566762,-927.1336804241491,0.0,0.0,-23.287884550864263,0.0,-0.8999999999999999,-1.8540163465521484,0.5,0.9889602054638968,1.0001353894730307
2267,validation,2,0,0,-59.33761232783381,-105.77612621339703,0.1,0.0,45.61414864453897,0.0,0.3,-4.214208037103532,0.5,0.9889602054638968,1.0001353894730307
2268,validation,0,1,0,-410.6109611704438,692.2118267647804,0.0,2.804567069146131,369.00923251555383,0.0,0.6,-60.216670042991375,0.5,0.9776451456439137,1.0008126118424647
2268,validation,2,1,0,-234.6348349545393,655.7293243612812,0.0,34.165208686808825,87.6984619144051,-0.06666666666666667,1.0,-11.267409569019115,0.5,0.9776451456439137,1.0008126118424647
2269,train,2,0,1,300.0,-101.579006464558,-0.26666666666666666,-252.10758791910462,-52.58780444917714,-0.2,0.0,0.0,0.5,1,1
2269,train,1,2,0,60.0,1100.563651015529,0.26666666666666666,660.1803173713058,96.90651299802242,0.4,0.0,37.7748128797536,0.5,1,1
2270,train,1,0,1,-60.50573423938711,290.1286430261177,0.0,0.0,-452.1642983145972,0.0,-1.333333333333333,84.58792058035803,0.5,1.0084289039897851,0.9983767551848742
2270,train,1,2,1,-242.02293695754844,-689.2396560374153,0.0,0.0,90.58059829533173,0.0,-0.6666666666666665,3.71883023717902,0.5,1.0084289039897851,0.9983767551848742
2271,test,0,1,0,0.0,94.04054458596056,0.0,576.7953364918767,-4.589128271123599,0.0,0.0,0.0,0.5,1,1
2271,test,1,2,1,120.0,-495.31062375934016,0.0,-251.15282008486287,-213.3552021293275,0.0,0.0,0.0,0.5,1,1
2272,train,2,0,1,60.0,-369.193486158154,0.0,363.11273891224687,-41.43738230676615,0.0,-1.9999999999999996,0.0,0.5,1,1
2272,train,2,1,1,-180.0,-2864.2052626485347,0.0,-1054.2217138903393,303.8149164521762,0.0,0.3333333333333335,0.0,0.5,1,1
2273,train,0,1,0,-478.5077258797103,-916.0468021239054,3.0,0.0,0.0,0.0,0.0,0.0,0.5,0.9968910955827297,0.9994586253613486
2273,train,2,1,0,-418.69426014474647,-1825.364368063752,1.0,0.0,0.0,0.0,0.0,0.0,0.5,0.9968910955827297,0.9994586253613486
2274,validation,1,0,0,236.54849276346022,144.63872475730548,0.0,0.0,-19.634623695571776,0.0,0.0,0.0,0.5,0.9856187198477508,1.0092483652594508
2274,validation,2,0,0,59.137123190865054,1025.3027030448682,1.3333333333333333,0.0,-8.949313840728678,0.0,0.0,0.0,0.5,0.9856187198477508,1.0092483652594508
2275,test,1,0,0,120.0,815.7696552095845,0.0,0.0,0.0,0.0,0.0,0.0,0.5,1,1
2275,test,2,0,0,420.0,802.5150440333023,0.0,0.0,0.0,0.0,0.0,0.0,0.5,1,1
2276,train,1,0,0,118.69129203179554,1663.024912619312,0.13333333333333333,0.0,42.1064163116701,0.0,1.8666666666666667,-2.8755174396712846,0.5,0.9890941002649628,0.9981064706710885
2276,train,2,0,0,830.8390442225688,3832.416466661119,0.0,0.0,33.50452651257851,0.3333333333333333,1.6,-46.04916607852691,0.5,0.9890941002649628,0.9981064706710885
2277,test,0,2,0,-180.0,-73.94029310287578,0.0,0.0,0.0,0.0,0.0,0.0,0.5,1,1
2277,test,2,1,1,240.0,-103.22770097830198,0.0,0.0,0.0,0.0,0.0,0.0,0.5,1,1
2278,train,0,1,0,120.1300355006291,794.1052028487311,-0.2857142857142857,117.49634494519617,78.74281318886563,0.0,0.42857142857142855,24.058183327594673,0.5,1.0010836291719092,1.0010836291719092
2278,train,1,2,1,-240.2600710012582,-1459.125935012918,0.0,-140.9479578817975,-127.97831736870286,0.0,-0.42857142857142855,5.772892368549034,0.5,1.0010836291719092,1.0010836291719092
2279,train,1,0,1,-60.0,-722.391329855308,0.0,0.0,0.0,0.0,0.0,0.0,0.5,1,1
2279,train,1,2,1,-240.0,1453.2329413586767,0.0,0.0,0.0,0.0,0.0,0.0,0.5,1,1
2280,train,1,0,1,-358.97797835145064,-1210.5885726397325,0.0,-78.38535941888725,0.0,-0.6666666666666666,0.0,0.0,0.5,0.9971610509762517,1.0051577071433853
2280,train,1,2,1,-538.4669675271759,147.85071211243303,0.0,-121.67810578002431,0.0,-0.6666666666666666,0.0,0.0,0.5,0.9971610509762517,1.0051577071433853
2281,train,2,0,1,-363.7231258427091,-531.4422555922567,-0.5333333333333334,0.0,-267.32472265024296,-0.2666666666666667,0.0,-11.092154618691865,0.5,1.0103420162297476,0.9972960560854701
2281,train,1,2,0,0.0,-221.39146544025473,-0.26666666666666666,0.0,293.85931008221604,0.0,0.0,29.888084855818192,0.5,1.0103420162297476,0.9972960560854701
2282,train,1,0,1,-413.9598623360554,515.7312340518166,-1.3333333333333333,0.0,161.27386972401797,0.0,0.0,0.0,0.5,0.9856187198477508,0.997836259329798
2282,train,1,2,1,236.54849276346022,-789.5947604603886,-1.3333333333333333,0.0,-254.15213391702693,0.0,0.0,0.0,0.5,0.9856187198477508,0.997836259329798
2283,train,1,0,0,243.0736958245388,1119.7080885379335,0.0,-15.566137390995465,-21.005985004803307,0.0,-0.8000000000000002,0.0,0.5,1.0128070659355783,0.9975661211411934
2283,train,0,2,1,-303.8421197806735,-341.1745364766923,-0.3,6.2464596309596345,-0.25239360162572666,0.0,-0.7999999999999998,0.0,0.5,1.0128070659355783,0.9975661211411934
2284,test,0,1,1,-300.0,-544.7086783687773,0.0,-104.67793760288805,0.0,0.3333333333333333,0.0,-61.03198613860235,0.5,1,1
2284,test,0,2,1,-300.0,-127.977153961147,0.0,-380.56719193383145,0.0,0.16666666666666666,0.0,36.11859820377771,0.5,1,1
2285,train,0,1,0,468.7617060497292,562.4599060070507,-0.23809523809523808,-33.742624110446855,-36.49252928399676,0.09523809523809523,-0.2857142857142857,-3.1816911150734724,0.5,0.9765868876036025,0.9977011810926478
2285,train,2,1,0,410.16649279351304,253.7093789163282,0.4761904761904761,-95.25925600202385,71.62005782406419,0.047619047619047616,-0.09523809523809523,72.27516661305224,0.5,0.9765868876036025,0.9977011810926478
2286,train,0,1,1,0.0,-1080.8832376777004,-0.26666666666666666,0.0,-2.1245551850368045,-0.26666666666666666,-0.9999999999999999,-18.647359146665927,0.5,0.9829536621081718,1.0077465278849231
2286,train,2,0,0,58.97721972649031,787.0653038168981,0.0,0.0,5.57891013097548,0.06666666666666667,0.33333333333333337,69.85866851151991,0.5,0.9829536621081718,1.0077465278849231
2287,test,0,1,1,180.0,2133.0788846605137,0.0,0.0,0.0,0.0,0.0,0.0,0.5,1,1
2287,test,2,0,0,180.0,425.4462043311123,0.0,0.0,0.0,0.0,0.0,0.0,0.5,1,1
2288,train,1,0,1,-294.88609863245154,-653.7242787815659,0.0,-149.22178411536873,-4.350206903190781,-0.2666666666666667,0.0,-18.664585207871596,0.5,0.9829536621081718,1.003526090106881
2288,train,2,1,0,-58.97721972649031,1146.5886257437485,0.0,92.61022644725529,21.63365058611376,-0.26666666666666666,-0.33333333333333304,40.682940533262254,0.5,0.9829536621081718,1.003526090106881
2289,train,0,1,0,540.0,654.4315327762379,0.09523809523809523,-353.13252076924005,51.10487539806445,0.0,1.1904761904761902,4.202373322702918,0.5,1,1
2289,train,1,2,1,-180.0,-402.9767985731896,0.0,49.21783296901481,-11.834129949268316,0.19047619047619047,-0.9523809523809523,10.248364891430482,0.5,1,1
2290,validation,0,2,0,527.3569193059453,424.4940190436961,-0.09523809523809523,-175.02531331306346,151.78815874279567,-0.19047619047619047,0.2857142857142857,38.44601098399642,0.5,0.9765868876036025,0.9977011810926478
2290,validation,1,2,0,175.78563976864845,642.1869091546682,-0.047619047619047616,-196.20036545058687,50.61839233393377,0.19047619047619047,0.2857142857142857,79.1619053030857,0.5,0.9765868876036025,0.9977011810926478
2291,train,1,0,0,179.87819895047713,1504.4593368018034,0.0,0.0,0.0,3.0,0.0,0.0,0.5,0.9993233275026507,0.9998646288547973
2291,train,2,0,0,359.75639790095425,-101.23828126642658,0.0,0.0,0.0,0.0,0.0,0.0,0.5,0.9993233275026507,0.9998646288547973
2292,train,2,0,1,-120.76597927178138,-93.86763146951705,-0.4,0.0,-470.6368595630489,0.0,0.09999999999999998,-15.505711925427123,0.5,1.0063831605981781,0.9963514040260837
2292,train,2,1,1,241.53195854356275,240.62895222572502,0.0,0.0,-54.75528361451245,0.0,0.09999999999999998,-166.89952781772936,0.5,1.0063831605981781,0.9963514040260837
2293,train,2,0,1,-245.3881626048476,-779.6877308611773,0.0,0.0,0.0,0.0,-0.5,-10.802322889281498,0.5,1.0224506775201982,0.9989175438091965
2293,train,2,1,1,-61.3470406512119,-838.29321778297,0.0,0.0,0.0,-1.0,0.6666666666666667,98.76663713337983,0.5,1.0224506775201982,0.9989175438091965
2294,train,2,0,1,-360.0,-134.94841855528193,0.5714285714285714,-163.80451317588336,-70.622978320532,-0.09523809523809523,-0.7142857142857144,43.46870056941245,0.5,1,1
2294,train,1,2,0,900.0,1651.9225221345487,0.0,379.5061104129338,-67.99480259256389,0.09523809523809523,1.1904761904761902,-33.60170076333647,0.5,1,1
2295,train,0,1,0,0.0,-58.64583699829984,0.0,0.0,0.0,0.0,2.0,0.0,0.5,1.025500450080236,0.9997292760349417
2295,train,2,1,0,-123.06005400962833,-651.1768850954952,0.0,0.0,0.0,0.0,1.0,0.0,0.5,1.025500450080236,0.9997292760349417
2296,train,1,0,1,-539.5615458980647,-2011.917033278839,0.0,-143.77677800276876,0.0,0.0,0.0,-152.3407410727424,0.5,0.999188047959379,0.9986471128909702
2296,train,1,2,1,179.85384863268823,-1312.5955029401507,0.0,32.23106586101812,0.0,0.0,0.0,-259.2413700680212,0.5,0.999188047959379,0.9986471128909702
2297,train,0,2,0,-59.297460197513196,261.0462455013923,-0.33333333333333337,0.0,0.0,0.0,1.0,18.647093506753418,0.5,0.9882910032918866,1.0046135402528926
2297,train,2,1,1,59.297460197513196,385.8965115841247,0.33333333333333337,0.0,0.0,0.0,-2.5,8.641324830817322,0.5,0.9882910032918866,1.0046135402528926
2298,train,0,1,1,-120.81503723999529,-295.31214075417984,0.0,132.36486374988286,-68.72954921543226,0.26666666666666666,-1.2,0.0,0.5,1.0067919769999607,1.002032767907594
2298,train,0,2,1,0.0,767.0251298367846,0.0,78.11860267636848,-12.955618189576576,0.0,0.0,0.0,0.5,1.0067919769999607,1.002032767907594
2299,train,0,1,0,476.0523870822306,4067.8363721701708,2.0,0.0,0.0,0.0,0.0,161.2930254045612,0.5,0.9917758064213138,0.9982416037801811
2299,train,2,1,0,238.0261935411153,2468.5696595764193,0.6666666666666666,0.0,0.0,0.0,0.0,15.120412025973565,0.5,0.9917758064213138,0.9982416037801811
2300,train,0,1,0,-296.68806163916906,-168.3451066863885,0.0,-473.18975685917076,7.988513184131968,0.3333333333333333,0.8,-1.0158321863029443,0.5,0.9889602054638968,0.9979713558551195
2300,train,2,1,0,-118.67522465566762,-411.36995220920886,0.0,-393.3108659452188,121.9226665283839,0.0,-0.5333333333333332,-4.120928189584159,0.5,0.9889602054638968,0.9979713558551195
2301,train,0,1,1,0.0,616.4817650803734,0.0,0.0,0.0,0.0,0.0,0.0,0.5,1,1
2301,train,0,2,1,180.0,1335.4244511329716,0.0,0.0,0.0,0.0,0.0,0.0,0.5,1,1
2302,train,0,2,0,309.53009533720854,1350.376889105046,0.5714285714285714,52.97926219013681,6.148414460996975,0.19047619047619047,0.23809523809523808,-11.647844858263717,0.5,1.0317669844573618,0.995677200433284
2302,train,1,2,0,-185.71805720232513,193.63985713124475,0.0,210.91921945070902,-28.759270964951128,0.09523809523809523,0.19047619047619047,29.156412267407504,0.5,1.0317669844573618,0.995677200433284
2303,train,0,1,0,60.0,-55.02770204433227,0.0,-120.95695072331097,0.0,0.0,0.0,0.0,0.5,1,1
2303,train,1,2,1,-300.0,-178.32597308015693,0.0,-393.08276215690944,0.0,0.0,-0.16666666666666669,0.0,0.5,1,1
2304,train,1,0,0,299.79699825079524,794.6889988901405,0.0,0.0,0.0,3.0,0.0,0.0,0.5,0.9993233275026507,0.9998646288547973
2304,train,2,0,0,-59.95939965015904,-122.45814021696951,0.0,0.0,0.0,1.0,0.0,0.0,0.5,0.9993233275026507,0.9998646288547973
2305,validation,1,0,0,237.54332309725996,-712.063571129767,0.0,0.0,867.3002492383442,0.0,0.0,0.0,0.5,0.9897638462385832,0.999188047959379
2305,validation,0,2,1,-415.70081542020495,720.8184697270274,0.0,0.0,-399.0824085328425,0.0,0.0,0.0,0.5,0.9897638462385832,0.999188047959379
2306,validation,0,1,1,-240.0,-839.565828140167,0.0,0.0,0.0,0.0,0.0,0.0,0.5,1,1
2306,validation,2,0,0,0.0,1549.8671456088987,0.0,0.0,0.0,0.0,0.0,0.0,0.5,1,1
2307,train,1,0,1,0.0,-268.7285276699906,0.0,0.0,-15.574087311177152,-0.3,1.2000000000000002,-44.851273801152125,0.5,1.0128070659355783,0.9977011810926478
2307,train,2,1,0,60.7684239561347,438.3413350465776,0.0,0.0,-14.054237732193656,0.3,-0.8000000000000003,68.58155945926417,0.5,1.0128070659355783,0.9977011810926478
2308,train,0,1,1,-712.6299692917798,-1351.9643548244937,0.0,0.0,-656.6128942645975,0.0,0.0,0.0,0.5,0.9897638462385832,0.999188047959379
2308,train,0,2,1,-475.0866461945199,258.9450129758099,0.0,0.0,-664.0139510894093,0.0,0.0,0.0,0.5,0.9897638462385832,0.999188047959379
2309,train,1,0,1,-600.0,327.33611472192206,0.0,0.0,0.0,0.0,0.0,0.0,0.5,1,1
2309,train,2,1,0,540.0,287.3514102843519,0.0,0.0,0.0,0.0,0.0,0.0,0.5,1,1
2310,train,0,1,0,-59.23327329462347,-2272.5630486357636,-0.09999999999999998,276.22828827300003,130.2476747277368,0.0,0.0,190.1965334032783,0.5,0.9872212215770579,0.9968910955827297
2310,train,2,1,0,414.6329130623643,-1405.6809687169314,-0.30000000000000004,336.35674495677637,156.141343992209,0.0,0.0,47.88512717053233,0.5,0.9872212215770579,0.9968910955827297
2311,train,0,2,0,186.4991146281443,338.02086543938896,0.33333333333333337,565.4003511604267,89.26441661746989,0.0,0.0,-24.295237958995713,0.5,1.0361061923785795,1.0018971215842718
2311,train,2,1,1,-124.33274308542954,-724.187284080562,0.3333333333333333,-225.42920163301156,-49.48845525594566,0.0,-0.8,14.964653945641517,0.5,1.0361061923785795,1.0018971215842718
2312,train,0,1,1,-660.0,-4958.6727419041845,0.0,-302.6047072824863,-222.57739936316096,0.0,0.0,0.0,0.5,1,1
2312,train,0,2,1,-300.0,-2625.5828925189626,0.0,-3110.6468495068007,-170.88324744895328,0.0,0.0,0.0,0.5,1,1
2313,test,1,0,1,-545.5846887640637,-2947.30417472578,0.0,223.5028338987741,-500.04995635429134,-0.06666666666666668,-0.6666666666666665,79.79024122300535,0.5,1.0103420162297476,0.9970260641428296
2313,test,1,2,1,-303.1026048689243,202.27641584083224,0.0,426.1049672544971,-220.2533131298033,-0.06666666666666668,-1.333333333333333,125.85937601301198,0.5,1.0103420162297476,0.9970260641428296
2314,train,0,1,1,0.0,-347.9035432397036,0.0,0.0,-23.27035519799178,0.0,0.0,-44.60009686104279,0.5,1.0096583455744486,0.9966212132726022
2314,train,2,0,0,0.0,-13.900103244314343,-0.4,0.0,8.776215562063754,0.3,0.0,-3.0025515109606307,0.5,1.0096583455744486,0.9966212132726022
2315,train,0,1,1,-121.1098038311341,503.77894937158703,0.0,107.96515484038815,-14.380267111443963,0.0,0.8,0.0,0.5,1.0092483652594508,0.9970260641428296
2315,train,0,2,1,-121.1098038311341,-571.6813018352362,-0.3333333333333333,240.04135209303334,-12.294365393086572,-0.13333333333333333,0.0,0.0,0.5,1.0092483652594508,0.9970260641428296
2316,validation,1,0,0,-470.9881152501425,-348.9981911912186,0.16666666666666666,0.0,240.313110568136,0.0,1.6666666666666665,0.0,0.5,0.9812252401044637,1.0012191653569225
2316,validation,0,2,1,235.49405762507126,516.659890928883,0.0,0.0,-198.5903809447357,0.0,-1.6666666666666665,0.0,0.5,0.9812252401044637,1.0012191653569225
2317,train,0,1,1,60.513926078861104,272.84700344496156,-0.7142857142857142,-68.066673816795,165.03715994064584,0.0,-1.1428571428571428,-6.330892620784759,0.5,1.008565434647685,0.9966212132726022
2317,train,0,2,1,0.0,-121.39135727928996,-0.47619047619047616,-59.93242052698986,196.45801439943494,-0.047619047619047616,-0.8571428571428571,-3.4494643663411253,0.5,1.008565434647685,0.9966212132726022
2318,test,0,1,0,600.0,1904.5834085563429,0.0,0.0,0.0,0.0,0.0,0.0,0.5,1,1
2318,test,1,2,1,-480.0,-2630.3104294381956,0.0,0.0,0.0,0.0,0.0,0.0,0.5,1,1
2319,train,2,0,1,439.72460618659164,984.23973574692,-0.2666666666666667,188.12279780619355,0.0,-0.3333333333333333,0.2,-9.736384746205502,0.5,1.0469633480633134,1.0023041156519776
2319,train,1,2,0,-188.4534026513964,-1310.5236465926062,-0.5333333333333333,-69.49526908577442,0.0,0.3333333333333333,-0.2666666666666667,-6.990263673019516,0.5,1.0469633480633134,1.0023041156519776
2320,train,1,0,0,61.72191453756238,-20.667278108387045,0.0,0.0,0.0,0.6666666666666666,0.0,-81.72531524593266,0.5,1.0286985756260396,1.0017614936235477
2320,train,0,2,1,-61.72191453756238,291.21672639100575,0.0,0.0,0.0,0.0,0.0,46.91691692243285,0.5,1.0286985756260396,1.0017614936235477
2321,train,2,0,1,-234.8890921064421,-59.28318527471022,0.8571428571428571,15.963323196637447,51.29857778317309,-0.38095238095238093,0.0,-42.289635794728724,0.5,0.9787045504435087,1.0012191653569225
2321,train,2,1,1,-234.8890921064421,-252.32048145977132,0.2857142857142857,-355.85948119379054,-28.7395564184651,-0.38095238095238093,0.0,-1.1123142011420555,0.5,0.9787045504435087,1.0012191653569225
2322,train,1,0,0,-354.0070659236849,437.08300152767106,0.4,232.50509660914435,22.66388999890613,0.0,-0.30000000000000004,0.0,0.5,0.9833529608991246,0.9970260641428296
2322,train,2,0,0,-295.0058882697374,2144.797145122166,0.8000000000000002,671.8894758542222,37.8721107150251,0.0,1.1999999999999997,0.0,0.5,0.9833529608991246,0.9970260641428296
2323,train,0,1,0,-58.7938651875643,-395.9822037520758,1.0,0.0,367.4281463900886,0.0,0.0,0.0,0.5,0.9798977531260716,1.0024398170780122
2323,train,1,2,1,0.0,-989.2046058904712,-1.0,0.0,-356.6277620840156,-0.3333333333333333,0.0,0.0,0.5,0.9798977531260716,1.0024398170780122
2324,train,1,0,1,-413.67974708220606,-1841.3148409581397,0.0,0.0,0.0,-0.6,0.09999999999999998,42.07809567419314,0.5,0.9849517787671572,1.0081558981184175
2324,train,2,1,0,650.0681739863238,1835.3728447540102,0.8,0.0,0.0,0.3,0.0,-21.98306639184191,0.5,0.9849517787671572,1.0081558981184175
2325,train,1,0,0,-120.0,-408.7948023949584,-0.6,1023.4764905277973,-49.74668278236531,0.6,0.0,0.0,0.5,1,1
2325,train,2,0,0,-540.0,-1497.3546700828083,-0.3999999999999999,54.06093764885895,-45.958212929897755,0.6,0.0,0.0,0.5,1,1
2326,validation,2,0,1,-240.0,140.1584823637063,0.0,-466.35380218842664,0.0,0.0,0.0,0.0,0.5,1,1
2326,validation,1,2,0,240.0,662.2839143969095,0.0,64.43293633077451,0.0,0.0,0.0,0.0,0.5,1,1
2327,train,0,2,0,-60.0,-59.973897186877366,0.0,1231.5824660591431,0.0,0.0,0.0,0.0,0.5,1,1
2327,train,1,2,0,60.0,938.4152194999174,0.0,1780.615722023543,0.0,0.0,0.0,0.0,0.5,1,1
2328,validation,0,1,1,-176.21452457462527,-448.2342918098274,0.1,-34.850302579062415,-277.89246281349074,-0.3,0.0,0.0,0.5,0.9789695809701404,0.9979713558551195
2328,validation,0,2,1,-352.42904914925055,-572.3444723002432,-0.20000000000000004,-23.324353798314988,-81.64316531930288,0.0,0.0,0.0,0.5,0.9789695809701404,0.9979713558551195
2329,train,0,1,0,375.27751272813754,853.3645105157781,-0.047619047619047616,22.480308113861042,37.004142107411326,0.47619047619047616,0.14285714285714285,50.11459684382124,0.5,1.0424375353559376,1.0005416678839063
2329,train,2,1,0,62.54625212135626,346.59367483373967,-0.09523809523809523,13.870638149970745,-7.241734749487884,0.0,-0.14285714285714285,86.42212008535006,0.5,1.0424375353559376,1.0005416678839063
2330,train,0,1,1,-180.0,1363.1357433762696,0.0,0.0,0.0,0.0,0.0,0.0,0.5,1,1
2330,train,0,2,1,60.0,1603.8163829214013,0.0,0.0,0.0,0.0,0.0,0.0,0.5,1,1
2331,train,0,2,0,60.0,758.8688087765181,0.0,0.0,0.0,0.0,0.0,0.0,0.5,1,1
2331,train,2,1,1,-60.0,-221.5027419524149,0.0,0.0,0.0,0.0,0.0,0.0,0.5,1,1
2332,train,1,0,1,0.0,-217.48665735129862,-0.6,0.0,92.0961655603601,-0.2,0.0,16.336211078807818,0.5,1.0062469253572153,0.9981064706710885
2332,train,1,2,1,-120.74963104286583,-142.80267370085676,-0.8999999999999999,0.0,92.9386391600984,0.0,0.0,14.785893375450463,0.5,1.0062469253572153,0.9981064706710885
2333,validation,0,2,0,0.0,-475.9081955756324,-0.09523809523809523,-38.67650783620465,-190.41778591426674,0.23809523809523808,0.5714285714285714,3.5297638304487826,0.5,1.0035260901068812,1.0006771306930664
2333,validation,2,1,1,120.42313081282575,-70.6643883123156,0.19047619047619047,-92.28308351558363,241.25793644212033,0.0,-0.19047619047619047,16.51353999843573,0.5,1.0035260901068812,1.0006771306930664
2334,train,0,2,0,-118.59492039502639,681.5240830002379,0.0,383.7732828570774,0.0,0.0,0.0,61.60004067981146,0.5,0.9882910032918866,1.0042056084237854
2334,train,2,1,1,-59.297460197513196,-899.7817277062653,0.0,-25.89260959904351,0.0,0.0,-2.0,-52.61129183425126,0.5,0.9882910032918866,1.0042056084237854
2335,train,1,0,1,540.0,-32.33156505862007,0.0,112.02593176385153,-113.70703704698988,0.0,0.0,0.0,0.5,1,1
2335,train,1,2,1,1140.0,1494.525183917408,0.0,-182.7119832210467,-302.76349928572273,0.0,0.0,0.0,0.5,1,1
2336,validation,2,0,1,-189.70768940367074,-762.6380354103586,0.0,0.0,0.0,0.0,-1.6666666666666665,88.25950209874827,0.5,1.0539316077981709,1.002032767907594
2336,validation,2,1,1,63.23589646789025,-58.7563020028221,-0.16666666666666666,0.0,0.0,0.0,0.0,8.000845916376136,0.5,1.0539316077981709,1.002032767907594
2337,validation,0,1,0,0.0,277.4288248623532,-0.5,-91.99858995185963,0.0,0.0,0.6666666666666665,0.0,0.5,1.0165159218354085,0.9982416037801811
2337,validation,2,1,0,0.0,419.391136105862,0.0,-25.43049104414314,0.0,0.0,-0.33333333333333326,0.0,0.5,1.0165159218354085,0.9982416037801811
2338,validation,1,0,1,-422.62370865003044,-114.79858820370839,-0.20000000000000004,0.0,0.8172653554129852,0.0,-0.2999999999999998,62.03597824477774,0.5,1.0062469253572153,1.0010836291719092
2338,validation,1,2,1,-181.12444656429875,-359.2886131105885,-0.4,0.0,30.126022943121242,0.0,0.2999999999999998,37.873664478246894,0.5,1.0062469253572153,1.0010836291719092
2339,test,0,1,0,241.1725408472156,1148.4764854916584,-1.0,-203.7611512009277,194.6742688623124,0.5333333333333334,-0.4666666666666666,0.0,0.5,1.0048855868633984,0.9962165267954964
2339,test,2,1,0,120.5862704236078,1151.4600114522802,0.33333333333333326,31.092453289791706,-27.71647333148482,0.0,-0.1333333333333333,0.0,0.5,1.0048855868633984,0.9962165267954964
2340,test,1,0,1,-300.0,-364.19484731899956,0.6000000000000001,-244.86187150908893,0.0,0.0,-0.2,-0.5144249541064738,0.5,1,1
2340,test,2,1,0,300.0,515.443248516035,-0.6000000000000001,779.4489764313437,0.0,0.0,0.7,61.45535452803351,0.5,1,1
2341,train,0,1,1,-60.0,-643.4339691822615,0.0,0.0,0.0,0.0,0.0,0.0,0.5,1,1
2341,train,2,0,0,120.0,954.6299251907303,0.0,0.0,0.0,0.0,0.0,0.0,0.5,1,1
2342,train,1,0,1,-300.0,-120.57744860820458,0.0,0.0,0.0,0.0,0.0,0.0,0.5,1,1
2342,train,2,1,0,600.0,-631.9094878365877,0.0,0.0,0.0,0.0,0.0,0.0,0.5,1,1
2343,train,0,1,1,-178.0610423749156,-649.1055395856716,-0.13333333333333336,0.0,-153.69952711717042,0.0,0.06666666666666671,-52.16500884858368,0.5,0.9892280131939755,1.0014902927799512
2343,train,0,2,1,-296.76840395819266,-1767.0070342407441,0.0,0.0,-0.3623233403599784,0.0,-0.2666666666666666,-152.95894277823692,0.5,0.9892280131939755,1.0014902927799512
2344,train,1,0,1,243.46890546297587,835.3998205647916,0.0,-100.19137307373353,38.734732617259006,-0.8571428571428571,0.0,0.0,0.5,1.0144537727623995,0.9977011810926478
2344,train,2,1,0,-60.86722636574397,-614.2935691657947,0.0,18.687886833607692,-14.46357714137934,0.2857142857142857,0.0,34.2402793948678,0.5,1.0144537727623995,0.9977011810926478
2345,train,1,0,0,-120.0,240.06794128151796,0.0,0.0,0.0,0.0,0.0,0.0,0.5,1,1
2345,train,0,2,1,-240.0,674.2566150160637,0.0,0.0,0.0,0.0,0.0,0.0,0.5,1,1
2346,train,1,0,0,0.0,149.4017349777492,0.0,259.55148336101206,173.06602681728984,0.0,-0.10000000000000003,0.0,0.5,1.0059745101997548,1.004069667960554
2346,train,2,0,0,181.07541183595586,747.1268043330685,0.0,266.6239441055461,253.62257440294255,-0.2,0.19999999999999996,0.0,0.5,1.0059745101997548,1.004069667960554
2347,train,2,0,1,119.31961939008755,-222.23284791420505,0.0,220.15636000642314,-183.99540386260395,-1.5,0.0,0.0,0.5,0.994330161584063,0.9989175438091965
2347,train,1,2,0,298.2990484752189,41.75665495170225,0.0,147.85687803023757,-31.706156359450695,1.0,0.0,0.0,0.5,0.994330161584063,0.9989175438091965
2348,validation,0,2,0,439.48655043681117,1561.4593103850214,0.0,0.0,0.0,0.0,7.0,373.42842524252234,0.5,1.0463965486590743,1.0051577071433853
2348,validation,1,2,0,376.7027575172667,1121.1687159945159,0.0,0.0,0.0,1.0,4.0,0.0,0.5,1.0463965486590743,1.0051577071433853
2349,train,2,0,1,-840.0,-496.8240026814278,0.0,0.0,0.0,0.0,0.0,0.0,0.5,1,1
2349,train,1,2,0,60.0,-187.57706648501835,0.0,0.0,0.0,0.0,0.0,0.0,0.5,1,1
2350,train,0,2,0,183.6677680091672,482.83670453757463,0.0,0.0,0.0,0.0,-0.6666666666666667,0.0,0.5,1.0203764889398177,0.9987823191973281
2350,train,2,1,1,-428.5581253547234,-35.13907750827231,0.0,0.0,0.0,0.0,0.6666666666666667,0.0,0.5,1.0203764889398177,0.9987823191973281
2351,train,0,2,0,353.3845812371755,1057.7466224794302,0.0,0.0,0.0,0.0,0.0,0.0,0.5,0.9816238367699319,0.9986471128909702
2351,train,1,2,0,0.0,1575.2248777723908,0.0,0.0,0.0,0.0,0.0,0.0,0.5,0.9816238367699319,0.9986471128909702
2352,train,0,1,0,0.0,-317.8785976177392,0.23809523809523808,-5.230209354164941,-63.4173399924307,0.2857142857142857,-0.14285714285714285,22.875068335832587,0.5,0.9870875803097247,1.003254411544728
2352,train,1,2,1,0.0,646.606144457517,-0.23809523809523808,-16.23966476755801,150.77457726522158,0.0,0.14285714285714285,0.0,0.5,0.9870875803097247,1.003254411544728
2353,train,2,0,1,-420.0,-888.2808079887704,0.0,0.0,0.0,0.0,0.0,0.0,0.5,1,1
2353,train,1,2,0,240.0,942.5153775988551,0.0,0.0,0.0,0.0,0.0,0.0,0.5,1,1
2354,train,2,0,1,60.7190829102982,-40.76971620267182,0.0,0.0,-38.29278613770461,0.0,-0.6666666666666667,0.0,0.5,1.0119847151716366,0.9977011810926478
2354,train,1,2,0,-60.7190829102982,-4.892940610207944,1.0,0.0,67.95628866114306,0.0,0.0,0.0,0.5,1.0119847151716366,0.9977011810926478
2355,train,0,1,0,126.4717929357805,-60.35340522640418,-0.3333333333333333,0.0,0.0,0.16666666666666666,0.0,-43.60595961206594,0.5,1.0539316077981709,1.002032767907594
2355,train,1,2,1,-189.70768940367074,60.35340522640418,0.3333333333333333,0.0,0.0,-0.16666666666666666,0.0,-41.12957721331798,0.5,1.0539316077981709,1.002032767907594
2356,test,0,1,1,-120.0,-473.1319195893275,0.0,0.0,0.0,0.0,0.0,0.0,0.5,1,1
2356,test,0,2,1,-180.0,1420.7457431319626,0.0,0.0,0.0,0.0,0.0,0.0,0.5,1,1
2357,train,0,1,0,60.0,335.2555648175994,0.0,361.6952448875427,0.0,0.0,0.3333333333333333,27.760865541509894,0.5,1,1
2357,train,1,2,1,-240.0,-600.3771606394862,0.0,-174.35139434533426,0.0,0.0,-1.0,-76.28366930458755,0.5,1,1
2358,train,1,0,0,-60.62872835417434,-0.7765271104439322,0.2,56.86872806535128,14.853970795945585,0.0,0.6666666666666667,-2.551215153734738,0.5,1.0104788059029057,1.0035260901068812
2358,train,0,2,1,121.25745670834868,51.0975926434375,-0.2,-112.96967248559314,7.3603937710921965,0.0,0.3333333333333333,13.948115864668068,0.5,1.0104788059029057,1.0035260901068812
2359,test,0,2,0,-674.8174471633308,-619.870633157511,1.3333333333333335,0.0,0.0,-0.5,0.0,101.71196631040574,0.5,1.0224506775201982,0.999052786729054
2359,test,2,1,1,184.0411219536357,517.0598975463254,0.0,0.0,0.0,-0.5,0.0,-70.78874749964437,0.5,1.0224506775201982,0.999052786729054
2360,train,0,2,0,-355.78476118507916,-428.8258140572491,0.0,0.0,0.0,0.3333333333333333,2.5,42.03297331131116,0.5,0.9882910032918866,1.0018971215842718
2360,train,2,1,1,296.48730098756596,331.2073438632187,0.0,0.0,0.0,-0.3333333333333333,-2.5,-20.3539984686765,0.5,0.9882910032918866,1.0018971215842718
2361,train,0,2,0,173.84500242320513,1541.6397115513712,0.2,0.0,0.0,0.4,-0.2999999999999998,52.115379715567144,0.5,0.9658055690178062,0.9963514040260837
2361,train,1,2,0,231.7933365642735,2826.940482468421,0.0,0.0,0.0,0.6000000000000001,0.2999999999999998,115.89076139380694,0.5,0.9658055690178062,0.9963514040260837
2362,train,2,0,1,-589.8520462118989,48.055579837260055,0.5333333333333333,4.238822381518418,0.0,0.0,-0.33333333333333326,-18.32884133783906,0.5,0.9830867436864982,0.9964862995176282
2362,train,2,1,1,117.97040924237979,-224.85119619982902,0.5333333333333333,-107.81816765519252,0.0,-0.4,-0.33333333333333326,-11.44975696294228,0.5,0.9830867436864982,0.9964862995176282
2363,validation,1,0,0,-428.5581253547234,-1011.6304745038219,0.0,0.0,0.0,0.3333333333333333,0.0,0.0,0.5,1.0203764889398177,0.9986471128909702
2363,validation,0,2,1,489.7807146911125,436.65750414289823,-1.3333333333333333,0.0,0.0,0.0,0.0,0.0,0.5,1.0203764889398177,0.9986471128909702
2364,validation,1,0,0,179.44039720489135,-97.13949678594834,2.0,0.0,0.0,0.0,0.0,0.0,0.5,0.9968910955827297,0.9994586253613486
2364,validation,0,2,1,-119.62693146992757,1253.5116463686556,-1.0,0.0,0.0,0.0,0.0,0.0,0.5,0.9968910955827297,0.9994586253613486
2365,train,1,0,0,749.1585082954115,202.40790628480937,0.047619047619047616,216.54533365072604,-8.024368633655968,0.0,-0.23809523809523814,117.77746792059915,0.5,0.9604596260197583,0.9987823191973281
2365,train,0,2,1,0.0,269.503957885179,-0.14285714285714285,-69.68130602359275,-56.02865313839099,0.0,-1.1904761904761905,-124.26115686786542,0.5,0.9604596260197583,0.9987823191973281
2366,train,0,1,1,-61.530027004814166,-252.28100148519567,-2.0,0.0,0.0,0.0,0.0,0.0,0.5,1.025500450080236,0.9998646288547973
2366,train,0,2,1,123.06005400962833,-794.3136171366564,-1.0,0.0,0.0,0.0,0.0,0.0,0.5,1.025500450080236,0.9998646288547973
2367,train,2,0,1,-354.67866036943343,-589.9790804887845,0.0,-260.9135977959743,24.2183934146652,0.0,-2.0,0.0,0.5,0.9852185010262039,1.003797842238849
2367,train,1,2,0,295.56555030786114,361.12839183751987,0.8999999999999999,155.18251731085792,35.07783379342192,0.0,0.8,0.0,0.5,0.9852185010262039,1.003797842238849
2368,validation,0,1,1,0.0,-310.6021656279369,0.0,-118.5744221007555,0.0,0.0,-0.6666666666666667,-64.594006361365,0.5,1.022727554378894,1.0009481113345846
2368,validation,0,2,1,-122.72730652546728,-875.5860151119698,0.0,-3.8954659080778526,0.0,0.0,-0.3333333333333333,-102.45434360251727,0.5,1.022727554378894,1.0009481113345846
2369,train,1,0,1,-234.60307216822704,458.83296721581644,0.0,3.827174270310877,-3.7546594566374836,0.0,0.13333333333333336,-6.249968777822495,0.5,0.977512800700946,1.003797842238849
2369,train,2,1,0,-58.65076804205676,-854.6847834475875,0.0,32.80391662731623,-34.74263129537766,0.0,0.1333333333333333,-6.963350532027706,0.5,0.977512800700946,1.003797842238849
2370,test,1,0,1,-125.31285389128968,-17.78829025436268,0.0,-138.32018610888602,7.660945031473748,-0.19047619047619047,-0.2857142857142857,-14.036736387417271,0.5,1.044273782427414,1.004069667960554
2370,test,2,1,0,250.62570778257935,548.2726374839781,0.14285714285714285,-27.58014869245332,-1.952101401385228,0.19047619047619047,0.7619047619047619,11.590245849484596,0.5,1.044273782427414,1.004069667960554
2371,test,2,0,1,-877.0712310272486,-1765.1129585569502,0.0,-124.85108144585708,131.04349863377777,-0.7142857142857142,-0.5714285714285714,-66.87712365591514,0.5,1.0441324178895817,1.0006771306930664
2371,test,2,1,1,-626.479450733749,-1981.5247255282247,0.19047619047619047,-300.4485336886753,-161.1066803536059,-0.7142857142857142,-0.7142857142857142,-287.64570371161005,0.5,1.0441324178895817,1.0006771306930664
2372,train,0,1,0,180.0,106.06922594496564,0.0,-120.80395597243339,73.85260822486347,0.0,1.4285714285714284,-12.831137280855803,0.5,1,1
2372,train,1,2,1,-300.0,-634.52201981602,-0.19047619047619047,79.02342965217247,-0.581600446625103,0.0,-0.23809523809523808,-3.3620933980648573,0.5,1,1
2373,train,0,1,1,-60.0,-558.089433951182,0.0,0.0,0.0,0.0,0.0,0.0,0.5,1,1
2373,train,0,2,1,-360.0,-500.18425520669825,0.0,0.0,0.0,0.0,0.0,0.0,0.5,1,1
2374,train,1,0,1,59.28140695397063,626.2267672773313,-0.33333333333333337,0.0,-95.04535997097909,0.0,0.0,0.0,0.5,0.9880234492328439,1.0048855868633984
2374,train,2,1,0,0.0,-171.92827889065185,0.0,0.0,170.19191137889473,0.0,-1.0,0.0,0.5,0.9880234492328439,1.0048855868633984
2375,train,0,1,0,531.5860174610726,709.9843144780322,0.0,0.0,608.4312615649533,0.0,0.0,7.21415145943503,0.5,0.9844185508538381,0.9986471128909702
2375,train,1,2,1,-531.5860174610726,-1555.986858116398,0.0,0.0,-175.88887078328293,0.0,0.0,-2.4777906753149352,0.5,0.9844185508538381,0.9986471128909702
2376,train,1,0,0,303.8421197806735,969.4757384840319,0.1,0.0,0.0,0.0,0.8000000000000003,187.36608426336883,0.5,1.0128070659355783,0.9975661211411933
2376,train,2,0,0,-60.7684239561347,-352.6521000775293,0.1,0.0,0.0,0.0,2.0,85.98592481064908,0.5,1.0128070659355783,0.9975661211411933
2377,train,0,2,0,360.0,1302.5747757678323,0.0,0.0,0.0,0.0,0.0,0.0,0.5,1,1
2377,train,1,2,0,120.0,1504.138890320417,0.0,0.0,0.0,0.0,0.0,0.0,0.5,1,1
2378,train,0,1,1,-120.0,704.4076390677737,0.0,0.0,0.0,0.0,0.0,0.0,0.5,1,1
2378,train,2,0,0,300.0,-777.1019083534025,0.0,0.0,0.0,0.0,0.0,0.0,0.5,1,1
2379,test,2,0,1,-182.97286593037353,449.6037859197502,0.0,-170.6045080976549,0.0,0.0,0.0,0.0,0.5,1.0165159218354085,0.9979713558551195
2379,test,2,1,1,-365.94573186074706,-464.3009300403059,-0.5,-55.37722510610351,0.0,0.0,0.0,0.0,0.5,1.0165159218354085,0.9979713558551195
2380,train,2,0,1,-434.22301745402234,-2103.058732397113,-1.0666666666666667,14.417935079336772,-213.8302270577533,-0.06666666666666665,-2.6,0.0,0.5,1.0338643272714818,1.003933745899739
2380,train,2,1,1,-682.3504559991779,-1654.3446996304049,-0.26666666666666666,-446.09932782106654,-503.85256687194413,0.0,-1.0,0.0,0.5,1.0338643272714818,1.003933745899739
2381,train,0,2,0,-59.38583077431499,-963.076700632406,0.0,0.0,972.3455579402986,0.0,0.0,0.0,0.5,0.9897638462385832,0.999188047959379
2381,train,1,2,0,118.77166154862998,52.76412820041753,0.0,0.0,404.87853957438244,0.0,0.0,0.0,0.5,0.9897638462385832,0.999188047959379
2382,train,1,0,0,180.0,1049.0889576178306,0.0,0.0,0.0,0.0,0.0,0.0,0.5,1,1
2382,train,0,2,1,-120.0,-441.0648979168718,0.0,0.0,0.0,0.0,0.0,0.0,0.5,1,1
2383,validation,1,0,1,-660.0,-1034.9569272425233,0.0,0.0,0.0,0.0,0.0,0.0,0.5,1,1
2383,validation,2,1,0,-300.0,-2145.849373468839,0.0,0.0,0.0,0.0,0.0,0.0,0.5,1,1
2384,test,0,2,0,-120.0,710.4331644359586,0.0,358.8024224968686,0.0,0.6666666666666666,0.5,0.0,0.5,1,1
2384,test,1,2,0,-120.0,-10.665018190447427,0.0,174.0526729448058,0.0,0.0,0.16666666666666666,0.0,0.5,1,1
2385,train,1,0,1,237.9939716627074,266.15131896249795,0.2,0.0,36.870265033916695,-0.4,0.0,-12.73729754016582,0.5,0.9916415485946142,0.9983767551848742
2385,train,2,1,0,59.49849291567685,-334.90576413593766,0.0,0.0,129.2606013995945,-0.4,0.0,12.385731244814517,0.5,0.9916415485946142,0.9983767551848742
2386,train,0,1,0,-248.22823371997683,240.24890384171732,0.0,15.870705645970375,117.34164350509576,0.0,0.8,0.0,0.5,1.0342843071665702,0.9966212132726022
2386,train,1,2,1,124.11411685998841,-394.84476961998445,-0.3333333333333333,-121.8870224918783,-94.5832043638012,0.0,-0.8,0.0,0.5,1.0342843071665702,0.9966212132726022
2387,validation,0,2,0,-425.8975749939174,-2511.8179974657037,-0.2666666666666667,-140.68661239005817,65.51742705716175,0.0,-0.2666666666666667,110.54892474292288,0.5,1.0140418452236128,1.0031185998461076
2387,validation,2,1,1,-121.68502142683354,986.540706627113,0.2666666666666667,104.524821268561,-230.83270873428222,0.0,-0.19999999999999996,-115.16242345615296,0.5,1.0140418452236128,1.0031185998461076
2388,train,1,0,0,60.0,-1285.202734735089,0.0,0.0,0.0,0.0,0.0,0.0,0.5,1,1
2388,train,2,0,0,180.0,-1227.9181174078258,0.0,0.0,0.0,0.0,0.0,0.0,0.5,1,1
2389,train,1,0,0,179.48898917572532,437.6892236817923,0.0,6.65182541139518,0.0,0.6666666666666666,0.0,0.0,0.5,0.9971610509762517,0.9994586253613486
2389,train,0,2,1,0.0,0.0,0.0,-125.86028370006636,0.0,-0.6666666666666666,0.0,0.0,0.5,0.9971610509762517,0.9994586253613486
2390,train,0,1,0,-58.97721972649031,-62.37315918150029,0.0,42.926143274721625,221.82790911645793,-0.26666666666666666,0.6666666666666666,0.0,0.5,0.9829536621081718,0.9968910955827297
2390,train,1,2,1,-176.93165917947093,-719.2620573826143,0.0,-49.018741189646164,-21.263471218069576,-0.2666666666666667,-2.0,-62.658506093403886,0.5,0.9829536621081718,0.9968910955827297
2391,test,1,0,1,182.13258989552693,-568.6164629825024,0.0,0.0,159.33403801481936,0.0,0.0,-122.57972150362231,0.5,1.0118477216418162,1.0017614936235477
2391,test,1,2,1,60.710863298508976,-434.8438107446589,0.0,0.0,213.56170937984243,0.0,0.0,-74.48183304176337,0.5,1.0118477216418162,1.0017614936235477
2392,train,1,0,0,59.506548385278826,327.08607949966506,1.3333333333333333,0.0,0.0,0.0,0.0,63.5673724083596,0.5,0.9917758064213138,0.9982416037801811
2392,train,0,2,1,-119.01309677055765,642.8564305786193,-0.6666666666666666,0.0,0.0,0.0,0.0,29.647475581424942,0.5,0.9917758064213138,0.9982416037801811
2393,train,2,0,1,-59.065113051230284,-541.4861274896992,0.0,0.0,-77.88927386171063,0.0,-0.3333333333333335,0.0,0.5,0.9844185508538381,0.9974310794729591
2393,train,1,2,0,118.13022610246057,904.0202415939547,0.0,0.0,2.782314490684385,0.0,0.3333333333333335,0.0,0.5,0.9844185508538381,0.9974310794729591
2394,train,1,0,1,-360.0,-1451.1481309048859,0.0,0.0,0.0,0.0,0.0,0.0,0.5,1,1
2394,train,2,1,0,180.0,237.50650263241369,0.0,0.0,0.0,0.0,0.0,0.0,0.5,1,1
2395,test,0,2,0,60.0,85.32766554774935,0.0,0.0,0.0,0.0,0.0,0.0,0.5,1,1
2395,test,2,1,1,-240.0,-780.5443635249321,0.0,0.0,0.0,0.0,0.0,0.0,0.5,1,1
2396,train,0,2,0,-183.0224144841172,1699.569530447143,1.0666666666666667,-311.9528753412123,-67.41926128479089,0.0,0.6000000000000001,0.0,0.5,1.016791191578429,0.9982416037801811
2396,train,2,1,1,-305.0373574735287,-769.8010904613726,-0.8,445.96862071695034,47.25917970901233,-0.6666666666666666,-0.40000000000000013,0.0,0.5,1.016791191578429,0.9982416037801811
2397,train,0,1,1,-118.13022610246057,405.3357162137653,0.0,0.0,-180.42259348121956,0.0,-0.33333333333333326,0.0,0.5,0.9844185508538381,1.001625884022936
2397,train,2,0,0,0.0,-99.6970410323666,0.0,0.0,-30.420027565056387,0.0,0.0,0.0,0.5,0.9844185508538381,1.001625884022936
2398,validation,1,0,1,59.95939965015904,914.9899043085435,0.0,0.0,0.0,-1.0,0.0,0.0,0.5,0.9993233275026507,0.9998646288547973
2398,validation,2,1,0,59.95939965015904,-55.8513031006545,0.0,0.0,0.0,1.0,0.0,0.0,0.5,0.9993233275026507,0.9998646288547973
2399,train,0,1,0,420.0,1612.6674046892222,0.0,-62.18248291043733,0.0,0.0,0.0,0.0,0.5,1,1
2399,train,2,1,0,240.0,809.4585157634078,0.0,1625.5544479110135,0.0,0.0,0.0,0.0,0.5,1,1
2400,train,1,0,1,180.0,159.03988628626757,-0.23809523809523808,-24.22482608347798,-319.01894513513616,-0.047619047619047616,0.09523809523809523,-16.046274081525844,0.5,1,1
2400,train,1,2,1,120.0,596.517546534501,-0.4761904761904761,-309.0236262616571,-108.64534833938696,-0.09523809523809523,0.19047619047619047,-45.63460415347483,0.5,1,1
2401,train,0,1,1,-550.3323578819785,-452.57568860828985,0.0,-290.0073524559306,0.0,-0.6,0.09999999999999998,-167.225397433201,0.5,1.019133996077738,1.003797842238849
2401,train,2,0,0,489.1843181173142,1506.1201038357979,0.0,112.25843463210052,0.0,0.3,0.30000000000000004,-23.458965756636914,0.5,1.019133996077738,1.003797842238849
2402,test,0,1,0,120.42313081282575,938.7033026429575,0.0,12.429737081466897,56.559726232569716,0.09523809523809523,0.9523809523809523,6.063614928886068,0.5,1.0035260901068812,0.997836259329798
2402,test,2,1,0,0.0,-509.9946184480094,0.23809523809523808,-31.56846620456247,117.43128429966646,0.09523809523809523,0.38095238095238093,12.963448111381105,0.5,1.0035260901068812,0.997836259329798
2403,train,0,2,0,354.87077840886246,1090.5284845548701,1.6,-39.66076326588825,0.0,0.0,0.0,68.05587282816155,0.5,0.9857521622468401,1.0024398170780122
2403,train,1,2,0,887.1769460221561,2548.82850391741,0.8,-168.0347740418414,0.0,-0.1,0.0,164.71000365084555,0.5,0.9857521622468401,1.0024398170780122
2404,train,0,1,1,0.0,424.2627960572771,0.0,0.0,0.0,-1.0,0.0,0.0,0.5,0.9921786889738351,0.9986471128909702
2404,train,0,2,1,-178.5921640152903,-63.552074477937225,0.0,0.0,0.0,-0.3333333333333333,-0.666666666666667,0.0,0.5,0.9921786889738351,0.9986471128909702
2405,validation,0,2,0,-237.4147231665541,990.9273721920372,-0.40000000000000013,-72.60555281625412,371.4051089371312,-0.3333333333333333,0.0,-21.202685154237596,0.5,0.9892280131939755,0.9979713558551195
2405,validation,1,2,0,59.353680791638524,846.391579955126,-0.6000000000000001,108.0491384769133,80.92243031034667,0.0,0.0,33.36560704820049,0.5,0.9892280131939755,0.9979713558551195
2406,test,0,2,0,120.0,686.4932012836603,0.0,933.2181731638918,0.0,0.0,0.33333333333333326,0.0,0.5,1,1
2406,test,2,1,1,-840.0,-2343.069852921059,0.0,-1338.1061263784275,0.0,0.0,-1.6666666666666667,0.0,0.5,1,1
2407,train,0,1,0,558.8160547096389,1498.8441539575476,0.0,40.91475125762537,-41.34511954696454,0.14285714285714285,0.23809523809523814,21.40802281659421,0.5,1.0348445457585906,0.9962165267954964
2407,train,2,1,0,248.36269098206176,321.82834172142833,0.0,-9.47301789673471,-8.617767471300212,0.0,0.23809523809523814,-45.9779678871204,0.5,1.0348445457585906,0.9962165267954964
2408,validation,0,1,0,360.0,102.82203063037286,0.0,0.0,0.0,0.0,0.0,0.0,0.5,1,1
2408,validation,2,1,0,180.0,-1436.7088219011393,0.0,0.0,0.0,0.0,0.0,0.0,0.5,1,1
2409,test,2,0,1,-59.31351778823038,-155.5403029226312,0.2,-5.793014851964557,0.0,-0.3333333333333333,0.2666666666666666,-28.48096536827594,0.5,0.9885586298038397,0.9979713558551195
2409,test,2,1,1,-118.62703557646076,-498.7180287029081,0.0,-77.96010486716413,0.0,-0.6666666666666666,-0.5333333333333334,-38.65628150123011,0.5,0.9885586298038397,0.9979713558551195
2410,train,0,1,0,0.0,-1075.2577144123775,-0.13333333333333333,-90.4643446525389,40.05149946289144,0.0,-0.6666666666666667,0.0,0.5,0.9829536621081718,0.9968910955827297
2410,train,1,2,1,0.0,1458.7200780333753,0.06666666666666667,66.01671127766562,39.45817094317006,0.0,0.0,0.0,0.5,0.9829536621081718,0.9968910955827297
2411,train,0,2,0,718.0531603815385,1459.7605024531865,0.0,0.0,-15.753480435375138,0.0,0.0,0.0,0.5,0.9972960560854701,0.9994586253613486
2411,train,1,2,0,598.377633651282,2786.9774639170487,0.0,0.0,271.59009755420806,0.0,0.0,0.0,0.5,0.9972960560854701,0.9994586253613486
2412,validation,0,1,1,176.62054321880345,85.60406154964156,0.16666666666666666,0.0,-47.84012387282756,0.0,-2.0,0.0,0.5,0.9812252401044637,0.9982416037801811
2412,validation,0,2,1,0.0,-91.6054721234434,0.0,0.0,-242.35710197809618,0.0,-0.33333333333333326,0.0,0.5,0.9812252401044637,0.9982416037801811
2413,train,0,1,0,-300.0,1370.37378890147,0.0,671.42867278666,-146.70470319964937,-0.16666666666666666,0.0,0.0,0.5,1,1
2413,train,1,2,1,420.0,182.81278165853928,0.0,-549.8263878546225,395.118764327211,-0.16666666666666666,0.0,0.0,0.5,1,1
2414,train,0,1,0,780.0,2797.353073927856,1.4285714285714284,275.7601112804864,-78.57527221688173,0.09523809523809523,0.09523809523809523,19.39981586376807,0.5,1,1
2414,train,2,1,0,-60.0,170.21804047167097,0.9523809523809523,-4.4834882355779655,-209.87837030833552,0.19047619047619047,0.0,69.56439957517695,0.5,1,1
2415,test,1,0,0,60.0,-303.9131765449938,0.0,0.0,0.0,0.0,0.0,0.0,0.5,1,1
2415,test,0,2,1,-120.0,-233.6259026046887,0.0,0.0,0.0,0.0,0.0,0.0,0.5,1,1
2416,validation,0,1,1,0.0,557.0589690261422,0.0,0.0,0.0,0.0,-3.0,0.0,0.5,1.025500450080236,0.9997292760349417
2416,validation,0,2,1,-184.5900810144425,-376.0154442399708,0.0,0.0,0.0,0.0,-1.0,0.0,0.5,1.025500450080236,0.9997292760349417
2417,train,1,0,0,121.8993688161582,1764.1149128265638,0.5,0.0,0.0,0.0,0.0,-25.993019160588318,0.5,1.015828073467985,0.9977011810926478
2417,train,0,2,1,-426.6477908565537,-1625.3952859777853,-0.5,0.0,0.0,0.0,-0.6666666666666667,2.04114342038568,0.5,1.015828073467985,0.9977011810926478
2418,train,0,1,1,-420.0,-1929.6934880050958,0.06666666666666667,-577.294509822927,149.43288394655775,0.0,0.19999999999999996,-28.60724874376889,0.5,1,1
2418,train,0,2,1,180.0,5.714648541803399,0.06666666666666667,-613.5653926037508,-40.61774471280813,0.0,0.6000000000000001,-72.37728266205129,0.5,1,1
2419,train,0,2,0,300.0,199.4660949395527,0.0,0.0,0.0,0.0,0.0,0.0,0.5,1,1
2419,train,2,1,1,-60.0,-358.0587494233239,0.0,0.0,0.0,0.0,0.0,0.0,0.5,1,1
2420,validation,1,0,1,-478.5077258797103,-764.0479194334241,0.0,0.0,0.0,0.0,0.0,0.0,0.5,0.9968910955827297,1.0062469253572153
2420,validation,2,1,0,-59.813465734963785,-130.32179622819956,0.0,0.0,0.0,0.0,6.0,0.0,0.5,0.9968910955827297,1.0062469253572153
2421,train,1,0,0,120.56994652208485,-306.13244025981857,0.5333333333333334,0.0,214.69072794194685,0.13333333333333333,0.40000000000000013,-5.417128684677948,0.5,1.004749554350707,0.9979713558551195
2421,train,2,0,0,-241.1398930441697,-235.3206769368388,0.0,0.0,127.62077712543716,0.0,0.0,-9.615197325166235,0.5,1.004749554350707,0.9979713558551195
2422,train,2,0,1,180.0,416.5899647239007,-0.23809523809523808,-235.07703432017033,-69.85986020147594,-0.047619047619047616,0.5714285714285714,-13.657649773369268,0.5,1,1
2422,train,1,2,0,-180.0,-404.93959352342904,0.0,99.74315117946469,65.26993772851932,0.0,-0.14285714285714285,12.256453434790005,0.5,1,1
2423,train,1,0,0,252.3279518254375,301.8843977306992,0.0,0.0,14.458718111766181,0.0,0.0,0.0,0.5,1.051366465939323,1.0018971215842718
2423,train,2,0,0,0.0,-68.46932552633338,0.0,0.0,64.49791025085827,0.0,0.0,83.28763330340908,0.5,1.051366465939323,1.0018971215842718
2424,train,0,2,0,-362.9361233226303,-593.4431434109316,0.16666666666666669,683.2701951485983,478.5899898159812,0.0,0.0,0.0,0.5,1.0081558981184175,0.9983767551848742
2424,train,2,1,1,907.3403083065758,916.2615521196949,-0.49999999999999994,-740.1848409445238,-82.71082341359211,0.0,0.0,0.0,0.5,1.0081558981184175,0.9983767551848742
2425,train,0,2,0,907.7088911829165,521.206805525574,0.19047619047619047,15.054551365460853,56.04287313156706,0.047619047619047616,1.1428571428571428,2.798636576918181,0.5,1.008565434647685,1.003526090106881
2425,train,2,1,1,60.513926078861104,55.303706683559305,-0.19047619047619047,-98.31948836563217,26.278286106878895,0.0,-0.8571428571428571,-8.641108583115749,0.5,1.008565434647685,1.003526090106881
2426,train,0,2,0,60.710863298508976,-278.9723537212687,0.0,0.0,-10.592747640668634,0.0,0.0,0.0,0.5,1.0118477216418162,0.9987823191973281
2426,train,1,2,0,-60.710863298508976,-92.6470833840587,0.0,0.0,194.6490239497843,0.0,-0.6666666666666666,0.0,0.5,1.0118477216418162,0.9987823191973281
2427,validation,0,2,0,-122.04798430364953,496.0767362783604,-0.13333333333333333,16.38651144644713,0.0,0.26666666666666666,0.40000000000000013,105.69907069883904,0.5,1.017066535863746,1
2427,validation,2,1,1,61.023992151824764,461.4165744696652,-0.13333333333333333,-20.9326109753477,0.0,-0.26666666666666666,-0.20000000000000018,-136.71493579165622,0.5,1.017066535863746,1
2428,test,0,1,0,121.50394497490188,-408.2002874915849,0.4,0.0,0.0,0.0,0.19999999999999996,26.150518389808617,0.5,1.012532874790849,0.9970260641428296
2428,test,2,1,0,60.75197248745094,276.4466472009105,0.4,0.0,0.0,0.3,-0.10000000000000003,-1.8416917485844522,0.5,1.012532874790849,0.9970260641428296
2429,train,1,0,0,360.0,128.8582235728545,0.0,116.6767110513349,94.71806597976396,0.0,0.0,0.0,0.5,1,1
2429,train,0,2,1,-60.0,-384.6619697824749,0.0,-165.4845545863701,-269.5761570568888,-0.16666666666666666,0.0,0.0,0.5,1,1
2430,train,0,2,0,0.0,89.4278430784052,0.0,-202.82660054757116,0.0,0.0,0.0,-34.378152380025824,0.5,1,1
2430,train,1,2,0,-240.0,981.409938643993,0.0,-344.23244945180966,0.0,0.0,0.0,158.5868532827609,0.5,1,1
2431,validation,0,2,0,-120.0,992.3552354565518,-0.19047619047619047,-193.93677748428735,168.03769065807737,0.14285714285714285,-0.047619047619047616,3.8532286186630387,0.5,1,1
2431,validation,2,1,1,-840.0,-2134.490577171103,0.19047619047619047,-31.01922428145133,66.03033998338785,-0.14285714285714285,0.14285714285714285,-1.1109092429134506,0.5,1,1
2432,train,2,0,1,-417.61866786530646,-2604.882168992606,0.0,0.0,79.16980035597524,-0.5,-1.3333333333333335,0.0,0.5,0.994330161584063,1.0025755368765914
2432,train,2,1,1,-596.5980969504378,-2387.219915682775,0.0,0.0,76.51208565905337,0.5,-0.6666666666666665,0.0,0.5,0.994330161584063,1.0025755368765914
2433,train,0,2,0,0.0,747.1963633394704,0.6666666666666666,0.0,616.9641533239214,0.0,0.0,0.0,0.5,0.9844185508538381,0.9986471128909702
2433,train,2,1,1,0.0,-256.73254303084116,-0.6666666666666666,0.0,-159.5684423818471,0.0,0.0,0.0,0.5,0.9844185508538381,0.9986471128909702
2434,train,1,0,0,425.3789676929429,-1160.039018792647,-0.09999999999999998,0.0,-61.35075168363244,0.0,2.4000000000000004,297.60998090207335,0.5,1.0128070659355783,1.001625884022936
2434,train,2,0,0,1336.9053270349634,3358.744660337818,0.0,0.0,600.5916853643839,0.0,4.0,375.4582231006927,0.5,1.0128070659355783,1.001625884022936
2435,train,1,0,0,118.27424638173011,566.3241165841986,0.06666666666666667,9.496882934780487,109.05216788797642,0.0,0.4,-18.70181978096062,0.5,0.9856187198477508,0.9964862995176282
2435,train,0,2,1,-118.27424638173011,-511.8689243149408,-0.06666666666666667,10.049871463501546,-115.60973567038121,0.0,-0.8000000000000002,14.007718387143683,0.5,0.9856187198477508,0.9964862995176282
2436,train,1,0,0,183.54348508190589,603.5650048900906,0.0,0.0,-74.22818110215577,0.0,0.0,0.0,0.5,1.0196860282328104,0.999188047959379
2436,train,0,2,1,0.0,-470.47071009985484,0.0,0.0,106.90009380165624,0.0,-1.2,0.0,0.5,1.0196860282328104,0.999188047959379
2437,validation,0,1,1,58.97721972649031,169.28533115264307,-0.13333333333333333,-217.3517704806768,-137.47080381620327,0.0,-0.3333333333333335,0.0,0.5,0.9829536621081718,0.9968910955827297
2437,validation,0,2,1,-176.93165917947093,-900.2333428418515,-0.13333333333333333,-18.055665534768707,-36.49243015685548,-0.8,0.33333333333333326,0.0,0.5,0.9829536621081718,0.9968910955827297
2438,train,0,1,0,-62.979590446481396,1840.1459836037845,0.10000000000000003,3.2422812189697083,0.0,0.3,0.0,252.63675026869637,0.5,1.04965984077469,1.0044775445674627
2438,train,2,1,0,125.95918089296279,2323.548007707672,0.6000000000000001,364.77643040758375,0.0,0.3,0.0,98.73016360815562,0.5,1.04965984077469,1.0044775445674627
2439,train,0,2,0,120.0,2007.837777133931,0.0,0.0,0.0,0.0,0.0,0.0,0.5,1,1
2439,train,2,1,1,-300.0,-1451.3769736190252,0.0,0.0,0.0,0.0,0.0,0.0,0.5,1,1
2440,train,1,0,0,420.0,865.6705223313688,0.38095238095238093,221.45459858118426,16.756510182782108,0.0,0.23809523809523803,-12.460364659785304,0.5,1,1
2440,train,0,2,1,-240.0,-360.4020119104375,0.0,6.4516740018997325,24.893295478243225,0.0,-0.7142857142857143,-14.628962124146115,0.5,1,1
2441,test,0,1,0,0.0,-94.53076465066944,0.2,0.0,62.76347182634865,0.0,1.1999999999999997,32.15619547025934,0.5,1.0062469253572153,1.0010836291719092
2441,test,1,2,1,-60.374815521432915,320.6989926004297,0.0,0.0,43.64874544981974,0.0,-0.6,5.319068335619647,0.5,1.0062469253572153,1.0010836291719092
2442,train,0,2,0,-59.95939965015904,-942.5601002043081,0.0,0.0,0.0,2.0,0.0,0.0,0.5,0.9993233275026507,0.9998646288547973
2442,train,1,2,0,239.83759860063617,49.199615750363954,0.0,0.0,0.0,0.0,0.0,0.0,0.5,0.9993233275026507,0.9998646288547973
2443,train,0,1,1,238.57463341923403,-102.5633402145372,0.0,-96.90760842821567,0.0,0.0,0.33333333333333337,0.0,0.5,0.9940609725801418,0.9989175438091965
2443,train,2,0,0,-417.50560848365956,1019.4177234855616,0.0,-311.85465923664634,0.0,0.5,-0.6666666666666667,0.0,0.5,0.9940609725801418,0.9989175438091965
2444,train,1,0,1,58.97721972649031,-1387.6926923190701,0.13333333333333333,-32.26073173532187,-130.89390866221345,-0.8,-0.3333333333333335,0.0,0.5,0.9829536621081718,1.003661956975393
2444,train,2,1,0,471.8177578119225,2308.6894938370033,-0.26666666666666666,65.20679811743867,209.3536914162145,1.3333333333333333,0.3333333333333335,0.0,0.5,0.9829536621081718,1.003661956975393
2445,train,1,0,1,-242.48208389513943,396.6449301313764,-0.6000000000000001,-58.79591644110582,48.65020411193149,0.0,-2.0,0.0,0.5,1.0103420162297476,0.9971610509762517
2445,train,1,2,1,0.0,-247.76714787272135,-0.2,-14.842546791789374,30.761187586671497,-0.26666666666666666,-2.6666666666666665,0.0,0.5,1.0103420162297476,0.9971610509762517
2446,train,0,1,0,-176.97957179088047,-502.85199122620605,-0.3333333333333333,113.59029498509307,0.0,-0.2,0.1333333333333333,130.22856710697613,0.5,0.9832198432826693,1.0018971215842718
2446,train,1,2,1,58.99319059696016,652.8574829710124,0.0,-346.1862009567315,0.0,0.06666666666666668,0.4,-13.56599266252934,0.5,0.9832198432826693,1.0018971215842718
2447,train,1,0,0,-120.55362483034715,138.1636777933099,0.0,121.74464426047501,66.46993834253644,0.0,0.0,31.0770290612726,0.5,1.0046135402528928,0.9979713558551195
2447,train,0,2,1,421.937686906215,762.882122136949,0.0,-156.3073106458486,-268.641404082568,0.26666666666666666,0.20000000000000018,-27.213691852851607,0.5,1.0046135402528928,0.9979713558551195
2448,train,1,0,0,-120.0,-904.311683951632,0.0,0.0,0.0,0.0,0.0,0.0,0.5,1,1
2448,train,0,2,1,-60.0,-64.3743915401592,0.0,0.0,0.0,0.0,0.0,0.0,0.5,1,1
2449,train,0,2,0,-120.0,-351.69143179312914,0.0,0.0,0.0,0.0,0.0,0.0,0.5,1,1
2449,train,1,2,0,-120.0,-351.69143179312914,0.0,0.0,0.0,0.0,0.0,0.0,0.5,1,1
2450,validation,1,0,0,426.7633259162872,3116.244208577455,0.0,531.2466915126026,0.0,0.16666666666666666,-1.0,0.0,0.5,1.016103156943541,0.9975661211411933
2450,validation,0,2,1,487.7295153328997,-3443.7777391561017,0.0,-1276.2368630137826,0.0,-0.33333333333333337,-2.0,0.0,0.5,1.016103156943541,0.9975661211411933
2451,train,2,0,1,182.40402077924196,1259.5174366484034,0.0,48.59021441848927,0.0,0.0,0.0,17.642741352013594,0.5,1.0133556709957887,0.9971610509762517
2451,train,1,2,0,-364.8080415584839,-1487.709334813044,0.8000000000000002,-44.81650772123754,0.0,0.6,0.0,18.76702640959438,0.5,1.0133556709957887,0.9971610509762517
2452,train,0,1,0,60.0,-484.7745775919475,0.0,0.0,0.0,0.0,0.0,0.0,0.5,1,1
2452,train,2,1,0,660.0,1145.5959153980211,0.0,0.0,0.0,0.0,0.0,0.0,0.5,1,1
2453,train,0,2,0,180.0,998.5319320227154,0.0,0.0,0.0,0.0,0.0,0.0,0.5,1,1
2453,train,2,1,1,-240.0,31.65739584435596,0.0,0.0,0.0,0.0,0.0,0.0,0.5,1,1
2454,test,0,2,0,-58.738174858208424,563.9726016953358,0.30000000000000004,-204.8501172841489,-6.327023749812668,0.6,0.0,0.0,0.5,0.9789695809701404,0.9979713558551195
2454,test,1,2,0,-58.738174858208424,-272.7046444479907,0.2,-149.7843583123631,107.61240490521632,0.0,0.0,0.0,0.5,0.9789695809701404,0.9979713558551195
2455,train,1,0,0,-177.33933018471672,1113.6715430192141,0.0,-287.5396623778401,-27.562075352374094,0.2,0.0,0.0,0.5,0.9852185010262039,0.9968910955827297
2455,train,0,2,1,59.113110061572236,-988.1322420525374,0.0,-216.72613985735939,15.891969517072198,-0.4000000000000001,-1.2000000000000002,0.0,0.5,0.9852185010262039,0.9968910955827297
2456,train,0,1,1,-120.0,-1396.2605210311417,0.0,0.0,0.0,0.0,0.0,0.0,0.5,1,1
2456,train,2,0,0,300.0,1550.4377593075774,0.0,0.0,0.0,0.0,0.0,0.0,0.5,1,1
2457,train,1,0,0,60.91668779470675,-309.7902122701434,-0.2,0.0,67.72175686155217,-0.1,0.0,53.65853134634668,0.5,1.0152781299117792,1.0031185998461076
2457,train,2,0,0,-304.58343897353376,-53.97407819662804,-0.2,0.0,26.592789381333603,-0.1,0.0,105.99610408762867,0.5,1.0152781299117792,1.0031185998461076
2458,train,1,0,1,-115.84960745925764,-566.6427418316409,0.0,-69.33107254163923,0.0,0.3,0.0,-123.58124824506206,0.5,0.9654133954938137,0.9997292760349417
2458,train,2,1,0,289.6240186481441,1775.0437881768385,0.0,235.80678381332996,0.0,-0.3,0.0,231.02778649748075,0.5,0.9654133954938137,0.9997292760349417
2459,test,0,1,1,-59.34564601589777,89.73737756184934,0.0,-129.01545154430795,9.079672845384096,0.0,-0.06666666666666667,-26.13267306005947,0.5,0.9890941002649628,1.0012191653569225
2459,test,0,2,1,-178.0369380476933,-541.5102254859066,0.0,-54.59948907090126,-62.373631069010926,-0.3333333333333333,-0.4,-24.93917056193492,0.5,0.9890941002649628,1.0012191653569225
2460,train,0,1,1,0.0,-1018.9779964556858,0.0,0.0,73.05243681916949,0.3333333333333333,0.0,-64.76138572627528,0.5,0.9925817351866818,0.9977011810926478
2460,train,2,0,0,178.66471233360272,862.0266741414646,0.0,0.0,-57.86423982154788,0.3333333333333333,0.0,147.12738179642173,0.5,0.9925817351866818,0.9977011810926478
2461,train,0,1,1,-300.0,-83.19707830717107,0.0,-431.8965375795731,-48.3905944872341,-0.3333333333333333,0.0,0.0,0.5,1,1
2461,train,0,2,1,60.0,573.6179171206163,0.0,-58.76025441989589,-191.47214196161988,-0.16666666666666666,0.0,0.0,0.5,1,1
2462,train,0,1,1,-180.0,-844.4278657877658,0.23809523809523808,-318.95750944577105,-28.884068912295184,-0.19047619047619047,-0.047619047619047616,-6.527766921910324,0.5,1,1
2462,train,0,2,1,180.0,-1630.4490819997422,-0.9523809523809522,-695.0929758199392,-62.944690980511005,0.0,-0.2857142857142857,23.628686984538334,0.5,1,1
2463,train,1,0,0,362.2488931285975,1546.9278637914156,-0.1,0.0,104.48095667813251,0.0,0.3,20.954262336834326,0.5,1.0062469253572153,0.9981064706710885
2463,train,2,0,0,241.49926208573166,981.0835782536032,-0.1,0.0,123.31364940694709,0.0,1.2,30.103403763758067,0.5,1.0062469253572153,0.9981064706710885
2464,test,1,0,0,-117.95443945298062,862.4530386819685,-0.2,0.0,-93.81977575553887,0.06666666666666667,1.0,19.15393329539124,0.5,0.9829536621081718,1.003797842238849
2464,test,2,0,0,-235.90887890596125,-49.77697365058825,0.2,0.0,-76.75150993284362,0.0,1.0,89.11279056197735,0.5,0.9829536621081718,1.003797842238849
2465,train,2,0,1,-120.0,-347.44109846157926,0.09523809523809523,-5.1426555125620155,36.3215902407524,-0.23809523809523808,-0.09523809523809523,-24.86222562410199,0.5,1,1
2465,train,2,1,1,-120.0,-307.010593239268,0.0,-205.14852585878313,-118.48919608587242,0.0,0.0,7.725868434786042,0.5,1,1
2466,train,0,1,1,-180.0,-1130.2820214421695,-0.6666666666666666,-324.70712859568744,0.0,0.0,0.0,0.0,0.5,1,1
2466,train,2,0,0,300.0,802.9790491594104,0.3333333333333333,919.6346274376974,0.0,0.0,0.0,0.0,0.5,1,1
2467,train,1,0,1,-179.87819895047713,-1306.7589207090016,0.0,0.0,0.0,-1.0,0.0,0.0,0.5,0.9993233275026507,1.0055660257372838
2467,train,1,2,1,-59.95939965015904,-921.5719880497242,0.0,0.0,0.0,0.0,0.0,0.0,0.5,0.9993233275026507,1.0055660257372838
2468,train,1,0,1,416.48945040973797,31.86834116616877,0.0,0.0,0.0,-0.2,0.19999999999999996,-113.74974245470617,0.5,0.9916415485946142,1.0008126118424647
2468,train,2,1,0,-416.48945040973797,-1285.1996643310608,-0.6,0.0,0.0,0.4,-0.09999999999999998,71.94330362348182,0.5,0.9916415485946142,1.0008126118424647
2469,train,2,0,1,-299.79699825079524,-949.4800286982148,0.0,0.0,0.0,-2.0,0.0,0.0,0.5,0.9993233275026507,0.9998646288547973
2469,train,2,1,1,0.0,107.3720627719748,0.0,0.0,0.0,-2.0,0.0,0.0,0.5,0.9993233275026507,0.9998646288547973
2470,train,2,0,1,0.0,-2057.03261864659,0.0,0.0,-387.7526677200674,0.0,0.0,0.0,0.5,0.9897638462385832,0.999188047959379
2470,train,2,1,1,-653.2441385174649,-1477.0935227345879,0.0,0.0,-1353.7372425362726,0.0,0.0,0.0,0.5,0.9897638462385832,0.999188047959379
2471,test,2,0,1,-1140.0,-3251.8433926995913,0.09523809523809523,190.54733596519225,-452.0463289029069,-0.23809523809523808,-0.9999999999999999,-7.939514581876153,0.5,1,1
2471,test,2,1,1,0.0,-41.671144631264724,0.09523809523809523,122.6680110330044,7.977989757102534,-0.09523809523809523,0.1428571428571429,-8.202500155441598,0.5,1,1
2472,train,1,0,0,-62.13271624578455,878.1853489489449,2.2857142857142856,79.4344912263623,53.487248317507664,0.0,0.23809523809523814,86.09950863464705,0.5,1.035545270763076,1.0018971215842718
2472,train,2,0,0,-372.79629747470733,614.1029486879668,1.4285714285714284,-59.3445453847589,76.39703702223999,0.0,0.0,49.22959271316872,0.5,1.035545270763076,1.0018971215842718
2473,train,0,2,0,536.7929251932766,1067.4319178555124,0.0,-97.57181077678365,0.0,3.0,0.0,115.26077256011858,0.5,0.9940609725801418,0.9987823191973281
2473,train,1,2,0,178.93097506442552,466.96019032313944,0.0,26.724392284324097,0.0,0.5,0.0,-20.836492626442677,0.5,0.9940609725801418,0.9987823191973281
2474,validation,0,1,0,58.59521325621615,323.89865034692593,0.5714285714285714,294.5001327185713,-69.94802817490947,0.0,-0.047619047619047616,26.231251102747116,0.5,0.9765868876036025,1.0006771306930664
2474,validation,1,2,1,234.3808530248646,1016.8722989382185,-0.19047619047619047,-78.92205572131508,-78.80146234306332,-0.14285714285714285,0.2857142857142857,8.5747401118743,0.5,0.9765868876036025,1.0006771306930664
2475,test,1,0,0,-180.0,171.70483762771164,0.3333333333333333,631.7657121984039,0.0,0.0,0.0,0.0,0.5,1,1
2475,test,2,0,0,-180.0,-480.2203596193758,0.3333333333333333,-276.92159943521847,0.0,0.0,0.0,0.0,0.5,1,1
2476,train,0,2,0,295.7656868137877,665.6253517086149,0.8,79.91860544087353,0.0,0.0,0.0,24.445688210558796,0.5,0.9858856227126256,0.9971610509762517
2476,train,2,1,1,-295.7656868137877,93.21370884005947,0.0,208.5088546663353,0.0,0.0,-0.6,-32.52218062269185,0.5,0.9858856227126256,0.9971610509762517
2477,train,0,1,0,-120.0,599.9570213777524,0.0,373.5549782439788,0.0,0.0,0.6000000000000001,-5.2705351021732145,0.5,1,1
2477,train,1,2,1,60.0,-204.68447085716207,0.0,332.3696263981122,0.0,-0.1,-0.30000000000000027,-70.46189105232452,0.5,1,1
2478,validation,0,2,0,-177.33933018471672,-185.10803495046412,0.0,136.51237794989743,0.0,0.6000000000000001,-1.2000000000000002,13.543899470557363,0.5,0.9852185010262039,0.9971610509762517
2478,validation,2,1,1,-177.33933018471672,-605.3854063381392,0.0,-85.64340627758244,0.0,-0.4,-1.2000000000000002,-99.89732507650288,0.5,0.9852185010262039,0.9971610509762517
2479,train,0,2,0,-60.530313085225764,163.83587573064443,0.0,0.0,0.0,0.0,0.0,78.38745846286986,0.5,1.0088385514204294,0.9997292760349417
2479,train,2,1,1,-242.12125234090306,186.68331685177782,0.0,0.0,0.0,0.0,0.0,-55.87693781623577,0.5,1.0088385514204294,0.9997292760349417
2480,validation,1,0,1,126.01034846126106,-2303.803735447031,-0.6000000000000001,0.0,0.0,0.20000000000000004,-1.7999999999999998,-92.46521183273968,0.5,1.0500862371771755,1.0046135402528928
2480,validation,2,1,0,63.00517423063053,1786.5585246190785,0.8,0.0,0.0,-0.10000000000000003,1.2000000000000002,169.9223880018372,0.5,1.0500862371771755,1.0046135402528928
2481,train,1,0,0,0.0,136.45238178839372,0.0,0.0,0.0,0.0,0.0,0.0,0.5,1,1
2481,train,2,0,0,420.0,-261.05382648290015,0.0,0.0,0.0,0.0,0.0,0.0,0.5,1,1
2482,train,0,2,0,60.0,-313.9058882214331,0.0,0.0,0.0,0.0,0.0,0.0,0.5,1,1
2482,train,2,1,1,-60.0,-102.52094195311656,0.0,0.0,0.0,0.0,0.0,0.0,0.5,1,1
2483,test,1,0,0,0.0,902.980019756405,0.0,0.0,0.0,0.0,0.0,0.0,0.5,1,1
2483,test,2,0,0,240.0,840.4435668906258,0.0,0.0,0.0,0.0,0.0,0.0,0.5,1,1
2484,test,0,1,0,118.69129203179554,497.0391459143936,0.0,477.36436231223433,0.0,0.0,0.0,0.0,0.5,0.9890941002649628,0.997836259329798
2484,test,1,2,1,-118.69129203179554,-561.7145569892818,-1.0,-104.28128588922749,0.0,-0.3333333333333333,0.0,0.0,0.5,0.9890941002649628,0.997836259329798
2485,train,1,0,1,-480.0,393.7437128337624,0.0,-35.41636124285333,0.0,0.0,0.0,0.0,0.5,1,1
2485,train,1,2,1,-180.0,-784.552744073726,0.0,-1022.6364299049014,0.0,0.0,0.0,0.0,0.5,1,1
2486,validation,0,1,1,-122.04798430364953,-1519.388932218137,-0.06666666666666667,0.0,71.9224623637662,-0.3333333333333333,-0.4,-40.95060019781527,0.5,1.017066535863746,0.9985119248876447
2486,validation,0,2,1,-244.09596860729906,-823.4634991928461,0.0,0.0,123.44534479212948,-0.3333333333333333,0.26666666666666666,-119.03774144874572,0.5,1.017066535863746,0.9985119248876447
2487,train,1,0,0,467.30437071114403,2611.4999719092507,0.0,0.0,0.0,1.3333333333333333,0.0,376.6555214228061,0.5,0.9735507723148834,0.9975661211411933
2487,train,2,0,0,58.413046338893004,481.1961999838282,0.0,0.0,0.0,0.0,0.0,443.4381785559573,0.5,0.9735507723148834,0.9975661211411933
2488,train,0,1,1,-60.0,296.6818810364066,0.0,0.0,0.0,0.0,0.0,0.0,0.5,1,1
2488,train,2,0,0,60.0,237.24422910905378,0.0,0.0,0.0,0.0,0.0,0.0,0.5,1,1
2489,train,0,2,0,118.96477049551945,241.96608898424057,-0.8999999999999999,16.619619560146674,0.0,-0.2,0.0,114.11879497987032,0.5,0.9913730874626621,0.9972960560854701
2489,train,1,2,0,59.48238524775972,-706.7871456600207,-0.8999999999999999,5.074975416753162,0.0,0.0,0.0,77.75573638779454,0.5,0.9913730874626621,0.9972960560854701
2490,train,1,0,0,0.0,438.83745432714545,0.14285714285714285,21.158267515886024,30.739840005031922,0.0,1.1428571428571428,-12.309521538941155,0.5,1.008565434647685,0.9964862995176281
2490,train,2,0,0,181.54177823658333,358.30240708664616,0.0,36.412213633465,70.75736386907951,0.2857142857142857,0.5714285714285714,-1.768427281976157,0.5,1.008565434647685,0.9964862995176281
2491,train,0,1,1,-240.0,226.3750165086949,0.0,185.23565246682824,-183.7973303875268,0.0,0.0,0.0,0.5,1,1
2491,train,2,0,0,0.0,-821.0501904845878,0.0,-596.7662391779206,-89.77889525312285,0.0,0.0,0.0,0.5,1,1
2492,validation,1,0,0,60.0,-228.17829051604417,0.0,0.0,0.0,0.0,0.0,0.0,0.5,1,1
2492,validation,2,0,0,120.0,280.2234188703246,0.0,0.0,0.0,0.0,0.0,0.0,0.5,1,1
2493,train,0,1,1,-120.0,-432.7318390775031,-0.26666666666666666,71.21183529380005,-14.771808214231726,0.0,0.0,-17.7372803961202,0.5,1,1
2493,train,2,0,0,120.0,1349.8168271463073,0.0,-193.23498877383156,75.88231117957031,0.13333333333333336,0.0,13.032934237107412,0.5,1,1
2494,train,2,0,1,121.5368479122694,-706.8087902338023,0.0,0.0,-27.571335753672102,0.0,-2.0000000000000004,34.907044541176454,0.5,1.0128070659355783,1.0014902927799512
2494,train,2,1,1,-60.7684239561347,-1004.7595446577794,0.0,0.0,-24.89711610105384,0.0,-0.8000000000000002,-7.277162764399037,0.5,1.0128070659355783,1.0014902927799512
2495,train,0,2,0,61.131485524883644,-128.8956684748863,0.0,115.263742204344,0.0,0.2,0.5,4.9284493959835345,0.5,1.018858092081394,1.000406223412502
2495,train,2,1,1,0.0,-404.6153705802112,0.0,20.188045678430512,0.0,0.0,0.10000000000000003,-137.51319225615975,0.5,1.018858092081394,1.000406223412502
2496,validation,0,2,0,360.0,-814.3774519061449,0.0,0.0,0.0,0.0,0.0,0.0,0.5,1,1
2496,validation,2,1,1,-360.0,-226.55604963974565,0.0,0.0,0.0,0.0,0.0,0.0,0.5,1,1
2497,validation,1,0,1,-240.0,-864.893445403789,-0.6000000000000001,-596.7549078667234,0.0,-0.26666666666666666,0.0,-9.145114517148063,0.5,1,1
2497,validation,1,2,1,-120.0,-862.5202939115643,0.0,19.32219779709635,0.0,0.0,-1.5999999999999999,-17.637966377829823,0.5,1,1
2498,train,1,0,1,957.0154517594206,1624.2017561117948,0.0,0.0,0.0,0.0,-1.0,0.0,0.5,0.9968910955827297,0.9994586253613486
2498,train,2,1,0,-957.0154517594206,-225.30909621161,0.0,0.0,0.0,0.0,2.0,0.0,0.5,0.9968910955827297,0.9994586253613486
2499,test,0,2,0,420.0,2534.5011736566858,0.0,1583.1792551143512,258.6374524409232,0.16666666666666666,0.0,0.0,0.5,1,1
2499,test,1,2,0,420.0,3076.764282671332,0.0,2258.864935888346,-25.471734770243984,0.33333333333333337,0.0,0.0,0.5,1,1
2500,train,0,1,0,61.72191453756238,352.81086972811175,0.0,0.0,0.0,0.0,0.0,11.226801280761816,0.5,1.0286985756260396,1.0017614936235477
2500,train,2,1,0,246.8876581502495,929.2268817630188,0.0,0.0,0.0,0.3333333333333333,0.0,64.14593963929761,0.5,1.0286985756260396,1.0017614936235477
2501,train,0,1,1,0.0,497.48489612393905,-0.19047619047619047,8.465093041465934,-14.545119896921946,-0.47619047619047616,-0.14285714285714285,-54.23823671399106,0.5,1.0431434018067316,1.0005416678839063
2501,train,2,0,0,125.1772082168078,510.8216136777321,0.19047619047619047,-50.9389265730065,-25.825459344734895,0.0,0.047619047619047616,0.0,0.5,1.0431434018067316,1.0005416678839063
2502,validation,0,1,1,-59.34564601589777,616.2693643579182,0.06666666666666667,-148.7710652998982,-53.34274971323885,0.3333333333333333,-1.0000000000000002,0.0,0.5,0.9890941002649628,0.9979713558551195
2502,validation,2,0,0,118.69129203179554,-735.6125791634803,0.0,282.61145413249824,107.8843613346161,-0.3333333333333333,0.2,0.0,0.5,0.9890941002649628,0.9979713558551195
2503,train,0,1,0,900.0,1868.7971010387164,0.0,2039.6502194150416,0.0,0.0,0.0,0.0,0.5,1,1
2503,train,1,2,1,-60.0,-1298.2557049119341,0.0,-920.5890548184311,0.0,0.0,0.0,0.0,0.5,1,1
2504,train,1,0,1,59.95939965015904,-38.734543206765565,0.0,0.0,0.0,-1.0,0.0,0.0,0.5,0.9993233275026507,0.9998646288547973
2504,train,1,2,1,0.0,-269.4825656026592,0.0,0.0,0.0,-2.0,0.0,0.0,0.5,0.9993233275026507,0.9998646288547973
2505,train,1,0,0,0.0,266.27284654372806,0.0,0.0,0.0,0.0,1.3333333333333335,-48.96806885598998,0.5,1.0203764889398177,0.9987823191973281
2505,train,0,2,1,-122.44517867277813,-424.94098834394833,0.0,0.0,0.0,0.0,-1.3333333333333335,-14.300363642062642,0.5,1.0203764889398177,0.9987823191973281
2506,train,0,2,0,0.0,-185.99721863550167,0.0,0.0,0.0,0.0,0.0,0.0,0.5,1,1
2506,train,2,1,1,0.0,137.49393425110338,0.0,0.0,0.0,0.0,0.0,0.0,0.5,1,1
2507,train,1,0,1,59.530721338430105,46.4032712494021,0.0,0.0,0.0,0.0,-0.6666666666666667,0.0,0.5,0.9921786889738351,0.9986471128909702
2507,train,1,2,1,-59.530721338430105,-179.47815593362122,-0.3333333333333333,0.0,0.0,0.0,-1.9999999999999998,0.0,0.5,0.9921786889738351,0.9986471128909702
2508,train,0,1,1,-120.0,-15.96259676681484,0.0,-38.078055246638314,0.0,-0.3333333333333333,-0.6666666666666666,0.0,0.5,1,1
2508,train,0,2,1,-60.0,-404.33040075897,0.0,-67.26873285076493,0.0,0.0,-0.5,0.0,0.5,1,1
2509,train,1,0,1,-59.66788700523949,-1994.4129848990394,0.0,0.0,-254.42702350169156,-0.5,-0.16666666666666674,0.0,0.5,0.9944647834206582,0.999052786729054
2509,train,1,2,1,-59.66788700523949,-2217.2532745534545,0.0,0.0,-282.69515710064496,-1.0,0.6666666666666665,0.0,0.5,0.9944647834206582,0.999052786729054
2510,train,1,0,0,-60.7684239561347,729.117431620449,0.0,730.7419974712484,0.0,0.0,0.3999999999999999,0.0,0.5,1.0128070659355783,0.9970260641428296
2510,train,0,2,1,364.6105437368082,-130.42854496493896,-0.20000000000000007,-715.8917717994248,0.0,-0.2,-2.4,0.0,0.5,1.0128070659355783,0.9970260641428296
2511,validation,0,1,1,60.0,-947.8499137494009,0.19047619047619047,-39.43019292351778,-61.881830227360346,-0.047619047619047616,1.1904761904761902,2.5063225221348198,0.5,1,1
2511,validation,0,2,1,60.0,56.85693355854255,0.38095238095238093,-113.22965244116665,-106.24056654750319,-0.14285714285714285,0.47619047619047605,0.9234623919330893,0.5,1,1
2512,train,2,0,1,-359.75639790095425,-95.5764650351947,0.0,0.0,0.0,-2.0,0.0,0.0,0.5,0.9993233275026507,0.9998646288547973
2512,train,1,2,0,239.83759860063617,344.6928533580648,0.0,0.0,0.0,0.0,0.0,0.0,0.5,0.9993233275026507,0.9998646288547973
2513,train,0,1,1,-62.66490996627099,361.64437887557426,-0.47619047619047616,306.5645638143811,-30.6300648558609,0.0,0.14285714285714285,-58.531208760924265,0.5,1.0444151661045165,1.0006771306930664
2513,train,2,0,0,0.0,-148.36549299392172,0.47619047619047616,-420.370148938176,77.83522104588087,-0.19047619047619047,-0.14285714285714285,99.5057730533293,0.5,1.0444151661045165,1.0006771306930664
2514,train,0,1,1,-300.0,-215.10933655114695,0.0,0.0,0.0,0.0,0.0,0.0,0.5,1,1
2514,train,2,0,0,240.0,-93.9422790460003,0.0,0.0,0.0,0.0,0.0,0.0,0.5,1,1
2515,train,0,1,0,-117.06357300975102,-107.415479749064,0.0,-95.25172857472535,8.462631517786775,0.13333333333333333,0.0,10.13171200990449,0.5,0.9755297750812585,0.9954076467536646
2515,train,2,1,0,58.53178650487551,28.05874172084705,0.3333333333333333,-21.398206869028513,-23.524353882475424,0.06666666666666667,0.0,37.46692501291527,0.5,0.9755297750812585,0.9954076467536646
2516,train,0,2,0,360.0,937.9320238314322,0.0,438.537207344355,17.18151849666664,0.06666666666666667,0.0,0.8823890495655462,0.5,1,1
2516,train,2,1,1,-420.0,-2007.4068978607056,-0.26666666666666666,-494.1020010145694,-89.8380055423184,-0.26666666666666666,0.0,171.43873449303675,0.5,1,1
2517,train,2,0,1,-239.35105346051282,353.3454147526577,0.0,0.0,208.81665340537057,-1.3333333333333333,0.0,0.0,0.5,0.9972960560854701,0.9994586253613486
2517,train,2,1,1,-299.188816825641,-564.4002056595634,0.0,0.0,53.61019588610412,-1.3333333333333333,0.0,0.0,0.5,0.9972960560854701,0.9994586253613486
2518,train,1,0,0,120.0,336.7173099386464,0.0,369.3119583037254,0.0,0.0,0.0,194.62173177237472,0.5,1,1
2518,train,2,0,0,-60.0,-109.82332899663743,0.0,245.54920744883987,0.0,0.0,0.0,61.972586280229905,0.5,1,1
2519,test,2,0,1,-60.0,1272.5650820535534,-0.8,-465.7376980625579,37.229985020476775,0.0,0.0,4.581739864033921,0.5,1,1
2519,test,1,2,0,540.0,-701.5963891370529,0.0,535.235452125609,-2.343764689694609,-0.13333333333333333,0.0,-15.161585873355406,0.5,1,1
2520,train,0,1,1,-481.692523251303,-1171.2741417594739,0.09523809523809523,-47.586450294945166,-149.11864294806747,-0.19047619047619047,-0.23809523809523814,51.59819410830741,0.5,1.0035260901068812,1.0008126118424647
2520,train,2,0,0,60.21156540641287,225.8769804068789,-0.14285714285714285,-62.12403363351487,-61.55102797064586,0.19047619047619047,0.23809523809523814,31.302243354585222,0.5,1.0035260901068812,1.0008126118424647
2521,validation,0,2,0,-120.73328502702876,-792.599740000887,0.0,0.0,47.20401581986762,0.2,0.0,47.19684883671146,0.5,1.006110708558573,1.001625884022936
2521,validation,2,1,1,60.36664251351438,67.8752069169532,0.0,0.0,-64.84424978034552,0.0,-0.2666666666666666,-32.02572795995278,0.5,1.006110708558573,1.001625884022936
2522,train,1,0,0,60.0,-436.4329521313766,0.0,0.0,0.0,0.0,0.0,0.0,0.5,1,1
2522,train,2,0,0,60.0,290.34069932224156,0.0,0.0,0.0,0.0,0.0,0.0,0.5,1,1
2523,train,1,0,1,-60.0,335.85584245489963,0.2,44.831491052405056,-16.867471809966197,0.0,0.0,-20.85259266023408,0.5,1,1
2523,train,2,1,0,0.0,-432.6090039396872,-0.2,80.37517845198892,32.155320164121314,0.26666666666666666,0.0,46.48287955029788,0.5,1,1
2524,train,0,2,0,0.0,-820.0097496565505,0.0,217.54264474008744,0.0,0.0,0.0,2.6316046068305976,0.5,1.04710509587929,1.003661956975393
2524,train,1,2,0,753.9156690330888,159.4583893049058,1.0,350.28947131288544,0.0,0.0,0.0,-4.253654232902813,0.5,1.04710509587929,1.003661956975393
2525,train,0,1,0,123.3937036637412,251.57866107297468,0.0,0.0,0.0,0.0,0.0,0.0,0.5,1.02828086386451,1
2525,train,1,2,1,-123.3937036637412,-1667.07717608237,0.0,0.0,0.0,-3.0,0.0,0.0,0.5,1.02828086386451,1
2526,train,0,2,0,-119.06144267686021,767.7022481273107,0.0,441.50702355946146,0.0,0.0,-0.6666666666666661,0.0,0.5,0.9921786889738351,0.9982416037801811
2526,train,2,1,1,59.530721338430105,-178.1138099212274,0.0,-115.60214873804551,0.0,0.0,1.333333333333333,0.0,0.5,0.9921786889738351,0.9982416037801811
2527,train,2,0,1,-120.74963104286583,-229.43496607596137,0.1,0.0,103.93770167855352,0.0,0.0,-26.949462420517555,0.5,1.0062469253572153,1.0010836291719092
2527,train,1,2,0,-60.374815521432915,-19.888328219274946,-0.1,0.0,199.3365905671582,0.0,0.2,-43.71158513727311,0.5,1.0062469253572153,1.0010836291719092
2528,train,1,0,1,1021.6584017033947,18.237253441783267,-0.2857142857142857,194.7374637979596,-139.4078143537168,-0.38095238095238093,0.09523809523809523,5.750626444841576,0.5,1.001625884022936,1.0012191653569225
2528,train,2,1,0,-721.1706364965139,249.7790365211844,0.8571428571428571,-56.931488763380855,176.1766070367877,0.38095238095238093,0.2857142857142857,2.8119810589568637,0.5,1.001625884022936,1.0012191653569225
2529,train,1,0,1,179.44039720489135,-241.99107230581018,0.0,0.0,0.0,0.0,-4.0,0.0,0.5,0.9968910955827297,0.9994586253613486
2529,train,1,2,1,-119.62693146992757,328.4390102683057,0.0,0.0,0.0,0.0,-1.0,0.0,0.5,0.9968910955827297,0.9994586253613486
2530,train,0,2,0,426.18596331404837,1152.2207273832646,0.047619047619047616,-276.6388364589487,144.50690052879395,0.0,0.19047619047619024,0.0,0.5,1.0147284840810675,0.9981064706710885
2530,train,1,2,0,487.0696723589124,551.8375149663129,0.047619047619047616,-23.65185633004444,110.88526951383957,0.2857142857142857,-0.5714285714285714,38.49879834181961,0.5,1.0147284840810675,0.9981064706710885
2531,train,0,1,1,-609.6618941661246,345.9602956431225,0.0,0.0,0.0,0.0,-1.3333333333333333,0.0,0.5,1.016103156943541,0.9979713558551195
2531,train,0,2,1,60.966189416612465,389.328230506533,-0.5,0.0,0.0,0.3333333333333333,-0.8333333333333334,0.0,0.5,1.016103156943541,0.9979713558551195
2532,train,2,0,1,-484.2425046818061,-1526.205914564464,0.0,0.0,0.0,0.0,0.0,-275.84591497355115,0.5,1.0088385514204294,0.9997292760349417
2532,train,2,1,1,121.06062617045153,314.24622440717036,0.0,0.0,0.0,0.0,0.0,-74.100899928214,0.5,1.0088385514204294,0.9997292760349417
2533,train,1,0,0,60.0,534.1200344063286,0.0,432.5188368534549,260.3156353969345,0.0,-0.13333333333333333,-3.6037644397851416,0.5,1,1
2533,train,2,0,0,0.0,-331.50446979865865,-0.2,73.74608246015606,67.45906184411709,0.0,-0.2,-12.842971552689159,0.5,1,1
2534,validation,0,2,0,0.0,88.83014610312084,0.0,138.0390252055383,23.173361607644797,-0.13333333333333333,0.13333333333333333,0.0,0.5,1.0044775445674627,0.9979713558551195
2534,validation,1,2,0,120.53730534809553,318.1138035854238,0.26666666666666666,173.50837667817842,83.39683031636991,-0.13333333333333333,0.19999999999999998,0.0,0.5,1.0044775445674627,0.9979713558551195
2535,train,1,0,1,119.06144267686021,-871.2006907153923,0.0,0.0,0.0,0.0,1.3333333333333333,-81.6091535970497,0.5,0.9921786889738351,1.0054299011128027
2535,train,2,1,0,119.06144267686021,305.028862225509,0.0,0.0,0.0,0.0,0.0,106.34927759525132,0.5,0.9921786889738351,1.0054299011128027
2536,train,1,0,1,-117.49225477749852,-350.62436794067594,0.1,0.0,-26.432455095749816,0.0,0.0,0.0,0.5,0.979102123145821,1.0010836291719092
2536,train,1,2,1,0.0,-351.52643378915735,0.0,0.0,118.23069496503783,-0.6000000000000001,-0.29999999999999993,0.0,0.5,0.979102123145821,1.0010836291719092
2537,train,0,1,1,126.36910390542533,281.6983142233986,0.0,-6.747376949055763,0.0,-0.3333333333333333,0.0,-150.01760693858836,0.5,1.0530758658785444,1.0018971215842718
2537,train,0,2,1,63.18455195271267,-197.5577735315588,0.0,-187.70427078002393,0.0,-0.16666666666666666,0.0,-173.06957264802028,0.5,1.0530758658785444,1.0018971215842718
2538,train,2,0,1,-118.67522465566762,-140.179959216331,-0.26666666666666666,-40.453172659760085,-34.25632888964638,-0.3333333333333333,0.4000000000000001,0.0,0.5,0.9889602054638968,0.9981064706710885
2538,train,1,2,0,59.33761232783381,1098.6420162002128,0.26666666666666666,57.10325717995144,185.52094725626299,0.6666666666666666,0.0,0.0,0.5,0.9889602054638968,0.9981064706710885
2539,train,2,0,1,-420.0,-1610.3561529707476,0.0,-468.5358708875351,-218.35847760819195,-0.6000000000000001,0.0,-14.464742881418577,0.5,1,1
2539,train,1,2,0,420.0,884.2245743715466,0.0,140.76357171713312,401.53585859295885,0.0,0.0,-28.393258005833797,0.5,1,1
2540,validation,0,1,0,428.26813185778036,-575.4658724524126,0.8,0.0,0.0,0.0,0.19999999999999996,96.29185816898597,0.5,1.0196860282328104,1.003933745899739
2540,validation,2,1,0,489.449293551749,-932.111016883433,0.2,0.0,0.0,-0.5999999999999999,0.7,281.00408478479403,0.5,1.0196860282328104,1.003933745899739
2541,train,0,2,0,60.0,406.28387974969155,0.0,0.0,0.0,0.0,0.0,0.0,0.5,1,1
2541,train,1,2,0,120.0,688.8014036465111,0.0,0.0,0.0,0.0,0.0,0.0,0.5,1,1
2542,train,0,1,1,-359.02658019076927,-1073.5307376982664,0.0,0.0,-84.67251993721607,0.0,0.0,0.0,0.5,0.9972960560854701,0.9994586253613486
2542,train,0,2,1,-418.86434355589745,-840.0853995885228,0.0,0.0,-112.69059949206064,0.0,0.0,0.0,0.5,0.9972960560854701,0.9994586253613486
2543,test,1,0,1,-120.0,-163.83574059396142,0.0,0.0,0.0,0.0,0.0,0.0,0.5,1,1
2543,test,1,2,1,-180.0,-1176.5094577851332,0.0,0.0,0.0,0.0,0.0,0.0,0.5,1,1
2544,train,1,0,0,-120.40682899569872,-588.0638730609147,0.047619047619047616,106.41526311995597,249.9059211268288,0.14285714285714285,-0.6666666666666666,-78.91936067889141,0.5,1.0033902416308227,1.003797842238849
2544,train,0,2,1,-60.20341449784936,-1283.0854825731747,-0.19047619047619047,-192.72008196949423,-65.58335244591649,0.14285714285714285,-0.19047619047619047,-20.065560122835237,0.5,1.0033902416308227,1.003797842238849
2545,test,0,2,0,-59.065113051230284,-1990.945604816249,0.0,0.0,300.41866898966146,0.0,0.0,-15.418570358749207,0.5,0.9844185508538381,1.001625884022936
2545,test,1,2,0,59.065113051230284,-1992.385583743813,0.0,0.0,285.1741929152505,0.0,0.0,113.97911515152546,0.5,0.9844185508538381,1.001625884022936
2546,train,0,1,1,-118.70736158327705,-36.95100523576608,-0.4,-40.21258248848655,-15.811867809762887,-0.3333333333333333,-0.4,0.0,0.5,0.9892280131939755,0.9981064706710885
2546,train,2,0,0,118.70736158327705,-308.0871517159793,0.2,-58.99134950959528,171.6224377203506,0.0,0.13333333333333333,0.0,0.5,0.9892280131939755,0.9981064706710885
2547,train,1,0,0,1256.2528408199653,2180.7798422834967,0.0,0.0,0.0,0.0,0.0,94.17735491150707,0.5,0.9970260641428296,0.9994586253613486
2547,train,2,0,0,418.7509469399884,3734.1641541035683,0.0,0.0,0.0,-0.6666666666666666,0.0,198.23336670280503,0.5,0.9970260641428296,0.9994586253613486
2548,train,1,0,0,420.0,1897.7188671544777,0.0,0.0,0.0,0.0,0.0,0.0,0.5,1,1
2548,train,0,2,1,-420.0,-1508.5211714684242,0.0,0.0,0.0,0.0,0.0,0.0,0.5,1,1
2549,train,0,1,0,-124.2654324915691,204.14957393068778,0.0,75.3010324012746,123.5979029261094,0.0,-0.4,17.604598726744538,0.5,1.035545270763076,1.0012191653569225
2549,train,1,2,1,0.0,-57.888603911641994,0.0,-55.09406511707911,-200.5997653494627,0.0,-0.8,23.993299834218174,0.5,1.035545270763076,1.0012191653569225
2550,validation,1,0,1,60.0,1141.7573291335293,-0.42857142857142855,359.4394815673145,-33.00759471536125,-0.38095238095238093,0.1428571428571429,3.808853398518688,0.5,1,1
2550,validation,2,1,0,-600.0,-2212.632158034906,0.2857142857142857,-30.144802925793783,405.4889218632237,0.9523809523809523,-0.3333333333333333,20.64935102174275,0.5,1,1
2551,validation,1,0,1,0.0,-434.9894885895583,0.0,183.51309232641233,5.921812082573901,0.0,0.0,72.35647584849335,0.5,1,1
2551,validation,1,2,1,-300.0,-668.1281574081477,0.0,-402.3679728389062,-23.695143537642565,0.0,0.0,-6.2660687542647935,0.5,1,1
2552,validation,0,2,0,-369.180162028885,-134.90232690037786,1.0,0.0,0.0,0.0,0.0,0.0,0.5,1.025500450080236,0.9998646288547973
2552,validation,1,2,0,-307.65013502407083,227.73237531143147,0.0,0.0,0.0,0.0,0.0,0.0,0.5,1.025500450080236,0.9998646288547973
2553,validation,1,0,0,-119.91879930031808,-2981.9344199296042,0.0,0.0,0.0,2.0,0.0,0.0,0.5,0.9993233275026507,0.9998646288547973
2553,validation,2,0,0,1439.025591603817,-2073.0305335520543,0.0,0.0,0.0,2.0,0.0,0.0,0.5,0.9993233275026507,0.9998646288547973
2554,validation,1,0,0,120.42313081282572,2444.880697678083,-0.14285714285714285,32.67000743234395,102.98169435800907,0.19047619047619047,-0.09523809523809523,-1.8960941946490948,0.5,1.003526090106881,1.0008126118424647
2554,validation,0,2,1,60.21156540641286,-650.0587958973189,-0.2857142857142857,27.68794196414489,-33.14632938435403,0.0,0.19047619047619047,-15.633025371219617,0.5,1.003526090106881,1.0008126118424647
2555,train,2,0,1,-60.0,562.1282807570874,0.0,260.89056818601034,94.53301467987312,0.0,-1.9047619047619047,32.016729597863865,0.5,1,1
2555,train,2,1,1,-180.0,-520.734832034821,-0.047619047619047616,-355.7411364720982,61.36045894121778,0.19047619047619047,-0.47619047619047616,-44.79369137912837,0.5,1,1
2556,test,0,1,1,-58.40513889791533,-64.11550424572954,-0.3333333333333333,0.0,0.0,0.0,0.0,60.32114584359224,0.5,0.9734189816319222,1.0006771306930664
2556,test,0,2,1,-408.8359722854073,-852.7729284176146,0.0,0.0,0.0,0.0,0.0,-28.813998122666575,0.5,0.9734189816319222,1.0006771306930664
2557,test,0,1,0,-58.873514406267816,-595.9943683852191,0.09523809523809523,22.14353309023695,57.68644466720198,0.14285714285714285,0.2857142857142857,-5.051024170247757,0.5,0.9812252401044637,0.9966212132726022
2557,test,1,2,1,58.873514406267816,131.41501867862462,-0.09523809523809523,-41.87086630195021,-1.7579315280283723,-0.14285714285714285,-1.1428571428571428,46.78883384455632,0.5,0.9812252401044637,0.9966212132726022
2558,test,1,0,1,-299.0673286748189,306.9077986521295,0.0,0.0,0.0,0.0,0.0,0.0,0.5,0.9968910955827297,0.9994586253613486
2558,test,2,1,0,-418.69426014474647,-1440.6869267971147,0.0,0.0,0.0,0.0,2.0,0.0,0.5,0.9968910955827297,0.9994586253613486
2559,train,1,0,0,118.77166154862998,1253.9410181910512,0.0,0.0,24.47504578785515,0.0,0.0,0.0,0.5,0.9897638462385832,0.999188047959379
2559,train,0,2,1,-59.38583077431499,-1347.0159345143886,0.0,0.0,-681.3017389662151,0.0,0.0,0.0,0.5,0.9897638462385832,0.999188047959379
2560,train,0,2,0,120.0,256.9765460359281,0.0,0.0,0.0,0.0,0.0,0.0,0.5,1,1
2560,train,1,2,0,300.0,1025.3976262858455,0.0,0.0,0.0,0.0,0.0,0.0,0.5,1,1
2561,train,2,0,1,-115.52071632925956,334.97463436792003,-0.20000000000000007,90.71143165496532,-16.63381022194003,0.0,0.0,-36.9910793837647,0.5,0.962672636077163,0.999188047959379
2561,train,2,1,1,57.76035816462978,940.856469451201,0.4,-120.23938642449914,-71.1477464774799,0.0,0.0,-47.551330401641884,0.5,0.962672636077163,0.999188047959379
2562,train,1,0,0,231.41707923251482,380.3637030594743,-0.3,15.609529979582248,-7.1890624509592485,0.0,0.0,-44.27914313419666,0.5,0.9642378301354785,0.9960816678233944
2562,train,2,0,0,289.27134904064354,2086.0269839503085,0.3,67.80554327348443,120.76569146238495,0.0,0.0,92.74667797596346,0.5,0.9642378301354785,0.9960816678233944
2563,train,1,0,0,60.0,645.594773539025,0.5333333333333333,274.41933485883726,61.11314560214136,-0.06666666666666667,0.0,3.2756041980078225,0.5,1,1
2563,train,0,2,1,-120.0,-753.2367465267935,0.0,-65.83459667233967,-61.13298801711949,-0.06666666666666667,0.0,0.0,0.5,1,1
2564,test,0,1,1,-302.56963039430553,-627.0271027045524,-0.09523809523809523,-178.04433097003474,-220.8920560688941,-0.14285714285714285,-0.857142857142857,9.623934025650815,0.5,1.008565434647685,0.9966212132726022
2564,test,2,0,0,60.513926078861104,678.0903259714818,-0.09523809523809523,33.45998154615418,59.34847449331582,0.0,1.9999999999999998,-19.02133850809451,0.5,1.008565434647685,0.9966212132726022
2565,train,0,1,1,-722.8322970478121,-2218.6799335196556,0.4,-446.3863887149529,-204.25036711989742,0.0,0.0,-99.74005179059341,0.5,1.003933745899739,1.0074737067491204
2565,train,2,0,0,542.124222785859,1219.5539685878894,0.8000000000000002,93.09345476457747,-239.90667739572314,0.0,0.0,53.372179771699535,0.5,1.003933745899739,1.0074737067491204
2566,train,0,1,0,300.0,822.5308213172134,0.0,0.0,0.0,0.0,0.0,0.0,0.5,1,1
2566,train,2,1,0,-120.0,507.8410104043028,0.0,0.0,0.0,0.0,0.0,0.0,0.5,1,1
2567,train,0,1,0,-179.44039720489135,-733.9533733875078,1.0,0.0,0.0,0.0,0.0,0.0,0.5,0.9968910955827297,0.9994586253613486
2567,train,1,2,1,-777.5750545545292,123.96140173069561,-2.0,0.0,0.0,0.0,0.0,0.0,0.5,0.9968910955827297,0.9994586253613486
2568,train,1,0,1,-299.0673286748189,-1871.2973888205663,0.0,0.0,0.0,0.0,-5.0,0.0,0.5,0.9968910955827297,0.9994586253613486
2568,train,1,2,1,-59.813465734963785,-804.1030781013676,0.0,0.0,0.0,0.0,-2.0,0.0,0.5,0.9968910955827297,0.9994586253613486
2569,train,1,0,0,62.85182726907519,86.97655001816828,0.0,-48.76653620353859,-147.78671555724947,0.6666666666666666,0.2666666666666666,14.930226899860052,0.5,1.0475304544845865,0.9986471128909702
2569,train,0,2,1,-188.55548180722556,191.23943481905164,0.0,-4.922237432202692,114.71642021423392,0.0,-0.8,-1.7670997274951716,0.5,1.0475304544845865,0.9986471128909702
2570,train,1,0,1,231.135287097723,1050.5822981906776,0.0,112.09174348807291,128.4221288365593,0.0,0.0,-232.8501318321417,0.5,0.9630636962405125,1.0024398170780122
2570,train,2,1,0,-577.8382177443075,-375.3207771294301,1.4999999999999998,23.287246259487148,-132.96538181808458,0.0,0.0,139.72485349533906,0.5,0.9630636962405125,1.0024398170780122
2571,train,0,1,0,538.3940746371279,408.1096299277886,0.0,0.0,0.0,0.0,0.0,-61.334491829244016,0.5,0.9970260641428296,0.9994586253613486
2571,train,2,1,0,179.46469154570931,-580.1408604343942,0.0,0.0,0.0,0.0,0.0,139.71264467700905,0.5,0.9970260641428296,0.9994586253613486
2572,train,0,2,0,296.92915387157495,1385.5426035508997,0.0,0.0,1085.7534550058758,0.0,0.0,0.0,0.5,0.9897638462385832,0.999188047959379
2572,train,1,2,0,118.77166154862998,1033.2676529217465,0.0,0.0,587.7180521190658,0.0,0.0,0.0,0.5,0.9897638462385832,0.999188047959379
2573,train,2,0,1,242.48208389513943,-480.26253266642016,0.0,0.0,-182.23361941576053,0.0,0.6666666666666666,-1.519397943305476,0.5,1.0103420162297476,0.9972960560854701
2573,train,1,2,0,-181.86156292135456,-146.5361780788152,0.0,0.0,-53.60074496058814,0.0,0.9999999999999999,-10.367403805350408,0.5,1.0103420162297476,0.9972960560854701
2574,train,2,0,1,-120.0,-740.625741481836,0.0,0.0,0.0,0.0,0.0,0.0,0.5,1,1
2574,train,2,1,1,-300.0,-1346.42781475419,0.0,0.0,0.0,0.0,0.0,0.0,0.5,1,1
2575,train,0,2,0,0.0,-820.321360096952,0.0,0.0,0.0,0.0,0.0,0.0,0.5,1,1
2575,train,2,1,1,-120.0,474.3272837840095,0.0,0.0,0.0,0.0,0.0,0.0,0.5,1,1
2576,train,1,0,1,-62.5801314173891,279.11216807142756,0.0,-152.76536936823163,-21.97257302258197,0.0,-0.13333333333333336,2.4036501276826385,0.5,1.0430021902898183,1.0006771306930664
2576,train,1,2,1,-62.5801314173891,-515.3203623061306,0.0,-169.9249339252191,-74.68893407757163,0.0,-0.13333333333333336,-37.216726744961896,0.5,1.0430021902898183,1.0006771306930664
2577,test,0,1,1,-242.48208389513943,-10.87080078288184,0.2,71.17829304993602,-24.110347397486574,0.26666666666666666,-1.6666666666666667,0.0,0.5,1.0103420162297476,1.0076101080833695
2577,test,2,0,0,60.620520973784856,921.6235113895361,-0.13333333333333336,111.12321161636578,148.83898445429196,-0.5333333333333333,2.333333333333333,0.0,0.5,1.0103420162297476,1.0076101080833695
2578,train,0,2,0,-62.66490996627099,-705.8787006245179,0.13333333333333333,0.0,-19.176746270962063,0.0,0.06666666666666665,18.232977512732386,0.5,1.0444151661045165,1.0008126118424647
2578,train,1,2,0,-62.66490996627099,-279.92733061723226,0.0,0.0,-10.320053241113463,0.26666666666666666,-0.06666666666666668,137.0758368804048,0.5,1.0444151661045165,1.0008126118424647
2579,train,2,0,1,-236.67662348497663,21.864459916046012,-0.5714285714285714,-447.17264727401675,-60.270410805429876,0.0,0.2857142857142857,90.62419910088715,0.5,0.9861525978540693,0.9998646288547973
2579,train,1,2,0,0.0,-683.8053362174372,0.5714285714285714,13.446408985229908,34.98708706010207,0.0,-0.1428571428571429,-16.423011696262733,0.5,0.9861525978540693,0.9998646288547973
2580,train,0,1,0,660.0,2087.5917236612345,-0.7142857142857142,160.34291957167412,164.7187063464111,-0.047619047619047616,0.38095238095238093,71.81519176776563,0.5,1,1
2580,train,1,2,1,-240.0,-1319.4056920408443,0.4761904761904761,-626.5769518763316,-134.70332594558002,-0.047619047619047616,0.09523809523809523,-88.9467910786366,0.5,1,1
2581,train,0,2,0,180.0,-681.3259745677487,0.0,0.0,0.0,0.0,0.0,0.0,0.5,1,1
2581,train,2,1,1,-660.0,1694.6729796697236,0.0,0.0,0.0,0.0,0.0,0.0,0.5,1,1
2582,train,2,0,1,-468.8251714500882,-1590.5195802385992,-0.4,0.0,35.706455668807735,0.0,-0.20000000000000007,34.46160836695106,0.5,0.9767191071876837,0.9958120046447593
2582,train,2,1,1,-410.22202501882714,56.98699596690785,-0.8000000000000002,0.0,-73.13801608115767,0.0,-0.09999999999999998,-68.91876950755278,0.5,0.9767191071876837,0.9958120046447593
2583,train,0,1,0,60.0,246.30744989011055,0.0,1452.9877980037686,0.0,0.0,0.0,0.0,0.5,1,1
2583,train,2,1,0,360.0,270.39208749674435,0.0,705.3088867995085,0.0,0.0,0.0,0.0,0.5,1,1
2584,train,1,0,0,-182.37932853805953,-10.229969165042949,1.3333333333333333,0.0,-272.96535273490133,0.0,0.0,0.0,0.5,1.0132184918781084,1.0093850068637804
2584,train,0,2,1,182.37932853805953,674.1711144801262,-1.3333333333333333,0.0,275.1175204210657,0.0,0.0,0.0,0.5,1.0132184918781084,1.0093850068637804
2585,train,0,1,1,-60.0,-1056.5666395400735,0.0,-378.20510663608695,-340.65088437372646,0.2,0.0,-15.162237747010506,0.5,1,1
2585,train,2,0,0,120.0,241.47918334540327,0.0,-86.15616302371939,192.5665148486765,-0.2,0.0,27.325067953366528,0.5,1,1
2586,train,1,0,0,484.1769522193915,851.9862272377965,-0.5714285714285714,819.3025334134736,65.18014519532517,0.19047619047619047,-1.714285714285714,-68.08575753132703,0.5,1.008701983790399,0.9963514040260837
2586,train,2,0,0,60.52211902742394,-550.3149198645639,-0.7142857142857142,605.5745126721179,39.034971799831936,0.38095238095238093,-1.4285714285714284,-10.765632099028373,0.5,1.008701983790399,0.9963514040260837
2587,train,0,1,1,-120.0,374.72150836894707,0.0,0.0,0.0,0.0,0.0,0.0,0.5,1,1
2587,train,2,0,0,60.0,15.204228440856696,0.0,0.0,0.0,0.0,0.0,0.0,0.5,1,1
2588,train,0,2,0,121.25745670834868,852.4425458865272,-0.4,0.0,-1.3006492643132361,0.2,0.6666666666666665,15.279756838817718,0.5,1.0104788059029057,0.9971610509762517
2588,train,1,2,0,-303.14364177087174,-686.598651103799,-0.2666666666666667,0.0,-53.943774287838394,0.2,-0.33333333333333326,49.278535293301445,0.5,1.0104788059029057,0.9971610509762517
2589,train,1,0,1,-240.0,434.33233816785014,0.0,311.0076847150009,-14.592271927067348,0.047619047619047616,-0.7142857142857143,-19.052384836031443,0.5,1,1
2589,train,2,1,0,120.0,93.14209283100809,0.14285714285714285,-210.91588104669216,62.90869854231498,-0.047619047619047616,0.0,-34.8886764571248,0.5,1,1
2590,test,1,0,0,-62.66490996627099,259.9645990405565,0.09523809523809523,4.574984655199131,3.0583930047680283,0.14285714285714285,-0.23809523809523808,-16.464719477181607,0.5,1.0444151661045165,1.0006771306930664
2590,test,2,0,0,-125.32981993254198,257.686091879048,0.0,-11.976267340815738,-18.207006615959948,0.0,0.0,-20.38077811993847,0.5,1.0444151661045165,1.0006771306930664
2591,test,0,1,0,-610.3225415796444,2039.832412489538,-0.1333333333333333,-123.62304209987758,558.365596431636,0.0,0.33333333333333337,0.0,0.5,1.017204235966074,1.0021684325960005
2591,test,1,2,1,488.2580332637155,-1639.0505472971727,0.0,-417.7304013665389,-797.2189367396952,0.0,0.0,0.0,0.5,1.017204235966074,1.0021684325960005
2592,test,0,2,0,120.0,2.2322519384815678,0.0,0.0,0.0,0.0,0.0,0.0,0.5,1,1
2592,test,1,2,0,420.0,2137.49062977386,0.0,0.0,0.0,0.0,0.0,0.0,0.5,1,1
2593,train,1,0,0,0.0,210.74775176040657,0.0,504.13437512847236,0.0,0.0,0.0,0.0,0.5,1,1
2593,train,0,2,1,-60.0,350.4024012331697,0.0,-447.2724586307513,0.0,0.0,0.0,0.0,0.5,1,1
2594,test,1,0,0,300.0,-523.5283835395585,0.0,0.0,0.0,0.0,0.0,0.0,0.5,1,1
2594,test,0,2,1,60.0,427.1466277218515,0.0,0.0,0.0,0.0,0.0,0.0,0.5,1,1
2595,validation,0,1,0,0.0,789.4838738661963,0.0,842.5120097257741,0.0,0.0,0.3333333333333335,0.0,0.5,1.0223122672010692,1.0009481113345846
2595,validation,1,2,1,-184.01620809619246,-2701.38200214914,0.0,95.84729709699695,0.0,0.0,0.33333333333333326,-194.21005736521136,0.5,1.0223122672010692,1.0009481113345846
2596,train,0,1,0,237.9295409910389,-33.599406378991596,-0.4000000000000001,849.3115505154676,186.89781300740447,-0.4,0.0,0.0,0.5,0.9913730874626621,0.9983767551848742
2596,train,1,2,1,-1011.2005492119154,-3664.4103552064616,0.0,-514.6963485400933,-18.260581922491326,0.0,0.0,0.0,0.5,0.9913730874626621,0.9983767551848742
2597,train,0,1,0,-60.0,-368.620690326396,0.0,-121.18273873109331,0.0,0.0,0.0,20.763079501704524,0.5,1,1
2597,train,2,1,0,-120.0,-627.4294410397738,0.0,-35.09108377316443,0.0,0.0,0.0,-6.704949247819222,0.5,1,1
2598,train,0,1,0,355.78476118507916,1525.2130502376683,0.0,75.56251904506851,0.0,0.0,3.0,26.049096868291883,0.5,0.9882910032918866,0.9977011810926478
2598,train,2,1,0,355.78476118507916,1459.738966403853,0.0,81.19017485138986,0.0,0.0,0.0,-76.87590148244868,0.5,0.9882910032918866,0.9977011810926478
2599,train,0,2,0,61.15631856554487,172.10704079490804,0.0,77.53707653357739,0.0,0.8,0.5999999999999999,-9.35086303007828,0.5,1.0192719760924145,0.9985119248876447
2599,train,1,2,0,428.0942299588141,1395.3379889498256,0.0,-78.20120975525332,0.0,0.4,0.30000000000000004,-32.5973061014711,0.5,1.0192719760924145,0.9985119248876447
2600,train,0,1,0,58.74612738874926,1085.286915783263,1.2,0.0,26.256795128353296,0.4,0.0,42.50381972390832,0.5,0.979102123145821,1.0010836291719092
2600,train,1,2,1,-176.2383821662478,-441.4240561600044,-0.3,0.0,20.952614184945354,-0.2,0.0,-22.800274198279904,0.5,0.979102123145821,1.0010836291719092
2601,test,0,1,1,-403.7755044445914,16.181779467631863,0.2666666666666667,0.0,-228.39918633755906,0.0,-1.0666666666666667,-190.65960522370918,0.5,0.9613702486775985,0.995677200433284
2601,test,0,2,1,-461.45771936524727,-1501.6274113453185,0.2666666666666667,0.0,-348.52589964261523,-0.06666666666666667,-0.2666666666666666,0.0,0.5,0.9613702486775985,0.995677200433284
2602,train,0,2,0,1463.188545998699,2721.2876706704596,0.0,-364.66523385537175,0.0,-0.16666666666666666,0.5,0.0,0.5,1.016103156943541,1.0043415672919243
2602,train,2,1,1,-792.560462415962,-3639.1656374474883,0.0,-377.9496762775051,0.0,-0.49999999999999994,-2.5,0.0,0.5,1.016103156943541,1.0043415672919243
2603,train,0,2,0,60.82603918767232,209.8456378795791,0.13333333333333336,138.12255561068292,319.7187785151315,0.0,0.0,163.8672576378387,0.5,1.0137673197945387,0.9995939415379522
2603,train,2,1,1,0.0,742.1666314442388,0.13333333333333333,316.8708846533877,18.037281361178998,0.0,0.0,-154.07923499476277,0.5,1.0137673197945387,0.9995939415379522
2604,train,1,0,0,424.97604308956284,-2471.7290942867844,0.0,0.0,206.48594548644311,0.0,-1.666666666666666,0.0,0.5,1.0118477216418162,0.9987823191973281
2604,train,2,0,0,-60.710863298508976,374.15228789738785,0.0,0.0,506.4003352213073,0.0,-2.9999999999999996,0.0,0.5,1.0118477216418162,0.9987823191973281
2605,test,0,1,0,-242.12125234090306,-726.7593579450526,0.0,0.0,0.0,0.0,0.0,170.88859098755594,0.5,1.0088385514204294,0.9997292760349417
2605,test,2,1,0,-302.65156542612885,-914.822430747463,0.0,0.0,0.0,0.0,0.0,287.4443708314668,0.5,1.0088385514204294,0.9997292760349417
2606,train,1,0,1,304.4597602907389,-848.3645282179241,-0.7142857142857142,-27.366916159775116,61.066577485350656,-0.5714285714285714,0.2857142857142857,-53.3702003171718,0.5,1.0148658676357964,1.003797842238849
2606,train,1,2,1,304.4597602907389,26.150579459571684,-0.7142857142857142,50.0781404149603,-10.708897601518444,0.0,-0.1428571428571428,-13.57890541768304,0.5,1.0148658676357964,1.003797842238849
2607,train,0,2,0,120.0,-14.875814161804556,0.0,0.0,0.0,0.0,0.0,0.0,0.5,1,1
2607,train,2,1,1,-180.0,-755.5868010237746,0.0,0.0,0.0,0.0,0.0,0.0,0.5,1,1
2608,train,0,1,0,-665.8334439374835,-746.1337208853257,0.0,0.0,0.0,0.0,0.0,195.77873040656277,0.5,1.0088385514204294,0.9997292760349417
2608,train,2,1,0,-907.9546962783865,-1885.877236123399,0.0,0.0,0.0,0.0,0.0,337.3028793585212,0.5,1.0088385514204294,0.9997292760349417
2609,validation,1,0,1,-180.0,-133.7900091785059,-1.3333333333333335,-331.5466447111028,0.0,0.16666666666666666,0.0,0.0,0.5,1,1
2609,validation,2,1,0,300.0,135.62323580229986,0.33333333333333337,-744.3065547007906,0.0,0.33333333333333337,0.0,0.0,0.5,1,1
2610,train,0,2,0,60.0,271.64110014999824,0.0,0.0,0.0,0.0,0.0,0.0,0.5,1,1
2610,train,1,2,0,120.0,1446.657256774969,0.0,0.0,0.0,0.0,0.0,0.0,0.5,1,1
2611,train,0,2,0,647.6963378639462,2098.8246330879115,-0.23809523809523808,-66.90949193682121,121.58584190648861,-0.19047619047619047,0.8571428571428572,105.18247830997034,0.5,0.9813580876726458,0.9963514040260837
2611,train,2,1,1,0.0,-627.4458712568528,0.0,25.632264029515966,-44.02422086702793,0.0,0.0,-40.839755473331024,0.5,0.9813580876726458,0.9963514040260837
2612,train,0,1,1,-119.67552673025641,1452.4104989238149,0.0,0.0,-415.9745462341115,-1.3333333333333335,0.0,0.0,0.5,0.9972960560854701,0.9994586253613486
2612,train,2,0,0,-598.377633651282,-448.256018119679,0.0,0.0,-158.9505625892208,0.6666666666666666,0.0,0.0,0.5,0.9972960560854701,0.9994586253613486
2613,train,0,1,0,0.0,-105.75243517430332,0.0,-180.51124776710773,16.59247441243027,-0.1,0.0,0.0,0.5,1.0081558981184175,0.9967561452934783
2613,train,2,1,0,60.489353887105054,136.2342287710054,0.4,-253.15496744241153,36.21940881408605,-0.1,0.0,0.0,0.5,1.0081558981184175,0.9967561452934783
2614,test,0,1,1,-60.0,-77.91015596990383,0.0,0.0,0.0,0.0,0.0,0.0,0.5,1,1
2614,test,0,2,1,-60.0,251.2607107163135,0.0,0.0,0.0,0.0,0.0,0.0,0.5,1,1
2615,train,0,2,0,178.97942908513133,32.82223633350874,0.0,0.0,-33.834307664396846,0.5,0.0,182.98301093184955,0.5,0.994330161584063,0.9987823191973281
2615,train,1,2,0,-59.659809695043776,-340.34187438865365,0.0,0.0,56.80916189559741,0.0,0.0,49.42629144877621,0.5,0.994330161584063,0.9987823191973281
2616,test,1,0,0,438.47625044514007,1402.3604138727337,1.2000000000000002,49.65348282250346,0.0,0.0,0.1,0.0,0.5,1.0439910724884287,1.0033902416308227
2616,test,0,2,1,-125.27892869861145,-1069.354480220984,-1.2000000000000002,-142.68968176693775,0.0,-0.4,-0.30000000000000004,0.0,0.5,1.0439910724884287,1.0033902416308227
2617,test,1,0,0,293.01573215630515,459.4610310375369,0.0,44.55781627847507,-21.26776028399123,0.0,0.2857142857142857,39.667380358363566,0.5,0.9767191071876837,1.0006771306930664
2617,test,0,2,1,-234.4125857250441,-478.40980445810476,0.19047619047619047,-42.23106809842453,-80.94875085033901,-0.09523809523809523,-0.4285714285714285,36.156931954186526,0.5,0.9767191071876837,1.0006771306930664
2618,train,0,1,1,0.0,-25.198411087787115,0.0,0.0,0.0,0.0,0.0,0.0,0.5,0.9968910955827297,0.9994586253613486
2618,train,2,0,0,-179.44039720489135,327.1570486669615,1.0,0.0,0.0,0.0,0.0,0.0,0.5,0.9968910955827297,0.9994586253613486
2619,train,1,0,1,-120.0,-1173.54527877091,-1.0,-2068.6327341246824,0.0,0.0,0.0,0.0,0.5,1,1
2619,train,2,1,0,-60.0,210.96406437566384,0.3333333333333333,522.2194788660552,0.0,0.0,0.0,0.0,0.5,1,1
2620,validation,0,1,0,-58.873514406267816,38.19664253059583,-0.19047619047619047,41.89241261188437,-19.901545992753498,-0.09523809523809523,0.2857142857142856,0.0,0.5,0.9812252401044637,0.9964862995176282
2620,validation,2,1,0,176.62054321880345,96.86200799392232,-0.19047619047619047,-90.51097480672733,98.93961366060064,0.0,-1.7142857142857144,17.158332802445816,0.5,0.9812252401044637,0.9964862995176282
2621,train,1,0,0,0.0,-280.5719293770853,0.0,91.41175368524321,-3.667081886684066,0.26666666666666666,0.0,16.700611095696274,0.5,1,1
2621,train,2,0,0,240.0,340.51681242821405,0.0,-89.06671594529823,2.6198861249393417,0.0,0.0,59.57366356029126,0.5,1,1
2622,validation,0,1,1,-300.0,-36.79983498428737,0.0,0.0,0.0,0.0,0.0,0.0,0.5,1,1
2622,validation,2,0,0,60.0,-354.3883046623728,0.0,0.0,0.0,0.0,0.0,0.0,0.5,1,1
2623,test,0,1,1,-58.873514406267816,336.27107322684077,0.0,0.0,-34.90654287234088,-0.16666666666666666,-0.6666666666666667,0.0,0.5,0.9812252401044637,1.0013547198921082
2623,test,2,0,0,58.873514406267816,-503.32058389454,0.0,0.0,-42.60308679981799,0.0,1.6666666666666667,0.0,0.5,0.9812252401044637,1.0013547198921082
2624,train,1,0,0,0.0,1306.622752537652,-0.19047619047619047,511.5351080584735,35.96197996732139,-0.19047619047619047,0.47619047619047616,-50.68454439917457,0.5,1.0428609978888699,1.003526090106881
2624,train,0,2,1,-375.42995923999314,-1011.7279471158025,0.2857142857142857,367.8277493433782,-67.03340854148291,0.5714285714285714,-0.2857142857142857,-55.962579993961924,0.5,1.0428609978888699,1.003526090106881
2625,train,0,1,0,890.4712392367668,1086.581574799401,0.0,0.0,0.0,0.3333333333333333,0.0,186.2730324078219,0.5,1.0600848086151986,1.0028470316013334
2625,train,1,2,1,-572.4457966522073,-624.3220656081928,0.0,0.0,0.0,-0.3333333333333333,0.0,-226.8058281835998,0.5,1.0600848086151986,1.0028470316013334
2626,train,0,1,0,-243.86475766644986,-388.7593167185706,0.0,0.0,0.0,0.6666666666666666,0.0,0.0,0.5,1.016103156943541,1.002032767907594
2626,train,1,2,1,-182.89856824983738,-783.5910418575058,-0.5,0.0,0.0,0.0,1.5,0.0,0.5,1.016103156943541,1.002032767907594
2627,train,0,1,1,-59.5307213384301,-989.5659250755757,0.0,0.0,0.0,0.0,0.0,0.0,0.5,0.992178688973835,0.9985119248876447
2627,train,0,2,1,357.1843280305806,108.14878239940462,-2.0,0.0,0.0,0.0,0.6666666666666665,0.0,0.5,0.992178688973835,0.9985119248876447
2628,train,1,0,1,-59.10510785216671,-390.30034389931234,-0.30000000000000004,132.4709955568759,-140.43518968381437,0.0,0.0,0.0,0.5,0.9850851308694452,0.9971610509762517
2628,train,1,2,1,-236.42043140866684,-494.79647012527954,0.20000000000000004,-3.5891295744340255,-25.76838637038577,0.0,0.4,0.0,0.5,0.9850851308694452,0.9971610509762517
2629,train,0,2,0,-363.03440543632263,-1062.50082127616,0.0,0.0,1019.6976868320705,0.0,-0.8333333333333333,0.0,0.5,1.0084289039897851,0.9983767551848742
2629,train,2,1,1,121.01146847877422,799.1784507925664,0.0,0.0,-1.0234238645179374,0.0,0.6666666666666665,-253.56920362777512,0.5,1.0084289039897851,0.9983767551848742
2630,train,1,0,0,300.0,275.33750437911567,0.0,3024.157217300822,0.0,0.0,0.0,0.0,0.5,1,1
2630,train,0,2,1,-60.0,702.3175569095656,0.0,-325.3763606919383,0.0,0.0,0.0,0.0,0.5,1,1
2631,test,0,2,0,-176.93165917947093,1665.8122592771817,0.5333333333333334,0.0,-58.57975047191397,-0.13333333333333333,1.6666666666666667,69.75704499442733,0.5,0.9829536621081718,0.9970260641428296
2631,test,1,2,0,-117.95443945298062,157.7607256306053,0.26666666666666666,0.0,-116.87643540455956,-0.13333333333333333,1.6666666666666667,36.70648051455573,0.5,0.9829536621081718,0.9970260641428296
2632,train,1,0,0,-60.530313085225764,42.39638808210301,0.0,0.0,0.0,0.0,0.0,113.28410020618867,0.5,1.0088385514204294,0.9997292760349417
2632,train,2,0,0,0.0,-712.9586802179854,0.0,0.0,0.0,0.0,0.0,27.115045068993652,0.5,1.0088385514204294,0.9997292760349417
2633,train,2,0,1,-119.64312769713955,-449.80061408307,-1.0,0.0,0.0,0.0,0.0,0.0,0.5,0.9970260641428296,0.9995939415379522
2633,train,1,2,0,119.64312769713955,653.0949682331437,0.3333333333333333,0.0,0.0,0.0,0.0,0.0,0.5,0.9970260641428296,0.9995939415379522
2634,train,1,0,1,242.8434531940359,231.31735299543297,0.0,0.0,-629.9819851785962,0.0,-1.9999999999999998,0.0,0.5,1.0118477216418162,0.9987823191973281
2634,train,2,1,0,-364.26517979105387,-2161.4135284313406,0.0,0.0,184.34139815207158,0.0,1.3333333333333333,0.0,0.5,1.0118477216418162,0.9987823191973281
2635,validation,0,1,0,237.54332309725996,-774.8209303292699,0.0,0.0,404.4375191755886,0.0,0.0,0.0,0.5,0.9897638462385832,0.999188047959379
2635,validation,2,1,0,178.15749232294496,-850.3251787719553,0.0,0.0,1184.5546014559404,0.0,0.0,0.0,0.5,0.9897638462385832,0.999188047959379
2636,validation,1,0,1,0.0,-367.5020140202605,0.0,-623.8723348521787,0.0,0.0,0.0,0.0,0.5,1,1
2636,validation,1,2,1,-240.0,-666.1537205948944,0.0,98.45018999380022,0.0,0.0,0.0,0.0,0.5,1,1
2637,test,0,1,0,-60.0,909.203449274326,0.23809523809523808,383.2680481326919,-13.438994846250647,-0.14285714285714285,0.38095238095238093,-1.0514165149535852,0.5,1,1
2637,test,1,2,1,0.0,-234.77836682954694,0.23809523809523808,-206.4680062807978,-2.7442153698600293,0.0,0.0,9.509696300598499,0.5,1,1
2638,validation,1,0,0,588.9743020619592,830.7482685321706,0.0,0.0,0.0,0.0,0.0,433.01106906086017,0.5,0.9816238367699319,1.001625884022936
2638,validation,0,2,1,58.897430206195914,-402.9380432220466,0.0,0.0,0.0,0.0,0.0,-360.4387831784445,0.5,0.9816238367699319,1.001625884022936
2639,train,1,0,1,300.0,517.9617568206636,0.0,-254.136549508984,0.0,0.0,0.0,0.0,0.5,1,1
2639,train,1,2,1,60.0,-329.0192331716298,0.0,-201.3338326124865,0.0,0.0,0.0,0.0,0.5,1,1
2640,test,2,0,1,60.0,161.8887720012208,0.0,0.0,0.0,0.0,0.0,0.0,0.5,1,1
2640,test,2,1,1,0.0,-620.7940202642894,0.0,0.0,0.0,0.0,0.0,0.0,0.5,1,1
2641,train,2,0,1,59.821563848569774,-276.5951888374171,0.0,0.0,0.0,0.6666666666666666,-1.333333333333333,0.0,0.5,0.9970260641428296,0.9995939415379522
2641,train,2,1,1,-299.10781924284885,-481.5049484291471,0.0,0.0,0.0,0.0,-1.6666666666666665,0.0,0.5,0.9970260641428296,0.9995939415379522
2642,train,2,0,1,-60.0,309.2851930411716,0.0,-571.3711757805099,0.0,0.0,0.0,0.0,0.5,1,1
2642,train,1,2,0,300.0,245.64177286597078,0.0,1211.8036952101563,0.0,0.0,0.0,0.0,0.5,1,1
2643,test,1,0,0,59.297460197513196,-348.64264102791594,0.0,0.0,0.0,0.8333333333333333,2.5,0.0,0.5,0.9882910032918866,1.0018971215842718
2643,test,2,0,0,-296.48730098756596,-224.08297574709556,-0.33333333333333337,0.0,0.0,0.3333333333333333,2.0,0.0,0.5,0.9882910032918866,1.0018971215842718
2644,train,0,1,0,120.0,-75.98422984911304,0.0,0.0,0.0,0.0,0.0,0.0,0.5,1,1
2644,train,2,1,0,300.0,2156.7127023346848,0.0,0.0,0.0,0.0,0.0,0.0,0.5,1,1
2645,validation,0,2,0,-365.2528028846788,1483.2374635418976,0.19047619047619047,259.1041911627777,36.25404832434472,-0.23809523809523808,0.9523809523809523,25.699443062596146,0.5,1.0145911191241077,1.0031185998461076
2645,validation,1,2,0,-182.6264014423394,910.8144384654963,0.2857142857142857,230.9518298079293,16.626877803252444,-0.23809523809523808,0.5714285714285714,-81.7998548728857,0.5,1.0145911191241077,1.0031185998461076
2646,train,1,0,0,-419.7157975511133,-2236.0063785186267,0.0,0.0,0.0,1.0,0.0,0.0,0.5,0.9993233275026507,0.9998646288547973
2646,train,2,0,0,-479.67519720127234,-2466.930635452794,0.0,0.0,0.0,1.0,0.0,0.0,0.5,0.9993233275026507,0.9998646288547973
2647,train,1,0,0,-60.966189416612465,509.606291687178,0.0,899.452558538678,0.0,0.0,0.0,0.0,0.5,1.016103156943541,1.001625884022936
2647,train,0,2,1,-243.86475766644986,311.5757178837581,0.0,-111.60280212271115,0.0,0.0,1.0,0.0,0.5,1.016103156943541,1.001625884022936
2648,train,0,2,0,0.0,-1054.9932513506697,0.0,128.4365073078726,18.307766748487637,0.0,0.0,0.0,0.5,1,1
2648,train,1,2,0,-240.0,-1755.5316674364976,0.0,-99.11962592915404,222.06650938385235,0.0,0.0,0.0,0.5,1,1
2649,train,0,2,0,59.813465734963785,-275.745330583335,2.0,0.0,0.0,0.0,0.0,0.0,0.5,0.9968910955827297,0.9994586253613486
2649,train,1,2,0,59.813465734963785,38.95858162601734,1.0,0.0,0.0,0.0,0.0,0.0,0.5,0.9968910955827297,0.9994586253613486
2650,test,1,0,1,-60.374815521432915,925.122076768651,0.0,0.0,-395.47774578986713,-0.2,-0.9,0.0,0.5,1.0062469253572153,1.0010836291719092
2650,test,1,2,1,-724.497786257195,-1815.2407972900771,-0.5000000000000001,0.0,54.30142585352176,0.0,-1.7999999999999998,0.0,0.5,1.0062469253572153,1.0010836291719092
2651,test,1,0,0,122.13062673984847,1714.1281721463313,0.0,0.0,769.0730799390476,0.0,0.0,0.0,0.5,1.0177552228320705,0.9993233275026507
2651,test,0,2,1,0.0,-109.07580630896531,0.0,0.0,-191.98042243538387,0.0,0.0,0.0,0.5,1.0177552228320705,0.9993233275026507
2652,train,0,1,0,182.67585617444337,694.5546249146336,0.0,-85.09174269795301,65.79664110301105,0.5714285714285714,-0.047619047619047616,30.138339177139727,0.5,1.0148658676357964,1.003661956975393
2652,train,2,1,0,0.0,781.4174175136421,0.0,50.367019239229705,-54.36588367735852,0.0,-0.047619047619047616,-48.24854603294371,0.5,1.0148658676357964,1.003661956975393
2653,validation,0,2,0,118.9486660982987,775.4693578095836,0.0,255.6781004413113,0.0,0.0,0.19999999999999996,19.91362455604763,0.5,0.9912388841524892,0.9982416037801811
2653,validation,2,1,1,-237.8973321965974,-1593.4742749061365,0.0,-364.9432752501503,0.0,-0.40000000000000013,-0.09999999999999998,41.133774572117375,0.5,0.9912388841524892,0.9982416037801811
2654,train,0,1,0,60.0,-33.25391091750453,0.0,0.0,0.0,0.0,0.0,0.0,0.5,1,1
2654,train,2,1,0,0.0,460.6121101759727,0.0,0.0,0.0,0.0,0.0,0.0,0.5,1,1
2655,train,1,0,1,-563.297436975635,-215.11280108964522,-0.2,3.619356560044295,-65.58619197931912,0.0,0.2666666666666666,-46.67932580665499,0.5,1.0431434018067316,1.0006771306930664
2655,train,2,1,0,0.0,-544.033138542132,0.2,-33.62772987259896,10.816953848664351,0.0,-0.1333333333333333,-153.04400426128973,0.5,1.0431434018067316,1.0006771306930664
2656,train,0,2,0,294.88609863245154,420.1240250805764,0.8,69.42685284482548,-65.72547441871477,0.13333333333333333,-0.6666666666666667,0.0,0.5,0.9829536621081718,1.0006771306930664
2656,train,2,1,1,294.88609863245154,-1491.9441486905484,-0.8,-204.69887756008495,79.14089016138608,-0.06666666666666667,-1.333333333333333,0.0,0.5,0.9829536621081718,1.0006771306930664
2657,validation,0,1,1,61.931166741761686,-219.09379331220194,-0.2857142857142857,-123.4706899461546,-10.03488739187219,0.0,-0.42857142857142855,4.648445674281103,0.5,1.0321861123626948,1.0074737067491204
2657,validation,2,0,0,0.0,403.34342663274185,0.5714285714285714,80.01473640760233,26.590354788170274,0.0,0.14285714285714285,-14.456004255357957,0.5,1.0321861123626948,1.0074737067491204
2658,train,0,1,1,364.6105437368082,116.46139352531245,-1.2,-20.262228713556,0.0,0.10000000000000003,-1.6000000000000003,0.0,0.5,1.0128070659355783,0.9971610509762517
2658,train,2,0,0,-425.3789676929429,617.4767668695931,0.3,-203.13511813550264,0.0,-0.10000000000000003,1.2,0.0,0.5,1.0128070659355783,0.9971610509762517
2659,train,0,1,0,548.6214271835925,0.0,0.10000000000000003,-536.4938458421161,14.07834185672968,0.0,0.0,406.6105780881399,0.5,1.0159656058955415,1
2659,train,2,1,0,60.95793635373249,0.0,0.5,-327.36259881832825,483.8889590461532,0.0,0.0,561.2498485398481,0.5,1.0159656058955415,1
2660,train,0,1,0,120.0,-189.3374845307244,0.0,0.0,0.0,0.0,0.0,0.0,0.5,1,1
2660,train,2,1,0,180.0,-910.9832150637167,0.0,0.0,0.0,0.0,0.0,0.0,0.5,1,1
2661,test,0,1,0,-60.0,541.3388728582381,0.20000000000000007,59.6066228796559,0.0,-0.06666666666666667,0.2666666666666667,36.93298706092451,0.5,1,1
2661,test,1,2,1,-60.0,-1060.2004592857243,0.2,-256.36686882399295,0.0,0.06666666666666667,-0.5333333333333333,0.0,0.5,1,1
2662,train,0,1,0,236.45244024628894,1579.2682223878453,0.8999999999999999,0.0,45.106890495036545,0.0,0.3999999999999999,0.0,0.5,0.9852185010262039,1.0013547198921082
2662,train,1,2,1,-59.113110061572236,-673.7286898598096,-0.3,0.0,2.2023656056313916,-0.6000000000000001,0.0,0.0,0.5,0.9852185010262039,1.0013547198921082
2663,validation,0,1,0,180.0,489.7179712593588,0.0,536.5931105356315,0.0,0.0,0.0,0.0,0.5,1,1
2663,validation,2,1,0,120.0,-293.8770476102918,0.0,63.51264464529845,0.0,0.0,0.6666666666666665,0.0,0.5,1,1
2664,train,0,2,0,121.24104194756971,797.9141996341617,0.6000000000000001,0.0,26.27994829354119,0.0,0.0,11.79675694850102,0.5,1.0103420162297476,0.9972960560854701
2664,train,1,2,0,303.1026048689243,919.0301916654796,0.0,0.0,-3.0098464753626644,-0.06666666666666667,0.6666666666666666,57.3921994233699,0.5,1.0103420162297476,0.9972960560854701
2665,train,0,2,0,-121.06062617045153,1085.4536708655298,0.0,0.0,0.0,0.0,0.0,75.311076059897,0.5,1.0088385514204294,0.9997292760349417
2665,train,2,1,1,-181.5909392556773,-1320.9566112518494,0.0,0.0,0.0,0.0,0.0,-574.0245368214489,0.5,1.0088385514204294,0.9997292760349417
2666,train,2,0,1,57.92480372962882,-966.6093233203795,0.0,-135.8296376046962,0.0,-0.1,-0.6,-126.6649204803408,0.5,0.9654133954938137,0.9997292760349417
2666,train,1,2,0,231.69921491851528,235.04049250313554,0.0,145.09568079611932,0.0,0.0,0.6,66.49267601271191,0.5,0.9654133954938137,0.9997292760349417
2667,validation,1,0,1,-118.70736158327705,-411.8769133773225,0.9333333333333333,11.369041224611522,-432.96815785278125,0.3333333333333333,0.0,-134.39017497955322,0.5,0.9892280131939755,1.0033902416308227
2667,validation,1,2,1,-356.1220847498312,1597.75674053225,0.5333333333333333,10.726143918003544,-342.2866591865127,0.3333333333333333,0.0,-47.72479853300813,0.5,0.9892280131939755,1.0033902416308227
2668,train,0,1,0,240.0,1549.0199940507046,0.0,0.0,0.0,0.0,0.0,0.0,0.5,1,1
2668,train,2,1,0,1140.0,942.5996550854834,0.0,0.0,0.0,0.0,0.0,0.0,0.5,1,1
2669,train,0,2,0,0.0,6.557215347052807,0.0,0.0,0.0,-0.3333333333333333,0.0,77.94151855080688,0.5,1,0.9986471128909702
2669,train,2,1,1,-60.0,220.6946899433292,0.0,0.0,0.0,0.6666666666666666,0.0,-142.51192841636643,0.5,1,0.9986471128909702
2670,validation,0,2,0,-117.79486041239183,-471.5963342229618,0.0,0.0,0.0,0.0,0.0,17.746530107191155,0.5,0.9816238367699319,0.9986471128909702
2670,validation,2,1,1,-294.4871510309796,-475.78308528447945,0.0,0.0,0.0,0.0,0.0,-135.45484449249562,0.5,0.9816238367699319,0.9986471128909702
2671,validation,0,1,1,-252.80664862916058,-197.92646221736206,0.0,0.0,0.0,0.0,-0.5,-129.08457910279932,0.5,1.0533610359548358,1.0052937949156682
2671,validation,2,0,0,0.0,-241.68712686280443,0.0,0.0,0.0,1.0,0.6666666666666665,118.88288594283026,0.5,1.0533610359548358,1.0052937949156682
2672,train,0,2,0,59.01715501215884,-1421.686264286605,0.0,223.8318019928251,29.18557116245664,-0.2,0.0,0.0,0.5,0.9836192502026473,0.9970260641428296
2672,train,2,1,1,-177.05146503647651,-522.327351962403,0.0,-960.189622775209,-48.43503354192613,0.0,0.0,0.0,0.5,0.9836192502026473,0.9970260641428296
2673,train,0,1,0,-59.530721338430105,774.9035939055784,0.0,0.0,0.0,0.0,6.0,187.94286241785733,0.5,0.9921786889738351,1.0025755368765914
2673,train,1,2,1,-59.530721338430105,-650.5820250942786,0.0,0.0,0.0,0.0,-2.666666666666667,-8.885010323698333,0.5,0.9921786889738351,1.0025755368765914
2674,train,2,0,1,-420.0,-647.4840882236113,0.0,0.0,0.0,0.0,0.0,0.0,0.5,1,1
2674,train,1,2,0,660.0,-396.6595692403216,0.0,0.0,0.0,0.0,0.0,0.0,0.5,1,1
2675,validation,1,0,0,178.15749232294496,857.4913285539704,0.0,0.0,792.2627587461271,0.0,0.0,0.0,0.5,0.9897638462385832,1.0021684325960005
2675,validation,2,0,0,-118.77166154862998,535.1878125043152,0.0,0.0,34.42658693713071,0.0,0.0,0.0,0.5,0.9897638462385832,1.0021684325960005
2676,train,0,2,0,120.0,17.073168965516743,0.0,0.0,0.0,0.0,0.0,0.0,0.5,1,1
2676,train,2,1,1,-60.0,-577.0291027758149,0.0,0.0,0.0,0.0,0.0,0.0,0.5,1,1
2677,train,1,0,1,-552.123365860907,-1145.5233311694421,-0.5,0.0,0.0,-1.5,-0.6666666666666665,0.0,0.5,1.0224506775201982,0.999188047959379
2677,train,2,1,0,613.470406512119,616.7299334969788,0.16666666666666666,0.0,0.0,0.5,-0.3333333333333335,0.0,0.5,1.0224506775201982,0.999188047959379
2678,train,0,1,0,-61.26404503073775,371.90312032069943,-1.3333333333333333,208.41547243794054,0.0,0.0,0.0,0.0,0.5,1.0210674171789624,0.9986471128909702
2678,train,1,2,1,-183.79213509221324,-874.6652678385905,0.0,-442.1861442131176,0.0,0.0,0.0,0.0,0.5,1.0210674171789624,0.9986471128909702
2679,train,0,1,1,-181.51720271816131,-108.84994562272036,0.0,0.0,-184.8473206344862,0.0,-3.0,-79.84124447807585,0.5,1.0084289039897851,0.9983767551848742
2679,train,2,0,0,181.51720271816131,548.2743497227235,0.0,0.0,45.02121972088412,0.0,0.0,3.2893932738403393,0.5,1.0084289039897851,0.9983767551848742
2680,test,0,1,0,120.0,185.07567861545022,0.0,0.0,0.0,0.0,0.0,0.0,0.5,1,1
2680,test,2,1,0,0.0,152.00169851506098,0.0,0.0,0.0,0.0,0.0,0.0,0.5,1,1
2681,validation,1,0,0,-62.12430526883182,343.19544269917594,-0.2,-53.378090695486776,212.68999259335357,0.0,-0.6000000000000001,0.0,0.5,1.0354050878138636,1.0012191653569225
2681,validation,0,2,1,-62.12430526883182,-625.4201532999622,0.1,-5.542697475831687,-132.565298567608,0.0,0.6000000000000001,0.0,0.5,1.0354050878138636,1.0012191653569225
2682,train,0,2,0,231.5110862681519,905.1554600330076,0.0,0.0,52.09278959683624,0.2,0.6000000000000001,149.5413578347085,0.5,0.9646295261172996,0.999188047959379
2682,train,1,2,0,-173.63331470111393,538.344428011552,0.0,0.0,83.57756326094766,0.2,0.8999999999999999,67.50210422097716,0.5,0.9646295261172996,0.999188047959379
2683,validation,2,0,1,-120.0,10.68287177296861,0.0,0.0,0.0,0.0,0.0,0.0,0.5,1,1
2683,validation,1,2,0,0.0,297.8294887696147,0.0,0.0,0.0,0.0,0.0,0.0,0.5,1,1
2684,train,1,0,1,119.31961939008755,-722.3084853930621,0.0,0.0,-24.33826592688993,-0.5,0.0,-140.07448293480783,0.5,0.994330161584063,0.9987823191973281
2684,train,1,2,1,-59.659809695043776,-1192.3028354970968,0.0,0.0,12.75508658721975,0.0,0.0,-41.431708544710574,0.5,0.994330161584063,0.9987823191973281
2685,train,1,0,1,-295.56555030786114,-954.3687316186099,0.0,-81.84249763562909,0.0,0.2,0.0,71.1382194087377,0.5,0.9852185010262039,1.003933745899739
2685,train,1,2,1,118.22622012314447,166.29382916873072,0.0,-53.124131771626736,0.0,0.2,0.0,27.395955921711334,0.5,0.9852185010262039,1.003933745899739
2686,validation,0,2,0,0.0,-352.32883981830446,0.0,58.275848619827116,0.0,0.0,0.0,0.0,0.5,1,1
2686,validation,1,2,0,0.0,1241.124345784011,0.0,1130.0427612759354,0.0,0.0,0.0,0.0,0.5,1,1
2687,train,1,0,0,311.5058756457153,-1399.8380452741133,-0.38095238095238093,388.0872935386919,-43.05938515341225,-0.19047619047619047,0.5714285714285714,53.03710213546054,0.5,1.038352918819051,0.9966212132726022
2687,train,2,0,0,0.0,-898.1831714932533,-0.5714285714285714,222.36263179780718,-15.192156326185739,0.19047619047619047,-0.5714285714285714,84.96480036515418,0.5,1.038352918819051,0.9966212132726022
2688,validation,2,0,1,303.14364177087174,157.03180743281993,0.0,-139.39470200329626,-10.747042066504257,0.0,-0.6666666666666665,-87.83724425660414,0.5,1.0104788059029057,0.9968910955827297
2688,validation,1,2,0,-121.25745670834868,634.2332207481095,0.0,2.6033436388657947,20.9384170304739,0.26666666666666666,1.0,0.0,0.5,1.0104788059029057,0.9968910955827297
2689,validation,0,1,0,-59.38583077431499,-216.11641167926018,0.0,0.0,83.59346127905766,0.0,0.0,0.0,0.5,0.9897638462385832,0.999188047959379
2689,validation,2,1,0,59.38583077431499,208.2729474491472,0.0,0.0,267.5937996152349,0.0,0.0,0.0,0.5,0.9897638462385832,0.999188047959379
2690,train,0,1,1,240.0,-61.726777549902636,0.0,0.0,0.0,0.0,0.0,0.0,0.5,1,1
2690,train,0,2,1,300.0,44.174660072144434,0.0,0.0,0.0,0.0,0.0,0.0,0.5,1,1
2691,train,2,0,1,-60.0,-16.997045105976213,0.0,-1263.9261169623828,-222.8817930906771,0.0,0.0,0.0,0.5,1,1
2691,train,2,1,1,-180.0,-412.6804140127829,0.0,-1241.6913931621893,-170.31172143091118,0.0,0.0,0.0,0.5,1,1
2692,train,1,0,0,186.0955789088667,1400.823837951182,-0.06666666666666667,-128.5316597911878,50.566590716221356,-0.2,0.5333333333333332,0.0,0.5,1.0338643272714818,1.0009481113345846
2692,train,2,0,0,930.4778945443336,1757.8090429149568,0.0,-46.413686329786685,39.943466386368755,-0.2,0.5333333333333332,0.0,0.5,1.0338643272714818,1.0009481113345846
2693,train,0,2,0,240.0,656.0750934746011,0.16666666666666666,394.6121844036136,-27.09222772304122,0.0,0.0,0.0,0.5,1,1
2693,train,1,2,0,60.0,503.87687790396467,0.16666666666666666,359.6443118935463,233.9528885379543,0.0,0.0,0.0,0.5,1,1
2694,train,2,0,1,-236.61254945103013,-154.6488704639259,0.4,-32.53052230781918,0.0,-0.1,0.6000000000000001,0.0,0.5,0.9858856227126256,1.0028470316013334
2694,train,2,1,1,-59.15313736275753,500.7543102467807,-0.8,110.9887644511706,0.0,-0.1,-0.2999999999999998,0.0,0.5,0.9858856227126256,1.0028470316013334
2695,train,0,2,0,0.0,-167.30710605595502,0.0,0.0,0.0,0.0,0.0,0.0,0.5,0.9993233275026507,0.9998646288547973
2695,train,1,2,0,239.83759860063617,917.1777396678797,0.0,0.0,0.0,0.0,0.0,0.0,0.5,0.9993233275026507,0.9998646288547973
2696,train,1,0,0,301.0578270320644,254.1803147265168,0.0,-71.84436157381653,297.59261701697733,-0.047619047619047616,0.0,8.924776527015666,0.5,1.0035260901068812,0.997836259329798
2696,train,0,2,1,-180.6346962192386,-204.19094701679737,0.0,16.514593271390822,-6.096533138107105,0.047619047619047616,0.19047619047619047,-14.169090156807918,0.5,1.0035260901068812,0.997836259329798
2697,train,2,0,1,590.6511305123029,2075.681327488567,0.33333333333333337,0.0,-1158.447085790318,0.0,0.0,0.0,0.5,0.9844185508538381,0.9986471128909702
2697,train,1,2,0,649.7162435635331,-341.7089132802103,-0.6666666666666667,0.0,951.5047975221333,0.0,0.0,0.0,0.5,0.9844185508538381,0.9986471128909702
2698,train,1,0,0,-124.83873606641212,-799.336489739044,0.8,-89.04180300448866,0.0,-0.13333333333333333,-1.0,54.813706439672536,0.5,1.0403228005534344,0.9971610509762517
2698,train,2,0,0,-124.83873606641212,-217.28632310689346,0.5333333333333333,-84.34216055027488,0.0,-0.06666666666666667,-0.3333333333333335,42.7629333586762,0.5,1.0403228005534344,0.9971610509762517
2699,test,2,0,1,-60.95793635373249,-982.5835093268539,0.0,73.66037785910964,-9.998377738263777,0.0,0.0,-172.02454333513643,0.5,1.0159656058955415,1.0031185998461076
2699,test,2,1,1,0.0,-1571.208924256137,0.0,-4.7688640960392945,-151.8902765613865,0.0,0.0,-3.1326483717821256,0.5,1.0159656058955415,1.0031185998461076
2700,train,0,1,1,-59.01715501215884,-145.52199011795676,-0.8000000000000002,-128.8733387676047,1.4225746445255396,0.2,0.0,0.0,0.5,0.9836192502026473,0.9970260641428296
2700,train,2,0,0,118.03431002431768,-553.9089343653973,-0.4,111.80058930298725,-10.24187923489555,0.0,0.0,0.0,0.5,0.9836192502026473,0.9970260641428296
2701,train,0,1,1,-250.28663949332878,-1533.4709164852652,-0.2666666666666667,163.02760414262062,-200.66641043177623,0.0,-0.06666666666666665,-75.70615695098009,0.5,1.0428609978888699,1.003661956975393
2701,train,0,2,1,187.71497961999657,-1356.4272240672258,-0.4,-21.597976754423485,-294.89470874328674,0.0,-0.6666666666666667,41.159591147512515,0.5,1.0428609978888699,1.003661956975393
2702,train,0,2,0,119.62693146992757,1963.3849455501822,2.0,0.0,0.0,0.0,0.0,0.0,0.5,0.9968910955827297,0.9994586253613486
2702,train,1,2,0,957.0154517594206,4651.52127841799,5.0,0.0,0.0,0.0,0.0,0.0,0.5,0.9968910955827297,0.9994586253613486
2703,train,0,1,1,176.2383821662478,1239.3438110174727,0.0,128.4083673649397,-138.0307752716701,0.2,-1.7999999999999998,0.0,0.5,0.979102123145821,1.0009481113345846
2703,train,0,2,1,58.74612738874926,-695.7355904512978,0.0,-339.5101986304322,-691.6738611823953,-0.2,0.6000000000000001,0.0,0.5,0.979102123145821,1.0009481113345846
2704,train,0,1,0,-61.181161693968626,-313.94601320212274,0.3,0.0,-153.49230209166217,1.2000000000000002,-0.40000000000000013,0.0,0.5,1.0196860282328104,0.9986471128909702
2704,train,2,1,0,244.7246467758745,-582.7851315877508,0.8999999999999999,0.0,-133.16025167420602,1.2000000000000002,-0.7000000000000002,0.0,0.5,1.0196860282328104,0.9986471128909702
2705,train,0,1,0,354.3427040354101,3337.0849179964425,0.14285714285714285,705.1173365953182,-68.58999368918155,0.14285714285714285,-0.19047619047619035,-16.07761544403425,0.5,0.9842852889872503,0.9962165267954964
2705,train,2,1,0,590.5711733923501,1386.4809711890407,0.7142857142857142,152.36716510452555,-112.18827500991661,0.047619047619047616,0.4761904761904763,10.541187017714066,0.5,0.9842852889872503,0.9962165267954964
2706,train,0,1,1,-360.0,-1479.7710062659548,0.0,-277.31214055148723,-84.96740008713839,-0.3,0.0,15.011526496097638,0.5,1,1
2706,train,0,2,1,-840.0,-1183.2799159165656,0.0,-533.5418911805394,27.08520738133302,0.0,0.0,15.011526496097638,0.5,1,1
2707,train,0,2,0,-120.74963104286583,-266.63481247322557,-0.6,0.0,123.36009870805091,0.0,-0.19999999999999996,11.133298877132791,0.5,1.0062469253572153,1.0010836291719092
2707,train,2,1,1,-60.374815521432915,-75.20826546601624,0.3,0.0,31.40887395292731,0.0,0.6000000000000001,-29.510234125743285,0.5,1.0062469253572153,1.0010836291719092
2708,train,2,0,1,233.65218535557202,-630.0798927541709,0.0,0.0,0.0,0.0,0.0,-106.85396951076623,0.5,0.9735507723148834,0.9975661211411933
2708,train,1,2,0,-292.065231694465,206.08996150351595,0.0,0.0,0.0,-0.3333333333333333,0.0,108.2988122190853,0.5,0.9735507723148834,0.9975661211411933
2709,train,0,2,0,362.2488931285975,971.9826056911347,0.0,0.0,-399.83851348173084,-0.4,0.8999999999999999,1.1195771403653296,0.5,1.0062469253572153,0.9981064706710885
2709,train,1,2,0,120.74963104286583,919.5530337143142,0.0,0.0,-212.36787155387321,-0.4,2.1,9.17504784024377,0.5,1.0062469253572153,0.9981064706710885
2710,train,0,1,1,296.76840395819266,-715.666094965016,-0.13333333333333333,69.500338769314,-68.79535284506224,0.0,-0.26666666666666666,0.0,0.5,0.9892280131939755,0.9979713558551195
2710,train,2,0,0,-237.4147231665541,781.3576854268218,-0.13333333333333333,72.27482198495011,4.45281170540035,0.6666666666666666,0.06666666666666667,0.0,0.5,0.9892280131939755,0.9979713558551195
2711,train,1,0,1,0.0,1526.6512080909802,0.0,0.0,0.0,0.0,0.0,0.0,0.5,0.9917758064213138,0.9982416037801811
2711,train,2,1,0,0.0,-469.13017825492517,0.6666666666666666,0.0,0.0,0.0,0.0,198.5558572188154,0.5,0.9917758064213138,0.9982416037801811
2712,train,0,1,0,60.0,-338.50331608205715,0.0,69.03171073132472,0.0,0.0,0.40000000000000013,-36.056745745001216,0.5,1,1
2712,train,1,2,1,-240.0,-957.1347608384135,-0.8999999999999999,-509.3673950652517,0.0,0.0,-1.6000000000000003,-19.667766797863848,0.5,1,1
2713,test,0,1,0,59.15313736275753,211.53419301081067,0.39999999999999997,0.0,39.170999512520744,-0.06666666666666667,-0.3999999999999999,0.0,0.5,0.9858856227126256,1
2713,test,2,1,0,473.22509890206027,308.05755070854866,-0.26666666666666666,0.0,180.88282630271576,0.0,-0.8,95.92148587694695,0.5,0.9858856227126256,1
2714,train,1,0,0,-60.0,-284.67545740553624,0.0,0.0,0.0,0.0,0.0,0.0,0.5,1,1
2714,train,0,2,1,-60.0,447.2140333056609,0.0,0.0,0.0,0.0,0.0,0.0,0.5,1,1
2715,train,0,1,1,180.0,414.1653537074053,0.0,0.0,0.0,0.0,0.0,0.0,0.5,1,1
2715,train,0,2,1,120.0,703.7362252609933,0.0,0.0,0.0,0.0,0.0,0.0,0.5,1,1
2716,validation,0,2,0,-59.46628194057432,274.51691766871215,0.0,-23.457746395716782,0.0,1.2000000000000002,-0.5999999999999999,0.0,0.5,0.991104699009572,0.9983767551848742
2716,validation,2,1,1,-297.3314097028716,-838.8306363002539,0.0,7.825052335708307,0.0,0.0,-0.6000000000000001,-122.24728886057267,0.5,0.991104699009572,0.9983767551848742
2717,train,0,1,1,-62.41091825187258,143.98199737292003,0.0,62.14629027978674,78.02166282469703,0.0,-0.9999999999999999,18.272171519088094,0.5,1.040181970864543,1.0013547198921082
2717,train,0,2,1,-624.1091825187258,-113.49377512886151,-0.2,-2.642277506561612,-13.966523422382721,0.0,-0.9999999999999999,24.589996722883658,0.5,1.040181970864543,1.0013547198921082
2718,test,0,1,1,-586.666505102996,-2152.9192300670347,0.26666666666666666,0.0,-122.478354393362,-0.5333333333333333,-0.19999999999999996,-100.86361522754959,0.5,0.9777775085049933,1.0008126118424647
2718,test,0,2,1,-351.9999030617976,-339.14384904019886,0.0,0.0,483.8875231327273,0.0,-0.19999999999999996,-80.18633162576992,0.5,0.9777775085049933,1.0008126118424647
2719,train,0,1,1,-240.0,-877.4874856136698,0.0,-130.5206967248339,0.0,0.0,0.0,0.0,0.5,1,1
2719,train,0,2,1,-120.0,-1036.9600953315844,0.0,-592.3095213505194,0.0,0.0,0.0,0.0,0.5,1,1
2720,test,0,1,0,-121.01146847877422,562.322753443068,0.0,0.0,52.99211003988131,0.16666666666666666,2.3333333333333335,0.0,0.5,1.0084289039897851,0.9983767551848742
2720,test,2,1,0,181.51720271816131,-446.914676293053,0.0,0.0,168.7502627101211,0.0,2.0,0.0,0.5,1.0084289039897851,0.9983767551848742
2721,train,0,1,0,480.0,3503.748250503214,0.0,0.0,0.0,0.0,0.0,0.0,0.5,1,1
2721,train,1,2,1,-780.0,-3555.7727272837064,0.0,0.0,0.0,0.0,0.0,0.0,0.5,1,1
2722,train,0,1,0,-60.0,1909.9699942313437,0.0,4057.3405504077527,157.8101282635597,0.0,0.0,0.0,0.5,1,1
2722,train,2,1,0,120.0,1414.8765659374276,0.0,1336.3705413322898,391.53433821601607,0.0,0.0,0.0,0.5,1,1
2723,train,0,1,1,299.0673286748189,255.2822326962603,0.0,0.0,0.0,0.0,-3.0,0.0,0.5,0.9968910955827297,0.9994586253613486
2723,train,2,0,0,-119.62693146992757,-312.2879870661321,0.0,0.0,0.0,0.0,3.0,0.0,0.5,0.9968910955827297,0.9994586253613486
2724,test,0,1,0,118.64309642829465,282.9489341041437,0.06666666666666667,149.11967092219962,0.0,-0.3333333333333333,-0.4,-4.150445574210957,0.5,0.9886924702357888,0.9977011810926478
2724,test,2,1,0,59.32154821414733,-233.06463919675872,0.0,-33.86047796888579,0.0,-0.6666666666666666,-0.13333333333333341,36.468764398671524,0.5,0.9886924702357888,0.9977011810926478
2725,train,1,0,1,0.0,-365.1361621819841,0.0,0.0,-1292.4257606135272,0.0,0.0,0.0,0.5,0.9897638462385832,0.999188047959379
2725,train,1,2,1,-118.77166154862998,-926.0933106665315,0.0,0.0,-781.9742468248161,0.0,0.0,0.0,0.5,0.9897638462385832,0.999188047959379
2726,train,0,2,0,-60.50573423938711,-1728.1283599147955,0.3333333333333333,0.0,-268.99525089998724,0.16666666666666666,0.0,0.0,0.5,1.0084289039897851,0.9983767551848742
2726,train,1,2,0,181.51720271816131,-1039.5069312242492,1.0,0.0,-287.06018474113966,0.3333333333333333,0.0,0.0,0.5,1.0084289039897851,0.9983767551848742
2727,train,0,2,0,-117.79486041239183,310.1237988532598,0.0,0.0,0.0,0.0,0.0,148.31040870205408,0.5,0.9816238367699319,0.9986471128909702
2727,train,1,2,0,235.58972082478365,865.2538977952393,0.0,0.0,0.0,0.0,0.0,147.28529951133623,0.5,0.9816238367699319,0.9986471128909702
2728,test,1,0,0,0.0,-116.41287056723544,0.0,0.0,0.0,0.0,4.0,0.0,0.5,0.9968910955827297,1.0062469253572153
2728,test,2,0,0,-119.62693146992757,422.5077162609197,0.0,0.0,0.0,0.0,2.0,0.0,0.5,0.9968910955827297,1.0062469253572153
2729,validation,1,0,0,117.76297052071749,-751.8414768731946,-0.047619047619047616,-67.51489522736922,-45.499816603795466,0.5714285714285714,1.1428571428571428,23.216803274779423,0.5,0.9813580876726458,1.0070646135252042
2729,validation,2,0,0,0.0,-367.58370717332144,0.0,101.39256243423884,8.800596922496553,0.5714285714285714,1.4285714285714284,6.587662753701061,0.5,0.9813580876726458,1.0070646135252042
2730,train,0,1,1,-366.3918802195454,-910.4445012153748,0.0,0.0,-519.8896755833244,0.0,0.0,0.0,0.5,1.0177552228320705,1.0023041156519776
2730,train,2,0,0,183.1959401097727,224.76546431820793,0.0,0.0,616.2223297597112,0.0,0.0,0.0,0.5,1.0177552228320705,1.0023041156519776
2731,test,2,0,1,-426.41681456294725,-443.7685319401623,-0.06666666666666667,0.0,-100.78806251934385,0.26666666666666666,-0.6000000000000001,-68.39123146906562,0.5,1.0152781299117792,1.0028470316013334
2731,test,1,2,0,0.0,-499.323355988152,0.06666666666666667,0.0,36.535563961035955,0.26666666666666666,-0.6,84.55030210676075,0.5,1.0152781299117792,1.0028470316013334
2732,train,0,1,0,0.0,491.60601188661303,0.0,0.0,0.0,0.0,0.0,0.0,0.5,1,1
2732,train,2,1,0,60.0,300.56182992093954,0.0,0.0,0.0,0.0,0.0,0.0,0.5,1,1
2733,validation,1,0,1,-59.21723742801377,142.5552887178824,0.47619047619047616,18.607504565627707,205.24205898886066,-0.5714285714285714,0.2857142857142857,-51.011029612331,0.5,0.9869539571335628,0.9975661211411934
2733,validation,1,2,1,-355.3034245680826,-1269.6641281207656,0.23809523809523808,43.9691739359765,105.6934345833601,-1.4285714285714284,-0.47619047619047605,-65.15408030080545,0.5,0.9869539571335628,0.9975661211411934
2734,train,2,0,1,-239.25386293985514,-786.8540118796716,0.0,0.0,0.0,0.0,0.0,0.0,0.5,0.9968910955827297,0.9994586253613486
2734,train,1,2,0,59.813465734963785,606.5801749123015,1.0,0.0,0.0,0.0,0.0,0.0,0.5,0.9968910955827297,0.9994586253613486
2735,train,1,0,0,-185.74320147222204,-1179.25495890872,0.0,22.385392496274733,348.53606660161006,0.047619047619047616,0.9523809523809523,57.722605651628236,0.5,1.031906674845678,0.9959468271073058
2735,train,0,2,1,-1052.5448083425915,-842.1707208760787,-0.857142857142857,-109.2695653797069,-188.01573560128486,-0.047619047619047616,0.0,0.0,0.5,1.031906674845678,0.9959468271073058
2736,test,0,1,1,302.65156542612885,167.33269311976213,0.0,0.0,0.0,0.0,0.0,-354.8939630313184,0.5,1.0088385514204294,0.9997292760349417
2736,test,0,2,1,302.65156542612885,1037.4493412850136,0.0,0.0,0.0,0.0,0.0,-332.0286966858206,0.5,1.0088385514204294,0.9997292760349417
2737,validation,0,1,0,118.59492039502639,1225.4560850089097,0.0,0.0,0.0,-0.6666666666666666,0.5,32.73157946381806,0.5,0.9882910032918866,0.997836259329798
2737,validation,2,1,0,177.89238059253958,896.2664602656603,0.0,0.0,0.0,0.0,-0.5,-0.6124595128289556,0.5,0.9882910032918866,0.997836259329798
2738,train,0,1,1,179.87819895047713,1427.599719752084,0.0,0.0,0.0,-2.0,0.0,0.0,0.5,0.9993233275026507,0.9998646288547973
2738,train,0,2,1,119.91879930031808,-17.9098408731181,0.0,0.0,0.0,-3.0,0.0,0.0,0.5,0.9993233275026507,0.9998646288547973
2739,train,2,0,1,59.95939965015904,-118.84506280249965,0.0,0.0,0.0,-1.0,0.0,0.0,0.5,0.9993233275026507,0.9998646288547973
2739,train,1,2,0,59.95939965015904,184.7751334703596,0.0,0.0,0.0,0.0,0.0,0.0,0.5,0.9993233275026507,0.9998646288547973
2740,validation,0,1,1,240.0,165.7895672852992,0.0,-34.89340448803398,-539.0754057303568,0.20000000000000007,0.0,39.579011795165826,0.5,1,1
2740,validation,0,2,1,360.0,1516.4491706826793,-0.13333333333333336,-550.9067156793212,33.116301878388015,0.4000000000000001,0.0,33.07316930731784,0.5,1,1
2741,train,0,1,1,-57.66659896271924,-923.2120419318096,0.0,-19.345167732777142,17.570500124587163,0.0,-0.7142857142857142,-10.058071800369277,0.5,0.9611099827119873,0.9989175438091965
2741,train,2,0,0,115.33319792543848,-200.51821416601277,-0.19047619047619047,-50.96786041221338,-29.454475246417076,0.14285714285714285,1.4285714285714286,76.29097925666343,0.5,0.9611099827119873,0.9989175438091965
2742,train,0,2,0,-61.830637296453446,-554.9212125877609,0.0,-151.59639239719877,270.6184702532592,0.19047619047619047,0.2857142857142858,-22.110957304598642,0.5,1.0305106216075575,0.9959468271073058
2742,train,2,1,1,-370.9838237787207,185.6669649446436,0.2857142857142857,143.82048112087486,-105.7015924292325,-0.38095238095238093,-0.2857142857142858,-15.530225458065637,0.5,1.0305106216075575,0.9959468271073058
2743,validation,0,1,0,239.25386293985514,568.3352409043059,0.0,0.0,0.0,0.0,0.0,0.0,0.5,0.9968910955827297,0.9994586253613486
2743,validation,2,1,0,59.813465734963785,767.5935507016986,1.0,0.0,0.0,0.0,0.0,0.0,0.5,0.9968910955827297,0.9994586253613486
2744,train,0,2,0,120.0,-481.7508060642872,0.0,509.96581862565205,0.0,0.16666666666666666,0.0,-60.16965183162312,0.5,1,1
2744,train,1,2,0,240.0,-18.40450862723992,0.0,843.30572222982,0.0,0.0,0.0,8.98166577124016,0.5,1,1
2745,train,1,0,1,-242.8434531940359,-462.92774850177324,0.0,0.0,-727.8037826816195,0.0,0.0,-189.58064653544466,0.5,1.0118477216418162,0.9987823191973281
2745,train,1,2,1,-121.42172659701795,366.3316404660553,0.0,0.0,-414.54928138525855,0.0,0.0,-185.6304349255596,0.5,1.0118477216418162,0.9987823191973281
2746,train,1,0,1,-119.64312769713955,-487.0054996192727,-0.3333333333333333,0.0,0.0,0.0,0.0,0.0,0.5,0.9970260641428296,1.0051577071433853
2746,train,2,1,0,299.10781924284885,1300.5106805743624,0.3333333333333333,0.0,0.0,0.6666666666666666,0.0,0.0,0.5,0.9970260641428296,1.0051577071433853
2747,train,2,0,1,-300.0,-773.7958140275059,0.0,-716.3263064535106,0.0,0.0,0.0,0.0,0.5,1,1
2747,train,1,2,0,120.0,1021.116579749998,0.0,613.6962668276822,0.0,0.0,-0.6666666666666665,0.0,0.5,1,1
2748,train,1,0,0,-237.9295409910389,-991.1874315883007,0.0,193.04806569692497,-235.12682413954514,0.8,-0.8999999999999999,0.0,0.5,0.9913730874626621,0.9985119248876447
2748,train,2,0,0,356.89431148655837,-535.1537011571713,0.0,93.28098373125803,-194.8406959607305,0.0,0.5999999999999999,0.0,0.5,0.9913730874626621,0.9985119248876447
2749,train,1,0,1,60.0,-426.7533795426966,-0.4,-96.19078884214298,0.0,0.0,0.29999999999999993,0.0,0.5,1,1
2749,train,2,1,0,300.0,886.8670178744619,0.0,-269.78169155152386,0.0,0.1,0.0,0.0,0.5,1,1
2750,train,0,2,0,-120.0,-777.613063522635,0.0,0.0,0.0,0.0,0.0,0.0,0.5,1,1
2750,train,1,2,0,60.0,-951.4976041703317,0.0,0.0,0.0,0.0,0.0,0.0,0.5,1,1
2751,validation,1,0,1,59.34564601589777,-1227.3150736751854,-0.06666666666666667,37.81941962404453,29.244457946088687,-0.6666666666666666,0.0,5.255266924322128,0.5,0.9890941002649628,0.9977011810926478
2751,validation,2,1,0,-118.69129203179554,-371.31643901808025,-0.06666666666666667,-116.8689459260081,9.0396412738192,1.3333333333333333,0.0,-5.255266924322128,0.5,0.9890941002649628,0.9977011810926478
2752,validation,1,0,1,180.0,609.4340643612709,0.0,0.0,0.0,0.0,0.0,0.0,0.5,1,1
2752,validation,1,2,1,-60.0,-522.3035674160355,0.0,0.0,0.0,0.0,0.0,0.0,0.5,1,1
2753,train,1,0,1,-296.6077410707366,389.26303649099606,0.0,131.73430307389606,0.0,0.0,0.8,73.45856530079561,0.5,0.9886924702357888,0.997836259329798
2753,train,2,1,0,-118.64309642829465,-360.18905086836105,0.06666666666666667,21.604301230180283,0.0,0.3333333333333333,0.2666666666666666,-76.61468220510625,0.5,0.9886924702357888,0.997836259329798
2754,validation,0,1,0,119.06144267686021,886.3037300727074,0.0,0.0,0.0,0.0,3.333333333333333,173.97106092596988,0.5,0.9921786889738351,0.9986471128909702
2754,validation,2,1,0,119.06144267686021,2027.2317966039145,0.0,0.0,0.0,0.0,7.999999999999999,59.449071359227275,0.5,0.9921786889738351,0.9986471128909702
2755,train,2,0,1,57.92480372962882,537.8204705211107,0.0,187.77315753817498,0.0,0.0,-0.8999999999999999,-15.345706621555834,0.5,0.9654133954938137,0.9962165267954964
2755,train,2,1,1,-173.77441118888646,-802.7902073805813,0.0,47.93922282672975,0.0,0.0,-0.3,94.39980099670052,0.5,0.9654133954938137,0.9962165267954964
2756,train,0,1,0,238.57463341923403,1137.190798795357,0.0,6.553348375653741,0.0,0.0,0.0,72.77833389923082,0.5,0.9940609725801418,0.9987823191973281
2756,train,2,1,0,-59.64365835480851,-338.83507543145146,0.0,-176.90891504046667,0.0,0.5,0.0,23.772738631245183,0.5,0.9940609725801418,0.9987823191973281
2757,train,2,0,1,-60.0,-279.6861048117885,0.0,0.0,0.0,0.0,0.0,0.0,0.5,1,1
2757,train,1,2,0,120.0,565.2565638300125,0.0,0.0,0.0,0.0,0.0,0.0,0.5,1,1
2758,train,1,0,1,-240.0,-1198.039039483504,0.0,0.0,0.0,0.0,0.0,0.0,0.5,1,1
2758,train,2,1,0,180.0,-146.45565590547358,0.0,0.0,0.0,0.0,0.0,0.0,0.5,1,1
2759,test,0,1,1,-59.821563848569774,193.77361609820352,0.0,0.0,0.0,-0.6666666666666666,1.0,0.0,0.5,0.9970260641428296,1.0051577071433853
2759,test,2,0,0,119.64312769713955,-522.6821178708226,0.0,0.0,0.0,0.6666666666666666,-0.6666666666666666,0.0,0.5,0.9970260641428296,1.0051577071433853
2760,train,1,0,0,0.0,-934.118894803602,0.0,0.0,0.0,0.0,0.0,0.0,0.5,1,1
2760,train,2,0,0,-120.0,-844.60342672967,0.0,0.0,0.0,0.0,0.0,0.0,0.5,1,1
2761,train,0,1,0,121.42172659701795,-133.61899301256108,0.0,0.0,239.5275233712087,0.0,0.0,71.12744236794751,0.5,1.0118477216418162,0.9987823191973281
2761,train,1,2,1,60.710863298508976,-51.62237060922187,0.0,0.0,308.6499167826563,0.0,0.0,-124.52879628696927,0.5,1.0118477216418162,0.9987823191973281
2762,test,0,1,0,177.6517122840413,-7.629154452402842,0.047619047619047616,-58.94551352330075,38.14543623175116,0.2857142857142857,-0.09523809523809523,-58.86641978919563,0.5,0.9869539571335628,1.0009481113345846
2762,test,2,1,0,236.86894971205507,1396.3415995931705,0.14285714285714285,-85.33645317699563,139.79014039741242,0.2857142857142857,0.7619047619047619,-0.15374587039944032,0.5,0.9869539571335628,1.0009481113345846
2763,test,0,1,1,-242.64627595666352,3.1319342470552702,0.0,-198.9959419744354,0.0,0.13333333333333333,0.8,-33.98125044856494,0.5,1.0110261498194313,0.9967561452934783
2763,test,2,0,0,-60.66156898916588,-214.277459730003,-0.3333333333333333,272.3011672280828,0.0,0.0,-0.8,25.655690185643266,0.5,1.0110261498194313,0.9967561452934783
2764,train,0,2,0,117.95443945298062,704.1212945039773,0.13333333333333333,-126.08016554800173,464.32184794478167,0.0,-0.6666666666666666,0.0,0.5,0.9829536621081718,1.0006771306930664
2764,train,2,1,1,-471.8177578119225,-454.6892561835367,0.0,275.87503331682,-410.3749660110944,0.0,0.0,0.0,0.5,0.9829536621081718,1.0006771306930664
2765,train,0,1,0,118.64309642829465,208.5799904135002,0.26666666666666666,-266.3994086336277,0.0,0.6666666666666666,-0.1333333333333333,89.54742855417265,0.5,0.9886924702357888,0.9979713558551195
2765,train,1,2,1,-118.64309642829465,-1081.5638575254839,-0.26666666666666666,-58.60178364490588,0.0,-0.6666666666666666,-0.13333333333333336,-19.648223775840986,0.5,0.9886924702357888,0.9979713558551195
2766,train,0,1,1,-239.25386293985514,-134.46852154960416,-1.0,0.0,0.0,0.0,0.0,0.0,0.5,0.9968910955827297,0.9994586253613486
2766,train,2,0,0,59.813465734963785,-580.4461812912656,1.0,0.0,0.0,0.0,0.0,0.0,0.5,0.9968910955827297,0.9994586253613486
2767,test,2,0,1,-176.21452457462527,-1400.3619113616953,-0.4,-184.76096733429188,18.82992816818097,0.0,-0.6,0.0,0.5,0.9789695809701404,1.0009481113345846
2767,test,1,2,0,176.21452457462527,2188.5881612479748,0.4,-117.19964157607251,318.35519632976417,0.0,0.30000000000000004,0.0,0.5,0.9789695809701404,1.0009481113345846
2768,train,2,0,1,-298.21829177404254,-285.7701966216956,0.0,-182.1212823996887,0.0,0.0,0.0,-177.19313657659237,0.5,0.9940609725801418,0.997836259329798
2768,train,1,2,0,178.93097506442552,216.70987838041333,0.0,567.6043465316349,0.0,0.0,0.0,0.0,0.5,0.9940609725801418,0.997836259329798
2769,train,1,0,0,0.0,-320.90751087854017,0.0,0.0,0.0,0.0,0.0,162.7770576375061,0.5,0.9735507723148834,0.9975661211411933
2769,train,0,2,1,-116.82609267778601,498.97843115911184,-0.3333333333333333,0.0,0.0,0.0,0.0,-70.31185704310117,0.5,0.9735507723148834,0.9975661211411933
2770,train,1,0,0,-118.22622012314447,998.0004332778959,0.0,282.82032098493,-64.67909231227569,0.3,0.0,0.0,0.5,0.9852185010262039,0.9972960560854701
2770,train,2,0,0,0.0,319.62573580889284,0.0,166.36821559794186,11.542135051880479,0.3,-1.2000000000000002,0.0,0.5,0.9852185010262039,0.9972960560854701
2771,train,2,0,1,-117.49225477749852,-441.2213104576036,-0.4000000000000001,0.0,100.3548360156359,-0.3,0.0,-37.7477050202075,0.5,0.979102123145821,0.9981064706710885
2771,train,2,1,1,0.0,-380.37421084286296,-0.6000000000000001,0.0,203.22873850390565,0.0,0.0,-32.94695172940012,0.5,0.979102123145821,0.9981064706710885
2772,train,2,0,1,-116.2581036140058,-102.83877650500546,0.0,0.0,0.0,-0.16666666666666666,-1.0,115.21791503072241,0.5,0.968817530116715,0.9968910955827297
2772,train,2,1,1,-174.3871554210087,-172.6897717447526,0.0,0.0,0.0,0.0,-0.6666666666666667,2.281697661494661,0.5,0.968817530116715,0.9968910955827297
2773,train,0,2,0,177.31532355650012,2437.367179997082,-0.09523809523809523,80.73315680710107,208.55241203491425,0.0,0.9523809523809526,0.0,0.5,0.9850851308694452,0.9993233275026507
2773,train,1,2,0,-118.21021570433342,322.72775383271266,-0.09523809523809523,19.892519716776178,121.12999090926847,-0.047619047619047616,0.0,0.0,0.5,0.9850851308694452,0.9993233275026507
2774,train,2,0,1,308.60957268781186,770.2957191733353,0.6666666666666666,0.0,0.0,0.0,0.0,-287.15394522251984,0.5,1.0286985756260396,1.0017614936235477
2774,train,1,2,0,-61.72191453756238,300.700470210778,-1.0,0.0,0.0,0.0,0.0,380.67759332738734,0.5,1.0286985756260396,1.0017614936235477
2775,train,2,0,1,0.0,-818.4366563781736,0.0,-38.807407998832076,-136.96970006171375,0.0,0.0,-24.229869611918918,0.5,1.0338643272714818,0.9979713558551195
2775,train,1,2,0,0.0,254.99540820914794,0.0,-29.253481869914914,80.35059225109381,0.0,0.0,6.933521866909079,0.5,1.0338643272714818,0.9979713558551195
2776,train,0,2,0,-237.9295409910389,-185.57060839331965,0.0,-71.26112422071407,34.94384247764512,0.8,1.5,0.0,0.5,0.9913730874626621,0.9985119248876447
2776,train,2,1,1,237.9295409910389,577.4292580276797,0.0,176.24551849960307,17.410402472808133,-0.4,-0.6,0.0,0.5,0.9913730874626621,0.9985119248876447
2777,test,0,1,0,-120.0,1197.5440155786728,0.0,539.8692408791551,0.0,0.0,0.0,0.0,0.5,1,1
2777,test,1,2,1,720.0,79.27285897527236,0.0,-971.3175102589182,0.0,0.0,0.0,0.0,0.5,1,1
2778,train,0,2,0,59.34564601589777,132.90072903043503,0.20000000000000007,41.27533338774555,43.59735645441328,0.3333333333333333,0.0,31.52626779375633,0.5,0.9890941002649628,1.0035260901068812
2778,train,1,2,0,296.72823007948887,1988.2697531574931,0.0,458.5379023551316,2.1470006028767608,0.6666666666666666,0.0,-6.504812395619545,0.5,0.9890941002649628,1.0035260901068812
2779,validation,1,0,1,243.0736958245388,14.31546324767692,-0.3,-162.2518964405005,-139.9705740623742,0.0,-1.2000000000000002,0.0,0.5,1.0128070659355783,0.9975661211411934
2779,validation,2,1,0,-60.7684239561347,-379.7798683528463,-0.3,22.131962341465083,-22.69402935727697,0.0,0.7999999999999998,0.0,0.5,1.0128070659355783,0.9975661211411934
2780,train,1,0,1,306.9429030768281,422.7436212733628,0.0,0.0,0.0,-0.16666666666666666,0.3333333333333335,-182.63982848338824,0.5,1.0231430102560937,1.0009481113345846
2780,train,2,1,0,306.9429030768281,212.66794728700822,0.0,0.0,0.0,0.0,0.0,215.47541550654805,0.5,1.0231430102560937,1.0009481113345846
2781,test,0,1,0,617.2191453756237,-2820.15873671656,1.0,0.0,0.0,0.0,0.0,60.31598743230728,0.5,1.0286985756260396,1.004749554350707
2781,test,1,2,1,370.33148722537425,2027.8041628172828,-1.3333333333333333,0.0,0.0,0.0,0.0,-487.9255707962236,0.5,1.0286985756260396,1.004749554350707
2782,validation,1,0,0,0.0,1098.11386875211,-0.4,276.86811529084684,0.0,0.0,0.0,68.68634841301538,0.5,0.9853518892398779,0.9967561452934783
2782,validation,2,0,0,768.5744736071048,2522.6458652023425,-0.4,211.7311195351915,0.0,0.2,0.0,128.3035796498897,0.5,0.9853518892398779,0.9967561452934783
2783,validation,1,0,0,176.62054321880345,796.7763754523605,0.19047619047619047,-43.09478910352426,54.59605071460445,0.0,0.2857142857142857,19.299244555917767,0.5,0.9812252401044637,0.9964862995176282
2783,validation,2,0,0,58.873514406267816,168.77217767340562,0.38095238095238093,-28.568719318847002,39.015559114650436,0.0,0.8571428571428571,13.673385708285338,0.5,0.9812252401044637,0.9964862995176282
2784,test,1,0,0,300.0,-84.75480531792664,0.6666666666666666,711.6671401045095,0.0,0.0,0.0,0.0,0.5,1,1
2784,test,0,2,1,-240.0,-251.69115040001043,0.0,-198.82395277853095,0.0,0.0,0.0,0.0,0.5,1,1
2785,test,2,0,1,58.55556348692936,23.47010332782552,0.2857142857142857,19.560632676126442,67.86193156018777,-0.2857142857142857,0.23809523809523808,-2.152273888968657,0.5,0.9759260581154893,1.0010836291719092
2785,test,1,2,0,0.0,385.8783441147686,0.0,-6.260158502511139,24.852316316602398,0.14285714285714285,0.0,16.064749330696685,0.5,0.9759260581154893,1.0010836291719092
2786,train,0,1,0,533.0994596516113,773.1350581191828,0.14285714285714285,214.95088884502584,-129.54726301435704,0.0,0.2857142857142858,48.22590293022561,0.5,0.9872212215770579,1.0009481113345846
2786,train,1,2,1,-59.23327329462347,-923.5275878621823,-0.19047619047619047,37.86416175730179,245.54725157099512,-0.2857142857142857,0.28571428571428564,-5.431083032734456,0.5,0.9872212215770579,1.0009481113345846
2787,train,0,1,1,292.3421420510726,-286.30739975183184,-0.2857142857142857,-33.57127042799671,-70.14716329082579,-0.14285714285714285,-0.19047619047619047,-2.6456291580096014,0.5,0.9744738068369087,0.9954076467536646
2787,train,0,2,1,233.87371364085809,-467.2636427293211,0.5714285714285714,6.419889565885185,-142.53515611537472,0.0,0.19047619047619047,21.904119271103408,0.5,0.9744738068369087,0.9954076467536646
2788,train,1,0,0,288.1378878059275,1244.3178390538635,0.0,0.0,72.04876434709354,0.06666666666666667,0.2,-25.791955954818505,0.5,0.9604596260197583,0.9989175438091965
2788,train,0,2,1,115.255155122371,-169.91147909313233,0.0,0.0,-23.435503224546807,0.0,-1.0000000000000002,-55.811514228788894,0.5,0.9604596260197583,0.9989175438091965
2789,test,0,1,0,-118.59492039502639,234.519136509769,-0.3333333333333333,0.0,0.0,0.3333333333333333,2.5,0.0,0.5,0.9882910032918866,0.997836259329798
2789,test,2,1,0,0.0,2.7536703645725655,-0.16666666666666666,0.0,0.0,0.0,4.0,0.0,0.5,0.9882910032918866,0.997836259329798
2790,train,0,2,0,300.0,401.7698591114713,0.5333333333333333,-78.77634555351716,0.0,0.13333333333333333,-0.2,6.651281285928455,0.5,1,1
2790,train,2,1,1,-960.0,-1969.034174395014,-0.5333333333333333,-577.5232040897778,0.0,-0.26666666666666666,0.0,-99.5150881291744,0.5,1,1
2791,validation,0,1,1,552.4972255382905,592.9129945645417,0.3333333333333333,0.0,0.0,-0.3333333333333333,0.0,0.6871263778509729,0.5,1.0231430102560937,1.0044775445674627
2791,validation,2,0,0,-613.8858061536562,-350.3993997271664,0.3333333333333333,0.0,0.0,0.0,0.0,-135.4558165843255,0.5,1.0231430102560937,1.0044775445674627
2792,test,1,0,0,-122.7605407458107,394.703680583611,0.0,145.09242938573433,-22.447030156632877,0.5,0.0,0.0,0.5,1.0230045062150892,1.0051577071433853
2792,test,0,2,1,-306.90135186452676,-208.13408033836444,0.0,-77.55420303527293,88.44714899053514,-1.0,0.0,0.0,0.5,1.0230045062150892,1.0051577071433853
2793,train,0,1,1,-607.5197248745094,-2664.007922096885,-2.8000000000000003,-406.3147649973379,0.0,-0.20000000000000007,0.0,-344.38618236155475,0.5,1.012532874790849,0.9967561452934783
2793,train,2,0,0,121.50394497490188,771.129791137697,2.4000000000000004,238.23831288718952,0.0,-0.4,0.0,127.97792829166572,0.5,1.012532874790849,0.9967561452934783
2794,train,1,0,1,-352.42904914925055,-2293.7450066340543,0.0,-262.2749965478662,-368.74734559165114,0.0,-0.5,0.0,0.5,0.9789695809701404,1.0010836291719092
2794,train,1,2,1,58.738174858208424,-1288.2589605132498,0.0,-92.29532062306237,-114.50041814326386,-0.8999999999999999,0.30000000000000004,0.0,0.5,0.9789695809701404,1.0010836291719092
2795,validation,2,0,1,-57.69783510735145,-2645.88356461836,0.0,-197.3089923932916,9.099698001171134,-0.2,0.06666666666666665,232.0446397875227,0.5,0.9616305851225242,0.999052786729054
2795,validation,1,2,0,692.3740212882174,5551.755409530964,0.0,741.740551051503,-20.10576740978945,0.6000000000000001,0.6666666666666666,-152.78096564944707,0.5,0.9616305851225242,0.999052786729054
2796,train,0,1,0,480.0,721.8023512943878,0.0,0.0,0.0,0.0,0.0,0.0,0.5,1,1
2796,train,1,2,1,-60.0,-13.235460440678253,0.0,0.0,0.0,0.0,0.0,0.0,0.5,1,1
2797,train,1,0,1,-120.88047886556116,-221.2431023742267,0.0,-38.74723093280447,5.045496867185815,0.14285714285714285,-0.09523809523809523,15.896772695542955,0.5,1.0073373238796763,1.0017614936235477
2797,train,2,1,0,120.88047886556116,381.6622021949406,0.0,33.709395607553574,-7.649106728401325,0.14285714285714285,-0.09523809523809523,-19.56564393520388,0.5,1.0073373238796763,1.0017614936235477
2798,validation,0,1,0,117.73108926240107,1179.3655808807382,0.0,218.04764372464192,901.9574128116255,0.0,-1.333333333333333,0.0,0.5,0.981092410520009,0.9982416037801811
2798,validation,2,1,0,-176.59663389360162,-668.1669692869992,0.0,208.93886646644032,-77.73678191598572,0.0,-1.333333333333333,0.0,0.5,0.981092410520009,0.9982416037801811
2799,train,0,2,0,300.0,102.31814890252826,0.0,0.0,0.0,0.0,0.0,0.0,0.5,1,1
2799,train,1,2,0,60.0,-422.75928421271874,0.0,0.0,0.0,0.0,0.0,0.0,0.5,1,1
2800,validation,1,0,1,178.93097506442552,281.37697982645034,0.0,226.90868990991942,0.0,-0.16666666666666666,0.0,-206.72433327682964,0.5,0.9940609725801418,1.0008126118424647
2800,validation,1,2,1,-238.57463341923403,-1050.2996950410768,0.0,-391.4265451005996,0.0,-0.8333333333333333,0.0,-218.247578311601,0.5,0.9940609725801418,1.0008126118424647
2801,train,1,0,1,-472.9048804925779,-156.93225599890883,0.0,0.0,-15.984752439852688,0.0,2.4000000000000004,-15.224688862797194,0.5,0.9852185010262039,1.0042056084237854
2801,train,2,1,0,-59.113110061572236,167.06645472837297,0.0,0.0,24.697443945603577,0.5999999999999999,-1.2000000000000002,26.237498513386527,0.5,0.9852185010262039,1.0042056084237854
2802,train,2,0,1,-118.4184422455348,-1720.0384626319853,0.23809523809523808,-93.9556004469853,-84.32702960767759,-0.2857142857142857,0.0,-59.85847066256895,0.5,0.9868203520461234,1.0031185998461076
2802,train,1,2,0,118.4184422455348,902.0113022893778,-0.23809523809523808,37.16595584829415,61.81105176208971,0.2857142857142857,-0.1428571428571428,5.275750646819344,0.5,0.9868203520461234,1.0031185998461076
2803,train,0,1,1,-360.0,-220.6789907983598,-0.13333333333333333,83.64852419849592,5.691078566962304,0.06666666666666667,-0.2666666666666666,0.0,0.5,1,1
2803,train,0,2,1,-480.0,-934.6217094727358,-0.13333333333333333,-317.35714634530325,26.07488337951162,0.06666666666666667,0.2666666666666666,0.0,0.5,1,1
2804,train,0,1,1,60.7684239561347,8.854594562513935,-0.2,0.0,-8.992444118673568,-0.6,0.3999999999999999,0.0,0.5,1.0128070659355783,0.9977011810926478
2804,train,2,0,0,0.0,-53.94397448273538,0.2,0.0,10.96903867617398,0.3,-0.3999999999999999,0.0,0.5,1.0128070659355783,0.9977011810926478
2805,test,0,2,0,365.99527706054147,906.6979568380044,-1.2,0.0,49.285154604206156,0.0,0.0,76.56292313872271,0.5,1.016653547390393,1.0001353894730307
2805,test,2,1,1,-121.99842568684717,220.10773045397823,0.6,0.0,-69.93936323724253,0.0,-0.09999999999999998,-9.285376941938068,0.5,1.016653547390393,1.0001353894730307
2806,train,0,1,0,405.47362610740174,1043.470231115824,0.0,62.66504638714946,0.0,0.2,0.0,0.0,0.5,0.9654133954938137,0.9962165267954964
2806,train,2,1,0,926.7968596740611,1132.899276575931,1.1999999999999997,87.34915811640235,0.0,0.0,0.0,0.0,0.5,0.9654133954938137,0.9962165267954964
2807,train,1,0,0,243.86475766644986,711.1882670581645,0.6666666666666666,0.0,0.0,0.16666666666666666,0.5,0.0,0.5,1.016103156943541,1.0048855868633984
2807,train,0,2,1,-60.966189416612465,-854.8128594742881,-0.3333333333333333,0.0,0.0,0.0,-1.0,0.0,0.5,1.016103156943541,1.0048855868633984
2808,train,0,2,0,364.5118349247057,2159.4994962074197,0.8000000000000002,32.94937785498426,0.0,0.2,0.0,-80.84791923746995,0.5,1.012532874790849,0.9967561452934783
2808,train,1,2,0,364.5118349247057,345.77988411504674,0.0,122.91839993248321,0.0,0.0,0.0,-76.68523135814026,0.5,1.012532874790849,0.9967561452934783
2809,validation,2,0,1,-461.5826808588116,-284.37534462799215,0.0,75.5186497079788,-12.14187450289753,-0.7142857142857142,-0.19047619047619047,-45.74297040186034,0.5,0.9616305851225242,1.002032767907594
2809,validation,2,1,1,-230.7913404294058,-1270.9759773857372,-0.14285714285714285,32.98395581734452,-70.61551683733605,-0.7142857142857142,-0.5714285714285714,-172.524132124477,0.5,0.9616305851225242,1.002032767907594
2810,train,1,0,0,-180.0,1021.6621178727164,0.0,0.0,0.0,0.0,0.0,0.0,0.5,1,1
2810,train,2,0,0,-240.0,-660.9327169129838,0.0,0.0,0.0,0.0,0.0,0.0,0.5,1,1
2811,train,1,0,1,-360.0,721.0459630412743,0.0,0.0,0.0,0.0,0.0,0.0,0.5,1,1
2811,train,2,1,0,-120.0,-738.5291201100536,0.0,0.0,0.0,0.0,0.0,0.0,0.5,1,1
2812,train,0,2,0,59.34564601589777,-376.4943140562818,0.2666666666666667,0.0,91.21430879490185,-0.3333333333333333,-0.5333333333333333,-1.5698861814152245,0.5,0.9890941002649628,0.9981064706710885
2812,train,2,1,1,237.38258406359108,906.6811680579191,-0.5333333333333333,0.0,-140.16535938347894,-0.3333333333333333,0.4,28.193024696595565,0.5,0.9890941002649628,0.9981064706710885
2813,train,1,0,0,656.0802419028936,251.1359285160525,0.0,0.0,0.0,0.5,0.0,18.789829429606627,0.5,0.9940609725801418,1.0046135402528928
2813,train,0,2,1,-119.28731670961702,-369.3596689598548,-0.3333333333333333,0.0,0.0,-0.5,0.0,30.255791045036695,0.5,0.9940609725801418,1.0046135402528928
2814,train,0,1,1,-58.1290518070029,210.02994144660855,0.3333333333333333,0.0,0.0,-0.3333333333333333,0.0,-117.67557703112337,0.5,0.968817530116715,1.0002707972763707
2814,train,2,0,0,290.6452590350145,-206.4670283426984,0.0,0.0,0.0,0.16666666666666666,0.0,0.0,0.5,0.968817530116715,1.0002707972763707
2815,train,1,0,1,-371.5366982927767,-933.9451899493762,-0.3333333333333333,-378.52556564129134,-74.0001519360936,0.0,-0.6666666666666666,22.453470464084354,0.5,1.0320463841466019,1.0074737067491204
2815,train,2,1,0,247.69113219518445,924.1660093796309,0.6666666666666666,30.493419929057836,-20.13141382928552,0.0,0.9333333333333332,20.806263242429328,0.5,1.0320463841466019,1.0074737067491204
2816,train,0,2,0,-58.738174858208424,476.66715748393915,-0.2,611.7065942493418,-20.692352326081476,0.0,0.0,0.0,0.5,0.9789695809701404,1.0009481113345846
2816,train,2,1,1,528.6435737238759,1381.7882423702242,0.0,194.05517144989528,-1094.0642603519361,0.0,0.0,-174.3791139196384,0.5,0.9789695809701404,1.0009481113345846
2817,validation,2,0,1,-62.12430526883182,-19.28687642343301,0.0,-94.39652048173741,105.5409454571784,0.0,0.09999999999999998,-157.69079944883677,0.5,1.0354050878138636,1.0010836291719092
2817,validation,1,2,0,62.12430526883182,-168.5724202212847,0.0,-220.31838876301936,252.36963742931601,0.0,0.0,87.45759980071306,0.5,1.0354050878138636,1.0010836291719092
2818,test,0,1,1,-354.39067830738173,-1003.671504393028,0.09523809523809523,6.35460080653894,-212.25668650904242,-0.19047619047619047,-0.5714285714285714,-146.04371026938784,0.5,0.9844185508538381,0.9962165267954964
2818,test,2,0,0,177.19533915369087,184.2435270138357,0.0,42.92631582365735,-79.73704954464692,0.0,0.38095238095238093,133.08770988777698,0.5,0.9844185508538381,0.9962165267954964
2819,train,0,2,0,-60.62872835417434,-287.0734625478411,0.2,-29.58952582330835,-3.959481716029779,0.0,0.0,-47.417010858000396,0.5,1.0104788059029057,0.9970260641428296
2819,train,2,1,1,60.62872835417434,-526.392501472853,-0.4,46.75735737504965,-11.130239927240247,0.0,0.6666666666666667,-9.617596282503776,0.5,1.0104788059029057,0.9970260641428296
2820,train,0,1,1,116.82609267778601,139.43204695039762,0.6666666666666666,0.0,0.0,0.0,0.0,-110.90141780603352,0.5,0.9735507723148834,0.9975661211411933
2820,train,0,2,1,116.82609267778601,-63.29010297682725,0.6666666666666666,0.0,0.0,0.0,0.0,-216.12740017064152,0.5,0.9735507723148834,0.9975661211411933
2821,train,2,0,1,-237.12562781588252,-825.3062035693636,-0.16666666666666666,0.0,162.63910839170416,0.0,-1.5,0.0,0.5,0.9880234492328439,0.9981064706710885
2821,train,2,1,1,-355.6884417238238,-1111.0517120879676,-0.5,0.0,150.02962126180287,0.0,0.5,0.0,0.5,0.9880234492328439,0.9981064706710885
2822,train,0,1,1,-594.8238524775973,-999.3502537445269,0.0,0.0,9.110722277653348,0.0,0.30000000000000027,0.0,0.5,0.9913730874626621,0.9985119248876447
2822,train,0,2,1,-297.4119262387986,-1569.8808966121942,-0.6000000000000001,0.0,11.513160409895015,0.0,0.6000000000000001,0.0,0.5,0.9913730874626621,0.9985119248876447
2823,train,1,0,0,240.84626162565144,135.7044698327704,0.0,24.12407153582224,-5.04609717612292,0.14285714285714285,0.09523809523809523,60.75700336426796,0.5,1.003526090106881,1.003797842238849
2823,train,2,0,0,60.21156540641286,-200.0458878497443,0.0,31.97600949767387,-43.49129284044393,0.0,0.0,31.6399117925813,0.5,1.003526090106881,1.003797842238849
2824,train,0,1,1,-59.813465734963785,-688.0720638663558,0.0,0.0,0.0,0.0,-2.0,0.0,0.5,0.9968910955827297,0.9994586253613486
2824,train,0,2,1,-299.0673286748189,-1178.50212243444,0.0,0.0,0.0,0.0,-7.0,0.0,0.5,0.9968910955827297,0.9994586253613486
2825,validation,2,0,1,120.0,364.20661063542457,-0.5999999999999999,166.29249814674301,0.0,-0.1,-0.4,0.0,0.5,1,1
2825,validation,2,1,1,-60.0,-1144.0147545585096,-0.8999999999999999,-217.6115817422923,0.0,-0.20000000000000004,0.4,0.0,0.5,1,1
2826,train,2,0,1,-118.77166154862998,99.58757440134023,0.0,0.0,-529.7418417397945,0.0,0.0,0.0,0.5,0.9897638462385832,1.0021684325960005
2826,train,1,2,0,-59.38583077431499,-634.4778934959071,0.0,0.0,246.75228756000732,0.0,0.0,0.0,0.5,0.9897638462385832,1.0021684325960005
2827,train,0,1,1,179.44039720489135,482.8513113953817,0.0,0.0,0.0,0.0,0.0,0.0,0.5,0.9968910955827297,0.9994586253613486
2827,train,2,0,0,-239.25386293985514,223.9822228023454,1.0,0.0,0.0,0.0,0.0,0.0,0.5,0.9968910955827297,0.9994586253613486
2828,train,1,0,0,-252.943585871561,-318.9413628714306,0.33333333333333337,0.0,0.0,0.0,0.0,-6.800555984855237,0.5,1.0539316077981709,1.002032767907594
2828,train,0,2,1,189.70768940367074,378.8306463920887,-0.33333333333333337,0.0,0.0,0.0,0.0,-72.9199109285102,0.5,1.0539316077981709,1.002032767907594
2829,train,1,0,1,0.0,-496.5052566462234,0.0,0.0,0.0,0.0,0.0,-497.7307304769408,0.5,0.9816238367699319,0.9986471128909702
2829,train,2,1,0,235.58972082478365,748.3910145743109,0.0,0.0,0.0,0.0,0.0,3.747024373844148,0.5,0.9816238367699319,0.9986471128909702
2830,train,2,0,1,0.0,-458.2174242550971,0.0,0.0,-21.469087258127587,-0.13333333333333333,0.13333333333333333,32.11779655995266,0.5,1.0018971215842718,1.0010836291719092
2830,train,1,2,0,0.0,-406.24293913272686,0.0,0.0,-177.8907747428844,0.13333333333333333,-0.13333333333333333,22.162005281952084,0.5,1.0018971215842718,1.0010836291719092
2831,train,0,1,0,-289.27134904064354,-1317.9557339455537,0.0,132.2676297446377,-2.2294870700826284,0.0,0.9,74.73561268180683,0.5,0.9642378301354785,0.9960816678233944
2831,train,1,2,1,404.979888656901,1374.58810249145,0.0,-263.7360646945135,-42.67615063013264,0.0,-0.6,77.49619093061563,0.5,0.9642378301354785,0.9960816678233944
2832,train,1,0,0,-120.0,290.9205433654397,0.0,-139.76245093683275,11.56442391226507,0.0,-0.2857142857142857,61.21009168905997,0.5,1,1
2832,train,2,0,0,360.0,1027.1708150587956,0.0,176.24989423485079,22.220243604157943,0.09523809523809523,0.0,-28.959377682771894,0.5,1,1
2833,validation,0,1,1,178.15749232294496,948.6427709597752,0.0,0.0,-742.1082871606706,0.0,0.0,0.0,0.5,0.9897638462385832,0.999188047959379
2833,validation,0,2,1,-296.92915387157495,420.1555215461441,0.0,0.0,-804.3544903857845,0.0,0.0,0.0,0.5,0.9897638462385832,0.999188047959379
2834,validation,0,1,0,297.6536066921505,554.0475544718336,0.0,0.0,0.0,0.6666666666666667,2.6666666666666665,0.0,0.5,0.9921786889738351,0.9986471128909702
2834,validation,2,1,0,0.0,390.39577887643316,0.0,0.0,0.0,0.3333333333333333,2.0,0.0,0.5,0.9921786889738351,0.9986471128909702
2835,validation,2,0,1,117.95443945298062,20.715687477771258,-0.06666666666666667,0.0,91.71482922600879,-0.2,0.6666666666666666,-24.599624451058627,0.5,0.9829536621081718,0.9970260641428296
2835,validation,2,1,1,-58.97721972649031,-28.769782239900792,0.06666666666666667,0.0,43.448345337677154,-0.2,1.0,-46.40437455911345,0.5,0.9829536621081718,0.9970260641428296
2836,train,1,0,0,-60.0,-689.403174644749,0.0,0.0,0.0,0.0,0.0,0.0,0.5,1,1
2836,train,2,0,0,420.0,653.965139393757,0.0,0.0,0.0,0.0,0.0,0.0,0.5,1,1
2837,validation,1,0,0,242.51491341669737,313.5605677309447,-0.5333333333333333,-65.8475462976402,0.0,0.6000000000000001,0.9999999999999998,-4.924412568219495,0.5,1.0104788059029057,1.0009481113345846
2837,validation,0,2,1,-181.88618506252303,353.5968558368055,0.4,83.018735791576,0.0,0.0,-0.6666666666666667,16.207991739174815,0.5,1.0104788059029057,1.0009481113345846
2838,train,2,0,1,-660.0,-767.3711923723713,0.0,0.0,0.0,0.0,0.0,0.0,0.5,1,1
2838,train,1,2,0,240.0,1350.0306090000959,0.0,0.0,0.0,0.0,0.0,0.0,0.5,1,1
2839,test,1,0,0,1309.4985771231711,2453.011846090255,0.0,0.0,-208.26259666628056,0.0,-0.666666666666667,0.0,0.5,0.992044376608463,0.9987823191973281
2839,test,2,0,0,-119.04532519301556,665.667595679162,0.0,0.0,759.410012386771,0.0,1.333333333333333,0.0,0.5,0.992044376608463,0.9987823191973281
2840,train,0,2,0,-119.33577401047899,-200.5450669043407,0.0,144.65665330137813,209.4482354599212,-0.5,0.0,0.0,0.5,0.9944647834206582,0.9989175438091965
2840,train,2,1,1,59.66788700523949,903.0932767078335,0.0,105.92600563368907,-9.277684759826343,0.5,0.0,0.0,0.5,0.9944647834206582,0.9989175438091965
2841,train,2,0,1,120.30906442519097,371.4091818133237,0.0,117.40521098342288,67.61191184098797,0.0,-0.1333333333333333,0.0,0.5,1.0025755368765914,1.0014902927799512
2841,train,2,1,1,180.46359663778645,338.4334367097506,0.0,63.579375308289926,35.2998731746716,0.0,-0.1333333333333333,0.0,0.5,1.0025755368765914,1.0014902927799512
2842,train,1,0,0,304.95477655062257,1619.285872523606,-0.26666666666666666,2.5776223393761484,0.0,0.3333333333333333,0.8000000000000002,46.54712986851406,0.5,1.0165159218354085,1.004069667960554
2842,train,2,0,0,365.94573186074706,753.7797017139637,0.5333333333333334,88.71590373479539,0.0,0.6666666666666666,0.8000000000000002,71.70268660457712,0.5,1.0165159218354085,1.004069667960554
2843,train,2,0,1,-120.74963104286583,-1445.1234582226068,-0.4,0.0,-101.1129410442813,0.1,0.5999999999999999,0.0,0.5,1.0062469253572153,1.0010836291719092
2843,train,1,2,0,301.87407760716457,775.5971654473625,0.0,0.0,166.4676778830526,0.0,0.30000000000000027,0.0,0.5,1.0062469253572153,1.0010836291719092
2844,train,1,0,1,992.5097541806225,1784.053761870138,0.26666666666666666,-32.203430984651305,-21.090781712110356,0.0,0.8,24.430403194071516,0.5,1.0338643272714818,1.0009481113345846
2844,train,2,1,0,-434.22301745402234,-334.80899011918035,-0.13333333333333333,144.74950180287453,338.03334146075235,0.0,-0.8,5.4076318916108335,0.5,1.0338643272714818,1.0009481113345846
2845,train,2,0,1,-120.0,-75.74869861221578,0.0,-161.00762519592217,0.0,-0.6666666666666666,0.0,0.0,0.5,1,1
2845,train,2,1,1,120.0,541.1448044588246,0.0,-509.13856683064796,0.0,-0.3333333333333333,0.0,0.0,0.5,1,1
2846,train,0,2,0,125.82283559781669,-692.503401448476,0.0,0.0,99.17934967667158,0.29999999999999993,-0.6000000000000001,-24.117461013476092,0.5,1.0485236299818057,1.0048855868633984
2846,train,1,2,0,440.3799245923584,-650.6268129603911,0.0,0.0,85.87101615159868,-0.6,0.19999999999999996,170.6027097850352,0.5,1.0485236299818057,1.0048855868633984
2847,train,0,1,1,-706.4821728752138,-127.30378787275995,0.0,0.0,-332.1149776596824,-0.16666666666666666,0.0,0.0,0.5,0.9812252401044637,1.0012191653569225
2847,train,2,0,0,1118.5967737190886,683.0202179436777,-0.6666666666666666,0.0,-289.0842478724349,0.33333333333333337,0.0,0.0,0.5,0.9812252401044637,1.0012191653569225
2848,test,0,2,0,-550.779564473285,-1824.4336655321633,0.6666666666666666,0.0,0.0,0.0,0.0,-148.39584925729417,0.5,1.0199621564320092,0.9985119248876447
2848,test,1,2,0,-305.98864692960274,-499.41469911494244,0.6666666666666666,0.0,0.0,0.0,0.0,-80.02763765243847,0.5,1.0199621564320092,0.9985119248876447
2849,test,0,1,0,120.0,-647.206651250428,0.0,0.0,0.0,0.0,0.0,0.0,0.5,1,1
2849,test,1,2,1,-120.0,758.9458531054988,0.0,0.0,0.0,0.0,0.0,0.0,0.5,1,1
2850,test,0,1,1,-364.9068305825361,1640.4773758428194,-0.8000000000000002,-300.97101186303155,0.0,0.0,0.0,-43.76390749532657,0.5,1.0136300849514892,0.9974310794729591
2850,test,0,2,1,-608.1780509708935,-195.98093409185157,0.0,-978.0258577189198,0.0,0.0,-0.8,-42.83608389614281,0.5,1.0136300849514892,0.9974310794729591
2851,train,0,1,1,180.0,-948.1003046875476,0.0,0.0,0.0,0.0,0.0,0.0,0.5,1,1
2851,train,2,0,0,120.0,1051.9661357390205,0.0,0.0,0.0,0.0,0.0,0.0,0.5,1,1
2852,train,0,1,1,473.8661863569878,-872.6358825041127,0.0,-114.41819002688146,-294.9671410333814,0.0,-0.09999999999999998,-34.949284652974285,0.5,0.9872212215770579,0.9968910955827297
2852,train,2,0,0,0.0,1207.1467747718139,0.0,177.95524673112902,130.1581957726559,0.0,0.09999999999999998,51.68147216632673,0.5,0.9872212215770579,0.9968910955827297
2853,train,0,1,1,187.25810409961818,0.0,-0.13333333333333333,-25.32424629272485,0.0,0.0,0.0,-19.518766998564967,0.5,1.0403228005534344,1.004069667960554
2853,train,2,0,0,62.41936803320606,420.0393207838314,0.0,11.105259082156763,0.0,0.0,0.0,31.080842331905583,0.5,1.0403228005534344,1.004069667960554
2854,train,1,0,0,60.73552547257403,58.014730951518885,0.4,0.0,0.0,0.0,1.2000000000000002,-38.35388963374052,0.5,1.0122587578762339,0.9967561452934783
2854,train,0,2,1,-182.2065764177221,-397.9397051554835,0.0,0.0,0.0,-0.1,-0.4,-38.03014765198694,0.5,1.0122587578762339,0.9967561452934783
2855,validation,1,0,0,-188.1474966426497,-446.0224559337549,-0.09523809523809523,90.70989667842402,-132.52846799605618,0.0,0.5714285714285714,10.466693949916575,0.5,1.0452638702369428,0.9982416037801811
2855,validation,0,2,1,313.5791610710828,493.7800679598883,0.047619047619047616,-94.50574781579725,45.555231713437266,-0.2857142857142857,-0.5714285714285714,-1.018377285591427,0.5,1.0452638702369428,0.9982416037801811
2856,test,0,1,1,-350.85806651955545,-2811.126791508526,-0.2857142857142857,-387.14746646556,-95.4101647856036,-0.2857142857142857,-0.14285714285714285,-83.60616895837418,0.5,0.9746057403320985,0.995138166048686
2856,test,0,2,1,350.85806651955545,-2419.706706539677,-0.8571428571428571,-286.12619450946556,-158.31321898334846,-0.19047619047619047,-0.3333333333333333,-72.77032972883381,0.5,0.9746057403320985,0.995138166048686
2857,test,0,2,0,58.74612738874926,31.448923878808618,0.0,0.0,146.58701839315628,0.0,-0.09999999999999998,-0.9038776704818297,0.5,0.979102123145821,0.9981064706710885
2857,test,2,1,1,-117.49225477749852,-359.5152336240437,0.0,0.0,-77.75462886225344,-0.3,-0.30000000000000004,31.511000515873686,0.5,0.979102123145821,0.9981064706710885
2858,train,0,1,0,-118.5788660648373,-154.27185888070997,0.0,0.0,7.089396564360499,0.0,1.0,58.98396124204804,0.5,0.9881572172069775,1.0018971215842718
2858,train,2,1,0,-177.86829909725594,-64.7369409734621,0.0,0.0,-3.5167526805073805,0.0,1.5,63.55289029983122,0.5,0.9881572172069775,1.0018971215842718
2859,train,1,0,1,0.0,7.139272335472697,0.0,0.0,0.0,0.0,-3.333333333333333,0.0,0.5,0.9921786889738351,0.9986471128909702
2859,train,2,1,0,-59.530721338430105,967.7791202623418,0.0,0.0,0.0,0.0,4.666666666666667,0.0,0.5,0.9921786889738351,0.9986471128909702
2860,validation,0,1,0,960.0,922.6803152824205,0.0,0.0,0.0,0.0,0.0,0.0,0.5,1,1
2860,validation,1,2,1,-180.0,192.30666089274382,0.0,0.0,0.0,0.0,0.0,0.0,0.5,1,1
2861,train,1,0,0,62.29274134771836,-992.4012069026481,0.0,-124.12485275818776,18.36327048160063,0.0,0.0,0.6886661779623822,0.5,1.038212355795306,0.9967561452934783
2861,train,2,0,0,0.0,-239.75580372143838,0.14285714285714285,-202.28886503780265,72.83553558204616,0.19047619047619047,-0.2857142857142856,-26.602410485658,0.5,1.038212355795306,0.9967561452934783
2862,validation,1,0,0,0.0,173.2893641025318,0.6,0.0,-104.74716783213728,0.0,0.6,97.98558440898377,0.5,1.0062469253572153,1.0010836291719092
2862,validation,0,2,1,-422.62370865003044,-534.8831850899977,0.0,0.0,83.43985999564893,0.0,0.09999999999999998,-98.37292838113709,0.5,1.0062469253572153,1.0010836291719092
2863,train,0,2,0,-236.45244024628894,-1115.018274682336,0.3,0.0,0.0,0.2,0.3999999999999999,0.0,0.5,0.9852185010262039,1.0012191653569225
2863,train,2,1,1,118.22622012314447,-430.55638587735325,-0.8999999999999999,0.0,0.0,0.0,-0.8000000000000003,-72.33120891704766,0.5,0.9852185010262039,1.0012191653569225
2864,train,1,0,0,120.0,50.286925920068825,0.0,0.0,0.0,0.0,0.0,0.0,0.5,1,1
2864,train,0,2,1,-360.0,213.8161957501693,0.0,0.0,0.0,0.0,0.0,0.0,0.5,1,1
2865,train,0,2,0,60.875467147446464,-112.33049374128625,-0.14285714285714285,234.01292687228872,66.97912815892852,0.0,0.14285714285714285,70.83671880944863,0.5,1.0145911191241077,1.0014902927799512
2865,train,1,2,0,-121.75093429489293,-155.28331452246346,0.14285714285714285,93.32629678833055,-2.2159827438952604,0.0,0.047619047619047616,52.05716852332128,0.5,1.0145911191241077,1.0014902927799512
2866,train,0,1,0,-178.0610423749156,-487.0581160660149,0.0,0.0,216.6796011914588,0.3333333333333333,0.6,129.87145877628006,0.5,0.9892280131939755,0.997836259329798
2866,train,2,1,0,0.0,-847.7132384830601,-0.26666666666666666,0.0,199.76273924833998,0.0,0.06666666666666668,6.906493891623358,0.5,0.9892280131939755,0.997836259329798
2867,validation,1,0,1,-60.9496844080791,148.41893331109455,-0.5,0.0,0.0,0.0,0.6666666666666666,-32.85113300572927,0.5,1.015828073467985,1.003254411544728
2867,validation,1,2,1,-60.9496844080791,329.15052467033615,-0.5,0.0,0.0,0.0,-0.33333333333333326,0.0,0.5,1.015828073467985,1.003254411544728
2868,train,0,1,0,179.44039720489135,81.79598276399277,1.0,0.0,0.0,0.0,0.0,0.0,0.5,0.9968910955827297,0.9994586253613486
2868,train,2,1,0,59.813465734963785,-195.93337001162305,0.0,0.0,0.0,0.0,0.0,0.0,0.5,0.9968910955827297,0.9994586253613486
2869,train,0,1,0,-236.9330931784939,114.08800225056703,0.0,-10.079235148242915,53.395571100595,0.0,-0.19047619047619047,-23.596772169938234,0.5,0.9872212215770579,0.9975661211411934
2869,train,2,1,0,-236.9330931784939,-149.073409615612,0.0,-10.11622900235399,128.517176166835,0.0,1.1428571428571428,5.071580633009326,0.5,0.9872212215770579,0.9975661211411934
2870,validation,0,1,1,59.95939965015904,-155.1253057321235,0.0,0.0,0.0,-1.0,0.0,0.0,0.5,0.9993233275026507,0.9998646288547973
2870,validation,0,2,1,239.83759860063617,961.5131946037945,0.0,0.0,0.0,0.0,0.0,0.0,0.5,0.9993233275026507,0.9998646288547973
2871,train,0,2,0,61.22258933638906,588.8764315567928,0.0,0.0,0.0,0.0,1.3333333333333335,153.38542919611945,0.5,1.0203764889398177,1.0028470316013334
2871,train,1,2,0,0.0,1370.8492700265724,0.0,0.0,0.0,0.0,1.9999999999999996,-65.12643100942219,0.5,1.0203764889398177,1.0028470316013334
2872,train,1,0,0,240.0,3229.391171127354,0.0,978.533071606364,0.0,0.0,0.0,-66.61063633528045,0.5,1,1
2872,train,0,2,1,-240.0,-1972.8569329449383,0.0,-2674.2396953964667,0.0,0.0,0.0,-434.6916803364145,0.5,1,1
2873,train,1,0,0,472.9048804925779,24.03010566122557,0.0,0.0,124.77928687620386,0.0,-0.3999999999999999,29.42208403571688,0.5,0.9852185010262039,0.9974310794729591
2873,train,2,0,0,532.0179905541501,1331.1584965794416,0.0,0.0,101.84967855247857,0.0,1.6,17.78257735452828,0.5,0.9852185010262039,0.9974310794729591
2874,test,1,0,1,-414.96984867779446,-197.0929317152745,0.0,0.0,-337.5941717774019,0.0,-0.5,-52.64840045464727,0.5,0.9880234492328439,0.9981064706710885
2874,test,1,2,1,177.8442208619119,-365.5337749741883,0.0,0.0,-348.53498524042953,0.0,-1.5,-18.834337591454755,0.5,0.9880234492328439,0.9981064706710885
2875,train,2,0,1,-244.26125347969693,-82.14343174774416,0.0,0.0,-490.7790050470081,0.0,0.0,0.0,0.5,1.0177552228320705,0.9993233275026507
2875,train,1,2,0,305.32656684962114,87.70081584317705,0.0,0.0,439.03793395893774,0.0,0.0,0.0,0.5,1.0177552228320705,0.9993233275026507
2876,train,1,0,1,-121.78390411629557,-917.1519282258821,-0.42857142857142855,-82.46743341416575,133.51975147462588,0.0,-0.7142857142857143,0.5638928937073722,0.5,1.0148658676357964,0.9982416037801811
2876,train,1,2,1,60.89195205814779,-435.2865699515248,-0.14285714285714285,57.46422153526916,66.26532766961148,-0.5714285714285714,-0.7142857142857143,-17.42543772325063,0.5,1.0148658676357964,0.9982416037801811
2877,train,1,0,1,186.92883015723893,436.3681360416617,0.0,0.0,0.0,0.0,0.0,-91.43304681267676,0.5,1.0384935008735496,1.0027112750502025
2877,train,1,2,1,0.0,23.596465129294504,0.0,0.0,0.0,0.0,0.0,-248.8225091325616,0.5,1.0384935008735496,1.0027112750502025
2878,train,2,0,1,180.0,173.69311638832687,0.0,-560.0705105556559,0.0,0.0,0.0,0.0,0.5,1,1
2878,train,2,1,1,0.0,-355.3278119279039,0.0,-1161.593000368136,0.0,0.0,0.0,0.0,0.5,1,1
2879,test,0,1,0,60.0,1245.8781722960034,0.0,938.6357876668671,0.0,0.0,-0.33333333333333337,0.0,0.5,1,1
2879,test,1,2,1,-360.0,-678.5658471113397,0.0,-31.379806324354945,0.0,0.0,-0.33333333333333326,0.0,0.5,1,1
2880,train,1,0,0,294.4871510309796,-641.4011776129782,0.0,0.0,0.0,0.0,0.0,175.59848858167373,0.5,0.9816238367699319,0.9986471128909702
2880,train,2,0,0,294.4871510309796,1846.3284308138482,0.0,0.0,0.0,0.0,0.0,678.2530969675295,0.5,0.9816238367699319,0.9986471128909702
2881,test,0,1,1,-600.0,-758.4984908099568,0.0,-1078.7858570651044,0.0,0.0,0.0,0.0,0.5,1,1
2881,test,0,2,1,-120.0,-1813.2029751847422,0.0,-1333.3355841036307,0.0,0.0,0.0,0.0,0.5,1,1
2882,train,0,1,1,-960.0,-1114.397164990146,0.0,0.0,0.0,0.0,0.0,0.0,0.5,1,1
2882,train,0,2,1,-300.0,199.5100041004098,0.0,0.0,0.0,0.0,0.0,0.0,0.5,1,1
2883,train,1,0,0,-182.75006338412027,608.3072143845857,0.0,0.0,-76.05558777632436,0.6000000000000001,0.0,173.41480879608702,0.5,1.0152781299117792,1
2883,train,2,0,0,-243.666751178827,250.3636959359028,0.0,0.0,-67.51214352249576,0.2,-0.09999999999999998,201.26185199626528,0.5,1.0152781299117792,1
2884,validation,0,1,1,182.70058856234624,-289.6137852226574,-0.09523809523809523,97.22338180391935,36.10682769662373,-0.2857142857142857,-0.2857142857142857,-2.743217082570962,0.5,1.0150032697908125,1.0017614936235477
2884,validation,2,0,0,-182.70058856234624,-118.69762072967136,0.0,-129.22411316130058,155.5943213161367,0.5714285714285714,0.14285714285714285,11.331668928802621,0.5,1.0150032697908125,1.0017614936235477
2885,test,0,1,1,179.46469154570931,-103.569642640061,0.0,0.0,0.0,-0.6666666666666666,0.0,-154.87960234178286,0.5,0.9970260641428296,1.00502163779346
2885,test,0,2,1,-59.821563848569774,-1782.6229198430683,0.0,0.0,0.0,0.0,0.0,-10.701999405144718,0.5,0.9970260641428296,1.00502163779346
2886,train,1,0,1,-296.647898636497,594.7879929315196,-0.13333333333333333,-450.8227690198634,25.645602523561774,0.3333333333333333,0.19999999999999996,0.0,0.5,0.9888263287883233,0.9979713558551195
2886,train,1,2,1,59.3295797272994,366.8086121926484,-0.13333333333333333,-486.5079953889804,-36.11054116309789,0.3333333333333333,0.3999999999999999,0.0,0.5,0.9888263287883233,0.9979713558551195
2887,train,0,1,1,-660.0,-2142.1135323713124,0.0,-823.2121331861142,0.0,0.0,0.0,-339.8512279371984,0.5,1,1
2887,train,0,2,1,-240.0,-226.33655928070766,0.0,-452.6925234728442,0.0,0.0,0.0,-132.99318872570063,0.5,1,1
2888,test,1,0,0,0.0,408.6447085329294,0.2857142857142857,-53.79095756534734,112.60682228651108,-0.047619047619047616,0.0,76.82742427408765,0.5,1.006110708558573,1.001625884022936
2888,test,2,0,0,0.0,-55.34833278582669,0.5714285714285714,247.34360740563622,-6.9374533190116665,0.0,0.0,24.378879000351404,0.5,1.006110708558573,1.001625884022936
2889,train,1,0,0,0.0,87.46402636508716,0.0,-45.40544103696709,-22.228714235591543,0.0,0.6666666666666667,-27.74773442118089,0.5,1.0104788059029057,1.0035260901068812
2889,train,2,0,0,60.62872835417434,105.8946968469908,0.13333333333333333,147.04030365146355,-13.912477790939159,0.0,1.0,5.984151859273847,0.5,1.0104788059029057,1.0035260901068812
2890,train,0,1,1,183.4689556966346,993.6379746392646,0.0,233.60906060098375,0.0,0.4,0.5999999999999999,-36.34729720435607,0.5,1.0192719760924145,1.002032767907594
2890,train,0,2,1,0.0,-503.6263075758042,0.0,-350.01952987939,0.0,0.4,0.0,0.0,0.5,1.0192719760924145,1.002032767907594
2891,train,1,0,1,-240.0,-4108.661797170685,0.0,0.0,0.0,0.0,0.0,0.0,0.5,1,1
2891,train,2,1,0,780.0,2539.6018998113004,0.0,0.0,0.0,0.0,0.0,0.0,0.5,1,1
2892,train,1,0,0,59.813465734963785,1073.4173615736677,0.0,0.0,0.0,0.0,0.0,0.0,0.5,0.9968910955827297,0.9994586253613486
2892,train,2,0,0,0.0,960.8158966659208,1.0,0.0,0.0,0.0,0.0,0.0,0.5,0.9968910955827297,0.9994586253613486
2893,train,0,1,1,-59.5307213384301,97.4226894820491,0.0,0.0,0.0,0.0,0.3333333333333333,0.0,0.5,0.992178688973835,0.9985119248876447
2893,train,0,2,1,-119.0614426768602,-194.35767234270952,-2.0,0.0,0.0,0.0,-0.9999999999999999,0.0,0.5,0.992178688973835,0.9985119248876447
2894,train,0,1,0,588.6554463120053,756.8842466183256,0.0,290.230484962722,86.01191010548223,0.0,0.0,9.372909280535048,0.5,0.981092410520009,0.9982416037801811
2894,train,2,1,0,117.73108926240107,1208.090853760756,0.0,171.40830320044307,-215.29652913130852,0.0,0.0,57.85701485484117,0.5,0.981092410520009,0.9982416037801811
2895,train,0,2,0,-353.3845812371755,-903.9396394443995,0.0,0.0,0.0,0.0,0.0,439.9438100766161,0.5,0.9816238367699319,0.9986471128909702
2895,train,1,2,0,-412.2820114433714,-1159.270446354813,0.0,0.0,0.0,0.0,0.0,389.0075591824479,0.5,0.9816238367699319,0.9986471128909702
2896,train,1,0,0,362.59234541011335,671.6391774949168,0.2857142857142857,106.43234229995544,35.95047845100191,0.0,-0.6666666666666665,61.635298846910715,0.5,1.007200959472537,0.9962165267954964
2896,train,2,0,0,60.43205756835222,1028.318159966432,0.5714285714285714,85.41955820999398,62.88405442253409,0.19047619047619047,-0.47619047619047605,63.35883537568968,0.5,1.007200959472537,0.9962165267954964
2897,train,2,0,1,0.0,-1032.2827212320944,-1.0,473.10117448314895,0.0,0.0,0.0,0.0,0.5,1,1
2897,train,1,2,0,-60.0,911.6237042724879,0.0,659.7035500422664,0.0,0.0,0.0,0.0,0.5,1,1
2898,train,2,0,1,-600.0,202.73872888856204,0.0,8.205141409370299,0.0,0.0,0.0,0.0,0.5,1,1
2898,train,2,1,1,60.0,744.4872409436666,0.0,-990.2578478615378,0.0,0.0,0.0,0.0,0.5,1,1
2899,train,2,0,1,-182.13258989552693,277.08254193114124,0.0,0.0,-76.32799307011902,0.0,0.0,-73.86049309957049,0.5,1.0118477216418162,1.004749554350707
2899,train,1,2,0,-60.710863298508976,395.911863747843,0.0,0.0,67.79862808304648,0.0,0.0,117.50355072455444,0.5,1.0118477216418162,1.004749554350707
2900,validation,1,0,0,60.0,585.8581319698537,0.0,0.0,0.0,0.0,0.0,0.0,0.5,1,1
2900,validation,0,2,1,-180.0,170.56219712005986,0.0,0.0,0.0,0.0,0.0,0.0,0.5,1,1
2901,train,1,0,0,-59.137123190865054,484.02438310843564,1.3333333333333333,0.0,271.5277181358316,0.0,0.0,0.0,0.5,0.9856187198477508,1.0035260901068812
2901,train,0,2,1,-118.27424638173011,-204.90865795442483,-1.3333333333333333,0.0,79.36074716217304,0.0,0.0,0.0,0.5,0.9856187198477508,1.0035260901068812
2902,validation,2,0,1,-60.0,-232.49990793611505,0.0,-170.72129358484062,0.0,0.0,0.0,9.789718723717755,0.5,1,1
2902,validation,1,2,0,0.0,23.6542568619916,0.0,314.9254427569331,0.0,0.0,0.0,-33.931552769670446,0.5,1,1
2903,test,1,0,1,-412.2820114433714,63.80628393726129,0.0,0.0,0.0,0.0,0.0,-250.62253111205595,0.5,0.9816238367699319,0.9986471128909702
2903,test,1,2,1,0.0,46.29069200095876,0.0,0.0,0.0,0.0,0.0,-522.7926632179464,0.5,0.9816238367699319,0.9986471128909702
2904,validation,0,2,0,413.84779348074875,1395.144649986305,0.4,30.744773054468226,0.0,0.2,0.0,123.8802416433864,0.5,0.9853518892398779,0.9967561452934783
2904,validation,1,2,0,118.24222670878535,974.2325945548886,0.4,178.47897686182023,0.0,0.1,0.0,70.021381383128,0.5,0.9853518892398779,0.9967561452934783
2905,validation,1,0,1,-709.3573207388669,-1917.0317815014082,0.0,0.0,-161.62351612313395,0.1,-0.8000000000000003,-114.4649455350775,0.5,0.9852185010262039,1.0013547198921082
2905,validation,1,2,1,59.113110061572236,376.0733764898524,0.0,0.0,72.11610467568032,0.0,-0.3999999999999999,-96.92848884126322,0.5,0.9852185010262039,1.0013547198921082
2906,train,0,1,1,-473.8661863569878,-1684.0224820363799,0.0,-98.37399124265777,-142.46222221913536,0.5714285714285714,0.0,104.87973050126242,0.5,0.9872212215770579,0.9974310794729591
2906,train,2,0,0,1362.36528577634,921.5901991534407,0.0,17.888170177848096,67.62964088165143,-0.2857142857142857,0.5714285714285714,-33.32690614187794,0.5,0.9872212215770579,0.9974310794729591
2907,train,2,0,1,360.0,826.5959439754142,-0.47619047619047616,466.7905382312621,52.79882087240736,-0.09523809523809523,-0.28571428571428564,-38.56582238177287,0.5,1,1
2907,train,1,2,0,60.0,-721.2345837678458,0.23809523809523808,-729.348805537694,-33.21719457489182,-0.2857142857142857,0.28571428571428564,42.090062272568595,0.5,1,1
2908,test,1,0,1,236.42043140866684,-215.7105918348178,0.1,0.0,-77.04397819432802,0.0,0.40000000000000013,0.0,0.5,0.9850851308694452,0.9975661211411934
2908,test,1,2,1,-413.73575496516696,-1751.2905932612962,0.1,0.0,-260.25706692971335,0.0,-0.3999999999999999,0.0,0.5,0.9850851308694452,0.9975661211411934
2909,test,0,1,0,0.0,1283.59410508097,2.0,0.0,0.0,0.0,0.0,0.0,0.5,0.9968910955827297,0.9994586253613486
2909,test,1,2,1,-59.813465734963785,-869.7461508313195,-1.0,0.0,0.0,0.0,0.0,0.0,0.5,0.9968910955827297,0.9994586253613486
2910,test,1,0,1,-416.94077052799435,-148.35609026591726,0.0,-669.2205529357836,0.0,0.0,0.0,0.0,0.5,0.9927161203047484,0.9986471128909702
2910,test,1,2,1,0.0,-14.7984389343778,-1.3333333333333333,-361.7303264976999,0.0,0.0,0.0,0.0,0.5,0.9927161203047484,0.9986471128909702
2911,train,1,0,1,-476.24577070744084,-1779.6590989542926,-0.33333333333333337,0.0,0.0,0.0,-0.6666666666666665,0.0,0.5,0.9921786889738351,0.9986471128909702
2911,train,2,1,0,-297.6536066921505,-88.05949805014177,0.6666666666666666,0.0,0.0,0.0,0.6666666666666665,0.0,0.5,0.9921786889738351,0.9986471128909702
2912,train,0,1,0,61.72191453756238,258.4458811321631,0.0,0.0,0.0,0.3333333333333333,0.0,119.25109695267321,0.5,1.0286985756260396,1.0017614936235477
2912,train,1,2,1,-432.05340176293663,-1824.48002432024,0.0,0.0,0.0,-0.6666666666666666,0.0,0.0,0.5,1.0286985756260396,1.0017614936235477
2913,train,0,2,0,120.0,494.39246641443424,0.0,0.0,0.0,0.0,0.0,0.0,0.5,1,1
2913,train,1,2,0,480.0,261.34818699800326,0.0,0.0,0.0,0.0,0.0,0.0,0.5,1,1
2914,test,1,0,1,0.0,146.63044045752986,0.0,-467.1339184949866,0.0,0.0,0.0,0.0,0.5,1,1
2914,test,1,2,1,-60.0,-577.7898049032547,0.0,-1473.345980699047,0.0,0.0,0.0,0.0,0.5,1,1
2915,train,0,1,0,480.0,1172.3659039464592,0.0,-52.974546707687296,145.8054486850938,0.0,0.0,-7.516549451882256,0.5,1,1
2915,train,1,2,1,0.0,939.6575940552425,0.0,451.3236294970392,-153.4677303898236,0.0,0.0,-63.46301390950684,0.5,1,1
2916,train,1,0,1,-60.252336505427124,188.06007631113675,-0.5714285714285714,-3.426964280721304,-4.8481015392787565,0.0,0.0,3.1445299472448713,0.5,1.0042056084237854,1.0070646135252042
2916,train,2,1,0,60.252336505427124,328.74636639283295,0.0,35.94170222749788,22.82071267690204,0.0,0.0,-3.2164376445592584,0.5,1.0042056084237854,1.0070646135252042
2917,train,0,2,0,480.0,2839.547601778808,0.0,0.0,0.0,0.0,0.0,0.0,0.5,1,1
2917,train,2,1,1,120.0,-437.4616325380448,0.0,0.0,0.0,0.0,0.0,0.0,0.5,1,1
2918,train,2,0,1,-360.0,-719.184599191779,0.0,0.0,0.0,0.0,0.0,0.0,0.5,1,1
2918,train,1,2,0,900.0,1370.3153739974323,0.0,0.0,0.0,0.0,0.0,0.0,0.5,1,1
2919,train,1,0,0,239.2862553942791,-1068.9400653455132,0.0,0.0,0.0,0.0,0.0,22.99975024602631,0.5,0.9970260641428296,0.9994586253613486
2919,train,2,0,0,239.2862553942791,-533.0018353083428,0.0,0.0,0.0,0.6666666666666666,0.0,200.26521500532883,0.5,0.9970260641428296,0.9994586253613486
2920,validation,0,2,0,178.5921640152903,-411.2898716772566,0.0,0.0,0.0,0.3333333333333333,0.0,0.0,0.5,0.992178688973835,0.9985119248876447
2920,validation,2,1,1,476.2457707074408,-280.0048505746619,-0.6666666666666666,0.0,0.0,-0.3333333333333333,0.0,0.0,0.5,0.992178688973835,0.9985119248876447
2921,validation,1,0,1,-780.0,-1547.7936318563275,0.30000000000000004,-463.8928929344568,0.0,0.0,-0.6000000000000001,0.0,0.5,1,1
2921,validation,2,1,0,180.0,506.2795038388399,-0.20000000000000004,351.1093429300269,0.0,0.2,-0.8999999999999999,0.0,0.5,1,1
2922,test,0,1,1,0.0,-842.917336895319,0.0,0.0,0.0,0.0,-4.0,0.0,0.5,0.9968910955827297,0.9994586253613486
2922,test,0,2,1,-358.8807944097827,-1499.8650331257973,0.0,0.0,0.0,0.0,-2.0,0.0,0.5,0.9968910955827297,0.9994586253613486
2923,test,1,0,0,358.92938309141863,547.3878054945211,0.0,0.0,0.0,0.0,0.0,31.665595081731993,0.5,0.9970260641428296,1.00502163779346
2923,test,0,2,1,-59.821563848569774,1449.9634836612536,0.0,0.0,0.0,-0.6666666666666666,0.0,45.97764970621057,0.5,0.9970260641428296,1.00502163779346
2924,test,1,0,0,238.57463341923403,125.54007840652163,0.0,-330.0063850316137,0.0,1.0,0.33333333333333326,0.0,0.5,0.9940609725801418,0.9989175438091965
2924,test,0,2,1,-596.4365835480851,-431.5435079833016,0.0,575.8082909334682,0.0,0.0,-1.1666666666666667,0.0,0.5,0.9940609725801418,0.9989175438091965
2925,train,0,1,1,-124.58548269543672,-780.0730675237454,-0.047619047619047616,102.72447586114254,-182.8000911240622,-0.09523809523809523,0.28571428571428603,-84.47196084706081,0.5,1.038212355795306,1.0008126118424647
2925,train,0,2,1,-747.5128961726203,-319.7389377658757,-0.047619047619047616,204.58413725754116,-99.48855752717526,0.09523809523809523,0.28571428571428603,-158.78074572060189,0.5,1.038212355795306,1.0008126118424647
2926,train,0,2,0,-60.0,-700.6208796890751,0.5333333333333333,-95.99377056849971,94.72521025859086,-0.2,0.0,-17.19427987895529,0.5,1,1
2926,train,2,1,1,-180.0,-389.74264258316134,0.0,-345.50186572735777,-72.77319993700515,0.2,0.0,2.564228774344862,0.5,1,1
2927,train,1,0,1,59.64365835480851,-332.65562881857824,0.0,-228.02328057631672,0.0,0.5,-0.33333333333333326,0.0,0.5,0.9940609725801418,0.999052786729054
2927,train,1,2,1,59.64365835480851,-71.61292731737376,0.0,-263.0300724167259,0.0,0.5,-3.666666666666666,0.0,0.5,0.9940609725801418,0.999052786729054
2928,test,1,0,1,432.05340176293663,-424.44737218050614,0.0,0.0,0.0,0.0,-2.0,-266.54913568981124,0.5,1.0286985756260396,1.0017614936235477
2928,test,1,2,1,432.05340176293663,-316.90309613345266,0.0,0.0,0.0,0.0,-0.6666666666666665,13.225654105889541,0.5,1.0286985756260396,1.0017614936235477
2929,train,0,1,0,0.0,-345.04970050321117,0.0,50.44170921412524,0.0,0.0,0.30000000000000004,0.0,0.5,0.991104699009572,0.9985119248876447
2929,train,2,1,0,118.93256388114864,-2.7278067919677618,0.2,50.12129308601712,0.0,0.4,0.0,0.0,0.5,0.991104699009572,0.9985119248876447
2930,train,1,0,0,0.0,316.68861689455036,4.0,0.0,0.0,0.0,0.0,0.0,0.5,0.9968910955827297,0.9994586253613486
2930,train,2,0,0,59.813465734963785,-92.58220404997203,1.0,0.0,0.0,0.0,0.0,0.0,0.5,0.9968910955827297,0.9994586253613486
2931,train,0,1,1,-780.0,-1449.3820522134201,0.0,0.0,0.0,0.0,0.0,0.0,0.5,1,1
2931,train,2,0,0,180.0,-545.5349438871744,0.0,0.0,0.0,0.0,0.0,0.0,0.5,1,1
2932,train,0,1,1,0.0,-355.326706822344,-0.2857142857142857,-190.57544881047573,2.2968020816843726,-0.23809523809523808,0.38095238095238093,6.348591622254855,0.5,1,1
2932,train,0,2,1,-60.0,-132.83155911324138,0.0,-71.64938561982086,-18.97731216262473,-0.47619047619047616,0.0,-4.334014171433585,0.5,1,1
2933,train,2,0,1,172.8827326835565,0.0,-0.23809523809523808,-101.587187818201,29.622303078972053,0.0,0.14285714285714285,-27.14301659153644,0.5,0.9604596260197583,0.9954076467536646
2933,train,2,1,1,172.8827326835565,-349.1713993812286,0.0,-10.014688128127704,8.54495193661296,-0.19047619047619047,0.047619047619047616,-16.82791024033266,0.5,0.9604596260197583,0.9954076467536646
2934,train,0,2,0,290.40926902384416,-8.742713313165142,0.0,-93.94636755935335,0.0,0.0,0.0,0.0,0.5,0.9680308967461473,0.9967561452934783
2934,train,1,2,0,232.32741521907536,418.6946659348283,0.0,-143.60049760817674,0.0,0.0,-0.5,0.0,0.5,0.9680308967461473,0.9967561452934783
2935,train,1,0,1,652.5370303556206,-791.298726205625,-0.13333333333333336,-482.387693306899,0.0,-0.6666666666666666,-0.40000000000000013,-0.49962826939729155,0.5,0.9886924702357888,1.0013547198921082
2935,train,1,2,1,771.1801267839153,-261.6981299568509,0.0,-389.3106031493488,0.0,-0.3333333333333333,0.0,72.75549685253944,0.5,0.9886924702357888,1.0013547198921082
2936,train,0,2,0,58.985204621189894,-230.82807555180173,0.20000000000000007,0.0,-23.573718091389356,0.0,0.6666666666666665,0.0,0.5,0.9830867436864982,1.0009481113345846
2936,train,2,1,1,0.0,-703.2982266658821,0.4,0.0,22.88567252601638,0.0,-0.6666666666666665,-12.629530815232378,0.5,0.9830867436864982,1.0009481113345846
2937,train,0,2,0,296.44716516209326,-418.67351983720124,0.0,0.0,-116.94798753373,0.33333333333333337,1.5,0.0,0.5,0.9881572172069775,0.9979713558551195
2937,train,1,2,0,237.1577321296746,-365.9859438078763,0.0,0.0,-114.3947612135798,0.9999999999999999,2.5,0.0,0.5,0.9881572172069775,0.9979713558551195
2938,train,2,0,1,-60.0,-883.9919394533263,0.0,0.0,0.0,0.0,0.0,0.0,0.5,1,1
2938,train,2,1,1,-60.0,-330.297832535231,0.0,0.0,0.0,0.0,0.0,0.0,0.5,1,1
2939,train,0,2,0,248.4635817219306,-649.5165693520833,-0.6666666666666666,0.0,-210.807612931713,0.0,0.8,197.18312692617792,0.5,1.0352649238413776,1.0074737067491204
2939,train,1,2,0,186.34768629144796,-439.85721958708535,0.9999999999999999,0.0,-132.08638964512386,0.13333333333333336,1.4000000000000004,60.780832106302626,0.5,1.0352649238413776,1.0074737067491204
2940,train,1,0,0,120.0,-607.1803132248069,0.09523809523809523,220.3047917298014,165.7257776502541,0.0,-0.2857142857142857,4.230400433401925,0.5,1,1
2940,train,2,0,0,-120.0,-1006.2076134936456,0.0,115.44199013378491,48.83025856377351,0.0,-0.14285714285714285,-87.59613684205723,0.5,1,1
2941,train,1,0,0,-480.0,-726.2703205538555,0.0,0.0,0.0,0.0,0.0,0.0,0.5,1,1
2941,train,0,2,1,120.0,-1085.3326128518738,0.0,0.0,0.0,0.0,0.0,0.0,0.5,1,1
2942,train,0,2,0,237.54332309725996,11.830983776103436,0.0,0.0,-115.44403194940185,0.0,0.0,0.0,0.5,0.9897638462385832,0.999188047959379
2942,train,2,1,1,-296.92915387157495,-925.4960843687502,0.0,0.0,-1187.0830561605335,0.0,0.0,0.0,0.5,0.9897638462385832,0.999188047959379
2943,train,0,1,0,0.0,165.49656066080888,0.0,80.4417781543866,0.0,0.0,-0.1333333333333333,-13.230801617842271,0.5,1,1
2943,train,2,1,0,60.0,-142.4152121777106,0.0,472.9939290722984,0.0,0.0,-0.39999999999999997,23.40509566838022,0.5,1,1
2944,train,0,1,1,-180.0,-937.8207877692039,0.0,0.0,0.0,0.0,0.0,0.0,0.5,1,1
2944,train,0,2,1,0.0,-1021.4552197756029,0.0,0.0,0.0,0.0,0.0,0.0,0.5,1,1
2945,train,0,1,1,180.46359663778645,511.0564006129733,-0.3333333333333333,37.95860494934743,-106.84937245070398,0.0,-0.3999999999999999,6.210426898073955,0.5,1.0025755368765914,1.0014902927799512
2945,train,2,0,0,60.154532212595484,93.63845461383143,0.3333333333333333,-86.50516450487842,292.5536186033588,0.0,0.19999999999999996,-33.81525438738904,0.5,1.0025755368765914,1.0014902927799512
2946,train,0,2,0,0.0,37.41349689193517,0.0,0.0,187.65786745291945,0.0,1.3333333333333333,0.0,0.5,0.992044376608463,0.9987823191973281
2946,train,1,2,0,-59.52266259650778,-238.09553274067693,0.0,0.0,92.86207897784827,0.0,1.3333333333333333,0.0,0.5,0.992044376608463,0.9987823191973281
2947,train,2,0,1,-248.7664999132228,60.74147858724949,-0.5,0.0,-177.35274208697837,0.0,-0.6666666666666666,0.0,0.5,1.0365270829717617,1.008701983790399
2947,train,1,2,0,186.5748749349171,-286.5043531809171,0.0,0.0,37.305274088608826,0.0,0.33333333333333337,0.0,0.5,1.0365270829717617,1.008701983790399
2948,train,1,0,0,0.0,-292.16679208579126,0.0,-406.52101476850834,0.0,0.3333333333333333,0.0,0.0,0.5,1,1
2948,train,0,2,1,-300.0,-494.0961048188392,0.0,-427.2409355719243,0.0,0.0,0.0,0.0,0.5,1,1
2949,test,0,2,0,548.9929155908122,3503.248683929544,-0.5,868.4620880312507,0.0,0.0,0.0,6.661737362388626,0.5,1.016653547390393,1.0091117421524518
2949,test,2,1,1,-60.999212843423585,-1117.9367760727919,0.5,-570.1697990017367,0.0,0.0,0.0,-92.76326030407151,0.5,1.016653547390393,1.0091117421524518
2950,train,0,1,0,-61.15631856554487,-25.21304177280532,0.0,-78.25990459028714,0.0,1.6,0.30000000000000004,-125.22410158665885,0.5,1.0192719760924145,0.999052786729054
2950,train,2,1,0,0.0,1122.0609171274637,0.0,30.56058138845603,0.0,0.8,1.2,-25.536839389711503,0.5,1.0192719760924145,0.999052786729054
2951,validation,0,1,0,239.25386293985514,11.786477824392797,0.0,0.0,0.0,0.0,0.0,0.0,0.5,0.9968910955827297,0.9994586253613486
2951,validation,2,1,0,239.25386293985514,371.54491511897334,0.0,0.0,0.0,0.0,6.0,0.0,0.5,0.9968910955827297,0.9994586253613486
2952,test,0,1,0,-354.67866036943343,895.5440518222607,-0.3,2.690865243271361,73.93535556389874,0.0,1.6000000000000003,0.0,0.5,0.9852185010262039,0.9972960560854701
2952,test,2,1,0,-472.9048804925779,-314.41793545759026,0.5999999999999999,124.94425775667577,63.46492917528842,0.0,2.0,0.0,0.5,0.9852185010262039,0.9972960560854701
2953,train,2,0,1,-603.7481552143291,-1361.8732046425882,0.2,0.0,-528.5343849511778,0.0,0.4000000000000001,0.0,0.5,1.0062469253572153,0.9981064706710885
2953,train,2,1,1,181.12444656429875,696.7245022493157,0.2,0.0,109.46717282566141,0.0,-0.09999999999999998,0.0,0.5,1.0062469253572153,0.9981064706710885
2954,train,1,0,1,187.61335549073536,1466.6894509035012,0.0,163.73745009094077,-70.406446419977,0.0,0.19047619047619047,-140.69807095237059,0.5,1.0422964193929742,1.003933745899739
2954,train,1,2,1,250.15114065431382,356.1656698704831,-0.2857142857142857,148.40656693558185,-98.83949117997695,-0.47619047619047616,0.09523809523809523,-120.56712803822407,0.5,1.0422964193929742,1.003933745899739
2955,test,0,1,1,-60.0,-954.4980898487238,0.0,-29.38780341583606,0.0,0.0,-0.6,-13.55480910853985,0.5,1,1
2955,test,0,2,1,-180.0,-904.3295869276999,0.2,119.77725024716938,0.0,0.0,-0.29999999999999993,-35.41454232979209,0.5,1,1
2956,train,2,0,1,-239.83759860063617,1194.053728293261,0.0,0.0,0.0,-1.0,0.0,0.0,0.5,0.9993233275026507,0.9998646288547973
2956,train,2,1,1,-479.67519720127234,238.82802619859405,0.0,0.0,0.0,-1.0,0.0,0.0,0.5,0.9993233275026507,0.9998646288547973
2957,train,0,2,0,178.51964515583649,749.4325954538839,0.0,0.0,0.0,0.0,0.0,-45.71377304575388,0.5,0.9917758064213138,0.9982416037801811
2957,train,2,1,1,-59.506548385278826,-1166.4729229435532,0.0,0.0,0.0,0.0,0.0,157.73813761690377,0.5,0.9917758064213138,0.9982416037801811
2958,train,1,0,1,61.06531336992423,-1062.1217651264444,0.0,0.0,-546.8810619706392,0.0,0.0,0.0,0.5,1.0177552228320705,0.9993233275026507
2958,train,2,1,0,427.4571935894696,1441.241856828998,0.0,0.0,122.91874687235475,0.0,0.0,0.0,0.5,1.0177552228320705,0.9993233275026507
2959,train,1,0,1,61.22258933638906,18.10885095360763,0.0,0.0,0.0,0.0,-1.9999999999999996,8.96816885277218,0.5,1.0203764889398177,0.9989175438091965
2959,train,2,1,0,306.1129466819453,365.7145140924106,0.0,0.0,0.0,0.0,1.9999999999999996,-99.72235305936034,0.5,1.0203764889398177,0.9989175438091965
2960,validation,0,2,0,182.13258989552693,-77.52484895933058,0.3333333333333333,0.0,-69.24507861505302,0.0,0.0,0.0,0.5,1.0118477216418162,1.0017614936235477
2960,validation,1,2,0,60.710863298508976,-409.0541974221464,0.0,0.0,344.67528964142446,0.0,0.0,0.0,0.5,1.0118477216418162,1.0017614936235477
2961,train,1,0,0,-240.0,-951.6492234009329,0.0,0.0,0.0,0.0,0.0,0.0,0.5,1,1
2961,train,0,2,1,360.0,1448.875982726151,0.0,0.0,0.0,0.0,0.0,0.0,0.5,1,1
2962,train,1,0,1,180.0,-495.4682128454656,0.0,-845.1891251089289,0.0,0.0,0.0,0.0,0.5,1,1
2962,train,2,1,0,-180.0,2.3557244032958806,0.3333333333333333,742.7054535666757,0.0,0.0,0.0,0.0,0.5,1,1
2963,test,1,0,1,-960.0,-2440.7050709458226,0.0,-1103.940493884636,8.835134136217079,0.0,0.0,0.0,0.5,1,1
2963,test,2,1,0,0.0,1099.704367797608,0.0,-433.6814129694594,452.7608634474768,0.0,0.0,0.0,0.5,1,1
2964,train,2,0,1,0.0,-1157.1743499857903,0.0,0.0,0.0,0.0,0.0,0.0,0.5,0.9993233275026507,0.9998646288547973
2964,train,1,2,0,359.75639790095425,1032.9212308240085,0.0,0.0,0.0,-1.0,0.0,0.0,0.5,0.9993233275026507,0.9998646288547973
2965,train,2,0,1,-465.0324144560232,-361.03642191172764,-0.3333333333333333,0.0,0.0,0.0,0.33333333333333326,-102.79027871162015,0.5,0.968817530116715,0.9968910955827297
2965,train,1,2,0,290.6452590350145,1013.5266468433246,0.3333333333333333,0.0,0.0,0.0,0.6666666666666667,174.62004242687908,0.5,0.968817530116715,0.9968910955827297
2966,validation,1,0,1,-1464.377550338936,-1517.1586600382066,-0.2,159.06335683731476,-64.80912698286369,0.6666666666666666,-0.5333333333333337,0.0,0.5,1.016928854402039,1.0073373238796763
2966,validation,1,2,1,-1037.2674314900796,394.06695926999794,-0.13333333333333333,-263.8038445479973,40.71346521294686,0.0,0.0,0.0,0.5,1.016928854402039,1.0073373238796763
2967,train,0,1,1,-117.33330102059921,-1711.2440110045588,0.0,0.0,-154.83360957466937,-0.2,0.8,-57.35871064706759,0.5,0.9777775085049933,1.0008126118424647
2967,train,0,2,1,0.0,111.19815793875556,0.0,0.0,-421.1213335478931,-0.06666666666666667,1.2000000000000002,-4.617202082635449,0.5,0.9777775085049933,1.0008126118424647
2968,train,0,1,0,-240.0,-212.746891642606,0.0,0.0,0.0,0.0,0.0,0.0,0.5,1,1
2968,train,1,2,1,660.0,912.5001878781623,0.0,0.0,0.0,0.0,0.0,0.0,0.5,1,1
2969,train,0,1,1,-302.56963039430553,1439.9266637398391,0.19047619047619047,-221.34407861343948,47.40380093568734,0.0,-0.2857142857142856,22.24912710870845,0.5,1.008565434647685,1.0005416678839063
2969,train,2,0,0,121.02785215772221,46.53467354817215,0.0,395.7928421547249,-26.218513073974748,-0.23809523809523808,-0.5714285714285716,-30.643480787589066,0.5,1.008565434647685,1.0005416678839063
2970,train,0,1,0,117.31741747726964,265.5220730520498,0.0,-84.26606172084405,-17.025826593418458,0.0,0.0,30.473594953164707,0.5,0.9776451456439137,1.0008126118424647
2970,train,2,1,0,0.0,-65.43246954266789,0.0,21.50364037267778,-8.160228378050874,0.0,0.06666666666666667,-0.08717245535400009,0.5,0.9776451456439137,1.0008126118424647
2971,train,0,2,0,60.20341449784936,-217.84966020139655,0.0,168.3107264391962,101.00363256865853,0.0,-0.2857142857142857,-55.86042312463364,0.5,1.0033902416308227,1.003797842238849
2971,train,1,2,0,180.6102434935481,-68.02758208258226,-0.047619047619047616,707.9996644759743,127.80074968221155,0.0,0.09523809523809523,-78.05512928067989,0.5,1.0033902416308227,1.003797842238849
2972,test,0,2,0,115.63024282979065,240.69944495534617,-0.2,14.74340151122344,0.0,-0.06666666666666667,0.0,93.0032018473955,0.5,0.9635853569149221,0.9958120046447593
2972,test,1,2,0,0.0,-123.36853666460965,0.2,-15.691462224153994,0.0,0.0,-0.5333333333333333,42.96973815748917,0.5,0.9635853569149221,0.9958120046447593
2973,test,1,0,0,-121.60268051949464,-166.343873717709,1.2000000000000002,-42.070046152548684,0.0,0.0,0.6000000000000001,32.02722591109801,0.5,1.0133556709957887,1.0027112750502025
2973,test,2,0,0,-121.60268051949464,-860.4240361568601,0.8000000000000002,-115.61827152416527,0.0,0.0,0.0,-8.050121866310352,0.5,1.0133556709957887,1.0027112750502025
2974,validation,1,0,0,-59.32154821414733,444.741848160319,0.5,-211.92335963495907,0.0,0.0,0.9999999999999999,0.0,0.5,0.9886924702357888,1.0035260901068812
2974,validation,0,2,1,-118.64309642829465,-747.1829937125726,0.0,-52.054180450857075,0.0,0.0,-1.6666666666666665,0.0,0.5,0.9886924702357888,1.0035260901068812
2975,train,1,0,1,180.0,-539.8201953318039,0.0,0.0,0.0,0.0,0.0,0.0,0.5,1,1
2975,train,1,2,1,-660.0,-1283.7704513369536,0.0,0.0,0.0,0.0,0.0,0.0,0.5,1,1
2976,train,1,0,0,120.0,57.622274798875424,0.0,0.0,0.0,0.0,0.0,0.0,0.5,1,1
2976,train,2,0,0,180.0,503.0530268113562,0.0,0.0,0.0,0.0,0.0,0.0,0.5,1,1
2977,train,0,1,1,-180.0,376.7863590257748,-0.19047619047619047,-343.49087687653366,-11.863371225145187,-0.047619047619047616,-0.28571428571428564,-29.18986671552037,0.5,1,1
2977,train,2,0,0,120.0,-606.8008907757667,0.0,-234.45733766011745,-69.11876368014629,0.0,0.42857142857142855,46.77275623129969,0.5,1,1
2978,train,1,0,0,717.7615888195654,1230.5145557979156,-1.0,0.0,0.0,0.0,0.0,0.0,0.5,0.9968910955827297,0.9994586253613486
2978,train,2,0,0,-59.813465734963785,930.5541123668353,2.0,0.0,0.0,0.0,0.0,0.0,0.5,0.9968910955827297,0.9994586253613486
2979,validation,0,1,1,-119.91879930031808,509.22085154324,0.0,0.0,0.0,-1.0,0.0,0.0,0.5,0.9993233275026507,0.9998646288547973
2979,validation,0,2,1,-179.87819895047713,-477.6624953813077,0.0,0.0,0.0,-1.0,0.0,0.0,0.5,0.9993233275026507,0.9998646288547973
2980,train,1,0,1,0.0,-612.5191276404037,-1.0,0.0,0.0,0.0,0.0,111.45017460122648,0.5,1.0286985756260396,1.0017614936235477
2980,train,1,2,1,308.60957268781186,-43.24413067325944,-0.3333333333333333,0.0,0.0,0.0,0.0,-37.0553223826704,0.5,1.0286985756260396,1.0017614936235477
2981,validation,2,0,1,-186.12077429122854,-472.39989430180907,0.0,30.83720917906203,26.6416186661036,0.0,-0.10000000000000003,0.0,0.5,1.0340043016179363,1.0080194228999464
2981,validation,2,1,1,-310.2012904853809,-1053.8325209006205,0.0,-216.54261803689906,-17.562577310183087,0.0,0.0,0.0,0.5,1.0340043016179363,1.0080194228999464
2982,train,1,0,0,0.0,-65.50238342863382,0.0,132.51715462077675,-10.235826925611054,0.26666666666666666,0.0,65.55396526925503,0.5,1.0148658676357964,1.0063831605981781
2982,train,0,2,1,-243.56780823259115,70.5156347497658,-0.06666666666666667,-99.05870253377266,10.178961718361014,0.0,0.0,-16.75046132567899,0.5,1.0148658676357964,1.0063831605981781
2983,train,1,0,1,-240.0,-1456.0882740359102,0.0,0.0,0.0,0.0,0.0,0.0,0.5,1,1
2983,train,1,2,1,-420.0,-1957.108619137307,0.0,0.0,0.0,0.0,0.0,0.0,0.5,1,1
2984,train,0,2,0,-58.10544801362585,-891.5255846069841,0.0,33.09596736631573,0.0,0.0,0.33333333333333326,245.17989454674313,0.5,0.9684241335604309,0.9967561452934783
2984,train,1,2,0,-58.10544801362585,-562.5727032651147,0.0,-125.683489920642,0.0,0.0,1.0,199.1223812576071,0.5,0.9684241335604309,0.9967561452934783
2985,train,2,0,1,-663.1347058714666,-3274.864045948481,-0.13333333333333333,0.0,-624.6136542909874,0.0,-2.1333333333333333,-5.081188930738211,0.5,1.004749554350707,1.0009481113345846
2985,train,2,1,1,-1085.1295186987636,-4216.805470879672,-0.5333333333333333,0.0,222.98441667568875,-0.6000000000000001,-2.4,24.925371349663468,0.5,1.004749554350707,1.0009481113345846
2986,train,1,0,0,60.0,387.8178174499635,0.0,0.0,0.0,0.0,0.0,0.0,0.5,1,1
2986,train,2,0,0,0.0,-548.7370454015454,0.0,0.0,0.0,0.0,0.0,0.0,0.5,1,1
2987,train,0,2,0,310.9581248915285,-238.39257013449824,0.0,0.0,12.51283953473012,0.0,0.0,0.0,0.5,1.0365270829717617,1.0029828065324722
2987,train,1,2,0,-62.1916249783057,-1105.2281924988788,0.0,0.0,-198.9639547519244,0.16666666666666666,0.0,0.0,0.5,1.0365270829717617,1.0029828065324722
2988,train,1,0,0,240.8462616256515,3954.7330461678266,1.6666666666666665,-31.715321566934165,580.6573897369356,-0.14285714285714285,-0.09523809523809512,138.1116889121759,0.5,1.0035260901068812,0.997836259329798
2988,train,2,0,0,-602.1156540641288,1289.238604508535,0.7142857142857142,94.35475300008409,273.3492548550281,-0.23809523809523808,-0.19047619047619035,61.7756577743171,0.5,1.0035260901068812,0.997836259329798
2989,train,1,0,0,119.28731670961702,-364.7950569640954,0.0,0.0,0.0,0.0,0.16666666666666666,-22.30699432390493,0.5,0.9940609725801418,1.0024398170780122
2989,train,2,0,0,0.0,257.7799058747661,0.0,0.0,0.0,1.0,0.5,-2.8114715550995726,0.5,0.9940609725801418,1.0024398170780122
2990,train,0,2,0,118.96477049551945,42.264696807095845,0.2,19.31817485199703,-3.2985782579774963,0.0,0.0,0.0,0.5,0.9913730874626621,0.9983767551848742
2990,train,2,1,1,0.0,116.48896843330303,0.0,-189.07816080176167,-43.1233315535314,-0.8,0.0,0.0,0.5,0.9913730874626621,0.9983767551848742
2991,train,1,0,0,-669.7207994935046,2078.195531759929,-0.14285714285714285,655.5671601271239,379.9503576471808,0.5714285714285714,0.5714285714285713,-334.1419900223936,0.5,1.0147284840810675,0.9979713558551195
2991,train,2,0,0,-182.65112713459214,544.8394791117263,-0.09523809523809523,1110.735072962113,363.33645480314624,-0.2857142857142857,0.38095238095238104,-108.26111678481948,0.5,1.0147284840810675,0.9979713558551195
2992,train,2,0,1,120.0,-177.0438595036212,0.0,0.0,0.0,0.0,0.0,0.0,0.5,1,1
2992,train,1,2,0,0.0,510.7901012001994,0.0,0.0,0.0,0.0,0.0,0.0,0.5,1,1
2993,validation,1,0,1,-780.0,-2454.552437782423,0.0,0.0,0.0,0.0,0.0,0.0,0.5,1,1
2993,validation,1,2,1,120.0,-307.8452808927118,0.0,0.0,0.0,0.0,0.0,0.0,0.5,1,1
2994,train,1,0,1,-60.99095531012451,262.6474402909131,0.0,-57.005351966988606,0.0,0.0,0.0,0.0,0.5,1.0165159218354085,0.9979713558551195
2994,train,2,1,0,243.96382124049805,-99.71818799382277,1.0,351.9748693580515,0.0,0.0,1.3333333333333335,0.0,0.5,1.0165159218354085,0.9979713558551195
2995,train,0,1,1,181.27163043453675,1394.6051355773725,0.0,0.0,-135.956003115354,0.0,0.4999999999999999,0.0,0.5,1.0070646135252042,1.0025755368765914
2995,train,0,2,1,-181.27163043453675,759.0239438547766,-1.0,0.0,-126.38834200955186,0.0,0.4999999999999999,0.0,0.5,1.0070646135252042,1.0025755368765914
2996,train,0,2,0,122.47833649366744,674.6553693857854,0.0,0.0,44.99558773236885,0.3333333333333333,0.0,23.465851178776376,0.5,1.0206528041138954,1.0008126118424647
2996,train,1,2,0,122.47833649366744,658.9907085820907,0.0,0.0,50.53457120006614,0.0,0.0,-46.1348101804944,0.5,1.0206528041138954,1.0008126118424647
2997,train,0,1,0,-120.0,132.74221372220472,0.0,0.0,0.0,0.0,0.0,0.0,0.5,1,1
2997,train,2,1,0,300.0,840.7434361599835,0.0,0.0,0.0,0.0,0.0,0.0,0.5,1,1
2998,train,0,1,1,-59.39387099064901,-1166.1984242406631,0.5999999999999999,401.8253563879165,130.5380260400763,0.0,0.0,-195.3854621587074,0.5,0.9898978498441502,1.0001353894730307
2998,train,0,2,1,237.57548396259605,1237.340694270898,0.5999999999999999,-53.88029862755229,165.47797577769933,0.0,0.0,-64.28661235070403,0.5,0.9898978498441502,1.0001353894730307
2999,train,0,1,1,-60.710863298508976,78.89806250761754,0.0,0.0,-238.464207328545,0.0,0.0,0.0,0.5,1.0118477216418162,0.9987823191973281
2999,train,2,0,0,121.42172659701795,-419.26832201636427,0.0,0.0,355.08768775620007,0.0,0.0,0.0,0.5,1.0118477216418162,0.9987823191973281
