search_id,split,a,b,y,time_diff,distance_diff,intersection_weighted_diff,merge_weighted_diff,narrow_weighted_diff,turn_weighted_diff,consecutive_weighted_diff,child_100m_weighted_diff,sample_weight,m_time,m_distance
0,train,2,0,1,0.0,-201.21409044804886,0.0,0.0,0.0,0.0,0.0,0.0,0.5,1.0,1.0
0,train,1,2,0,180.0,52.64692147391497,0.0,0.0,0.0,0.0,0.0,0.0,0.5,1.0,1.0
1,train,2,0,1,-104.51883375332766,-857.2543253471433,0.3333333333333333,172.97833388071442,-124.76548716779412,0.0,0.0,23.56936479494987,0.5,0.8709902812777305,1.1825530944598042
1,train,2,1,1,0.0,-831.6385081749725,0.0,200.93269564681557,-402.5854585132246,0.0,0.0,4.06924909189927,0.5,0.8709902812777305,1.1825530944598042
2,train,1,0,1,-32.816722875984055,-1403.2008629713323,0.0,0.0,0.0,0.0,0.0,0.0,0.5,0.5469453812664009,1.5805694183734877
2,train,2,1,0,-98.45016862795217,208.1852735929124,0.0,0.0,0.0,0.0,0.0,0.0,0.5,0.5469453812664009,1.5805694183734877
3,train,1,0,0,76.64971083725136,324.0777544920556,0.0,224.92428164949817,0.0,-0.4,0.10000000000000003,5.081461412310939,0.5,1.277495180620856,1.1678410542012976
3,train,0,2,1,-153.29942167450272,-1043.7729154740477,0.0,-115.56528625712113,0.0,0.4,-0.2,-154.8332001880413,0.5,1.277495180620856,1.1678410542012976
4,train,0,1,0,-159.05117162955935,-183.32535398015054,0.2,308.9209290784655,0.0,0.20000000000000004,-0.40000000000000036,0.0,0.5,0.662713215123164,0.612630758782848
4,train,1,2,1,-79.52558581477967,-416.22298434820726,-0.4000000000000001,-113.60561658834567,0.0,-0.1,-1.1999999999999997,0.0,0.5,0.662713215123164,0.612630758782848
5,train,0,1,0,0.0,983.8875392915984,-0.26666666666666666,0.0,124.23434590675163,0.3333333333333333,-0.2666666666666666,2.8088391191317683,0.5,0.6187359089070699,1.5859138601153848
5,train,2,1,0,148.49661813769677,1144.6615762657682,-0.13333333333333333,0.0,-32.064639123388204,0.0,0.8,0.5669868035480903,0.5,0.6187359089070699,1.5859138601153848
6,validation,0,2,0,-55.92210156126677,100.57835059370946,0.0,195.758393506699,0.0,-0.13333333333333333,2.0,4.927386533970221,0.5,0.9320350260211129,0.5182281703279376
6,validation,1,2,0,167.7663046838003,101.25757438521379,0.2,143.57863967065066,0.0,-0.13333333333333333,0.6666666666666666,-40.91102829186605,0.5,0.9320350260211129,0.5182281703279376
7,train,1,0,0,262.32957437330367,1070.1946879547118,0.33333333333333337,0.0,-138.36683198699455,0.0,0.0,0.0,0.5,1.0930398932220986,1.8401515191357016
7,train,2,0,0,327.91196796662956,1885.5959599463677,0.0,0.0,220.85888315150225,0.0,0.0,0.0,0.5,1.0930398932220986,1.8401515191357016
8,train,2,0,1,78.36975323499807,-309.231795738844,0.0,0.0,-56.423361117111156,0.0,0.0,0.0,0.5,1.3061625539166346,0.5311510713930038
8,train,2,1,1,-156.73950646999614,-775.0728932876534,-0.3333333333333333,0.0,-166.72030235716772,0.0,0.5,0.0,0.5,1.3061625539166346,0.5311510713930038
9,train,2,0,1,-132.2994159421258,517.0818372057374,0.0,-378.5521933624707,-1004.6431512765762,0.0,0.0,0.0,0.5,0.7349967552340322,0.6252253773642172
9,train,2,1,1,-44.09980531404193,576.1300017815977,0.0,-263.27481240114594,-520.8454529647994,0.0,0.0,0.0,0.5,0.7349967552340322,0.6252253773642172
10,validation,0,2,0,-100.20888630587578,-28.16717587671844,0.0,0.0,0.0,1.0,0.0,0.0,0.5,0.5567160350326432,1.0332725396392644
10,validation,2,1,1,-66.80592420391719,-961.4949914568726,0.0,0.0,0.0,-1.0,0.0,0.0,0.5,0.5567160350326432,1.0332725396392644
11,train,0,1,0,-97.9645186344135,1.846185003785282,0.0,0.0,-260.71530285710963,0.6666666666666666,0.0,0.0,0.5,1.632741977240225,0.9547577033619895
11,train,1,2,1,-97.9645186344135,-458.4371645597035,0.0,0.0,-132.20729585540101,-0.6666666666666666,0.0,-35.400153605284586,0.5,1.632741977240225,0.9547577033619895
12,train,0,1,1,-180.0,-732.3444107037772,-0.06666666666666667,-5.008232902905547,26.26470961557841,-0.26666666666666666,0.0,44.82188676440906,0.5,1.0,1.0
12,train,0,2,1,-120.0,-665.5953199890391,-0.2,44.1222478365213,22.586173495064884,0.0,0.0,12.823833429609227,0.5,1.0,1.0
13,train,2,0,1,-39.237971151589974,-96.1590285482311,-0.23809523809523808,62.041090870966656,95.95028935169614,0.14285714285714285,-0.047619047619047616,-169.96256664124022,0.5,0.6539661858598329,0.6570959741596873
13,train,1,2,0,-117.71391345476992,-418.9697079147752,0.23809523809523808,-70.08577672597991,-80.84320843145333,0.14285714285714285,-0.047619047619047616,84.76100022573237,0.5,0.6539661858598329,0.6570959741596873
14,train,1,0,1,-193.33095013963586,1081.64028176188,0.0,-61.35957720517243,0.0,0.0,0.0,-123.51625820284875,0.5,0.6444365004654529,1.4683157317419808
14,train,1,2,1,-154.6647601117087,104.40762347727333,0.0,-78.80918932702568,0.0,0.3333333333333333,0.0,-174.14792428202037,0.5,0.6444365004654529,1.4683157317419808
15,validation,0,1,1,110.67272427040004,220.6063294093567,0.0,0.0,0.0,0.0,0.0,1.079626018059173,0.5,1.8445454045066674,0.9345281586571557
15,validation,2,0,0,0.0,-64.47505417577551,0.0,0.0,0.0,0.3333333333333333,0.0,301.60307839990156,0.5,1.8445454045066674,0.9345281586571557
16,validation,1,0,0,47.836017956924515,738.3429380692965,0.0,134.7003533146853,0.0,0.16666666666666666,0.0,30.08031264757323,0.5,0.7972669659487419,1.1582183747544557
16,validation,2,0,0,47.836017956924515,1286.8864860977008,0.0,-56.90077039637475,0.0,0.0,0.0,202.59253305390115,0.5,0.7972669659487419,1.1582183747544557
17,validation,0,1,1,120.0,-111.12279428480315,0.0,0.0,0.0,0.0,0.0,0.0,0.5,1.0,1.0
17,validation,2,0,0,180.0,859.1958195589864,0.0,0.0,0.0,0.0,0.0,0.0,0.5,1.0,1.0
18,train,0,2,0,-360.0,-1555.495273710399,0.047619047619047616,377.82679590103953,34.93613026979715,-0.09523809523809523,0.0,27.481359486915963,0.5,1.0,1.0
18,train,2,1,1,60.0,218.6376993903923,-0.047619047619047616,-336.0157547607191,-66.65395425699093,-0.19047619047619047,0.0,-49.4141490848916,0.5,1.0,1.0
19,train,1,0,0,762.4905091296905,1772.402663982903,0.0,0.0,0.0,0.0,0.0,0.0,0.5,1.81545359316593,1.374006109437637
19,train,0,2,1,-217.8544311799116,-1061.7272969261317,0.0,0.0,0.0,-1.0,0.0,0.0,0.5,1.81545359316593,1.374006109437637
20,train,0,2,0,863.901552335522,2780.709967639076,0.0,486.0468136034599,222.50368342930284,0.0,0.40000000000000013,-9.633681455402908,0.5,1.5998176895102258,1.9255905379353908
20,train,2,1,1,-479.94530685306773,-2959.6796501372205,0.0,394.62121564673714,-166.92981606970807,0.0,-1.0,24.470876471385797,0.5,1.5998176895102258,1.9255905379353908
21,train,0,1,1,-59.85672225038184,161.79354088889767,0.0,1.7055119273934949,170.64084473735682,0.3,0.0,-55.77245278512875,0.5,0.9976120375063641,0.8941597837008736
21,train,2,0,0,0.0,-161.79354088889767,0.0,-8.219901750534632,79.0492940414706,-0.3,0.0,3.3095679164211758,0.5,0.9976120375063641,0.8941597837008736
22,train,2,0,1,-210.27126493001776,-163.8739144173065,0.06666666666666667,-327.6784741860765,-56.02622697392158,0.0,-1.3333333333333333,0.0,0.5,1.1681736940556542,0.5165151930612593
22,train,2,1,1,-280.361686573357,-628.1412983698294,-0.13333333333333336,-201.82591884331435,125.09918824201284,-0.13333333333333333,-0.8,0.0,0.5,1.1681736940556542,0.5165151930612593
23,train,0,2,0,-240.0,-800.4401209262469,0.0,0.0,0.0,0.0,0.0,0.0,0.5,1.0,1.0
23,train,2,1,1,300.0,635.8637460297091,0.0,0.0,0.0,0.0,0.0,0.0,0.5,1.0,1.0
24,train,1,0,0,-420.0,-1176.388375313768,0.0,1.0915604205003433,31.225330666477575,-0.13333333333333333,1.0,-11.566102661889037,0.5,1.0,1.0
24,train,2,0,0,60.0,4.128814879431047,0.0,-255.17955602047826,60.27259503994004,0.0,1.2000000000000002,-15.192171552108913,0.5,1.0,1.0
25,train,0,2,0,467.1949691199065,2504.2743070150023,-0.33333333333333337,0.0,0.0,0.0,0.5,82.40302696287588,0.5,1.946645704666277,0.8696302668124587
25,train,2,1,1,-116.79874227997662,-800.6865981574966,0.5,0.0,0.0,0.0,-3.0,-74.4135556402955,0.5,1.946645704666277,0.8696302668124587
26,train,1,0,1,-99.87634211783256,392.4407893988269,0.0,-81.03071787862964,0.0,-0.8,0.6000000000000001,76.67920712699635,0.5,1.664605701963876,1.1216717153358062
26,train,1,2,1,299.6290263534977,635.7839186366442,0.0,-12.178633149267142,0.0,-1.6,0.30000000000000027,110.6553319919327,0.5,1.664605701963876,1.1216717153358062
27,train,2,0,1,-120.0,-237.26999233734205,0.0,0.0,0.0,0.0,0.0,0.0,0.5,1.0,1.0
27,train,1,2,0,60.0,-439.6433230845496,0.0,0.0,0.0,0.0,0.0,0.0,0.5,1.0,1.0
28,train,0,1,0,180.0,-2710.0117735307067,0.0,0.0,0.0,0.0,0.0,0.0,0.5,1.0,1.0
28,train,1,2,1,-300.0,306.4291766225306,0.0,0.0,0.0,0.0,0.0,0.0,0.5,1.0,1.0
29,validation,1,0,1,0.0,-1019.3385398675896,0.0,0.0,0.0,0.0,0.0,0.0,0.5,1.0,1.0
29,validation,2,1,0,-60.0,1165.9564443943664,0.0,0.0,0.0,0.0,0.0,0.0,0.5,1.0,1.0
30,train,0,1,0,136.9298052224844,-577.0217679241982,0.2,0.0,77.70559127009147,0.0,-1.7999999999999998,91.701972837842,0.5,1.1410817101873698,0.7661809656938487
30,train,1,2,1,0.0,240.43167097898925,-0.2,0.0,-37.56875700194877,0.0,1.1999999999999997,-113.3690042566244,0.5,1.1410817101873698,0.7661809656938487
31,test,2,0,1,0.0,-600.5995988567123,0.0,0.0,0.0,0.0,-6.0,0.0,0.5,0.6140125169256443,0.5254373097182158
31,test,2,1,1,-36.84075101553866,-990.6817333777308,0.0,0.0,0.0,0.0,-4.0,0.0,0.5,0.6140125169256443,0.5254373097182158
32,train,0,1,0,-214.93688815059616,-151.55878637899357,0.0,0.0,206.80653328261735,1.0,0.33333333333333326,0.0,0.5,1.1940938230588676,0.8630790589895321
32,train,2,1,0,358.2281469176603,591.552000590181,0.0,0.0,61.01327046915539,0.5,0.33333333333333326,0.0,0.5,1.1940938230588676,0.8630790589895321
33,train,0,1,1,-180.0,-1351.5893136180957,0.0,0.0,0.0,0.0,0.0,0.0,0.5,1.0,1.0
33,train,0,2,1,-60.0,-1072.2513206636177,0.0,0.0,0.0,0.0,0.0,0.0,0.5,1.0,1.0
34,train,0,2,0,213.07945774060906,86.526984685206,0.0,34.542058739490145,0.0,0.0,1.2000000000000002,36.80997519067269,0.5,1.775662147838409,1.0536634173754844
34,train,2,1,1,0.0,78.17504679595179,0.0,-199.59908417930768,0.0,-0.1,0.0,-3.1756588963826857,0.5,1.775662147838409,1.0536634173754844
35,train,0,1,0,198.71611788920697,236.27136449737412,0.0,-13.180343381220212,-22.510855289794925,0.0,0.0,30.06812097148887,0.5,0.6623870596306899,0.5280489978083845
35,train,1,2,1,-317.94578862273113,697.4598632152704,-0.2857142857142857,35.21985874377282,-52.18844760358658,0.0,0.47619047619047605,-7.567782879041403,0.5,0.6623870596306899,0.5280489978083845
36,validation,1,0,0,-322.86129673974585,-9.904361722580324,0.0,0.0,0.0,1.0,0.0,0.0,0.5,1.793673870776366,0.949025108849777
36,validation,2,0,0,-430.4817289863278,-592.0330523552941,0.0,0.0,0.0,1.0,0.0,0.0,0.5,1.793673870776366,0.949025108849777
37,train,0,1,0,57.416523885345505,528.2565761016422,0.4,129.39372113263187,10.490965644367094,0.1,0.0,0.0,0.5,0.9569420647557584,0.7769707242414912
37,train,2,1,0,-114.83304777069101,182.72249788749028,0.8,322.81524834825046,68.35402370562505,0.1,0.0,0.0,0.5,0.9569420647557584,0.7769707242414912
38,train,0,1,1,309.4427383587939,-4.815939331335292,0.0,3.438396639936059,-21.687436242362992,-0.3,0.0,-136.7836997023217,0.5,1.719126324215522,1.3679512674584733
38,train,2,0,0,-309.4427383587939,-199.09983051285423,0.0,-101.89266788653735,-74.67768692924668,0.6,0.0,101.6177453478067,0.5,1.719126324215522,1.3679512674584733
39,test,2,0,1,-145.39272700923226,-859.1707729030082,-0.9999999999999999,258.2359509950328,-22.030803190861917,-0.6000000000000001,0.5333333333333332,0.0,0.5,0.6058030292051344,1.1418025179987294
39,test,2,1,1,254.43727226615644,-879.4924837948954,0.0,233.20187778063337,18.050708451444805,0.0,-0.5333333333333334,0.0,0.5,0.6058030292051344,1.1418025179987294
40,train,2,0,1,-780.0,-5059.905008378591,0.0,0.0,0.0,0.0,0.0,0.0,0.5,1.0,1.0
40,train,1,2,0,420.0,1448.8026161616153,0.0,0.0,0.0,0.0,0.0,0.0,0.5,1.0,1.0
41,train,0,1,1,253.45105251617485,-31.95695868891804,-0.5,0.0,0.0,0.0,0.6666666666666667,-56.963691607558054,0.5,0.7040307014338191,0.5302717341032467
41,train,0,2,1,84.48368417205829,-328.71946655675504,0.5,0.0,0.0,0.0,0.33333333333333337,-159.17464495638353,0.5,0.7040307014338191,0.5302717341032467
42,test,1,0,1,0.0,850.7132265007656,0.0,0.0,-155.46186393519508,0.0,0.0,-264.21570669951666,0.5,0.9657087017099937,0.6968419491173629
42,test,2,1,0,231.77008841039847,-625.6501219868752,0.0,0.0,181.45720894394097,0.0,0.0,116.6493511938624,0.5,0.9657087017099937,0.6968419491173629
43,train,1,0,1,-120.0,217.0781240322449,0.0,-189.09259515640554,0.0,0.0,0.0,-52.02888348709345,0.5,1.0,1.0
43,train,2,1,0,300.0,740.1263475213495,0.3333333333333333,146.46822307069033,0.0,0.0,0.0,96.20658224342746,0.5,1.0,1.0
44,train,0,2,0,186.85782904040633,2576.697524799569,0.33333333333333337,-33.059351121757494,228.96837912927646,0.13333333333333333,0.8,0.0,0.5,1.0380990502244796,1.7675487969410857
44,train,1,2,0,249.1437720538751,1171.2234454986128,-0.6666666666666666,83.89146423762129,-19.247780348114432,0.0,1.2000000000000002,0.0,0.5,1.0380990502244796,1.7675487969410857
45,train,1,0,0,549.7647455878104,456.6763030938301,0.0,0.0,0.0,-0.3333333333333333,0.0,0.0,0.5,1.8325491519593677,0.5965237821603625
45,train,0,2,1,-1209.4824402931827,-246.3366745047859,0.0,0.0,0.0,-0.16666666666666669,-1.0,0.0,0.5,1.8325491519593677,0.5965237821603625
46,train,0,1,0,0.0,287.6797678155817,0.0,0.0,0.0,0.0,0.0,0.0,0.5,1.0,1.0
46,train,2,1,0,420.0,1029.075434548212,0.0,0.0,0.0,0.0,0.0,0.0,0.5,1.0,1.0
47,train,1,0,0,94.69808084770105,469.3422187516805,0.0,0.0,0.0,0.3333333333333333,0.0,20.56129671710579,0.5,1.578301347461684,0.791383412830123
47,train,2,0,0,-94.69808084770105,335.3944227653216,0.0,0.0,0.0,0.0,0.0,-18.220164079329365,0.5,1.578301347461684,0.791383412830123
48,train,0,2,0,655.3744129114003,2630.94538181067,0.0,244.63432669241513,30.36094383126813,0.0,0.40000000000000013,-11.772582406866576,0.5,1.8204844803094453,1.3126333741519114
48,train,1,2,0,-109.22906881856672,-21.06497262932156,0.0,5.721793730965203,187.11031599864663,0.0,2.0,-6.528875220044775,0.5,1.8204844803094453,1.3126333741519114
49,train,2,0,1,106.71245253583939,-366.1507444909912,0.0,0.0,0.0,0.0,0.0,23.501778676558075,0.5,0.5928469585324411,0.622852356072741
49,train,1,2,0,-106.71245253583939,563.6375280669955,0.0,0.0,0.0,0.0,0.0,47.43168982385262,0.5,0.5928469585324411,0.622852356072741
50,train,0,2,0,-60.674811259859844,-942.579626851849,-0.5333333333333334,181.44844051170486,22.77410685190155,0.0,2.333333333333333,-61.966361081299986,0.5,1.0112468543309974,0.559389658355422
50,train,2,1,1,-788.7725463781779,-193.99107071086732,0.8,87.21923722027009,-18.33091625315633,0.0,-1.3333333333333335,61.966361081299986,0.5,1.0112468543309974,0.559389658355422
51,train,0,2,0,-60.0,-146.09582455124428,0.0,66.33983262709694,-36.44410582786669,0.06666666666666667,0.8,0.0,0.5,1.0,1.0
51,train,2,1,1,0.0,13.177962453623877,0.0,67.35225654782533,9.857630923418341,-0.13333333333333333,-0.5333333333333334,0.0,0.5,1.0,1.0
52,train,1,0,0,540.0,-143.38647074221353,0.0,0.0,0.0,0.0,0.0,0.0,0.5,1.0,1.0
52,train,0,2,1,-540.0,359.2624838126112,0.0,0.0,0.0,0.0,0.0,0.0,0.5,1.0,1.0
53,train,1,0,0,240.0,1289.6493450658209,0.0,0.0,0.0,0.0,0.0,0.0,0.5,1.0,1.0
53,train,2,0,0,240.0,2493.1968304985057,0.0,0.0,0.0,0.0,0.0,0.0,0.5,1.0,1.0
54,train,0,1,0,129.06609392403738,-628.3091211951001,0.0,0.0,0.0,1.0,0.0,0.0,0.5,0.717033855133541,1.6706053212630099
54,train,1,2,1,172.08812523204983,701.8948796942086,0.0,0.0,0.0,-2.0,0.0,0.0,0.5,0.717033855133541,1.6706053212630099
55,train,1,0,0,120.0,-275.6200840032361,0.0,0.0,0.0,0.0,0.0,0.0,0.5,1.0,1.0
55,train,0,2,1,-240.0,36.014388594287084,0.0,0.0,0.0,0.0,0.0,0.0,0.5,1.0,1.0
56,train,1,0,0,60.0,641.4879581698183,0.0,0.0,0.0,0.0,0.0,0.0,0.5,1.0,1.0
56,train,0,2,1,-120.0,-948.3797690924766,0.0,0.0,0.0,0.0,0.0,0.0,0.5,1.0,1.0
57,train,1,0,1,-141.88243002800164,-128.31744166335483,0.0,0.0,-14.411668690017656,0.0,-0.19999999999999996,-199.09545455277205,0.5,0.7882357223777869,0.5621850434411743
57,train,1,2,1,0.0,-153.21300142476522,0.0,0.0,-123.18063850362404,0.0,-0.6000000000000001,-85.37597366803398,0.5,0.7882357223777869,0.5621850434411743
58,train,2,0,1,-480.0,-656.27663748342,0.0,0.0,0.0,0.0,0.0,0.0,0.5,1.0,1.0
58,train,1,2,0,540.0,202.23940362968642,0.0,0.0,0.0,0.0,0.0,0.0,0.5,1.0,1.0
59,train,0,1,1,-63.386500505617924,-915.9027346915688,0.0,0.0,89.53203240578071,0.0,-0.5,-32.787328992731254,0.5,0.528220837546816,0.8935012329586148
59,train,2,0,0,-63.386500505617924,-501.2007389053909,0.0,0.0,-138.2009269751114,0.0,2.0,-15.647485678610247,0.5,0.528220837546816,0.8935012329586148
60,train,0,2,0,246.36169116701788,50.242801754725726,0.0,0.0,0.0,0.0,0.0,32.816853104596575,0.5,0.8212056372233929,0.7917392577353676
60,train,1,2,0,49.27233823340357,449.12087901303363,0.0,0.0,0.0,0.0,0.0,29.23929467162505,0.5,0.8212056372233929,0.7917392577353676
61,train,0,1,1,75.6523265600795,1.0139183898325674,0.0,110.50907395999508,0.0,0.0,0.0,0.0,0.5,1.2608721093346584,0.9735781952427998
61,train,0,2,1,-75.6523265600795,-101.74669931519355,-0.5,-12.800962669918817,0.0,0.0,0.0,0.0,0.5,1.2608721093346584,0.9735781952427998
62,train,0,1,1,-480.0,-173.95368212877884,0.0,0.0,0.0,0.0,0.0,0.0,0.5,1.0,1.0
62,train,0,2,1,-300.0,-495.7271571803817,0.0,0.0,0.0,0.0,0.0,0.0,0.5,1.0,1.0
63,validation,0,2,0,255.40417257907285,-404.97646839936215,0.0,0.0,0.0,0.0,0.0,174.55048435934972,0.5,1.418912069883738,1.0624430131471454
63,validation,1,2,0,-170.26944838604857,-600.4491375515357,0.0,0.0,0.0,0.0,0.0,216.39561122655667,0.5,1.418912069883738,1.0624430131471454
64,train,0,1,1,-60.0,-519.2962257510785,0.0,0.0,0.0,0.0,0.0,0.0,0.5,1.0,1.0
64,train,2,0,0,0.0,659.0657258539131,0.0,0.0,0.0,0.0,0.0,0.0,0.5,1.0,1.0
65,test,0,1,0,996.6467091145781,3924.2260154889773,0.26666666666666666,-54.76561761942611,0.0,0.3333333333333333,0.3333333333333333,-38.35944265283044,0.5,1.661077848524297,1.556058199338036
65,test,2,1,0,-99.66467091145782,2375.2717732982746,0.8,-160.70633831238996,0.0,0.3333333333333333,0.3333333333333333,13.683289138115924,0.5,1.661077848524297,1.556058199338036
66,train,0,2,0,476.6271763311887,700.0218134082638,0.5333333333333334,0.0,35.198848164012944,0.2,1.0,-32.045108827462464,0.5,1.9859465680466195,0.5540351909278547
66,train,1,2,0,0.0,450.9703232723269,0.26666666666666666,0.0,35.959044509468654,0.4,0.33333333333333326,-55.855735079203896,0.5,1.9859465680466195,0.5540351909278547
67,train,1,0,1,-60.27981580618254,-767.8338463028554,0.0,2.19618702282564,-72.91306042499441,0.0,0.6000000000000001,27.728142551470807,0.5,1.004663596769709,1.3490356801572638
67,train,2,1,0,0.0,631.89227118594,0.0,86.76021377306517,74.50200513808436,0.0,0.6000000000000001,32.624433341837076,0.5,1.004663596769709,1.3490356801572638
68,train,1,0,0,420.0,233.66646013983063,0.0,0.0,0.0,0.0,0.0,0.0,0.5,1.0,1.0
68,train,2,0,0,240.0,15.835857478484286,0.0,0.0,0.0,0.0,0.0,0.0,0.5,1.0,1.0
69,train,0,1,1,-271.6657546428043,-1511.4998509628579,0.0,0.0,-246.80650841638078,-0.3333333333333333,0.0,0.0,0.5,1.509254192460024,1.3939075585131078
69,train,2,0,0,543.3315092856086,696.70216273175,0.0,0.0,313.023762503728,0.0,0.0,0.0,0.5,1.509254192460024,1.3939075585131078
70,train,0,1,0,-396.24837093688103,-1003.0238769739584,0.3999999999999999,252.97843262258698,0.0,0.1,1.2000000000000002,0.0,0.5,0.8255174394518355,1.4631551650067418
70,train,1,2,1,495.31046367110133,3424.7618462062273,-0.7999999999999998,184.7009218159742,0.0,-0.2,0.2999999999999998,0.0,0.5,0.8255174394518355,1.4631551650067418
71,train,0,1,1,0.0,-154.00648461981427,0.13333333333333336,136.1807698899862,2.554498049851432,0.0,0.2666666666666666,13.009500753091878,0.5,1.0,1.0
71,train,0,2,1,60.0,264.35731332563864,0.2666666666666667,521.6339677389985,20.956288152578793,0.0,0.0,13.009500753091878,0.5,1.0,1.0
72,train,1,0,0,577.0958550484826,4315.4152998855625,0.0,150.31174730824733,0.0,0.26666666666666666,0.40000000000000013,-5.183541645299316,0.5,1.0686960278675603,1.3916287067807274
72,train,0,2,1,-384.73057003232174,-1049.2970110974209,-1.0,137.76168020551066,0.0,0.0,-0.8,14.884619869281186,0.5,1.0686960278675603,1.3916287067807274
73,test,0,1,1,271.95219356716143,826.3619152773235,0.0,0.0,-116.7835218911504,0.0,0.1333333333333333,-57.258602455243796,0.5,1.5108455198175634,0.6508802323302366
73,test,0,2,1,-453.25365594526903,120.84010285319752,0.26666666666666666,0.0,98.10207404437897,0.0,0.19999999999999996,-25.309965083839653,0.5,1.5108455198175634,0.6508802323302366
74,test,1,0,1,164.46914428776446,324.25888350926624,0.0,0.0,0.0,0.0,0.0,-76.05832852876297,0.5,1.3705762023980372,0.8578831376406285
74,test,1,2,1,-82.23457214388223,-1179.833156816863,-0.3333333333333333,0.0,0.0,0.0,0.0,-71.56209960285598,0.5,1.3705762023980372,0.8578831376406285
75,test,0,1,0,120.0,196.82730189959238,0.0,0.0,0.0,0.0,0.0,0.0,0.5,1.0,1.0
75,test,1,2,1,0.0,229.0023150208026,0.0,0.0,0.0,0.0,0.0,0.0,0.5,1.0,1.0
76,test,1,0,0,60.0,261.05065770127385,0.0,-7.8348492875433635,2.4908815712772565,0.0,0.0,-55.161358355948266,0.5,1.0,1.0
76,test,0,2,1,60.0,-1834.9401810695545,0.0,-116.35786760614735,-39.2981604713109,0.0,0.0,17.38003127376396,0.5,1.0,1.0
77,train,0,1,0,300.0,-296.3500340388382,0.0,0.0,0.0,0.0,0.0,0.0,0.5,1.0,1.0
77,train,1,2,1,0.0,1260.7730112152894,0.0,0.0,0.0,0.0,0.0,0.0,0.5,1.0,1.0
78,test,0,1,0,0.0,184.9754829586103,-0.33333333333333326,0.0,0.0,0.0,0.0,381.7848914606696,0.5,0.5955266892087085,1.624400285733468
78,test,1,2,1,71.46320270504502,1927.0609450856634,0.6666666666666666,0.0,0.0,0.0,0.0,-326.46112800378745,0.5,0.5955266892087085,1.624400285733468
79,train,1,0,1,83.8561114299873,984.6712075538974,0.0,175.0866896466007,-31.650637022125263,-0.6666666666666666,0.1333333333333333,-12.900815864624008,0.5,1.397601857166455,1.4247225887624162
79,train,2,1,0,0.0,-75.82965490058204,0.0,177.27470870416693,21.93430438378443,0.3333333333333333,0.4,-40.65962993946994,0.5,1.397601857166455,1.4247225887624162
80,train,0,1,0,188.43705486656896,-689.8181943788385,0.0,-43.93666223855347,-243.9725649478664,0.13333333333333336,0.0,7.040937216680248,0.5,1.0468725270364942,1.0093638704283616
80,train,1,2,1,-690.9358678440863,-707.4329260139281,0.0,32.866556583243295,116.30132664531033,0.06666666666666667,0.0,-72.69372689377896,0.5,1.0468725270364942,1.0093638704283616
81,train,0,1,1,563.1177083515944,293.35507860568276,-0.14285714285714285,-118.40003094708538,-81.64833014408188,-0.5714285714285714,-0.38095238095238093,9.231717105459973,0.5,1.3407564484561771,0.6418056112761202
81,train,2,0,0,-160.89077381474127,-109.38025457896472,-0.2857142857142857,28.775879496683615,-0.8209258989035888,0.0,0.7619047619047619,3.4666628370324126,0.5,1.3407564484561771,0.6418056112761202
82,train,2,0,1,-194.34649915195251,314.9898250279165,0.0,0.0,0.0,0.0,0.0,75.76220475527232,0.5,1.6195541595996044,0.5080215860445519
82,train,2,1,1,0.0,355.009039126187,0.0,0.0,0.0,-0.3333333333333333,0.0,51.893408993039806,0.5,1.6195541595996044,0.5080215860445519
83,validation,1,0,0,226.67478771653495,286.69908229741054,0.0,0.0,0.0,0.0,3.0,0.0,0.5,1.888956564304458,1.2443198802217592
83,validation,0,2,1,-226.67478771653495,-1524.3966450347357,0.0,0.0,0.0,0.0,-3.0,0.0,0.5,1.888956564304458,1.2443198802217592
84,validation,0,1,1,-60.0,48.35528862281808,-0.09999999999999998,-616.5839314383278,0.0,0.0,-0.3999999999999999,0.0,0.5,1.0,1.0
84,validation,0,2,1,-660.0,-3185.501894422213,0.20000000000000004,-1028.0816565934952,0.0,-1.2,-1.0,0.0,0.5,1.0,1.0
85,train,2,0,1,-94.71117785105649,-99.35486463343022,-0.23809523809523808,5.133343259147345,14.532646334814173,-0.5714285714285714,0.0,-47.25349328044683,0.5,1.5785196308509415,0.6040926759390846
85,train,2,1,1,0.0,0.0,0.0,-4.8231402171420115,-27.460989111886423,0.0,0.047619047619047616,-27.475226928270242,0.5,1.5785196308509415,0.6040926759390846
86,train,1,0,0,-142.26870324474487,-21.138258878717295,0.06666666666666667,11.424653325813722,0.0,0.4,0.33333333333333326,69.11024759539815,0.5,1.1855725270395405,0.7226494450385053
86,train,2,0,0,0.0,620.6938441416036,-0.06666666666666667,405.27513669971825,0.0,0.4,1.3333333333333333,72.15526032934332,0.5,1.1855725270395405,0.7226494450385053
87,train,1,0,0,127.57940192089973,585.8735400852582,1.9999999999999998,0.0,0.0,0.3333333333333333,0.0,0.0,0.5,1.0631616826741643,0.8584410856797304
87,train,0,2,1,-510.3176076835989,83.82496148567785,0.0,0.0,0.0,-1.6666666666666665,0.0,0.0,0.5,1.0631616826741643,0.8584410856797304
88,validation,1,0,0,-322.4949860442835,-177.93116250245217,0.6000000000000001,-64.5931049672917,-102.86160967378318,1.0,0.0,40.42055752991853,0.5,0.5972129371190436,0.580728007563668
88,validation,0,2,1,501.6588671799966,458.63820138372097,0.0,7.307630968773168,148.5595802226409,-0.6666666666666667,0.0,-43.00569941551808,0.5,0.5972129371190436,0.580728007563668
89,validation,1,0,0,175.39929953193734,-1564.6142271814128,0.0,132.1096377234204,0.0,0.0,3.333333333333333,0.0,0.5,1.4616608294328113,0.7222739839751215
89,validation,0,2,1,-350.7985990638747,414.66114078793044,0.0,-712.8028081864675,0.0,0.0,-2.666666666666667,0.0,0.5,1.4616608294328113,0.7222739839751215
90,test,1,0,0,0.0,267.5718935427448,0.0,0.0,113.12963081643026,0.0,0.0,190.8444434895975,0.5,0.9813630147773046,1.8547897902758292
90,test,2,0,0,117.76356177327655,980.4240522287846,0.0,0.0,33.197966647147666,0.0,0.0,211.21607488525058,0.5,0.9813630147773046,1.8547897902758292
91,validation,0,2,0,-424.2555111926622,-923.6320704359866,0.0,0.0,0.0,1.0,0.0,0.0,0.5,1.7677312966360925,1.0184766876319702
91,validation,1,2,0,-212.1277555963311,-926.5055967416444,0.0,0.0,0.0,0.0,0.0,0.0,0.5,1.7677312966360925,1.0184766876319702
92,test,1,0,1,66.33414299543051,-196.92814103527755,0.0,-94.29057891701558,75.12775542913916,0.0,0.0,-88.76955294433559,0.5,1.105569049923842,0.5683501600557388
92,test,2,1,0,66.33414299543051,153.1260586574741,0.0,-34.26940048599282,-130.430866612729,0.0,0.0,42.44299742933093,0.5,1.105569049923842,0.5683501600557388
93,train,1,0,0,380.231771477529,750.0272977003766,0.0,0.0,0.0,0.6666666666666666,0.0,149.8861381469203,0.5,1.0561993652153583,0.8332486891700879
93,train,0,2,1,-380.231771477529,-823.2024292899715,0.0,0.0,0.0,0.0,0.0,52.44573051000931,0.5,1.0561993652153583,0.8332486891700879
94,train,0,1,0,209.8810736211552,42.78875925273139,1.2000000000000002,64.9791863854976,27.601947982034794,0.0,0.6,0.0,0.5,1.1660059645619734,0.8312548646358363
94,train,1,2,1,-279.84143149487363,212.8698179012465,0.0,-14.104883801486977,3.7947336783924612,0.0,-0.9,0.0,0.5,1.1660059645619734,0.8312548646358363
95,train,0,1,1,0.0,-399.95871257199553,-0.6666666666666666,0.0,0.0,0.3333333333333333,0.0,0.0,0.5,0.6878789211995779,0.7136385227906847
95,train,2,0,0,0.0,-92.09987330164856,0.6666666666666666,0.0,0.0,0.3333333333333333,0.0,0.0,0.5,0.6878789211995779,0.7136385227906847
96,train,0,1,1,329.60187490470383,84.58188519902531,0.0,57.60770359446189,-187.74903385353596,0.0,-0.19047619047619047,13.160032417598893,0.5,1.8311215272483548,1.0132464047199827
96,train,2,0,0,-109.86729163490128,1629.6041619470186,0.4761904761904761,106.33702761093747,82.98868275572019,0.14285714285714285,0.19047619047619047,4.2762668440930796,0.5,1.8311215272483548,1.0132464047199827
97,validation,0,1,0,127.41323429664581,378.42270787631236,0.0,356.52607392943884,0.0,0.0,0.0,109.39646947861408,0.5,0.5308884762360242,1.4779606183492997
97,validation,1,2,1,-95.55992572248435,-845.2596072286035,0.0,-108.15622176966082,0.0,0.0,0.0,-100.69900998088369,0.5,0.5308884762360242,1.4779606183492997
98,validation,0,2,0,104.60442041310462,2164.6047434936268,0.0,0.0,0.0,0.0,6.0,0.0,0.5,1.743407006885077,1.7677547912195877
98,validation,2,1,1,209.20884082620924,753.9509285938134,0.0,0.0,0.0,0.0,-2.0,0.0,0.5,1.743407006885077,1.7677547912195877
99,train,2,0,1,-237.14580483877413,-241.3633516858338,-0.16666666666666666,-548.3662788534459,0.0,0.0,0.0,151.95075718972356,0.5,1.3174766935487452,0.5422789707355091
99,train,2,1,1,-711.4374145163224,-1038.916477871678,-0.3333333333333333,-573.0778947484363,0.0,0.0,0.0,-39.55244730080014,0.5,1.3174766935487452,0.5422789707355091
100,train,0,1,0,-49.77016979101859,-440.6299785235662,0.0,-35.69129791775424,230.4923641389202,0.4,0.0,54.66396684055418,0.5,0.8295028298503098,0.6345519367495318
100,train,2,1,0,348.3911885371301,299.5498368093568,0.0,-42.54846716986421,-16.683761768244153,0.8,0.0,27.623389545821542,0.5,0.8295028298503098,0.6345519367495318
101,validation,1,0,1,-735.8362132746358,-2177.7219546921337,0.0,-179.08202867489183,113.23662063731831,0.06666666666666665,-0.666666666666667,-100.07432631821331,0.5,1.3626596542122886,0.8287488265014032
101,validation,2,1,0,899.3553717801105,2107.84704727151,0.0,-67.87477454160978,86.08573429925892,-0.13333333333333333,-1.6666666666666665,47.66923600987025,0.5,1.3626596542122886,0.8287488265014032
102,test,0,2,0,-106.26436933366425,142.7974289806443,0.3,47.87117199565621,71.62161086303718,-0.4,0.0,0.0,0.5,0.8855364111138687,1.068248212130626
102,test,1,2,0,106.26436933366425,1814.5740867896384,1.2,19.686576777788147,-29.600051990522417,-0.4,0.0,0.0,0.5,0.8855364111138687,1.068248212130626
103,train,2,0,1,120.0,-161.2797648593937,0.0,0.0,0.0,0.0,0.0,0.0,0.5,1.0,1.0
103,train,2,1,1,60.0,466.3296871112743,0.0,0.0,0.0,0.0,0.0,0.0,0.5,1.0,1.0
104,train,0,2,0,262.00804253724766,-327.3232146728164,0.0,0.0,0.0,0.0,0.0,86.8925215238882,0.5,1.091700177238532,0.7018384356832655
104,train,1,2,0,65.50201063431192,167.40761598100758,0.0,0.0,0.0,0.0,0.0,181.27131379185874,0.5,1.091700177238532,0.7018384356832655
105,train,2,0,1,58.71867150284477,584.4650390510175,-1.0,0.0,-69.49735634445517,-0.4,1.3333333333333333,1.673171256972591,0.5,0.9786445250474128,0.7235194695452297
105,train,1,2,0,58.71867150284477,336.4130315735773,-0.3333333333333333,0.0,208.3793313917594,0.0,-0.2666666666666666,-1.673171256972591,0.5,0.9786445250474128,0.7235194695452297
106,train,2,0,1,-245.29807733451662,-953.8462653928246,-0.3333333333333333,0.0,0.0,0.16666666666666666,0.5,0.0,0.5,1.0220753222271526,1.3464743489842537
106,train,2,1,1,-367.94711600177493,-565.5502391667895,-0.3333333333333333,0.0,0.0,0.16666666666666666,-1.5,0.0,0.5,1.0220753222271526,1.3464743489842537
107,train,2,0,1,152.6551342143578,-990.4243457528305,0.4,-109.88598024375962,34.52824404475439,0.0,0.0,0.0,0.5,1.2721261184529815,1.6804227207170124
107,train,2,1,1,-610.6205368574311,-2508.8831345459826,0.0,4.796338230352902,-146.77702236287467,0.0,0.0,0.0,0.5,1.2721261184529815,1.6804227207170124
108,train,1,0,1,-173.31829066035266,-34.90992050581331,-0.4761904761904761,-36.262218321999974,-8.309970012535587,0.0,0.42857142857142855,-66.76633541480345,0.5,1.4443190888362722,0.7034877418971639
108,train,2,1,0,173.31829066035266,157.96611375814842,0.23809523809523808,81.03425772299616,-16.4332108581578,0.2857142857142857,-0.42857142857142855,1.549619156430328,0.5,1.4443190888362722,0.7034877418971639
109,validation,0,2,0,-738.5080989277938,367.8434642974615,0.0,0.0,0.0,0.3333333333333333,-1.0,56.91556044251896,0.5,1.7583526164947472,1.3852866053995052
109,validation,2,1,1,211.00231397936966,-1363.8928434133768,0.0,0.0,0.0,0.0,0.5,-34.84915889252384,0.5,1.7583526164947472,1.3852866053995052
110,train,2,0,1,-300.0,-755.837780795091,0.0,0.0,0.0,0.0,0.0,0.0,0.5,1.0,1.0
110,train,2,1,1,-180.0,-787.2292316801704,0.0,0.0,0.0,0.0,0.0,0.0,0.5,1.0,1.0
111,train,0,2,0,115.30039089662547,410.2847696965733,0.5,0.0,0.0,0.3333333333333333,-1.0,0.0,0.5,0.9608365908052122,1.2369845602697813
111,train,1,2,0,403.5513681381891,382.64598387604923,0.5,0.0,0.0,0.0,0.0,0.0,0.5,0.9608365908052122,1.2369845602697813
112,train,1,0,1,-120.0,-282.2599329846721,0.3333333333333333,-46.308202476680094,0.0,0.0,0.0,0.0,0.5,1.0,1.0
112,train,1,2,1,-180.0,-919.1765477298886,0.0,-247.98703337624306,0.0,0.0,0.0,0.0,0.5,1.0,1.0
113,validation,0,1,0,-306.7959170018601,-378.7570035389462,0.2857142857142857,25.29634899091279,26.238968190149834,-0.14285714285714285,0.0,-79.26395860091243,0.5,1.7044217611214452,1.3706459170725622
113,validation,2,1,0,409.06122266914684,1218.8051088921559,0.2857142857142857,128.14777236836198,21.485141747360124,0.0,-0.09523809523809523,-105.93624380110737,0.5,1.7044217611214452,1.3706459170725622
114,train,0,2,0,303.15254221402023,297.96260372299844,0.13333333333333333,29.269916402042412,-52.99639403562365,0.0,0.33333333333333326,-39.46964678734178,0.5,1.2631355925584176,0.8025289514614419
114,train,1,2,0,378.94067776752524,821.7603417169784,-0.13333333333333333,256.38802124387695,-22.76013733108735,0.0,-0.6666666666666666,19.011177864782177,0.5,1.2631355925584176,0.8025289514614419
115,train,0,1,1,-95.36712846421756,-709.5830747114612,-0.13333333333333333,-109.68679515704252,0.0,0.0,1.0,-16.941808308099766,0.5,1.5894521410702926,1.1018768344260463
115,train,0,2,1,95.36712846421756,-1586.150159625171,-0.13333333333333333,-32.00149740828846,0.0,0.5333333333333333,-0.6666666666666665,20.980937321626264,0.5,1.5894521410702926,1.1018768344260463
116,train,0,1,0,-72.54606284919227,-2178.7519447499076,0.0,37.55403211678069,95.8119039796889,0.2,0.0,-3.240575955919226,0.5,0.6045505237432689,1.4707698448936855
116,train,2,1,0,108.81909427378841,-1821.4566176787057,0.0,-33.861215335368,17.851589648811142,-0.2,0.0,25.789231289351903,0.5,0.6045505237432689,1.4707698448936855
117,validation,2,0,1,0.0,-256.08202804680025,-0.2857142857142857,6.173830188531113,-33.59845670060826,0.0,0.23809523809523808,15.733769111261974,0.5,1.514977606074694,0.7196662194860105
117,validation,2,1,1,-90.89865636448164,-122.18429130726854,-0.2857142857142857,3.459142792980341,-102.15123492445254,0.0,0.0,-0.26579314827156963,0.5,1.514977606074694,0.7196662194860105
118,test,1,0,1,-695.9439289016931,-1471.6789351061514,0.0,105.13947498906685,-80.30710425987616,0.0,0.8999999999999999,92.69876309602371,0.5,1.6570093545278406,1.513890186259799
118,test,2,1,0,-99.42056127167044,-489.33990914445667,0.0,-65.90576188328038,60.680614498524264,0.0,0.0,13.607540824513563,0.5,1.6570093545278406,1.513890186259799
119,train,1,0,1,-360.0,-120.30751434137801,0.0,-653.4266106722646,0.0,0.0,0.0,0.0,0.5,1.0,1.0
119,train,1,2,1,-120.0,94.19662331147356,0.0,-325.1283183409437,0.0,-0.3333333333333333,0.0,0.0,0.5,1.0,1.0
120,train,0,1,0,420.62749335639506,716.7203816902534,0.0,0.0,0.0,0.5,1.3333333333333333,17.881160581714994,0.5,1.7526145556516461,0.7208262207588148
120,train,2,1,0,420.62749335639506,697.1281488194642,0.0,0.0,0.0,0.5,2.333333333333333,-37.65066964462606,0.5,1.7526145556516461,0.7208262207588148
121,test,1,0,0,104.3680266737157,-101.45666814317286,0.047619047619047616,-173.81369980375257,31.32000000929005,0.0,0.2857142857142857,-17.876301754154586,0.5,1.739467111228595,1.8593285345276025
121,test,0,2,1,104.3680266737157,-460.33078944461454,0.047619047619047616,-137.7938343172169,-40.89328011691771,0.0,-0.38095238095238093,-33.780722949192,0.5,1.739467111228595,1.8593285345276025
122,train,0,1,1,-132.1157730462238,406.2291168636947,0.0,0.0,0.0,0.0,0.0,0.0,0.5,0.7339765169234657,1.1184727038471993
122,train,0,2,1,44.03859101540794,-563.9271705464597,-0.6666666666666666,0.0,0.0,0.0,-0.5,0.0,0.5,0.7339765169234657,1.1184727038471993
123,train,2,0,1,-60.0,-513.3587007649858,0.0,0.0,0.0,0.0,0.0,0.0,0.5,1.0,1.0
123,train,2,1,1,60.0,295.29508577065235,0.0,0.0,0.0,0.0,0.0,0.0,0.5,1.0,1.0
124,train,1,0,1,0.0,-494.4958554212357,0.0,-219.86673400320166,-173.13387863079456,0.0,0.0,0.0,0.5,0.8107062310162286,1.126479604345838
124,train,1,2,1,0.0,-203.8676422278255,0.0,-546.6862461403762,91.14078492816392,0.0,0.0,0.0,0.5,0.8107062310162286,1.126479604345838
125,validation,0,1,0,0.0,-606.1728278848,0.0,0.0,0.0,0.0,0.0,0.0,0.5,1.0,1.0
125,validation,1,2,1,0.0,-35.31055968026794,0.0,0.0,0.0,0.0,0.0,0.0,0.5,1.0,1.0
126,train,2,0,1,-253.81660660783055,-261.280264298707,-0.09523809523809523,119.23739691114909,128.67015499921547,-0.8571428571428571,-0.38095238095238093,6.3037597088555515,0.5,1.057569194199294,1.6958707404470188
126,train,1,2,0,507.6332132156611,1373.08405035108,-0.047619047619047616,128.28306053307125,-128.85951521725187,-0.2857142857142857,0.5714285714285714,-38.67315107330214,0.5,1.057569194199294,1.6958707404470188
127,train,0,2,0,-77.06372996780952,-68.81412031585596,0.0,-16.966680105722688,-73.38549182620419,0.0,0.6666666666666666,14.411027576847086,0.5,0.642197749731746,0.6308420925904058
127,train,1,2,0,38.53186498390476,-145.8815985056596,0.0,-89.2292294368111,-20.120679084592524,-0.06666666666666667,0.6666666666666666,19.457608570613647,0.5,0.642197749731746,0.6308420925904058
128,train,0,1,1,293.7443461377032,902.4949305735281,0.0,0.0,0.0,0.0,0.0,-277.8201550861047,0.5,1.631913034098351,0.5443218389781967
128,train,2,0,0,97.91478204590106,480.3062773897322,0.0,0.0,0.0,0.0,0.0,339.835642021754,0.5,1.631913034098351,0.5443218389781967
129,train,0,1,0,-197.36316519123412,1522.6610190455774,0.1,463.6036773983323,-147.9842889608974,0.0,0.6000000000000001,0.0,0.5,0.8223465216301421,1.3454644407269734
129,train,2,1,0,0.0,2485.908866787451,0.4,644.3773398355029,-89.40858802200393,0.0,0.20000000000000018,0.0,0.5,0.8223465216301421,1.3454644407269734
130,train,0,1,0,33.5330268441569,438.46359224647335,0.5,0.0,129.51804160888153,0.0,0.8333333333333333,0.0,0.5,0.5588837807359484,1.5012189979715704
130,train,2,1,0,167.6651342207845,794.3029187015125,1.0,0.0,3.2244801825169773,0.0,0.0,0.0,0.5,0.5588837807359484,1.5012189979715704
131,train,2,0,1,-480.0,-1625.3721966077064,0.0,-1022.6087026031137,0.0,0.0,0.0,0.0,0.5,1.0,1.0
131,train,1,2,0,120.0,393.11544080312433,0.0,447.22359094326634,0.0,0.0,0.0,0.0,0.5,1.0,1.0
132,train,0,2,0,120.0,921.0983859478706,-0.5714285714285714,599.5848543751907,185.68722645402534,-0.047619047619047616,0.9523809523809522,-28.60002366406922,0.5,1.0,1.0
132,train,2,1,1,-60.0,-21.613152516985792,0.7142857142857142,-429.04099286396456,-20.4460017375649,0.0,-0.7142857142857143,-21.36278711020629,0.5,1.0,1.0
133,train,1,0,0,187.69013958083298,212.78365029208825,0.0,-5.803388288948042,0.0,0.0,0.16666666666666663,-31.74387901835857,0.5,1.0427229976712944,0.7595799886857334
133,train,0,2,1,-125.12675972055533,-84.1004609495577,0.0,18.65619307824187,0.0,0.0,-0.4999999999999999,-84.57132019995636,0.5,1.0427229976712944,0.7595799886857334
134,train,0,2,0,99.2795652862051,-504.2706800712244,0.0,-36.92900315306906,-44.43030575316967,0.0,0.7142857142857142,55.65848784404434,0.5,1.6546594214367516,1.1722352370181257
134,train,1,2,0,-297.83869585861527,-673.5070428864913,0.0,-121.28571490033993,-61.68423738721229,0.0,1.1904761904761905,43.57955164294007,0.5,1.6546594214367516,1.1722352370181257
135,train,1,0,1,470.5959384429869,-31.955189848102076,-0.3333333333333333,0.0,0.0,0.0,-0.16666666666666663,-149.01701643012652,0.5,0.8714739600796053,0.5395223404948315
135,train,2,1,0,-366.0190632334342,-263.6598205131224,1.0,0.0,0.0,0.0,-0.3333333333333333,6.4227265703661205,0.5,0.8714739600796053,0.5395223404948315
136,train,0,2,0,296.353636350082,-426.9182419663754,0.0,0.0,-30.652665439296698,0.0,-0.20000000000000007,4.777564872126348,0.5,1.2348068181253418,0.9144338170606492
136,train,1,2,0,222.26522726256152,957.0229287145896,0.0,0.0,77.7343680287961,0.3,-0.5000000000000001,-110.72946764482582,0.5,1.2348068181253418,0.9144338170606492
137,validation,0,1,1,37.11351789611548,-507.5586559891548,-1.0,0.0,0.0,0.0,0.0,0.0,0.5,0.6185586316019247,0.9451471456540393
137,validation,2,0,0,0.0,1074.480092570457,3.0,0.0,0.0,0.0,0.0,0.0,0.5,0.6185586316019247,0.9451471456540393
138,train,1,0,1,0.0,846.5493073430712,0.0,0.0,0.0,0.0,0.0,0.0,0.5,1.0,1.0
138,train,1,2,1,120.0,1408.1282071137816,0.0,0.0,0.0,0.0,0.0,0.0,0.5,1.0,1.0
139,train,2,0,1,-507.5152673040569,-796.0111875506215,0.0,-642.2817517023562,-90.86638999483921,-0.06666666666666667,-0.5999999999999999,-65.39234594090523,0.5,1.4097646314001582,0.5673561208935681
139,train,2,1,1,169.17175576801898,-698.3612548638282,0.0,-714.7249915107234,-426.26290547977544,-0.3333333333333333,-0.19999999999999996,-24.16062024745547,0.5,1.4097646314001582,0.5673561208935681
140,train,0,1,0,102.72343679206148,1062.6632672524154,0.0,350.58466890253965,0.0,0.30000000000000004,2.4,-117.20200811448265,0.5,1.7120572798676912,0.9883940417123902
140,train,1,2,1,0.0,-637.9017088428733,0.0,437.035730483581,0.0,0.0,-0.7999999999999998,-38.97014752611696,0.5,1.7120572798676912,0.9883940417123902
141,train,1,0,1,-60.153100710219874,196.6557977679942,0.23809523809523808,-14.792066503939509,-13.585397460783717,0.0,0.14285714285714285,-26.145609842749206,0.5,1.0025516785036646,0.9600898724651317
141,train,2,1,0,180.4593021306596,-281.7915466784778,0.0,-30.307186755407827,3.0885730376292644,0.0,0.14285714285714285,32.03544216548218,0.5,1.0025516785036646,0.9600898724651317
142,train,1,0,0,86.5011357253765,-257.9563576892475,-0.3333333333333333,0.0,470.41073967545094,0.0,0.0,0.0,0.5,0.7208427977114709,1.864003461441993
142,train,2,0,0,0.0,-449.31947971436637,-0.3333333333333333,0.0,363.61014828830184,0.6666666666666666,0.0,0.0,0.5,0.7208427977114709,1.864003461441993
143,train,0,2,0,-43.302789744195785,-56.13173434634943,0.0,0.0,0.0,1.0,0.0,0.0,0.5,0.7217131624032631,0.8422168411022338
143,train,1,2,0,-129.90836923258735,-294.02164075231127,0.0,0.0,0.0,0.0,0.0,0.0,0.5,0.7217131624032631,0.8422168411022338
144,train,0,1,0,180.0,1726.5885999374764,0.0,0.0,0.0,0.0,0.0,0.0,0.5,1.0,1.0
144,train,2,1,0,60.0,578.8236251832409,0.0,0.0,0.0,0.0,0.0,0.0,0.5,1.0,1.0
145,validation,1,0,1,-201.5794506012417,-314.27652572246166,0.0,0.0,46.377749966414626,-0.06666666666666667,-0.4000000000000001,-25.020238339222473,0.5,1.119885836673565,1.4154551293436737
145,validation,1,2,1,-537.5452016033112,267.68475020993066,-0.26666666666666666,0.0,-50.73372326464177,0.06666666666666667,-0.2,-39.3329932370076,0.5,1.119885836673565,1.4154551293436737
146,train,0,1,0,101.05828403567956,1157.2972297744454,0.0,0.0,0.0,0.6666666666666666,0.6666666666666665,0.0,0.5,1.6843047339279926,1.8967878717761137
146,train,1,2,1,-101.05828403567956,-389.27218823967996,0.0,0.0,0.0,-0.6666666666666666,-0.6666666666666665,0.0,0.5,1.6843047339279926,1.8967878717761137
147,test,0,1,0,-60.0,621.3357975357276,0.0,-240.70730544671267,59.5001613492431,-0.13333333333333333,0.0,162.70850867328951,0.5,1.0,1.0
147,test,1,2,1,120.0,-500.01713258649215,0.0,291.04405225347887,-18.36774812806617,-0.13333333333333336,-0.2666666666666666,-165.90465890675378,0.5,1.0,1.0
148,train,2,0,1,-1023.3699281430869,-2254.186308067263,-0.8,-44.658996975805394,6.6725905511928545,0.0,0.0,-142.12451080503388,0.5,1.895129496561272,1.2269397625010727
148,train,2,1,1,-227.41553958735264,-504.62965153317657,-0.4,76.15468044806948,88.99623855342801,0.0,0.0,-67.74450914079031,0.5,1.895129496561272,1.2269397625010727
149,validation,0,2,0,353.39504511384854,77.09165827159933,-0.26666666666666666,41.35934305890744,-55.92537894514546,0.0,0.0,152.93352753259575,0.5,1.9633058061880473,1.3652763834321717
149,validation,1,2,0,1413.5801804553942,-1700.436712354402,-0.26666666666666666,49.795208722507496,-12.023663289010017,-0.26666666666666666,0.0,160.4947470639546,0.5,1.9633058061880473,1.3652763834321717
150,validation,0,2,0,0.0,-654.4200203343967,0.0,0.0,0.0,0.0,0.0,0.0,0.5,1.0,1.0
150,validation,2,1,1,-120.0,-395.7547038101584,0.0,0.0,0.0,0.0,0.0,0.0,0.5,1.0,1.0
151,test,0,1,1,-570.8505943156404,-1306.4546866890018,0.0,0.0,0.0,0.0,-1.0,0.0,0.5,1.1892720714909175,0.8847193134307738
151,test,2,0,0,142.7126485789101,279.3185065818215,0.0,0.0,0.0,0.0,2.0,0.0,0.5,1.1892720714909175,0.8847193134307738
152,validation,2,0,1,458.1642194237368,-130.39742835616994,0.0,0.0,-416.2509428087018,-0.3333333333333333,0.5,0.0,0.5,1.5272140647457895,0.6796619793607718
152,validation,2,1,1,458.1642194237368,638.6022285293545,0.0,0.0,0.2385383511279997,-0.16666666666666666,-0.5,0.0,0.5,1.5272140647457895,0.6796619793607718
153,train,1,0,0,443.7246542149657,1163.666744560987,0.0,124.48169330047455,194.08879012792997,0.4,1.6666666666666667,23.987794394038275,0.5,1.2325684839304603,1.2085767381831072
153,train,0,2,1,-517.6787632507933,-1434.4999874144469,0.0,-564.4939917754423,-1.6660214217331202,-0.6000000000000001,-1.6666666666666667,-31.136577184076735,0.5,1.2325684839304603,1.2085767381831072
154,train,2,0,1,-261.13281652352106,-898.2291339040828,-0.23809523809523808,2.335120540562201,-35.777520921158846,-0.14285714285714285,0.09523809523809523,85.28689518842815,0.5,1.450737869575117,1.208509891805432
154,train,2,1,1,-87.04427217450701,-1242.7341898345296,-0.23809523809523808,-39.458901054825276,-14.866305985475904,-0.14285714285714285,0.0,-68.2831029643644,0.5,1.450737869575117,1.208509891805432
155,train,0,1,1,-266.99609343428745,72.9259826458572,0.0,0.0,0.0,0.0,0.0,-312.61502322621203,0.5,1.4833116301904858,1.2230674536089257
155,train,2,0,0,88.99869781142915,408.0689773417723,0.0,0.0,0.0,0.0,0.0,0.0,0.5,1.4833116301904858,1.2230674536089257
156,validation,0,1,0,472.1890515752372,1926.194897320437,0.0,35.073761879263884,0.0,0.0,-1.0666666666666664,-3.7998593727523646,0.5,1.9674543815634884,1.8282960404634467
156,validation,2,1,0,-236.0945257876186,-379.87163672063076,0.0,-96.73881759928065,0.0,1.0,-0.6666666666666665,2.083972780825805,0.5,1.9674543815634884,1.8282960404634467
157,train,0,2,0,180.0,1246.6059451304955,0.0,993.5486937362284,0.0,0.0,0.0,0.0,0.5,1.0,1.0
157,train,2,1,1,60.0,-702.927857293811,0.0,-509.4316585089216,0.0,0.0,0.0,0.0,0.5,1.0,1.0
158,train,1,0,1,300.0,-305.842981272981,0.0,0.0,0.0,0.0,0.0,0.0,0.5,1.0,1.0
158,train,2,1,0,-300.0,946.0265961128998,0.0,0.0,0.0,0.0,0.0,0.0,0.5,1.0,1.0
159,train,1,0,1,208.1144927356306,442.18315298663117,0.0,-206.48907723842422,13.979445534870074,0.0,0.0,23.71259331543203,0.5,0.5780958131545294,0.5679989769740548
159,train,1,2,1,-34.68574878927176,-472.75654046974165,0.0,-638.0060652432269,-93.54193610651569,0.0,0.0,179.261865227007,0.5,0.5780958131545294,0.5679989769740548
160,test,1,0,0,120.0,1445.3969935184077,0.0,0.0,0.0,0.0,0.0,0.0,0.5,1.0,1.0
160,test,2,0,0,660.0,1574.523707832268,0.0,0.0,0.0,0.0,0.0,0.0,0.5,1.0,1.0
161,train,2,0,1,-240.0,354.1040954615273,0.0,0.0,0.0,0.0,0.0,0.0,0.5,1.0,1.0
161,train,1,2,0,180.0,122.3078401985531,0.0,0.0,0.0,0.0,0.0,0.0,0.5,1.0,1.0
162,train,0,2,0,-189.57871275972556,-409.4602198931561,0.0,0.0,0.0,0.0,0.0,0.0,0.5,0.5266075354436821,1.7057024201974074
162,train,1,2,0,-31.596452126620925,817.9106160384337,0.0,0.0,0.0,0.0,-1.0,0.0,0.5,0.5266075354436821,1.7057024201974074
163,validation,2,0,1,-147.76148134417753,-613.0533910304222,0.3333333333333333,-207.2862575802712,-173.26969666034915,0.0,0.0,0.0,0.5,1.231345677868146,1.1680666013571734
163,validation,2,1,1,-73.88074067208876,-310.8520351283298,0.3333333333333333,27.081657468103344,-239.6033236649397,0.0,0.0,0.0,0.5,1.231345677868146,1.1680666013571734
164,train,0,1,0,-50.19267866110944,144.81491721005665,0.19047619047619047,13.813504341951102,-5.2622238438137074,0.0,0.0,45.96227920966169,0.5,0.836544644351824,0.5030769451520389
164,train,2,1,0,0.0,-69.17612658914494,0.09523809523809523,81.65679844822455,-31.643076445323683,0.0,-0.7619047619047619,6.843056573316645,0.5,0.836544644351824,0.5030769451520389
165,test,2,0,1,588.6786602666725,-435.86730636945,-3.0,0.0,0.0,0.0,0.0,0.0,0.5,1.635218500740757,0.7475115740632738
165,test,1,2,0,-588.6786602666725,-101.38260468894438,1.0,0.0,0.0,0.0,0.0,0.0,0.5,1.635218500740757,0.7475115740632738
166,train,1,0,1,360.0,1860.5149460665143,0.0,0.0,0.0,0.0,0.0,0.0,0.5,1.0,1.0
166,train,2,1,0,-60.0,1538.5095291118641,0.0,0.0,0.0,0.0,0.0,0.0,0.5,1.0,1.0
167,train,0,2,0,180.0,1081.2049357970022,0.0,-260.7481436885756,11.101567852090511,0.0,0.0,8.585987943266122,0.5,1.0,1.0
167,train,2,1,1,0.0,-372.1303839857578,0.0,2.9176542845650033,-22.716392734011635,0.0,0.2,-24.333333954152643,0.5,1.0,1.0
168,train,0,2,0,120.0,811.9477908763665,0.0,0.0,0.0,0.0,0.0,0.0,0.5,1.0,1.0
168,train,2,1,1,0.0,271.075626115824,0.0,0.0,0.0,0.0,0.0,0.0,0.5,1.0,1.0
169,train,0,2,0,189.44661704733906,1359.4342338908684,0.0,0.0,149.51130131068516,0.13333333333333333,0.0,0.0,0.5,0.7893609043639127,1.8020733269448916
169,train,1,2,0,284.16992557100855,-284.9672299990074,0.2,0.0,157.22407029667443,0.13333333333333333,0.06666666666666665,81.2728274108448,0.5,0.7893609043639127,1.8020733269448916
170,train,1,0,0,-65.29826222721876,49.773297094134,0.0,0.0,0.0,0.0,4.0,0.0,0.5,0.544152185226823,0.7428803579530652
170,train,2,0,0,-32.64913111360938,361.88345492374856,0.0,0.0,0.0,0.0,-1.0,0.0,0.5,0.544152185226823,0.7428803579530652
171,train,0,1,1,-262.5211424715733,1021.8063687406768,0.0,0.0,0.0,0.0,0.0,109.881526971503,0.5,0.6250503392180317,1.6644648187509665
171,train,2,0,0,75.0060407061638,-1847.7926183361174,0.0,0.0,0.0,0.0,0.0,-109.881526971503,0.5,0.6250503392180317,1.6644648187509665
172,validation,0,1,0,-32.21224133485353,-35.51149067025502,-0.2,385.88247998309333,6.576410421332554,0.0,2.0,40.16749562712926,0.5,0.5368706889142255,0.6893703778420213
172,validation,2,1,0,32.21224133485353,271.5724070273346,-0.13333333333333336,-135.40180840723826,119.38038532865525,0.0,2.333333333333333,28.54037265574673,0.5,0.5368706889142255,0.6893703778420213
173,train,1,0,0,-180.44277345304687,-666.0987892484352,0.29999999999999993,0.0,69.92741268235193,0.0,0.0,101.42893887743486,0.5,1.002459852516927,0.8615559917347051
173,train,0,2,1,-60.147591151015625,-187.41853744504715,0.6,0.0,-51.931046394982104,-0.2,0.0,-124.88033913806069,0.5,1.002459852516927,0.8615559917347051
174,train,1,0,1,-240.0,-536.224003233026,0.0,0.0,0.0,0.0,0.0,0.0,0.5,1.0,1.0
174,train,2,1,0,60.0,422.8957762557302,0.0,0.0,0.0,0.0,0.0,0.0,0.5,1.0,1.0
175,train,1,0,1,-120.0,-1208.4496667987555,0.0,0.0,0.0,0.0,0.0,0.0,0.5,1.0,1.0
175,train,2,1,0,240.0,560.3644253166722,0.0,0.0,0.0,0.0,0.0,0.0,0.5,1.0,1.0
176,train,2,0,1,102.37472769569436,-252.52687818395142,-0.19047619047619047,82.13164465686958,95.32645900095346,-0.7142857142857142,0.0,-169.80391335721754,0.5,0.853122730797453,0.6394127963880315
176,train,2,1,1,818.9978215655549,-105.1766025623562,0.19047619047619047,150.77195652601586,92.41493491764737,-1.1904761904761902,0.04761904761904756,-64.59698202219441,0.5,0.853122730797453,0.6394127963880315
177,train,2,0,1,-364.2982263622836,-575.4909099523278,0.0,0.0,0.0,-0.3333333333333333,0.0,-177.78119140972433,0.5,1.5179092765095148,0.6285561283061113
177,train,1,2,0,182.1491131811418,665.3885605343627,0.0,0.0,0.0,0.3333333333333333,0.0,98.6208843149474,0.5,1.5179092765095148,0.6285561283061113
178,train,2,0,1,-115.8128084356415,-446.7749138004213,0.0,-295.18945683709944,-7.584583996335965,0.0,-0.6666666666666667,-66.22612854978921,0.5,0.6434044913091195,0.6834321814384758
178,train,2,1,1,38.60426947854717,-208.96609830598868,0.0,-191.09835250789413,24.70825265707532,-0.06666666666666667,-1.0,-47.64393583453557,0.5,0.6434044913091195,0.6834321814384758
179,train,2,0,1,412.8838319407217,2063.1672337136365,-1.0,0.0,-33.15470157907393,-0.13333333333333333,0.26666666666666666,-131.47172415596415,0.5,0.5734497665843357,1.0957324937649964
179,train,1,2,0,-344.0698599506014,-1512.7871518223133,0.3333333333333333,0.0,-35.45028324895126,0.13333333333333333,-0.2,101.19119570776463,0.5,0.5734497665843357,1.0957324937649964
180,test,0,2,0,75.84570534608191,239.1964440809998,0.0,-112.10181111515988,19.105170900064923,0.2857142857142857,-0.9523809523809523,59.28576216765988,0.5,1.2640950891013651,0.5695490839479302
180,test,2,1,1,75.84570534608191,-546.5252845742182,0.19047619047619047,-51.9333344670153,4.159161288985697,0.0,0.0,-75.85841914325654,0.5,1.2640950891013651,0.5695490839479302
181,train,1,0,0,-50.4736501230836,-939.6597457631315,0.047619047619047616,-15.022174313817814,111.90559509041134,0.0,1.1428571428571428,-2.820954533111746,0.5,0.8412275020513933,1.9691929542984008
181,train,2,0,0,302.8419007385016,216.79366702999113,0.047619047619047616,40.815758072318914,96.32682195964091,0.19047619047619047,0.5714285714285713,45.88102594658517,0.5,0.8412275020513933,1.9691929542984008
182,train,0,1,0,120.0,834.7162837264236,0.0,0.0,0.0,0.0,0.0,0.0,0.5,1.0,1.0
182,train,1,2,1,-60.0,-666.9317039762095,0.0,0.0,0.0,0.0,0.0,0.0,0.5,1.0,1.0
183,validation,0,2,0,-150.27437571365286,227.47707905789073,0.0,50.48992389856372,-151.309964703801,0.0,1.2000000000000002,0.0,0.5,0.834857642853627,0.5115253734646259
183,validation,2,1,1,-200.36583428487046,54.151984127345926,0.0,112.02560537106349,-6.303348119291542,0.3,-3.2,0.0,0.5,0.834857642853627,0.5115253734646259
184,test,1,0,0,-234.31268404372403,-1099.3941062475064,1.0,0.0,0.0,0.6666666666666666,0.0,0.0,0.5,0.6508685667881223,1.475261372539584
184,test,0,2,1,78.10422801457467,742.5829214400081,0.0,0.0,0.0,0.0,0.0,0.0,0.5,0.6508685667881223,1.475261372539584
185,train,1,0,1,-816.292221173326,-291.444712046124,0.0,0.0,0.0,0.0,-4.0,0.0,0.5,1.700608794111096,1.4528390904057717
185,train,1,2,1,306.10958293999727,-784.3625051160301,0.0,0.0,0.0,0.0,-4.0,0.0,0.5,1.700608794111096,1.4528390904057717
186,train,0,2,0,0.0,520.6498374408966,0.0,158.49180976009404,50.6031176494699,-0.2,1.2,0.0,0.5,1.0121113013195961,0.7795602472883207
186,train,2,1,1,121.45335615835154,0.0,0.0,-1.073090129386145,-21.12346412770922,0.0,0.4,0.0,0.5,1.0121113013195961,0.7795602472883207
187,train,1,0,0,-182.31743013931896,-228.8079790120269,0.0,0.0,-95.27613123825105,0.16666666666666666,0.0,-43.819143116074535,0.5,0.759655958913829,0.8054046782839211
187,train,0,2,1,227.8967876741487,-57.55325772747631,0.0,0.0,172.5591272194258,-0.3333333333333333,0.0,1.0550386652189019,0.5,0.759655958913829,0.8054046782839211
188,validation,0,1,0,-383.70080478062255,829.5572298074032,0.2666666666666667,66.87185156344668,61.866173519400306,0.3333333333333333,0.0,0.0,0.5,1.598753353252594,1.221912565250667
188,validation,1,2,1,671.4764083660895,224.3241080027343,-0.13333333333333333,70.16929988795016,-29.7423906108317,-0.6666666666666666,0.0,-73.13874827310974,0.5,1.598753353252594,1.221912565250667
189,train,2,0,1,360.0,720.2396646611269,0.0,-676.1237525245921,0.0,0.0,0.0,0.0,0.5,1.0,1.0
189,train,1,2,0,-420.0,-579.753328520565,0.0,834.740387145209,0.0,0.0,0.0,0.0,0.5,1.0,1.0
190,train,1,0,1,-240.0,-139.8136224208024,0.0,0.0,0.0,0.0,0.0,0.0,0.5,1.0,1.0
190,train,2,1,0,780.0,1496.2859392981836,0.0,0.0,0.0,0.0,0.0,0.0,0.5,1.0,1.0
191,train,1,0,1,0.0,-135.06763192633215,0.0,0.0,0.0,0.0,-5.999999999999999,-0.16910546290964135,0.5,1.380541220297012,0.6294181897573089
191,train,1,2,1,165.66494643564144,336.0561417878314,0.0,0.0,0.0,0.0,-2.0,3.398212557264756,0.5,1.380541220297012,0.6294181897573089
192,train,2,0,1,-260.07132465989537,38.26295836644179,0.19047619047619047,-115.53641314704106,-31.8783021436834,-0.4761904761904761,-0.1428571428571429,-90.52292751134317,0.5,1.4448406925549742,1.7633685187979464
192,train,2,1,1,-173.3808831065969,-851.3076021126516,0.19047619047619047,-29.380628636790334,-63.0917534838604,0.0,-0.2857142857142858,0.0,0.5,1.4448406925549742,1.7633685187979464
193,test,0,1,1,-60.0,-562.8222179134218,0.0,-426.8452630987681,0.0,0.0,0.0,0.0,0.5,1.0,1.0
193,test,2,0,0,300.0,10.200046684673907,0.0,350.4345313791787,0.0,0.0,0.0,0.0,0.5,1.0,1.0
194,train,0,2,0,0.0,2691.3430345104775,0.0,246.90589770234354,355.37701319846497,0.047619047619047616,0.7142857142857142,166.21271659812948,0.5,0.8458877397247498,1.2764214049978133
194,train,2,1,1,710.5457013687899,-118.21088605980088,-0.09523809523809523,-40.98575973735987,-379.091333426963,-0.047619047619047616,0.0,-101.06686890588573,0.5,0.8458877397247498,1.2764214049978133
195,train,1,0,0,74.63322790284917,-1587.284407456644,0.0,0.0,283.80910959741175,0.0,0.0,0.0,0.5,0.6219435658570764,1.7023027108505029
195,train,0,2,1,-149.26645580569834,946.4007189062063,0.0,0.0,-473.29557380330743,0.0,0.0,0.0,0.5,0.6219435658570764,1.7023027108505029
196,train,0,2,0,227.0278180070504,-295.3726747999087,0.2666666666666667,108.0489683217815,0.0,-0.2,1.0,17.870992455277,0.5,1.2612656555947244,0.9428242043540013
196,train,2,1,1,-605.4075146854677,-1754.4108361482809,0.5333333333333333,-31.039129948418747,0.0,-0.4000000000000001,0.6666666666666667,19.390193530654347,0.5,1.2612656555947244,0.9428242043540013
197,train,0,1,0,0.0,-75.47001093041222,0.0,-12.481714555781764,38.86526135176278,0.0,0.0,44.329756769829444,0.5,0.9399014392241636,0.6183689533751631
197,train,2,1,0,-56.394086353449815,195.77669175517542,0.0,-14.074321459387363,100.36758579479768,0.6666666666666666,-0.1333333333333333,137.6488234377227,0.5,0.9399014392241636,0.6183689533751631
198,train,0,1,1,0.0,-87.8386479334822,0.0,0.0,0.0,0.0,0.0,0.0,0.5,1.0,1.0
198,train,2,0,0,-240.0,205.96748185995511,0.0,0.0,0.0,0.0,0.0,0.0,0.5,1.0,1.0
199,train,0,1,0,60.0,-695.9089518270011,0.09523809523809523,286.81979300873076,-168.47098728553974,-0.09523809523809523,-0.5714285714285714,77.46327681445692,0.5,1.0,1.0
199,train,2,1,0,0.0,-1135.9791262387726,0.0,220.66025466152036,-183.07157821649963,-0.09523809523809523,-0.28571428571428564,79.25272153135138,0.5,1.0,1.0
200,test,0,1,1,-1407.5698167739163,-1690.101903078159,0.0,18.03954430305049,0.0,0.0,0.0,0.0,0.5,1.9549580788526615,1.569612842268541
200,test,0,2,1,586.4874236557985,-36.39174322552031,0.0,-56.543162029598534,0.0,-1.3333333333333333,0.0,0.0,0.5,1.9549580788526615,1.569612842268541
201,train,2,0,1,120.0,-158.92837454725304,0.0,0.0,0.0,0.0,0.0,0.0,0.5,1.0,1.0
201,train,2,1,1,60.0,727.4016057587805,0.0,0.0,0.0,0.0,0.0,0.0,0.5,1.0,1.0
202,train,1,0,1,-277.0082573647228,-1129.552955000042,0.0,0.0,-327.7444246490206,0.0,0.0,78.24389959610595,0.5,1.538934763137349,0.8136436278724432
202,train,2,1,0,0.0,219.20363452114168,0.0,0.0,256.61617878152373,0.0,0.0,-73.11932250714432,0.5,1.538934763137349,0.8136436278724432
203,train,0,1,1,101.44350128956856,-127.47693471153062,-0.8999999999999999,0.0,0.0,-0.1,-2.8,77.17295186932724,0.5,1.6907250214928093,0.5204506439335566
203,train,2,0,0,-811.5480103165485,-412.2348965204062,0.3,0.0,0.0,0.1,0.0,-44.35326557783164,0.5,1.6907250214928093,0.5204506439335566
204,validation,0,1,1,-125.85178643584617,-1405.0098245000017,-0.4,-63.62626435006014,171.59656255913646,-0.4,0.0,0.0,0.5,0.6991765913102564,0.8721130538854589
204,validation,2,0,0,83.90119095723077,611.8689952484807,0.4,187.79528267415373,-123.07504760072715,0.0,0.0,0.0,0.5,0.6991765913102564,0.8721130538854589
205,train,1,0,1,-420.0,-1126.2281921853428,0.0,0.0,0.0,0.0,0.0,0.0,0.5,1.0,1.0
205,train,2,1,0,0.0,-320.1880229623648,0.0,0.0,0.0,0.0,0.0,0.0,0.5,1.0,1.0
206,train,1,0,0,-126.45744278398804,844.2633991044241,1.5,175.82735953154435,0.0,0.0,0.0,-97.12241761849626,0.5,0.7025413487999336,1.4029352115145732
206,train,2,0,0,-210.76240463998008,1735.7164130785823,0.6,221.24324841780486,0.0,0.4,0.0,-15.727446700457605,0.5,0.7025413487999336,1.4029352115145732
207,train,0,1,1,-60.0,-341.22174583641436,0.0,0.0,0.0,0.0,0.0,0.0,0.5,1.0,1.0
207,train,0,2,1,-120.0,-559.8438371555199,0.0,0.0,0.0,0.0,0.0,0.0,0.5,1.0,1.0
208,train,1,0,0,384.9225066811761,194.6117741974104,0.0,0.0,14.991798756562162,0.0,0.0,0.0,0.5,1.0692291852254892,0.6047501918579973
208,train,2,0,0,-192.46125334058806,-74.8845544940169,0.0,0.0,506.88992461315206,0.0,0.0,0.0,0.5,1.0692291852254892,0.6047501918579973
209,test,1,0,1,-237.2624474099557,-2539.4384345627395,0.0,0.0,-730.2910163946324,0.0,0.0,0.0,0.5,0.6590623539165437,1.4364378140142622
209,test,2,1,0,39.54374123499262,727.850513196962,0.0,0.0,757.7504656277587,0.0,0.0,0.0,0.5,0.6590623539165437,1.4364378140142622
210,test,0,1,1,201.41537506696991,-2469.6376039942734,0.6,0.0,-177.61372958844078,0.0,0.19999999999999996,-57.10004500315206,0.5,0.6713845835565664,1.6305656504186508
210,test,0,2,1,161.13230005357593,1110.413764412354,0.3,0.0,-193.33162853692767,0.0,0.8,-31.311520486777688,0.5,0.6713845835565664,1.6305656504186508
211,validation,1,0,0,261.56658993047364,168.13368764102378,0.0,-140.5391567115029,14.01539929000792,0.23809523809523808,-0.4285714285714285,0.0,0.5,1.4531477218359647,1.6982941313452868
211,validation,2,0,0,1133.4552230320526,4217.06943862225,0.0,35.56925611352193,41.21998597078159,0.23809523809523808,0.4285714285714286,85.42921606812595,0.5,1.4531477218359647,1.6982941313452868
212,train,1,0,1,-951.0086526157937,-2967.360944770191,-0.8571428571428572,-324.76039602504756,-29.947182078435077,0.09523809523809523,-1.5238095238095237,-208.15332731420165,0.5,1.2192418623279406,1.2830715429440085
212,train,1,2,1,-365.77255869838217,-729.7079592336834,-0.14285714285714285,-34.795055470160804,-12.034269206920158,-0.047619047619047616,-0.38095238095238093,-0.8124565987727594,0.5,1.2192418623279406,1.2830715429440085
213,validation,2,0,1,-60.0,-948.1859964077539,0.0,0.0,0.0,0.0,0.0,0.0,0.5,1.0,1.0
213,validation,2,1,1,-120.0,-378.65614330446715,0.0,0.0,0.0,0.0,0.0,0.0,0.5,1.0,1.0
214,train,0,2,0,-352.391216663338,148.50460810522003,0.5,28.53185886408312,0.0,0.0,-0.33333333333333326,0.0,0.5,1.4682967360972417,1.0709055881067926
214,train,1,2,0,-264.2934124975035,349.533721549368,0.0,23.908837546207224,0.0,0.0,-0.49999999999999994,0.0,0.5,1.4682967360972417,1.0709055881067926
215,train,0,2,0,184.8271568244429,1910.5717302465534,0.0,192.9249268038409,32.333590819784256,0.09523809523809523,0.5714285714285714,-40.88485592228035,0.5,1.5402263068703577,1.8674928836928386
215,train,2,1,1,-462.0678920611073,-785.6889319160164,0.14285714285714285,-124.32377696631141,53.630533605727464,-0.09523809523809523,-0.2857142857142856,50.954619173700934,0.5,1.5402263068703577,1.8674928836928386
216,validation,1,0,1,-60.0,608.0695209731634,0.0,0.0,0.0,0.0,0.0,0.0,0.5,1.0,1.0
216,validation,2,1,0,-180.0,139.0397883622236,0.0,0.0,0.0,0.0,0.0,0.0,0.5,1.0,1.0
217,train,2,0,1,360.0,-1026.5872313314721,0.0,0.0,0.0,0.0,0.0,0.0,0.5,1.0,1.0
217,train,2,1,1,360.0,-1139.041269191699,0.0,0.0,0.0,0.0,0.0,0.0,0.5,1.0,1.0
218,train,0,2,0,0.0,-197.17317015402764,-0.19047619047619047,55.21235703845139,257.0449028869383,0.0,-0.047619047619047616,35.771664115316746,0.5,0.5658102885171433,1.6235499050130624
218,train,2,1,1,-101.8458519330858,-851.0982942768458,0.38095238095238093,-174.93140086261377,-48.17592175412328,0.0,-0.047619047619047616,46.83298416901857,0.5,0.5658102885171433,1.6235499050130624
219,test,1,0,1,-1183.8759194873096,-2113.314275386382,-1.0,0.0,0.0,0.0,0.0,118.97976789318793,0.5,1.5177896403683455,1.2970026864237385
219,test,1,2,1,-182.13475684420146,1006.5107115471138,-0.6666666666666666,0.0,0.0,0.0,0.0,-355.5288370124283,0.5,1.5177896403683455,1.2970026864237385
220,train,0,1,0,808.9405446058179,977.0917140956424,0.19047619047619047,16.843650675672905,589.3096654315789,0.09523809523809523,-0.14285714285714285,-3.293937297039747,0.5,1.4980380455663294,1.2643518412296824
220,train,1,2,1,-89.88228273397976,-804.0044541315223,0.0,-348.4489959134046,-141.30870791906733,0.19047619047619047,0.19047619047619047,0.3344524463420129,0.5,1.4980380455663294,1.2643518412296824
221,train,1,0,0,240.0,390.62098961370566,0.0,0.0,0.0,0.0,0.0,0.0,0.5,1.0,1.0
221,train,0,2,1,-120.0,121.48159196907454,0.0,0.0,0.0,0.0,0.0,0.0,0.5,1.0,1.0
222,validation,1,0,1,99.01441195665626,2168.427362364427,-1.0,0.0,0.0,0.0,0.0,0.0,0.5,1.6502401992776043,1.582399735906555
222,validation,1,2,1,-495.0720597832813,2634.3798595861963,-1.0,0.0,0.0,0.0,0.0,0.0,0.5,1.6502401992776043,1.582399735906555
223,train,0,2,0,446.7018605655357,360.25556256687037,-0.30000000000000004,-219.15793877221972,174.02230922258673,0.0,0.0,145.3688273356011,0.5,1.489006201885119,0.6272336157663986
223,train,2,1,1,-178.68074422621427,41.6301626060115,0.10000000000000003,191.53838862963923,-199.92829468373264,0.0,0.0,-192.49941102578495,0.5,1.489006201885119,0.6272336157663986
224,train,0,1,0,126.01432295822586,270.36931049680487,0.0,-12.819755071742833,0.0,0.0,0.0,111.01336131024681,0.5,0.7000795719901437,0.8023307573879044
224,train,2,1,0,-42.004774319408625,136.1506697457359,0.0,119.71351749413793,0.0,0.0,0.0,87.0036753836009,0.5,0.7000795719901437,0.8023307573879044
225,validation,0,2,0,449.06107012827357,2190.5747141679003,-0.06666666666666665,-303.98158634753923,0.0,-0.20000000000000007,2.666666666666666,473.3593191734451,0.5,0.93554389610057,0.7828619349593811
225,validation,2,1,1,-280.663168830171,-2235.9556685674415,-0.06666666666666665,73.99806176056643,0.0,0.4000000000000001,-1.666666666666666,-187.56995427515776,0.5,0.93554389610057,0.7828619349593811
226,validation,1,0,1,791.7591182078577,-446.62938690384885,-1.1428571428571428,-222.41701370857615,-81.40307342104441,-0.5714285714285714,-0.1428571428571428,-53.625053377975426,0.5,0.8797323535642864,0.5564097311115884
226,validation,2,1,0,-1161.246706704858,732.9328029980217,1.1428571428571428,1.6353872451057043,-15.079774219587335,0.7619047619047619,0.047619047619047616,76.87797348965009,0.5,0.8797323535642864,0.5564097311115884
227,test,0,1,1,-119.34152501123384,-2720.0290597102226,0.0,0.0,-183.48105916124354,0.0,0.0,-24.9091836871097,0.5,0.6630084722846324,1.6173830954957653
227,test,0,2,1,-278.46355835954563,-763.0364425419666,0.0,0.0,65.48069757499054,-0.8,0.0,-34.77800700903768,0.5,0.6630084722846324,1.6173830954957653
228,train,0,2,0,271.06776524291394,1852.5473672592902,0.2,0.0,428.06732505887794,0.0,0.0,16.813281961955386,0.5,1.5059320291272995,1.1533237212036083
228,train,1,2,0,-90.35592174763796,669.2856054466655,0.2,0.0,-0.9425748172335844,1.2000000000000002,0.0,-20.11511101778049,0.5,1.5059320291272995,1.1533237212036083
229,train,1,0,1,-250.56059168156773,-584.875473668057,0.14285714285714285,-1128.2289560657796,13.714543211105301,0.0,0.2857142857142857,20.85312403431697,0.5,0.8352019722718924,0.6462408464178628
229,train,1,2,1,-100.22423667262709,-181.6839694808273,0.0,-234.53585790712202,13.549425518090914,0.2857142857142857,-0.2857142857142857,-105.1089541379483,0.5,0.8352019722718924,0.6462408464178628
230,train,0,1,0,-61.492144362722215,743.0643521324517,-0.2,115.32000361252057,0.0,0.0,0.09999999999999998,-12.580205882319603,0.5,0.5124345363560184,1.5240416716708522
230,train,2,1,0,215.22250526952774,1708.4528696818563,-0.2,550.0169748392423,0.0,0.0,0.5,-76.56197110601308,0.5,0.5124345363560184,1.5240416716708522
231,train,0,2,0,0.0,-77.41762692027623,1.3333333333333333,-486.87941308220434,0.0,0.0,0.0,-9.521164533269513,0.5,1.0,1.0
231,train,1,2,0,-60.0,-468.240007081532,0.0,113.36547113841436,0.0,0.0,0.0,3.1918090610507477,0.5,1.0,1.0
232,train,0,1,1,-128.08852539833362,281.0635755272783,0.0,148.20172443250692,-88.08391807997121,0.0,0.2,-24.183169192566712,0.5,1.0674043783194467,1.433577812583245
232,train,0,2,1,-64.04426269916681,-253.27052967832222,-0.6666666666666666,714.5895270635704,-334.31913729260384,0.0,0.0,-5.606994224838935,0.5,1.0674043783194467,1.433577812583245
233,validation,1,0,1,-676.6411243434857,229.95018854882284,-0.3,-179.92582801776186,-148.23451307238827,0.0,-0.8,0.0,0.5,1.4096690090489286,1.1221580692287572
233,validation,2,1,0,422.9007027146786,-514.2356907770935,0.3,45.3073409466474,-134.05098678074611,0.0,0.40000000000000013,0.0,0.5,1.4096690090489286,1.1221580692287572
234,train,0,1,1,-278.5292554830019,-1694.3947395773603,-0.3333333333333333,0.0,-25.914622617103632,-0.5,0.0,0.0,0.5,1.547384752683344,1.8034071077961917
234,train,0,2,1,-278.5292554830019,-2085.461830898259,-0.3333333333333333,0.0,2.774042628120185,0.0,0.0,0.0,0.5,1.547384752683344,1.8034071077961917
235,train,0,1,1,-406.62771248005095,-1341.1774895672434,0.0,0.0,-537.8451035391397,0.0,0.0,0.0,0.5,0.6161025946667439,0.6639938608501624
235,train,2,0,0,295.72924544003706,1290.164387061816,0.0,0.0,-34.965403555071816,0.0,0.0,0.0,0.5,0.6161025946667439,0.6639938608501624
236,train,0,1,1,-281.16088125434015,88.4466546975377,0.0,0.0,0.0,0.0,0.0,-356.5724271951527,0.5,0.9372029375144671,0.7434589403622183
236,train,2,0,0,56.23217625086803,126.4243944015873,0.0,0.0,0.0,0.0,0.0,482.92850332752516,0.5,0.9372029375144671,0.7434589403622183
237,train,2,0,1,-37.59598355034902,-609.4479945610017,-0.8999999999999999,7.1448712327190265,22.631854622288415,0.0,0.0,-80.83194548622092,0.5,0.6265997258391502,0.9684661121247083
237,train,1,2,0,-75.19196710069804,-385.7964441776134,0.8999999999999999,-1.7545265527402591,-160.97862645359504,0.0,0.0,-19.518826612957213,0.5,0.6265997258391502,0.9684661121247083
238,train,0,1,0,-150.76949955175044,-193.96586431063838,0.0,-36.545928094747126,94.53309914182779,0.0,1.1428571428571428,-74.73994252218,0.5,0.8376083308430581,0.7369016603539494
238,train,2,1,0,351.7954989540844,1404.8742087447986,0.2857142857142857,115.4621167431064,32.25540753674619,0.09523809523809523,0.7619047619047619,-79.44491810957449,0.5,0.8376083308430581,0.7369016603539494
239,validation,2,0,1,-87.57026734730262,-241.68759217799547,0.0,0.0,-178.3706176301911,-0.3,-0.09999999999999998,15.08633483026702,0.5,0.7297522278941885,0.6268848501780755
239,validation,1,2,0,-87.57026734730262,29.07899462078773,0.0,0.0,58.20845863503328,0.0,0.09999999999999998,75.87704561290485,0.5,0.7297522278941885,0.6268848501780755
240,train,0,1,1,0.0,1168.8199861035534,-0.09999999999999998,312.44023304774873,0.0,0.0,0.8,-15.49252033079678,0.5,1.6276005122880788,0.6644066160809619
240,train,0,2,1,0.0,1196.0748139903537,0.10000000000000003,498.2518456494594,0.0,0.0,0.19999999999999996,-39.089406561275595,0.5,1.6276005122880788,0.6644066160809619
241,train,0,1,1,59.57020539944544,-241.74791137721135,-0.14285714285714285,109.91097326348392,77.51585932804524,0.0,-2.3809523809523805,104.02675996659505,0.5,0.992836756657424,1.7130636199012432
241,train,0,2,1,297.8510269972272,787.3457441232231,0.0,-4.568515769477017,102.77410943895971,-0.2857142857142857,-0.7142857142857142,-64.63213600782733,0.5,0.992836756657424,1.7130636199012432
242,train,1,0,1,101.9836226398594,1049.7928048336346,0.0,0.0,0.0,0.0,0.0,69.08726525809146,0.5,0.8498635219988284,1.8683419072766108
242,train,2,1,0,101.9836226398594,716.7341192537915,0.0,0.0,0.0,0.0,0.0,0.7768270485177027,0.5,0.8498635219988284,1.8683419072766108
243,train,2,0,1,66.49126480307753,-407.7019830425494,0.0,0.0,0.0,0.0,0.0,-294.9399895729225,0.5,1.1081877467179588,0.5410874865181017
243,train,2,1,1,132.98252960615505,-498.9136808074955,0.0,0.0,0.0,0.0,0.0,-341.9100989218425,0.5,1.1081877467179588,0.5410874865181017
244,train,0,1,0,407.42810938615054,-261.11562840060157,0.0,0.0,0.0,2.0,0.0,0.0,0.5,1.3580936979538352,1.0768723234172979
244,train,1,2,1,733.370596895071,740.3211375864922,0.0,0.0,0.0,-1.0,0.0,0.0,0.5,1.3580936979538352,1.0768723234172979
245,validation,1,0,0,-35.524965449802345,-447.8158714590119,0.0,303.2613038968148,2.3217806984273395,-0.26666666666666666,0.6666666666666665,0.0,0.5,0.5920827574967057,1.2171973021277016
245,validation,2,0,0,0.0,622.9612720928243,-0.2,562.4038691538831,60.88897111409725,-0.26666666666666666,0.6666666666666665,0.0,0.5,0.5920827574967057,1.2171973021277016
246,train,0,1,0,425.93392307891634,394.28333947535856,0.4,39.23842933788522,0.0,0.0,0.0,-2.3175560349982103,0.5,1.4197797435963877,1.8008527589828032
246,train,2,1,0,340.74713846313307,1085.950523892045,-0.4,302.61756518895737,0.0,0.2,0.0,-8.820922539756879,0.5,1.4197797435963877,1.8008527589828032
247,train,0,1,0,721.6316022122348,1920.3061735962854,0.4,252.05122303293615,-4.849926492917277,0.2,0.0,0.0,0.5,1.0022661141836595,0.9435104960437881
247,train,2,1,0,661.4956353612152,1762.0185688287677,0.4,-30.346451062645826,51.51819859526098,0.30000000000000004,0.0,0.0,0.5,1.0022661141836595,0.9435104960437881
248,test,0,1,0,94.23570605930473,-931.6604891508713,0.6666666666666666,0.0,-102.49099749581546,0.0,0.0,0.0,0.5,1.5705951009884123,1.155816281628072
248,test,1,2,1,-282.7071181779142,344.3891770140713,-2.0,0.0,113.31881555106708,0.0,0.0,0.0,0.5,1.5705951009884123,1.155816281628072
249,train,1,0,1,-180.0,219.3960432710478,-0.6000000000000001,398.26595512823496,-258.99573677111533,0.0,0.0,-19.998705716523176,0.5,1.0,1.0
249,train,1,2,1,-360.0,-1068.8362462557084,-0.2,-342.8736272995518,-91.49816901709266,0.0,0.0,-9.124047342611313,0.5,1.0,1.0
250,train,0,1,0,-240.0,351.0007509908082,0.0,0.0,0.0,0.0,0.0,0.0,0.5,1.0,1.0
250,train,1,2,1,0.0,-1674.5847333061793,0.0,0.0,0.0,0.0,0.0,0.0,0.5,1.0,1.0
251,train,1,0,0,240.0,1074.5281969374555,0.0,-217.76406168554485,148.9080607754037,0.0,0.09523809523809523,5.437404799506203,0.5,1.0,1.0
251,train,0,2,1,-420.0,-140.80911629005277,0.0,142.0977221746171,-18.00089433722887,-0.2857142857142857,0.09523809523809523,-9.596310569093198,0.5,1.0,1.0
252,train,1,0,1,240.0,677.5867554756896,0.0,-937.2324052478791,0.0,0.0,0.0,0.0,0.5,1.0,1.0
252,train,1,2,1,120.0,474.287155162383,0.0,-914.5900042342691,0.0,0.0,0.0,0.0,0.5,1.0,1.0
253,train,0,1,1,142.23365291574044,-82.30213896209159,0.0,-84.03303369408822,-166.54529458674367,0.0,1.0,36.41916915936976,0.5,0.5926402204822518,1.2441471362915324
253,train,0,2,1,177.79206614467554,94.78008009665318,0.0,26.37803527988018,-187.16310127137493,-0.13333333333333333,1.0,40.363284966183954,0.5,0.5926402204822518,1.2441471362915324
254,train,2,0,1,167.32014665477217,752.9234446118013,0.0,0.0,-241.81067931539005,0.0,0.0,-129.78207465416222,0.5,1.3943345554564348,0.8124207205388897
254,train,1,2,0,-250.98021998215827,-1421.0683368131688,0.5,0.0,4.613325562148255,0.0,0.0,86.75189691549221,0.5,1.3943345554564348,0.8124207205388897
255,train,1,0,1,-428.9724564116695,-95.30192838119869,0.0,-66.07568327165687,-264.101761046714,-0.2857142857142857,0.0,-19.253265867455855,0.5,1.4299081880388984,0.5897014732259658
255,train,1,2,1,0.0,-1273.8050557880213,-0.38095238095238093,-77.36481803200788,-92.67502816335173,-0.5714285714285714,-0.5714285714285714,-135.43022928502972,0.5,1.4299081880388984,0.5897014732259658
256,test,1,0,0,47.83007403447355,1373.8018517554601,0.0,0.0,57.861128050862106,0.0,-0.3333333333333335,207.68925081851813,0.5,0.7971679005745591,0.8554861074784298
256,test,0,2,1,382.6405922757884,919.6674356934764,0.0,0.0,35.65191821183194,0.0,0.5,-211.23604729057683,0.5,0.7971679005745591,0.8554861074784298
257,train,1,0,0,-240.0,263.58247341018614,0.0,1078.117477963227,0.0,-0.3333333333333333,0.0,0.0,0.5,1.0,1.0
257,train,2,0,0,-180.0,-644.3952376431002,0.0,-59.351602305036124,0.0,-0.3333333333333333,0.0,0.0,0.5,1.0,1.0
258,train,1,0,1,145.1720801286532,1168.9078285289186,0.0,0.0,0.0,0.0,0.0,0.0,0.5,0.8065115562702955,1.3367651961061195
258,train,2,1,0,0.0,-1817.5735195916443,0.0,0.0,0.0,0.0,0.0,274.4715925901353,0.5,0.8065115562702955,1.3367651961061195
259,train,0,1,0,201.0263317631107,187.23069238104506,0.0,0.0,0.0,0.0,0.0,163.90470256585058,0.5,1.6752194313592559,1.5522565513082482
259,train,1,2,1,-100.51316588155535,705.9282417785965,0.0,0.0,0.0,0.0,0.0,-58.04705627370619,0.5,1.6752194313592559,1.5522565513082482
260,train,0,2,0,-71.85554411368818,-1235.7601534263415,0.2,0.0,269.8890470399326,-0.1,1.8,0.0,0.5,0.5987962009474015,1.9535876056838954
260,train,1,2,0,-35.92777205684409,-359.1016132554204,0.6000000000000001,0.0,726.6573653677195,-0.1,3.0,0.0,0.5,0.5987962009474015,1.9535876056838954
261,train,1,0,0,0.0,-1059.1757751718294,0.3333333333333333,0.0,0.0,0.0,0.0,232.23625078851003,0.5,0.7216289491984151,0.6028170075436443
261,train,2,0,0,-216.48868475952455,-1713.7219846685002,0.3333333333333333,0.0,0.0,0.3333333333333333,0.0,0.0,0.5,0.7216289491984151,0.6028170075436443
262,test,1,0,1,-799.1886876260459,-427.36128140208984,0.0,-293.19097071280254,45.415441603883195,0.0,0.0,0.0,0.5,1.6649764325542622,0.5494208850206879
262,test,2,1,0,-299.6957578597672,-324.2509565983484,0.0,122.77833588299734,106.0195571489318,0.0,0.0,0.0,0.5,1.6649764325542622,0.5494208850206879
263,test,1,0,0,420.0,678.1175910377547,0.0,0.0,0.0,0.0,0.0,0.0,0.5,1.0,1.0
263,test,2,0,0,240.0,1065.1021338499704,0.0,0.0,0.0,0.0,0.0,0.0,0.5,1.0,1.0
264,train,2,0,1,-42.26695300920702,-215.72552838677944,-0.3,0.0,0.0,0.2,0.2,4.46594358561345,0.5,0.7044492168201171,1.4357336601486363
264,train,1,2,0,84.53390601841404,80.26658571267822,0.3,0.0,0.0,0.0,0.3,92.5802407896368,0.5,0.7044492168201171,1.4357336601486363
265,train,0,1,0,540.0,814.5371447208322,0.0,1268.3194003591052,0.0,0.0,0.0,0.0,0.5,1.0,1.0
265,train,2,1,0,240.0,-546.6244132056227,0.0,1300.6378077203312,0.0,0.0,0.0,0.0,0.5,1.0,1.0
266,train,2,0,1,0.0,24.80942643135626,0.19047619047619047,-5.000167200358135,45.61361851497414,0.0,1.0,-19.7355136889289,0.5,1.0220073173329283,0.5060812623539663
266,train,1,2,0,-61.320439039975696,-238.62487830724584,-0.19047619047619047,-46.044379916098165,77.74412845137064,0.09523809523809523,-0.5714285714285714,47.20171461542533,0.5,1.0220073173329283,0.5060812623539663
267,validation,0,1,0,60.0,68.33440922159662,0.0,0.0,0.0,0.0,0.0,0.0,0.5,1.0,1.0
267,validation,1,2,1,-60.0,829.3448734700805,0.0,0.0,0.0,0.0,0.0,0.0,0.5,1.0,1.0
268,validation,0,2,0,180.31405152116542,407.7591046489528,0.0,0.0,186.37531696360793,0.0,-0.16666666666666663,0.0,0.5,1.5026170960097118,0.6309137903293286
268,validation,2,1,1,180.31405152116542,-477.91616119501,-0.5,0.0,-25.842452353134945,0.0,0.16666666666666663,0.0,0.5,1.5026170960097118,0.6309137903293286
269,validation,0,2,0,-339.8068183263574,255.36327427388085,-0.10000000000000003,693.7336688188796,126.4758342883728,0.2,0.0,0.0,0.5,1.8878156573686524,0.6059921171933357
269,validation,1,2,0,113.26893944211915,347.39094203537246,-0.30000000000000004,338.01482600326557,255.3711687319722,0.2,0.0,0.0,0.5,1.8878156573686524,0.6059921171933357
270,train,1,0,0,-60.0,-585.4211368704218,0.0,37.50609369453127,-15.488045119197679,0.0,0.0,0.0,0.5,1.0,1.0
270,train,2,0,0,-60.0,-441.7392676452091,0.0,-151.56140046240967,19.324374780843456,0.0,0.0,0.0,0.5,1.0,1.0
271,test,0,1,0,-149.23029447343347,-863.5082676232561,0.0,0.0,0.0,1.0,0.0,0.0,0.5,0.6217928936393061,1.1912432303409857
271,test,1,2,1,-410.38330980194206,-1878.8835624389885,0.0,0.0,0.0,0.0,0.0,0.0,0.5,0.6217928936393061,1.1912432303409857
272,validation,0,1,0,0.0,840.4690308205882,0.0,0.0,0.0,0.0,0.0,501.06736405127447,0.5,1.2619766376961692,1.1111815206802174
272,validation,2,1,0,-151.4371965235403,537.1781212114063,0.0,0.0,0.0,0.0,0.0,490.4379890233579,0.5,1.2619766376961692,1.1111815206802174
273,test,1,0,1,92.19287857953363,-202.2927491960622,0.0,250.8450725609548,-81.06798786868109,-0.047619047619047616,-0.2857142857142857,-48.777904429670684,0.5,0.7682739881627803,1.4204971979162384
273,test,1,2,1,-184.38575715906725,-1827.7040638164333,-0.8571428571428571,-348.06470158343507,-220.3790651394994,-0.047619047619047616,-0.6666666666666666,-66.04537287690815,0.5,0.7682739881627803,1.4204971979162384
274,train,1,0,0,-120.0,1.8545827419684429,0.0,0.0,0.0,0.0,0.0,0.0,0.5,1.0,1.0
274,train,2,0,0,0.0,521.2582892429436,0.0,0.0,0.0,0.0,0.0,0.0,0.5,1.0,1.0
275,train,0,2,0,76.17030280097448,-91.14803860404707,0.0,0.0,212.73653633004594,0.0,-0.13333333333333336,42.29097121370507,0.5,0.634752523341454,0.9786635436746184
275,train,2,1,1,76.17030280097448,-307.2556683700005,0.0,0.0,9.580737073041448,0.0,0.0,-68.53521654351218,0.5,0.634752523341454,0.9786635436746184
276,train,2,0,1,-180.0,2.424612970380167,0.0,0.0,0.0,0.0,0.0,0.0,0.5,1.0,1.0
276,train,1,2,0,180.0,148.83326465582013,0.0,0.0,0.0,0.0,0.0,0.0,0.5,1.0,1.0
277,train,1,0,0,-120.0,811.4428378144021,0.0,0.0,0.0,0.0,0.0,0.0,0.5,1.0,1.0
277,train,2,0,0,120.0,2033.2751176066113,0.0,0.0,0.0,0.0,0.0,0.0,0.5,1.0,1.0
278,train,0,2,0,665.8311775138329,-794.8016139435229,0.6666666666666665,456.05810497973675,0.0,0.0,0.0,0.0,0.5,1.2330206990996906,0.5190631087246903
278,train,2,1,1,-73.98124194598144,-38.30821661557915,1.3333333333333333,-1270.0458819227274,0.0,0.0,0.0,0.0,0.5,1.2330206990996906,0.5190631087246903
279,train,0,2,0,300.0,754.4511964674625,0.0,0.0,0.0,0.0,0.0,0.0,0.5,1.0,1.0
279,train,1,2,0,60.0,-54.709932090449456,0.0,0.0,0.0,0.0,0.0,0.0,0.5,1.0,1.0
280,train,0,2,0,131.25859903283038,981.9786873042864,0.0,15.640833256087944,-9.993741536230914,0.0,0.5333333333333333,-55.81306909331046,0.5,0.5469108293034599,1.114374150524414
280,train,2,1,1,32.814649758207594,-916.5124738770486,-0.2,-60.372866769397376,34.067358909453105,0.0,-0.5333333333333333,31.733385039474726,0.5,0.5469108293034599,1.114374150524414
281,test,1,0,1,-660.0,-1450.8978729704559,0.0,0.0,0.0,0.0,0.0,0.0,0.5,1.0,1.0
281,test,2,1,0,900.0,1092.8332706435876,0.0,0.0,0.0,0.0,0.0,0.0,0.5,1.0,1.0
282,train,0,1,1,386.42130016191265,579.2439875611838,0.0,0.0,0.0,0.0,-3.0,0.0,0.5,0.805044375337318,0.7621169462491884
282,train,0,2,1,338.11863764167356,-211.5542919353388,0.0,0.0,0.0,0.0,-3.0,0.0,0.5,0.805044375337318,0.7621169462491884
283,test,0,2,0,401.92448357372695,369.058295089986,0.0,0.0,0.0,0.0,1.0,0.0,0.5,1.3397482785790897,0.600561904952274
283,test,1,2,0,964.6187605769446,657.7261979440334,0.0,0.0,0.0,0.0,3.0,0.0,0.5,1.3397482785790897,0.600561904952274
284,train,1,0,0,186.260577079175,-429.73923095492205,0.09523809523809523,480.44742410275296,2.127114435831711,-0.2857142857142857,0.19047619047619047,-2.987242804285016,0.5,1.5521714756597915,1.2431773296106774
284,train,2,0,0,279.39086561876246,1083.6800421457222,0.0,151.94140690386573,117.93431902178972,0.0,-0.38095238095238093,0.17361085725828307,0.5,1.5521714756597915,1.2431773296106774
285,train,0,1,0,-98.44283027076295,973.319509899513,0.0,0.0,0.0,3.0,0.0,0.0,0.5,1.6407138378460493,0.624771015668255
285,train,2,1,0,-689.0998118953407,-956.021152712367,0.0,0.0,0.0,1.0,0.0,0.0,0.5,1.6407138378460493,0.624771015668255
286,train,0,1,0,60.0,0.0,0.0,52.91853045593825,0.0,0.0,0.0,3.4929022261591562,0.5,1.0,1.0
286,train,2,1,0,-60.0,0.0,-0.2,272.0132436714256,0.0,0.0,0.29999999999999993,-5.342843589633363,0.5,1.0,1.0
287,test,2,0,1,-1252.86427967823,714.7524638690256,0.0,-283.1326353272692,0.0,-0.33333333333333337,-2.5,0.0,0.5,1.606236255997731,1.4633576478641002
287,test,2,1,1,-192.7483507197277,351.3728777102052,0.0,-558.7761622613584,0.0,0.16666666666666666,-3.5,0.0,0.5,1.606236255997731,1.4633576478641002
288,train,0,1,0,0.0,947.9797958545173,0.0,509.1645982481317,-53.887972176921835,0.0,0.0,149.9187593455965,0.5,0.516633839493651,0.707900955791779
288,train,1,2,1,-61.996060739238125,-1002.1007937988845,0.0,-413.7546638170053,16.109149448010086,-0.1,0.0,-76.61160227627168,0.5,0.516633839493651,0.707900955791779
289,train,1,0,1,442.65157049110763,-79.03192452628788,-0.23809523809523808,50.82472066981842,-5.073740192676135,0.0,0.0,-111.59488702233132,0.5,1.4755052349703588,0.6656946070307913
289,train,2,1,0,-531.1818845893291,655.2102983632575,0.47619047619047616,-45.66354566844777,49.12534125342671,0.2857142857142857,-0.4285714285714286,71.91889065361447,0.5,1.4755052349703588,0.6656946070307913
290,train,1,0,0,-290.6272495412532,-1065.0845936927606,0.0,0.0,0.0,0.0,0.0,0.0,0.5,0.8072979153923701,0.6614150331657391
290,train,0,2,1,0.0,674.4722708526741,0.0,0.0,0.0,0.0,0.0,0.0,0.5,0.8072979153923701,0.6614150331657391
291,train,2,0,1,-131.75176376828955,-118.8043451956718,-0.13333333333333333,50.92000653126235,0.0,0.0,-0.6666666666666665,-41.90374503746848,0.5,1.0979313647357463,1.0397117911322753
291,train,1,2,0,197.62764565243432,1856.6456040775831,0.13333333333333333,22.910571868531505,0.0,0.2,0.6666666666666665,7.081055954727208,0.5,1.0979313647357463,1.0397117911322753
292,test,0,1,1,-410.1589529036253,-508.7536524776209,0.0,0.0,-390.07680042281856,0.0,0.0,0.0,0.5,0.5696652123661462,0.8955336665446283
292,test,2,0,0,239.2593891937814,382.244687287419,0.0,0.0,874.776793337588,0.0,0.0,0.0,0.5,0.5696652123661462,0.8955336665446283
293,train,0,1,1,-190.04848877878123,-1377.688648515427,0.0,0.0,-1.34144301889458,0.0,0.0,0.0,0.5,1.0558249376598958,0.9458941054197922
293,train,2,0,0,253.397985038375,513.5236722106556,0.0,0.0,-9.44699645488322,-0.5,0.0,0.0,0.5,1.0558249376598958,0.9458941054197922
294,train,0,1,1,-161.39669765338758,-598.367278584876,-2.0,0.0,0.0,0.0,0.0,0.0,0.5,0.6724862402224482,0.856389147359101
294,train,0,2,1,-201.74587206673445,-653.2451723475692,-2.0,0.0,0.0,0.0,0.0,0.0,0.5,0.6724862402224482,0.856389147359101
295,train,2,0,1,-171.86860398277167,-980.6924884144289,0.19047619047619047,-115.35616821090986,-35.006147397692956,-0.14285714285714285,0.0,60.73656397570892,0.5,0.7161191832615487,0.7026291909800919
295,train,1,2,0,-85.93430199138584,563.1290465586501,-0.19047619047619047,347.99607054647333,41.77275113037165,0.0,0.857142857142857,-1.451929141316029,0.5,0.7161191832615487,0.7026291909800919
296,train,0,1,0,-120.0,-260.7941843829367,0.0,0.0,0.0,0.0,0.0,0.0,0.5,1.0,1.0
296,train,1,2,1,120.0,36.84322406162664,0.0,0.0,0.0,0.0,0.0,0.0,0.5,1.0,1.0
297,train,2,0,1,71.50697160216166,-471.75798721732065,-0.6,0.0,-75.4706992979653,-0.2,0.0,0.0,0.5,0.5958914300180138,0.8703418533219343
297,train,2,1,1,71.50697160216166,-18.039479028304466,0.0,0.0,-93.35360383272317,0.0,-0.8000000000000002,0.0,0.5,0.5958914300180138,0.8703418533219343
298,test,0,2,0,-275.41802011188867,520.1952266799452,-0.19047619047619047,408.74806904414515,-14.99366186595985,0.0,-0.09523809523809523,104.29948008764765,0.5,1.5301001117327149,1.3638286660330525
298,test,2,1,1,-91.8060067039629,-103.16534060698505,0.0,-126.0826901819093,-3.3550661943797166,0.0,0.047619047619047616,22.37498204377109,0.5,1.5301001117327149,1.3638286660330525
299,train,0,1,0,-120.0,657.5550179610882,0.0,297.5665166788191,0.0,0.0,0.4000000000000001,11.89417167133221,0.5,1.0,1.0
299,train,1,2,1,-60.0,-449.639771695277,0.0,-214.37570089789085,0.0,0.0,0.0,-21.248748101023146,0.5,1.0,1.0
300,train,1,0,0,174.14862725424194,284.9841820379898,0.0,0.0,0.0,0.0,0.0,0.0,0.5,0.9674923736346774,0.6207079857036738
300,train,2,0,0,232.1981696723226,678.8040102394002,4.0,0.0,0.0,0.0,0.0,0.0,0.5,0.9674923736346774,0.6207079857036738
301,train,0,1,0,84.2654040617533,-622.1377242624337,0.047619047619047616,-4.125875970813439,17.382863478186295,0.09523809523809523,0.0,40.40435889718421,0.5,1.4044234010292216,1.4992961662336102
301,train,1,2,1,-168.5308081235066,573.8908112838021,-0.047619047619047616,-29.748522746551743,1.2254935394932573,0.0,0.47619047619047616,-36.308736327622974,0.5,1.4044234010292216,1.4992961662336102
302,test,0,1,0,540.0,22.28603251460936,0.0,324.3370567513857,-71.2891760662026,0.0,0.0,64.3885669365237,0.5,1.0,1.0
302,test,2,1,0,120.0,-151.3639687228465,0.0,214.5508902371913,5.952606933375776,0.0,0.0,81.20419210549872,0.5,1.0,1.0
303,train,0,1,0,112.74692204239517,225.3149300116391,0.0,0.0,0.0,0.0,0.0,0.0,0.5,0.6263717891244176,1.854879817957619
303,train,1,2,1,-150.32922938986022,-1863.804564027136,0.0,0.0,0.0,0.0,0.0,0.0,0.5,0.6263717891244176,1.854879817957619
304,train,0,1,0,235.82062711546757,170.9570648979815,-0.06666666666666667,0.0,-2.3126288115440445,0.0,0.0,46.77329544194813,0.5,1.9651718926288964,0.9932647941739319
304,train,2,1,0,353.73094067320136,108.96322863560594,0.06666666666666667,0.0,247.29771777415473,0.26666666666666666,0.6000000000000001,15.480290044481826,0.5,1.9651718926288964,0.9932647941739319
305,train,1,0,0,1363.224966846655,2365.920467555458,0.0,-88.8822391477724,147.03639443559007,0.3333333333333333,3.0,4.678145058921018,0.5,1.893368009509243,1.3773838362676416
305,train,0,2,1,113.60208057055459,-664.4808525632503,0.0,85.40603627916727,-140.63885439817886,0.0,-1.6666666666666665,94.54808873966044,0.5,1.893368009509243,1.3773838362676416
306,train,1,0,0,330.3244193778647,540.3871481522863,0.0,0.0,0.0,0.0,0.0,0.0,0.5,1.3763517474077696,1.2378718471341141
306,train,2,0,0,660.6488387557293,234.349145397696,2.0,0.0,0.0,0.3333333333333333,0.0,0.0,0.5,1.3763517474077696,1.2378718471341141
307,validation,0,2,0,-748.3891344881353,-617.9207959702924,0.47619047619047616,24.360039976456036,19.16192051146173,0.0,0.047619047619047616,111.70420298440241,0.5,1.3859058046076578,0.9743426044201708
307,validation,1,2,0,-914.6978310410541,-1287.3205072624155,0.47619047619047616,34.60851797939898,-87.79257705296492,0.19047619047619047,0.047619047619047616,0.0,0.5,1.3859058046076578,0.9743426044201708
308,train,2,0,1,0.0,-2411.522665528745,0.0,-578.5506964286093,0.0,-0.6666666666666665,0.0,0.0,0.5,1.2265126518890515,1.7456255946934582
308,train,1,2,0,1913.3597369469203,8954.727833122362,0.0,701.8320855622195,0.0,-0.6666666666666667,0.0,0.0,0.5,1.2265126518890515,1.7456255946934582
309,train,2,0,1,-283.3253262600959,-2877.3458525286846,0.0,0.0,-309.71014921749526,-0.3333333333333333,0.0,0.0,0.5,1.5740295903338661,1.8959308093021252
309,train,2,1,1,-472.20887710015984,-1325.6698025687754,0.0,0.0,-11.514123199255181,0.0,0.0,0.0,0.5,1.5740295903338661,1.8959308093021252
310,train,1,0,0,283.06944030744023,486.69113469364646,0.0,262.77885203062624,0.0,0.0,0.0,0.0,0.5,1.179456001281001,1.1331669567001212
310,train,2,0,0,353.83680038430026,720.7026333699176,0.0,147.3257875928823,0.0,0.0,0.0,0.0,0.5,1.179456001281001,1.1331669567001212
311,train,1,0,0,-115.50825608763554,-894.7152225595939,0.0,0.0,20.435578276446407,0.3,-0.4,-14.933353563591782,0.5,1.9251376014605923,1.2918751462466782
311,train,0,2,1,0.0,85.21128508211345,0.0,0.0,-0.7857694102103139,0.0,-0.8,-32.160452546189376,0.5,1.9251376014605923,1.2918751462466782
312,train,0,2,0,180.0,-123.69967537188768,0.0,0.0,0.0,0.0,0.0,0.0,0.5,1.0,1.0
312,train,1,2,0,-120.0,-922.4318479410576,0.0,0.0,0.0,0.0,0.0,0.0,0.5,1.0,1.0
313,train,2,0,1,0.0,0.0,0.0,0.0,0.0,0.0,0.0,0.0,0.5,1.0,1.0
313,train,1,2,0,-60.0,0.0,0.0,0.0,0.0,0.0,0.0,0.0,0.5,1.0,1.0
314,train,1,0,0,212.7145642616916,30.311047211019126,0.0,603.2329147111816,0.0,0.0,0.666666666666667,0.0,0.5,0.5064632482421229,0.7180708932545139
314,train,0,2,1,0.0,51.3289841130656,0.0,-392.36914439868025,0.0,0.0,-0.666666666666667,0.0,0.5,0.5064632482421229,0.7180708932545139
315,train,0,1,1,-480.0,-1827.499589006884,0.0,-154.83174308918603,144.24364947419795,-0.16666666666666666,0.0,0.0,0.5,1.0,1.0
315,train,2,0,0,-420.0,-1005.4543615599614,0.0,710.8744168892862,160.54209248918443,-0.16666666666666666,0.0,0.0,0.5,1.0,1.0
316,test,1,0,0,-180.12875576495284,-1734.8872921224286,0.0,0.0,0.0,0.6666666666666666,0.0,-152.10472052650655,0.5,0.7505364823539702,1.0495707741702296
316,test,2,0,0,45.03218894123821,509.838952030828,0.0,0.0,0.0,0.6666666666666666,0.0,10.601679752175329,0.5,0.7505364823539702,1.0495707741702296
317,train,1,0,0,241.5624008116327,1722.732556186501,0.0,-43.773258858789404,99.40615691861123,0.047619047619047616,1.1428571428571428,12.176366686907222,0.5,1.342013337842404,1.0321455056121698
317,train,2,0,0,241.5624008116327,438.95791573260306,0.23809523809523808,-101.52987640604363,5.406154562619683,0.0,-0.2857142857142857,82.11111613765888,0.5,1.342013337842404,1.0321455056121698
318,train,0,2,0,0.0,539.7048160502777,0.0,531.6378128888897,0.0,0.0,0.6666666666666666,0.0,0.5,1.0,1.0
318,train,1,2,0,60.0,-1.7150480211375907,0.0,347.5550591046085,0.0,0.0,0.0,0.0,0.5,1.0,1.0
319,train,2,0,1,-60.0,-1638.7103860246789,0.0,-1931.7928670443025,0.0,0.0,0.0,0.0,0.5,1.0,1.0
319,train,2,1,1,-660.0,-2011.4639531535386,0.0,-171.0633468448391,0.0,0.0,0.0,0.0,0.5,1.0,1.0
320,validation,0,1,0,591.1768523965706,1842.1168126650844,-0.3333333333333333,0.0,328.5699530325958,0.0,0.0,-104.75934604712569,0.5,0.8210789616619035,0.7668094205185124
320,validation,1,2,1,246.32368849857104,-487.4198119024235,0.16666666666666666,0.0,-542.6607891709733,0.0,0.0,113.8988329371829,0.5,0.8210789616619035,0.7668094205185124
321,train,1,0,1,234.20863563256577,397.50956558900816,0.0,0.0,0.0,-2.0,0.0,0.0,0.5,0.7806954521085526,0.7906678132256991
321,train,1,2,1,93.68345425302631,-124.7577382996441,0.0,0.0,0.0,0.0,0.0,0.0,0.5,0.7806954521085526,0.7906678132256991
322,train,0,1,1,-221.1629087232469,-524.2847020608212,0.0,12.079688836801324,0.9536466974590354,0.0,0.0,-47.21847020984284,0.5,0.6143414131201302,0.5145197319203794
322,train,2,0,0,-36.86048478720782,40.60544231166915,0.0,-97.61786244252727,-12.039486863293455,0.0,0.0,24.46919056158447,0.5,0.6143414131201302,0.5145197319203794
323,validation,0,1,0,300.0,1058.0244773933591,0.5,976.4772347233329,422.1285722369492,0.0,0.0,0.0,0.5,1.0,1.0
323,validation,1,2,1,-600.0,-1506.5050112945191,-0.6666666666666666,-1356.4144744153677,-146.07057542532033,0.0,0.0,0.0,0.5,1.0,1.0
324,validation,1,0,0,-46.400531284849,-1189.8888151737779,0.0,-364.662088910243,356.78418488621355,0.0,0.4999999999999999,0.0,0.5,0.7733421880808167,1.0765245304937001
324,validation,0,2,1,46.400531284849,775.1186973786137,0.0,-404.45264055937787,-152.48502409338633,0.0,-0.16666666666666663,0.0,0.5,0.7733421880808167,1.0765245304937001
325,train,0,2,0,99.10370063460687,729.8858793387582,0.0,0.0,0.0,0.0,2.6666666666666665,-3.4988001695580664,0.5,0.8258641719550572,0.8845625647835548
325,train,1,2,0,49.55185031730343,1180.5173061353003,0.0,0.0,0.0,0.0,3.3333333333333335,-68.82993270386982,0.5,0.8258641719550572,0.8845625647835548
326,train,1,0,0,-60.0,844.3742162127382,0.0,0.0,0.0,0.0,0.0,0.0,0.5,1.0,1.0
326,train,0,2,1,120.0,832.0745492191663,0.0,0.0,0.0,0.0,0.0,0.0,0.5,1.0,1.0
327,train,0,2,0,273.1826587463479,-158.46962909986004,0.0,229.92270709919023,0.0,0.0,0.0,-40.616559464502046,0.5,0.9106088624878264,0.7177350878689228
327,train,2,1,1,-327.8191904956175,-1183.7895894106266,0.0,-373.55035603333397,0.0,0.0,0.0,-182.6778909153083,0.5,0.9106088624878264,0.7177350878689228
328,train,0,1,0,-480.0,-57.08251151864897,0.0,447.1281870070161,0.0,0.0,0.0,0.0,0.5,1.0,1.0
328,train,2,1,0,420.0,407.5878382119681,-0.3333333333333333,162.45400780531463,0.0,0.0,0.0,0.0,0.5,1.0,1.0
329,train,1,0,0,-112.57020707422107,-202.25469547744788,-0.06666666666666667,0.0,76.67838271229154,0.0,0.33333333333333326,64.47581318348094,0.5,0.6253900393012282,1.313842955231822
329,train,2,0,0,-75.04680471614738,-48.47347088579894,-0.06666666666666667,0.0,54.41356817815135,0.0,1.333333333333333,-11.335107914914254,0.5,0.6253900393012282,1.313842955231822
330,train,0,2,0,-65.10049749996307,-76.50994012489157,0.0,306.5469274930563,0.0,0.0,0.0,0.0,0.5,1.085008291666051,0.6287729928651832
330,train,1,2,0,0.0,-364.21284308913323,0.0,77.79207811763536,0.0,0.0,0.0,0.0,0.5,1.085008291666051,0.6287729928651832
331,validation,0,1,0,368.6240517870591,671.5197316908572,0.0,0.0,0.0,0.6666666666666666,0.0,71.42215946663406,0.5,1.5359335491127464,0.8738111231281067
331,validation,1,2,1,0.0,62.301463703345966,0.0,0.0,0.0,0.0,0.0,-86.50757248425326,0.5,1.5359335491127464,0.8738111231281067
332,train,0,2,0,-177.1925259915916,-43.95844387760577,1.0,0.0,0.0,0.0,0.0,0.0,0.5,0.9844029221755088,0.8694781108876536
332,train,2,1,1,-59.06417533053053,-1071.7109232597622,-2.0,0.0,0.0,0.0,0.0,0.0,0.5,0.9844029221755088,0.8694781108876536
333,test,2,0,1,-180.0,539.8158117197509,0.0,0.0,0.0,0.0,0.0,0.0,0.5,1.0,1.0
333,test,1,2,0,480.0,-303.1210046663573,0.0,0.0,0.0,0.0,0.0,0.0,0.5,1.0,1.0
334,validation,1,0,0,111.08186204760595,1194.352018984043,0.0,0.0,4.741273204088202,0.0,3.3333333333333335,0.0,0.5,0.6171214558200331,1.1073347249146521
334,validation,0,2,1,-333.24558614281784,-989.7597439689255,0.0,0.0,-299.1568414999981,0.0,-2.0,0.0,0.5,0.6171214558200331,1.1073347249146521
335,train,0,1,0,0.0,112.48709177269141,-0.47619047619047616,13.097642894454935,447.4451992691635,-0.19047619047619047,0.0,5.1178742694927895,0.5,1.155463230424981,1.5232488266833462
335,train,2,1,0,346.6389691274943,724.6498227561408,-0.23809523809523808,15.31577575329473,102.60798690986819,0.38095238095238093,-0.09523809523809523,-1.9656481465950097,0.5,1.155463230424981,1.5232488266833462
336,train,0,1,0,155.71487237593774,1086.6923864337937,0.0,0.0,0.0,0.0,0.0,0.0,0.5,0.5190495745864592,1.5505179045439168
336,train,2,1,0,62.2859489503751,2716.1676283278753,0.0,0.0,0.0,0.0,3.0,0.0,0.5,0.5190495745864592,1.5505179045439168
337,train,1,0,1,-120.0,-288.58104138682575,0.0,0.0,0.0,0.0,0.0,0.0,0.5,1.0,1.0
337,train,1,2,1,60.0,240.25859856291754,0.0,0.0,0.0,0.0,0.0,0.0,0.5,1.0,1.0
338,train,1,0,1,-149.5931794004356,-145.6588876380119,0.0,0.0,16.28085079492331,0.0,-1.0,-20.852933476507985,0.5,1.2466098283369633,0.7241417540242785
338,train,1,2,1,224.3897691006534,-537.175302346419,0.0,0.0,-539.2669581215374,0.0,-0.3333333333333335,-66.21834607921159,0.5,1.2466098283369633,0.7241417540242785
339,train,1,0,1,-1480.646502801178,-2671.3039287067813,0.0,0.0,0.0,0.0,-1.0,0.0,0.5,1.5423401070845604,1.413159867514858
339,train,1,2,1,370.1616257002945,758.8715410943306,0.0,0.0,0.0,0.0,1.0,0.0,0.5,1.5423401070845604,1.413159867514858
340,train,2,0,1,0.0,-0.31737430711438375,0.3,0.0,-4.8755911369700655,0.0,0.0,-85.74935844972813,0.5,0.9343142139534433,0.5413174338839476
340,train,2,1,1,-56.058852837206594,0.0,0.0,0.0,-9.247380987798905,-0.6000000000000001,0.0,0.0,0.5,0.9343142139534433,0.5413174338839476
341,test,0,2,0,-379.57712615258436,-3491.881915297301,0.6,0.0,500.66811459062126,0.0,-1.4999999999999998,-43.84654022129171,0.5,1.054380905979401,1.332038724357675
341,test,1,2,0,506.1028348701125,-3089.7812199033738,0.0,0.0,218.3491120292814,0.0,-0.8999999999999999,-56.00828889202938,0.5,1.054380905979401,1.332038724357675
342,validation,1,0,0,-163.5880563062928,-329.19826128394294,0.13333333333333333,107.80929995502584,-22.039029977430847,0.0,1.3333333333333335,0.0,0.5,0.68161690127622,0.565916312349676
342,validation,2,0,0,0.0,579.4979374610723,0.06666666666666667,-13.377399941247432,177.60395759482543,0.0,2.3333333333333335,0.0,0.5,0.68161690127622,0.565916312349676
343,train,0,2,0,-180.0,1381.7346377559425,0.0,476.72901622213817,0.0,0.0,0.6666666666666665,13.030661743933308,0.5,1.0,1.0
343,train,2,1,1,180.0,-217.6419436912047,0.0,-74.16679049562447,0.0,0.0,-0.33333333333333304,19.73990936199285,0.5,1.0,1.0
344,train,0,1,0,-542.760808175487,-2150.005053853279,2.0,0.0,0.0,0.0,0.0,0.0,0.5,1.8092026939182901,0.7856660311312618
344,train,2,1,0,651.3129698105845,712.0098026929531,4.0,0.0,0.0,0.0,0.0,0.0,0.5,1.8092026939182901,0.7856660311312618
345,train,0,1,1,-60.0,74.92552692682693,0.0,217.9005538666056,-21.47810370211065,0.0,-0.6000000000000001,0.0,0.5,1.0,1.0
345,train,2,0,0,180.0,353.20247276540067,-0.13333333333333333,-93.2400443514274,62.02874848186691,0.0,1.4000000000000001,0.0,0.5,1.0,1.0
346,train,0,2,0,518.7677155065353,1245.8939357815434,3.0,0.0,0.0,0.0,0.0,0.0,0.5,0.9606809546417321,0.9431919436680356
346,train,2,1,1,-1325.7397174055902,-1625.4506975074323,-2.0,0.0,0.0,0.0,0.0,0.0,0.5,0.9606809546417321,0.9431919436680356
347,test,0,1,0,-329.9320493875984,260.5141809529483,0.0,0.0,0.0,0.0,0.0,260.3850214678573,0.5,0.6109852766437007,0.7330108988039766
347,test,2,1,0,-403.25028258484247,-569.9695229851972,0.0,0.0,0.0,0.0,0.0,135.40425438413078,0.5,0.6109852766437007,0.7330108988039766
348,train,0,1,0,323.0526051109543,-572.0920460555172,0.0,0.0,0.0,0.6666666666666666,1.3333333333333335,0.0,0.5,1.7947366950608572,0.5192357839684636
348,train,2,1,0,215.36840340730288,-472.83332171615405,0.0,0.0,0.0,0.6666666666666666,-2.6666666666666665,0.0,0.5,1.7947366950608572,0.5192357839684636
349,train,0,2,0,-99.70373721804523,1201.9169475611216,2.0,0.0,0.0,0.0,0.0,0.0,0.5,1.6617289536340873,1.5778619444341002
349,train,1,2,0,-99.70373721804523,2933.810488309297,2.0,0.0,0.0,0.0,0.0,0.0,0.5,1.6617289536340873,1.5778619444341002
350,train,0,1,1,-420.0,-2065.3473945089218,0.0,-2647.3261383745225,0.0,0.0,0.6666666666666665,0.0,0.5,1.0,1.0
350,train,0,2,1,-180.0,-2545.1711918714636,0.0,-1193.6548979035729,0.0,0.0,0.6666666666666665,0.0,0.5,1.0,1.0
351,train,0,1,0,-276.092071066011,-104.81362678218807,0.0,73.04537037052361,0.0,0.8,0.0,-44.966466574057094,0.5,1.1503836294417125,0.7444474327956172
351,train,1,2,1,-897.2992309645357,-763.6393933790125,0.0,-50.1825356882419,0.0,-0.4,-2.0,-87.89004157478962,0.5,1.1503836294417125,0.7444474327956172
352,test,0,1,1,-300.0,11.869702499859159,0.0,0.0,0.0,0.0,0.0,0.0,0.5,1.0,1.0
352,test,0,2,1,-960.0,-1013.1688444613719,0.0,0.0,0.0,0.0,0.0,0.0,0.5,1.0,1.0
353,train,0,1,1,-411.3594146089405,-339.969580817333,-0.5,-126.3364208991122,0.0,-0.6666666666666666,0.0,0.0,0.5,1.3711980486964683,0.5244494057276685
353,train,2,0,0,-246.8156487653643,264.8543045794977,-0.5,236.24028839922065,0.0,0.6666666666666666,0.0,0.0,0.5,1.3711980486964683,0.5244494057276685
354,train,0,1,0,537.4227673209979,2025.4216391913644,-0.4761904761904761,122.17567097288054,37.59593586374827,0.2857142857142857,-0.19047619047619047,0.7332368198737136,0.5,1.4928410203361053,0.7371099053002729
354,train,1,2,1,268.71138366049894,-277.21406881722635,0.0,-441.1980359819695,-75.04077724102507,0.2857142857142857,0.2857142857142857,5.622634453767848,0.5,1.4928410203361053,0.7371099053002729
355,test,2,0,1,60.0,552.9954335120938,0.0,0.0,0.0,0.0,0.0,0.0,0.5,1.0,1.0
355,test,1,2,0,60.0,311.40920867041314,0.0,0.0,0.0,0.0,0.0,0.0,0.5,1.0,1.0
356,test,1,0,1,-228.96345075283622,487.4074497952443,-0.1,0.0,19.063265806740645,0.0,0.0,-12.290793966783209,0.5,1.908028756273635,1.2877880221970641
356,test,2,1,0,114.48172537641811,-578.6610104245542,-0.1,0.0,-43.640265188728755,0.0,0.0,45.465016434553505,0.5,1.908028756273635,1.2877880221970641
357,train,1,0,1,203.66292130460724,300.7839559487559,-0.4,-76.14137369870566,-28.944775160027426,0.0,0.0,42.2457461449671,0.5,0.8485955054358635,0.8907657787532877
357,train,2,1,0,305.49438195691084,617.655772240419,0.2,147.45363274446714,-1.456482122764129,0.0,0.0,51.31555267831098,0.5,0.8485955054358635,0.8907657787532877
358,train,1,0,0,300.0,780.689552486785,0.0,269.2971325873543,0.0,0.0,-0.33333333333333326,0.0,0.5,1.0,1.0
358,train,2,0,0,300.0,254.65166134113224,0.0,-123.54821297332103,0.0,0.0,1.0,0.0,0.5,1.0,1.0
359,validation,1,0,0,173.70007164433824,688.7410100507686,0.0,0.0,0.0,0.6666666666666666,0.0,75.28781005107328,0.5,0.5790002388144608,1.496074138543921
359,validation,0,2,1,-104.22004298660295,1361.6471673670621,0.0,0.0,0.0,0.0,0.0,-87.56936318889527,0.5,0.5790002388144608,1.496074138543921
360,train,0,1,0,120.0,-56.11987680463699,0.0,0.0,0.0,0.0,0.0,0.0,0.5,1.0,1.0
360,train,2,1,0,300.0,1057.0070104759507,0.0,0.0,0.0,0.0,0.0,0.0,0.5,1.0,1.0
361,train,1,0,0,771.6262618197135,876.0671636874566,0.7142857142857142,6.300263565049619,270.8457200708653,-0.5714285714285714,-0.5714285714285714,94.57372023894752,0.5,1.6075547121244032,0.5411194172640621
361,train,2,0,0,192.90656545492837,856.5393466029188,-0.4761904761904761,189.30820666744359,57.39931148884282,-0.19047619047619047,0.5714285714285712,40.962211805809225,0.5,1.6075547121244032,0.5411194172640621
362,train,1,0,0,287.62406481879987,526.588642879006,0.0,156.07629514759446,-53.952442613107415,0.0,0.8,0.0,0.5,0.7989557356077774,1.056627865506475
362,train,2,0,0,239.68672068233323,619.713567971195,0.0,-31.784142113950907,-47.23640440018835,0.0,0.0,0.0,0.5,0.7989557356077774,1.056627865506475
363,train,0,2,0,192.7378898798288,-161.6080260547296,0.0,0.0,0.0,1.0,-0.49999999999999994,167.80609372354309,0.5,0.8030745411659533,0.6845667979663089
363,train,1,2,0,289.1068348197432,595.5390478401217,0.0,0.0,0.0,-0.5,0.33333333333333326,111.4822939521475,0.5,0.8030745411659533,0.6845667979663089
364,train,0,1,0,-120.0,-657.0063317910553,0.0,0.0,0.0,0.0,0.0,0.0,0.5,1.0,1.0
364,train,2,1,0,420.0,-175.39933972737708,0.0,0.0,0.0,0.0,0.0,0.0,0.5,1.0,1.0
365,train,1,0,0,216.66554130496056,122.83072970527314,0.0,-103.31942178405865,31.20045453315284,0.0,0.0,30.09165146536398,0.5,1.2036974516942254,1.0413908763571118
365,train,2,0,0,72.22184710165352,35.8653391574164,0.2666666666666667,-176.8259662771777,-3.7325526112435554,0.26666666666666666,0.0,77.09803565552191,0.5,1.2036974516942254,1.0413908763571118
366,train,0,2,0,1165.3137265689943,662.1691810316332,0.23809523809523808,110.39113001957793,-68.68548173188351,0.8571428571428571,-0.7619047619047616,22.599471574712744,0.5,1.618491286901381,0.7449564905738841
366,train,2,1,1,97.10947721408286,-672.3505254565314,-0.47619047619047616,-72.51287552831349,50.947244364227544,-1.4285714285714284,1.333333333333333,3.8499004210643974,0.5,1.618491286901381,0.7449564905738841
367,train,1,0,1,253.05445495268282,2573.392640826377,0.0,81.33286135684304,-85.17706674056764,-0.14285714285714285,0.09523809523809523,-108.80015014939804,0.5,1.4058580830704601,1.9365490950923088
367,train,1,2,1,253.05445495268282,-1509.5152633229586,0.0,-56.396149866176955,-42.192137091448714,0.0,0.2857142857142857,-80.26819735539293,0.5,1.4058580830704601,1.9365490950923088
368,train,2,0,1,-2247.7620101325797,-3651.311662432621,0.0,239.45553509243854,-28.281939821150033,0.3333333333333333,-0.3333333333333333,-122.22604397935268,0.5,1.7839381032798252,1.249007543531518
368,train,1,2,0,321.1088585903685,677.5705604048978,0.0,119.05009093305227,296.3439177319425,0.0,0.2,-72.58450697647021,0.5,1.7839381032798252,1.249007543531518
369,train,0,2,0,-46.49038462279146,276.94187820154133,0.0,347.68709963833896,278.32515297539464,0.0,0.0,0.0,0.5,0.774839743713191,0.5436637305843135
369,train,2,1,1,139.4711538683744,242.0505923235526,0.0,-147.86858937744387,-251.296525068076,0.0,0.0,0.0,0.5,0.774839743713191,0.5436637305843135
370,train,0,2,0,-217.3163741838582,-1037.1730651426067,0.8571428571428571,286.59487021146407,-28.947915081295918,0.5714285714285714,0.0,-44.87846193877626,0.5,0.9054848924327424,1.4943204751597583
370,train,2,1,1,0.0,814.3155405022414,-0.5714285714285714,-71.46306257846055,69.9132058470949,0.0,-0.09523809523809523,-15.083805875900268,0.5,0.9054848924327424,1.4943204751597583
371,train,0,1,0,-215.13646812360506,-1708.9106884967537,0.0,61.35743223658859,0.0,0.4,0.0,0.0,0.5,1.1952026006866947,1.5704282838665073
371,train,1,2,1,-71.71215604120168,-43.18450426873152,0.0,19.497261741422264,0.0,-0.4,-0.3999999999999999,-171.95635809017628,0.5,1.1952026006866947,1.5704282838665073
372,validation,0,2,0,180.0,-713.9544432104203,0.0,0.0,0.0,0.0,0.0,0.0,0.5,1.0,1.0
372,validation,1,2,0,420.0,-374.55064908140776,0.0,0.0,0.0,0.0,0.0,0.0,0.5,1.0,1.0
373,train,0,1,0,0.0,622.8861587816385,2.666666666666667,0.0,0.0,0.3333333333333333,0.0,0.0,0.5,0.9747388450245967,0.813442134455922
373,train,1,2,1,-350.9059842088548,-196.88604116967414,1.3333333333333333,0.0,0.0,-0.6666666666666666,0.0,0.0,0.5,0.9747388450245967,0.813442134455922
374,test,0,2,0,60.0,613.8547963136161,0.0,114.80776293844633,3.6484507818191503,0.8,0.0,0.0,0.5,1.0,1.0
374,test,1,2,0,120.0,922.1668553520935,-0.13333333333333333,-173.23901206851517,51.04209867849778,0.0,0.06666666666666665,0.0,0.5,1.0,1.0
375,validation,0,1,0,-212.58642420275464,721.2420808886493,0.19047619047619047,109.13518314999305,103.04311575513374,-0.09523809523809523,1.1428571428571428,210.21282031967064,0.5,1.1810356900153036,0.5748150568563979
375,validation,1,2,1,-850.3456968110186,-554.7131558664456,-0.2857142857142857,-14.659248111093234,-68.9518680978842,-0.047619047619047616,-0.857142857142857,-2.5429903940199807,0.5,1.1810356900153036,0.5748150568563979
376,train,1,0,0,180.0,-581.769438378793,0.0,0.0,0.0,0.0,0.0,0.0,0.5,1.0,1.0
376,train,0,2,1,-600.0,-1684.2761518142315,0.0,0.0,0.0,0.0,0.0,0.0,0.5,1.0,1.0
377,validation,2,0,1,360.0,1265.7071271478198,0.0,0.0,0.0,0.0,0.0,0.0,0.5,1.0,1.0
377,validation,2,1,1,180.0,779.6612111473555,0.0,0.0,0.0,0.0,0.0,0.0,0.5,1.0,1.0
378,train,1,0,0,-120.0,162.03441186567125,0.0,0.0,0.0,0.0,0.0,0.0,0.5,1.0,1.0
378,train,2,0,0,-180.0,-97.94835235557684,0.0,0.0,0.0,0.0,0.0,0.0,0.5,1.0,1.0
379,test,0,1,0,41.39418015429191,2817.5527862308304,0.6666666666666667,-263.0091073533274,0.0,0.0,0.0,19.077149169337765,0.5,0.6899030025715318,1.687745324659545
379,test,2,1,0,331.1534412343353,3140.2784191351293,0.3333333333333333,93.24022823009523,0.0,0.0,0.0,164.1679002217655,0.5,0.6899030025715318,1.687745324659545
380,validation,1,0,0,300.0,420.239380514186,0.0,102.47990947182814,0.0,0.0,0.0,0.0,0.5,1.0,1.0
380,validation,2,0,0,480.0,270.66868427706913,0.0,123.8917880179282,0.0,0.0,0.0,0.0,0.5,1.0,1.0
381,train,0,1,0,401.5653746019192,584.911394258146,-0.23809523809523808,180.59777915884777,175.58928913116642,0.09523809523809523,-0.1428571428571429,30.561749207243846,0.5,1.67318906084133,0.7871410411998423
381,train,2,1,0,-200.7826873009596,308.8284814960978,-0.23809523809523808,-21.902204675198433,0.31789108334695015,-0.09523809523809523,0.4285714285714285,8.81816173480212,0.5,1.67318906084133,0.7871410411998423
382,test,0,1,0,-526.1224258689285,-3980.638802798149,0.0,158.0269247414634,914.8877248678284,0.0,-0.8,258.5077805329721,0.5,0.7971551907104978,1.3689923245701503
382,test,2,1,0,-95.65862288525973,-4501.962005597403,0.0,62.0399375652994,192.82796323416022,0.0,-0.9,41.07589150019435,0.5,0.7971551907104978,1.3689923245701503
383,train,0,1,1,-110.80725731854196,-598.0510152410844,-1.5,-98.43878312960385,-280.0359055561115,-0.2,0.0,0.0,0.5,0.9233938109878497,0.6862355837536868
383,train,2,0,0,387.82540061489686,599.1822661556045,0.6,-38.4585165357654,553.7276335859177,0.2,0.0,0.0,0.5,0.9233938109878497,0.6862355837536868
384,validation,0,1,1,-548.5628738006948,-2413.999780603985,0.0,-85.80592473414401,-181.36095415114403,-0.23809523809523808,-0.8571428571428572,19.31516599726644,0.5,0.537806739020289,1.7477612708527
384,validation,2,0,0,96.80521302365202,319.5946700308374,0.7619047619047619,-24.784547766488927,16.84149611251192,0.0,0.2857142857142857,-10.610018165072319,0.5,0.537806739020289,1.7477612708527
385,validation,0,1,0,480.0,1558.4038766669437,0.0,0.0,0.0,0.0,0.0,0.0,0.5,1.0,1.0
385,validation,2,1,0,420.0,241.3196399325875,0.0,0.0,0.0,0.0,0.0,0.0,0.5,1.0,1.0
386,train,1,0,0,-52.648679168217896,101.1926862411059,0.0,0.0,449.47511445796897,0.0,1.0,0.0,0.5,0.8774779861369649,0.640972827173011
386,train,0,2,1,-473.83811251396105,-387.7907120561018,0.0,0.0,-711.4188400510219,0.0,-0.6666666666666665,0.0,0.5,0.8774779861369649,0.640972827173011
387,train,1,0,1,-420.0,-424.81017410174627,-0.14285714285714285,71.48290912796045,51.22365067804616,0.0,0.0,38.752041788859835,0.5,1.0,1.0
387,train,2,1,0,60.0,577.7907009584851,0.0,9.024701627893364,-29.1729472002896,0.19047619047619047,-0.38095238095238093,-48.475420214139106,0.5,1.0,1.0
388,train,0,1,0,0.0,310.37489038027707,0.0,234.19692599849603,0.0,0.0,0.0,177.71953504581225,0.5,1.0,1.0
388,train,2,1,0,-60.0,387.0103660440732,0.0,1121.0057872744044,0.0,0.0,0.0,0.0,0.5,1.0,1.0
389,train,1,0,0,570.8876602314073,3387.019164629594,0.0,147.00634875857878,79.41675457439501,0.0,3.5,0.0,0.5,1.9029588674380242,1.6106830957970646
389,train,2,0,0,-114.17753204628146,735.6095250911429,0.0,-37.516539629073975,43.32782119573565,0.0,0.5,0.0,0.5,1.9029588674380242,1.6106830957970646
390,train,0,2,0,-105.76424831495817,207.95232530789974,0.30000000000000004,0.0,0.0,0.3,1.2000000000000002,-17.20112514612393,0.5,1.7627374719159694,0.6801783275605644
390,train,1,2,0,105.76424831495817,589.8611864346971,0.0,0.0,0.0,0.3,1.6,-52.90751344844511,0.5,1.7627374719159694,0.6801783275605644
391,train,0,2,0,180.0,-266.10625289800555,0.0,0.0,0.0,0.0,0.0,0.0,0.5,1.0,1.0
391,train,1,2,0,-60.0,-625.1557727492864,0.0,0.0,0.0,0.0,0.0,0.0,0.5,1.0,1.0
392,validation,1,0,1,180.0,1242.2818143754266,0.0,0.0,0.0,0.0,0.0,0.0,0.5,1.0,1.0
392,validation,2,1,0,-300.0,-1210.250342048917,0.0,0.0,0.0,0.0,0.0,0.0,0.5,1.0,1.0
393,train,1,0,0,-200.66996835296382,-90.36437073390333,0.0,0.0,-77.27303744346676,0.0,0.0,0.0,0.5,1.1148331575164656,1.4867396654349774
393,train,2,0,0,267.55995780395176,1510.1663843183771,0.0,0.0,296.46378643728013,0.6666666666666666,0.0,0.0,0.5,1.1148331575164656,1.4867396654349774
394,train,1,0,1,315.6387799542522,451.164533061356,0.0,211.45357359513906,0.0,0.0,-0.8000000000000002,0.0,0.5,1.7535487775236234,1.6264809813576118
394,train,2,1,0,420.8517066056696,25.430544298614972,-0.30000000000000004,-218.78531004234378,0.0,0.0,0.8000000000000002,0.0,0.5,1.7535487775236234,1.6264809813576118
395,train,1,0,1,0.0,-1220.5458313726335,0.0,-87.67245789539984,-118.39531934362056,0.0,-0.5333333333333333,35.80091274021396,0.5,0.7970268730061716,1.450025426053137
395,train,1,2,1,-143.46483714111088,-655.5807609238594,0.0,24.815010624965634,-20.40286834966309,-0.3333333333333333,0.26666666666666666,16.66724453141742,0.5,0.7970268730061716,1.450025426053137
396,validation,0,1,1,180.0,722.9567345374207,0.0,-3552.613553062529,0.0,0.0,0.0,0.0,0.5,1.0,1.0
396,validation,0,2,1,120.0,730.3013880400304,0.0,-2269.427543943272,0.0,0.0,0.0,0.0,0.5,1.0,1.0
397,train,0,2,0,413.1096128792819,-1694.121925090635,0.0,0.0,413.7635764879053,0.0,0.0,0.0,0.5,1.7212900536636746,1.4964596321792092
397,train,1,2,0,516.3870160991024,-199.5820353715549,0.6666666666666667,0.0,172.11613995204993,0.0,0.0,0.0,0.5,1.7212900536636746,1.4964596321792092
398,train,2,0,1,434.6315987590784,2687.476059305031,-0.06666666666666668,9.776539262452047,-938.4005102302868,0.0,-0.5333333333333332,-1.2482817809196263,0.5,0.6036549982764977,1.4132754935656142
398,train,1,2,0,-144.87719958635944,-1221.6781442885879,0.0,-51.114697062230334,259.95329055571534,0.0,0.0,-19.528874569965055,0.5,0.6036549982764977,1.4132754935656142
399,train,2,0,1,213.5474571989043,214.14183275204826,0.0,0.0,-127.48071082308566,0.0,0.3333333333333333,0.0,0.5,0.8897810716621013,0.890785237996086
399,train,2,1,1,213.5474571989043,-658.1352311287202,0.0,0.0,-190.0465984218693,0.0,-0.16666666666666663,-227.82168941763433,0.5,0.8897810716621013,0.890785237996086
400,train,0,2,0,120.0,1155.5931362600973,0.0,-394.722423717968,0.0,0.0,0.6666666666666667,0.0,0.5,1.0,1.0
400,train,1,2,0,0.0,558.7301949726289,0.0,119.59772496403275,0.0,0.0,0.6666666666666667,0.0,0.5,1.0,1.0
401,train,0,1,0,-150.01693063037828,281.9803266970178,0.0,0.0,0.0,0.0,1.333333333333333,0.0,0.5,1.2501410885864856,0.6318949281271404
401,train,1,2,1,450.05079189113485,73.26763618522837,0.0,0.0,0.0,-1.0,0.0,0.0,0.5,1.2501410885864856,0.6318949281271404
402,train,2,0,1,300.0,454.12492094465597,0.0,0.0,0.0,0.0,0.0,0.0,0.5,1.0,1.0
402,train,2,1,1,0.0,566.8312560116183,0.0,0.0,0.0,0.0,0.0,0.0,0.5,1.0,1.0
403,validation,0,1,0,-110.57768873234109,332.91077129500496,0.0,-177.24086859914587,176.1074877050646,0.0,0.0,0.0,0.5,1.8429614788723514,0.6322835326477043
403,validation,2,1,0,110.57768873234109,166.7988321248901,0.0,-23.429732370687077,348.33701282630665,0.0,0.0,0.0,0.5,1.8429614788723514,0.6322835326477043
404,test,0,2,0,147.7648509896449,588.2222423485949,-0.13333333333333333,396.5410041983981,0.0,0.0,0.6666666666666666,21.452070375822203,0.5,0.8209158388313607,1.1178639396132415
404,test,1,2,0,-49.25495032988164,976.7364678419326,-0.06666666666666667,623.9292531165726,0.0,0.2,0.33333333333333337,61.638894734566,0.5,0.8209158388313607,1.1178639396132415
405,test,2,0,1,-246.89736540160385,-1772.2552772586855,0.0,0.0,47.360739580011796,-0.5,-1.3333333333333333,0.0,0.5,1.3716520300089103,0.8896697155564841
405,test,1,2,0,658.392974404277,1984.0217782846541,0.0,0.0,-47.05322302616145,1.0,1.1666666666666667,0.0,0.5,1.3716520300089103,0.8896697155564841
406,test,0,1,0,-769.1173535486023,-369.13670386083135,0.3333333333333333,0.0,634.6010939233807,-0.16666666666666666,0.0,0.0,0.5,1.831231794163339,0.6139088739652533
406,test,1,2,1,659.2434458988021,-141.37346265199128,-0.3333333333333333,0.0,-300.65031392400215,0.16666666666666666,0.0,0.0,0.5,1.831231794163339,0.6139088739652533
407,test,1,0,1,240.0,716.4708116000379,0.0,-482.359191700646,0.0,0.0,0.0,0.0,0.5,1.0,1.0
407,test,1,2,1,240.0,260.4365737354701,0.0,-1027.4787233037255,0.0,0.0,0.0,0.0,0.5,1.0,1.0
408,train,1,0,0,-300.0,76.75219302685628,0.0,-84.60454326818319,0.0,0.3333333333333333,0.0,0.0,0.5,1.0,1.0
408,train,2,0,0,-300.0,-141.12474375230977,0.0,690.8929372419561,0.0,0.0,0.0,0.0,0.5,1.0,1.0
409,train,2,0,1,238.28368490612817,-247.8503852072775,-0.16666666666666666,-325.7488692216853,-484.3518094881279,0.0,0.0,0.0,0.5,1.32379824947849,0.8123169843119086
409,train,1,2,0,238.28368490612817,1591.760491178403,0.5,698.3777329014981,331.97709825261677,0.0,0.0,0.0,0.5,1.32379824947849,0.8123169843119086
410,test,0,1,1,-90.4209159436026,-1588.8849380726015,-0.16666666666666666,0.0,0.0,0.0,0.0,100.30177905125751,0.5,0.5023384219089033,1.7347805999098558
410,test,2,0,0,30.1403053145342,1048.5484012858958,0.0,0.0,0.0,0.3333333333333333,0.0,-190.55313102033247,0.5,0.5023384219089033,1.7347805999098558
411,train,2,0,1,0.0,-295.2919672065762,-0.42857142857142855,105.41289680148549,-132.5958488242856,0.19047619047619047,0.14285714285714285,-149.18968302930088,0.5,1.375272807615155,0.7799731747128156
411,train,1,2,0,330.0654738276372,228.18487404321883,0.2857142857142857,-8.979019128651544,203.92843916060295,-0.19047619047619047,-0.23809523809523808,93.5839006014856,0.5,1.375272807615155,0.7799731747128156
412,validation,2,0,1,125.98161967355468,-759.4422373780918,0.0,0.0,35.816390623261356,0.0,-0.30000000000000004,0.0,0.5,0.5249234153064778,1.0598194892082378
412,validation,1,2,0,-94.486214755166,-598.7481134000047,0.4,0.0,62.03382256738266,-0.2,0.19999999999999996,0.0,0.5,0.5249234153064778,1.0598194892082378
413,train,2,0,1,118.5470315606401,704.0815830831461,0.1,-133.19990198080478,0.0,0.0,-1.2,0.0,0.5,1.9757838593440016,1.1014529415598107
413,train,1,2,0,0.0,538.1272716759584,-0.2,31.04592996212733,0.0,0.4,0.40000000000000013,0.0,0.5,1.9757838593440016,1.1014529415598107
414,test,1,0,0,120.0,63.03918111897838,0.0,0.0,0.0,0.0,0.0,0.0,0.5,1.0,1.0
414,test,0,2,1,-120.0,-843.1617904824698,0.0,0.0,0.0,0.0,0.0,0.0,0.5,1.0,1.0
415,test,0,2,0,-279.0329031355609,261.7029057362583,0.13333333333333333,-57.905934775929,100.92701476005938,0.26666666666666666,0.0,198.79049317909906,0.5,0.7750913975987802,0.624007948095296
415,test,2,1,1,418.5493547033413,312.2933010229787,-0.13333333333333333,-17.142834936216545,16.35708861217416,-0.26666666666666666,0.0,-83.98542238500129,0.5,0.7750913975987802,0.624007948095296
416,train,2,0,1,-36.71375301820755,467.72502231427603,0.0,0.0,0.0,-1.0,0.0,0.0,0.5,0.6118958836367925,1.0744383883633644
416,train,2,1,1,-330.42377716386795,-2387.097706966839,0.0,0.0,0.0,0.0,0.0,0.0,0.5,0.6118958836367925,1.0744383883633644
417,train,0,1,1,-354.60540209874233,5.9601391615361425,0.0,0.0,-175.41258708669352,0.0,0.0,-23.31564285214091,0.5,1.9700300116596796,0.5467157348614016
417,train,0,2,1,-591.0090034979039,-443.6249140910649,0.16666666666666666,0.0,-66.47769274231973,0.0,0.0,3.913155344062247,0.5,1.9700300116596796,0.5467157348614016
418,test,0,2,0,-180.0,7.615041421054684,0.0,9.784457588789621,137.8866788130301,0.0,-0.4000000000000001,5.269492620682946,0.5,1.0,1.0
418,test,2,1,1,180.0,404.32032117719336,0.0,214.06140773343571,-159.53092159695262,0.0,-0.3999999999999999,-3.504173402541994,0.5,1.0,1.0
419,train,0,1,0,553.587244151943,100.9872427597893,0.0,-140.93853076756315,0.0,0.0,0.0,108.35880420442744,0.5,1.8452908138398099,1.212120627796474
419,train,2,1,0,221.43489766077718,717.710569645797,0.0,107.077147547312,0.0,0.0,0.0,169.86337395135564,0.5,1.8452908138398099,1.212120627796474
420,validation,0,2,0,108.9749671090907,124.49801479462084,0.0,302.9652633374603,0.0,-0.16666666666666666,0.0,120.71627107961315,0.5,1.8162494518181782,1.1542015025286858
420,validation,2,1,1,544.8748355454535,-1903.833719969425,0.0,9.508577327914736,0.0,0.0,0.0,-120.0248921043944,0.5,1.8162494518181782,1.1542015025286858
421,train,2,0,1,60.0,441.65571760493003,0.1,-578.8703393288565,-115.89736915737285,0.0,0.0,-88.93379409009034,0.5,1.0,1.0
421,train,2,1,1,60.0,296.85823139248987,-0.20000000000000004,-447.8348217989149,-72.08925050695296,0.0,0.0,127.70257085010252,0.5,1.0,1.0
422,train,1,0,0,0.0,-145.61916495757168,0.0,0.0,0.0,0.0,0.0,0.0,0.5,1.0,1.0
422,train,2,0,0,660.0,173.14211815040153,0.0,0.0,0.0,0.0,0.0,0.0,0.5,1.0,1.0
423,train,2,0,1,-68.26036013235121,-249.60988948565398,0.0,5.3323555676416845,-126.18963021842133,-0.4,0.0,5.429586317308065,0.5,1.13767266887252,1.6626324116880955
423,train,2,1,1,-136.52072026470242,-1227.9014561660122,-0.06666666666666667,-29.226249196914623,-258.1348453615537,-0.2,0.0,61.7187497306381,0.5,1.13767266887252,1.6626324116880955
424,test,1,0,0,120.0,-79.98559694433334,0.0,0.0,0.0,0.0,0.0,0.0,0.5,1.0,1.0
424,test,0,2,1,-360.0,251.38174753328167,0.0,0.0,0.0,0.0,0.0,0.0,0.5,1.0,1.0
425,train,0,2,0,660.0,785.558833246143,0.0,0.0,0.0,0.0,0.0,0.0,0.5,1.0,1.0
425,train,1,2,0,480.0,1374.5410113720582,0.0,0.0,0.0,0.0,0.0,0.0,0.5,1.0,1.0
426,test,2,0,1,-258.3452107134247,147.3844106242694,-1.0,0.0,0.0,0.0,0.0,0.0,0.5,0.7176255853150687,0.6605236875703212
426,test,2,1,1,0.0,566.6995711505738,-1.0,0.0,0.0,0.0,0.0,0.0,0.5,0.7176255853150687,0.6605236875703212
427,train,2,0,1,594.2203392902603,-217.72152182298294,-1.0,0.0,0.0,0.0,0.0,0.0,0.5,1.6506120535840563,0.6757872913777204
427,train,1,2,0,-693.2570625053037,-703.8847954925171,1.0,0.0,0.0,0.0,0.0,0.0,0.5,1.6506120535840563,0.6757872913777204
428,train,0,2,0,337.27714065903945,1812.4726365677805,0.0,0.0,311.47837491009227,0.5333333333333334,2.9999999999999996,-35.434280149690906,0.5,0.9368809462751095,0.6699368497522622
428,train,1,2,0,112.42571355301314,-439.69266288468015,-0.06666666666666667,0.0,63.79614688329478,0.8,0.3333333333333335,-79.00164032098522,0.5,0.9368809462751095,0.6699368497522622
429,test,1,0,1,-454.87037796904224,-365.71007142932,0.0,-54.605984412835966,9.860226630355925,-0.19047619047619047,-0.7142857142857144,69.21021557902898,0.5,0.7581172966150704,0.7722511528128442
429,test,1,2,1,90.97407559380845,731.4504967699569,0.14285714285714285,-129.6425862321415,6.604208546937997,-0.38095238095238093,0.9523809523809523,-20.891304160385005,0.5,0.7581172966150704,0.7722511528128442
430,train,1,0,0,274.8584968912067,-167.9933987439774,0.0,10.36715196371506,0.0,-0.3333333333333333,0.0,0.0,0.5,1.5269916493955928,1.8721411303127626
430,train,2,0,0,-183.23899792747113,-921.5031422465341,0.5,-94.89130653642064,0.0,-0.6666666666666666,0.0,0.0,0.5,1.5269916493955928,1.8721411303127626
431,validation,1,0,1,0.0,-1319.2521439339375,0.0,0.0,0.0,0.0,0.0,0.0,0.5,1.0,1.0
431,validation,2,1,0,300.0,2257.3033449577247,0.0,0.0,0.0,0.0,0.0,0.0,0.5,1.0,1.0
432,train,1,0,0,60.0,-405.58932958241985,0.0,0.0,0.0,0.0,0.0,0.0,0.5,1.0,1.0
432,train,0,2,1,-120.0,1562.5548388007073,0.0,0.0,0.0,0.0,0.0,0.0,0.5,1.0,1.0
433,train,0,1,0,575.7409386656824,5524.634350587309,0.0,175.86629694227344,295.9461678343993,0.0,-0.33333333333333326,-6.006032942647746,0.5,0.9595682311094706,1.851187897271653
433,train,1,2,1,-460.5927509325459,1140.3612556140881,0.0,-24.222148043375967,76.69359082988737,0.0,-1.3333333333333335,-53.06404637706443,0.5,0.9595682311094706,1.851187897271653
434,train,2,0,1,-99.71005799940271,-1982.0167733810945,-0.49999999999999994,0.0,0.0,-2.0,1.3333333333333335,0.0,0.5,0.8309171499950225,0.8829137114688546
434,train,1,2,0,299.13017399820814,1390.1501383242926,-0.16666666666666666,0.0,0.0,1.0,-2.0,0.0,0.5,0.8309171499950225,0.8829137114688546
435,train,0,1,0,-521.2963009257434,1451.684148787181,0.5,228.58745410281176,0.0,-0.3333333333333333,0.0,0.0,0.5,1.0860339602619653,1.9889590126877466
435,train,2,1,0,-325.8101880785896,-3167.42407695804,0.5,-134.5002204272887,0.0,0.0,0.0,0.0,0.5,1.0860339602619653,1.9889590126877466
436,train,0,2,0,-74.51088691187604,260.1222984506593,1.0,32.03134050717685,-5.8988884877503125,0.0,-1.0000000000000002,0.0,0.5,0.620924057598967,1.286277741155144
436,train,2,1,1,-74.51088691187604,-127.74832493270817,-0.3333333333333333,101.83942055425013,-455.8137374955725,0.0,0.8000000000000003,0.0,0.5,0.620924057598967,1.286277741155144
437,train,1,0,0,240.0,312.86600013165844,0.6000000000000001,-124.79662997018761,255.56772240992777,0.1,0.0,0.0,0.5,1.0,1.0
437,train,2,0,0,60.0,351.6062221686434,0.0,471.5166577067889,109.74958607879162,0.1,0.0,0.0,0.5,1.0,1.0
438,train,0,1,1,657.7976077772563,1635.9502382376445,0.0,104.37914078340233,-170.9166719377771,-0.26666666666666666,-0.2,-40.51665857186545,0.5,1.096329346295427,1.2967856990335438
438,train,2,0,0,-328.89880388862815,-674.1657579697438,0.0,-95.0029726317106,35.113567952825875,0.13333333333333333,-0.26666666666666666,147.9958817704217,0.5,1.096329346295427,1.2967856990335438
439,train,2,0,1,-782.0081390164834,-1981.0302596250688,-0.8571428571428571,-36.90065399254362,-107.8595665436091,0.0,0.0,74.79100287640696,0.5,1.3033468983608056,0.9432073791575116
439,train,2,1,1,-469.20488340989004,-1248.6436268614543,-0.2857142857142857,-24.985103299990215,2.4023421316317766,-0.09523809523809523,0.5714285714285714,12.569609387386492,0.5,1.3033468983608056,0.9432073791575116
440,train,1,0,1,-120.0,198.28176126135077,-0.38095238095238093,-1054.122910023693,-49.63456241175129,0.0,0.38095238095238093,-7.500766478395121,0.5,1.0,1.0
440,train,2,1,0,-60.0,-310.16616022882226,0.0,566.03382473766,-126.03901502181643,-0.2857142857142857,0.2857142857142856,-0.597528853829882,0.5,1.0,1.0
441,train,1,0,0,-240.0,-226.0182708447278,-0.14285714285714285,484.6819613875752,-7.482474879848574,-0.19047619047619047,0.09523809523809523,7.27538451334604,0.5,1.0,1.0
441,train,2,0,0,0.0,-234.15589927671908,-0.14285714285714285,467.2259515378458,7.124898479585198,-0.19047619047619047,0.2857142857142857,-20.67576379019069,0.5,1.0,1.0
442,train,0,1,1,-300.3766095519759,-2587.3620878702045,0.0,0.0,-1.9093633379583537,-0.5,0.0,25.41215132911966,0.5,1.001255365173253,1.564943648816401
442,train,0,2,1,-120.15064382079035,-1164.7740361416493,0.0,0.0,133.48880878991224,-0.5,0.0,-21.19657137050379,0.5,1.001255365173253,1.564943648816401
443,train,1,0,1,-33.8037371670795,466.22579833306474,-0.30000000000000004,0.0,-97.86344392010079,0.0,0.7999999999999998,51.429106515204936,0.5,0.563395619451325,1.6679789275778527
443,train,1,2,1,-202.822423002477,-1545.5088344353414,-0.1,0.0,16.118602717896295,0.0,0.3999999999999999,51.429106515204936,0.5,0.563395619451325,1.6679789275778527
444,train,0,2,0,-37.35377498302622,-555.2960984874411,0.0,0.0,0.0,0.0,0.0,-11.945150454601375,0.5,0.6225629163837704,1.2071670802228789
444,train,1,2,0,112.06132494907867,-601.7372800477643,0.0,0.0,0.0,0.0,0.0,-5.000601798735147,0.5,0.6225629163837704,1.2071670802228789
445,train,0,1,1,-45.584811394406685,-27.260663468161397,0.0,-26.78738224638017,6.240022248274387,0.0,-0.4761904761904761,43.017308591224186,0.5,0.7597468565734448,0.7736358103953386
445,train,2,0,0,45.584811394406685,-97.03559637229682,0.5714285714285714,31.243673805478196,-4.449725250932202,0.0,-0.23809523809523808,-3.8768840374236007,0.5,0.7597468565734448,0.7736358103953386
446,test,2,0,1,-518.5440356512057,-3109.530975100414,0.0,0.0,-62.727786516081835,0.0,0.0,-203.55439959118155,0.5,1.0803000742733453,1.4476729278027862
446,test,1,2,0,129.63600891280143,180.69829739612942,0.0,0.0,39.79386086323893,0.0,0.0,153.04138013812423,0.5,1.0803000742733453,1.4476729278027862
447,validation,1,0,0,56.25265410832341,208.9286812790467,0.0,0.0,136.17244045264428,1.3333333333333335,0.0,0.0,0.5,0.9375442351387235,1.0524031306934383
447,validation,2,0,0,-56.25265410832341,-865.6175160709107,0.0,0.0,291.17905737433205,-0.6666666666666666,0.0,0.0,0.5,0.9375442351387235,1.0524031306934383
448,train,1,0,0,0.0,1583.296687538066,0.0,102.80574759195952,0.0,-0.6666666666666667,2.0,0.0,0.5,0.7250720780732374,1.4158197156375734
448,train,2,0,0,304.5302727907597,-206.1236289507201,0.0,-9.367876980238066,0.0,-0.33333333333333337,0.0,0.0,0.5,0.7250720780732374,1.4158197156375734
449,test,1,0,0,0.0,-1663.630235165324,0.0,0.0,0.0,0.0,0.0,0.0,0.5,1.0,1.0
449,test,2,0,0,120.0,855.4105350737427,0.0,0.0,0.0,0.0,0.0,0.0,0.5,1.0,1.0
450,validation,1,0,0,-78.78459761800262,-320.543295464399,0.0,-73.42424891021244,0.0,0.0,0.0,0.0,0.5,0.6565383134833552,1.2626346935351664
450,validation,2,0,0,-157.56919523600524,873.026766924341,0.0,5.270986273319181,0.0,1.3333333333333333,0.0,0.0,0.5,0.6565383134833552,1.2626346935351664
451,train,0,1,1,134.1502127548271,-516.6089047462783,0.0,0.0,0.0,0.0,-2.0,0.0,0.5,1.117918439623559,0.506420158745301
451,train,0,2,1,-268.3004255096542,-1208.980070155763,0.0,0.0,0.0,0.0,-1.0,0.0,0.5,1.117918439623559,0.506420158745301
452,train,2,0,1,-60.0,0.0,0.0,0.0,0.0,0.0,0.0,0.0,0.5,1.0,1.0
452,train,1,2,0,120.0,0.0,0.0,0.0,0.0,0.0,0.0,0.0,0.5,1.0,1.0
453,train,1,0,1,-360.0,-203.08422003146734,0.0,0.0,0.0,0.0,0.0,0.0,0.5,1.0,1.0
453,train,2,1,0,180.0,76.52872811955967,0.0,0.0,0.0,0.0,0.0,0.0,0.5,1.0,1.0
454,validation,0,1,1,-69.68375270495224,-1181.5822634184203,0.0,26.60218632759137,-626.4778664639235,0.0,0.0,45.69856773607547,0.5,1.1613958784158707,0.8468736193668013
454,validation,2,0,0,69.68375270495224,192.6674502036731,0.5333333333333334,-150.9682153467441,219.74936407952362,0.0,-0.06666666666666665,75.87406936559177,0.5,1.1613958784158707,0.8468736193668013
455,train,0,1,1,-237.75587822210366,-1553.4580664131981,-2.0,0.0,-266.511191456055,0.0,0.0,50.98013007170805,0.5,0.5660854243383421,1.5509116595953703
455,train,0,2,1,33.96512546030053,-703.2315902708224,0.0,0.0,-84.15913606961747,0.0,0.0,-69.31215419547691,0.5,0.5660854243383421,1.5509116595953703
456,train,0,1,0,46.91869857199986,1011.7124954813224,0.0,0.0,0.0,2.0,0.0,0.0,0.5,0.781978309533331,0.6895557580241697
456,train,1,2,1,-891.4552728679973,-1612.1630056918816,0.0,0.0,0.0,-3.0,0.0,0.0,0.5,0.781978309533331,0.6895557580241697
457,validation,0,1,1,-346.18817079058954,-1673.3036855328432,0.2857142857142857,-485.8554734356781,-85.79914807388928,-0.2857142857142857,-0.47619047619047616,-120.93892078589928,0.5,0.9616338077516375,0.8097870146769763
457,validation,0,2,1,-1038.5645123717686,-2237.454858760528,-0.14285714285714285,52.3991847850198,211.75432330036438,-0.8571428571428571,-0.19047619047619047,-64.419702935567,0.5,0.9616338077516375,0.8097870146769763
458,train,0,1,1,-240.0,-1301.2867062559462,0.0,238.92785348552877,-41.04962005223314,0.0,-0.5,0.0,0.5,1.0,1.0
458,train,2,0,0,240.0,1267.385972867909,0.0,-574.0547420853856,-217.54041151975088,0.0,0.5,0.0,0.5,1.0,1.0
459,train,0,2,0,158.01882453158717,85.96043095047123,0.6666666666666666,0.0,157.81647853783426,0.0,0.0,0.0,0.5,1.3168235377632265,0.8663205408778244
459,train,1,2,0,395.0470613289679,525.2909819080738,1.3333333333333333,0.0,-153.5086736093882,0.0,0.0,0.0,0.5,1.3168235377632265,0.8663205408778244
460,train,2,0,1,-33.10432801057656,-1252.908593487372,0.0,0.0,0.0,0.0,0.0,-286.6831374608795,0.5,0.551738800176276,1.487981243054295
460,train,2,1,1,0.0,530.8437906568317,0.0,0.0,0.0,0.0,0.0,-429.96907457251797,0.5,0.551738800176276,1.487981243054295
461,train,1,0,0,701.5170570789115,1648.2565425553353,0.23809523809523808,-45.33425000265299,-11.94673947989827,0.5714285714285714,1.7142857142857144,-132.42836097681015,0.5,0.5567595691102473,1.4466702537238643
461,train,2,0,0,534.4891863458374,1871.287573920468,0.0,67.54124067709176,-49.23485711227444,0.7619047619047619,1.1428571428571432,57.56260041939271,0.5,0.5567595691102473,1.4466702537238643
462,train,0,2,0,-120.0,-508.03616741351016,0.0,0.0,0.0,0.0,0.0,0.0,0.5,1.0,1.0
462,train,1,2,0,360.0,1180.0229533123838,0.0,0.0,0.0,0.0,0.0,0.0,0.5,1.0,1.0
463,validation,2,0,1,60.0,1149.2830172703043,0.0,0.0,0.0,0.0,0.0,0.0,0.5,1.0,1.0
463,validation,2,1,1,-180.0,-70.05936876454052,0.0,0.0,0.0,0.0,0.0,0.0,0.5,1.0,1.0
464,train,0,1,0,180.0,1041.6441849092716,0.0,0.0,0.0,0.0,0.0,0.0,0.5,1.0,1.0
464,train,1,2,1,-240.0,-666.1589541790313,0.0,0.0,0.0,0.0,0.0,0.0,0.5,1.0,1.0
465,validation,1,0,1,-470.36620319152087,266.77622825557114,0.0,0.0,9.15171154415691,0.0,0.0,0.0,0.5,0.9799295899823351,1.2587894597716887
465,validation,2,1,0,0.0,-803.4698871182837,0.0,0.0,825.0217883045833,0.0,0.0,0.0,0.5,0.9799295899823351,1.2587894597716887
466,train,1,0,1,56.67160423479771,-759.4888662363389,-0.14285714285714285,-42.84509951671512,-54.09672344589781,0.0,-0.9523809523809522,-22.825022277215485,0.5,0.9445267372466285,1.2142822897865733
466,train,2,1,0,56.67160423479771,1357.9263070216805,0.047619047619047616,24.360861027645655,447.366412249756,-0.19047619047619047,1.4285714285714284,36.63476770822601,0.5,0.9445267372466285,1.2142822897865733
467,test,1,0,1,-420.0,-1813.4384518249517,0.0,0.0,0.0,0.0,0.0,0.0,0.5,1.0,1.0
467,test,2,1,0,-120.0,-50.370808573694376,0.0,0.0,0.0,0.0,0.0,0.0,0.5,1.0,1.0
468,test,1,0,1,-60.0,963.1232994465863,0.0,0.0,0.0,0.0,0.0,0.0,0.5,1.0,1.0
468,test,2,1,0,-180.0,-773.0066804103781,0.0,0.0,0.0,0.0,0.0,0.0,0.5,1.0,1.0
469,train,1,0,1,0.0,-695.9440013292042,0.0,0.0,0.0,0.0,0.0,0.0,0.5,1.0,1.0
469,train,1,2,1,-120.0,772.4800094335706,0.0,0.0,0.0,0.0,0.0,0.0,0.5,1.0,1.0
470,train,0,1,0,125.01936738494229,145.3241974895127,0.0,0.0,0.0,0.0,-0.5,0.0,0.5,1.0418280615411857,0.7222954778338192
470,train,2,1,0,62.50968369247114,-42.917627866161276,-0.3333333333333333,0.0,0.0,0.0,1.0,0.0,0.5,1.0418280615411857,0.7222954778338192
471,train,0,1,0,-420.0,-217.13889761895553,0.047619047619047616,135.14762407223094,124.13896139927247,0.0,0.5714285714285714,19.680788317486986,0.5,1.0,1.0
471,train,1,2,1,60.0,-1707.0204124395368,0.09523809523809523,-60.45104822330018,-49.65549360786599,-0.23809523809523803,-0.5714285714285714,-10.506123460336227,0.5,1.0,1.0
472,validation,2,0,1,-1094.4558110559358,-134.01579624431557,0.0,0.0,125.12947624968953,0.0,-1.0,-0.15117130938722134,0.5,1.8240930184265596,0.7387633980038615
472,validation,2,1,1,-547.2279055279679,208.14933279069925,0.0,0.0,-422.32978109335676,0.0,-0.5,-40.49303859005987,0.5,1.8240930184265596,0.7387633980038615
473,train,0,1,1,-506.81652681463964,8.316466870379893,0.0,-65.60597389822934,0.0,0.0,-0.6,-22.858658289830174,0.5,1.6893884227154654,0.5011816835538827
473,train,0,2,1,-506.81652681463964,-341.33325437521484,0.4,-67.58905161602314,0.0,0.0,-0.29999999999999993,18.849249312748704,0.5,1.6893884227154654,0.5011816835538827
474,train,0,2,0,0.0,58.5944235501962,0.1,0.0,-116.73298498555145,0.0,0.6,0.0,0.5,0.7486191143108232,0.951692058577572
474,train,2,1,1,-134.75144057594818,-306.36177752906883,-0.2,0.0,141.88272105136815,0.0,-0.6,0.0,0.5,0.7486191143108232,0.951692058577572
475,train,0,1,1,-679.7161073437379,-707.3150121497508,0.0,0.0,-175.28528278749496,1.0,0.0,-80.53547233407984,0.5,1.8881002981770498,1.0468918219111054
475,train,0,2,1,0.0,-688.646659158982,0.0,0.0,-135.8763689430753,0.5,0.0,-27.501031697263553,0.5,1.8881002981770498,1.0468918219111054
476,train,1,0,1,-60.0,-4.397528707107995,0.0,0.0,0.0,0.0,0.0,0.0,0.5,1.0,1.0
476,train,2,1,0,120.0,1143.6120999207342,0.0,0.0,0.0,0.0,0.0,0.0,0.5,1.0,1.0
477,validation,1,0,1,184.27982246188117,440.161872205626,-1.0,0.0,0.0,0.0,0.0,0.0,0.5,0.7678325935911715,1.5636531170509116
477,validation,1,2,1,138.20986684641088,-188.76431603513853,0.0,0.0,0.0,0.0,0.0,0.0,0.5,0.7678325935911715,1.5636531170509116
478,train,0,2,0,1080.0,1298.0665495224994,0.0,0.0,0.0,0.0,0.0,0.0,0.5,1.0,1.0
478,train,1,2,0,720.0,339.4156236854851,0.0,0.0,0.0,0.0,0.0,0.0,0.5,1.0,1.0
479,train,0,1,1,-267.9784634143899,-286.93014359466855,0.5,0.0,0.0,0.0,0.0,36.16599001153383,0.5,1.4887692411910551,1.2565677438093434
479,train,0,2,1,-89.32615447146331,-1127.16017900337,0.0,0.0,0.0,-0.16666666666666666,0.0,-46.99398631422367,0.5,1.4887692411910551,1.2565677438093434
480,test,0,1,0,122.81651856379574,297.9228839831636,0.0,982.84490244316,0.0,0.0,0.0,-8.261579373109697,0.5,0.6823139920210874,0.6571431152900311
480,test,1,2,1,-368.4495556913872,-668.8752191530832,0.0,-514.6570642295851,0.0,-0.4,0.0,-108.41156056318397,0.5,0.6823139920210874,0.6571431152900311
481,train,0,1,1,240.0,2310.1955380010304,0.0,0.0,0.0,0.0,0.0,0.0,0.5,1.0,1.0
481,train,0,2,1,0.0,-222.80827917681927,0.0,0.0,0.0,0.0,0.0,0.0,0.5,1.0,1.0
482,train,0,1,0,300.0,69.67441267220238,0.0,1372.0330161910767,0.0,0.0,0.0,0.0,0.5,1.0,1.0
482,train,2,1,0,-120.0,465.68654567536214,0.0,1412.6314221788627,0.0,0.0,0.0,0.0,0.5,1.0,1.0
483,train,0,1,0,112.24534564986465,-234.30804447730742,1.2,-201.31505714777433,0.0,0.0,-0.2,-13.27151541624417,0.5,1.8707557608310774,0.7820523256318571
483,train,1,2,1,112.24534564986465,-153.46502245972485,-0.6,28.765664083376407,0.0,0.0,-0.4000000000000001,47.87221203107427,0.5,1.8707557608310774,0.7820523256318571
484,train,0,1,0,180.0,908.1132121944215,0.0,0.0,0.0,0.0,0.0,0.0,0.5,1.0,1.0
484,train,1,2,1,-60.0,-511.8430310988133,0.0,0.0,0.0,0.0,0.0,0.0,0.5,1.0,1.0
485,train,2,0,1,313.4431119078236,257.3618637085236,-0.19047619047619047,-66.65066661575162,25.94052460502087,0.0,-0.5714285714285714,-23.50434912968715,0.5,1.741350621710131,0.740674059559841
485,train,1,2,0,-104.48103730260786,-366.9970596263398,0.047619047619047616,168.84774268092696,64.64339977889895,0.0,0.0,9.961564888873804,0.5,1.741350621710131,0.740674059559841
486,train,0,2,0,118.36205788157007,-657.7344562314257,0.0,0.0,384.7469109968236,0.0,0.0,373.49007678004597,0.5,0.6575669882309448,1.0026717736120356
486,train,2,1,1,-39.45401929385669,741.6737537628283,0.0,0.0,-217.79886210086715,0.0,0.0,-382.28147133820784,0.5,0.6575669882309448,1.0026717736120356
487,train,0,2,0,-340.43026825165697,863.0982737196491,-0.2857142857142857,280.76817606761574,0.1442286740951566,0.7142857142857142,0.2857142857142857,26.36413183443461,0.5,1.1347675608388565,0.7406927483957498
487,train,2,1,1,408.51632190198836,-518.6200335370104,-0.8571428571428571,-117.06279137860747,-9.165309293574623,-0.47619047619047616,0.2857142857142857,-60.48199935880958,0.5,1.1347675608388565,0.7406927483957498
488,train,1,0,0,0.0,-126.40991209208505,0.0,254.9633057460946,54.70769175559272,0.3,0.0,4.102827142944236,0.5,1.0,1.0
488,train,0,2,1,120.0,461.1524862678348,0.0,6.331579875831949,10.47486241935647,-0.3,0.0,15.306971592690804,0.5,1.0,1.0
489,validation,1,0,1,82.02668468469568,-892.0201568965801,-0.20000000000000004,7.775149472635064,158.64362272455102,0.0,0.0,-63.539063637015374,0.5,0.6835557057057974,0.5475882796086587
489,validation,2,1,0,-41.01334234234784,164.8734938739569,0.1,172.53063658325038,-248.79092130896072,0.0,0.0,64.5455347255477,0.5,0.6835557057057974,0.5475882796086587
490,train,1,0,0,-120.0,-196.53178798663157,0.0,0.0,0.0,0.0,0.0,0.0,0.5,1.0,1.0
490,train,2,0,0,-60.0,-463.0492173347302,0.0,0.0,0.0,0.0,0.0,0.0,0.5,1.0,1.0
491,test,0,2,0,-66.9821598468928,-214.2375861604717,0.5,0.0,0.0,0.0,0.33333333333333337,78.18442039942673,0.5,1.1163693307815465,1.2074500347186707
491,test,2,1,1,0.0,300.9085877026451,0.0,0.0,0.0,0.0,0.0,-44.9230687958267,0.5,1.1163693307815465,1.2074500347186707
492,train,2,0,1,-628.0011127900444,-149.2760879986148,0.0,0.0,0.0,0.0,-3.0,0.0,0.5,1.495240744738201,0.760016107856773
492,train,1,2,0,179.42888936858412,617.6314568946042,0.0,0.0,0.0,0.0,4.0,0.0,0.5,1.495240744738201,0.760016107856773
493,train,1,0,1,-86.41966257124209,-754.3616083546426,0.0,0.0,0.0,1.0,0.0,0.0,0.5,0.7201638547603507,1.6993732285446217
493,train,2,1,0,129.62949385686312,-971.8817221349998,0.0,0.0,0.0,0.0,0.0,0.0,0.5,0.7201638547603507,1.6993732285446217
494,train,0,2,0,249.90112054725196,357.3832950526447,0.4000000000000001,0.0,42.620755959391424,0.3333333333333333,0.4666666666666666,-73.13880777780349,0.5,0.6941697792979221,0.5486946031734569
494,train,1,2,0,333.2014940630026,413.9471109632783,0.0,0.0,25.325636245610937,0.3333333333333333,0.0,11.05080039933381,0.5,0.6941697792979221,0.5486946031734569
495,train,0,1,1,37.92738331357311,-1084.806904861389,0.16666666666666666,414.49683971561046,0.0,-0.5,0.0,0.0,0.5,0.6321230552262185,1.5790673320177273
495,train,2,0,0,37.92738331357311,467.7387062766584,0.0,-407.68414919002,0.0,0.5,0.0,0.0,0.5,0.6321230552262185,1.5790673320177273
496,train,0,1,0,-180.0,467.9135490886774,0.0,0.0,0.0,0.0,0.0,0.0,0.5,1.0,1.0
496,train,2,1,0,-180.0,-1651.454500923217,0.0,0.0,0.0,0.0,0.0,0.0,0.5,1.0,1.0
497,train,1,0,1,-180.0,-13.367352845616551,0.0,-1321.5675276292914,0.0,0.3333333333333333,0.0,0.0,0.5,1.0,1.0
497,train,2,1,0,0.0,-55.80174060608579,0.0,485.9258046994898,0.0,0.0,0.0,0.0,0.5,1.0,1.0
498,train,1,0,0,0.0,110.49300749414164,0.0,0.0,111.85317900904046,0.0,-0.10000000000000003,79.15377212797611,0.5,1.3266896448766043,1.130424617878859
498,train,0,2,1,-159.2027573851925,312.21208781243126,0.2,0.0,-247.59905287835826,0.0,0.10000000000000003,9.701865454494495,0.5,1.3266896448766043,1.130424617878859
499,train,0,1,1,-297.18407139632654,-689.5574710774968,0.0,0.0,0.0,0.0,0.0,-691.6409936428469,0.5,0.8255113094342403,0.7120928097849194
499,train,0,2,1,-49.53067856605442,-232.7782390577046,0.0,0.0,0.0,0.0,0.0,-212.44532579106303,0.5,0.8255113094342403,0.7120928097849194
500,train,1,0,0,-62.070008033909765,624.8393255349258,0.14285714285714285,131.90721978600186,-151.92135319885494,0.047619047619047616,0.2857142857142857,-4.172082922695239,0.5,1.034500133898496,1.324409231768876
500,train,0,2,1,0.0,-591.4721847081909,-0.42857142857142855,-107.69937482277457,148.03293792024462,0.0,-0.2857142857142857,4.172082922695239,0.5,1.034500133898496,1.324409231768876
501,test,0,1,0,-66.02385092305533,-195.9069313297707,-0.2857142857142857,-12.482618102974413,302.22068090240657,0.0,1.1428571428571428,-16.053359812798718,0.5,0.5501987576921278,0.9591974381757119
501,test,2,1,0,-99.035776384583,214.29446606995455,-0.2857142857142857,-37.02110099657847,188.51931431648939,0.0,0.7142857142857142,-26.698536637663643,0.5,0.5501987576921278,0.9591974381757119
502,train,0,1,0,180.0,-485.5786013820716,0.0,0.0,0.0,0.0,0.0,0.0,0.5,1.0,1.0
502,train,1,2,1,-600.0,-127.83904821294072,0.0,0.0,0.0,0.0,0.0,0.0,0.5,1.0,1.0
503,train,1,0,0,268.89173553897183,756.5201248650166,0.0,0.0,-22.596182222429036,0.0,0.0,0.0,0.5,0.640218417949933,1.1279440722178058
503,train,0,2,1,-806.6752066169155,-1172.2607047689453,-0.6666666666666666,0.0,317.72227798614455,0.0,0.0,0.0,0.5,0.640218417949933,1.1279440722178058
504,train,0,2,0,71.54381806058633,-75.81571419656633,0.0,0.0,-49.06282476533602,0.0,3.9999999999999996,0.0,0.5,0.5961984838382194,0.5012490503100243
504,train,2,1,1,35.771909030293166,-303.5846065803229,0.0,0.0,-182.86633635852456,0.0,0.0,0.0,0.5,0.5961984838382194,0.5012490503100243
505,train,1,0,0,660.0,1812.0676801057834,0.0,0.0,0.0,0.0,0.0,0.0,0.5,1.0,1.0
505,train,0,2,1,0.0,-415.5558867995296,0.0,0.0,0.0,0.0,0.0,0.0,0.5,1.0,1.0
506,validation,2,0,1,120.0,284.15527011168615,0.0,-301.7527567902106,0.0,0.0,-0.6666666666666667,0.0,0.5,1.0,1.0
506,validation,1,2,0,120.0,-225.51415060255658,0.0,604.590531160667,0.0,0.0,2.9999999999999996,0.0,0.5,1.0,1.0
507,test,0,1,1,-68.3470354379426,-2349.173688857123,0.0,-17.502337685116515,9.496294577848971,0.0,-0.33333333333333304,0.0,0.5,0.5695586286495216,1.622337694841917
507,test,2,0,0,170.86758859485647,2257.985548679225,0.0,141.35462080770043,694.8880329424981,0.0,-0.3333333333333335,0.0,0.5,0.5695586286495216,1.622337694841917
508,train,1,0,0,137.5787749229669,253.88960543553614,0.13333333333333336,434.87105062001484,52.714694656178665,0.0,-0.33333333333333326,0.0,0.5,0.7643265273498161,0.5197739852081323
508,train,0,2,1,-137.5787749229669,-403.9897038967474,0.06666666666666667,-102.1050838137246,-14.0040223205352,0.0,0.33333333333333326,-60.7601817462646,0.5,0.7643265273498161,0.5197739852081323
509,train,0,1,0,-120.0,-171.6080167479604,-0.06666666666666667,100.32523963466781,79.46142853910173,0.0,-0.2666666666666666,37.772136116718535,0.5,1.0,1.0
509,train,2,1,0,120.0,-84.54912487645879,0.0,94.81173194617224,227.92984029691803,0.0,-0.5333333333333333,57.729874516797764,0.5,1.0,1.0
510,train,1,0,1,60.0,217.4893560568048,0.0,0.0,0.0,0.0,0.0,0.0,0.5,1.0,1.0
510,train,2,1,0,60.0,-873.8092046182014,0.0,0.0,0.0,0.0,0.0,0.0,0.5,1.0,1.0
511,train,0,1,1,-30.23543925829095,-358.51711294160924,-0.5,0.0,0.0,0.0,0.0,-46.602593438415745,0.5,0.5039239876381825,1.425671354420304
511,train,2,0,0,90.70631777487284,876.7055168910504,0.5,0.0,0.0,0.0,0.9999999999999999,80.56212866343145,0.5,0.5039239876381825,1.425671354420304
512,train,1,0,1,-70.92093071655098,571.9500873616399,0.0,-83.11341749700046,0.0,0.0,0.0,-8.707422177868352,0.5,0.5910077559712582,1.3010059459261192
512,train,1,2,1,-106.38139607482648,-1153.0992451834343,0.0,71.14192967671556,0.0,0.0,0.0,-66.26257223407447,0.5,0.5910077559712582,1.3010059459261192
513,train,0,1,0,0.0,2292.622089838534,0.0,0.0,-306.7606570433725,0.0,0.0,0.0,0.5,0.7298996388419675,1.5066948108767007
513,train,1,2,1,-175.1759133220722,-2566.539992405401,0.0,0.0,22.153440313537203,0.0,0.0,0.0,0.5,0.7298996388419675,1.5066948108767007
514,test,0,1,0,0.0,-188.98281442403822,0.47619047619047616,285.27608229129805,-7.702945741456665,-0.2857142857142857,-0.19047619047619047,7.367245603209813,0.5,0.8160661521007522,1.7865400820021622
514,test,2,1,0,146.8919073781354,1160.8817703557154,0.23809523809523808,154.367844542021,12.889422008217675,0.0,0.19047619047619047,-15.285373285551795,0.5,0.8160661521007522,1.7865400820021622
515,test,1,0,1,180.0,204.00560861690064,0.0,0.0,0.0,0.0,0.0,0.0,0.5,1.0,1.0
515,test,2,1,0,-240.0,-725.7971022152428,0.0,0.0,0.0,0.0,0.0,0.0,0.5,1.0,1.0
516,train,1,0,1,97.55692862012168,-475.0580552580924,-0.19047619047619047,101.2775472935449,-27.832130101421,-0.09523809523809523,0.5714285714285713,-137.03696431319133,0.5,0.8129744051676807,0.7381482283679744
516,train,2,1,0,-146.33539293018254,133.67276467549388,0.19047619047619047,69.76803723708753,-109.2247880856504,0.047619047619047616,0.0,41.71301470728355,0.5,0.8129744051676807,0.7381482283679744
517,train,0,2,0,334.9491251253891,362.9823942735531,-0.4761904761904761,91.67673820283333,34.43220211494139,0.0,0.0,-8.333683221467545,0.5,1.8608284729188285,0.8482485075967146
517,train,1,2,0,111.6497083751297,-145.33556782525247,-0.7142857142857142,187.60848947498124,62.39134219852576,0.0,0.0,-14.273376567537829,0.5,1.8608284729188285,0.8482485075967146
518,train,1,0,1,-87.81093952857796,-1267.3305373209935,0.0,0.0,0.0,0.0,-2.0,-155.23883598276976,0.5,1.4635156588096327,1.1247901628136072
518,train,1,2,1,0.0,-1385.4448759805427,0.0,0.0,0.0,0.0,-2.666666666666666,-291.6759044989076,0.5,1.4635156588096327,1.1247901628136072
519,test,1,0,0,385.8770399561094,1069.3264444812748,0.2,335.58470471235904,0.0,1.0,0.33333333333333326,8.075542888353866,0.5,1.6078209998171225,0.5757174002169902
519,test,0,2,1,-289.40777996708204,-944.8338276269144,-0.2,-366.12310597781794,0.0,-0.2,-1.333333333333333,104.1887492927011,0.5,1.6078209998171225,0.5757174002169902
520,train,1,0,0,112.78289180056962,-656.8312117777015,0.0,0.0,0.0,0.0,0.0,0.0,0.5,0.9398574316714134,1.411329039119972
520,train,2,0,0,112.78289180056962,243.23910089871293,0.0,0.0,0.0,0.0,0.0,0.0,0.5,0.9398574316714134,1.411329039119972
521,train,0,2,0,180.0,66.659638415897,0.0,0.0,0.0,0.0,0.0,0.0,0.5,1.0,1.0
521,train,1,2,0,-60.0,-81.43095579806959,0.0,0.0,0.0,0.0,0.0,0.0,0.5,1.0,1.0
522,train,0,2,0,0.0,811.3801856532302,0.0,240.65262025941013,0.0,0.0,0.0,47.765121378923155,0.5,0.5426614133259884,1.052049902429415
522,train,2,1,1,0.0,211.08249008702538,-0.5,-48.99091106924027,0.0,0.0,0.0,6.528710149822146,0.5,0.5426614133259884,1.052049902429415
523,train,0,1,0,-62.0230579218923,-1049.6226962748106,-0.5714285714285714,10.39809300520858,-2.288190307789769,0.8571428571428571,-0.09523809523809523,-7.2828107829247015,0.5,0.5168588160157692,1.4239674267255717
523,train,1,2,1,62.0230579218923,-994.8009657981091,0.5714285714285714,-84.45782979202465,-16.3378016575841,0.0,0.19047619047619047,-30.151356406997436,0.5,0.5168588160157692,1.4239674267255717
524,train,1,0,0,75.3623890467985,1673.3531286147568,0.0,0.0,0.0,1.0,0.0,0.0,0.5,0.6280199087233208,1.8591503239008806
524,train,2,0,0,0.0,-123.11778092755974,0.0,0.0,0.0,1.0,0.0,0.0,0.5,0.6280199087233208,1.8591503239008806
525,train,0,1,1,-120.0,-423.9559077852098,0.0,50.51451844674983,31.546078045153227,0.0,0.0,-32.49385300026379,0.5,1.0,1.0
525,train,0,2,1,-60.0,-17.644309398697033,0.0,-100.02500282756529,-15.06353590390399,0.0,0.2,-44.61626018771744,0.5,1.0,1.0
526,test,0,2,0,60.0,217.60745262143064,0.0,0.0,0.0,0.0,0.0,0.0,0.5,1.0,1.0
526,test,1,2,0,60.0,-625.2349660679383,0.0,0.0,0.0,0.0,0.0,0.0,0.5,1.0,1.0
527,train,2,0,1,-233.03766914071184,-1831.044936390284,0.0,-269.0745629503118,-75.87050530205366,-0.06666666666666667,1.0,-51.400451030777106,0.5,0.6473268587241996,1.0942990838760214
527,train,2,1,1,0.0,-682.2744005090016,0.0,-402.59756199449754,-3.154441396008643,0.06666666666666667,0.0,-211.76052800039554,0.5,0.6473268587241996,1.0942990838760214
528,train,1,0,0,203.3487891680498,3200.9283867006066,0.0,0.0,218.6556911264652,1.5,1.6666666666666665,0.0,0.5,1.6945732430670817,1.6616900876071314
528,train,2,0,0,305.0231837520747,2995.821217223403,0.0,0.0,118.38595802088437,0.5,0.0,0.0,0.5,1.6945732430670817,1.6616900876071314
529,test,1,0,1,91.90712115325049,-420.7217996483284,0.0,0.0,0.0,-0.6666666666666666,-2.0,0.0,0.5,1.5317853525541747,1.0985172867455104
529,test,1,2,1,643.3498480727534,1478.1538447840683,0.0,0.0,0.0,-1.3333333333333333,0.0,0.0,0.5,1.5317853525541747,1.0985172867455104
530,test,0,1,0,64.78337343456842,1248.8412644473947,0.0,0.0,0.0,1.0,0.0,0.0,0.5,0.5398614452880701,1.5192810897365256
530,test,2,1,0,97.17506015185262,3022.710816670699,0.0,0.0,0.0,1.0,0.0,0.0,0.5,0.5398614452880701,1.5192810897365256
531,train,0,2,0,60.0,-430.5905626585177,0.6,-328.41412348410574,0.0,0.0,0.1,-13.22360238179133,0.5,1.0,1.0
531,train,1,2,0,-60.0,-758.1634338186755,0.0,-438.63089151878495,0.0,0.0,0.30000000000000004,-13.807869961699769,0.5,1.0,1.0
532,train,1,0,0,954.1744692867838,187.3815361694125,0.0,20.34658460864354,464.64375713340564,0.0,-1.6,0.0,0.5,1.5902907821446397,0.9554281885327525
532,train,2,0,0,381.66978771471355,32.42704237773319,0.0,251.73475218030006,229.17996445768375,0.0,-1.2000000000000002,0.0,0.5,1.5902907821446397,0.9554281885327525
533,validation,1,0,1,-456.099603965927,-2067.268668241399,0.0,0.0,243.67622211528425,0.0,-0.6666666666666665,-23.2113049148443,0.5,1.5203320132197566,0.7684926841680942
533,validation,1,2,1,-364.8796831727416,-598.8059120839189,-0.06666666666666668,0.0,129.67795098861413,0.0,0.33333333333333326,10.237084293078823,0.5,1.5203320132197566,0.7684926841680942
534,train,1,0,1,-71.1898046992002,138.64834372103488,0.5,302.78745877969993,0.0,0.0,-1.3333333333333333,0.0,0.5,0.593248372493335,0.6726379149761441
534,train,2,1,0,0.0,337.0889651305727,0.5,-135.11285703274336,0.0,0.0,0.0,0.0,0.5,0.593248372493335,0.6726379149761441
535,train,2,0,1,-414.198898476682,-781.0837112918774,0.0,410.3032681017345,0.0,0.0,0.6666666666666667,0.0,0.5,0.9861878535159095,1.2333946002994947
535,train,1,2,0,59.17127121095457,18.36397681123239,0.0,277.8305075053247,0.0,0.0,2.666666666666666,0.0,0.5,0.9861878535159095,1.2333946002994947
536,train,0,1,1,-94.24667574785322,-329.6204046854122,0.0,37.954829035016644,0.0,-0.6666666666666666,0.0,0.0,0.5,0.523592643043629,0.5593397946024118
536,train,2,0,0,157.0777929130887,1004.476018415021,-1.0,210.57305791376072,0.0,0.3333333333333333,0.0,0.0,0.5,0.523592643043629,0.5593397946024118
537,train,1,0,1,108.62833286016047,253.2557069343763,-1.3333333333333333,0.0,-111.23070144205207,0.0,0.0,70.82238403147682,0.5,1.810472214336008,0.5324250923968158
537,train,1,2,1,217.25666572032094,-230.08223233190958,-0.6666666666666666,0.0,-34.33284032484522,0.0,0.0,-184.48572651497113,0.5,1.810472214336008,0.5324250923968158
538,test,0,1,1,0.0,233.48858295806113,0.0,0.0,0.0,0.0,0.16666666666666674,-102.21458422251331,0.5,1.4754009579777465,1.543075629493194
538,test,0,2,1,-354.09622991465915,-552.296145989572,0.0,0.0,0.0,0.0,0.0,-139.9495965913478,0.5,1.4754009579777465,1.543075629493194
539,train,2,0,1,230.53986346042674,157.05617572219805,0.0,0.0,0.0,0.0,0.0,-86.46189462977392,0.5,1.280777019224593,0.5754789054020758
539,train,2,1,1,-461.0797269208535,-1074.8856276897234,0.0,0.0,0.0,0.0,-3.666666666666666,-299.7533172529369,0.5,1.280777019224593,0.5754789054020758
540,train,0,1,0,0.0,-418.36398717196386,0.8,0.0,-44.91879482279681,0.2,-0.6000000000000001,0.0,0.5,0.7246393813719615,1.1720431873898063
540,train,1,2,1,0.0,-176.62125762942432,0.4,0.0,72.57520458137387,-0.2,1.5,0.0,0.5,0.7246393813719615,1.1720431873898063
541,train,0,2,0,-162.33015600174974,-275.0073190522696,0.0,0.0,0.0,0.0,0.0,105.75436960519136,0.5,0.9018342000097208,1.0353722353996164
541,train,2,1,1,108.2201040011665,590.1225346037254,0.0,0.0,0.0,0.0,0.0,-132.75928035401557,0.5,0.9018342000097208,1.0353722353996164
542,validation,0,1,1,0.0,-68.59221992074526,0.0,-873.6402029238402,274.06469664897713,0.0,0.0,0.0,0.5,1.0,1.0
542,validation,2,0,0,240.0,162.44650951598396,0.0,2760.3332664911586,38.653857937190764,0.0,0.0,0.0,0.5,1.0,1.0
543,train,0,1,1,180.0,716.0715497950623,0.0,0.0,0.0,0.0,0.0,0.0,0.5,1.0,1.0
543,train,0,2,1,120.0,1215.922003957874,0.0,0.0,0.0,0.0,0.0,0.0,0.5,1.0,1.0
544,train,1,0,1,679.4133916198097,768.3043444277265,0.0,0.0,-45.441389495157466,0.1,-0.8999999999999999,-24.60552707883849,0.5,0.8088254662140592,0.6279663315199308
544,train,2,1,0,-485.2952797284355,69.8967836546276,0.0,0.0,-48.92503982529979,0.6000000000000001,0.6000000000000001,186.23456074642982,0.5,0.8088254662140592,0.6279663315199308
545,test,0,1,0,420.0,3635.2483062656975,0.0,-19.39054458547315,-153.65425157371658,0.06666666666666667,0.0,136.3884592830317,0.5,1.0,1.0
545,test,1,2,1,-420.0,-2464.4200760452923,0.5333333333333334,-322.68156945557666,18.875944796735695,0.0,0.0,-51.19208327427694,0.5,1.0,1.0
546,train,0,1,1,-358.9406799110642,-1454.2444751152914,0.1,-172.09011283867483,0.0,-0.4000000000000001,0.0,15.009976740120464,0.5,0.9970574441974006,1.1284949839604768
546,train,0,2,1,0.0,-1551.3244850324559,0.1,-359.2412926229931,0.0,0.2,0.0,114.68057761386474,0.5,0.9970574441974006,1.1284949839604768
547,train,2,0,1,-900.0,-1996.1574169382839,0.0,0.0,0.0,0.0,0.0,0.0,0.5,1.0,1.0
547,train,2,1,1,-480.0,473.23087335323726,0.0,0.0,0.0,0.0,0.0,0.0,0.5,1.0,1.0
548,test,0,1,0,368.53116539904846,855.7447864926693,0.3999999999999999,242.65048164934387,0.0,0.0,-0.7999999999999998,-15.059864012012596,0.5,0.8774551557120202,0.6771778304919132
548,test,1,2,1,-52.64730934272121,15.743870219555577,0.0,-1168.6697719257786,0.0,0.0,0.7999999999999998,-2.63458345995096,0.5,0.8774551557120202,0.6771778304919132
549,test,0,2,0,-185.92761570273038,24.061905877179417,0.0,0.0,0.0,0.0,1.333333333333333,0.0,0.5,1.032931198348502,0.8878607321332009
549,test,2,1,1,61.97587190091013,218.02335965920872,-0.3333333333333333,0.0,0.0,0.0,0.0,0.0,0.5,1.032931198348502,0.8878607321332009
550,train,1,0,0,-240.0,-454.32335916183456,0.0,1874.7521574817724,0.0,0.0,0.0,0.0,0.5,1.0,1.0
550,train,2,0,0,-120.0,111.5665153683185,0.0,1918.4588573750166,0.0,0.0,0.0,0.0,0.5,1.0,1.0
551,train,1,0,1,-1509.4581163468704,-2090.2495818665625,0.0,0.0,-355.9065608837901,0.0,0.0,0.0,0.5,1.677175684829856,1.0759436858293407
551,train,2,1,0,603.7832465387481,1179.2471027820711,0.0,0.0,552.9073514136414,0.0,0.0,0.0,0.5,1.677175684829856,1.0759436858293407
552,validation,0,1,0,-40.99615890802323,935.7720005105174,0.0,116.39417926212492,118.71005720023436,0.0,-0.2857142857142857,79.90957104094241,0.5,0.6832693151337206,1.431449460792226
552,validation,2,1,0,0.0,375.7805742265165,0.2857142857142857,48.499920036325456,88.1691586174002,-0.23809523809523808,-0.19047619047619047,55.999983678332796,0.5,0.6832693151337206,1.431449460792226
553,validation,0,1,1,64.1618543532496,74.28604987602633,0.0,-53.34453631681444,-31.52606334839985,0.0,0.06666666666666668,12.969359776444662,0.5,1.0693642392208267,0.8104703691030829
553,validation,0,2,1,64.1618543532496,-291.6530200882651,0.0,-98.47185284049743,-54.14233574114651,-0.4,-0.1333333333333333,46.35314304953663,0.5,1.0693642392208267,0.8104703691030829
554,train,0,2,0,35.246547251607076,352.7583074389671,-0.2857142857142857,0.7163426905584345,-17.067061135557154,0.09523809523809523,-0.23809523809523814,13.912002051073088,0.5,0.5874424541934513,1.021286702894497
554,train,2,1,1,0.0,-607.2708676023691,-0.8571428571428571,73.38356912734656,13.109901149877857,-0.14285714285714285,-0.47619047619047605,10.673061038072262,0.5,0.5874424541934513,1.021286702894497
555,test,0,1,0,0.0,98.63800923468271,0.0,-42.20272018442486,97.65992774739897,-0.09523809523809523,0.047619047619047616,14.030113578935424,0.5,0.5029990151964586,0.8087872040519706
555,test,2,1,0,30.17994091178752,-411.5042673186701,1.1428571428571428,33.699893675847505,-28.348704174482556,0.09523809523809523,0.14285714285714285,2.6850296005636762,0.5,0.5029990151964586,0.8087872040519706
556,validation,2,0,1,-300.0,-1097.3949277629636,0.0,62.235407322708625,-511.3564086788772,0.0,0.0,0.0,0.5,1.0,1.0
556,validation,1,2,0,360.0,-198.06410085502284,0.0,76.57951783899182,414.23157366777775,0.0,0.0,0.0,0.5,1.0,1.0
557,test,0,1,0,64.76826028754533,1052.8163437668154,0.23809523809523808,-75.0719766363022,76.51127188946437,0.09523809523809523,0.0,-16.33367826866187,0.5,1.079471004792422,0.7746353825071285
557,test,1,2,1,0.0,185.02037081599318,-0.23809523809523808,149.9041396516534,-15.346171198487017,-0.09523809523809523,0.2857142857142858,-66.67736878743091,0.5,1.079471004792422,0.7746353825071285
558,train,2,0,1,97.63047453124092,-93.96643163269643,-0.14285714285714285,18.428452457601878,-2.930638236304013,-0.047619047619047616,-0.23809523809523803,18.435484395142613,0.5,0.8135872877603411,0.8198330202747622
558,train,2,1,1,244.07618632810232,-6.426620323928802,0.0,-40.000376203506434,-107.50373700876348,0.0,0.23809523809523808,-26.93298693890464,0.5,0.8135872877603411,0.8198330202747622
559,train,1,0,0,142.30916759180403,562.7167387870231,2.0,0.0,-18.29244125621787,0.0,0.0,0.0,0.5,0.7906064866211334,0.549557222715244
559,train,2,0,0,569.2366703672161,1203.9446643251235,0.6666666666666666,0.0,133.17560102647337,0.0,0.0,0.0,0.5,0.7906064866211334,0.549557222715244
560,train,0,2,0,541.3227295696108,1549.3275807726554,0.0,102.75955190203425,-278.0927595152926,0.0,4.8,155.63733900709605,0.5,0.694003499448219,0.8671470707334704
560,train,2,1,1,-374.7618897020383,-2588.4365085964773,0.0,-34.39180979357272,-448.82698355449213,0.0,-3.2,39.82652999583099,0.5,0.694003499448219,0.8671470707334704
561,train,1,0,0,498.1937923521912,1385.5227592970878,0.0,69.46359206668393,141.46659751607297,0.0,-0.5714285714285716,45.056751519517256,0.5,0.638709990195117,1.6294623642212038
561,train,0,2,1,-229.9355964702421,-2170.385546862344,0.09523809523809523,-27.408186203782037,-16.30596684035524,-0.38095238095238093,0.8571428571428572,0.0,0.5,0.638709990195117,1.6294623642212038
562,train,1,0,1,-90.99312619554112,-1033.4177857016325,0.3333333333333333,-170.19723375099437,0.0,-1.5,0.0,0.0,0.5,0.5055173677530063,0.5019869706799691
562,train,1,2,1,-30.331042065180377,-40.50746324324737,-0.3333333333333333,157.78149402520827,0.0,-1.0,0.0,0.0,0.5,0.5055173677530063,0.5019869706799691
563,test,0,1,1,-183.62097881358864,-1688.603987164969,0.2,0.0,0.0,0.0,-0.40000000000000036,-68.87994917174917,0.5,0.6120699293786288,1.427889503379874
563,test,2,0,0,-110.17258728815318,-286.4125658882448,0.2,0.0,0.0,0.2,0.40000000000000036,83.3902451570181,0.5,0.6120699293786288,1.427889503379874
564,train,0,2,0,720.0,-52.44240073300716,0.0,0.0,0.0,0.0,0.0,0.0,0.5,1.0,1.0
564,train,2,1,1,60.0,729.6867845064253,0.0,0.0,0.0,0.0,0.0,0.0,0.5,1.0,1.0
565,validation,0,1,0,300.89691378745607,-245.84583688568227,0.0,0.0,0.0,0.0,0.0,184.68333835612498,0.5,1.253737140781067,0.9769553304052832
565,validation,2,1,0,376.1211422343201,507.10702704244267,0.0,0.0,0.0,0.0,0.0,217.31573415294395,0.5,1.253737140781067,0.9769553304052832
566,validation,1,0,0,41.891130625475924,813.2978213002075,-0.09523809523809523,217.84713512429272,196.85620844718318,0.19047619047619047,0.047619047619047616,-26.15336575368009,0.5,0.6981855104245988,1.1057125199166362
566,validation,2,0,0,83.78226125095185,573.7513029642254,0.0,30.76553160333944,155.5700350421477,0.0,-0.047619047619047616,14.373760781877237,0.5,0.6981855104245988,1.1057125199166362
567,train,1,0,0,147.62172800940996,1122.8702108764217,0.0,6.888252742449197,8.13026385007963,-0.4,1.2000000000000002,0.0,0.5,0.6150905333725415,1.3259205573240542
567,train,0,2,1,-73.81086400470498,-655.9275452105996,0.0,-35.072665023273714,-264.0448062789913,0.8,-0.4,0.0,0.5,0.6150905333725415,1.3259205573240542
568,train,0,1,0,0.0,-22.149814094148233,0.0,0.0,0.0,0.3333333333333333,-1.5,61.96804097996002,0.5,1.2034321112743456,1.9299716980130186
568,train,2,1,0,216.6177800293822,768.5768723327858,0.0,0.0,0.0,0.0,-1.5,7.5336491941511525,0.5,1.2034321112743456,1.9299716980130186
569,train,0,1,0,-309.0081418683992,190.72568296502072,0.16666666666666666,233.19979908512718,-175.7047442472603,0.0,0.0,0.0,0.5,1.2875339244516635,0.8553722133979382
569,train,1,2,1,309.0081418683992,131.37139241810286,-0.16666666666666666,-88.54608048281747,-86.14147168832108,0.0,0.0,0.0,0.5,1.2875339244516635,0.8553722133979382
570,test,2,0,1,0.0,-80.78411814011939,0.0,-40.07883957510407,32.01394408041676,-0.2857142857142857,-1.6666666666666667,10.761409607239408,0.5,0.7251663810464065,0.6276166938930107
570,test,1,2,0,304.5698800394907,1237.670678092883,0.2857142857142857,266.9006462665496,-1.997571344356345,0.5714285714285714,0.23809523809523814,-17.48318546211172,0.5,0.7251663810464065,0.6276166938930107
571,train,1,0,0,60.0,96.86819073123297,0.0,816.7575849814663,308.5446645888992,0.0,0.0,0.0,0.5,1.0,1.0
571,train,0,2,1,-60.0,-305.41708012352865,0.0,-355.2067848614905,-91.78737274056309,0.0,0.0,0.0,0.5,1.0,1.0
572,validation,0,1,0,180.0,117.852870690082,0.0,0.0,0.0,0.0,0.0,0.0,0.5,1.0,1.0
572,validation,2,1,0,60.0,450.0882021965617,0.0,0.0,0.0,0.0,0.0,0.0,0.5,1.0,1.0
573,train,2,0,1,0.0,615.2895324130191,0.19047619047619047,24.52936663081539,-67.69669827965265,-0.19047619047619047,-0.09523809523809523,4.280080836486519,0.5,1.2414568938534285,0.5946133352135994
573,train,2,1,1,-148.97482726241142,311.5193901460354,0.19047619047619047,-109.186415373995,-74.31726895856022,-0.19047619047619047,-0.2857142857142857,-64.02320791446724,0.5,1.2414568938534285,0.5946133352135994
574,train,1,0,1,-550.0993294723039,-1036.9078496604075,-1.3333333333333333,-697.1596621338704,0.0,0.0,0.0,0.0,0.5,1.528053692978622,1.7896854831109483
574,train,2,1,0,550.0993294723039,403.0598326286276,0.6666666666666666,-109.78374791996438,0.0,0.0,0.0,0.0,0.5,1.528053692978622,1.7896854831109483
575,train,1,0,1,-125.86490896968776,-2136.053100772147,0.0,0.0,53.27247684220905,-0.5,-0.3333333333333335,0.0,0.5,0.6992494942760431,1.7400799797764968
575,train,2,1,0,251.72981793937552,2316.168692761404,0.0,0.0,57.81864118141887,0.0,-0.6666666666666665,0.0,0.5,0.6992494942760431,1.7400799797764968
576,train,1,0,0,-57.488917320432044,-25.58429464181876,0.0,0.0,85.03367774105541,0.0,2.3333333333333335,0.0,0.5,0.9581486220072007,0.6509838544828486
576,train,2,0,0,0.0,-175.71359954735033,0.0,0.0,461.1593212086637,0.0,0.6666666666666666,0.0,0.5,0.9581486220072007,0.6509838544828486
577,validation,0,1,0,240.0,2150.704542560542,-0.047619047619047616,33.77607311436833,77.61542824179666,0.09523809523809523,0.14285714285714285,-94.47651017719679,0.5,1.0,1.0
577,validation,1,2,1,-300.0,-1615.2531542198913,0.047619047619047616,-137.7310540786944,-57.915104053530555,-0.19047619047619047,-0.28571428571428564,-54.50822587595371,0.5,1.0,1.0
578,train,0,1,1,-151.7222351156589,-595.6820454956212,0.047619047619047616,-53.55670941698793,-83.9616322753428,0.0,-0.1428571428571428,-0.6553589595937233,0.5,0.6321759796485787,1.7148929047974355
578,train,2,0,0,227.58335267348835,475.427584405534,0.047619047619047616,231.93151668508966,-21.905562360946107,0.0,0.0,19.639529219044668,0.5,0.6321759796485787,1.7148929047974355
579,validation,1,0,1,237.51076507224082,363.0042831681092,-1.0,-40.2844259754639,0.0,0.0,0.1333333333333333,-57.924831265712754,0.5,1.9792563756020067,0.5580616149232778
579,validation,1,2,1,118.75538253612041,189.6180684074945,-0.3333333333333333,-44.082228157947775,0.0,-0.26666666666666666,0.2666666666666666,-124.40971816960582,0.5,1.9792563756020067,0.5580616149232778
580,train,2,0,1,-143.2333259612366,-127.92324191913556,0.0,0.0,0.0,0.0,0.0,-11.185744846479778,0.5,1.1936110496769716,1.025100476297661
580,train,2,1,1,-71.6166629806183,-25.65703362214224,0.0,0.0,0.0,-0.6666666666666666,0.0,45.04654456687737,0.5,1.1936110496769716,1.025100476297661
581,train,1,0,1,-213.76447094118708,-647.7442772370624,0.0,428.58613345642584,0.0,-0.6666666666666666,0.0,0.0,0.5,1.7813705911765592,1.803083663321101
581,train,1,2,1,213.76447094118708,1862.3000410798984,0.0,66.4431910814398,0.0,-0.6666666666666666,0.0,0.0,0.5,1.7813705911765592,1.803083663321101
582,test,0,1,1,66.24123200103745,-247.00063292091605,0.13333333333333333,-75.08602865574159,16.427061421630757,0.0,-0.9999999999999998,9.77625618528063,0.5,1.1040205333506241,1.473847986986503
582,test,2,0,0,-132.4824640020749,421.45310224309833,0.0,150.6027011619264,-28.236142810801322,0.0,1.3333333333333333,-15.191327604598897,0.5,1.1040205333506241,1.473847986986503
583,train,2,0,1,-34.89886709746956,-427.5734689574003,-0.7142857142857142,-167.38332660689446,-137.81951671623523,0.0,-0.047619047619047616,20.682601827955438,0.5,0.5816477849578261,0.6958711550742157
583,train,1,2,0,209.3932025848174,608.345511977075,0.0,192.94439690425537,217.27766966706758,0.19047619047619047,0.09523809523809523,-6.474133340248406,0.5,0.5816477849578261,0.6958711550742157
584,test,0,1,1,-310.8238390552655,-491.8045598002669,-1.0,0.0,0.0,0.0,0.0,0.0,0.5,1.2950993293969397,0.6947888680972817
584,test,2,0,0,77.70595976381638,38.67041578207327,2.0,0.0,0.0,0.0,0.0,0.0,0.5,1.2950993293969397,0.6947888680972817
585,train,1,0,0,-108.26092983605628,-987.6219223693545,0.0,0.0,0.0,0.0,0.0,0.0,0.5,0.6014496102003126,1.5264170968151065
585,train,2,0,0,-72.17395322403752,544.7468495134647,3.0,0.0,0.0,0.0,0.0,0.0,0.5,0.6014496102003126,1.5264170968151065
586,train,1,0,0,60.0,-37.16929034839268,0.0,631.292595697527,-79.09958801148943,0.0,0.0,0.0,0.5,1.0,1.0
586,train,0,2,1,-180.0,-917.3345073418072,0.0,-962.1337029628877,-150.28822698866838,0.0,0.0,0.0,0.5,1.0,1.0
587,train,1,0,0,0.0,-1097.5860131458894,0.0,66.33126868331215,0.0,-0.2,-0.13333333333333341,-23.804985502180593,0.5,1.0,1.0
587,train,0,2,1,0.0,-1527.760202817697,-0.8,-311.42477680928323,0.0,0.2,-0.1333333333333333,-13.393156821487388,0.5,1.0,1.0
588,train,1,0,0,349.67400640085566,352.55347729769034,0.26666666666666666,-14.771215684704885,6.7032586585212215,-0.06666666666666667,0.9999999999999999,0.0,0.5,0.9713166844468213,1.633388181365029
588,train,2,0,0,233.11600426723712,1087.9177468765065,0.0,-38.61207560014326,42.90603012058405,0.0,0.33333333333333337,0.0,0.5,0.9713166844468213,1.633388181365029
589,train,2,0,1,201.31385717491054,499.52106077494113,0.0,0.0,0.0,0.0,0.0,-387.57495952818556,0.5,1.118410317638392,0.6122772302665738
589,train,2,1,1,-67.10461905830351,-491.7573797131926,0.0,0.0,0.0,0.0,0.0,-304.00805797942274,0.5,1.118410317638392,0.6122772302665738
590,train,1,0,1,-93.97016643834563,-380.20941502415315,-0.3333333333333333,0.0,0.0,0.0,-2.6666666666666665,0.0,0.5,1.5661694406390938,1.8852092418900352
590,train,2,1,0,93.97016643834563,31.82956472864277,0.0,0.0,0.0,0.0,2.0,0.0,0.5,1.5661694406390938,1.8852092418900352
591,train,1,0,1,-960.0,-1347.4839602122534,0.0,0.0,0.0,0.0,0.0,0.0,0.5,1.0,1.0
591,train,2,1,0,600.0,708.007270500812,0.0,0.0,0.0,0.0,0.0,0.0,0.5,1.0,1.0
592,test,1,0,0,292.05653774922536,2176.26640058319,0.0,200.3067391842648,418.0717111771081,0.0,0.0,0.0,0.5,1.6225363208290298,1.506144194542205
592,test,0,2,1,-486.76089624870895,-1164.5032707122919,0.0,-17.839720434709022,-1160.7778916264638,0.0,0.0,0.0,0.5,1.6225363208290298,1.506144194542205
593,test,0,2,0,0.0,1413.163277332085,1.1428571428571428,17.131727589623722,-33.223038709111506,0.19047619047619047,0.09523809523809523,-38.04708156089105,0.5,1.9697722348055722,1.39876644852385
593,test,1,2,0,0.0,650.3014856132476,0.2857142857142857,-10.93676005873246,-1.5629163659911,0.19047619047619047,0.14285714285714285,0.13446273938303221,0.5,1.9697722348055722,1.39876644852385
594,train,0,2,0,-300.0,894.449348302277,0.0,0.0,0.0,0.0,0.0,0.0,0.5,1.0,1.0
594,train,2,1,1,180.0,-3368.9147292879297,0.0,0.0,0.0,0.0,0.0,0.0,0.5,1.0,1.0
595,train,2,0,1,151.161308118828,-1722.778069886195,-0.6000000000000001,-62.71932802740825,0.0,0.0,-1.2000000000000002,-60.6156619757775,0.5,1.2596775676569,0.6773147108948586
595,train,2,1,1,-302.322616237656,-1952.909025207725,0.0,-167.2028139116286,0.0,0.0,-2.4000000000000004,80.87875240258276,0.5,1.2596775676569,0.6773147108948586
596,validation,1,0,0,0.0,375.3195066508641,0.0,-120.99599982855511,-76.33028193669836,0.0,0.0,0.0,0.5,1.1592244531060467,0.5565397913890848
596,validation,0,2,1,-208.6604015590884,-348.6460781076094,-0.1,147.7868419275064,-23.24670761025115,-0.4,0.0,0.0,0.5,1.1592244531060467,0.5565397913890848
597,validation,2,0,1,-1129.8186883141789,-624.161856223575,0.0,0.0,-166.3480617898891,0.0,0.0,42.891959666585095,0.5,1.883031147190298,1.4537243393750803
597,validation,1,2,0,451.92747532567154,-1031.022946419712,-1.0,0.0,305.1147339621974,0.0,0.0,28.76814291925058,0.5,1.883031147190298,1.4537243393750803
598,train,2,0,1,-56.07215766710823,43.657335838423435,0.0,-91.5587260855535,3.626870175601585,-0.2,0.0,0.0,0.5,0.9345359611184705,0.713060682457318
598,train,2,1,1,-112.14431533421646,78.0313113330624,0.0,34.74348399118361,20.97185407302079,0.2,-0.6666666666666667,0.0,0.5,0.9345359611184705,0.713060682457318
599,train,1,0,1,-60.0,-3654.6260356565554,0.0,0.0,0.0,0.0,0.0,0.0,0.5,1.0,1.0
599,train,1,2,1,-300.0,-2992.1498385121986,0.0,0.0,0.0,0.0,0.0,0.0,0.5,1.0,1.0
600,test,0,1,1,-66.73398825781554,196.4351527959787,-0.2857142857142857,26.59701696508096,-35.749998367834785,-0.2857142857142857,0.19047619047619047,3.440447661290108,0.5,0.5561165688151295,0.5295581598240896
600,test,0,2,1,-33.36699412890777,315.05583904249636,-0.42857142857142855,-1.7350970883257162,-124.72837350869148,0.0,0.19047619047619047,-0.9769643469881544,0.5,0.5561165688151295,0.5295581598240896
601,train,1,0,0,300.0,-69.37045964174104,0.0,0.0,0.0,0.0,0.0,0.0,0.5,1.0,1.0
601,train,2,0,0,120.0,1639.9181241776023,0.0,0.0,0.0,0.0,0.0,0.0,0.5,1.0,1.0
602,train,0,1,1,-111.89167555072306,-257.09608521642775,0.0,0.0,0.0,0.0,0.0,-131.60860824632366,0.5,1.8648612591787177,0.7516422122669958
602,train,2,0,0,447.56670220289226,60.27135956797429,0.0,0.0,0.0,0.0,0.0,182.23732761811291,0.5,1.8648612591787177,0.7516422122669958
603,train,2,0,1,42.01603816832838,-452.58492399883755,0.0,0.0,0.0,0.0,0.3333333333333335,-124.8664842389496,0.5,0.700267302805473,1.768051404051824
603,train,1,2,0,336.12830534662703,665.1778417210768,0.0,0.0,0.0,0.0,-0.6666666666666665,264.68583654642975,0.5,0.700267302805473,1.768051404051824
604,train,0,1,1,101.27131711056921,372.20964460743204,0.0,0.0,0.0,-1.0,0.0,0.0,0.5,0.8439276425880767,1.7202108552516275
604,train,2,0,0,-50.63565855528461,-1008.9478077001896,0.0,0.0,0.0,0.0,0.0,0.0,0.5,0.8439276425880767,1.7202108552516275
605,train,0,1,0,0.0,-291.2196813606262,0.0,0.0,624.046354570689,0.0,0.0,0.0,0.5,1.272818057312278,0.7101898238175188
605,train,2,1,0,229.10725031621004,145.40295803090982,0.0,0.0,1043.4112205460551,0.0,0.0,0.0,0.5,1.272818057312278,0.7101898238175188
606,train,0,1,0,-120.0,-402.4120713189218,0.0,0.0,0.0,0.0,0.0,0.0,0.5,1.0,1.0
606,train,1,2,1,300.0,541.4169643358946,0.0,0.0,0.0,0.0,0.0,0.0,0.5,1.0,1.0
607,train,2,0,1,0.0,96.10153514841042,0.0,0.0,0.0,-0.3333333333333333,-0.6666666666666665,0.0,0.5,1.0956653000623846,0.7823880067324008
607,train,2,1,1,65.73991800374307,-254.86296000898508,0.0,0.0,0.0,0.0,-2.0,0.0,0.5,1.0956653000623846,0.7823880067324008
608,train,1,0,1,-30.117468943129175,445.70756037238993,-0.13333333333333333,0.0,55.47679689219484,-0.26666666666666666,0.13333333333333336,-92.15946246505484,0.5,0.5019578157188196,1.7491257827403965
608,train,1,2,1,-60.23493788625835,206.27251000339461,-0.26666666666666666,0.0,81.26500793663956,0.0,-0.06666666666666665,-66.01129813225403,0.5,0.5019578157188196,1.7491257827403965
609,train,0,1,0,240.0,-1810.4419206197044,0.0,0.0,0.0,0.0,0.0,0.0,0.5,1.0,1.0
609,train,1,2,1,-600.0,525.1769190170444,0.0,0.0,0.0,0.0,0.0,0.0,0.5,1.0,1.0
610,train,1,0,1,-55.28798624622173,120.04298239978641,0.0,0.0,0.0,-1.3333333333333333,0.6666666666666666,0.0,0.5,0.9214664374370288,1.7796011131282443
610,train,2,1,0,55.28798624622173,-276.48729668806953,0.0,0.0,0.0,1.3333333333333333,0.9999999999999998,0.0,0.5,0.9214664374370288,1.7796011131282443
611,train,0,2,0,87.62459630628197,-203.36488869725852,0.0,0.0,69.93646363120413,0.0,0.0,37.42253634790447,0.5,1.460409938438033,1.6667786509240519
611,train,2,1,1,-87.62459630628197,-83.60673460370232,0.0,0.0,89.7210343702844,0.0,0.0,-137.1818970860344,0.5,1.460409938438033,1.6667786509240519
612,train,1,0,0,476.43899191087127,-367.5643254341521,0.0,0.0,0.0,1.0,0.0,0.0,0.5,1.985162466295297,1.6166917476426652
612,train,2,0,0,119.10974797771782,-800.755486401707,0.0,0.0,0.0,0.0,0.0,0.0,0.5,1.985162466295297,1.6166917476426652
613,validation,0,2,0,189.10138293073598,479.5232797409049,0.5714285714285714,393.17783922708406,-72.44558192122835,0.0,0.0,37.0754214377838,0.5,1.5758448577561333,1.4720050016232986
613,validation,2,1,1,-189.10138293073598,57.8579140025475,-0.2857142857142857,-134.22564624684833,47.343062175741,0.0,0.0,0.0,0.5,1.5758448577561333,1.4720050016232986
614,train,1,0,0,317.4117996288025,691.7343360001114,0.0,242.562362952601,0.0,0.1,-0.20000000000000018,0.0,0.5,1.7633988868266806,0.9746148611539991
614,train,0,2,1,-211.60786641920166,-416.15619308052794,0.0,-642.4925519022187,0.0,-0.2,0.40000000000000013,0.0,0.5,1.7633988868266806,0.9746148611539991
615,train,0,2,0,60.0,67.58369459828964,0.0,477.3925775329634,-59.54601307614032,0.1,-0.4000000000000001,0.0,0.5,1.0,1.0
615,train,1,2,0,-60.0,-451.854724071256,0.0,-36.58377106289248,19.740479190274073,0.0,0.0,0.0,0.5,1.0,1.0
616,train,1,0,1,-164.3744558570122,-1681.0921452232192,0.13333333333333336,-622.5273352820046,37.57079936278831,0.0,0.5333333333333334,-70.1613700261766,0.5,0.5479148528567074,1.7324585608288727
616,train,2,1,0,328.7489117140244,1096.7185415241574,-0.06666666666666668,275.4730264450857,-161.34703122428277,0.0,-0.26666666666666683,153.48036535012565,0.5,0.5479148528567074,1.7324585608288727
617,train,1,0,1,-261.1610756325216,-1883.4655358387188,0.0,0.0,-182.6862184824392,0.0,-0.49999999999999994,51.185873589050175,0.5,0.54408557423442,1.439561018505002
617,train,1,2,1,-489.67701681097805,-5370.946287925696,0.0,0.0,-378.95536432250157,0.0,-0.8333333333333333,-98.17114338368339,0.5,0.54408557423442,1.439561018505002
618,train,1,0,0,120.0,-206.4982440813751,0.0,0.0,0.0,0.0,0.0,0.0,0.5,1.0,1.0
618,train,0,2,1,60.0,639.5468242463016,0.0,0.0,0.0,0.0,0.0,0.0,0.5,1.0,1.0
619,train,2,0,1,-108.08180138166124,-554.4319317747023,-0.09523809523809523,52.536597716197235,-220.81096752739265,0.14285714285714285,-0.23809523809523792,33.19235608414854,0.5,0.6004544521203402,1.7851423988881758
619,train,1,2,0,-36.02726712722041,-1200.5873871377382,0.0,85.52450615971028,6.87448416842895,0.2857142857142857,-0.7142857142857143,-5.484568586758556,0.5,0.6004544521203402,1.7851423988881758
620,test,0,1,0,-93.72573392277266,-250.2112078634299,0.7999999999999999,-73.96956745592718,0.0,0.0,0.20000000000000007,6.855471141035137,0.5,0.7810477826897722,0.9980283229530246
620,test,2,1,0,-93.72573392277266,565.4199925480922,-0.5333333333333333,-256.8666430046907,0.0,0.13333333333333333,0.8000000000000002,112.71863059128509,0.5,0.7810477826897722,0.9980283229530246
621,train,0,2,0,327.7810311107605,351.64145454148036,0.0,0.0,0.0,0.0,0.0,-39.06366690695327,0.5,1.3657542962948355,0.9330395137540924
621,train,2,1,1,-81.94525777769013,-355.08945906224926,0.0,0.0,0.0,-1.3333333333333333,0.0,-63.613765134588846,0.5,1.3657542962948355,0.9330395137540924
622,train,0,1,0,-33.148610939434455,40.923819062928885,0.0,0.0,0.0,0.0,0.0,101.81827065140389,0.5,0.5524768489905743,1.2707228124403331
622,train,2,1,0,99.44583281830336,120.342609279572,0.0,0.0,0.0,0.0,0.0,80.18167534539961,0.5,0.5524768489905743,1.2707228124403331
623,train,1,0,1,121.23192495648068,-45.3853115914274,0.0,0.0,0.0,0.0,-4.0,0.0,0.5,1.0102660413040057,0.926962757164227
623,train,1,2,1,-242.46384991296136,645.3557624949724,0.0,0.0,0.0,0.3333333333333333,-2.0,0.0,0.5,1.0102660413040057,0.926962757164227
624,train,1,0,1,-420.0,-1228.4091804431582,-0.8,-433.59433204138304,46.84809907527951,-0.06666666666666667,0.0,49.96359737150297,0.5,1.0,1.0
624,train,2,1,0,660.0,1986.3453558006386,0.26666666666666666,615.190705195268,-52.858476831103985,0.0,0.0,15.672212833835978,0.5,1.0,1.0
625,test,0,1,0,-49.462810349519366,858.1824855524759,0.5714285714285714,111.0627161019774,2.6029408686234774,-0.14285714285714285,2.142857142857143,88.11790861517522,0.5,0.8243801724919895,1.436818197167186
625,test,1,2,1,-49.462810349519366,-1253.2137743107485,-0.5714285714285714,44.10573846664309,-56.520613782732205,0.14285714285714285,-1.6666666666666665,-142.47333155350134,0.5,0.8243801724919895,1.436818197167186
626,train,0,1,0,-347.5823896910169,-4753.171691334758,0.0,0.0,0.0,0.0,0.0,7.98820243451263,0.5,0.9655066380306024,1.9150708868263155
626,train,2,1,0,289.6519914091807,-178.9366458236177,0.0,0.0,0.0,1.0,-0.16666666666666674,31.486433361989413,0.5,0.9655066380306024,1.9150708868263155
627,train,2,0,1,-360.0,-1713.6349582285884,-0.8,-831.8467506738102,-88.64163731291185,0.0,-0.6000000000000001,0.0,0.5,1.0,1.0
627,train,1,2,0,300.0,2039.8996337277058,1.2000000000000002,208.7117332408343,67.52105160273257,0.0,-0.5999999999999999,0.0,0.5,1.0,1.0
628,train,1,0,0,406.8665327990303,110.06137938501114,0.0,49.13008170720923,171.81853009652235,0.0,0.0,0.0,0.5,0.9687298399976912,0.5676055457998003
628,train,0,2,1,-174.37137119958442,965.9612363015525,-0.5,321.66716140348007,-14.809770459565698,0.0,0.0,0.0,0.5,0.9687298399976912,0.5676055457998003
629,train,0,2,0,-300.0,-1192.8109493355691,0.0,0.0,0.0,0.0,0.0,0.0,0.5,1.0,1.0
629,train,1,2,0,-120.0,-167.96578904510716,0.0,0.0,0.0,0.0,0.0,0.0,0.5,1.0,1.0
630,train,0,1,0,-141.11098523139702,369.1886068677833,0.0,-106.30940791813225,240.8953587002669,0.0,0.0,173.12479201789384,0.5,0.5879624384641543,1.5690425304971656
630,train,2,1,0,-176.3887315392463,-622.6700413040168,0.0,-99.89917436436767,107.37210583033188,0.0,0.0,196.00664711038158,0.5,0.5879624384641543,1.5690425304971656
631,train,2,0,1,-92.10909888896263,-274.16532964848744,0.0,0.0,0.0,0.3,0.6,3.932955868862294,0.5,1.5351516481493772,1.0109688617787658
631,train,2,1,1,92.10909888896263,419.36066809656745,0.0,0.0,0.0,0.3,0.19999999999999996,16.85278284317406,0.5,1.5351516481493772,1.0109688617787658
632,train,0,1,1,-917.8614210343771,-562.0243899893951,0.2,7.466790712660497,104.08920047969659,0.13333333333333333,0.0,-29.070716106722948,0.5,1.3906991227793593,0.6670744331799616
632,train,0,2,1,-250.32584210028466,-48.636756314240436,-0.2,-114.81041945777889,163.05909452213217,-0.06666666666666668,0.0,-17.3388353855821,0.5,1.3906991227793593,0.6670744331799616
633,train,0,1,0,64.6566366774799,723.0896881020665,0.0,0.0,61.9915138800763,0.0,0.0,-0.07182648289455074,0.5,1.0776106112913315,1.406691045830634
633,train,1,2,1,0.0,-1178.362236707076,0.0,0.0,-263.77369279040107,0.0,0.0,-34.04261396317702,0.5,1.0776106112913315,1.406691045830634
634,test,0,2,0,-148.84838579869194,-301.0920848230043,0.0,0.0,0.0,0.0,0.666666666666667,0.0,0.5,0.8269354766593996,0.6917201798204791
634,test,2,1,1,-99.23225719912796,337.7438573162177,-1.0,0.0,0.0,0.0,-2.0,0.0,0.5,0.8269354766593996,0.6917201798204791
635,train,1,0,0,-304.85412580284475,143.91049528124194,-0.06666666666666667,-63.27480574532936,0.0,0.13333333333333333,-0.20000000000000007,-33.0932738536345,0.5,1.2702255241785199,0.7908478586426441
635,train,0,2,1,-228.64059435213358,-646.1094105237747,-0.06666666666666668,-325.5744826373185,0.0,0.13333333333333333,0.4000000000000001,-114.61496628379702,0.5,1.2702255241785199,0.7908478586426441
636,train,0,1,1,-81.26678805706534,-405.98933641636984,0.0,-19.72487954995418,8.02188946644231,0.0,-0.14285714285714285,-9.72612755093342,0.5,1.3544464676177557,0.5374811189348725
636,train,0,2,1,-406.3339402853267,-825.1516821047702,-0.23809523809523808,-67.79989942154414,-9.37457645050688,-0.5714285714285714,-0.19047619047619047,-40.37465709459171,0.5,1.3544464676177557,0.5374811189348725
637,validation,1,0,0,180.0,548.0070744978561,0.0,182.86544890183347,0.0,0.0,0.6666666666666666,0.0,0.5,1.0,1.0
637,validation,2,0,0,360.0,564.3067690413181,0.0,86.3106382976141,0.0,0.0,2.0,0.0,0.5,1.0,1.0
638,validation,1,0,1,-375.5140494082907,-4814.771498763979,0.0,0.0,0.0,0.0,0.0,0.0,0.5,1.5646418725345446,1.549968967326297
638,validation,1,2,1,-751.0280988165814,-4462.295819734669,0.0,0.0,0.0,0.0,0.0,0.0,0.5,1.5646418725345446,1.549968967326297
639,train,1,0,1,-120.0,-29.463952430119207,0.0,0.0,0.0,0.0,0.0,0.0,0.5,1.0,1.0
639,train,2,1,0,0.0,230.77986671915005,0.0,0.0,0.0,0.0,0.0,0.0,0.5,1.0,1.0
640,validation,1,0,0,-61.773739370116836,-287.9889983432035,0.0,0.0,0.0,0.0,0.6666666666666666,-22.02718644011616,0.5,0.5147811614176403,0.5186061608270374
640,validation,2,0,0,30.886869685058418,223.58069179222477,0.0,0.0,0.0,0.0,2.0,-36.618045748056545,0.5,0.5147811614176403,0.5186061608270374
641,train,0,1,0,167.65707025213146,-679.2390392044994,0.0,161.32306293944202,-30.207857400583578,0.0,-0.06666666666666665,-54.316709981126024,0.5,1.3971422521010954,0.8327638578011437
641,train,1,2,1,-167.65707025213146,678.249083371362,0.0,-122.88726331651753,-62.61796718128063,-0.6666666666666667,0.0,42.965767479122604,0.5,1.3971422521010954,0.8327638578011437
642,validation,1,0,0,597.1767125194681,1070.147435972043,0.6666666666666666,0.0,0.0,0.0,2.0,0.0,0.5,1.9905890417315601,1.047926957433912
642,validation,0,2,1,-477.74137001557443,-1265.4682150438982,-0.6666666666666666,0.0,0.0,0.0,-2.0,0.0,0.5,1.9905890417315601,1.047926957433912
643,train,0,2,0,166.3498114229093,745.5878652472744,0.09523809523809523,56.07198742592638,-74.89785829146554,0.2857142857142857,0.4761904761904763,51.464262432166336,0.5,0.5544993714096977,1.071873855146559
643,train,2,1,1,-33.269962284581865,-741.781036111122,0.0,-57.56518848794096,99.63470508526852,0.0,-0.7142857142857142,2.1167748505359505,0.5,0.5544993714096977,1.071873855146559
644,train,0,1,0,116.93548308932033,906.0538164772106,0.0,-106.94119494148703,0.0,0.5333333333333333,0.0,-51.8955484550891,0.5,1.9489247181553389,1.6453443836737154
644,train,1,2,1,116.93548308932033,-161.1265705494774,0.0,119.20146566001318,0.0,-0.26666666666666666,0.13333333333333333,-23.400186458546656,0.5,1.9489247181553389,1.6453443836737154
645,test,0,1,1,-324.9887895970901,82.818735426415,0.0,-209.37486775636737,0.0,0.0,-1.333333333333333,0.0,0.5,1.8054932755393893,1.4552088015739417
645,test,0,2,1,-541.6479826618167,-967.3768459814853,0.0,-24.929655282126845,0.0,0.0,-2.666666666666666,0.0,0.5,1.8054932755393893,1.4552088015739417
646,train,0,1,1,321.48340969926863,-2139.452826242237,0.047619047619047616,116.99885350600022,174.83642661906973,0.0,-0.28571428571428564,-49.772729379560346,0.5,0.8930094713868573,1.7921061474912763
646,train,0,2,1,-160.74170484963432,1659.4516945127764,-0.14285714285714285,153.0038082473933,56.33959601802394,0.0,0.14285714285714285,-7.428509300296206,0.5,0.8930094713868573,1.7921061474912763
647,train,1,0,0,387.1586117636485,1532.2770142629554,0.0,-1.7642343028986147,0.0,0.3,0.8,102.72923899522027,0.5,0.7169603921549046,1.615423555881987
647,train,2,0,0,-43.017623529294276,-286.7087822513734,0.0,-31.411747432368713,0.0,-0.3,0.8,125.17823974121677,0.5,0.7169603921549046,1.615423555881987
648,train,1,0,1,60.0,-403.32554709395663,-0.23809523809523808,-191.5207474775836,48.00462096567034,0.09523809523809523,0.19047619047619047,76.84660839063599,0.5,1.0,1.0
648,train,2,1,0,180.0,-377.4301201814528,-0.23809523809523808,95.37281234323234,33.309694897085535,-0.09523809523809523,-0.09523809523809523,-67.26765012059576,0.5,1.0,1.0
649,train,1,0,0,-60.0,529.6166541609746,0.0,0.0,0.0,0.0,0.0,0.0,0.5,1.0,1.0
649,train,2,0,0,-180.0,299.4896392691958,0.0,0.0,0.0,0.0,0.0,0.0,0.5,1.0,1.0
650,train,0,1,0,671.8579546214419,-84.6132482929466,0.0,0.0,0.0,0.0,0.0,0.0,0.5,1.866272096170672,0.507229769735096
650,train,2,1,0,671.8579546214419,531.740787827803,0.0,0.0,0.0,-1.0,0.0,0.0,0.5,1.866272096170672,0.507229769735096
651,train,0,1,0,-164.2954115337025,350.1019486944886,0.19047619047619047,140.49713833962997,-57.90538582116791,0.09523809523809523,-0.2857142857142857,147.5773195567284,0.5,1.3691284294475208,1.2267890783121453
651,train,2,1,0,-246.44311730055375,-729.1536396868056,0.09523809523809523,108.45757393182882,-78.69078335408398,0.0,0.0,74.31785147724861,0.5,1.3691284294475208,1.2267890783121453
652,train,0,2,0,-267.95633926283006,-325.15354199884894,0.0,0.0,0.0,0.0,0.0,0.0,0.5,1.4886463292379448,1.7356722431681804
652,train,1,2,0,0.0,-552.1513207917972,0.6666666666666666,0.0,0.0,0.3333333333333333,0.0,0.0,0.5,1.4886463292379448,1.7356722431681804
653,validation,2,0,1,-880.6019604309857,-436.88999094542027,0.0,-5.945882873066395,15.341436739082013,0.0,0.0,0.0,0.5,1.3342453945924027,0.9000200332569652
653,validation,2,1,1,-160.1094473510883,-63.198851495715196,0.0,-159.9999991282407,-74.2656813125256,0.0,0.2999999999999998,0.0,0.5,1.3342453945924027,0.9000200332569652
654,train,0,1,0,57.21924323224768,199.78500629335608,0.0,0.0,50.24908261185228,0.3333333333333333,0.0,-23.08154179956891,0.5,0.9536540538707946,1.8742522266692212
654,train,1,2,1,-57.21924323224768,10.18033971140408,0.0,0.0,-165.5815386899035,0.0,0.0,13.32060066154471,0.5,0.9536540538707946,1.8742522266692212
655,train,0,2,0,-123.13808868514788,-1080.0620461167946,0.0,0.0,-21.195001723543832,0.0,0.0,0.0,0.5,1.026150739042899,0.8239524576936003
655,train,1,2,0,61.56904434257394,-451.66842826192664,0.6666666666666666,0.0,129.62432731126842,0.0,0.0,0.0,0.5,1.026150739042899,0.8239524576936003
656,train,1,0,0,180.0,1197.5904403759182,0.0,-167.35599184551165,134.06150068108218,0.0,0.0,0.0,0.5,1.0,1.0
656,train,0,2,1,-300.0,-1572.703853331103,0.0,-604.6455839270129,-222.1189056353992,0.0,0.0,0.0,0.5,1.0,1.0
657,train,0,2,0,395.8357942535015,1321.4280417765665,0.0,0.0,0.0,0.0,0.0,0.0,0.5,0.7330292486175953,1.49738631592616
657,train,1,2,0,219.9087745852786,-54.374329642196585,0.0,0.0,0.0,0.0,0.0,0.0,0.5,0.7330292486175953,1.49738631592616
658,train,0,1,1,-143.45356878564579,-314.1901009671998,0.0,8.27663626454654,-154.83276814656102,0.0,-0.7999999999999998,-60.8989427099045,0.5,0.7969642710313655,0.5835700472153567
658,train,2,0,0,-95.63571252376386,114.12900745217044,1.0,-150.26757114207942,14.614656513485329,0.0,-0.40000000000000013,34.610811154117556,0.5,0.7969642710313655,0.5835700472153567
659,train,1,0,0,720.0,2721.3433991557276,0.0,0.0,0.0,0.0,0.0,0.0,0.5,1.0,1.0
659,train,2,0,0,0.0,2447.7440308793366,0.0,0.0,0.0,0.0,0.0,0.0,0.5,1.0,1.0
660,train,1,0,1,36.72678330908369,-4065.1030257575408,-0.6666666666666666,0.0,0.0,0.0,-2.0,-332.2975335921012,0.5,0.6121130551513949,1.1701630155730287
660,train,2,1,0,110.18034992725109,2625.340176205437,0.3333333333333333,0.0,0.0,0.0,0.5,0.0,0.5,0.6121130551513949,1.1701630155730287
661,train,1,0,1,0.0,581.8397659605021,0.0,0.0,0.0,0.0,0.0,0.0,0.5,1.0,1.0
661,train,2,1,0,0.0,-541.9263288208172,0.0,0.0,0.0,0.0,0.0,0.0,0.5,1.0,1.0
662,test,1,0,0,-57.00034717886466,-890.2058604875996,0.0,84.44697396465313,-20.194426555981558,0.14285714285714285,-0.19047619047619047,-7.729237567650557,0.5,0.950005786314411,1.6785956256200256
662,test,2,0,0,342.002083073188,673.5517342429645,0.5714285714285714,-650.5208074054558,-48.67332848556497,0.2857142857142857,0.3809523809523807,-71.87158280220217,0.5,0.950005786314411,1.6785956256200256
663,train,2,0,1,0.0,1424.9521029089992,0.0,0.0,0.0,0.0,0.0,0.0,0.5,1.0,1.0
663,train,1,2,0,660.0,-310.5969292049667,0.0,0.0,0.0,0.0,0.0,0.0,0.5,1.0,1.0
664,test,0,2,0,128.9912741941835,820.2434040099564,0.5333333333333334,-73.377543152811,76.26169527277942,0.3333333333333333,0.0,0.3407523140980331,0.5,1.074927284951529,0.7799163032125269
664,test,2,1,1,64.49563709709174,-504.56209106916714,-0.5333333333333334,-44.89224683517381,-6.995001498830618,-0.3333333333333333,0.0,-16.12488757590124,0.5,1.074927284951529,0.7799163032125269
665,train,0,1,0,-139.01081898886872,-537.915000021649,0.0,250.99005456801808,0.0,0.5,-0.16666666666666674,0.0,0.5,0.7722823277159373,0.8964704584013509
665,train,2,1,0,-139.01081898886872,-1045.5019166783977,0.0,38.154558836631736,0.0,0.5,-0.33333333333333337,0.0,0.5,0.7722823277159373,0.8964704584013509
666,train,0,2,0,75.33684953184621,-574.6267887547383,0.0,0.0,197.4255642861736,0.3333333333333333,0.0,0.0,0.5,0.6278070794320517,1.0737623698108714
666,train,1,2,0,226.0105485955386,-11.24382541126665,0.0,0.0,381.5451708817078,0.3333333333333333,0.0,0.0,0.5,0.6278070794320517,1.0737623698108714
667,train,1,0,1,-180.0,-780.6309843962872,-1.3333333333333333,-539.5407063472514,0.0,0.0,0.0,0.0,0.5,1.0,1.0
667,train,2,1,0,-60.0,-1032.2437799027866,0.3333333333333333,485.19669466222695,0.0,0.0,0.0,0.0,0.5,1.0,1.0
668,train,0,1,0,442.6162445686163,137.1744100115954,0.0,66.42251743439743,120.51337664956873,0.0,0.0,0.0,0.5,1.8442343523692346,1.7488444280428004
668,train,2,1,0,663.9243668529244,2155.845207581489,0.0,-134.92527671922937,834.0336857759594,0.0,0.0,0.0,0.5,1.8442343523692346,1.7488444280428004
669,train,1,0,1,687.9646042554325,1340.3002545210563,-0.5,504.13581315954036,-545.7651632811536,0.0,0.0,0.0,0.5,0.6744751022112083,0.5443415805699025
669,train,1,2,1,-202.3425306633625,305.73026095408255,-1.0,391.3549888884529,-544.5747194727121,0.0,0.0,0.0,0.5,0.6744751022112083,0.5443415805699025
670,train,0,1,1,-65.89641048561977,180.26263339110724,-1.0,0.0,-86.20358642069937,0.0,-1.3333333333333333,0.0,0.5,1.0982735080936628,0.699376128934308
670,train,0,2,1,-65.89641048561977,-689.5624641378594,0.0,0.0,-192.66073655000042,0.0,-0.6666666666666667,0.0,0.5,1.0982735080936628,0.699376128934308
671,train,2,0,1,-180.0,-2196.5393346393867,0.0,-1250.0232277198706,-34.15187941107098,0.0,-0.6000000000000001,0.0,0.5,1.0,1.0
671,train,2,1,1,0.0,-1080.377776092586,-0.1,-946.427283795141,124.20755953943026,0.0,-0.8,0.0,0.5,1.0,1.0
672,train,0,2,0,692.3845909135689,3589.5257983033152,0.0,0.0,428.15721298633935,0.0,2.6666666666666665,0.0,0.5,0.7693162121261877,1.3386765578124376
672,train,1,2,0,46.15897272757126,724.9544920616728,0.0,0.0,140.8991935118747,0.0,1.3333333333333335,0.0,0.5,0.7693162121261877,1.3386765578124376
673,validation,1,0,1,-180.0,-478.70468752742545,-0.5333333333333333,-251.9986887885239,-4.372160974034884,-0.2,-0.33333333333333337,0.0,0.5,1.0,1.0
673,validation,1,2,1,0.0,-5.522820657405646,-0.26666666666666666,-200.77755002733926,-27.690439337977384,-0.4,-0.13333333333333333,0.0,0.5,1.0,1.0
674,train,0,1,1,-900.0,-614.6608294551233,0.0,0.0,0.0,0.0,0.0,0.0,0.5,1.0,1.0
674,train,0,2,1,120.0,860.3997336617012,0.0,0.0,0.0,0.0,0.0,0.0,0.5,1.0,1.0
675,train,0,1,1,-157.5594310373093,132.87206749014402,0.0,-63.825012709435555,0.0,0.0,-0.33333333333333304,-173.1139594743079,0.5,0.8753301724294962,0.8194767831891647
675,train,0,2,1,-262.59905172884885,-1404.6583767235295,0.0,-118.42626616984984,0.0,0.0,1.0,-267.47073404549025,0.5,0.8753301724294962,0.8194767831891647
676,validation,0,1,1,1131.2306733507314,-797.1454932930002,0.0,-128.61034820167254,203.42470362281045,-0.6000000000000001,-1.1999999999999997,0.0,0.5,1.7139858687132294,1.996589084982188
676,validation,0,2,1,102.83915212279376,-5070.447450610622,0.0,-178.69545299923396,-3.3370339951468395,-0.2,-2.7,0.0,0.5,1.7139858687132294,1.996589084982188
677,train,1,0,1,32.924995247315536,32.38425439047747,0.0,0.0,0.0,0.0,0.0,-23.198664468393332,0.5,0.5487499207885923,1.398075691531199
677,train,2,1,0,0.0,201.65118380123482,0.0,0.0,0.0,0.0,0.0,172.7175326677558,0.5,0.5487499207885923,1.398075691531199
678,train,0,1,1,136.74050123532663,-1128.08496943267,0.0,12.418202524269446,-16.70547462206862,0.0,-0.2857142857142857,-64.23460601446016,0.5,0.5697520884805276,1.837949790390148
678,train,0,2,1,102.55537592649497,532.6276279358524,0.047619047619047616,-218.9910549872917,0.79198422158764,-0.19047619047619047,0.09523809523809523,-71.61353828094289,0.5,0.5697520884805276,1.837949790390148
679,train,1,0,0,480.0,861.6857303902962,0.0,0.0,0.0,0.0,0.0,0.0,0.5,1.0,1.0
679,train,2,0,0,420.0,-340.9197104624318,0.0,0.0,0.0,0.0,0.0,0.0,0.5,1.0,1.0
680,train,0,2,0,0.0,217.20163798004364,0.0,0.0,3.3188705473160356,-0.13333333333333333,1.0,47.83478593563858,0.5,1.1207714038516134,0.5403023980866231
680,train,1,2,0,-67.24628423109681,-24.20111428031635,-0.2,0.0,5.231347156614832,-0.13333333333333333,1.0,-38.59615029501906,0.5,1.1207714038516134,0.5403023980866231
681,train,2,0,1,0.0,-5020.862744310948,-2.0,-94.98005578781445,-122.08775284125701,-0.2666666666666667,0.0,94.15746809123397,0.5,1.6859235029858406,1.889992154904918
681,train,1,2,0,303.4662305374513,3522.649567597035,0.3333333333333333,142.15013354717757,219.75678775134182,0.0,0.0,14.42825981490006,0.5,1.6859235029858406,1.889992154904918
682,test,1,0,0,300.0,278.59988708953733,0.0,0.0,0.0,0.0,0.0,0.0,0.5,1.0,1.0
682,test,2,0,0,60.0,183.0693086782794,0.0,0.0,0.0,0.0,0.0,0.0,0.5,1.0,1.0
683,validation,0,1,1,90.8720019784222,754.9773087428374,0.0,0.0,0.0,-2.0,0.0,0.0,0.5,0.5048444554356789,0.5287519330627822
683,validation,0,2,1,212.03467128298513,458.70635605481,0.0,0.0,0.0,-1.0,0.0,0.0,0.5,0.5048444554356789,0.5287519330627822
684,train,0,1,0,519.8647269010157,-578.6827748512071,0.0,0.0,0.0,0.6000000000000001,-0.3999999999999999,-45.46716995632383,0.5,1.083051514377116,0.7191038358497736
684,train,1,2,1,-454.8816360383887,368.74346875917263,-0.3,0.0,0.0,-0.6000000000000001,-1.6,47.49544024194293,0.5,1.083051514377116,0.7191038358497736
685,train,0,1,0,0.0,-155.13736125753985,0.47619047619047616,157.98107496718444,32.512842777098285,0.0,0.09523809523809523,-12.173824189443314,0.5,1.0,1.0
685,train,2,1,0,-180.0,-107.61173505281795,0.0,218.6897008259518,28.57826845161732,0.19047619047619047,0.14285714285714285,11.1317395920246,0.5,1.0,1.0
686,test,1,0,1,88.66274892118123,-231.10366023483763,0.0,0.0,0.0,0.0,0.0,-121.15049794071808,0.5,0.7388562410098436,1.81601904070778
686,test,2,1,0,-88.66274892118123,-840.4178580135733,0.0,0.0,0.0,0.0,0.0,44.50313750320304,0.5,0.7388562410098436,1.81601904070778
687,test,1,0,1,0.0,-478.27593555031785,-0.5999999999999999,0.0,-35.92393583991577,-0.1,0.0,0.0,0.5,1.2496328028337724,0.5135735140347273
687,test,2,1,0,74.97796817002634,860.4888430426575,0.0,0.0,208.90962427078887,0.0,0.0,0.0,0.5,1.2496328028337724,0.5135735140347273
688,train,1,0,0,-240.0,-1044.3011342084696,0.0,0.0,0.0,0.0,0.0,0.0,0.5,1.0,1.0
688,train,2,0,0,-60.0,623.7334991869502,0.0,0.0,0.0,0.0,0.0,0.0,0.5,1.0,1.0
689,test,0,1,1,0.0,-467.2299558715696,0.0,38.64366143151949,-2.785788597744073,-0.3,0.0,0.0,0.5,0.5899915148590827,0.5826686387559219
689,test,0,2,1,-70.79898178308993,-486.6119017342453,0.0,35.67061376514482,-7.683859227384744,-0.3,0.40000000000000013,0.0,0.5,0.5899915148590827,0.5826686387559219
690,train,1,0,1,340.4925321798036,2348.6056928825815,0.0,0.0,-250.83290063601152,0.0,0.9999999999999999,-129.94746287539115,0.5,0.6305417262588956,1.0245814175813952
690,train,2,1,0,-340.4925321798036,-3340.5783142995124,0.0,0.0,43.68104723567515,0.0,-0.16666666666666652,74.30813732202803,0.5,0.6305417262588956,1.0245814175813952
691,test,0,1,0,907.6596848821997,370.73209753694306,0.19047619047619047,-1.3076376264616272,202.99816747501072,0.0,-1.0,4.714632908814149,0.5,1.6808512683003698,0.8654963058103062
691,test,1,2,1,0.0,792.478610718938,0.38095238095238093,-17.45155406342772,-170.8263260409077,-0.2857142857142857,1.1428571428571428,17.106538549070972,0.5,1.6808512683003698,0.8654963058103062
692,test,0,1,1,-240.0,671.1739382158084,0.0,0.0,0.0,0.0,0.0,0.0,0.5,1.0,1.0
692,test,2,0,0,60.0,205.54284114270376,0.0,0.0,0.0,0.0,0.0,0.0,0.5,1.0,1.0
693,train,1,0,1,-725.0401354420276,-1097.221692385976,0.0,0.0,-234.54671576732468,0.2,-1.6666666666666665,-65.79351642378282,0.5,1.0985456597606478,1.544701873063162
693,train,2,1,0,-197.7382187569166,145.21309677146357,0.0,0.0,120.51658165118866,-0.2,1.0,0.0,0.5,1.0985456597606478,1.544701873063162
694,train,1,0,0,98.09393655142925,521.7963399751771,0.5333333333333333,19.06161465427884,192.04721428459038,1.0,0.0,12.62580977228825,0.5,0.8174494712619105,0.9347547827556818
694,train,2,0,0,343.3287779300024,937.7653930259859,0.26666666666666666,28.456369082828886,89.2118870557375,0.3333333333333333,0.0,-2.0588708163353004,0.5,0.8174494712619105,0.9347547827556818
695,train,2,0,1,45.033417869801745,-33.957372664874214,0.2,0.0,-192.6887490971346,0.0,1.1999999999999997,0.0,0.5,0.7505569644966957,0.5369406533906744
695,train,1,2,0,360.26734295841396,653.6425420801958,-0.2,0.0,93.95825791039496,-0.1,-0.2999999999999998,0.0,0.5,0.7505569644966957,0.5369406533906744
696,train,2,0,1,-134.98285858537707,-539.5415696792409,0.0,0.0,0.0,-1.0,0.0,0.0,0.5,0.5624285774390712,1.2401907617699468
696,train,2,1,1,-202.4742878780656,-4054.1231029919463,0.0,0.0,0.0,-2.0,0.0,0.0,0.5,0.5624285774390712,1.2401907617699468
697,test,0,2,0,0.0,381.9134220958081,0.0,0.0,0.0,0.0,0.0,0.0,0.5,1.0,1.0
697,test,1,2,0,180.0,1026.8712047768104,0.0,0.0,0.0,0.0,0.0,0.0,0.5,1.0,1.0
698,train,1,0,1,180.0,289.66559460227745,0.0,0.0,0.0,0.0,0.0,0.0,0.5,1.0,1.0
698,train,2,1,0,300.0,607.3517132937868,0.0,0.0,0.0,0.0,0.0,0.0,0.5,1.0,1.0
699,train,0,2,0,35.77024015469555,1173.9393810530303,0.0,0.0,0.0,-0.6666666666666666,0.0,9.777980233083952,0.5,0.5961706692449258,1.135954063011816
699,train,1,2,0,107.31072046408664,1060.2096410184831,0.0,0.0,0.0,-0.3333333333333333,0.0,-66.92756097247062,0.5,0.5961706692449258,1.135954063011816
700,train,1,0,0,-312.72405548647686,697.4661302885185,0.0,115.60053921468628,-71.2470109013287,0.0,0.0,29.036272749560354,0.5,1.3030168978603203,1.3325005647792536
700,train,2,0,0,-156.36202774323843,253.86333789290643,-0.09523809523809523,-24.317765076619196,-45.6548987538416,0.047619047619047616,0.0,80.58505764685833,0.5,1.3030168978603203,1.3325005647792536
701,train,1,0,0,0.0,360.47344284621335,-0.2857142857142857,-103.85473350852794,194.65229443385226,0.5714285714285714,0.2857142857142857,50.58183510134543,0.5,1.1070971733842525,1.0072700428933568
701,train,0,2,1,-199.27749120916545,-485.79172508660633,-0.2857142857142857,55.47062147656885,-172.5996690974804,-0.38095238095238093,-0.19047619047619047,-11.417519606424506,0.5,1.1070971733842525,1.0072700428933568
702,validation,1,0,1,-504.12509222340185,-1557.9889965565208,0.0,0.0,0.0,-3.0,0.0,0.0,0.5,0.7001737391991693,0.9418957488328439
702,validation,1,2,1,-294.0729704636511,366.24626840406376,0.0,0.0,0.0,-1.0,0.0,0.0,0.5,0.7001737391991693,0.9418957488328439
703,test,1,0,1,0.0,69.43529683102471,-0.047619047619047616,-92.12813810056642,-50.858789990956396,-0.2857142857142857,0.0,97.10534746274011,0.5,0.8574129164198054,0.672619140183565
703,test,1,2,1,51.444774985188324,543.3284367263528,-0.09523809523809523,-119.76612938307645,-26.244865552947743,0.0,0.2857142857142857,93.41949907427187,0.5,0.8574129164198054,0.672619140183565
704,validation,0,1,1,300.0,1096.3195862118328,0.0,0.0,0.0,0.0,0.0,0.0,0.5,1.0,1.0
704,validation,0,2,1,0.0,-1127.3638745024273,0.0,0.0,0.0,0.0,0.0,0.0,0.5,1.0,1.0
705,train,1,0,1,-103.91144679609033,58.4333584154729,-0.5714285714285714,67.51678670361031,-56.099144715191585,0.23809523809523808,-0.14285714285714285,13.578810435368304,0.5,0.5772858155338352,1.0371866900063083
705,train,2,1,0,-173.18574466015056,-219.70739496870866,0.5714285714285714,31.436289460070725,9.287607204350138,0.0,0.09523809523809523,-47.532700429540064,0.5,0.5772858155338352,1.0371866900063083
706,train,2,0,1,240.0,-328.803598478029,-0.4285714285714285,-450.8650041895962,-16.47346067255307,0.0,-0.19047619047619047,91.43696463463624,0.5,1.0,1.0
706,train,2,1,1,-240.0,-312.72793855518194,-0.14285714285714285,218.42911839920617,-59.129889663822766,0.0,-0.09523809523809523,-86.82526797010809,0.5,1.0,1.0
707,train,0,2,0,-180.0,272.78378936195077,0.0,0.0,0.0,0.0,0.0,0.0,0.5,1.0,1.0
707,train,2,1,1,-180.0,-822.5215782405194,0.0,0.0,0.0,0.0,0.0,0.0,0.5,1.0,1.0
708,test,1,0,1,-113.9623177792289,-457.94442286476846,0.0,50.69251274848227,-174.33752176961056,0.09523809523809523,-0.2857142857142857,7.860092791217183,0.5,1.8993719629871484,1.2492515399701365
708,test,1,2,1,-797.7362244546023,-1300.6047959075206,0.14285714285714285,-79.60634640105098,-81.72563647503364,0.0,-1.1428571428571428,-2.015282295939545,0.5,1.8993719629871484,1.2492515399701365
709,train,1,0,0,74.9754987030229,253.1893713058818,0.0,337.0245159047192,0.0,0.0,0.0,256.4150107866116,0.5,1.2495916450503814,0.5628913054207623
709,train,0,2,1,-299.9019948120916,-670.621488994341,0.0,-196.251172064039,0.0,0.0,0.0,-549.9926190070166,0.5,1.2495916450503814,0.5628913054207623
710,train,0,1,1,175.38380559170588,2586.744524584093,0.0,0.0,0.0,-0.6666666666666666,-1.9999999999999998,0.0,0.5,1.4615317132642156,1.8200881475975768
710,train,0,2,1,-438.45951397926467,2307.9218534360357,0.0,0.0,0.0,-1.3333333333333333,-0.33333333333333326,0.0,0.5,1.4615317132642156,1.8200881475975768
711,train,1,0,0,65.20883184351808,117.6933157230641,0.0,0.0,0.0,0.0,0.0,511.382055794304,0.5,1.0868138640586347,0.9182968357816952
711,train,2,0,0,326.0441592175904,-1059.2867293456882,0.0,0.0,0.0,0.0,0.0,287.135760404711,0.5,1.0868138640586347,0.9182968357816952
712,train,0,2,0,0.0,48.796115893467366,0.0,0.0,0.0,0.0,0.0,47.38515282486543,0.5,1.2767173078411458,0.5653276690526555
712,train,1,2,0,-76.60303847046875,208.86009035075028,0.0,0.0,0.0,0.0,-1.3333333333333333,28.027940632061316,0.5,1.2767173078411458,0.5653276690526555
713,train,1,0,0,420.0,2145.6594120788013,0.0,0.0,0.0,0.0,0.0,0.0,0.5,1.0,1.0
713,train,2,0,0,840.0,2281.4858649008183,0.0,0.0,0.0,0.0,0.0,0.0,0.5,1.0,1.0
714,validation,1,0,0,106.30697040875776,1812.9516739112116,-0.6666666666666666,0.0,0.0,0.0,0.0,136.7017433599527,0.5,1.7717828401459628,1.0366254231905105
714,validation,2,0,0,-212.61394081751553,550.3021828399317,1.3333333333333335,0.0,0.0,0.0,0.0,45.2790740216152,0.5,1.7717828401459628,1.0366254231905105
715,test,2,0,1,60.0,527.8436463324169,0.0,0.0,0.0,0.0,0.0,0.0,0.5,1.0,1.0
715,test,1,2,0,60.0,8.655043763372305,0.0,0.0,0.0,0.0,0.0,0.0,0.5,1.0,1.0
716,train,0,2,0,663.9736485498424,149.58021813219548,0.5,33.79091280842363,0.0,0.0,0.0,0.0,0.5,1.2295808306478564,0.9320027916814615
716,train,2,1,1,73.77484983887139,395.11198334962967,1.0,300.5347874445679,0.0,-1.3333333333333333,0.0,0.0,0.5,1.2295808306478564,0.9320027916814615
717,train,1,0,1,194.4368637967555,226.97790469071154,-0.3333333333333333,0.0,0.0,0.0,0.0,0.0,0.5,1.0802047988708638,0.6838832664351083
717,train,1,2,1,518.4983034580147,493.2572632316137,-1.0,0.0,0.0,-0.6666666666666666,0.0,0.0,0.5,1.0802047988708638,0.6838832664351083
718,test,0,1,1,0.0,-1840.8427477393,0.0,-324.3741269956481,48.830274727208355,0.0,-0.26666666666666666,0.0,0.5,1.0648678250335237,1.6026124955086807
718,test,0,2,1,-191.67620850603427,-3125.235520000419,-0.3333333333333333,-23.86488493533915,69.85991216049992,-0.2,0.0,0.0,0.5,1.0648678250335237,1.6026124955086807
719,train,0,1,1,-92.74420365193981,0.0,0.0,0.0,0.0,0.0,0.0,-45.440141982526626,0.5,1.5457367275323302,0.7477733297594428
719,train,0,2,1,-185.48840730387963,-184.43649180796112,0.0,0.0,0.0,0.0,0.0,-2.61745852756205,0.5,1.5457367275323302,0.7477733297594428
720,test,2,0,1,-135.81204241115555,-454.91478284053346,-0.09523809523809523,-246.43539035528397,4.85966853511146,0.0,-0.4285714285714285,4.382746193300585,0.5,0.5658835100464814,0.5551784775642823
720,test,2,1,1,0.0,139.54076238512516,0.0,155.12817353267462,-58.85251884438977,-0.2857142857142857,-0.2857142857142857,-5.338879187762336,0.5,0.5658835100464814,0.5551784775642823
721,train,0,1,1,-119.80543618383851,-538.6195687568712,0.0,-42.49052827948652,-8.700843015775561,0.0,-0.8571428571428571,0.0,0.5,0.9983786348653209,1.0456902095152125
721,train,2,0,0,119.80543618383851,248.2427606546545,0.0,22.880362868600763,-17.123453395912318,0.14285714285714285,0.2857142857142857,69.4781110567925,0.5,0.9983786348653209,1.0456902095152125
722,train,0,1,0,141.0022487625539,1220.7829275902977,0.0,0.0,0.0,0.0,0.0,514.3524996949506,0.5,0.7833458264586328,0.7263083668450526
722,train,2,1,0,282.0044975251078,664.1522919882657,0.0,0.0,0.0,0.0,0.0,620.005507905232,0.5,0.7833458264586328,0.7263083668450526
723,train,1,0,0,0.0,-2656.2133640218626,0.0,0.0,0.0,0.0,1.6666666666666665,0.0,0.5,1.0902072519464485,1.2600376996311045
723,train,2,0,0,784.949221401443,-1043.9222663098112,0.0,0.0,0.0,0.6666666666666667,2.3333333333333335,0.0,0.5,1.0902072519464485,1.2600376996311045
724,train,1,0,0,-116.09355905632968,1146.7827777472207,0.0,0.0,0.0,0.3333333333333333,0.0,0.0,0.5,1.934892650938828,1.7035468490405647
724,train,2,0,0,-232.18711811265936,1129.4902987974174,0.6666666666666666,0.0,0.0,0.0,0.0,0.0,0.5,1.934892650938828,1.7035468490405647
725,train,0,1,1,-684.193210077481,-2028.8087828270318,0.0,0.0,0.0,0.0,1.0,0.0,0.5,0.8145157262827155,1.6793298742682192
725,train,2,0,0,684.193210077481,1935.97238343867,0.0,0.0,0.0,0.0,1.0,0.0,0.5,0.8145157262827155,1.6793298742682192
726,train,2,0,1,-68.41775463468811,-25.438929589602573,0.0,0.0,0.0,0.0,0.0,-90.90199861311461,0.5,1.1402959105781352,1.6026707454220996
726,train,2,1,1,68.41775463468811,439.448728308338,0.6666666666666666,0.0,0.0,0.0,0.0,11.26463088837098,0.5,1.1402959105781352,1.6026707454220996
727,test,2,0,1,53.0121675088807,-1203.274137739782,0.4,-62.67431322014028,-58.411595973764946,0.0,0.0,47.22756091947872,0.5,0.8835361251480117,0.8809908557600296
727,test,1,2,0,371.0851725621649,684.9643278921708,-0.8,257.84570750475535,-47.643660908782515,0.0,0.0,-47.53011313958518,0.5,0.8835361251480117,0.8809908557600296
728,test,2,0,1,-540.0,-761.2432626673435,0.0,-59.85093172363088,-49.28802593967103,0.0,0.1333333333333333,14.281972257273225,0.5,1.0,1.0
728,test,1,2,0,180.0,-621.3659520419355,0.0,-92.06078287432081,68.0883096238006,0.4,0.06666666666666671,6.54773113339958,0.5,1.0,1.0
729,train,1,0,1,203.96019081032512,1692.2612777936622,-0.9523809523809523,-81.8228963352011,25.739916280327378,-0.2857142857142857,0.38095238095238093,27.49634325686022,0.5,0.5665560855842364,1.8889890578064277
729,train,1,2,1,33.993365135054184,2965.4379542468164,-0.47619047619047616,21.355858893545737,89.15698490015077,-0.2857142857142857,-0.19047619047619047,30.138157648280668,0.5,0.5665560855842364,1.8889890578064277
730,validation,0,2,0,71.11502566960905,2355.013944016503,0.38095238095238093,87.64370705687006,89.47057567798798,-0.19047619047619047,0.7142857142857144,39.63481840023556,0.5,1.1852504278268177,1.4706440426193077
730,validation,2,1,1,355.5751283480453,487.34167457626637,0.0,-4.157314204197718,-10.50415042514281,-0.19047619047619047,0.23809523809523814,-77.08349826664158,0.5,1.1852504278268177,1.4706440426193077
731,train,1,0,0,108.90939110663211,125.2163786871894,0.0,91.33607508539325,0.0,0.0,1.0,43.93892435860383,0.5,1.8151565184438685,1.026251031756314
731,train,0,2,1,-544.5469555331606,-351.56569215564195,0.0,-312.0250576554963,0.0,0.0,0.5,-63.98469915871371,0.5,1.8151565184438685,1.026251031756314
732,train,0,2,0,114.45931542969664,603.2731495590599,-0.047619047619047616,44.565584936112884,-47.08356321147648,0.2857142857142857,0.5714285714285714,1.1715244191957517,0.5,1.9076552571616108,1.0846776983372857
732,train,2,1,1,228.9186308593933,481.1027520771094,-0.047619047619047616,159.05014779834067,-84.82001143469984,-0.2857142857142857,-0.7142857142857142,16.078974826897948,0.5,1.9076552571616108,1.0846776983372857
733,train,1,0,1,-60.0,136.9929619689119,0.0,0.0,0.0,0.0,0.0,0.0,0.5,1.0,1.0
733,train,1,2,1,-540.0,72.50725365871494,0.0,0.0,0.0,0.0,0.0,0.0,0.5,1.0,1.0
734,train,1,0,0,-60.0,51.02195766204477,-0.06666666666666667,429.6204284732302,-85.20331573430045,0.0,0.6000000000000001,0.0,0.5,1.0,1.0
734,train,0,2,1,-60.0,-939.8953409718943,-0.33333333333333337,-402.50910961165636,21.654621207485206,0.0,-0.19999999999999996,0.0,0.5,1.0,1.0
735,validation,0,2,0,-233.9590642771107,3379.714875414062,0.0,0.0,0.0,0.5999999999999999,1.6,52.96054509745451,0.5,1.9496588689759227,1.1212420834140373
735,validation,2,1,1,-467.9181285542214,-2007.189391679453,0.4000000000000001,0.0,0.0,-0.5999999999999999,-0.7999999999999998,-86.26221306853972,0.5,1.9496588689759227,1.1212420834140373
736,train,2,0,1,60.0,816.1189264971517,0.0,0.0,0.0,0.0,0.0,0.0,0.5,1.0,1.0
736,train,2,1,1,120.0,816.1189264971517,0.0,0.0,0.0,0.0,0.0,0.0,0.5,1.0,1.0
737,validation,0,1,0,346.9420329301941,675.0637222533728,-0.19047619047619047,63.342011688668556,-29.42269720990548,0.0,-0.7142857142857143,43.68970649344877,0.5,1.156473443100647,1.1784841925027947
737,validation,1,2,1,-208.16521975811645,577.1345117207286,0.38095238095238093,10.370702742454114,129.80925280914227,-0.47619047619047616,0.5714285714285714,-93.1737820723747,0.5,1.156473443100647,1.1784841925027947
738,train,1,0,0,426.8964710653357,650.3408223648999,-0.6666666666666666,0.0,0.0,0.0,0.0,0.0,0.5,1.4229882368844522,0.8541836734603473
738,train,2,0,0,0.0,930.1231805723002,0.0,0.0,0.0,0.3333333333333333,0.0,0.0,0.5,1.4229882368844522,0.8541836734603473
739,train,0,1,0,122.96572694362452,0.0,0.0,0.0,-77.84176939639619,0.0,2.0,0.0,0.5,0.5123571955984355,1.2566127754419274
739,train,1,2,1,0.0,-357.59035694437154,0.0,0.0,-83.9757474647262,0.0,-1.3333333333333333,0.0,0.5,0.5123571955984355,1.2566127754419274
740,test,2,0,1,-164.92446862237622,-450.8125805097441,0.0,0.0,60.3926136288452,0.0,0.0,0.0,0.5,0.6871852859265676,0.6472991902949972
740,test,2,1,1,-288.6178200891584,-498.57031958379156,0.0,0.0,43.07141614199372,0.0,0.0,0.0,0.5,0.6871852859265676,0.6472991902949972
741,train,1,0,0,158.03802516316588,426.3935005639729,0.5,244.2391124517968,0.0,0.0,0.0,-27.908977724285723,0.5,0.8779890286842549,1.137347336655848
741,train,0,2,1,-105.35868344211059,-572.9442667635057,0.0,-101.31570177453062,0.0,0.0,0.0,-20.960308389208887,0.5,0.8779890286842549,1.137347336655848
742,validation,1,0,1,-90.0277093724389,-1024.0919486215757,-0.3333333333333333,0.0,0.0,0.0,-4.0,20.629259287931973,0.5,1.5004618228739817,0.587962554953269
742,validation,1,2,1,-360.1108374897556,-678.0453310472684,-1.3333333333333333,0.0,0.0,0.0,-5.0,87.6142627548647,0.5,1.5004618228739817,0.587962554953269
743,train,0,1,1,-480.0,-774.5902758865045,0.0,-261.15983170413506,0.0,0.0,0.0,-59.611780943000475,0.5,1.0,1.0
743,train,2,0,0,180.0,342.71639033273095,0.0,517.7873635583946,0.0,0.0,0.16666666666666666,74.75826878533638,0.5,1.0,1.0
744,train,1,0,0,0.0,-185.9441655189712,0.0,42.9850775627242,0.0,0.0,0.0,0.0,0.5,1.0,1.0
744,train,0,2,1,60.0,689.8018092753741,0.0,183.72033152457487,0.0,0.0,0.0,0.0,0.5,1.0,1.0
745,train,0,1,0,-592.7976207558839,2395.5577974395087,0.0,0.0,419.89574852679766,0.0,0.0,0.0,0.5,1.9759920691862798,1.665171653301262
745,train,1,2,1,-711.3571449070607,-2627.136506237267,0.0,0.0,-1182.0970718284145,0.0,0.0,0.0,0.5,1.9759920691862798,1.665171653301262
746,test,1,0,0,-120.0,674.5184030524078,0.0,0.0,0.0,0.0,0.0,0.0,0.5,1.0,1.0
746,test,2,0,0,-60.0,636.0178656008857,0.0,0.0,0.0,0.0,0.0,0.0,0.5,1.0,1.0
747,train,0,1,1,-79.98547390969703,-842.0752308950701,-1.0,0.0,0.0,0.0,0.0,0.0,0.5,1.333091231828284,0.9287041331270703
747,train,0,2,1,0.0,-652.6691883401026,-3.0,0.0,0.0,0.0,0.0,0.0,0.5,1.333091231828284,0.9287041331270703
748,test,0,1,1,-300.0,-4959.711566610261,0.0,0.0,0.0,0.0,0.0,0.0,0.5,1.0,1.0
748,test,0,2,1,-180.0,-2595.9261572802743,0.0,0.0,0.0,0.0,0.0,0.0,0.5,1.0,1.0
749,train,2,0,1,308.6432350941483,1510.1670540725868,-0.1,0.0,0.0,-0.2,-3.2,126.54916631903097,0.5,1.286013479558951,0.7906425444231189
749,train,1,2,0,-154.32161754707414,265.3106535274301,0.30000000000000004,0.0,0.0,0.4,0.3999999999999999,-97.61268903923352,0.5,1.286013479558951,0.7906425444231189
750,train,2,0,1,-143.69739262187167,-204.24857271958047,0.0,-402.1334720103844,0.0,0.0,-4.0,0.0,0.5,0.7983188478992871,0.7552408120729079
750,train,1,2,0,-47.899130873957226,14.977215848901695,0.0,1.4197876881546563,0.0,0.0,2.666666666666666,0.0,0.5,0.7983188478992871,0.7552408120729079
751,test,1,0,1,-240.0,-1325.4976226342042,-0.2857142857142857,-527.5285252890051,-296.02507024307374,0.047619047619047616,-0.7142857142857143,-26.184917384725384,0.5,1.0,1.0
751,test,2,1,0,60.0,746.9285461831478,0.0,-39.53173288780525,81.42087016188174,-0.09523809523809523,0.7142857142857143,66.7012902257491,0.5,1.0,1.0
752,test,0,2,0,-465.4450621417321,-403.10849614584384,0.0,0.0,371.4367961538046,0.0,-0.6666666666666667,0.0,0.5,1.2929029503937002,1.8099180416046836
752,test,2,1,1,232.72253107086604,-104.28897996379794,0.0,0.0,-697.9209218187317,0.0,0.6666666666666667,0.0,0.5,1.2929029503937002,1.8099180416046836
753,train,1,0,0,134.33423869683196,-108.99451040816801,0.0,0.0,0.0,0.0,0.0,33.266740635015424,0.5,0.7463013260935109,1.5040062799555591
753,train,0,2,1,-89.5561591312213,-309.1409223903465,0.0,0.0,0.0,0.0,0.0,28.140636061541898,0.5,0.7463013260935109,1.5040062799555591
754,train,1,0,0,180.0,1194.8075753664048,0.0,0.0,0.0,0.0,0.0,0.0,0.5,1.0,1.0
754,train,0,2,1,-60.0,-338.49999935369533,0.0,0.0,0.0,0.0,0.0,0.0,0.5,1.0,1.0
755,validation,2,0,1,36.233863651184,-922.5318122530492,-1.3333333333333333,-258.7873094996733,-43.153738968420456,0.14285714285714285,-0.2857142857142858,60.631998759752555,0.5,0.6038977275197334,0.8389855752935238
755,validation,1,2,0,-36.233863651184,771.0168561234941,-0.19047619047619047,1.7670065790983358,-40.41397606160996,0.2857142857142857,0.0,-27.78854252753311,0.5,0.6038977275197334,0.8389855752935238
756,train,0,1,0,120.0,343.88611021400357,0.0,563.527605470848,1.179684232937035,0.0,0.0,34.57875335652291,0.5,1.0,1.0
756,train,1,2,1,-60.0,-157.35965896137077,0.0,117.91141266756176,24.743936979761656,0.0,0.0,-45.0048672885943,0.5,1.0,1.0
757,train,2,0,1,-302.5619647905268,173.30186078500108,0.0,-74.54453240442315,-0.5414285806371879,0.3,-0.8,0.0,0.5,1.2606748532938616,0.5109341953498528
757,train,2,1,1,75.6404911976317,15.07122164319254,0.0,35.092194551862455,-168.01974690272107,-0.3,-1.0000000000000002,0.0,0.5,1.2606748532938616,0.5109341953498528
758,test,1,0,1,-280.0208834021526,-388.87224698929384,0.0,-134.44742916094341,-301.7644535775524,0.0,-0.30000000000000027,58.1070787849344,0.5,0.7778357872282017,1.1628512432229143
758,test,1,2,1,-280.0208834021526,-590.2201202904732,0.0,-17.807939663697724,-230.39749590237582,0.0,0.8999999999999999,-45.1858072846959,0.5,0.7778357872282017,1.1628512432229143
759,test,1,0,1,-180.0,1065.6612240385657,0.0,0.0,0.0,0.0,0.0,0.0,0.5,1.0,1.0
759,test,1,2,1,-60.0,1231.45878028288,0.0,0.0,0.0,0.0,0.0,0.0,0.5,1.0,1.0
760,train,0,1,1,33.2349982129845,1255.241674617123,0.0,-243.9970459188845,0.0,0.0,1.0,0.0,0.5,0.553916636883075,1.8139086214310693
760,train,0,2,1,-33.2349982129845,1035.0494554369654,0.16666666666666666,-292.28070042280115,0.0,0.0,0.5,0.0,0.5,0.553916636883075,1.8139086214310693
761,train,0,1,0,0.0,-1144.5817980845377,0.0,0.0,0.0,0.0,0.0,0.0,0.5,1.0,1.0
761,train,2,1,0,60.0,-1893.4486652018977,0.0,0.0,0.0,0.0,0.0,0.0,0.5,1.0,1.0
762,test,0,1,0,-152.73613237397757,-1901.141596243728,0.0,0.0,0.0,0.0,2.0,0.0,0.5,0.8485340687443198,1.7685313852842242
762,test,2,1,0,-203.64817649863676,-2024.0879922331717,0.0,0.0,0.0,0.0,5.0,0.0,0.5,0.8485340687443198,1.7685313852842242
763,train,1,0,1,-432.7887386230908,-1001.6481699425033,0.0,0.0,-363.93321750560636,0.0,-5.333333333333333,0.0,0.5,0.8014606270797978,0.7334018780524877
763,train,2,1,0,288.5258257487272,1401.8753787719381,0.0,0.0,135.53084739869,0.0,0.666666666666667,0.0,0.5,0.8014606270797978,0.7334018780524877
764,train,0,2,0,-44.8543545553852,-351.3661054209394,0.0,0.0,185.07631510073315,0.0,0.0,0.0,0.5,0.7475725759230867,0.5597769622019658
764,train,1,2,0,-179.4174182215408,-537.8815917811702,0.0,0.0,570.2508794948085,0.0,0.0,0.0,0.5,0.7475725759230867,0.5597769622019658
765,test,2,0,1,-90.211288764519,120.71501352846919,-0.2,-225.31206560988477,0.0,0.0,-0.3999999999999999,0.0,0.5,1.50352147940865,1.5301583031407473
765,test,1,2,0,-90.211288764519,-594.4609702346974,0.2,49.222463421752025,0.0,0.0,0.3999999999999999,0.0,0.5,1.50352147940865,1.5301583031407473
766,train,0,2,0,199.6017071812676,1051.39858546162,0.1,48.0462567829058,0.0,1.2000000000000002,0.5999999999999999,0.0,0.5,1.1088983732292645,1.5435837945418203
766,train,2,1,1,-332.6695119687794,-1179.1915260336905,0.0,-276.22302792506855,0.0,0.0,-0.3,0.0,0.5,1.1088983732292645,1.5435837945418203
767,train,1,0,0,-108.27788208890263,-150.70919712596714,0.0,-28.653467782984734,0.0,0.0,0.0,1.7477921455732925,0.5,0.9023156840741886,1.066812426716957
767,train,0,2,1,108.27788208890263,110.21638621920917,0.0,98.71319366575926,0.0,0.0,0.0,-30.430561840432368,0.5,0.9023156840741886,1.066812426716957
768,train,1,0,1,-480.0,-1430.3667104146157,-1.0,-83.0785600528153,-58.19700053751089,0.0,-0.19999999999999998,-28.32005138316572,0.5,1.0,1.0
768,train,1,2,1,-180.0,-1577.1140646217386,-0.4,-256.96265036487233,-38.12482174127666,0.0,-0.13333333333333333,-3.6656319835704636,0.5,1.0,1.0
769,train,0,1,0,120.0,867.4163628548231,0.0,0.0,0.0,0.0,0.0,0.0,0.5,1.0,1.0
769,train,1,2,1,0.0,-207.29387489025703,0.0,0.0,0.0,0.0,0.0,0.0,0.5,1.0,1.0
770,train,2,0,1,0.0,693.1313328673523,0.0,48.31629705754813,-57.22687791876018,0.0,-0.19047619047619047,8.383088160094054,0.5,1.0,1.0
770,train,2,1,1,-60.0,-502.702304428969,0.0,-108.63896124341005,-13.044306342208284,0.2857142857142857,-0.9523809523809523,-63.26743068744508,0.5,1.0,1.0
771,train,0,1,1,-40.93360295454753,-1437.5648717884735,-0.2666666666666667,0.0,-4.041664145686433,-0.13333333333333333,-0.3999999999999999,92.42009725574384,0.5,0.6822267159091255,1.7657967318691443
771,train,2,0,0,40.93360295454753,1322.297800868474,-0.26666666666666666,0.0,18.169094381149883,0.0,0.3999999999999999,-64.29458633782568,0.5,0.6822267159091255,1.7657967318691443
772,train,1,0,1,120.0,968.8683327137242,0.0,0.0,0.0,0.0,0.0,0.0,0.5,1.0,1.0
772,train,2,1,0,360.0,-868.4838250388666,0.0,0.0,0.0,0.0,0.0,0.0,0.5,1.0,1.0
773,train,0,1,0,-315.8055158173669,101.76943458762346,0.6666666666666666,0.0,0.0,-0.6666666666666667,0.0,0.0,0.5,0.5848250292914201,1.0062308168606662
773,train,2,1,0,-245.62651230239643,573.7199706494794,2.0,0.0,0.0,-0.33333333333333337,0.0,0.0,0.5,0.5848250292914201,1.0062308168606662
774,train,2,0,1,-60.0,392.4783400060801,0.0,-387.05915481641705,0.0,0.0,0.3333333333333333,0.0,0.5,1.0,1.0
774,train,2,1,1,120.0,97.88685305571289,0.0,-548.5911853395058,0.0,0.16666666666666666,-1.3333333333333333,0.0,0.5,1.0,1.0
775,train,0,1,1,-278.64386119956566,765.0617360862989,-0.2,0.0,4.79364478373266,0.0,-2.4000000000000004,-48.34783608483065,0.5,0.5805080441657618,0.6101713536834078
775,train,0,2,1,0.0,757.9415773653233,0.0,0.0,14.128111353269034,0.0,-1.6,-27.439429773260144,0.5,0.5805080441657618,0.6101713536834078
776,train,2,0,1,119.43634906927768,158.64139282678514,-0.3333333333333333,0.0,0.0,0.3333333333333333,0.0,0.0,0.5,0.9953029089106473,1.1062416704167448
776,train,1,2,0,537.4635708117496,120.94507871116986,1.0,0.0,0.0,0.0,3.0,0.0,0.5,0.9953029089106473,1.1062416704167448
777,validation,2,0,1,180.0,-204.60511922270598,0.0,0.0,0.0,0.0,0.0,0.0,0.5,1.0,1.0
777,validation,2,1,1,0.0,-420.92225508202137,0.0,0.0,0.0,0.0,0.0,0.0,0.5,1.0,1.0
778,train,2,0,1,-546.7181591143267,-1164.7170827805446,0.0,14.404301818817281,-5.988198485932514,0.0,-0.6666666666666667,61.3408956748149,0.5,1.518661553095352,0.9361929163797102
778,train,2,1,1,-1457.915090971538,-1916.0528926938043,-0.26666666666666666,-80.08229549281458,1.2165933129316215,0.0,-0.5333333333333333,61.3408956748149,0.5,1.518661553095352,0.9361929163797102
779,train,0,1,0,68.56079452496252,163.9396292514843,0.4,0.0,250.22543596656345,0.0,0.4,-26.269308593120684,0.5,0.5713399543746877,1.013361534059867
779,train,1,2,1,0.0,389.14041286672074,-0.2,0.0,-110.68342142643083,0.26666666666666666,-0.13333333333333333,5.004118865196343,0.5,0.5713399543746877,1.013361534059867
780,train,0,1,1,94.95724074158035,263.8595744420726,0.0,0.0,0.0,0.0,0.0,0.0,0.5,1.582620679026339,1.5656533746643642
780,train,2,0,0,189.9144814831607,218.45092361246532,0.0,0.0,0.0,0.0,0.0,0.0,0.5,1.582620679026339,1.5656533746643642
781,train,1,0,1,0.0,-644.2440301513266,0.0,0.0,0.0,0.0,0.0,0.0,0.5,1.0,1.0
781,train,2,1,0,-60.0,-467.3611262252293,0.0,0.0,0.0,0.0,0.0,0.0,0.5,1.0,1.0
782,train,2,0,1,-304.25618382160746,62.252937029700654,0.0,0.0,0.0,-0.5,0.3333333333333335,0.0,0.5,1.2677340992566979,0.7282204449254451
782,train,1,2,0,304.25618382160746,63.77136202393478,0.33333333333333337,0.0,0.0,0.0,-0.6666666666666667,0.0,0.5,1.2677340992566979,0.7282204449254451
783,train,1,0,1,120.0,215.44643525144238,0.0,0.0,0.0,0.0,0.0,0.0,0.5,1.0,1.0
783,train,1,2,1,-180.0,1054.8993625316089,0.0,0.0,0.0,0.0,0.0,0.0,0.5,1.0,1.0
784,validation,0,2,0,600.0,481.1089325708126,0.0,-47.47234302014351,0.0,0.0,0.0,0.0,0.5,1.0,1.0
784,validation,2,1,1,180.0,81.05224424208336,0.0,-234.68291132215268,0.0,0.0,0.0,0.0,0.5,1.0,1.0
785,train,0,2,0,995.9932046609612,609.4269922708816,0.0,0.0,0.0,0.0,0.0,499.75326503271856,0.5,1.8444318604832615,0.9036556471162145
785,train,1,2,0,110.66591162899569,-1280.0484054505687,0.0,0.0,0.0,0.0,0.0,615.1358524400574,0.5,1.8444318604832615,0.9036556471162145
786,train,1,0,1,-120.0,-1473.4031280808213,0.0,0.0,0.0,0.0,0.0,0.0,0.5,1.0,1.0
786,train,1,2,1,180.0,-986.1013150747322,0.0,0.0,0.0,0.0,0.0,0.0,0.5,1.0,1.0
787,test,0,2,0,104.10451333548332,1687.1426615350308,0.0,116.83447390149031,0.0,-0.4,0.9,0.0,0.5,1.7350752222580552,1.7254382997274618
787,test,2,1,1,312.31354000644995,-2885.6801982420156,-0.4,-146.2188887222399,0.0,0.2,-1.1999999999999997,0.0,0.5,1.7350752222580552,1.7254382997274618
788,train,1,0,0,780.0,1648.649177068629,0.0,0.0,0.0,0.0,0.0,0.0,0.5,1.0,1.0
788,train,0,2,1,60.0,336.31262219340806,0.0,0.0,0.0,0.0,0.0,0.0,0.5,1.0,1.0
789,train,0,1,1,-423.8300279343888,-1837.769646314558,0.0,-178.0909645358881,0.0,0.2,-0.3333333333333333,-32.26015907654089,0.5,1.7659584497266199,1.7273545205743857
789,train,0,2,1,-105.9575069835972,-552.6078342068989,-0.3333333333333333,39.257685297708946,0.0,0.2,-0.2,-65.36862768169586,0.5,1.7659584497266199,1.7273545205743857
790,train,1,0,0,180.0,1310.5905990590572,0.0,0.0,0.0,0.0,0.0,0.0,0.5,1.0,1.0
790,train,2,0,0,1260.0,2067.3152496991515,0.0,0.0,0.0,0.0,0.0,0.0,0.5,1.0,1.0
791,train,1,0,0,300.0,34.482799898709345,0.0,0.0,0.0,0.0,0.0,0.0,0.5,1.0,1.0
791,train,2,0,0,120.0,254.19988705193555,0.0,0.0,0.0,0.0,0.0,0.0,0.5,1.0,1.0
792,test,1,0,0,-190.1414479298938,-584.433273247792,0.0,0.0,0.0,0.0,0.0,0.0,0.5,0.792256033041224,0.6725999590621927
792,test,0,2,1,380.2828958597876,215.72249792990866,0.6666666666666666,0.0,0.0,0.0,0.0,-191.9236210006498,0.5,0.792256033041224,0.6725999590621927
793,test,1,0,0,277.79651631592594,595.6442940352762,0.6,0.0,99.12863045968663,0.0,0.3999999999999999,0.0,0.5,1.543313979532922,1.852492244398298
793,test,0,2,1,-370.3953550879013,208.87860965774985,0.0,0.0,19.41351520708319,0.0,-0.8000000000000003,0.0,0.5,1.543313979532922,1.852492244398298
794,train,2,0,1,0.0,-1085.538757325465,0.0,0.0,0.0,0.0,0.0,-136.38717425970913,0.5,0.9937044051782552,1.0049290960866346
794,train,1,2,0,-59.622264310695314,1367.3930987308593,0.0,0.0,0.0,-0.6666666666666666,0.0,345.0464113369176,0.5,0.9937044051782552,1.0049290960866346
795,train,1,0,0,-60.0,1349.9093126207854,0.0,0.0,0.0,0.0,0.0,0.0,0.5,1.0,1.0
795,train,0,2,1,-240.0,264.8493230096374,0.0,0.0,0.0,0.0,0.0,0.0,0.5,1.0,1.0
796,train,1,0,1,-183.86905568424726,-1453.1253899395178,0.3333333333333333,-201.44945361524674,-339.32755357837544,0.0,0.5333333333333332,-6.095149989503817,0.5,0.5107473769006868,0.8988313885674437
796,train,2,1,0,30.64484261404121,572.4030040396955,-0.26666666666666666,288.2737334368506,-16.821395432434002,0.0,-1.6,65.48536038238977,0.5,0.5107473769006868,0.8988313885674437
797,validation,0,1,0,60.0,636.024072741212,0.0,0.0,0.0,0.0,0.0,0.0,0.5,1.0,1.0
797,validation,2,1,0,120.0,543.0605291774809,0.0,0.0,0.0,0.0,0.0,0.0,0.5,1.0,1.0
798,test,1,0,0,-99.53404918059356,613.4554897319714,0.0,0.0,0.0,0.0,0.0,-58.598360346401975,0.5,1.6589008196765593,1.890101581207622
798,test,0,2,1,0.0,859.6402152709845,0.0,0.0,0.0,0.0,0.0,-144.04873738013464,0.5,1.6589008196765593,1.890101581207622
799,validation,1,0,1,-64.62889756790312,-501.3322314420816,-0.5714285714285714,-182.9100458525454,-46.683606704526206,-0.2857142857142857,0.19047619047619047,-16.856710831621914,0.5,0.5385741463991927,1.2277528943393485
799,validation,1,2,1,-96.94334635185467,-1051.4228330980627,-0.38095238095238093,-191.71113475174695,-33.857866046721206,0.0,0.09523809523809523,7.8931810291828395,0.5,0.5385741463991927,1.2277528943393485
800,test,0,2,0,-213.4601976456564,-468.0944152879659,0.0,0.0,245.02837600005773,0.0,0.0,0.0,0.5,1.1858899869203132,1.209984751363841
800,test,2,1,1,0.0,265.18219190160806,0.0,0.0,-454.29276213384884,0.0,0.0,0.0,0.5,1.1858899869203132,1.209984751363841
801,test,1,0,1,600.0,613.2752785179573,0.0,0.0,0.0,0.0,0.0,0.0,0.5,1.0,1.0
801,test,2,1,0,-420.0,960.0321156530317,0.0,0.0,0.0,0.0,0.0,0.0,0.5,1.0,1.0
802,train,0,1,1,621.0920856211097,1916.4068000240309,-0.3,0.0,0.0,0.0,-0.6,-92.07853277020737,0.5,1.2939418450439786,1.586882672661059
802,train,2,0,0,-388.18255351319357,-1171.939712797606,0.0,0.0,0.0,-0.1,1.2000000000000002,103.95309774825269,0.5,1.2939418450439786,1.586882672661059
803,train,0,1,1,-129.53676997221544,-524.9984628053556,0.0,0.0,-1192.3407162565027,0.0,0.0,0.0,0.5,1.0794730831017953,0.5064872417188305
803,train,2,0,0,777.2206198332926,78.28118555038199,0.0,0.0,146.9628304721208,0.0,0.0,0.0,0.5,1.0794730831017953,0.5064872417188305
804,train,2,0,1,-916.423090644461,-37.71043576734985,0.0,0.0,-101.38079124122186,0.0,0.0,-129.69597689899996,0.5,1.0909798698148345,1.4374375461927025
804,train,1,2,0,130.91758437778014,885.824323709444,0.0,0.0,27.918690412695412,0.0,0.0,206.36538989457574,0.5,1.0909798698148345,1.4374375461927025
805,train,0,2,0,1263.8666686938054,1813.8924354724347,0.0,0.0,478.8450892388117,0.19999999999999998,0.5333333333333332,-31.215927739953315,0.5,1.1702469154572273,0.9078211759684194
805,train,1,2,0,-70.21481492743364,-1906.417704966116,0.0,0.0,130.0434945471498,0.0,0.7999999999999998,-47.84624983015759,0.5,1.1702469154572273,0.9078211759684194
806,test,2,0,1,-138.89018770922397,-2690.8941822504303,0.0,-263.53698423164536,-361.35952280797574,-0.2,0.0,63.29009402345371,0.5,0.5787091154550998,1.6334770549135522
806,test,1,2,0,138.89018770922397,132.6705668430214,0.3333333333333333,-139.89410076400358,440.8140894249085,0.06666666666666667,0.0,79.68355903693208,0.5,0.5787091154550998,1.6334770549135522
807,train,0,2,0,-30.751229659340517,-293.8682906809393,0.8999999999999999,0.0,-81.7697150389171,0.2,0.19999999999999996,0.0,0.5,0.5125204943223419,0.9367481140315925
807,train,1,2,0,0.0,633.7949176528175,0.6,0.0,431.3714992995273,0.0,0.3999999999999999,0.0,0.5,0.5125204943223419,0.9367481140315925
808,train,0,1,1,-60.0,-526.6210217195066,0.0,0.0,0.0,0.0,0.0,0.0,0.5,1.0,1.0
808,train,2,0,0,-240.0,-31.95533321804487,0.0,0.0,0.0,0.0,0.0,0.0,0.5,1.0,1.0
809,train,0,1,0,120.0,-139.5767974076516,0.0,0.0,0.0,0.0,0.0,0.0,0.5,1.0,1.0
809,train,2,1,0,60.0,-149.664491272365,0.0,0.0,0.0,0.0,0.0,0.0,0.5,1.0,1.0
810,validation,2,0,1,-199.00647701331235,-123.41790798056498,0.0,63.21884494779147,0.0,0.0,0.09999999999999998,0.0,0.5,0.6633549233777079,0.7625258102536443
810,validation,1,2,0,437.8142494292872,781.2088292832075,0.2,-276.9439433060463,0.0,0.8000000000000002,-0.30000000000000004,0.0,0.5,0.6633549233777079,0.7625258102536443
811,train,1,0,1,-344.95073297175543,-71.84710087157725,0.0,0.0,0.0,0.0,0.0,0.0,0.5,1.916392960954197,1.737204301685453
811,train,1,2,1,-574.9178882862591,-678.5331690173283,0.3333333333333333,0.0,0.0,0.0,0.0,0.0,0.5,1.916392960954197,1.737204301685453
812,train,0,2,0,190.5549622180588,767.2852489331835,-0.6666666666666667,0.0,-6.554155848642964,0.5,0.0,0.0,0.5,1.0586386789892155,0.609668052491253
812,train,1,2,0,63.51832073935293,381.2443837705506,-0.33333333333333337,0.0,87.01241769097695,0.0,0.0,0.0,0.5,1.0586386789892155,0.609668052491253
813,train,1,0,1,-181.53736549844328,-454.8797929453321,0.0,-17.598394486121705,-75.90824991015288,0.0,0.0,23.47321181505594,0.5,0.504270459717898,1.9334816723938046
813,train,2,1,0,0.0,492.20560301598977,0.0,5.4837170523432235,-35.4478460917301,0.3,0.0,-20.540332197857943,0.5,0.504270459717898,1.9334816723938046
814,train,0,1,0,-300.0,-132.76140166378627,0.0,0.0,0.0,0.0,0.0,0.0,0.5,1.0,1.0
814,train,2,1,0,0.0,2356.2084926913512,0.0,0.0,0.0,0.0,0.0,0.0,0.5,1.0,1.0
815,validation,1,0,1,-360.0,451.67365139499816,0.0,0.0,0.0,0.0,0.0,0.0,0.5,1.0,1.0
815,validation,1,2,1,-480.0,1644.5856617199206,0.0,0.0,0.0,0.0,0.0,0.0,0.5,1.0,1.0
816,train,2,0,1,-55.82342612827733,-287.6527746739475,0.0,0.0,109.74390407595641,0.0,0.0,-121.476852401922,0.5,0.9303904354712889,0.6306098662288737
816,train,2,1,1,55.82342612827733,-74.44159983067996,0.0,0.0,115.73476581931988,0.0,0.0,-218.3895737474996,0.5,0.9303904354712889,0.6306098662288737
817,train,2,0,1,360.0,725.0348883833758,0.19047619047619047,-0.5266172758206835,-148.9409591843285,-0.047619047619047616,0.0,-31.290049766257066,0.5,1.0,1.0
817,train,2,1,1,360.0,587.2763694151777,-0.19047619047619047,193.4182956496267,-32.12976471256631,0.0,-0.14285714285714285,-22.150607793480326,0.5,1.0,1.0
818,train,1,0,0,193.9811431791235,1718.7147596794134,-0.1,0.0,88.4559570589087,0.0,2.4000000000000004,47.381358910916695,0.5,1.6165095264926959,1.5740345367545308
818,train,2,0,0,290.9717147686853,2394.586581869734,0.0,0.0,148.72555586706858,0.0,0.8,162.85295284481865,0.5,1.6165095264926959,1.5740345367545308
819,train,0,1,1,-1389.5276162759844,-3156.1830803845905,0.0,-1079.1859188394058,-584.8362756498927,0.0,0.0,0.0,0.5,1.4474246002874838,0.7006205489897148
819,train,2,0,0,260.53642805174707,1412.716813398061,0.0,-549.3962057217265,1212.993959748988,0.0,0.0,0.0,0.5,1.4474246002874838,0.7006205489897148
820,test,2,0,1,0.0,-415.34062413189804,-0.33333333333333337,-901.4416768979527,0.0,0.0,0.0,71.50507501871651,0.5,1.0,1.0
820,test,2,1,1,-300.0,-1195.881441638663,0.0,-568.4307669082776,0.0,0.0,0.0,-161.0079800948135,0.5,1.0,1.0
821,train,0,1,0,-240.0,-1045.4231771726163,0.0,-631.1023988116034,0.0,0.6666666666666666,0.0,0.0,0.5,1.0,1.0
821,train,1,2,1,120.0,-22.041545197733285,0.0,684.6485808881114,0.0,-1.3333333333333333,0.3333333333333333,0.0,0.5,1.0,1.0
822,test,1,0,1,255.14849100299503,577.3379522389438,-1.0,0.0,0.0,0.0,0.0,0.0,0.5,1.0631187125124792,0.9908941101554288
822,test,2,1,0,-191.36136825224625,413.39379216680277,0.0,0.0,0.0,0.0,0.0,0.0,0.5,1.0631187125124792,0.9908941101554288
823,train,2,0,1,-180.0,-662.9151176596024,0.0,-95.12935467362422,-0.08039732016683132,0.0,0.6666666666666667,0.0,0.5,1.0,1.0
823,train,1,2,0,120.0,377.98214673984967,0.0,327.3269695958265,35.02047648100673,0.06666666666666667,-0.1333333333333333,52.16501681604637,0.5,1.0,1.0
824,train,2,0,1,-40.0904491324363,309.60064301559976,0.0,69.75703512716507,-146.5085837468257,0.23809523809523808,0.38095238095238093,-14.323791098403596,0.5,0.6681741522072716,1.4918448003876614
824,train,1,2,0,40.0904491324363,1077.377743369512,0.42857142857142855,182.14573941604726,132.82841475139548,0.0,0.38095238095238093,2.7525544563557602,0.5,0.6681741522072716,1.4918448003876614
825,train,1,0,1,-240.0,-782.5290411051719,0.0,0.0,0.0,0.0,0.0,0.0,0.5,1.0,1.0
825,train,2,1,0,180.0,1893.0258787490193,0.0,0.0,0.0,0.0,0.0,0.0,0.5,1.0,1.0
826,train,1,0,0,104.28759017313863,433.9512481760678,0.0,-160.74328270399707,20.205088688325844,0.0,0.8,98.49785481620452,0.5,1.7381265028856436,0.7327463687083503
826,train,2,0,0,-312.86277051941585,272.52196860509287,-0.13333333333333333,-37.628297164585604,-75.39630906212989,0.0,0.5333333333333334,34.115505364867445,0.5,1.7381265028856436,0.7327463687083503
827,train,1,0,1,-480.0,-1066.7405223389414,0.0,257.9313930035462,-224.758027455459,0.0,0.0,-62.919294506495945,0.5,1.0,1.0
827,train,1,2,1,-480.0,-545.8979119838286,0.0,382.7388116692507,-59.452256406467825,0.0,0.0,-26.8526388871693,0.5,1.0,1.0
828,train,0,1,1,-720.0,99.16469489085102,0.0,0.0,0.0,0.0,0.0,0.0,0.5,1.0,1.0
828,train,2,0,0,180.0,392.58464827924945,0.0,0.0,0.0,0.0,0.0,0.0,0.5,1.0,1.0
829,train,2,0,1,-335.5446790927384,-142.88653003540622,0.0,-32.848141504526154,15.569335305685229,0.0,0.0,0.0,0.5,1.3981028295530766,1.1483981665200325
829,train,2,1,1,0.0,94.94735735608009,-0.8999999999999999,-31.067798725104637,-24.360047011545632,0.0,0.0,0.0,0.5,1.3981028295530766,1.1483981665200325
830,train,1,0,0,0.0,391.4084936801105,0.0,0.0,0.0,0.0,0.0,0.0,0.5,1.0,1.0
830,train,2,0,0,240.0,582.9487056577932,0.0,0.0,0.0,0.0,0.0,0.0,0.5,1.0,1.0
831,train,0,1,0,0.0,-234.2714597707845,0.19047619047619047,11.371442480215137,20.223132600562366,0.2857142857142857,0.0,-25.115817075816064,0.5,0.8149364375724466,1.07999201950674
831,train,1,2,1,48.896186254346794,309.19403594824655,-0.38095238095238093,39.56328597780505,-1.210204053760707,-0.5714285714285714,0.7142857142857142,28.869668011216014,0.5,0.8149364375724466,1.07999201950674
832,train,2,0,1,-71.31740522579332,184.2672396832119,0.23809523809523808,110.32345354698265,7.085679288973664,0.2857142857142857,0.19047619047619047,-55.817701226095494,0.5,1.1886234204298887,0.9227126827047879
832,train,1,2,0,0.0,-453.33780021020834,0.0,-100.37605381711626,15.906453409112748,0.0,-0.09523809523809523,60.47588794054961,0.5,1.1886234204298887,0.9227126827047879
833,train,2,0,1,-144.64886501613384,132.16960191306657,-0.14285714285714285,-79.41224167937597,28.689197117663717,0.14285714285714285,-0.2857142857142857,-37.40387921263553,0.5,0.803604805645188,0.9847013040403968
833,train,2,1,1,0.0,-303.78946273114894,-0.047619047619047616,-14.047686749352806,-52.803908724858914,0.0,-0.38095238095238093,-40.967329773097504,0.5,0.803604805645188,0.9847013040403968
834,test,2,0,1,-180.0,-5.170011985892415,-0.6666666666666666,156.62512493243366,0.0,0.0,0.0,-27.875575770762836,0.5,1.0,1.0
834,test,2,1,1,-240.0,-1116.434894138174,-0.6666666666666666,-219.8652007206896,0.0,0.0,0.0,-18.848785149663243,0.5,1.0,1.0
835,train,1,0,1,-149.19129824558456,37.42513117360707,0.2,-83.72108236419214,-545.6953915348348,-0.26666666666666666,0.0,19.32796920148796,0.5,0.8288405458088031,0.9148287173243679
835,train,2,1,0,248.6521637426409,-64.15477196309311,0.4000000000000001,-56.79625080336835,156.7505621631298,0.0,0.0,-32.7107850515658,0.5,0.8288405458088031,0.9148287173243679
836,validation,0,2,0,0.0,967.6157886875918,0.06666666666666667,50.42255522503524,0.0,0.26666666666666666,1.0,-0.76572796233134,0.5,1.6524329816200778,1.2642490850339585
836,validation,2,1,1,-1090.6057678692514,-1295.2687758744835,0.06666666666666667,53.34655956883495,0.0,0.26666666666666666,-1.3333333333333333,21.98131493134053,0.5,1.6524329816200778,1.2642490850339585
837,train,0,1,0,1031.8474897291755,825.5174555620042,0.5714285714285714,87.69248790211435,-4.667176043154683,0.19047619047619047,-0.4761904761904763,-18.338877444002996,0.5,1.9108286846836586,1.0502431760995623
837,train,1,2,1,114.64972108101952,287.8780267714582,-0.5714285714285714,133.82863744374419,27.785374575524553,0.0,-0.47619047619047605,-26.013168074311594,0.5,1.9108286846836586,1.0502431760995623
838,train,1,0,1,-768.2833905389144,-1271.464820624712,-2.0,-265.70454809540627,0.0,0.0,0.0,0.0,0.5,1.8292461679497962,1.1590045664898831
838,train,2,1,0,-109.75477007698777,-755.3082840884274,1.3333333333333333,282.6766974047797,0.0,0.0,0.0,0.0,0.5,1.8292461679497962,1.1590045664898831
839,train,2,0,1,-360.0,-716.5047812654134,0.0,-5.541269870781434,-192.97930289398712,-0.2,0.4,0.0,0.5,1.0,1.0
839,train,2,1,1,-420.0,-887.9803983877596,0.0,322.34913123785697,-73.17923027845501,0.0,0.29999999999999993,0.0,0.5,1.0,1.0
840,train,1,0,0,-280.69405080760896,147.124296038198,0.0,0.0,0.0,0.3333333333333333,0.0,269.9298997841755,0.5,1.5594113933756053,1.0349620205194687
840,train,0,2,1,187.12936720507264,156.06956763498846,0.0,0.0,0.0,-0.3333333333333333,0.0,-310.28641829875625,0.5,1.5594113933756053,1.0349620205194687
841,train,0,1,0,252.4611697768397,1109.7993284487582,0.0,-22.43802096005487,0.0,0.4,2.4,2.6995318536401314,0.5,1.051921540736832,0.966008884365494
841,train,1,2,1,-126.23058488841986,-1497.301291975184,0.0,22.889554736909417,0.0,-0.4,-3.0,-5.545161260722857,0.5,1.051921540736832,0.966008884365494
842,train,2,0,1,44.27094718467506,158.46082916956018,0.0,0.0,0.0,0.0,0.16666666666666663,-37.632195731238355,0.5,0.7378491197445843,0.5437680259553773
842,train,1,2,0,442.7094718467506,376.75764014117823,0.0,0.0,0.0,0.0,0.8333333333333334,46.65470191626969,0.5,0.7378491197445843,0.5437680259553773
843,test,1,0,0,-43.4627767033532,125.83989164914067,0.0,0.0,144.4290541376178,0.1,0.0,89.96884035935457,0.5,0.7243796117225533,1.416837260202468
843,test,2,0,0,86.9255534067064,2966.3252640305404,0.3,0.0,202.69179829361264,0.1,0.0,136.0862126020384,0.5,0.7243796117225533,1.416837260202468
844,validation,1,0,1,0.0,365.65660089167557,0.0,0.0,0.0,-0.3333333333333333,0.0,-38.69616640067619,0.5,1.503321051544415,0.9847918234179573
844,validation,1,2,1,-90.1992630926649,-106.5606794680496,0.0,0.0,0.0,0.0,0.0,-62.357721581963204,0.5,1.503321051544415,0.9847918234179573
845,train,0,1,1,-480.0,-405.40611716693184,0.0,0.0,0.0,0.0,0.0,0.0,0.5,1.0,1.0
845,train,0,2,1,-660.0,-1958.870404448765,0.0,0.0,0.0,0.0,0.0,0.0,0.5,1.0,1.0
846,validation,2,0,1,62.80509892247024,-1414.7958366526302,0.0,0.0,0.0,0.0,-1.5,-167.2517079021819,0.5,0.5233758243539187,1.615689716964061
846,validation,2,1,1,0.0,-1092.7478651901035,0.0,0.0,0.0,0.0,-0.3,-110.82645271885946,0.5,0.5233758243539187,1.615689716964061
847,train,1,0,0,163.76369404381632,369.7514162182143,0.0,0.0,212.67729296776443,0.0,0.0,0.0,0.5,0.909798300243424,1.0262740665166104
847,train,0,2,1,-272.93949007302723,-1115.1875426956665,0.0,0.0,-55.286912757744766,0.0,0.0,-334.142481274151,0.5,0.909798300243424,1.0262740665166104
848,train,0,1,0,113.66747254448231,779.0965497777989,0.6666666666666666,0.0,-4.776634713646558,0.0,0.0,70.60914150417807,0.5,0.9472289378706858,0.5196189209022453
848,train,2,1,0,170.50120881672345,672.816934774907,0.3333333333333333,0.0,127.80669690394298,0.0,0.0,304.2492919441049,0.5,0.9472289378706858,0.5196189209022453
849,train,2,0,1,-361.9340299899078,384.063140035386,0.0,-92.98870593176616,0.0,0.0,0.0,-320.748170741285,0.5,0.603223383316513,1.0676577112158576
849,train,1,2,0,0.0,-715.8323757792838,0.0,-418.09995710495815,0.0,0.0,0.0,242.5300156195351,0.5,0.603223383316513,1.0676577112158576
850,train,0,1,1,53.09061212115637,9.292969142249541,0.0,0.0,0.0,-1.0,0.0,0.0,0.5,0.8848435353526062,0.5716508271827261
850,train,0,2,1,0.0,-314.9152366543571,0.0,0.0,0.0,-1.0,0.0,0.0,0.5,0.8848435353526062,0.5716508271827261
851,train,0,1,1,529.041121663207,-789.0111922471414,0.0,0.0,26.105168000598944,0.26666666666666666,-1.0666666666666667,-63.99711412633529,0.5,1.7634704055440233,0.7205107429053363
851,train,0,2,1,105.8082243326414,-783.6383134503953,0.0,0.0,1.5233496898811794,0.13333333333333333,-1.5999999999999999,-23.075344745601527,0.5,1.7634704055440233,0.7205107429053363
852,train,1,0,0,-230.28983407004185,1751.5851173899046,0.3,289.4959827496142,140.65565296815535,0.0,1.2000000000000006,0.0,0.5,0.959540975291841,1.3108555010282605
852,train,0,2,1,57.57245851751046,-1261.9517979276789,0.3,-168.3826749845242,-46.05118988129829,0.0,0.0,0.0,0.5,0.959540975291841,1.3108555010282605
853,train,0,1,0,-139.78487082950386,-1103.3602313021877,-0.19047619047619047,-105.44749568216561,84.48970874475992,-0.14285714285714285,-0.47619047619047605,-95.74789815790999,0.5,0.5824369617895994,0.5430355170410771
853,train,1,2,1,-244.62352395163174,143.87197531673957,0.0,60.975812883350756,-116.69838015998408,0.0,0.23809523809523814,173.42622079973896,0.5,0.5824369617895994,0.5430355170410771
854,validation,0,2,0,-259.5614260624467,-541.6213843928167,0.0,0.0,0.0,0.6666666666666666,0.0,-30.107342746404754,0.5,0.865204753541489,1.2808752325397468
854,validation,1,2,0,51.91228521248934,1150.2204301619647,0.0,0.0,0.0,0.3333333333333333,0.0,51.956943646005186,0.5,0.865204753541489,1.2808752325397468
855,train,1,0,1,-180.0,-1841.711864299892,0.0,-1460.1638316712322,0.0,0.0,0.0,-59.65906341501163,0.5,1.0,1.0
855,train,1,2,1,-240.0,-1972.065016704535,0.0,-1830.1630889614778,0.0,0.0,0.0,-321.5853302331836,0.5,1.0,1.0
856,train,1,0,0,0.0,-241.9716502741641,0.0,0.0,0.0,0.0,2.0,0.0,0.5,1.5201051846170204,0.7599040497231024
856,train,0,2,1,-182.41262215404245,-1403.6516943130885,0.0,0.0,0.0,0.0,-3.0,0.0,0.5,1.5201051846170204,0.7599040497231024
857,validation,0,1,0,-60.0,1990.8913146786986,0.0,0.0,0.0,0.0,0.0,0.0,0.5,1.0,1.0
857,validation,2,1,0,-120.0,953.7929295269055,0.0,0.0,0.0,0.0,0.0,0.0,0.5,1.0,1.0
858,train,0,1,0,-64.8560356140197,314.13745280844546,0.0,0.0,0.0,0.0,1.0,0.0,0.5,1.0809339269003284,0.6923809341543811
858,train,2,1,0,259.4241424560788,533.1526876373598,0.0,0.0,0.0,0.0,2.0,0.0,0.5,1.0809339269003284,0.6923809341543811
859,validation,1,0,1,-63.895036854124236,378.7343392448363,0.0,34.74881132269826,0.0,-0.3333333333333333,-0.06666666666666667,88.71420644968417,0.5,0.5324586404510353,1.5431665659418703
859,validation,1,2,1,-31.947518427062118,732.8598833444831,0.13333333333333333,-0.7677078812881319,0.0,-0.3333333333333333,-0.06666666666666667,16.389567985189032,0.5,0.5324586404510353,1.5431665659418703
860,train,0,1,0,180.7317671341685,2506.368958990822,0.23809523809523808,8.01182517974891,-43.556602413446555,0.2857142857142857,0.047619047619047616,74.83717654809358,0.5,1.0040653729676028,1.4528677863173225
860,train,2,1,0,240.97568951222468,839.1898276242243,0.0,277.34429866617575,-4.652604803625913,0.0,0.09523809523809523,-64.28535645618886,0.5,1.0040653729676028,1.4528677863173225
861,train,1,0,0,592.8498431562077,2006.059895392822,0.4,277.1381357372778,1885.2191685702187,0.0,0.0,-86.17347510207588,0.5,1.4115472456100184,1.053551857012374
861,train,0,2,1,169.3856694732022,-649.8275400638936,-0.2,-138.81526640243987,-174.93590265343022,0.0,0.0,4.004343404253419,0.5,1.4115472456100184,1.053551857012374
862,train,2,0,1,90.43773310917932,-90.57247640907015,0.0,0.0,-181.55081922703675,0.0,0.0,0.0,0.5,1.5072955518196554,0.7702921859848703
862,train,1,2,0,-90.43773310917932,640.3534994171666,0.3333333333333333,0.0,717.6801671114066,0.0,0.0,0.0,0.5,1.5072955518196554,0.7702921859848703
863,validation,0,2,0,-53.36154146321541,445.0442063099311,0.0,174.16623466118187,0.0,0.0,0.0,352.0437058794969,0.5,0.8893590243869235,1.193616141117144
863,validation,2,1,1,-533.615414632154,-1072.8646556734811,0.0,-382.21843287089087,0.0,0.0,0.0,-129.81240064410207,0.5,0.8893590243869235,1.193616141117144
864,train,2,0,1,-120.0,-596.849898303104,0.0,0.0,0.0,0.0,0.0,0.0,0.5,1.0,1.0
864,train,1,2,0,60.0,194.69121499046742,0.0,0.0,0.0,0.0,0.0,0.0,0.5,1.0,1.0
865,train,0,1,1,-360.0,-352.5268483092168,-0.6666666666666666,561.912673230772,0.0,0.0,0.0,0.0,0.5,1.0,1.0
865,train,0,2,1,-180.0,-530.408181392203,-0.3333333333333333,-990.4920308710628,0.0,0.0,0.0,0.0,0.5,1.0,1.0
866,train,2,0,1,-245.4693083753386,-91.99223376752279,-0.30000000000000004,-4.420957825721587,0.0,0.0,0.09999999999999998,-135.97932017780565,0.5,0.8182310279177953,1.6843765808490745
866,train,1,2,0,245.4693083753386,1710.396700520654,-0.29999999999999993,297.22967755344973,0.0,0.0,0.5,11.392823680855928,0.5,0.8182310279177953,1.6843765808490745
867,train,1,0,1,-536.263200507685,-739.7451271332973,-0.2666666666666667,147.05714153712177,-360.34545953482166,0.26666666666666666,-1.3333333333333335,0.0,0.5,0.8125200007692198,0.6120218892411573
867,train,2,1,0,292.50720027691915,461.87102952417365,0.06666666666666668,-310.27233761166156,205.96650583296682,-0.13333333333333333,0.3333333333333335,0.0,0.5,0.8125200007692198,0.6120218892411573
868,validation,1,0,1,-747.9345536216998,-1587.2356444908296,-0.9999999999999999,0.0,0.0,-0.5,-2.666666666666667,0.0,0.5,0.6560829417734209,0.83142939622848
868,validation,1,2,1,-78.7299530128105,-187.60405645314864,-0.33333333333333337,0.0,0.0,0.5,-1.3333333333333333,0.0,0.5,0.6560829417734209,0.83142939622848
869,validation,1,0,1,0.0,43.415661906755076,0.0,0.0,0.0,0.0,0.0,0.0,0.5,1.8021070843407718,0.6933945994449671
869,validation,1,2,1,-540.6321253022315,-574.8331049543069,0.0,0.0,0.0,-1.0,0.0,0.0,0.5,1.8021070843407718,0.6933945994449671
870,train,0,1,0,180.0,-235.8380516351208,0.0,0.0,0.0,0.0,0.0,0.0,0.5,1.0,1.0
870,train,2,1,0,180.0,168.71355996452166,0.0,0.0,0.0,0.0,0.0,0.0,0.5,1.0,1.0
871,validation,0,1,0,158.34727225137775,1650.6758930557455,-0.29999999999999993,70.5146599287884,144.37391147351178,0.0,0.0,0.0,0.5,0.8797070680632098,1.6314332952306758
871,validation,2,1,0,52.782424083792584,-187.93122663240482,0.0,-1.1406859278067998,48.82775640937473,0.0,-0.40000000000000013,0.0,0.5,0.8797070680632098,1.6314332952306758
872,train,1,0,1,-379.49428209326015,-327.72078216983357,0.0,32.86388604938725,24.017217767462057,0.0,0.0,0.0,0.5,0.790613087694292,1.035038776554127
872,train,2,1,0,189.74714104663008,-51.20046552254596,0.0,245.34969615373356,-167.23254105431687,0.0,0.0,0.0,0.5,0.790613087694292,1.035038776554127
873,validation,1,0,0,-50.52513597417323,-94.1968529109969,0.0,0.0,0.0,0.0,0.0,95.88517292662483,0.5,0.8420855995695539,0.6068232529084194
873,validation,2,0,0,252.62567987086615,666.1111067401948,0.0,0.0,0.0,1.3333333333333333,0.0,104.0442626082988,0.5,0.8420855995695539,0.6068232529084194
874,train,1,0,0,130.76253122360166,344.9866458754507,0.09523809523809523,6.283297530201338,77.12720457883393,-0.047619047619047616,-1.1428571428571426,35.59692005550192,0.5,0.5448438800983403,0.6684024443879526
874,train,0,2,1,-98.07189841770125,-396.90939220565383,0.0,-3.7204200241942544,-375.1493141042184,0.0,1.1428571428571426,-215.28713573868444,0.5,0.5448438800983403,0.6684024443879526
875,validation,2,0,1,-595.9779154476018,392.92706778680775,0.6666666666666666,65.04094026497064,-196.89715715030349,-0.2,0.0,97.28667371935069,0.5,1.1036628063844478,1.451026571483995
875,validation,1,2,0,66.21976838306686,-635.4163003363304,0.0,42.15387386907409,480.4685515010595,0.6000000000000001,0.0,-46.538414078262896,0.5,1.1036628063844478,1.451026571483995
876,test,0,1,1,48.73304538562047,-192.74075522679271,0.3333333333333333,0.0,0.0,-0.16666666666666666,0.0,-157.41095160159188,0.5,0.8122174230936745,0.7838947414297555
876,test,2,0,0,-48.73304538562047,-529.2837298703788,-0.3333333333333333,0.0,0.0,0.3333333333333333,0.0,237.14736450199774,0.5,0.8122174230936745,0.7838947414297555
877,train,2,0,1,0.0,-382.7452493955901,0.0,0.0,0.0,0.0,0.33333333333333337,88.5523196631733,0.5,0.8035372040677365,1.183958234536752
877,train,2,1,1,-241.06116122032097,-516.0357893661514,0.0,0.0,0.0,0.0,0.16666666666666669,-62.26644588862072,0.5,0.8035372040677365,1.183958234536752
878,validation,1,0,0,-399.96128411001877,387.4018498305801,0.0,-35.88344705901852,135.14254041537248,0.0,0.0,12.687855227016385,0.5,1.1110035669722744,0.7068447546157061
878,validation,0,2,1,133.32042803667292,-499.92750626564117,0.0,-56.28858266534252,-230.0474043144393,0.0,0.0,-42.84864316448221,0.5,1.1110035669722744,0.7068447546157061
879,train,1,0,1,-120.0,1808.4472966242938,0.0,0.0,0.0,0.0,0.0,0.0,0.5,1.0,1.0
879,train,1,2,1,0.0,512.7804903517244,0.0,0.0,0.0,0.0,0.0,0.0,0.5,1.0,1.0
880,train,2,0,1,-120.0,0.0,0.0,-277.8295859559122,8.854210247926417,0.0,-0.29999999999999993,0.0,0.5,1.0,1.0
880,train,1,2,0,300.0,222.14551196399702,0.0,174.36544856909433,37.358732044965365,0.0,0.29999999999999993,0.0,0.5,1.0,1.0
881,test,1,0,0,147.7287173635105,-79.55110054551923,0.0,0.0,-155.11418451053714,0.0,-0.6666666666666665,84.27566185824469,0.5,0.6155363223479604,0.7680053376794639
881,test,0,2,1,36.932179340877624,-73.40278317791062,0.06666666666666668,0.0,-16.874971421281543,-0.5333333333333333,-1.0,83.82558968013825,0.5,0.6155363223479604,0.7680053376794639
882,train,2,0,1,-92.8916308649271,633.7480260128607,0.0,0.0,0.0,0.0,-5.333333333333334,-135.70437983650413,0.5,0.5160646159162616,1.0108274719495065
882,train,1,2,0,123.85550781990278,519.3703348006625,0.0,0.0,0.0,0.0,3.3333333333333335,-71.37784394360528,0.5,0.5160646159162616,1.0108274719495065
883,train,2,0,1,-217.54620864971227,32.42743220022408,0.06666666666666667,345.92182062829295,-10.523726692802285,0.0,-1.333333333333333,29.277288955217255,0.5,0.5179671634516959,1.6608742833913652
883,train,2,1,1,-31.078029807101753,-2130.349440771651,0.06666666666666667,-130.81638560299496,-131.1117356627444,0.0,-1.6666666666666665,-168.47838496326565,0.5,0.5179671634516959,1.6608742833913652
884,train,1,0,1,79.52160195679937,347.9870121718694,0.0,-186.7796634062017,0.0,0.0,0.0,10.853911656532667,0.5,1.3253600326133228,0.5400734040848846
884,train,2,1,0,-159.04320391359875,-138.23966666615567,0.4,-34.77903809679762,0.0,0.3,0.0,-21.42533004936947,0.5,1.3253600326133228,0.5400734040848846
885,train,0,1,1,0.0,-332.21233773054155,0.0,0.0,0.0,0.0,0.0,0.0,0.5,1.0,1.0
885,train,0,2,1,0.0,-2135.6389311007515,0.0,0.0,0.0,0.0,0.0,0.0,0.5,1.0,1.0
886,test,1,0,1,-240.0,894.6480763534109,0.3333333333333333,-289.34289632660403,-116.17500574209821,0.0,0.0,0.0,0.5,1.0,1.0
886,test,1,2,1,-180.0,-876.6943489474452,-2.333333333333333,-1407.5645580277044,-97.58018522473814,0.0,0.0,0.0,0.5,1.0,1.0
887,train,0,1,0,411.2069075144893,-103.61133671261385,0.0,64.08464814221762,0.0,0.5,0.0,123.34352770439845,0.5,1.7133621146437052,0.6052672942014062
887,train,1,2,1,-102.80172687862232,-621.4279881672443,0.0,-9.372495791521288,0.0,-0.5,0.0,-53.320484228750765,0.5,1.7133621146437052,0.6052672942014062
888,train,1,0,0,90.40021941156387,1162.009023408968,-0.16666666666666666,0.0,0.0,0.0,2.0,223.74882130647956,0.5,0.7533351617630323,1.1850147042756174
888,train,2,0,0,-135.6003291173458,1199.8195151467628,-0.16666666666666666,0.0,0.0,0.0,0.0,140.99128246258707,0.5,0.7533351617630323,1.1850147042756174
889,train,0,1,0,131.39922153068727,-368.4862707653071,1.6,0.0,-306.3354944466892,0.0,1.7999999999999998,35.235292437949596,0.5,0.7299956751704848,1.0735874869861628
889,train,1,2,1,-525.5968861227491,-629.0452252125532,-1.2000000000000002,0.0,460.73329289657477,0.0,-1.5,-108.99755537236653,0.5,0.7299956751704848,1.0735874869861628
890,train,2,0,1,-120.0,87.77027271418228,0.0,0.0,0.0,0.0,0.0,0.0,0.5,1.0,1.0
890,train,2,1,1,0.0,276.50865282456925,0.0,0.0,0.0,0.0,0.0,0.0,0.5,1.0,1.0
891,train,2,0,1,-552.4639076711642,281.2664944323765,0.0,159.36431082227134,-305.84460867660636,-0.2857142857142857,-0.2857142857142857,1.4755141543315915,0.5,1.1509664743149253,1.7610182854437535
891,train,2,1,1,-1381.1597691779102,-4965.520922870719,-0.5714285714285714,112.76959554125897,-307.7270027233972,0.0,-0.19047619047619035,-113.3195919796667,0.5,1.1509664743149253,1.7610182854437535
892,train,0,1,1,0.0,765.3065052806326,0.0,0.0,0.0,0.0,0.0,0.0,0.5,0.8194804490467172,1.2101501600174485
892,train,2,0,0,-98.33765388560607,-74.23783345334478,0.0,0.0,0.0,1.0,0.0,0.0,0.5,0.8194804490467172,1.2101501600174485
893,train,1,0,0,-208.50574616883083,2226.5060228901016,1.3333333333333333,0.0,231.8868581105384,0.0,0.0,0.0,0.5,1.7375478847402568,1.5714004641496935
893,train,2,0,0,208.50574616883083,-1325.3076064852069,0.0,0.0,64.15211079473448,0.0,-0.5,0.0,0.5,1.7375478847402568,1.5714004641496935
894,validation,0,1,1,300.0,-74.13382444066883,0.0,-672.7634680999618,0.0,0.0,0.0,0.0,0.5,1.0,1.0
894,validation,0,2,1,0.0,-167.04402499051866,0.0,-1295.7242462857103,0.0,0.0,0.0,0.0,0.5,1.0,1.0
895,train,0,1,0,144.69032938516892,1848.3267924434138,0.0,-314.72058858488674,211.435626826563,0.0,0.0,229.65889077439385,0.5,0.6028763724382038,1.3922385504909136
895,train,1,2,1,-108.51774703887668,-1379.1194682464677,0.0,142.25194677091878,-212.6387114658902,0.0,0.0,-110.3888231368818,0.5,0.6028763724382038,1.3922385504909136
896,validation,0,1,1,-540.0,-1128.4386809147554,0.0,-535.3404126548123,-129.25053165861718,0.0,-0.6000000000000001,29.159528888433773,0.5,1.0,1.0
896,validation,2,0,0,60.0,615.3535627395968,0.0,24.96462194602327,236.94913754515332,0.0,0.0,-11.367817803962602,0.5,1.0,1.0
897,train,0,2,0,360.0,404.7208853153952,0.0,804.3368726873466,0.0,0.0,0.0,0.0,0.5,1.0,1.0
897,train,1,2,0,0.0,-645.556206589069,0.0,810.1679704060878,0.0,0.0,0.0,0.0,0.5,1.0,1.0
898,train,1,0,0,300.0,2634.343661269421,0.0,171.09421847802116,267.486490791919,0.4,0.4,0.0,0.5,1.0,1.0
898,train,2,0,0,-180.0,1365.2336649838721,-0.5333333333333333,488.9574079017961,200.42486454150597,0.4,0.06666666666666668,0.0,0.5,1.0,1.0
899,train,2,0,1,-196.5953578150414,-609.4249219301006,0.0,0.0,-444.56159928226293,0.0,0.0,0.0,0.5,0.5460982161528928,0.6372894505787371
899,train,1,2,0,0.0,-225.90944596426746,0.0,0.0,-257.8809157133844,0.0,0.0,0.0,0.5,0.5460982161528928,0.6372894505787371
900,validation,1,0,0,-213.6950510259158,706.2702903232155,0.2,34.76302259822987,0.0,0.0,0.30000000000000004,0.0,0.5,0.7123168367530527,1.9559844194513818
900,validation,0,2,1,0.0,-963.2405133747868,-0.4,-3.1862493421272973,0.0,0.0,0.0,0.0,0.5,0.7123168367530527,1.9559844194513818
901,train,0,1,0,345.1510085425926,355.4476184105543,0.0,-125.92916552553618,66.83955223927883,0.0,-0.8,40.59520686751716,0.5,1.9175056030144033,0.8138229604232508
901,train,2,1,0,0.0,-1142.874570499911,0.0,-274.5830264937407,4.493583360700242,0.3333333333333333,-1.0,79.98558105943385,0.5,1.9175056030144033,0.8138229604232508
902,train,1,0,1,-186.50664444056034,279.6235118041458,0.42857142857142855,-3.3485959304936443,196.70709906093552,0.0,-0.09523809523809523,-23.65723992326151,0.5,0.7771110185023348,1.6440466449979154
902,train,1,2,1,-326.3866277709806,-1559.786877020675,0.42857142857142855,-262.39406257094913,-9.511360658586511,0.0,-0.14285714285714285,-34.06401771106661,0.5,0.7771110185023348,1.6440466449979154
903,train,1,0,1,-502.5839176750495,-1615.6024361516443,-0.10000000000000003,0.0,-407.0192699537839,0.0,-0.19999999999999996,183.595632772984,0.5,1.0470498284896865,1.751921062289049
903,train,2,1,0,-188.46896912814358,276.12623315985724,0.4000000000000001,0.0,55.406685532187865,0.0,-0.20000000000000018,110.0391275792947,0.5,1.0470498284896865,1.751921062289049
904,train,2,0,1,-642.0819487827104,-1508.8113232763255,-0.20000000000000004,258.3726621618468,-335.49059681688385,-1.4999999999999998,0.0,0.0,0.5,1.7835609688408622,1.190131272547204
904,train,2,1,1,-1605.204871956776,-839.2628713882755,-0.20000000000000004,-56.32059613286805,-26.639730185300948,0.3,0.0,0.0,0.5,1.7835609688408622,1.190131272547204
905,train,0,2,0,120.0,301.885814884261,0.0,0.0,0.0,0.0,0.0,0.0,0.5,1.0,1.0
905,train,1,2,0,180.0,924.7965616768302,0.0,0.0,0.0,0.0,0.0,0.0,0.5,1.0,1.0
906,train,0,1,0,0.0,58.18957589324432,0.0,0.0,0.0,0.5,0.3333333333333333,0.0,0.5,1.7791213454225387,0.7418167470059887
906,train,2,1,0,-213.49456145070465,-465.553507532036,0.0,0.0,0.0,0.5,0.49999999999999994,0.0,0.5,1.7791213454225387,0.7418167470059887
907,train,1,0,1,-468.6154354198748,-731.6631522075539,0.0,432.5334939879529,-252.58578849956282,-0.4,0.0,22.65444786293682,0.5,1.9525643142494784,1.4399015867532214
907,train,2,1,0,468.6154354198748,1674.4856949586413,0.0,6.0302658045083035,305.53993843893375,0.0,0.0,12.886317249559731,0.5,1.9525643142494784,1.4399015867532214
908,test,2,0,1,-120.0,407.9975182897115,0.0,0.0,0.0,0.0,0.0,0.0,0.5,1.0,1.0
908,test,1,2,0,420.0,320.45940708041326,0.0,0.0,0.0,0.0,0.0,0.0,0.5,1.0,1.0
909,validation,0,1,1,-86.44151671103413,-768.2085589502578,-0.8,-43.40773735596551,0.0,0.0,0.0,-51.87935787447188,0.5,1.440691945183902,0.5624383320353482
909,validation,0,2,1,86.44151671103413,-1248.6019191400524,0.0,-256.59807387418726,0.0,0.0,0.0,-79.53632974775428,0.5,1.440691945183902,0.5624383320353482
910,train,0,2,0,-101.85466342419804,599.9943211017037,0.0,0.0,41.63690046953059,0.3333333333333333,0.0,218.97988881135703,0.5,0.848788861868317,0.7588320943074313
910,train,2,1,1,-203.70932684839607,-1552.4894448500954,0.0,0.0,85.906457369939,-0.6666666666666667,0.0,-122.0624626302135,0.5,0.848788861868317,0.7588320943074313
911,train,1,0,1,239.84994498414233,142.1030145141114,-0.2,0.0,-133.09364974972146,0.13333333333333333,0.0,31.85769871771841,0.5,1.9987495415345193,0.5461530747042395
911,train,1,2,1,479.69988996828465,84.79562497423808,-0.6000000000000001,0.0,-136.5822042806119,0.0,1.6666666666666667,-24.368925153144122,0.5,1.9987495415345193,0.5461530747042395
912,train,1,0,1,0.0,-1913.7606875002828,-0.3333333333333333,0.0,-140.49421334980622,0.0,0.0,20.764385783979744,0.5,0.5706543353223735,1.5492869021895046
912,train,2,1,0,102.71778035802724,2413.8904131183554,0.6666666666666666,0.0,245.35615462485737,0.0,0.0,-51.67563774987599,0.5,0.5706543353223735,1.5492869021895046
913,validation,1,0,0,300.0,-301.3808962522462,0.0,-455.18165363571916,0.0,0.0,0.0,0.0,0.5,1.0,1.0
913,validation,0,2,1,0.0,143.11085632546656,0.0,51.958649365183646,0.0,0.0,0.0,0.0,0.5,1.0,1.0
914,train,2,0,1,-536.1327103802704,-4165.758268472775,0.2857142857142857,117.48437840986486,-150.2326056658683,0.0,-0.23809523809523814,123.14021202733822,0.5,0.9928383525560562,1.7491347219113682
914,train,2,1,1,-416.9921080735436,-5996.730026625648,0.2857142857142857,79.68699089384168,-45.69608027246059,-0.2857142857142857,0.9523809523809521,-167.10810992131283,0.5,0.9928383525560562,1.7491347219113682
915,train,2,0,1,360.0,-1327.639492965356,0.0,-512.908461232331,0.0,0.0,0.0,0.0,0.5,1.0,1.0
915,train,1,2,0,-300.0,-91.22548967495459,0.3333333333333333,-695.3234702372233,0.0,0.0,0.0,0.0,0.5,1.0,1.0
916,test,0,1,1,0.0,-700.1713319239034,0.0,-61.7627477765522,8.37275514289059,0.0,0.1428571428571428,-94.5462868668994,0.5,1.0,1.0
916,test,0,2,1,60.0,228.92267451668977,0.0,-71.76695324857712,-35.97047092837595,0.0,0.0,-61.32267105674482,0.5,1.0,1.0
917,train,1,0,1,-798.617354838127,-513.8846315890826,0.0,0.0,0.0,-1.0,0.0,0.0,0.5,1.6637861559127645,0.6625219028529507
917,train,1,2,1,-199.65433870953174,-257.64575168672457,0.0,0.0,0.0,0.0,0.0,0.0,0.5,1.6637861559127645,0.6625219028529507
918,train,0,1,1,120.30557283320476,14.603618523544244,0.0,132.988229626992,130.76401909782328,0.0,0.0,0.0,0.5,1.0025464402767064,0.7204329390287234
918,train,0,2,1,-180.45835924980713,-260.0136640008737,0.0,41.420253084624306,21.038781523831688,0.0,0.0,0.0,0.5,1.0025464402767064,0.7204329390287234
919,validation,1,0,0,184.07095490169436,2111.9828083298557,0.0,0.0,0.0,-0.3333333333333333,2.6666666666666665,0.0,0.5,0.5113082080602621,1.1865277290454583
919,validation,0,2,1,-398.82040228700447,-1058.1932522320226,-0.5,0.0,0.0,-0.16666666666666669,-1.0,0.0,0.5,0.5113082080602621,1.1865277290454583
920,validation,2,0,1,353.89896005821714,-2394.3177005129583,0.0,0.0,-709.6730117611444,0.0,0.0,0.0,0.5,0.9830526668283809,1.702027449009428
920,validation,2,1,1,176.94948002910857,-2423.0843378129066,0.0,0.0,-613.9077391500816,0.0,0.0,0.0,0.5,0.9830526668283809,1.702027449009428
921,train,1,0,0,187.38572891710783,237.5351904832013,0.0,167.86598514348677,45.860038467227255,0.2857142857142857,0.19047619047619047,-3.900143953043383,0.5,1.5615477409758984,0.8322520260262459
921,train,0,2,1,-374.77145783421565,-913.004818586223,0.0,19.148363219640174,50.03866967106302,0.0,-0.19047619047619047,5.46502107536044,0.5,1.5615477409758984,0.8322520260262459
922,train,0,2,0,180.0,1126.0891199519883,0.0,0.0,0.0,0.0,0.0,0.0,0.5,1.0,1.0
922,train,1,2,0,120.0,-204.34093820954513,0.0,0.0,0.0,0.0,0.0,0.0,0.5,1.0,1.0
923,train,2,0,1,-114.84870449173337,-898.0894019412228,-0.20000000000000007,0.0,-972.7061936831393,0.0,-0.30000000000000004,124.15177832865326,0.5,0.9570725374311114,1.1892395791335202
923,train,2,1,1,-803.9409314421335,-2297.6165924433813,0.4,0.0,-302.93962400616596,0.0,-0.20000000000000007,10.636905842291213,0.5,0.9570725374311114,1.1892395791335202
924,train,0,2,0,420.0,949.3278443648796,0.0,0.0,0.0,0.0,0.0,0.0,0.5,1.0,1.0
924,train,1,2,0,180.0,379.52466737091345,0.0,0.0,0.0,0.0,0.0,0.0,0.5,1.0,1.0
925,train,1,0,0,189.82494373978497,39.09986852109798,-0.19047619047619047,-87.0733330663862,13.154110890499954,-0.19047619047619047,0.2857142857142857,24.230231453774113,0.5,1.0545830207765832,0.5753942753952076
925,train,0,2,1,0.0,46.61547396293021,0.2857142857142857,82.37699350586679,-26.957074499715304,0.19047619047619047,0.0,-58.43458343206192,0.5,1.0545830207765832,0.5753942753952076
926,train,1,0,0,0.0,-650.2378645378858,-0.047619047619047616,-324.9216626775223,7.010200343010261,0.09523809523809523,0.2857142857142857,43.6126496614278,0.5,1.0,1.0
926,train,0,2,1,0.0,204.0340974483429,0.047619047619047616,149.88346827010923,-37.81111131900547,0.0,-0.2857142857142857,-28.12365771880617,0.5,1.0,1.0
927,validation,0,1,1,500.05769106636285,363.901335151758,0.0,147.4859646016376,0.0,0.0,-2.3333333333333335,-335.23920659757823,0.5,1.041786856388256,0.7159663837469062
927,validation,2,0,0,-687.5793252162489,-132.54227446203296,0.0,-276.22073294161737,0.0,0.0,1.6666666666666665,131.7587228181572,0.5,1.041786856388256,0.7159663837469062
928,train,1,0,0,120.0,-244.38646285973118,0.0,25.14454755924362,0.0,0.0,0.0,0.0,0.5,1.0,1.0
928,train,2,0,0,120.0,-213.56935259160946,0.0,1685.8138952802365,0.0,0.0,0.0,0.0,0.5,1.0,1.0
929,train,0,1,1,-34.5639209368916,-925.5582113439032,0.0,-13.807547933904829,-3.8605696724407252,0.0,0.5714285714285713,5.4274347916352,0.5,0.5760653489481933,1.4513526050797967
929,train,0,2,1,-103.69176281067479,-2400.3663748502945,-0.19047619047619047,-265.5746252674878,-50.01205998655002,-0.19047619047619047,-0.2857142857142858,7.6573898345998614,0.5,0.5760653489481933,1.4513526050797967
930,train,0,1,1,-221.56739958490473,29.58347242471985,0.0,2.9368213383590387,306.8478052871187,-0.7142857142857142,0.857142857142857,-76.60081037205335,0.5,0.6154649988469576,0.849718195388062
930,train,0,2,1,0.0,-803.9815342588606,0.09523809523809523,-103.66645156811217,251.95815340608598,-0.23809523809523808,-1.1428571428571428,-21.749637923794285,0.5,0.6154649988469576,0.849718195388062
931,train,0,1,1,-708.9071509476967,-207.54860256468064,0.0,0.0,0.0,-0.6666666666666666,0.0,85.12460172391212,0.5,1.181511918246161,0.7991460328910677
931,train,0,2,1,70.89071509476966,287.6266359847606,0.0,0.0,0.0,-0.6666666666666666,0.0,29.299570685112172,0.5,1.181511918246161,0.7991460328910677
932,train,0,2,0,480.0,292.0353102225922,0.0,0.0,0.0,0.0,0.0,0.0,0.5,1.0,1.0
932,train,1,2,0,-60.0,28.881311939129773,0.0,0.0,0.0,0.0,0.0,0.0,0.5,1.0,1.0
933,train,0,1,0,307.57950461348446,1237.4023706613825,0.0,0.0,0.0,0.0,3.0,0.0,0.5,0.6407906346114259,1.5586926385028397
933,train,1,2,1,-153.78975230674223,-406.5038275442757,0.0,0.0,0.0,0.0,-6.0,0.0,0.5,0.6407906346114259,1.5586926385028397
934,train,1,0,1,128.51161108778373,1418.6740542292466,0.0,-98.69740705451437,0.0,-0.3333333333333333,0.0,2.691626027361611,0.5,0.7139533949321318,1.4614656038573084
934,train,2,1,0,128.51161108778373,222.23612894411966,-0.6000000000000001,83.05754006067286,0.0,0.3333333333333333,0.0,18.8315311920838,0.5,0.7139533949321318,1.4614656038573084
935,validation,0,2,0,166.07366172782116,-143.34801923367303,0.0,-224.67457176567024,0.0,0.8,0.8000000000000002,0.0,0.5,0.9226314540434508,0.565456255401421
935,validation,1,2,0,-55.35788724260705,168.15490775455132,-0.2,-121.71676390626934,0.0,0.4,0.0,0.0,0.5,0.9226314540434508,0.565456255401421
936,train,1,0,1,-209.7125018027914,-353.10129656966893,0.0,0.0,4.015052459994358,-0.26666666666666666,0.2,-0.2725287562468175,0.5,1.7476041816899284,1.8504239753049643
936,train,2,1,0,209.7125018027914,454.62471979802893,0.0,0.0,76.07604009119467,0.26666666666666666,0.0,11.955977778961078,0.5,1.7476041816899284,1.8504239753049643
937,train,1,0,1,331.99367172397484,-1129.841398430016,-1.5,0.0,0.0,-0.3333333333333333,0.0,-74.9001480568381,0.5,0.6148030957851386,1.7534859075340368
937,train,1,2,1,184.44092873554158,-3418.8844482041004,0.0,0.0,0.0,-0.3333333333333333,0.0,-56.16476747122644,0.5,0.6148030957851386,1.7534859075340368
938,train,0,1,1,0.0,-854.9929353087488,0.0,0.0,-245.58881037456564,0.0,0.0,0.0,0.5,1.165013224134878,1.8669735147655295
938,train,2,0,0,139.80158689618537,1426.9944769784913,0.0,0.0,-33.72186283083913,0.0,-1.3333333333333335,0.0,0.5,1.165013224134878,1.8669735147655295
939,train,0,1,1,-540.0,-2046.4727341419716,0.0,-480.79474527292314,-69.42009578779121,0.0,0.0,0.0,0.5,1.0,1.0
939,train,2,0,0,-180.0,112.88865573879866,0.0,605.5930651087444,145.2569634528065,0.0,0.0,0.0,0.5,1.0,1.0
940,train,0,1,1,121.4041651624148,-602.9213507939162,0.0,0.0,-108.59078223219055,0.0,0.0,0.0,0.5,0.6744675842356378,1.1271977053053914
940,train,0,2,1,-566.5527707579357,-2220.865515850597,0.0,0.0,-683.0561169637057,0.0,0.0,0.0,0.5,0.6744675842356378,1.1271977053053914
941,train,1,0,0,-90.35161098642125,-427.4982501067492,0.0,17.38273625781673,-4.542227007803831,-0.2,0.0,112.17841312287317,0.5,0.7529300915535104,0.8857421933682235
941,train,0,2,1,-45.175805493210625,-158.05319460512044,0.0,-89.94959222276205,-6.635342931287344,0.2,0.0,-80.11778778200289,0.5,0.7529300915535104,0.8857421933682235
942,train,1,0,1,-185.3028332685355,-253.05340819355476,0.0,0.0,-252.0511024226031,0.0,0.40000000000000013,0.0,0.5,0.6176761108951183,1.3941158301434102
942,train,2,1,0,74.1211333074142,872.6001520303896,0.0,0.0,397.1630824618493,-0.2,-0.40000000000000013,171.7415424999592,0.5,0.6176761108951183,1.3941158301434102
943,train,0,2,0,570.8955502327879,2104.7675981702296,1.5,0.0,12.716089001947651,-0.16666666666666666,0.0,0.0,0.5,1.585820972868855,1.177645657784117
943,train,2,1,1,-380.5970334885252,-39.42335250893923,0.0,0.0,1.5178501319713007,0.0,0.0,0.0,0.5,1.585820972868855,1.177645657784117
944,train,0,1,1,-321.582529072616,-153.5177883916975,0.0,0.0,0.0,0.0,0.0,-17.339302645196994,0.5,1.3399272044692334,0.79873304002368
944,train,2,0,0,80.395632268154,-239.8124024461358,0.0,0.0,0.0,0.0,0.0,-63.84318668203153,0.5,1.3399272044692334,0.79873304002368
945,train,0,1,0,-60.0,-335.59049688373034,0.0,0.0,0.0,0.0,0.0,0.0,0.5,1.0,1.0
945,train,1,2,1,-60.0,179.4377038437092,0.0,0.0,0.0,0.0,0.0,0.0,0.5,1.0,1.0
946,train,0,1,0,116.07792638859434,1350.3589714221484,-0.42857142857142855,359.2771335537921,61.95012121975709,0.0,0.0,33.812626020316905,0.5,0.9673160532382862,0.7298031551946379
946,train,1,2,1,58.03896319429717,100.05700950576272,0.2857142857142857,33.62772814975432,-2.586462275754478,-0.23809523809523808,0.2857142857142856,-11.420204336847252,0.5,0.9673160532382862,0.7298031551946379
947,train,0,1,0,-65.25717320967965,-192.8421181976207,-0.14285714285714285,-6.862902846576333,97.61198204107308,0.7142857142857142,-1.3333333333333335,-5.9357591525766225,0.5,1.0876195534946609,1.108490904259306
947,train,2,1,0,261.0286928387186,994.4038032091372,0.14285714285714285,-78.9319455194993,-55.16326426592639,0.47619047619047616,-0.3809523809523814,40.09737356183086,0.5,1.0876195534946609,1.108490904259306
948,train,0,1,1,-314.75009961440844,-1328.7728487406387,0.0,-290.2190875355613,0.0,0.0,0.0,159.18636552522787,0.5,0.6557293741966842,1.270180139263829
948,train,0,2,1,-39.343762451801055,45.37856256829692,0.0,20.278418954001268,0.0,0.0,0.0,94.81004827588445,0.5,0.6557293741966842,1.270180139263829
949,validation,1,0,0,-60.0,-364.4484494100193,0.0,0.0,0.0,0.0,0.0,0.0,0.5,1.0,1.0
949,validation,2,0,0,-180.0,-614.9795548959214,0.0,0.0,0.0,0.0,0.0,0.0,0.5,1.0,1.0
950,train,1,0,0,-70.30683559527168,-165.40725034839517,-0.1,292.32177035307336,0.0,0.0,-0.4,0.0,0.5,1.171780593254528,0.6204833779264227
950,train,2,0,0,70.30683559527168,270.0108718147554,-0.1,241.39358270528172,0.0,0.0,0.40000000000000013,0.0,0.5,1.171780593254528,0.6204833779264227
951,train,1,0,0,564.5299718568084,533.2212371963883,0.0,0.0,1196.7566326453848,0.0,0.16666666666666652,11.620026531957741,0.5,1.1761041080350174,0.5394978964250798
951,train,0,2,1,-423.3974788926063,-2070.5252804106944,0.0,0.0,-1040.179178921774,0.0,-0.8333333333333333,-419.1163304254157,0.5,1.1761041080350174,0.5394978964250798
952,train,0,1,0,408.14514580243775,447.3141267380126,0.0,179.91387348415913,105.77796544791352,0.0,0.0,0.0,0.5,0.7558243440785885,0.7043930417083124
952,train,2,1,0,45.34946064471531,594.1304490989621,0.0,361.5401733181217,74.60324335165956,0.4,0.0,69.70509976003467,0.5,0.7558243440785885,0.7043930417083124
953,train,0,1,1,-88.41815762468376,-1199.8627018571908,0.2857142857142857,-95.27386522279005,-78.52990956721068,-0.19047619047619047,0.09523809523809523,16.770458132599078,0.5,1.473635960411396,1.8192673079377968
953,train,2,0,0,530.5089457481025,2993.4215828951587,0.8571428571428571,-24.920984824702316,278.045388668349,0.19047619047619047,-0.09523809523809523,13.158367674451782,0.5,1.473635960411396,1.8192673079377968
954,test,1,0,1,-67.30765039809371,-595.3155112703237,0.0,0.0,21.940208015601787,-0.3333333333333333,0.0,0.0,0.5,1.121794173301562,1.3567644492390436
954,test,1,2,1,0.0,0.0,0.0,0.0,1.5994080183864767,-0.3333333333333333,-1.0,0.0,0.5,1.121794173301562,1.3567644492390436
955,train,0,1,1,-60.0,-282.4158842441075,0.0,203.64776186914662,86.55766416661046,0.0,0.0,0.0,0.5,1.0,1.0
955,train,0,2,1,-240.0,-1086.3516454223263,0.0,-298.755268153352,-126.07689825849508,0.3333333333333333,0.0,0.0,0.5,1.0,1.0
956,train,0,2,0,540.0,468.13554517649027,0.0,0.0,0.0,0.0,0.0,0.0,0.5,1.0,1.0
956,train,1,2,0,120.0,-1021.6375497712188,0.0,0.0,0.0,0.0,0.0,0.0,0.5,1.0,1.0
957,train,0,1,1,0.0,-1228.195523338308,0.0,113.61652615162129,-221.47280680108463,0.0,0.047619047619047616,-29.040638177294653,0.5,0.8571306489766356,1.5502211758844893
957,train,2,0,0,0.0,188.39674685808959,0.0,-119.04316953370795,100.27832755127974,0.23809523809523808,-0.19047619047619047,3.0872234929882865,0.5,0.8571306489766356,1.5502211758844893
958,train,2,0,1,-30.701561492668024,549.5953543698016,0.0,0.0,0.0,0.0,0.0,0.0,0.5,0.5116926915444671,1.120189410340718
958,train,2,1,1,-61.40312298533605,1488.9505573260367,0.0,0.0,0.0,0.0,0.0,0.0,0.5,0.5116926915444671,1.120189410340718
959,train,0,1,1,159.4409614014663,-655.5057684199699,0.0,-34.421452097556696,0.0,0.3333333333333333,0.20000000000000007,-14.288823805520957,0.5,1.3286746783455525,1.428130372405623
959,train,0,2,1,159.4409614014663,330.497120703595,0.0,-66.3914326795627,0.0,-0.3333333333333333,-0.19999999999999996,-48.88437765318691,0.5,1.3286746783455525,1.428130372405623
960,test,0,1,0,-60.02259829638703,-781.9315838217183,0.6666666666666666,-61.89988665142735,105.58253458834292,0.0,0.0,0.0,0.5,0.5001883191365586,1.4899837977538057
960,test,2,1,0,-60.02259829638703,1279.0658364597984,0.6666666666666666,245.27944255027288,30.402628634950815,0.0,0.0,0.0,0.5,0.5001883191365586,1.4899837977538057
961,train,0,1,1,-77.27060189098142,-44.175847683685646,0.0,-105.3162257683586,85.77685597295542,-0.14285714285714285,-0.09523809523809523,68.99287249514633,0.5,0.6439216824248452,0.6003125965148304
961,train,0,2,1,-38.63530094549071,352.53230676633234,-0.09523809523809523,92.24699886561538,-12.6903713613045,0.0,-0.047619047619047616,-54.92715324711985,0.5,0.6439216824248452,0.6003125965148304
962,train,0,1,0,319.7587926924417,1137.7959837917113,1.5,0.0,0.0,0.0,1.3333333333333335,0.0,0.5,0.7613304587915279,0.7880376675846651
962,train,1,2,1,-319.7587926924417,-199.83406405537133,-1.0,0.0,0.0,0.0,-0.6666666666666665,0.0,0.5,0.7613304587915279,0.7880376675846651
963,train,0,1,0,180.0,558.8679360174565,0.0,0.0,0.0,0.0,0.0,0.0,0.5,1.0,1.0
963,train,1,2,1,60.0,-150.61082801952216,0.0,0.0,0.0,0.0,0.0,0.0,0.5,1.0,1.0
964,validation,0,2,0,434.3378419902455,-2462.467274705252,0.0,0.0,0.0,0.0,0.0,-15.54940454252818,0.5,1.034137719024394,1.0313488024193451
964,validation,2,1,1,0.0,2932.424303416241,0.0,0.0,0.0,0.0,0.0,-130.37358891978982,0.5,1.034137719024394,1.0313488024193451
965,train,2,0,1,-37.23930838253287,-365.17836881769136,-0.30000000000000004,0.0,-77.67284077219702,0.0,0.0,0.0,0.5,0.6206551397088811,1.7634975256525374
965,train,2,1,1,74.47861676506574,-1536.0094303008566,0.0,0.0,-295.86685004396537,-0.4,-0.4000000000000001,0.0,0.5,0.6206551397088811,1.7634975256525374
966,train,0,2,0,120.0,669.7429304443758,0.0,0.0,0.0,0.0,0.0,0.0,0.5,1.0,1.0
966,train,1,2,0,0.0,187.52757733706358,0.0,0.0,0.0,0.0,0.0,0.0,0.5,1.0,1.0
967,validation,2,0,1,-60.0,-1571.4867027805603,0.0,-917.6371490943084,0.0,0.0,0.0,0.0,0.5,1.0,1.0
967,validation,2,1,1,300.0,-624.4687305251064,0.0,-1290.022824064954,0.0,0.0,0.0,0.0,0.5,1.0,1.0
968,validation,0,1,1,0.0,-134.8255505226198,0.0,-59.49532917827935,24.48623396722006,-0.2857142857142857,-0.5714285714285714,-58.56223011351358,0.5,1.3656621367815904,1.6740805809886983
968,validation,0,2,1,-81.93972820689542,646.0392668368472,-0.09523809523809523,-147.66992371689264,-51.01463649724215,-0.5714285714285714,0.19047619047619047,-41.042891052130216,0.5,1.3656621367815904,1.6740805809886983
969,train,0,1,0,68.98005920371818,569.8581337714287,-0.2,0.0,-13.3384855270549,0.0,0.20000000000000007,134.09584687057398,0.5,1.1496676533953032,1.04117285785316
969,train,2,1,0,275.92023681487274,337.74487566559395,-0.2,0.0,58.882213193959274,0.0,0.20000000000000007,110.28478396829526,0.5,1.1496676533953032,1.04117285785316
970,test,2,0,1,259.33613207914783,-177.27946630620423,0.5714285714285714,32.911661047669725,-95.49281427519851,-0.14285714285714285,0.2857142857142857,13.447964110322964,0.5,0.8644537735971594,0.9443698048483027
970,test,2,1,1,207.46890566331825,-1456.8778264345058,0.2857142857142857,-87.98817198125855,-44.572451101417826,-0.047619047619047616,0.2857142857142857,-90.84599929055062,0.5,0.8644537735971594,0.9443698048483027
971,test,0,1,1,-1678.7752871362943,805.7798480697878,0.0,177.87037448481595,363.0139002902165,-0.26666666666666666,1.2000000000000002,11.303686311532367,0.5,1.8653058745958826,0.7846861821731274
971,test,2,0,0,0.0,503.3081149593286,0.0,108.81006324471156,191.7078749979853,0.0,-0.40000000000000036,62.04240323498065,0.5,1.8653058745958826,0.7846861821731274
972,train,2,0,1,0.0,-174.26327935445906,0.0,0.0,56.781962697085646,-0.8,-0.09999999999999998,-103.40350149852738,0.5,1.3783592071949986,0.6136063266439018
972,train,1,2,0,-496.2093145901995,-937.2267701397582,0.0,0.0,121.7601802576211,0.4,-0.5,114.43997708426745,0.5,1.3783592071949986,0.6136063266439018
973,train,2,0,1,-60.0,-2091.0871595192284,0.09523809523809523,-422.7044028084828,-90.64111910618487,0.2857142857142857,-0.38095238095238093,0.0,0.5,1.0,1.0
973,train,2,1,1,-120.0,-1469.0536215205166,0.0,-538.1002952173878,-27.71014744042258,-0.14285714285714285,-0.19047619047619047,0.0,0.5,1.0,1.0
974,validation,1,0,0,-75.10806000625993,-364.31854844285294,0.0,0.0,16.96760855756989,0.26666666666666666,0.0,35.64432827258844,0.5,1.2518010001043323,0.7010082461655611
974,validation,2,0,0,-150.21612001251987,-423.5458522559347,0.0,0.0,41.68566261584687,0.5333333333333333,0.0,-7.926367988305799,0.5,1.2518010001043323,0.7010082461655611
975,test,1,0,1,-1467.3814256681374,-2318.8147584313197,0.09523809523809523,111.642404770253,-180.56501296994537,0.47619047619047616,-0.4285714285714284,-275.62594123608824,0.5,1.1645884330699503,1.8911955565918863
975,test,2,1,0,0.0,1587.5146348574845,0.0,-118.03484558908059,-147.4530822405596,0.23809523809523803,-0.8571428571428572,260.1427517625132,0.5,1.1645884330699503,1.8911955565918863
976,train,0,1,0,283.9032482939257,-243.9206939439414,0.0,-85.22056746427126,-129.2502333191744,0.0,0.40000000000000013,-51.49015572231364,0.5,1.1829302012246903,0.5170825884133343
976,train,2,1,0,354.8790603674071,-110.22766773685528,0.0,5.189663022008517,-324.9435453578661,0.0,0.20000000000000018,86.26590138086365,0.5,1.1829302012246903,0.5170825884133343
977,train,2,0,1,0.0,1168.9551482552333,0.0,76.10466111379247,13.308865045757159,-0.3,0.0,0.0,0.5,0.5386587711618459,1.9215802396197252
977,train,2,1,1,-32.31952626971076,578.1513277167785,0.4,-87.49241098042367,-124.67483894252757,-0.3,0.0,0.0,0.5,0.5386587711618459,1.9215802396197252
978,train,2,0,1,-240.0,72.53954884939594,0.0,-160.4463058272404,0.0,0.0,0.6666666666666667,0.0,0.5,1.0,1.0
978,train,1,2,0,60.0,357.7362638218965,0.0,144.07306939874275,0.0,0.0,-0.33333333333333337,0.0,0.5,1.0,1.0
979,test,1,0,1,-62.08117774972348,-359.9288972664277,0.0,0.0,0.0,-1.3333333333333333,-0.33333333333333326,0.0,0.5,1.0346862958287246,0.7858863098610538
979,test,2,1,0,62.08117774972348,-430.3762480543706,0.0,0.0,0.0,0.6666666666666666,0.0,0.0,0.5,1.0346862958287246,0.7858863098610538
980,train,0,1,0,452.13006517423355,474.52250731923056,-0.3333333333333333,-71.29754567129635,0.0,0.0,0.0,236.78527466332747,0.5,0.8372778984708029,1.4986425160894201
980,train,2,1,0,502.36673908248173,-300.71454830974085,0.0,-65.50823863569377,0.0,0.0,0.0,216.3877025941122,0.5,0.8372778984708029,1.4986425160894201
981,train,0,1,1,-400.16776785365334,-163.34261772360964,-1.3333333333333333,0.0,0.0,0.0,0.6666666666666667,0.0,0.5,0.9527803996515556,0.8963403932538899
981,train,0,2,1,-57.16682397909334,454.5742666795251,-1.3333333333333333,0.0,0.0,0.0,0.6666666666666667,0.0,0.5,0.9527803996515556,0.8963403932538899
982,test,1,0,1,-86.0358341884671,-482.43298248172033,0.0,0.0,-77.62427606494916,0.0,0.0,-43.50720336445002,0.5,0.7169652849038926,1.3200840928075162
982,test,2,1,0,43.01791709423355,-67.89903655078453,0.3333333333333333,0.0,-19.521055508266727,0.0,0.0,71.37058173694822,0.5,0.7169652849038926,1.3200840928075162
983,test,2,0,1,-101.3036443317341,-277.2008318962564,0.0,0.0,-211.65847890362352,0.0,0.0,0.0,0.5,1.6883940721955684,1.29766302526704
983,test,2,1,1,0.0,-213.37638151745097,0.0,0.0,-992.2375948293018,0.0,0.0,0.0,0.5,1.6883940721955684,1.29766302526704
984,train,2,0,1,182.73623629719313,-1180.5303347947226,0.0,24.877432020800683,-32.26798777551761,0.0,-1.6666666666666667,-56.31699649056294,0.5,1.5228019691432761,1.6756171181421826
984,train,1,2,0,-365.47247259438626,-106.95400788761563,0.26666666666666666,69.29578691679026,68.06571599654748,0.0,0.6666666666666667,51.435476777187006,0.5,1.5228019691432761,1.6756171181421826
985,train,0,2,0,60.0,-74.40335990529184,0.0,0.0,0.0,0.0,0.0,0.0,0.5,1.0,1.0
985,train,1,2,0,180.0,365.0065719539866,0.0,0.0,0.0,0.0,0.0,0.0,0.5,1.0,1.0
986,train,2,0,1,-75.41321608767208,-449.1133167401579,-0.33333333333333337,0.0,0.0,0.0,0.0,0.0,0.5,1.2568869347945348,1.3173803445509211
986,train,1,2,0,754.132160876721,238.1155521038149,-0.3333333333333333,0.0,0.0,1.3333333333333335,0.0,0.0,0.5,1.2568869347945348,1.3173803445509211
987,test,0,2,0,494.0226599659432,-49.25151939869875,0.0,0.0,0.0,0.0,0.0,-35.80473639348932,0.5,0.9148567777147096,0.7293762114778497
987,test,1,2,0,164.67421998864774,632.9586099080809,0.0,0.0,0.0,0.0,0.0,74.620332528456,0.5,0.9148567777147096,0.7293762114778497
988,train,1,0,0,-230.90899987329746,-596.6398014141455,0.0,95.13613076980212,-146.18749575863933,0.0,0.0,0.0,0.5,1.2828277770738747,0.7509853306516036
988,train,2,0,0,-230.90899987329746,-514.6861770916646,0.0,183.27321760579565,-112.97658641927072,0.0,0.0,0.0,0.5,1.2828277770738747,0.7509853306516036
989,train,1,0,0,-90.14354381382707,311.82058775512115,0.0,289.34313973643873,-83.99479363309479,0.6666666666666666,2.4,0.0,0.5,0.7511961984485589,0.9492781710014493
989,train,0,2,1,-45.07177190691353,-66.17030408925991,0.0,-414.97342216715623,27.59127649810229,0.0,0.5333333333333332,0.0,0.5,0.7511961984485589,0.9492781710014493
990,train,0,2,0,-54.211147394395375,703.1616127306346,0.0,0.0,82.88825463679154,0.16666666666666666,-0.33333333333333326,0.0,0.5,0.9035191232399229,1.5824635276300025
990,train,2,1,1,-54.211147394395375,-1566.8891516852427,0.0,0.0,-168.86381104647475,0.0,-0.6666666666666665,0.0,0.5,0.9035191232399229,1.5824635276300025
991,validation,2,0,1,-213.92939657965402,-540.7072165826853,0.13333333333333333,13.453691394703753,0.0,-0.06666666666666667,0.0,-115.39201896271172,0.5,1.7827449714971169,0.5843364604111588
991,validation,1,2,0,106.96469828982701,247.04767972700762,-0.26666666666666666,-78.4057179941785,0.0,0.13333333333333333,0.0,136.42897995458452,0.5,1.7827449714971169,0.5843364604111588
992,test,1,0,0,95.83490038462082,-37.372533771792156,0.0,-16.26807676971608,1.97108179439266,0.19047619047619047,-0.8571428571428571,3.099584457845019,0.5,0.7986241698718402,1.175396622884322
992,test,0,2,1,-95.83490038462082,-1192.3431505179342,-0.2857142857142857,-76.86720900934824,17.235104870403433,0.0,0.2857142857142858,-4.412071328802039,0.5,0.7986241698718402,1.175396622884322
993,train,0,2,0,-101.76511161123011,-54.11909747007994,0.0,0.0,0.0,0.0,0.0,498.0287011816299,0.5,0.848042596760251,0.5729390771183618
993,train,2,1,1,-356.1778906393054,-819.9291795589613,0.0,0.0,0.0,0.0,0.0,-571.7239451084876,0.5,0.848042596760251,0.5729390771183618
994,validation,0,1,1,-240.0,118.7079482536301,0.0,0.0,0.0,0.0,0.0,0.0,0.5,1.0,1.0
994,validation,0,2,1,-120.0,534.1771627559351,0.0,0.0,0.0,0.0,0.0,0.0,0.5,1.0,1.0
995,train,0,2,0,229.34025063512968,1525.7351745083624,0.0,144.25490538407786,0.0,0.0,0.0,25.741177826637767,0.5,1.9111687552927472,1.0837222243619276
995,train,2,1,1,114.67012531756484,-518.9771389715116,0.0,317.59558890567496,0.0,-0.4,0.0,-33.867827129948694,0.5,1.9111687552927472,1.0837222243619276
996,train,1,0,0,356.0724199972925,1329.6357910706804,2.0,0.0,0.0,0.0,0.0,0.0,0.5,0.7418175416610261,1.7652741167461194
996,train,0,2,1,-89.01810499932313,-1209.778022551873,-1.0,0.0,0.0,0.0,0.0,0.0,0.5,0.7418175416610261,1.7652741167461194
997,train,2,0,1,-360.0,-582.2609821474762,0.0,252.55077395387679,50.52537890484825,0.13333333333333336,-0.19999999999999996,0.0,0.5,1.0,1.0
997,train,1,2,0,60.0,425.242115315471,0.0,2.3977480975556205,48.32091374461979,-0.06666666666666668,0.6000000000000001,84.93220769388763,0.5,1.0,1.0
998,train,0,1,0,54.26620837120909,944.2454202439459,0.0,0.0,0.0,0.0,3.3333333333333335,0.0,0.5,0.9044368061868181,1.199214679975306
998,train,1,2,1,-434.1296669696727,-540.10884215295,0.0,0.0,0.0,0.0,-2.6666666666666665,0.0,0.5,0.9044368061868181,1.199214679975306
999,test,2,0,1,60.0,183.79380157258447,0.0,-249.424809991093,0.0,0.0,0.16666666666666669,-10.176584551283547,0.5,1.0,1.0
999,test,1,2,0,60.0,-145.93885431961826,0.0,136.3987192271997,0.0,0.0,0.0,-0.3290002777424448,0.5,1.0,1.0
1000,test,0,2,0,-89.76644067928807,-384.7772326853148,0.2857142857142857,-22.28459326267199,13.53264731266313,0.0,0.7142857142857142,-30.735217249679337,0.5,1.4961073446548012,0.7220951348603899
1000,test,1,2,0,269.2993220378642,388.8949800891552,1.1428571428571428,-134.53833447925848,77.93276230786441,0.0,1.1904761904761902,-68.29963853552663,0.5,1.4961073446548012,0.7220951348603899
1001,train,0,1,1,180.0,943.1387616596826,0.0,0.0,0.0,0.0,0.0,0.0,0.5,1.0,1.0
1001,train,2,0,0,0.0,-434.144334467283,0.0,0.0,0.0,0.0,0.0,0.0,0.5,1.0,1.0
1002,train,1,0,0,-57.128017651553606,-670.4404858894715,0.0,0.0,0.0,1.0,0.0,0.0,0.5,0.9521336275258934,1.9312852318756972
1002,train,2,0,0,0.0,-759.2109850421779,0.0,0.0,0.0,0.0,0.0,0.0,0.5,0.9521336275258934,1.9312852318756972
1003,validation,1,0,1,-106.24434944659961,4.574318539038501,0.0,41.11630198927031,-5.106898526514554,0.38095238095238093,-0.14285714285714285,-34.37699972998032,0.5,1.7707391574433269,0.6351872740679056
1003,validation,2,1,0,106.24434944659961,-38.965664451631675,0.09523809523809523,-12.701398783884713,0.9803716165984326,-0.19047619047619047,-0.14285714285714285,65.13851136987284,0.5,1.7707391574433269,0.6351872740679056
1004,train,2,0,1,-180.0,-1885.6958487540278,0.09523809523809523,-993.0948956944301,40.24565846509604,0.38095238095238093,-0.09523809523809523,-91.53424669204412,0.5,1.0,1.0
1004,train,1,2,0,240.0,1000.3063542753571,-0.2857142857142857,474.0522708015598,293.5349991004849,-0.38095238095238093,0.047619047619047616,68.05632507663128,0.5,1.0,1.0
1005,train,1,0,1,-140.5081768419401,-483.5043183249444,-0.14285714285714285,-92.6658690111941,-32.297200393307776,0.0,-1.1904761904761905,42.53920535157844,0.5,0.585450736841417,0.5146716624480236
1005,train,2,1,0,140.5081768419401,-375.20776411273977,0.09523809523809523,-210.81044591833276,-1.7192895336595484,0.14285714285714285,-0.23809523809523814,-17.286117551084807,0.5,0.585450736841417,0.5146716624480236
1006,test,1,0,1,-129.98506384658575,37.69917547454046,0.13333333333333333,124.02098070035987,-103.66025240955283,0.0,0.0,-90.76626184562335,0.5,0.7221392435921431,1.4892080253268623
1006,test,1,2,1,-43.32835461552859,-1686.61159257927,0.0,-204.71924193316505,-73.76238067276988,0.13333333333333333,0.0,-15.502815229836699,0.5,0.7221392435921431,1.4892080253268623
1007,train,2,0,1,-180.0,-2191.368548226864,-0.23809523809523808,-474.92433120851445,-136.53623024776516,0.0,0.2857142857142857,-52.34227478211805,0.5,1.0,1.0
1007,train,2,1,1,-540.0,-1143.044763340763,0.23809523809523808,-476.5552584444298,-35.58681998471921,-0.19047619047619047,-0.5714285714285714,-53.273448530349704,0.5,1.0,1.0
1008,train,0,1,1,215.81972135018611,466.6302923949454,0.0,-39.892806063442265,0.0,-0.1,-0.5999999999999999,1.1612489455359167,0.5,1.7984976779182176,0.5119238908610103
1008,train,2,0,0,215.81972135018611,-142.1709664049853,0.0,-4.827852438275073,0.0,0.1,0.5999999999999999,0.5420225582747165,0.5,1.7984976779182176,0.5119238908610103
1009,train,0,1,0,411.0036584224018,-299.2767964578117,0.10000000000000003,0.0,0.0,-0.2,2.4,181.08451664345844,0.5,0.9785801391009568,1.5719866811373389
1009,train,2,1,0,117.4296166921148,-441.33980421475206,-0.1,0.0,0.0,-0.2,2.8,231.82412392463291,0.5,0.9785801391009568,1.5719866811373389
1010,train,1,0,0,60.0,360.47962403964175,0.0,46.32445746246748,0.0,0.0,-0.6666666666666667,0.0,0.5,1.0,1.0
1010,train,0,2,1,-120.0,-18.227482328474252,0.0,-639.589366190169,0.0,0.0,0.0,0.0,0.5,1.0,1.0
1011,train,0,2,0,-153.20091856412503,-677.9748110829591,0.0,0.0,0.0,0.0,0.6666666666666666,-23.894587184102697,0.5,1.2766743213677085,0.675622785577152
1011,train,2,1,1,-76.60045928206252,398.8251542194642,0.0,0.0,0.0,0.0,-0.6666666666666666,29.518179561166708,0.5,1.2766743213677085,0.675622785577152
1012,train,1,0,0,-94.23975794874106,165.65898195343837,0.0,14.012441591628658,0.0,0.4,0.8,32.60945329307954,0.5,0.5235542108263392,1.1062565097683263
1012,train,0,2,1,125.65301059832142,-826.7979482700376,0.0,-349.81538072785617,0.0,-0.4,-0.2,-22.341736662688376,0.5,0.5235542108263392,1.1062565097683263
1013,train,0,1,1,43.254151498385134,919.5659396131547,0.3333333333333333,0.0,-57.96163429315167,-0.2,-0.2666666666666667,33.491630551409116,0.5,0.7209025249730856,0.6969368660920356
1013,train,2,0,0,-173.01660599354054,-626.6301801638489,-0.3333333333333333,0.0,50.67422434552012,0.6000000000000001,0.0,-37.795337634712006,0.5,0.7209025249730856,0.6969368660920356
1014,train,0,2,0,-37.07809572145079,111.92482997869895,0.26666666666666666,-85.24142599395857,0.0,0.6000000000000001,0.6666666666666667,14.10382842479815,0.5,0.6179682620241798,1.3169353882338275
1014,train,2,1,1,-74.15619144290157,98.66622533951546,-0.5333333333333333,-17.178223043846415,0.0,-0.2,0.33333333333333326,-42.6776771439294,0.5,0.6179682620241798,1.3169353882338275
1015,train,0,2,0,638.5890567384077,648.1888765204106,0.0,118.5238403778412,-22.361648005946716,0.0,0.06666666666666668,58.273513817532205,0.5,1.7738584909400215,0.8756622513808597
1015,train,2,1,1,106.43150945640129,-136.7117979758088,0.0,-40.965931587723475,25.240731101877273,0.0,0.0,-104.2023170204047,0.5,1.7738584909400215,0.8756622513808597
1016,train,0,2,0,60.11954178904982,495.6344198153546,0.3333333333333333,-38.681775006737666,0.0,0.0,0.0,86.40185710118104,0.5,1.0019923631508303,0.819745293833734
1016,train,1,2,0,360.7172507342989,896.3085299467895,-0.3333333333333333,335.807417224791,0.0,0.0,0.0,118.6471065109978,0.5,1.0019923631508303,0.819745293833734
1017,train,1,0,1,-120.0,-1705.0850322303113,0.0,-361.49992032991577,0.0,0.0,0.0,0.0,0.5,1.0,1.0
1017,train,1,2,1,-120.0,-1538.2204301125748,0.0,-454.76850023325505,0.0,0.0,0.0,0.0,0.5,1.0,1.0
1018,train,2,0,1,611.3017047585621,721.0143463975692,0.0,0.0,-14.328587911893209,-0.4,0.0,5.995336118749975,0.5,0.727740124712574,1.1943687534272485
1018,train,1,2,0,-523.9728897930532,311.22601727728306,0.0,0.0,324.1214237868911,0.20000000000000004,-0.20000000000000018,175.57794301072613,0.5,0.727740124712574,1.1943687534272485
1019,train,0,1,1,66.44035414524083,-134.40056311262353,-0.13333333333333336,0.0,-70.3035793938541,0.0,0.06666666666666665,-25.069123313091197,0.5,1.107339235754014,0.5342374721960758
1019,train,2,0,0,332.2017707262042,222.8280965751031,0.0,0.0,106.09749713106201,-0.3333333333333333,0.0,142.71494144113396,0.5,1.107339235754014,0.5342374721960758
1020,train,1,0,0,240.0,810.1825940916556,0.0,0.0,0.0,0.0,0.0,0.0,0.5,1.0,1.0
1020,train,0,2,1,-120.0,-581.6966856766417,0.0,0.0,0.0,0.0,0.0,0.0,0.5,1.0,1.0
1021,test,1,0,1,-192.73342155546766,-246.93461881021253,-0.23809523809523808,-215.26678222317884,26.56505522111096,0.0,0.19047619047619047,16.15275396715184,0.5,0.6424447385182255,0.5291817463962535
1021,test,1,2,1,38.54668431109353,20.994016846399735,-0.23809523809523808,-91.38108441609435,20.849489490071207,0.0,0.14285714285714285,17.900850073306174,0.5,0.6424447385182255,0.5291817463962535
1022,validation,0,1,0,120.0,1015.8768042278757,0.0,0.0,0.0,0.0,0.0,0.0,0.5,1.0,1.0
1022,validation,2,1,0,0.0,318.2511599885106,0.0,0.0,0.0,0.0,0.0,0.0,0.5,1.0,1.0
1023,test,1,0,0,105.81009756537892,389.78190549721626,0.0,0.0,-136.17188115106785,0.0,0.5,0.0,0.5,0.8817508130448244,0.5203369779582164
1023,test,2,0,0,158.7151463480684,34.38133940634797,0.0,0.0,-51.45803961188463,0.0,0.16666666666666666,0.0,0.5,0.8817508130448244,0.5203369779582164
1024,validation,1,0,0,120.0,992.027527176509,-0.19047619047619047,340.8698788410684,23.686371749623568,0.2857142857142857,0.4761904761904763,-52.6185688853434,0.5,1.0,1.0
1024,validation,2,0,0,-180.0,-319.51744629615496,0.0,61.86421042416856,57.71189044069201,0.0,0.23809523809523814,-3.0464586405349294,0.5,1.0,1.0
1025,train,0,1,1,-101.56661697673867,-405.60425045698156,0.0,0.0,-24.072043688572286,-0.5,0.3333333333333333,0.0,0.5,0.8463884748061556,1.0045026893745255
1025,train,2,0,0,101.56661697673867,400.7687198537852,0.0,0.0,-25.481371523211543,0.0,0.3333333333333333,0.0,0.5,0.8463884748061556,1.0045026893745255
1026,train,0,1,0,600.0,2342.742084247875,0.9000000000000001,17.343636961636776,0.0,0.0,-0.4,0.0,0.5,1.0,1.0
1026,train,1,2,1,-360.0,-1722.136185084496,0.6,-878.3902006780554,0.0,-0.4,0.4,0.0,0.5,1.0,1.0
1027,train,0,1,1,115.90703475728752,1326.187401030224,0.0,0.0,0.0,0.0,0.0,0.0,0.5,0.9658919563107293,1.5399823265340506
1027,train,0,2,1,-173.86055213593127,-171.0938368386892,-1.0,0.0,0.0,0.0,0.0,0.0,0.5,0.9658919563107293,1.5399823265340506
1028,train,0,1,0,-99.48996208201255,-23.035807441064463,0.0,0.0,0.0,0.0,1.0,0.0,0.5,1.6581660347002092,0.5513850879813041
1028,train,1,2,1,0.0,209.15621541406776,0.0,0.0,0.0,0.0,0.0,0.0,0.5,1.6581660347002092,0.5513850879813041
1029,train,1,0,0,180.0,-531.8424643179706,0.0,0.0,0.0,0.0,0.0,0.0,0.5,1.0,1.0
1029,train,2,0,0,-180.0,-990.4150004496737,0.0,0.0,0.0,0.0,0.0,0.0,0.5,1.0,1.0
1030,train,1,0,0,112.1480249230761,-737.2211371117185,0.5999999999999999,0.0,-53.02078864688272,0.0,-0.20000000000000007,178.19611160799727,0.5,0.9345668743589675,0.9111742165005585
1030,train,0,2,1,-112.1480249230761,759.3559547961776,0.3,0.0,52.61309606374532,0.0,0.30000000000000004,-8.483243515764329,0.5,0.9345668743589675,0.9111742165005585
1031,train,0,2,0,82.14555644775005,-6.200009359059949,0.0,0.0,228.61173765559357,0.0,0.0,-26.400471279200662,0.5,1.369092607462501,1.0276592232758697
1031,train,1,2,0,246.43666934325017,683.7372596541483,0.0,0.0,16.460617857610558,0.0,0.0,-18.16257875157886,0.5,1.369092607462501,1.0276592232758697
1032,test,1,0,0,285.7843845037961,491.83170658194854,0.3333333333333333,19.20183921022715,0.0,0.0,1.5,0.0,0.5,0.7938455125105448,0.6419423956894375
1032,test,0,2,1,0.0,-1112.1554888484204,-0.3333333333333333,-464.6071349911442,0.0,0.0,1.0,0.0,0.5,0.7938455125105448,0.6419423956894375
1033,train,0,1,0,31.35769977371645,460.0324187459317,0.0,-193.3064547598384,0.0,1.0,0.0,35.4632542192962,0.5,0.5226283295619408,1.7475101565552542
1033,train,2,1,0,-31.35769977371645,689.2806529865254,0.0,-23.789061285066907,0.0,0.0,0.0,0.0,0.5,0.5226283295619408,1.7475101565552542
1034,train,2,0,1,0.0,1186.3018064144558,0.0,0.0,0.0,0.0,0.0,0.0,0.5,1.0,1.0
1034,train,2,1,1,60.0,378.5833849090386,0.0,0.0,0.0,0.0,0.0,0.0,0.5,1.0,1.0
1035,test,2,0,1,-234.89147039737344,-2709.500196503874,0.0,0.0,-74.4755421579946,0.0,-1.3333333333333335,0.0,0.5,0.978714459989056,0.9172292521842861
1035,test,2,1,1,0.0,-804.0149871676391,0.0,0.0,-508.21049957141634,0.0,-0.6666666666666665,0.0,0.5,0.978714459989056,0.9172292521842861
1036,train,0,1,1,-240.0,-217.63803910015395,0.0,0.0,0.0,0.0,0.0,0.0,0.5,1.0,1.0
1036,train,0,2,1,-360.0,-69.1023187718938,0.0,0.0,0.0,0.0,0.0,0.0,0.5,1.0,1.0
1037,validation,0,1,0,1546.7527689764026,1450.6287849311798,0.19047619047619047,56.234124409743046,43.26828311977888,0.2857142857142857,0.1428571428571428,101.05332451939468,0.5,1.4321784897929655,0.653200389387127
1037,validation,2,1,0,429.65354693788964,907.5080976892923,0.47619047619047616,-25.368522928361777,-3.902333212992076,-0.2857142857142857,-0.4285714285714286,76.88135411476104,0.5,1.4321784897929655,0.653200389387127
1038,train,1,0,1,201.6986614174152,-204.29314597206215,0.0,0.0,0.0,0.0,-3.9999999999999996,99.85501783259443,0.5,1.68082217847846,0.5581598633138859
1038,train,2,1,0,-403.3973228348304,-382.7937358280592,0.0,0.0,0.0,0.0,2.0,-59.69161929965345,0.5,1.68082217847846,0.5581598633138859
1039,train,1,0,0,480.0,305.5381539610862,0.0,875.710882027993,-326.9353903160301,0.0,0.8333333333333333,0.0,0.5,1.0,1.0
1039,train,0,2,1,-360.0,389.6233994821632,0.0,-741.219450286113,436.4680722536068,0.0,-1.0,0.0,0.5,1.0,1.0
1040,train,2,0,1,-31.33413121034495,-451.4752371864618,0.0,0.0,0.0,-0.5,0.3333333333333335,-23.529489657800283,0.5,0.5222355201724158,0.5235509933802339
1040,train,2,1,1,-313.34131210344947,-599.8757381132453,0.0,0.0,0.0,-0.5,0.0,0.4413716980493163,0.5,0.5222355201724158,0.5235509933802339
1041,train,0,1,1,-298.29423910370156,-3216.1031746354615,0.0,-685.3551911232257,0.0,0.0,0.6666666666666665,0.0,0.5,1.2428926629320898,1.719736747938572
1041,train,0,2,1,-298.29423910370156,455.85567466620887,0.0,-429.8138728871482,0.0,0.0,0.6666666666666665,0.0,0.5,1.2428926629320898,1.719736747938572
1042,train,0,1,0,0.0,-383.0056050634145,0.0,-283.784317052184,0.0,0.0,3.333333333333333,0.0,0.5,0.8543045745638921,0.5785902354857575
1042,train,2,1,0,153.77482342150057,24.34293162815114,0.0,-136.67606824870393,0.0,0.0,5.333333333333333,0.0,0.5,0.8543045745638921,0.5785902354857575
1043,test,0,1,0,240.0,125.02857172295262,0.0,0.0,0.0,0.0,0.0,0.0,0.5,1.0,1.0
1043,test,2,1,0,-180.0,-368.19694466587407,0.0,0.0,0.0,0.0,0.0,0.0,0.5,1.0,1.0
1044,train,2,0,1,0.0,332.4199156112303,0.2,183.67316389216654,7.275004738776687,-0.4,0.0,0.0,0.5,1.7105946356470556,0.7932174086559344
1044,train,1,2,0,-205.27135627764667,927.6664200828241,0.4,509.47588149946773,-41.59806216879632,0.8,0.0,0.0,0.5,1.7105946356470556,0.7932174086559344
1045,validation,0,2,0,2003.2302163373363,1928.2171743575645,0.0,96.63327653348045,429.1549993121761,-0.06666666666666667,-0.2666666666666666,103.10785417114631,0.5,1.3911320946787058,0.862418836436311
1045,validation,1,2,0,2253.6339933795034,2585.924799767998,0.0,499.369419900376,-90.31231536100555,-0.06666666666666667,0.7999999999999998,-12.96361165897639,0.5,1.3911320946787058,0.862418836436311
1046,test,0,2,0,473.540700125719,413.75689970191314,0.0,0.0,0.0,0.0,4.0,0.0,0.5,1.3153908336825528,0.7388854588501563
1046,test,1,2,0,236.7703500628595,-179.86582880968282,0.0,0.0,0.0,0.0,3.0,0.0,0.5,1.3153908336825528,0.7388854588501563
1047,test,2,0,1,-220.62734654981585,-201.78229194398796,-0.2,0.0,0.0,0.0,1.6,0.0,0.5,0.9192806106242327,1.176601098114639
1047,test,1,2,0,165.47050991236188,-684.7155352092186,0.2,0.0,0.0,-0.1,-1.6,135.61814690298004,0.5,0.9192806106242327,1.176601098114639
1048,train,1,0,1,0.0,-568.2183945806792,0.0,0.0,0.0,1.0,-0.6666666666666665,0.14160746197351415,0.5,1.5491352594638341,1.197558806265105
1048,train,1,2,1,-371.7924622713202,-1132.9986141348093,0.0,0.0,0.0,0.0,-0.33333333333333326,-12.729446652464354,0.5,1.5491352594638341,1.197558806265105
1049,train,1,0,0,76.3434080830399,-242.89956956913974,0.6666666666666667,0.0,81.53529281399113,0.0,0.0,0.0,0.5,1.2723901347173316,0.8706190825238505
1049,train,0,2,1,-76.3434080830399,-192.87150526789569,0.0,0.0,-214.43677836272997,0.0,0.0,0.0,0.5,1.2723901347173316,0.8706190825238505
1050,validation,2,0,1,-240.0,-110.57105746402067,0.0,-865.9783554752662,0.0,0.0,0.0,0.0,0.5,1.0,1.0
1050,validation,1,2,0,0.0,2607.7905600025815,0.0,853.1745311927668,0.0,0.0,0.0,0.0,0.5,1.0,1.0
1051,validation,2,0,1,-540.0,-731.9670191527966,0.0,0.0,0.0,0.0,0.0,0.0,0.5,1.0,1.0
1051,validation,1,2,0,1020.0,-232.02671599518817,0.0,0.0,0.0,0.0,0.0,0.0,0.5,1.0,1.0
1052,train,1,0,1,-157.26410055669652,-26.94682321836629,0.0,0.0,-44.34734568107629,0.0,0.33333333333333326,-244.99547317363394,0.5,0.5242136685223218,0.6057311785208384
1052,train,2,1,0,125.81128044535723,-61.570377933226645,0.0,0.0,407.00367705012,0.0,-0.33333333333333326,88.37094787402559,0.5,0.5242136685223218,0.6057311785208384
1053,test,0,2,0,240.0,313.4970517660722,0.0,441.6404826573741,38.936535021096375,0.0,2.7,19.73350091782941,0.5,1.0,1.0
1053,test,2,1,1,-240.0,-757.6902700780229,0.0,-167.66882712316914,46.02685093629805,0.0,-0.5999999999999999,10.014748794271465,0.5,1.0,1.0
1054,train,0,2,0,327.4357514372399,1452.824171047397,0.0,0.0,0.0,0.0,4.0,227.62435173183007,0.5,0.7796089319934284,1.4201204211987122
1054,train,1,2,0,233.88267959802852,461.91729660944145,0.0,0.0,0.0,0.0,3.333333333333333,-12.898298051240134,0.5,0.7796089319934284,1.4201204211987122
1055,validation,1,0,0,240.0,-462.1386588642663,0.0,0.0,0.0,0.0,0.0,0.0,0.5,1.0,1.0
1055,validation,2,0,0,420.0,1325.2356172040936,0.0,0.0,0.0,0.0,0.0,0.0,0.5,1.0,1.0
1056,train,0,1,0,-79.41849611459598,1022.6230339455249,-1.0,0.0,0.0,0.0,0.0,0.0,0.5,1.323641601909933,1.7160064514556825
1056,train,1,2,1,-238.25548834378796,-3158.054497446435,1.0,0.0,0.0,0.0,0.0,0.0,0.5,1.323641601909933,1.7160064514556825
1057,train,0,1,0,-90.7244784289572,1312.0364573825066,0.0,0.0,0.0,0.0,4.0,0.0,0.5,1.51207464048262,1.1283515401657482
1057,train,1,2,1,-181.4489568579144,308.17686688176815,0.0,0.0,0.0,0.0,-5.0,0.0,0.5,1.51207464048262,1.1283515401657482
1058,train,0,1,1,-120.0,-5242.588188252218,-0.5333333333333333,-14.134846455792967,-136.044970320522,0.0,-1.0666666666666669,-80.12240822593219,0.5,1.0,1.0
1058,train,0,2,1,120.0,-1821.3297390577718,0.26666666666666666,-467.835718089651,-134.8305064538372,0.0,-0.4,-31.305328393015387,0.5,1.0,1.0
1059,train,2,0,1,-212.4541160948501,-368.8496891719009,-0.8,0.0,-13.106096367104648,0.0,1.333333333333333,-94.49802229710113,0.5,0.885225483728542,1.0648612544354261
1059,train,1,2,0,53.11352902371252,550.5898240409537,0.8,0.0,-20.094241336786794,0.13333333333333333,1.666666666666667,184.59129151613976,0.5,0.885225483728542,1.0648612544354261
1060,train,0,1,1,-240.0,-493.96332394894716,0.0,0.0,0.0,0.0,0.0,0.0,0.5,1.0,1.0
1060,train,0,2,1,-180.0,-296.19768867681387,0.0,0.0,0.0,0.0,0.0,0.0,0.5,1.0,1.0
1061,train,0,2,0,497.4377162607449,1030.0119854362283,0.0,48.90591731311372,64.57669805808669,0.14285714285714285,0.5714285714285714,2.8142247704929026,0.5,0.6908857170288123,0.8265284376401798
1061,train,1,2,0,-41.453143021728735,29.527350312357093,0.2857142857142857,136.12575462883348,-18.583452446549394,0.14285714285714285,0.19047619047619047,-4.105339527574877,0.5,0.6908857170288123,0.8265284376401798
1062,validation,2,0,1,0.0,-101.7867649700012,-0.4,-157.82301776816348,-44.492519424296944,0.0,0.2,0.0,0.5,1.9891616155729472,0.8541586114623969
1062,validation,1,2,0,238.69939386875367,230.9737687570038,0.0,34.247317310894914,12.947636300985934,0.0,0.20000000000000007,0.0,0.5,1.9891616155729472,0.8541586114623969
1063,test,1,0,1,141.59498172761593,1460.6173014440005,0.0,0.0,-753.7003429345708,0.0,0.0,346.4070341127226,0.5,1.179958181063466,0.5898493583595612
1063,test,2,1,0,-70.79749086380797,-1669.3431680832487,0.0,0.0,724.3094143227671,0.16666666666666666,0.0,-67.15148187103273,0.5,1.179958181063466,0.5898493583595612
1064,validation,0,1,1,-60.0,-254.4839643449618,0.0,0.0,0.0,0.0,0.0,0.0,0.5,1.0,1.0
1064,validation,0,2,1,-120.0,-475.97764546489407,0.0,0.0,0.0,0.0,0.0,0.0,0.5,1.0,1.0
1065,train,0,1,0,-203.40193431187708,-725.8999887671622,0.0,-69.27255816383449,439.22067217987296,0.38095238095238093,0.7142857142857142,9.598214590844947,0.5,0.5650053730885475,1.7003315229169054
1065,train,2,1,0,-33.90032238531285,438.4274146857086,-0.19047619047619047,296.6291862811207,68.47086905547732,-0.19047619047619047,0.0,-22.214544432052907,0.5,0.5650053730885475,1.7003315229169054
1066,train,0,1,0,352.9548335387261,660.4016654962145,0.4,0.0,212.92959475932085,0.0,-0.8000000000000002,-53.54414011299995,0.5,1.9608601863262562,1.1200630080535574
1066,train,1,2,1,-588.2580558978768,442.4605065749596,0.0,0.0,7.802866110129969,0.0,0.40000000000000013,-69.66648215076957,0.5,1.9608601863262562,1.1200630080535574
1067,validation,0,2,0,121.2091990457168,798.8934796923008,0.0,0.0,0.0,0.0,-1.0,0.0,0.5,0.5050383293571533,0.6027685513376563
1067,validation,2,1,1,0.0,-103.98452895548724,0.0,0.0,0.0,0.0,0.0,0.0,0.5,0.5050383293571533,0.6027685513376563
1068,train,0,1,0,0.0,12.359023990342719,0.0,29.737140206912443,21.3564124628505,0.0,0.0,-60.271859506196996,0.5,1.7962243456385296,0.7549726421822273
1068,train,1,2,1,0.0,458.75212683177136,0.0,-124.76851233943223,-59.77876689859755,0.4,0.0,-36.02831377016346,0.5,1.7962243456385296,0.7549726421822273
1069,test,0,2,0,240.0,1054.3132256836388,0.0,0.0,0.0,0.0,0.0,0.0,0.5,1.0,1.0
1069,test,2,1,1,-120.0,-891.721807354384,0.0,0.0,0.0,0.0,0.0,0.0,0.5,1.0,1.0
1070,train,1,0,1,248.93044388114757,-178.72951621025754,-0.2,-7.488341314186968,-77.23091516495654,-0.3333333333333333,-0.13333333333333336,0.0,0.5,1.3829469104508199,0.9547131575265533
1070,train,1,2,1,-497.86088776229514,-827.8251749506094,-0.2,49.67143478361044,-144.58040090389406,0.0,-0.5333333333333334,0.0,0.5,1.3829469104508199,0.9547131575265533
1071,train,0,2,0,222.78526720477964,-632.0011606378213,1.0,17.979073776344194,25.538331108994555,0.0,-1.6,49.461490361220946,0.5,0.7426175573492655,0.8498205177141718
1071,train,1,2,0,44.557053440955926,462.9587596754585,0.0,132.39806769051722,151.91386322916858,0.0,-0.8,78.96417719723277,0.5,0.7426175573492655,0.8498205177141718
1072,validation,0,2,0,42.03828444266171,253.05285603550578,0.2857142857142857,12.316083578992984,26.80311431765606,0.0,0.5714285714285714,0.0,0.5,0.7006380740443618,0.5029727825397763
1072,validation,1,2,0,-126.11485332798513,61.23455630678596,0.0,1.3296500701114624,146.3860853392925,0.19047619047619047,0.14285714285714285,26.079385746553832,0.5,0.7006380740443618,0.5029727825397763
1073,train,0,1,1,245.33124002951456,-433.3206044566577,0.0,-121.46781290168002,70.63754662615028,0.0,-1.0,0.0,0.5,1.0222135001229773,0.8676974729218289
1073,train,2,0,0,-61.33281000737864,1469.71851632815,0.0,82.18503934454856,-142.88417266466894,0.0,2.0,0.0,0.5,1.0222135001229773,0.8676974729218289
1074,train,0,1,0,0.0,-204.70631851790188,0.0,-98.93708125346507,231.35608119934548,0.0,0.0,0.0,0.5,1.5208071656970856,1.1457579483116906
1074,train,1,2,1,91.24842994182514,118.83766551245922,0.0,-112.56030823938147,-86.93405223333974,0.0,0.0,0.0,0.5,1.5208071656970856,1.1457579483116906
1075,train,1,0,0,52.79448700772237,-1781.1560224513448,0.0,0.0,179.04892639095607,0.0,-1.333333333333333,0.0,0.5,0.8799081167953727,1.2730831542641712
1075,train,0,2,1,-158.3834610231671,959.1315153262203,0.0,0.0,-112.67508413392088,0.0,-0.3333333333333335,0.0,0.5,0.8799081167953727,1.2730831542641712
1076,train,1,0,1,-120.0,-491.93831415056684,0.0,-1352.8389500841301,0.0,0.0,0.0,0.0,0.5,1.0,1.0
1076,train,1,2,1,120.0,211.88671940145468,0.0,-1531.324722458273,0.0,0.0,0.0,0.0,0.5,1.0,1.0
1077,train,1,0,0,161.46323885041556,494.38305769091926,0.0,-108.44574352921381,0.0,0.0,0.0,254.76853992683348,0.5,0.8970179936134198,0.7484706086868143
1077,train,0,2,1,107.64215923361039,98.95579634545334,0.0,-19.930275199392668,0.0,0.0,0.0,-369.2456755884492,0.5,0.8970179936134198,0.7484706086868143
1078,test,0,1,0,0.0,457.0654306960896,0.0,862.1579169920317,0.0,0.0,0.0,45.48256085402616,0.5,1.0,1.0
1078,test,2,1,0,-120.0,435.3498790643944,0.3333333333333333,272.9370836248643,0.0,0.0,0.0,77.99011100926302,0.5,1.0,1.0
1079,train,2,0,1,-186.67067550828452,725.7408327151603,-0.16666666666666666,0.0,0.0,-0.3333333333333333,-3.0,0.0,0.5,1.5555889625690376,0.7903213282340906
1079,train,1,2,0,0.0,-384.74637574646624,0.0,0.0,0.0,0.0,1.0,0.0,0.5,1.5555889625690376,0.7903213282340906
1080,train,0,2,0,0.0,300.77995205779865,0.0,0.0,26.089320876953337,0.3333333333333333,0.0,0.0,0.5,1.795659238065884,0.5843135980498355
1080,train,2,1,1,215.47910856790608,-570.1823735396189,0.0,0.0,-72.63721258686559,-0.6666666666666666,0.0,0.0,0.5,1.795659238065884,0.5843135980498355
1081,validation,0,2,0,300.0,105.31668343262754,0.2666666666666667,-55.06016662615198,-120.06473482573656,0.26666666666666666,0.19999999999999998,0.0,0.5,1.0,1.0
1081,validation,2,1,1,60.0,428.36619309887374,-0.13333333333333333,53.892244242755766,188.0555663745404,-0.26666666666666666,-0.5333333333333333,0.0,0.5,1.0,1.0
1082,train,0,1,0,-42.48576303492709,255.35798945022827,0.0,0.0,1635.466984888522,0.0,0.0,0.0,0.5,0.7080960505821181,0.7244301843160355
1082,train,2,1,0,169.94305213970836,-99.33703907031642,0.0,0.0,698.946857185293,0.0,0.0,0.0,0.5,0.7080960505821181,0.7244301843160355
1083,train,1,0,1,0.0,-1114.2333017888445,0.0,-1.7793795098918963,-228.78302434223167,0.047619047619047616,-0.4285714285714285,-85.84096388556365,0.5,0.8086850074518879,1.9942477188076364
1083,train,1,2,1,-679.2954062595858,-2859.5502646644813,0.2857142857142857,-58.569340316891186,-128.19613240420506,0.047619047619047616,0.0,-48.93446009016492,0.5,0.8086850074518879,1.9942477188076364
1084,test,2,0,1,-91.285695386601,-824.7591966198436,0.0,0.0,0.0,0.0,-1.333333333333333,0.0,0.5,1.5214282564433501,0.5403760344280025
1084,test,2,1,1,-91.285695386601,189.93675142453114,0.0,0.0,0.0,0.0,-0.33333333333333326,0.0,0.5,1.5214282564433501,0.5403760344280025
1085,train,2,0,1,-360.0,-286.30726596303884,-0.13333333333333333,-196.4492014497747,42.878255768001985,0.4,0.0,-100.7979889867049,0.5,1.0,1.0
1085,train,1,2,0,300.0,569.9748133728863,0.2666666666666667,689.7069343056239,5.320372574673016,0.0,0.0,69.167327534436,0.5,1.0,1.0
1086,train,1,0,1,-180.0,-301.9145693072105,0.0,0.0,0.0,0.0,0.0,0.0,0.5,1.0,1.0
1086,train,2,1,0,180.0,-371.13245886425375,0.0,0.0,0.0,0.0,0.0,0.0,0.5,1.0,1.0
1087,validation,0,1,1,0.0,-285.133668858341,0.0,-429.2522188059821,0.0,0.0,0.0,0.0,0.5,1.0,1.0
1087,validation,0,2,1,-240.0,-645.2702816646847,0.0,102.30754553958292,0.0,-0.3333333333333333,0.0,0.0,0.5,1.0,1.0
1088,validation,0,2,0,-106.27493554453046,648.6359291889911,0.19047619047619047,-5.481339328833229,78.10514728054416,0.0,0.7619047619047619,0.0,0.5,1.7712489257421744,0.6836728579197476
1088,validation,1,2,0,318.8248066335914,624.7168483319576,0.09523809523809523,15.796313939395745,100.86273543600724,0.0,1.7142857142857142,27.60586317293521,0.5,1.7712489257421744,0.6836728579197476
1089,train,2,0,1,-53.836650841029424,139.01337938484664,0.0,0.0,0.0,0.0,0.0,0.0,0.5,0.897277514017157,0.6225999919850601
1089,train,2,1,1,-269.18325420514714,243.20490135897677,0.0,0.0,0.0,0.0,0.0,0.0,0.5,0.897277514017157,0.6225999919850601
1090,train,1,0,0,-193.23851213801686,-23.535636291163417,0.0,0.0,0.0,1.0,0.0,0.0,0.5,1.0735472896556493,0.5372015037814668
1090,train,0,2,1,128.8256747586779,-267.79882157473577,0.0,0.0,0.0,0.0,0.0,0.0,0.5,1.0735472896556493,0.5372015037814668
1091,validation,0,1,1,-306.9035352994266,-922.6722571288083,0.0,163.8497334675178,-54.96660210321123,0.0,-0.38095238095238093,37.467051530115285,0.5,1.70501964055237,1.6942801533418874
1091,validation,0,2,1,-306.9035352994266,-93.01322515242623,0.0,153.99608729079512,7.647849608943206,-0.47619047619047616,-0.19047619047619047,5.016451488353724,0.5,1.70501964055237,1.6942801533418874
1092,validation,1,0,1,211.28422515951178,1307.6932885223455,0.0,0.0,0.0,-2.0,0.0,0.0,0.5,1.7607018763292648,1.3219651589841341
1092,validation,2,1,0,105.64211257975589,341.4881059379231,0.0,0.0,0.0,1.0,0.0,0.0,0.5,1.7607018763292648,1.3219651589841341
1093,validation,1,0,0,-240.0,163.28577908627904,0.0,219.7684693656542,-16.969720080930557,0.0,0.8,88.01271676604698,0.5,1.0,1.0
1093,validation,2,0,0,-60.0,-48.02717476476391,-0.13333333333333333,598.1343633225533,-41.69073535579088,0.0,1.0666666666666667,22.648688003724857,0.5,1.0,1.0
1094,train,2,0,1,0.0,-212.82141570698826,0.0,0.0,0.0,0.0,0.0,111.81181512475791,0.5,1.0366232524771695,1.9199219627548036
1094,train,1,2,0,0.0,-305.19475209939014,0.0,0.0,0.0,0.0,0.0,-171.40473957152773,0.5,1.0366232524771695,1.9199219627548036
1095,train,0,1,0,217.45145015214285,-383.11460701082717,0.4,-161.90854393490838,0.0,0.1,0.0,0.0,0.5,0.7248381671738096,1.6917966926393118
1095,train,2,1,0,130.47087009128572,-1610.8164457530409,0.0,13.553170487951945,0.0,0.0,0.30000000000000004,0.0,0.5,0.7248381671738096,1.6917966926393118
1096,train,0,1,0,-169.1374436898884,-1034.8728350866602,0.047619047619047616,6.287954840661499,95.56149783943422,0.23809523809523808,-0.19047619047619047,-30.04996554852096,0.5,0.5637914789662947,0.7670288681697788
1096,train,1,2,1,-169.1374436898884,755.8014588873174,0.0,-7.937355319430893,24.096137961249013,-0.23809523809523808,-0.7619047619047619,86.70184459848979,0.5,0.5637914789662947,0.7670288681697788
1097,train,2,0,1,87.32118246261442,624.9509759614734,0.0,-101.6937089383005,9.104326558262507,0.0,0.23809523809523803,-2.3800055560929927,0.5,1.4553530410435735,1.8263430292391003
1097,train,1,2,0,-174.64236492522883,313.13150749886205,0.0,-44.450603852982695,121.42172729590709,0.0,-0.4761904761904761,4.315584335005294,0.5,1.4553530410435735,1.8263430292391003
1098,train,1,0,1,-158.6318729994097,-1037.783263993345,0.0,0.0,0.0,0.0,0.0,-369.72435684561657,0.5,0.5287729099980323,0.6969199381513002
1098,train,2,1,0,0.0,476.3224894883522,1.0,0.0,0.0,0.0,0.0,350.84809513230755,0.5,0.5287729099980323,0.6969199381513002
1099,train,0,1,0,-60.0,316.26848572452354,0.9523809523809523,135.92659681113963,-20.362833464244847,0.0,0.23809523809523814,-17.288444497730723,0.5,1.0,1.0
1099,train,2,1,0,240.0,810.6860907652349,0.5714285714285714,137.52738840303095,10.605472301931734,0.0,1.6666666666666667,-12.2238454310775,0.5,1.0,1.0
1100,train,0,1,1,0.0,-1720.1215849788914,0.0,0.0,0.0,0.0,0.0,-654.8933485071088,0.5,0.5329673380276488,0.8544192770230113
1100,train,2,0,0,-31.97804028165893,695.9206946227721,0.0,0.0,0.0,0.0,0.0,695.7640969699855,0.5,0.5329673380276488,0.8544192770230113
1101,validation,0,1,1,30.012702079189697,62.84405819355314,-0.4,0.0,60.756414819289816,-0.1,-0.4000000000000001,0.0,0.5,0.5002117013198283,0.5759950940635699
1101,validation,0,2,1,0.0,162.46429559879604,0.0,0.0,41.35744022263855,0.1,-0.2,0.0,0.5,0.5002117013198283,0.5759950940635699
1102,train,0,2,0,480.0,454.22408888844757,-0.1,-111.27331867775109,134.16296453514988,0.0,0.19999999999999996,0.0,0.5,1.0,1.0
1102,train,2,1,1,120.0,696.7226951949588,-0.30000000000000004,181.47173706292233,-70.418988933929,0.0,-0.19999999999999996,0.0,0.5,1.0,1.0
1103,train,1,0,0,-77.59232898462685,1640.2671125917639,0.0,0.0,105.47887126834601,-0.3333333333333333,-1.0,0.0,0.5,1.293205483077114,1.463270527345715
1103,train,0,2,1,387.9616449231342,604.9641062552616,0.0,0.0,-75.69290764235096,0.3333333333333333,0.5,0.0,0.5,1.293205483077114,1.463270527345715
1104,train,1,0,1,-90.79411600928086,-860.1201701943352,-2.0,0.0,0.0,0.0,0.0,0.0,0.5,0.7566176334106738,0.7918327697118612
1104,train,2,1,0,136.19117401392128,11.64901748616803,1.0,0.0,0.0,0.0,0.0,0.0,0.5,0.7566176334106738,0.7918327697118612
1105,validation,1,0,0,-240.0,-416.5600985586075,0.6666666666666666,-315.5975331366357,0.0,0.0,-0.3333333333333333,0.0,0.5,1.0,1.0
1105,validation,0,2,1,0.0,-389.93114410844964,-0.16666666666666666,220.2764695112122,0.0,0.0,-0.6666666666666667,0.0,0.5,1.0,1.0
1106,train,1,0,0,0.0,-361.04874106679836,0.0,0.0,0.0,0.0,0.0,0.0,0.5,1.0,1.0
1106,train,0,2,1,0.0,-1714.2917539311866,0.0,0.0,0.0,0.0,0.0,0.0,0.5,1.0,1.0
1107,train,2,0,1,-60.0,-902.9603715819921,0.0,0.0,0.0,0.0,0.0,0.0,0.5,1.0,1.0
1107,train,2,1,1,-480.0,288.10441974540845,0.0,0.0,0.0,0.0,0.0,0.0,0.5,1.0,1.0
1108,train,1,0,0,540.0,1536.1556240777636,0.5714285714285714,-84.79666999347353,261.15640677947874,0.09523809523809523,0.19047619047619047,-17.802521043615375,0.5,1.0,1.0
1108,train,2,0,0,120.0,329.5552640058804,0.19047619047619047,-259.52984682478933,13.46661084719807,0.0,0.19047619047619047,13.147122619933313,0.5,1.0,1.0
1109,train,0,1,1,0.0,-73.8346123903519,0.0,0.0,0.0,0.0,0.0,-349.19520570792645,0.5,1.3270570494956309,1.124871764529058
1109,train,0,2,1,79.62342296973785,-582.4096829832113,0.0,0.0,0.0,0.0,0.0,-186.01136487094536,0.5,1.3270570494956309,1.124871764529058
1110,validation,0,1,1,230.32730313185812,355.012557786815,0.0,0.0,-2.5091375210897127,0.0,0.0,-139.60886408965033,0.5,1.9193941927654843,1.527795288256023
1110,validation,0,2,1,345.4909546977872,242.59139798236205,0.0,0.0,-73.80396237812928,0.0,0.0,-80.43418872574892,0.5,1.9193941927654843,1.527795288256023
1111,train,1,0,0,-71.91874575564594,16.290187977047605,0.0,0.0,0.0,0.0,0.0,73.40540262789378,0.5,1.1986457625940992,0.755999415135019
1111,train,0,2,1,71.91874575564594,-266.46725067050266,0.0,0.0,0.0,0.0,0.0,4.913546587379301,0.5,1.1986457625940992,0.755999415135019
1112,train,1,0,1,-166.35632322731772,-3.3151406397885292,0.0,0.0,-48.12507451711788,0.0,0.0,-124.96560958163764,0.5,0.5545210774243924,0.606053534831702
1112,train,2,1,0,33.271264645463546,224.08989527717083,0.0,0.0,72.71629543627172,0.3333333333333333,0.0,-26.70925344787601,0.5,0.5545210774243924,0.606053534831702
1113,test,1,0,0,360.0,4.114777741924627,0.3333333333333333,-267.2214883805873,0.0,0.0,0.0,0.0,0.5,1.0,1.0
1113,test,0,2,1,-240.0,-710.5734086549901,-1.3333333333333333,306.9451797385418,0.0,0.0,0.0,0.0,0.5,1.0,1.0
1114,train,2,0,1,180.3856784680399,-2008.8998481422948,0.19047619047619047,-325.19375165041254,-198.21028892171833,-0.14285714285714285,0.0,0.0,0.5,1.0021426581557773,1.0521392992608796
1114,train,2,1,1,180.3856784680399,-761.515870679239,0.19047619047619047,-89.81426846720004,-109.26320859851651,0.0,0.0,-13.045002061524245,0.5,1.0021426581557773,1.0521392992608796
1115,validation,0,1,0,67.46545147943182,482.2577837025164,0.19047619047619047,156.09512286385166,-7.762002084265603,-0.047619047619047616,0.19047619047619047,-6.829887918384543,0.5,1.1244241913238637,0.7385766636256788
1115,validation,1,2,1,-337.32725739715914,-725.8981606917065,0.0,-74.18896438060813,10.073739443770606,0.0,-0.9523809523809523,22.736482575774986,0.5,1.1244241913238637,0.7385766636256788
1116,validation,2,0,1,240.0,-383.24193174083484,0.0,-247.16816639174635,0.0,0.2,-0.7,-8.845787781028534,0.5,1.0,1.0
1116,validation,1,2,0,0.0,-609.2628810172537,0.0,266.10190274108095,0.0,-0.2,0.10000000000000003,13.201408901805024,0.5,1.0,1.0
1117,train,0,1,1,-198.20200443968903,-65.76023282509584,0.0,-21.71520429041908,-161.0727030488518,0.0,0.0,3.5373553352505382,0.5,1.6516833703307419,1.277239103063927
1117,train,0,2,1,-396.40400887937807,-899.0319445707552,0.0,-89.47244587566877,-231.32596442787275,0.2,0.0,56.64735107492982,0.5,1.6516833703307419,1.277239103063927
1118,train,1,0,1,329.018603777383,1705.063367118588,0.0,-134.98229401753724,0.0,0.0,0.5,0.0,0.5,1.8278811320965724,0.9417270568009009
1118,train,1,2,1,-767.7100754805605,2361.8219915099794,0.5,-548.709281626494,0.0,0.0,1.3333333333333335,0.0,0.5,1.8278811320965724,0.9417270568009009
1119,test,1,0,1,600.0,40.168952531490504,0.0,0.0,0.0,0.0,0.0,0.0,0.5,1.0,1.0
1119,test,2,1,0,180.0,-142.0166970420596,0.0,0.0,0.0,0.0,0.0,0.0,0.5,1.0,1.0
1120,train,0,2,0,837.4815639301135,245.37507082997303,-0.6000000000000001,0.0,-361.28984908593895,0.1,0.7999999999999998,0.0,0.5,1.1631688387918242,0.6159373582029175
1120,train,1,2,0,628.111172947585,-476.9922960125388,-0.6000000000000001,0.0,-4.700976434389474,0.5,1.6000000000000005,0.0,0.5,1.1631688387918242,0.6159373582029175
1121,validation,1,0,1,-120.0,-71.54420826398564,0.0,-745.1295689138678,-96.6292329503516,-0.26666666666666666,-1.5999999999999999,64.5155460441118,0.5,1.0,1.0
1121,validation,2,1,0,240.0,3565.4878458677504,0.0,502.85121260885217,9.43213052430957,0.0,2.9333333333333336,-221.59206439733657,0.5,1.0,1.0
1122,train,1,0,0,-128.8741138359523,-160.4830459699023,0.06666666666666667,-116.49614428295229,0.0,0.26666666666666666,-0.1333333333333333,-7.179335272570592,0.5,1.073950948632936,1.7439860260584752
1122,train,0,2,1,64.43705691797615,937.9104619732398,0.0,179.03524532287926,0.0,-0.26666666666666666,0.1333333333333333,-55.71323101080752,0.5,1.073950948632936,1.7439860260584752
1123,train,1,0,0,-128.0383655815738,-1686.46630896596,-0.14285714285714285,-64.88946003519558,193.1832934392511,0.0,0.0,78.26533633630874,0.5,1.0669863798464483,1.1680537786821887
1123,train,2,0,0,-384.11509674472137,-1861.6440564433822,0.5714285714285714,-78.70605265798521,113.94316260677108,-0.19047619047619047,-0.19047619047619047,81.59841682097206,0.5,1.0669863798464483,1.1680537786821887
1124,test,2,0,1,-1200.0,-3836.6377653505388,-0.047619047619047616,-996.8304389415172,-123.04699038481976,0.0,-1.4285714285714284,-191.66100177932694,0.5,1.0,1.0
1124,test,1,2,0,780.0,3796.678276228573,0.2857142857142857,479.78348360818654,25.967723452910207,-0.38095238095238093,2.380952380952381,0.0,0.5,1.0,1.0
1125,train,1,0,0,420.0,772.4446610649538,0.0,403.1178372141979,0.0,0.0,0.0,-64.47622462947736,0.5,1.0,1.0
1125,train,0,2,1,60.0,252.6572455647538,0.0,-507.8549445943698,0.0,-0.3333333333333333,0.0,64.47622462947736,0.5,1.0,1.0
1126,train,1,0,0,600.0,85.16715723494463,0.0,0.0,0.0,0.0,0.0,0.0,0.5,1.0,1.0
1126,train,0,2,1,-480.0,-126.71174594274589,0.0,0.0,0.0,0.0,0.0,0.0,0.5,1.0,1.0
1127,train,1,0,1,174.13443464337826,29.519732488110538,0.0,0.0,-253.18603637534733,0.0,-1.333333333333333,0.0,0.5,0.7255601443474093,1.1978918568118189
1127,train,1,2,1,0.0,-1160.5423890662603,0.0,0.0,-457.02601743094186,0.0,-0.33333333333333326,0.0,0.5,0.7255601443474093,1.1978918568118189
1128,validation,0,1,1,139.1028194562003,1236.5455630297809,0.0,0.0,0.0,0.0,-0.6666666666666665,-81.81633956792412,0.5,0.7727934414233351,1.4721173591535317
1128,validation,0,2,1,-324.57324539780075,231.57871224729286,0.0,0.0,0.0,0.0,-1.333333333333333,-262.15573191906503,0.5,0.7727934414233351,1.4721173591535317
1129,train,1,0,1,102.46561593359935,-146.57243279166926,0.0,0.0,0.0,0.0,-1.0,0.0,0.5,1.7077602655599893,0.738215351487721
1129,train,1,2,1,-307.39684780079807,-918.9282564206425,0.0,0.0,0.0,0.0,-2.0,0.0,0.5,1.7077602655599893,0.738215351487721
1130,train,0,1,1,-240.0,658.6743670052256,0.0,0.0,0.0,0.0,0.0,0.0,0.5,1.0,1.0
1130,train,0,2,1,-300.0,876.0158701595701,0.0,0.0,0.0,0.0,0.0,0.0,0.5,1.0,1.0
1131,train,0,1,0,878.9998795112151,1614.8070018182275,0.0,0.0,0.0,1.3333333333333335,0.0,83.64988703873316,0.5,1.8312497489816981,1.9214818907073625
1131,train,2,1,0,659.2499096334113,4250.194085082904,0.0,0.0,0.0,0.6666666666666666,0.0,221.55854308339008,0.5,1.8312497489816981,1.9214818907073625
1132,validation,2,0,1,535.4964636946194,-788.9963790719333,-1.3333333333333335,0.0,0.0,0.0,0.0,-160.84043315139397,0.5,1.4874901769294981,1.1357204021712246
1132,validation,2,1,1,-89.24941061576989,-4069.5421959110236,-1.3333333333333335,0.0,0.0,0.0,0.0,163.60116459230412,0.5,1.4874901769294981,1.1357204021712246
1133,test,1,0,0,278.21916128063793,-356.2818852509882,0.5333333333333334,57.83757431951392,-59.88769460023292,0.13333333333333333,0.0,0.0,0.5,1.5456620071146552,0.8711084601798706
1133,test,0,2,1,278.21916128063793,-43.859997393620105,0.0,-16.773666788249557,-6.297413990634098,0.0,-0.3333333333333335,0.0,0.5,1.5456620071146552,0.8711084601798706
1134,test,0,2,0,0.0,602.7533003112667,0.0,0.0,661.8154170176049,0.0,0.0,5.767959815929993,0.5,1.4810341334108077,0.8282448083283187
1134,test,1,2,0,266.5861440139454,650.0585351273836,0.0,0.0,201.48763959274268,0.0,0.0,0.0,0.5,1.4810341334108077,0.8282448083283187
1135,train,0,2,0,-65.98154425020138,-402.60543704871753,0.0,-926.803255306655,0.0,0.0,0.0,386.1032045706212,0.5,1.0996924041700231,0.5938540345109586
1135,train,1,2,0,-65.98154425020138,-949.1517578288289,0.0,-477.4683584910442,0.0,0.0,0.0,445.2794092184994,0.5,1.0996924041700231,0.5938540345109586
1136,train,0,1,1,-230.38792293429526,-535.3972172923303,0.0,0.0,67.42851744108401,-0.5333333333333334,0.6666666666666667,-158.03271542615497,0.5,0.7679597431143176,1.033319631305597
1136,train,0,2,1,-737.2413533897449,292.0992333020919,0.0,0.0,151.11837462314253,0.26666666666666666,0.8,-254.22022139199328,0.5,0.7679597431143176,1.033319631305597
1137,train,0,2,0,0.0,-1361.4219754712085,0.5333333333333334,0.0,-41.56142881544886,0.0,0.2,38.988063415193395,0.5,0.7226144621668229,1.1206351509618278
1137,train,1,2,0,-43.35686773000938,-1122.3964930985746,0.26666666666666666,0.0,112.88495475894153,-0.3333333333333333,0.13333333333333336,63.908107976434366,0.5,0.7226144621668229,1.1206351509618278
1138,validation,1,0,1,120.0,-351.78455241630763,0.0,0.0,0.0,0.0,0.0,0.0,0.5,1.0,1.0
1138,validation,2,1,0,60.0,1030.5569692160316,0.0,0.0,0.0,0.0,0.0,0.0,0.5,1.0,1.0
1139,train,1,0,0,664.0618109054658,-282.94548134037166,0.0,-28.84234707714444,0.0,0.0,-1.0,0.0,0.5,1.8446161414040716,0.7014760921153048
1139,train,2,0,0,1328.1236218109316,-85.4546845821404,0.0,-249.41601063229683,0.0,-0.3333333333333333,0.0,0.0,0.5,1.8446161414040716,0.7014760921153048
1140,train,2,0,1,-420.0,-859.9744843680724,0.0,0.0,0.0,0.0,0.0,0.0,0.5,1.0,1.0
1140,train,2,1,1,-240.0,-1600.5272974595255,0.0,0.0,0.0,0.0,0.0,0.0,0.5,1.0,1.0
1141,test,1,0,0,-60.0,281.95914331512176,-0.3333333333333333,-106.27734346504349,152.8828410214607,0.0,0.0,0.0,0.5,1.0,1.0
1141,test,0,2,1,-240.0,-124.46933099694343,0.0,432.2552749201079,-209.26299643918134,0.0,0.0,0.0,0.5,1.0,1.0
1142,validation,0,1,0,429.932649019808,1286.3582437245875,0.0,-12.229352432251332,81.47982035040054,0.0,0.2857142857142857,-12.61522083261849,0.5,1.7913860375825335,0.7990801841793509
1142,validation,2,1,0,1074.83162254952,1234.4289220938863,0.38095238095238093,0.07959240339999951,-8.195526661582072,0.0,0.8571428571428571,-35.130588982299855,0.5,1.7913860375825335,0.7990801841793509
1143,train,0,1,0,-264.382711408301,608.8327202437127,0.0,60.87611882705042,40.962199599925086,0.0,0.7142857142857142,50.120294975587186,0.5,1.101594630867921,1.1283358010348106
1143,train,1,2,1,462.6697449645268,557.4496309650923,0.0,10.553011735870854,-9.80318190280054,-0.19047619047619047,-0.23809523809523814,-7.640261645204032,0.5,1.101594630867921,1.1283358010348106
1144,train,0,2,0,180.0,365.7403632127998,0.0,0.0,0.0,0.0,0.0,0.0,0.5,1.0,1.0
1144,train,1,2,0,0.0,359.21675997110106,0.0,0.0,0.0,0.0,0.0,0.0,0.5,1.0,1.0
1145,train,1,0,1,60.0,1004.6128972805363,0.0,-609.8141754159491,142.83648688774613,0.0,-1.4000000000000001,0.0,0.5,1.0,1.0
1145,train,1,2,1,180.0,54.93724592129456,0.0,-612.1089080448415,19.590478423756906,0.3,-1.0,0.0,0.5,1.0,1.0
1146,train,0,1,0,-144.24694334076594,-242.2489763910858,0.0,0.0,0.0,-0.3333333333333333,0.16666666666666674,-23.592910887996833,0.5,1.2020578611730495,0.8796553565829942
1146,train,1,2,1,144.24694334076594,163.66352348594208,0.0,0.0,0.0,0.0,0.8333333333333333,-183.99044792520692,0.5,1.2020578611730495,0.8796553565829942
1147,test,1,0,1,-92.8744214203437,841.9611663600394,0.0,0.0,0.0,0.0,0.0,-35.7140960290338,0.5,1.5479070236723949,1.2594501971922227
1147,test,1,2,1,0.0,138.26050742473356,0.0,0.0,0.0,0.0,-2.0,26.22695526589226,0.5,1.5479070236723949,1.2594501971922227
1148,train,0,2,0,206.39602284476038,142.73970800859846,-0.4,114.00652898557595,0.0,0.3,0.0,0.0,0.5,1.7199668570396698,1.0469111250094048
1148,train,1,2,0,0.0,189.65864348724534,-0.4,-63.82173816877447,0.0,0.0,0.09999999999999998,0.0,0.5,1.7199668570396698,1.0469111250094048
1149,test,1,0,0,273.67426264147775,430.97689294508854,0.0,0.0,0.0,0.0,3.0,0.0,0.5,1.520412570230432,0.753751077911643
1149,test,0,2,1,-1277.1465589935628,-1061.1153263687895,0.0,0.0,0.0,0.0,-5.0,0.0,0.5,1.520412570230432,0.753751077911643
1150,train,0,1,1,-78.99171767780554,-856.8257483508372,-0.2,-57.745707534003145,-17.16760422998074,0.0,-0.26666666666666666,-36.5512620939426,0.5,1.3165286279634256,1.5161553709866387
1150,train,2,0,0,315.96687071122216,-128.50261981826569,0.0,67.99353749887584,18.840751662722994,0.0,0.06666666666666667,57.15064099617818,0.5,1.3165286279634256,1.5161553709866387
1151,train,1,0,0,-193.75617516583534,-224.8611911953913,-0.26666666666666666,3.1155384721053565,64.63600327226263,-0.2,0.0,125.84737195594307,0.5,0.538211597682876,1.6436282735144283
1151,train,2,0,0,64.58539172194511,-458.5198227355527,0.2666666666666667,-80.38905436861135,195.00104367329797,0.0,0.0,67.15605271017017,0.5,0.538211597682876,1.6436282735144283
1152,validation,0,1,1,44.988282330271005,-649.3255340309612,0.0,0.0,0.0,0.0,-2.0,0.0,0.5,0.7498047055045167,0.6247821001719261
1152,validation,0,2,1,0.0,-147.05563049906937,0.0,0.0,0.0,0.0,-1.3333333333333333,0.0,0.5,0.7498047055045167,0.6247821001719261
1153,test,0,2,0,-223.4960341749875,-753.3622551993892,0.0,0.0,0.0,1.0,0.0,0.0,0.5,0.9312334757291146,1.476710311812149
1153,test,2,1,1,0.0,1219.6772253012189,0.0,0.0,0.0,0.0,0.0,0.0,0.5,0.9312334757291146,1.476710311812149
1154,train,2,0,1,0.0,193.7199225206616,0.0,-15.575965912462294,-32.23055988919858,0.0,0.8000000000000002,0.0,0.5,1.5690796511862912,0.9513624568981177
1154,train,2,1,1,-470.72389535588735,-1073.7617221119244,0.0,-147.25145348013362,-30.527121928722174,-0.6666666666666666,-0.5999999999999999,-64.36762588201132,0.5,1.5690796511862912,0.9513624568981177
1155,test,0,1,0,532.1185085013052,1509.5067621266078,0.0,-7.820561203951712,103.45202030233663,0.0,0.47619047619047616,10.505670483098514,0.5,1.7737283616710173,0.5547621753473273
1155,test,2,1,0,638.5422102015663,373.1718130521005,0.14285714285714285,-74.17725733758112,-39.123907770420516,0.19047619047619047,0.047619047619047616,7.789815444535147,0.5,1.7737283616710173,0.5547621753473273
1156,train,0,2,0,-147.7126197698968,225.14547725051392,0.0,222.50472305013096,0.0,2.0,-0.30000000000000004,99.66748295809194,0.5,0.6154692490412367,0.9333842734227823
1156,train,2,1,1,221.5689296548452,279.80912306668176,0.0,-118.86345100131064,0.0,-0.8,0.6000000000000001,-14.179028139860435,0.5,0.6154692490412367,0.9333842734227823
1157,train,1,0,0,540.0,1193.323981159398,0.0,-230.9821489385181,0.0,0.0,0.0,0.0,0.5,1.0,1.0
1157,train,2,0,0,-120.0,-62.83322542788483,0.0,821.8043896051956,0.0,0.0,0.0,0.0,0.5,1.0,1.0
1158,train,1,0,0,-235.84696857964576,-337.3798391655744,0.13333333333333333,400.75297988027427,0.0,0.2,-0.3333333333333333,0.0,0.5,0.7861565619321526,1.6343957623579333
1158,train,2,0,0,-94.33878743185831,1507.2789331085114,0.0,668.2236543682254,0.0,0.0,-0.3333333333333333,174.14828129147872,0.5,0.7861565619321526,1.6343957623579333
1159,test,1,0,1,-61.17585648338148,-332.03951201135635,-0.23809523809523808,-16.07723916282943,-3.575001869862348,-0.19047619047619047,0.0,-41.05486521486298,0.5,1.019597608056358,1.1879821112798477
1159,test,2,1,0,61.17585648338148,1625.6831263134382,0.0,50.41623962562424,1.9095580171045299,0.0,0.19047619047619047,29.77204583551579,0.5,1.019597608056358,1.1879821112798477
1160,train,1,0,0,30.085764677244462,405.81987909698705,-0.6666666666666666,512.4277766492446,0.0,0.0,-0.3999999999999999,-38.97414449508244,0.5,0.5014294112874077,0.6845679136052009
1160,train,0,2,1,60.171529354488925,-472.65735874304903,-0.33333333333333337,-709.2892262117507,0.0,0.0,-0.6000000000000001,-39.86523876913712,0.5,0.5014294112874077,0.6845679136052009
1161,train,2,0,1,-63.42818697820412,326.57458403172893,0.0,113.66041714327083,-44.78778398090223,0.0,0.0,10.177007321184853,0.5,1.0571364496367353,1.5143499770775324
1161,train,2,1,1,-190.28456093461236,-491.4836732729113,0.0,143.20820090659134,-126.42330839674786,-0.6666666666666666,0.0,-5.069463447508872,0.5,1.0571364496367353,1.5143499770775324
1162,train,1,0,1,-693.1805484976804,-1724.7016041417103,0.20000000000000004,0.0,0.0,-0.8,-1.2,-23.84135188253483,0.5,1.9255015236046678,1.4847916322038002
1162,train,2,1,0,-231.06018283256014,2028.0721733588475,-0.20000000000000004,0.0,0.0,0.0,1.8,60.35229115313961,0.5,1.9255015236046678,1.4847916322038002
1163,train,2,0,1,30.56564578054744,-1132.3501757889414,0.13333333333333333,0.0,-236.38628497698636,0.0,-0.26666666666666666,-33.15016780569988,0.5,0.5094274296757907,1.2373324270630153
1163,train,1,2,0,-91.69693734164233,-570.7014307362226,0.0,0.0,238.69782772325095,0.0,-0.2,-41.100716976936766,0.5,0.5094274296757907,1.2373324270630153
1164,test,2,0,1,114.83014405947051,624.0175803068986,-0.8,-82.68013799537286,-140.00453573661358,0.0,0.0,-31.189930337345015,0.5,0.6379452447748362,0.8326272790452004
1164,test,2,1,1,-76.55342937298033,-1242.4961918286479,0.0,-173.2477216088228,132.11941193310787,-0.13333333333333336,0.0,-64.3195120549177,0.5,0.6379452447748362,0.8326272790452004
1165,train,1,0,0,-152.407111091986,-1800.327480339104,0.0,0.0,0.0,0.0,0.0,0.0,0.5,0.8467061727332555,1.003173483505897
1165,train,2,0,0,-50.80237036399533,847.0199427553398,0.0,0.0,0.0,0.0,3.0,0.0,0.5,0.8467061727332555,1.003173483505897
1166,train,0,1,0,-276.95342426578117,-131.5601348279903,0.0,-37.93190995960299,-52.29112777544353,0.0,-0.1333333333333333,122.53501935436466,0.5,0.6594129149185266,0.6298485074935317
1166,train,2,1,0,-118.69432468533479,-163.57125854592238,0.0,-129.52986376150596,154.88135262497946,-0.13333333333333333,0.6666666666666666,114.6164190600385,0.5,0.6594129149185266,0.6298485074935317
1167,train,0,2,0,-372.2708377877686,-471.239357247408,0.6000000000000001,0.0,56.1346915032147,0.7999999999999999,0.4666666666666667,26.165476663117403,0.5,1.2409027926258953,1.7769081984181798
1167,train,1,2,0,372.2708377877686,858.1976672399328,0.0,0.0,293.41479388004007,-0.26666666666666666,0.6,91.1298801151923,0.5,1.2409027926258953,1.7769081984181798
1168,train,1,0,0,420.0,-1423.8419555057717,0.0,0.0,0.0,0.0,0.0,0.0,0.5,1.0,1.0
1168,train,0,2,1,-120.0,843.4318323036841,0.0,0.0,0.0,0.0,0.0,0.0,0.5,1.0,1.0
1169,test,1,0,1,63.48003145501003,730.0125422309295,-0.8333333333333334,-697.5964197968576,0.0,0.0,-0.5,0.0,0.5,1.058000524250167,0.9980360722438607
1169,test,1,2,1,444.3602201850702,682.1144036317073,0.0,-854.3985609873389,0.0,0.0,-1.0,0.0,0.5,1.058000524250167,0.9980360722438607
1170,test,2,0,1,175.3078935511728,393.93656011901675,0.0,0.0,0.0,0.0,-4.0,-222.6312012251509,0.5,1.4608991129264401,0.5171415513460282
1170,test,1,2,0,-788.8855209802776,-1039.665971564139,0.0,0.0,0.0,0.0,0.666666666666667,26.617641769438308,0.5,1.4608991129264401,0.5171415513460282
1171,train,2,0,1,473.8067627664941,41.62112424732688,-0.6666666666666667,224.97541171368624,-164.12806307322842,0.0,-1.6,-36.847795282663654,0.5,1.5793558758883137,1.7274627866177337
1171,train,1,2,0,568.5681153197929,733.4632628640541,1.3333333333333333,-405.91166147814744,-415.9803397046947,0.0,-1.0666666666666664,40.34949860240933,0.5,1.5793558758883137,1.7274627866177337
1172,validation,0,1,0,49.048204924848214,4956.238881169944,0.0,40.215013563739376,0.0,0.8,0.29999999999999993,247.43738556034762,0.5,0.8174700820808035,1.8855707128044479
1172,validation,1,2,1,-49.048204924848214,-3183.9303717521134,0.0,96.07265669091333,0.0,0.0,0.20000000000000007,-137.98245928417657,0.5,0.8174700820808035,1.8855707128044479
1173,validation,0,1,0,451.5826888532532,650.392709799785,0.0,0.0,0.0,0.0,5.0,0.0,0.5,1.2543963579257034,0.8321710666905081
1173,validation,1,2,1,-376.318907377711,-150.36491634658378,0.0,0.0,0.0,0.0,1.0,0.0,0.5,1.2543963579257034,0.8321710666905081
1174,train,1,0,1,219.76814647818824,562.288883447879,0.0,0.0,138.70174315202013,0.16666666666666666,-0.6666666666666665,0.0,0.5,1.2209341471010458,0.6769761335825762
1174,train,1,2,1,0.0,379.1657234815726,0.0,0.0,-7.465526484326915,-0.16666666666666666,0.0,0.0,0.5,1.2209341471010458,0.6769761335825762
1175,test,2,0,1,-359.5946781343987,-557.2064793494549,0.0,-37.843071112976645,-43.29396333964635,0.0,0.0,-1.8041696491245296,0.5,1.4983111588933278,0.7428503799624585
1175,test,2,1,1,-89.89866953359967,18.06928859408044,0.26666666666666666,146.6264179318138,21.016848608099394,-0.3333333333333333,0.0,-21.355165129978268,0.5,1.4983111588933278,0.7428503799624585
1176,validation,0,1,1,120.0,364.7271500685274,0.0,-420.20232872978465,0.0,0.0,0.0,0.0,0.5,1.0,1.0
1176,validation,2,0,0,-60.0,353.5238381862855,0.0,1403.2524483691002,0.0,0.6666666666666666,0.0,0.0,0.5,1.0,1.0
1177,validation,1,0,0,-60.0,810.4228931428624,0.0,0.0,0.0,0.0,0.0,0.0,0.5,1.0,1.0
1177,validation,2,0,0,-60.0,2022.982522203938,0.0,0.0,0.0,0.0,0.0,0.0,0.5,1.0,1.0
1178,test,1,0,0,865.6405986316613,364.1410062937823,0.0,401.95571301449394,196.66086572150434,0.16666666666666666,0.0,0.0,0.5,1.2022786092106408,0.9570902107865582
1178,test,2,0,0,504.9570158684691,-137.48866753315588,0.0,641.6396001142834,-22.27988716151188,0.16666666666666666,0.0,0.0,0.5,1.2022786092106408,0.9570902107865582
1179,validation,0,1,0,63.71279089669916,355.48374446390943,0.0,0.0,130.73997896956632,0.0,0.0,0.0,0.5,1.0618798482783194,1.414250271855938
1179,validation,2,1,0,-127.42558179339832,689.4216757324796,0.0,0.0,422.25934242851747,2.0,0.0,0.0,0.5,1.0618798482783194,1.414250271855938
1180,train,2,0,1,-121.4745279657157,-377.78471259083716,-0.06666666666666667,9.26650345615991,-271.32992391480315,0.0,-0.5333333333333333,-24.05231947418136,0.5,1.0122877330476308,1.0665706624076803
1180,train,1,2,0,121.4745279657157,52.719457310623866,0.0,205.60790193709096,-81.95609426794067,0.0,1.3333333333333335,-56.53309845838287,0.5,1.0122877330476308,1.0665706624076803
1181,test,0,1,0,120.0,0.0,0.0,0.0,0.0,0.0,0.0,0.0,0.5,1.0,1.0
1181,test,2,1,0,120.0,400.30440416100055,0.0,0.0,0.0,0.0,0.0,0.0,0.5,1.0,1.0
1182,train,0,1,1,-120.0,-497.47306581183557,0.0,-751.8187498390413,0.0,0.0,0.0,0.0,0.5,1.0,1.0
1182,train,2,0,0,60.0,845.3110784234705,0.0,1226.6246044468871,0.0,0.0,0.0,0.0,0.5,1.0,1.0
1183,train,0,1,1,-77.6450224110975,1.5213302134065296,0.0,0.0,0.0,0.0,0.0,-204.70288410716364,0.5,1.294083706851625,0.823264869294243
1183,train,0,2,1,-155.290044822195,-413.3374289000174,0.0,0.0,0.0,0.0,0.0,-190.24380476240535,0.5,1.294083706851625,0.823264869294243
1184,test,0,1,0,360.0,813.1319624861139,0.0,834.360200047149,0.0,0.0,0.0,0.0,0.5,1.0,1.0
1184,test,1,2,1,120.0,750.1921430962357,0.0,-809.60067948447,0.0,0.0,0.0,0.0,0.5,1.0,1.0
1185,train,0,1,0,402.04182097364543,1192.9708985422712,0.0,0.0,443.3568971777688,0.0,0.0,-69.22776955824278,0.5,1.3401394032454848,0.5412152549593954
1185,train,1,2,1,80.40836419472909,-1696.0721591330484,0.0,0.0,-1200.6898766257805,0.0,0.0,122.84092125824247,0.5,1.3401394032454848,0.5412152549593954
1186,train,1,0,1,-236.1805977105358,-1946.8769087017,0.0,0.0,0.0,0.0,-0.8333333333333333,-240.96760606110337,0.5,0.6560572158625995,1.2256758248494226
1186,train,2,1,0,708.5417931316074,1765.0751891042619,0.0,0.0,0.0,1.0,0.0,-191.7316631790008,0.5,0.6560572158625995,1.2256758248494226
1187,train,1,0,0,180.94994932359106,1177.77254832788,3.0,0.0,0.0,0.0,0.0,0.0,0.5,0.6031664977453035,1.5826484224896287
1187,train,0,2,1,-398.0898885119003,-1804.159075721798,-4.0,0.0,0.0,0.0,0.0,0.0,0.5,0.6031664977453035,1.5826484224896287
1188,train,2,0,1,-251.5093882340579,-3527.441952151382,0.0,0.0,-211.75593107397836,0.0,-2.4,0.0,0.5,1.3972743790780995,1.8066501417466578
1188,train,1,2,0,83.83646274468597,199.6516684769424,0.0,0.0,62.16958842615489,0.0,0.7999999999999998,0.0,0.5,1.3972743790780995,1.8066501417466578
1189,train,0,1,1,-120.0,155.2653856042125,0.0,39.85321219897003,-53.21729053167418,0.26666666666666666,-1.4,7.597421796927447,0.5,1.0,1.0
1189,train,2,0,0,-60.0,-495.9629610788361,0.0,400.08568817556807,-20.198380570215477,-0.26666666666666666,0.6,-21.94415936843466,0.5,1.0,1.0
1190,train,0,1,0,104.80387716979429,123.74957452362719,0.0,0.0,-94.45576137744831,0.0,0.0,-8.516317148045502,0.5,1.7467312861632383,0.6838470411962905
1190,train,2,1,0,0.0,-134.01983950470319,0.0,0.0,-44.76592461074857,0.0,0.0,6.95108525619403,0.5,1.7467312861632383,0.6838470411962905
1191,train,0,2,0,-120.0,1479.8367799642892,0.0,0.0,0.0,0.0,0.0,0.0,0.5,1.0,1.0
1191,train,1,2,0,0.0,2763.515090675721,0.0,0.0,0.0,0.0,0.0,0.0,0.5,1.0,1.0
1192,train,2,0,1,-1199.7539143887334,-2292.5565096764726,-0.13333333333333336,0.0,3.1456780641604922,-0.4,-2.133333333333333,-146.65306553672926,0.5,1.052415714376082,0.8599734932554478
1192,train,1,2,0,0.0,1202.800674066516,-0.13333333333333333,0.0,-19.535300240579026,0.6000000000000001,1.3333333333333333,295.4002767063862,0.5,1.052415714376082,0.8599734932554478
1193,train,1,0,1,-600.0,-98.61421373583198,0.0,0.0,0.0,0.0,0.0,0.0,0.5,1.0,1.0
1193,train,1,2,1,-180.0,-676.0715607639781,0.0,0.0,0.0,0.0,0.0,0.0,0.5,1.0,1.0
1194,train,0,2,0,-216.0776549328441,1373.5410914790396,0.0,0.0,0.0,0.0,14.0,0.0,0.5,0.9003235622201837,1.4414454201146412
1194,train,2,1,1,-756.2717922649543,-1663.2887425686938,0.0,0.0,0.0,0.0,-2.0,0.0,0.5,0.9003235622201837,1.4414454201146412
1195,train,0,1,0,420.0,290.6364617628087,0.0,521.6345682137137,0.0,-0.33333333333333326,0.0,0.0,0.5,1.0,1.0
1195,train,2,1,0,540.0,1499.0037855949458,0.0,0.32982949556094354,0.0,-0.33333333333333326,0.0,0.0,0.5,1.0,1.0
1196,train,0,2,0,-60.0,-176.9532876053663,0.0,0.0,0.0,0.0,0.0,0.0,0.5,1.0,1.0
1196,train,2,1,1,120.0,1036.0166995153231,0.0,0.0,0.0,0.0,0.0,0.0,0.5,1.0,1.0
1197,train,0,2,0,-120.0,1873.4995185556636,0.0,-266.7581155992825,0.0,0.6666666666666667,0.0,0.0,0.5,1.0,1.0
1197,train,2,1,1,0.0,-1738.5167001990512,0.0,-1151.2826263212683,0.0,0.3333333333333333,0.0,0.0,0.5,1.0,1.0
1198,train,0,1,1,-441.3551742511331,-1326.804866041041,-0.23809523809523808,-1.8710617863402206,-303.4658684962159,0.0,-0.19047619047619047,-39.758130899721124,0.5,1.8389798927130547,0.9237950089334016
1198,train,2,0,0,110.33879356278328,1715.9747372548206,0.0,204.9592892198049,179.83614291531953,-0.047619047619047616,0.5714285714285714,59.7682327233254,0.5,1.8389798927130547,0.9237950089334016
1199,train,0,2,0,-117.86239607077312,-716.8370100074516,0.0,0.0,549.3828710759592,0.0,0.0,0.0,0.5,0.6547910892820729,1.9123234848147679
1199,train,2,1,1,196.43732678462186,-32.219859010828834,0.0,0.0,-256.7354296376511,0.0,0.0,0.0,0.5,0.6547910892820729,1.9123234848147679
1200,train,0,1,0,-106.33070027270023,76.41255299465901,-0.3333333333333333,0.0,0.0,0.0,0.6666666666666667,0.0,0.5,0.8860891689391686,1.0851612200724214
1200,train,2,1,0,53.16535013635011,792.7097776707694,-0.16666666666666666,0.0,0.0,0.0,0.33333333333333326,0.0,0.5,0.8860891689391686,1.0851612200724214
1201,train,1,0,1,-60.0,-79.48225546406684,0.0,-795.3954670293667,-39.45432519626553,0.0,0.6666666666666667,0.0,0.5,1.0,1.0
1201,train,2,1,0,480.0,2415.416756601325,0.0,143.31560270432396,-46.815527330701514,0.0,0.33333333333333326,0.0,0.5,1.0,1.0
1202,train,0,1,0,0.0,221.6007483288429,0.0,0.0,-87.23186741689436,0.0,-0.3333333333333333,51.677072928745446,0.5,0.957170003852868,1.32963557573146
1202,train,2,1,0,-57.43020023117208,198.75070233358213,0.0,0.0,-51.67806362254224,0.0,0.33333333333333337,30.235233959007104,0.5,0.957170003852868,1.32963557573146
1203,validation,0,1,1,-767.0629029050089,-734.8561083252595,0.0,0.0,0.0,0.0,-3.0,0.0,0.5,0.7990238571927175,0.8299874076772635
1203,validation,2,0,0,575.2971771787566,1726.9488013901662,0.0,0.0,0.0,0.0,3.0,0.0,0.5,0.7990238571927175,0.8299874076772635
1204,train,1,0,0,120.0,-501.93489891231366,0.0,0.0,0.0,0.0,0.0,0.0,0.5,1.0,1.0
1204,train,0,2,1,120.0,1304.289058493323,0.0,0.0,0.0,0.0,0.0,0.0,0.5,1.0,1.0
1205,test,2,0,1,-346.4949179031591,-799.8802539752937,0.0,37.933581723582975,-378.2734411811283,0.4,0.30000000000000027,0.0,0.5,0.7218644122982482,0.7054659321036778
1205,test,1,2,0,173.24745895157955,1662.9952322898416,0.0,202.3938898953333,636.3204534863172,0.0,0.5999999999999996,0.0,0.5,0.7218644122982482,0.7054659321036778
1206,train,1,0,0,1260.0,591.9459133930013,0.0,668.204235150823,0.0,0.0,0.0,0.0,0.5,1.0,1.0
1206,train,0,2,1,-960.0,-211.28929056612105,0.0,-3054.6004822649033,0.0,0.0,0.0,0.0,0.5,1.0,1.0
1207,train,0,2,0,95.50014349011853,1194.4713133923265,0.16666666666666669,138.43020695594953,15.889234027228952,0.0,0.0,0.0,0.5,0.5305563527228807,0.8439632205539119
1207,train,1,2,0,-31.83338116337284,447.34213546054497,-0.16666666666666666,694.8186355340077,-100.87840233761585,0.0,0.0,0.0,0.5,0.5305563527228807,0.8439632205539119
1208,train,0,1,1,-72.59693452651521,-203.923164010293,0.0,-16.933894530259337,27.3754512243691,0.0,-0.19047619047619047,26.226073729421763,0.5,1.2099489087752535,0.7059018545000311
1208,train,0,2,1,72.59693452651521,-106.8841119002119,0.0,7.845206371875236,51.268032925439734,-0.23809523809523808,-0.09523809523809523,19.738885149177552,0.5,1.2099489087752535,0.7059018545000311
1209,test,0,2,0,101.65690193475982,-123.89175815037912,0.0,-198.62614121610756,-2.2426769827002033,0.4,-0.20000000000000007,0.0,0.5,0.8471408494563318,0.6642612559282202
1209,test,2,1,1,0.0,313.04981730724893,0.0,306.4009047726688,-46.18025412445172,-0.8,0.20000000000000007,0.0,0.5,0.8471408494563318,0.6642612559282202
1210,train,1,0,0,230.88366452986088,-275.63403357507906,0.0,0.0,-31.778180128828414,1.2,0.0,72.76627797459108,0.5,0.7696122150995363,1.0782822462921036
1210,train,0,2,1,-184.7069316238887,-722.4346724456584,-0.3,0.0,-45.722314054723455,0.4,0.0,-70.21334694790701,0.5,0.7696122150995363,1.0782822462921036
1211,train,0,1,1,0.0,-169.4066662318485,0.0,0.0,-149.99524364475764,-0.3333333333333333,0.16666666666666663,0.0,0.5,1.3074615352474404,0.7288286138716985
1211,train,2,0,0,392.2384605742321,524.9754450638146,0.0,0.0,111.67630263028455,-0.3333333333333333,-0.8333333333333333,0.0,0.5,1.3074615352474404,0.7288286138716985
1212,train,2,0,1,-160.0436342358543,-826.0426294947051,0.0,29.21152938374965,-340.05681321683204,0.0,0.0,43.45777384475844,0.5,0.8891313013103017,0.8628127861532682
1212,train,1,2,0,160.0436342358543,-88.84065237316884,0.0,-46.200745631452946,349.69285573118077,0.0,0.0,-100.0992281554544,0.5,0.8891313013103017,0.8628127861532682
1213,train,1,0,0,0.0,-79.31010398393104,0.0,0.0,0.0,0.0,0.0,0.0,0.5,1.7413802645440717,1.9834386671201363
1213,train,2,0,0,-417.9312634905772,270.3136554208083,1.0,0.0,0.0,0.0,0.0,0.0,0.5,1.7413802645440717,1.9834386671201363
1214,train,0,1,1,-216.40342246931422,-684.9219024073738,0.047619047619047616,-65.4658390257149,-21.06873460490011,-0.23809523809523808,0.09523809523809523,-26.61943011063005,0.5,0.7213447415643808,1.0251625095804149
1214,train,2,0,0,129.84205348158855,513.2484711862409,0.047619047619047616,-130.87919185387852,13.1874109098942,0.47619047619047616,-0.09523809523809523,-21.687014288478796,0.5,0.7213447415643808,1.0251625095804149
1215,test,0,1,1,72.89267601883412,-13.365225717616347,-0.5,0.0,-42.61063558833807,0.0,0.0,1.5911621244922216,0.5,0.6074389668236178,0.891479364627946
1215,test,0,2,1,0.0,-483.3115630759689,-0.5,0.0,90.99946068804036,0.0,0.0,19.057597434237035,0.5,0.6074389668236178,0.891479364627946
1216,train,1,0,1,-180.0,-1281.7615144237793,0.0,0.0,0.0,0.0,0.0,0.0,0.5,1.0,1.0
1216,train,2,1,0,240.0,963.2584560724754,0.0,0.0,0.0,0.0,0.0,0.0,0.5,1.0,1.0
1217,validation,0,1,0,36.96483455436129,7.332389462665803,0.0,0.0,0.0,0.0,0.6666666666666665,0.0,0.5,0.6160805759060215,0.6364844911798059
1217,validation,2,1,0,295.7186764348903,1561.2221627746676,0.0,0.0,0.0,0.3333333333333333,3.3333333333333335,0.0,0.5,0.6160805759060215,0.6364844911798059
1218,train,1,0,0,251.1329367894873,1145.5183359774899,-0.3333333333333333,0.0,0.0,0.0,0.0,20.481412272577217,0.5,0.6975914910819092,1.75773332515957
1218,train,0,2,1,-209.27744732457276,-3462.43076923647,-0.3333333333333333,0.0,0.0,0.0,0.0,-153.79440831180327,0.5,0.6975914910819092,1.75773332515957
1219,train,0,1,1,-178.96697372701456,-2.455926615032379,-0.2857142857142857,-5.675178148937654,-14.13303967024029,0.0,0.0,22.510384242960402,0.5,0.7456957238625607,0.5835079233017614
1219,train,0,2,1,-44.74174343175364,69.97459303922469,0.0,-30.993060587803704,-11.232027193232412,-0.23809523809523808,0.2857142857142857,-5.868551966387944,0.5,0.7456957238625607,0.5835079233017614
1220,validation,1,0,1,-161.9584121229439,-65.89785600431294,-0.047619047619047616,71.4052097446311,-93.44787347562256,0.0,-0.38095238095238093,-40.713085147149165,0.5,0.8997689562385772,0.7126854945653768
1220,validation,2,1,0,-161.9584121229439,-269.1651389353995,0.14285714285714285,-24.459101842096118,-22.169431724894096,0.2857142857142857,-0.5714285714285714,-28.085345384155936,0.5,0.8997689562385772,0.7126854945653768
1221,validation,0,1,0,-615.1749458175585,-1802.5919348858959,0.0,0.0,0.0,0.0,2.0,0.0,0.5,1.4647022519465678,1.9661718032806779
1221,validation,1,2,1,351.52854046717624,790.6667579547699,0.0,0.0,0.0,0.16666666666666666,-3.0,0.0,0.5,1.4647022519465678,1.9661718032806779
1222,train,1,0,1,-60.0,268.2879221698372,0.0,286.1951761101496,0.0,-0.4,-0.9,2.9313987231290533,0.5,1.0,1.0
1222,train,1,2,1,-420.0,-143.51833862436797,0.0,56.13776794630377,0.0,0.0,-0.9,-23.308158293805715,0.5,1.0,1.0
1223,train,0,1,0,-191.5717887312192,758.0946717152117,0.0,437.87542377927656,-17.83806606673923,0.26666666666666666,0.19999999999999996,25.578485156014985,0.5,1.59643157276016,1.7225094190256962
1223,train,1,2,1,0.0,-2769.1083843750935,0.0,-303.010619894183,-5.22003539697689,-0.26666666666666666,-0.3999999999999999,36.82812559039439,0.5,1.59643157276016,1.7225094190256962
1224,train,1,0,0,78.4531977582786,420.239775657556,0.0,0.0,0.0,-0.3333333333333333,3.3333333333333335,0.0,0.5,0.653776647985655,0.8582303131457689
1224,train,0,2,1,-353.03938991225374,-86.24551648887474,0.0,0.0,0.0,0.0,-2.6666666666666665,0.0,0.5,0.653776647985655,0.8582303131457689
1225,validation,0,1,0,-120.0,-830.3033145145027,-0.4,64.12164406523016,106.26263415987543,-0.13333333333333333,0.0,4.17140881078571,0.5,1.0,1.0
1225,validation,2,1,0,-60.0,-126.96594912987712,-0.2,-45.36707800538812,58.13709110975646,0.4,0.0,-5.370030535875415,0.5,1.0,1.0
1226,train,1,0,1,38.110716232518,-195.03817230019578,0.0,-279.0944424928676,0.0,-0.6666666666666666,0.0,0.0,0.5,0.6351786038753,0.504202579475561
1226,train,2,1,0,-76.221432465036,-218.32254614066497,0.0,51.186420905468026,0.0,0.6666666666666666,0.0,0.0,0.5,0.6351786038753,0.504202579475561
1227,train,1,0,1,-240.0,10.06274506100408,0.0,0.0,0.0,0.0,0.0,0.0,0.5,1.0,1.0
1227,train,2,1,0,480.0,595.4265563505983,0.0,0.0,0.0,0.0,0.0,0.0,0.5,1.0,1.0
1228,test,2,0,1,223.3282796630797,390.5594684523852,0.0,-878.8024875368765,0.0,0.0,0.0,0.0,0.5,0.7444275988769323,0.60812916341618
1228,test,2,1,1,133.99696779784782,266.905656398755,0.0,-1085.0817555511446,0.0,0.0,0.0,0.0,0.5,0.7444275988769323,0.60812916341618
1229,train,2,0,1,-90.03442070769135,-969.3549200403052,0.0,-632.2524613145622,-233.64403503388792,0.3333333333333333,0.0,0.0,0.5,1.5005736784615225,0.7167568881575846
1229,train,2,1,1,-990.3786277846049,-1092.540230613659,0.0,-290.02481709938013,378.4681544673093,0.0,0.0,0.0,0.5,1.5005736784615225,0.7167568881575846
1230,train,1,0,0,540.0,3128.165578528723,0.0,0.0,0.0,0.0,0.0,0.0,0.5,1.0,1.0
1230,train,0,2,1,-780.0,-1294.9150896217807,0.0,0.0,0.0,0.0,0.0,0.0,0.5,1.0,1.0
1231,train,1,0,0,420.0,946.3624815455096,-0.2857142857142857,168.87174991256245,-36.88765922928759,0.0,0.9523809523809523,22.886430202129716,0.5,1.0,1.0
1231,train,2,0,0,360.0,615.1961152539152,-0.14285714285714285,-256.0112009523671,-14.947952794798312,0.19047619047619047,0.2857142857142857,131.4328585907386,0.5,1.0,1.0
1232,train,0,1,1,-430.6197883158376,-551.0253825333426,-1.0,0.0,0.0,0.0,0.0,0.0,0.5,1.7942491179826565,1.2731571647093465
1232,train,0,2,1,-215.3098941579188,631.2987134402823,-1.0,0.0,0.0,0.0,0.0,0.0,0.5,1.7942491179826565,1.2731571647093465
1233,test,0,1,1,-378.53736638261415,-778.4218147505194,0.0,0.0,-99.84368245254484,0.06666666666666667,0.0,26.071222699983405,0.5,1.5772390265942255,1.207254831714156
1233,test,0,2,1,-283.9030247869606,-497.43052298554477,0.3333333333333333,0.0,-24.0601262287222,0.06666666666666667,-0.4,-76.3984702942081,0.5,1.5772390265942255,1.207254831714156
1234,test,2,0,1,-420.0,-489.188381626941,0.0,0.0,0.0,0.0,0.0,0.0,0.5,1.0,1.0
1234,test,1,2,0,360.0,1055.5179254576733,0.0,0.0,0.0,0.0,0.0,0.0,0.5,1.0,1.0
1235,train,0,1,1,0.0,-953.8534322685914,0.0,0.0,0.0,0.0,0.0,0.0,0.5,1.0,1.0
1235,train,2,0,0,300.0,1897.9777197633061,0.0,0.0,0.0,0.0,0.0,0.0,0.5,1.0,1.0
1236,validation,2,0,1,-95.54771285001746,-115.93582192992558,0.0,0.0,0.0,0.0,-0.6666666666666666,0.0,0.5,1.5924618808336244,0.6732173317103948
1236,validation,1,2,0,286.6431385500524,318.4681395061309,1.3333333333333333,0.0,0.0,0.0,0.6666666666666666,0.0,0.5,1.5924618808336244,0.6732173317103948
1237,train,1,0,0,-180.0,-460.27021057200636,0.2,271.09029942352845,-22.612108493804897,0.0,0.1,0.0,0.5,1.0,1.0
1237,train,2,0,0,60.0,171.00875730543976,-0.2,197.42357186207437,211.78150951040857,0.0,0.30000000000000004,0.0,0.5,1.0,1.0
1238,train,0,1,1,237.99088888574673,411.4368327423397,0.0,89.30011649303117,-621.5952829918579,0.1,0.0,194.50071757117308,0.5,0.6610858024604076,1.9072809839648797
1238,train,2,0,0,-396.65148147624456,-3391.732550914491,0.0,-94.11800571022988,531.3828182448077,-0.1,0.0,-75.48577932904811,0.5,0.6610858024604076,1.9072809839648797
1239,train,0,2,0,0.0,-84.34830099252746,0.0,0.0,0.0,0.0,0.0,-99.21551217053619,0.5,1.844821581121199,0.6303113524818101
1239,train,2,1,1,-110.68929486727194,106.95367898684427,0.0,0.0,0.0,0.0,-1.3333333333333333,30.620326075075766,0.5,1.844821581121199,0.6303113524818101
1240,train,0,2,0,103.28069830940832,217.08952604419025,0.26666666666666666,45.26456640316931,0.0,0.0,0.0,22.954483396552405,0.5,0.5737816572744907,0.9698543781938218
1240,train,2,1,1,-103.28069830940832,120.29808357619017,-0.26666666666666666,-47.43904124263993,0.0,0.0,0.20000000000000007,-9.882717664131448,0.5,0.5737816572744907,0.9698543781938218
1241,validation,2,0,1,-420.0,-716.7082012223759,0.0,-1415.9081658992427,0.0,0.0,0.0,0.0,0.5,1.0,1.0
1241,validation,2,1,1,-360.0,-815.6249214950681,0.0,-445.9404053949843,0.0,0.0,0.0,0.0,0.5,1.0,1.0
1242,validation,1,0,1,0.0,-333.12356067499593,0.3333333333333333,0.0,-378.5490113378394,0.0,0.0,0.0,0.5,0.9789488122751874,0.7714009178931789
1242,validation,1,2,1,58.736928736511246,-524.3100663348345,0.0,0.0,88.93657270584058,0.0,0.0,0.0,0.5,0.9789488122751874,0.7714009178931789
1243,train,1,0,1,-180.0,-1431.1927053327536,0.0,0.0,0.0,0.0,0.0,0.0,0.5,1.0,1.0
1243,train,1,2,1,-180.0,-1217.812238229244,0.0,0.0,0.0,0.0,0.0,0.0,0.5,1.0,1.0
1244,train,1,0,1,0.0,474.09509932447605,0.6666666666666666,0.0,86.55442414403427,0.0,0.0,-15.995362130036067,0.5,1.0966651862182233,0.9838679824892901
1244,train,1,2,1,0.0,75.941936963921,0.6666666666666666,0.0,129.2394436780175,0.0,0.0,-148.40203147463615,0.5,1.0966651862182233,0.9838679824892901
1245,train,1,0,0,161.98468931601994,120.2539153842306,0.09523809523809523,23.09171737006058,-5.113689690535125,0.5714285714285714,0.47619047619047616,17.996527138467073,0.5,1.3498724109668327,0.9639513049546746
1245,train,0,2,1,-80.99234465800997,-331.7783236926686,0.09523809523809523,-5.466682854872452,1.093160403038695,-0.14285714285714285,-0.23809523809523803,-57.854751839141564,0.5,1.3498724109668327,0.9639513049546746
1246,test,1,0,1,93.25961264206192,-1241.8795381293369,0.0,0.0,0.0,0.0,0.0,-22.190020440786938,0.5,0.7771634386838494,1.871859584864472
1246,test,2,1,0,-46.62980632103096,-752.1041231670548,0.0,0.0,0.0,0.0,0.0,405.45316477067195,0.5,0.7771634386838494,1.871859584864472
1247,train,2,0,1,-60.0,-643.224108708841,-0.16666666666666666,-597.3270335578178,45.82407831127247,0.0,0.0,0.0,0.5,1.0,1.0
1247,train,1,2,0,120.0,530.1631352840423,0.3333333333333333,194.35968959465947,-53.098512206132966,0.0,0.0,0.0,0.5,1.0,1.0
1248,validation,0,1,1,86.09919194579349,663.3237424913734,0.0,0.0,0.0,0.0,0.0,-274.32718772697854,0.5,0.7174932662149458,1.2015252187513752
1248,validation,2,0,0,-43.049595972896746,112.57764853190619,0.0,0.0,0.0,0.3333333333333333,0.0,770.1968548989663,0.5,0.7174932662149458,1.2015252187513752
1249,train,1,0,1,252.26658109072505,-16.560874665376872,0.0,34.671529191735814,-222.96728289099542,0.0,0.5333333333333333,-21.75398283541344,0.5,1.4014810060595837,0.5022794616754217
1249,train,2,1,0,-252.26658109072505,57.096338643702,0.0,26.63832771360569,-107.041977925368,0.26666666666666666,0.2666666666666666,80.16409083641089,0.5,1.4014810060595837,0.5022794616754217
1250,test,2,0,1,-950.9029807599591,-1005.2109339161054,0.0,0.0,0.0,0.0,-0.6666666666666665,66.51914350690824,0.5,1.5848383012665985,1.332427311699073
1250,test,2,1,1,-95.09029807599592,-1295.9729834965424,0.0,0.0,0.0,0.0,-1.333333333333333,-33.942663705350014,0.5,1.5848383012665985,1.332427311699073
1251,train,2,0,1,60.0,-159.92735885894717,0.2,176.9800191982893,-22.714523674871113,-0.5333333333333333,-0.5333333333333333,0.0,0.5,1.0,1.0
1251,train,2,1,1,-60.0,244.98754138964614,0.0,-31.04589828479476,11.911081323231604,-0.26666666666666666,-0.2,0.0,0.5,1.0,1.0
1252,train,0,2,0,1013.6750147821089,195.95032896854173,0.14285714285714285,154.68920300354452,30.287874779034638,-0.14285714285714285,1.4285714285714284,41.24023479369305,0.5,1.6894583579701814,0.5089020385696127
1252,train,1,2,0,405.47000591284353,270.8538031336623,0.42857142857142855,223.4943707686136,200.25329253773216,0.0,1.714285714285714,40.748380803636095,0.5,1.6894583579701814,0.5089020385696127
1253,train,1,0,0,494.04150573109126,2522.0323782320033,0.4,833.0509712453295,148.09759498170752,0.0,0.0,0.0,0.5,0.8234025095518188,0.628369139930901
1253,train,0,2,1,-444.63735515798214,-2818.1344930593837,0.4,-1225.540476766543,-16.542437005770736,0.0,0.0,0.0,0.5,0.8234025095518188,0.628369139930901
1254,test,0,1,1,-97.03906284619272,1481.094258628342,0.0,0.0,0.0,0.0,0.0,0.0,0.5,0.5391059047010707,1.1275770446326283
1254,test,2,0,0,-97.03906284619272,-1409.0016684249376,0.0,0.0,0.0,2.0,0.0,0.0,0.5,0.5391059047010707,1.1275770446326283
1255,test,1,0,1,240.0,360.327353263388,0.0,-252.83672774249538,0.0,0.0,0.0,0.0,0.5,1.0,1.0
1255,test,2,1,0,-60.0,149.86600599899475,0.0,711.5581662373829,0.0,0.0,0.0,0.0,0.5,1.0,1.0
1256,train,1,0,0,567.0509794540721,3108.74452780962,0.0,0.0,436.05988182682387,0.8333333333333333,0.0,47.90921767978952,0.5,1.8901699315135738,0.7111579544109156
1256,train,2,0,0,2948.6650931611753,2183.375967058202,0.0,0.0,1185.459786016348,0.5,0.0,109.09536898039639,0.5,1.8901699315135738,0.7111579544109156
1257,train,2,0,1,-180.0,-721.8953532300429,0.0,293.2399527668108,0.0,0.0,0.0,-136.0230110166347,0.5,1.0,1.0
1257,train,2,1,1,-1020.0,-1113.5497016063919,0.0,-406.8282720142465,0.0,0.0,0.0,-85.18756261394596,0.5,1.0,1.0
1258,train,1,0,1,-60.0,297.05786203269554,0.0,-598.9303197415948,0.0,0.0,0.0,0.0,0.5,1.0,1.0
1258,train,2,1,0,120.0,953.5269874572305,0.0,606.1079550508875,0.0,0.0,0.0,0.0,0.5,1.0,1.0
1259,train,2,0,1,-1696.7299388074412,-456.82891863992694,-1.0666666666666667,-654.2368513447459,243.28898797922682,-0.3333333333333333,-0.20000000000000007,0.0,0.5,1.8852554875638234,1.112042928549702
1259,train,1,2,0,2375.4219143304176,1966.9149961932742,-0.2666666666666666,254.26860730801315,-62.46618787031986,0.6666666666666666,-0.1333333333333333,0.0,0.5,1.8852554875638234,1.112042928549702
1260,train,0,1,1,-360.0,541.389256715885,0.0,0.0,0.0,0.0,0.0,0.0,0.5,1.0,1.0
1260,train,0,2,1,-360.0,-507.3777790120748,0.0,0.0,0.0,0.0,0.0,0.0,0.5,1.0,1.0
1261,test,1,0,1,-69.11994103568648,-265.28825434938955,0.0,4.899842899190915,-169.79119836213144,0.3,-1.2000000000000002,0.0,0.5,0.5759995086307207,0.6829276781475809
1261,test,2,1,0,-103.67991155352972,-182.14379526039272,0.0,53.714440061660284,-118.75738520019968,-0.3,0.3999999999999999,0.0,0.5,0.5759995086307207,0.6829276781475809
1262,train,1,0,0,-339.18339797651043,-1125.148785523378,0.0,276.1758678411368,-98.01958854661581,0.0,0.0,121.57984750860692,0.5,1.8843522109806135,1.6924465675702585
1262,train,0,2,1,452.24453063534725,1918.7861742746052,0.0,-388.28778888434454,69.25918225928177,0.0,0.0,-14.170000566672101,0.5,1.8843522109806135,1.6924465675702585
1263,train,0,1,0,279.2325390186224,530.4884882778833,0.2857142857142857,73.87096772096506,19.03714961979982,0.0,-0.23809523809523808,-33.13000170296537,0.5,0.9307751300620747,1.0452222096095312
1263,train,1,2,1,-223.3860312148979,123.20633439304413,0.2857142857142857,-59.695168329940074,51.45109850591307,0.0,0.14285714285714285,-14.106128005410397,0.5,0.9307751300620747,1.0452222096095312
1264,train,2,0,1,-118.28532724583027,-629.0489497258876,0.0,0.0,-291.607349832767,0.0,0.2666666666666667,0.13420479402264363,0.5,0.9857110603819189,1.1826633388317183
1264,train,2,1,1,59.14266362291514,266.3101951130996,0.0,0.0,70.22237167700689,0.0,-0.1333333333333333,-11.23641631770533,0.5,0.9857110603819189,1.1826633388317183
1265,train,1,0,1,84.55893332158684,-308.37448813916296,0.0,0.0,-290.8582209806432,0.0,-1.2000000000000002,0.0,0.5,0.7046577776798904,0.5194474283278248
1265,train,1,2,1,126.83839998238027,-446.44424398623255,0.0,0.0,-504.2840069066175,-0.2,-2.0,0.0,0.5,0.7046577776798904,0.5194474283278248
1266,validation,0,1,0,360.0,665.9965729404939,0.0,303.3774061148662,0.0,0.0,0.0,0.0,0.5,1.0,1.0
1266,validation,1,2,1,-180.0,-566.2507627924788,0.0,-1012.7931707870388,0.0,0.0,0.0,0.0,0.5,1.0,1.0
1267,train,0,1,0,0.0,-876.6581808047372,0.0,0.0,0.0,0.0,0.0,0.0,0.5,0.6143039331583546,1.8810375253772191
1267,train,2,1,0,0.0,133.02217571451772,0.0,0.0,0.0,3.0,0.0,0.0,0.5,0.6143039331583546,1.8810375253772191
1268,train,0,1,1,120.0,-470.70079346369585,0.0,0.0,0.0,0.0,0.0,0.0,0.5,1.0,1.0
1268,train,2,0,0,-180.0,-24.025053782064788,0.0,0.0,0.0,0.0,0.0,0.0,0.5,1.0,1.0
1269,test,0,2,0,696.8232605304028,2952.0031760710694,0.0,0.0,0.0,0.0,0.0,187.52466076801107,0.5,0.6112484741494761,1.5871588858430006
1269,test,1,2,0,73.34981689793713,1461.101680761687,0.0,0.0,0.0,0.0,0.0,96.61512670749573,0.5,0.6112484741494761,1.5871588858430006
1270,train,0,2,0,130.1140913170732,-987.0245285706687,0.0,0.0,6.34256913381148,0.0,0.0,0.0,0.5,1.0842840943089431,1.1075851737947595
1270,train,1,2,0,260.2281826341464,-890.129026238784,-0.3333333333333333,0.0,117.11417757491276,0.0,0.0,0.0,0.5,1.0842840943089431,1.1075851737947595
1271,train,1,0,0,129.67427489252293,1303.0032660645863,0.0,0.0,146.38490020268569,0.0,1.5,122.85293750269003,0.5,0.5403094787188456,1.7635941652007066
1271,train,2,0,0,32.41856872313073,1964.365261743627,0.0,0.0,-43.619299549049174,0.0,1.5,0.0,0.5,0.5403094787188456,1.7635941652007066
1272,train,1,0,0,-60.0,-930.1512467721368,0.0,326.9122364397706,0.0,0.0,0.0,0.0,0.5,1.0,1.0
1272,train,2,0,0,-360.0,-288.5855780310385,0.0,362.9417698624295,0.0,0.0,0.0,0.0,0.5,1.0,1.0
1273,test,1,0,1,512.1351928154043,-361.4077361513826,-1.0,0.0,0.0,0.0,0.0,0.0,0.5,1.7071173093846808,0.5903600474875326
1273,test,1,2,1,409.70815425232337,448.643470265883,-2.0,0.0,0.0,0.0,0.0,0.0,0.5,1.7071173093846808,0.5903600474875326
1274,test,0,2,0,160.65991943736552,971.6585552361381,0.0,0.0,270.7691268326864,0.0,0.0,0.0,0.5,0.892555107985364,1.3961706559758633
1274,test,2,1,1,-267.7665323956092,-602.8788260743538,0.0,0.0,-30.304128663196096,0.0,0.0,0.0,0.5,0.892555107985364,1.3961706559758633
1275,train,1,0,0,-148.6810922148843,1342.0959966211824,0.0,210.89460762546307,-27.309906801379498,0.06666666666666667,0.0,48.06991329348712,0.5,0.6195045508953513,1.6586946989679994
1275,train,2,0,0,37.170273053721075,1896.0639991632668,0.0,520.4774647144667,-18.92296737511802,0.0,0.5333333333333333,69.34569517961963,0.5,0.6195045508953513,1.6586946989679994
1276,train,1,0,1,-139.01564899346954,-233.15683256006483,0.14285714285714285,-58.48924308750307,-207.07692901948388,0.38095238095238093,-0.14285714285714285,-69.11317496474231,0.5,0.7723091610748307,0.7040475414745768
1276,train,1,2,1,-139.01564899346954,-913.8665739133786,0.0,-8.96610887489166,-227.49131055797562,0.0,-0.19047619047619047,20.75158700429907,0.5,0.7723091610748307,0.7040475414745768
1277,train,0,1,0,901.0185962046504,845.7842318503168,0.0,593.4541679067424,-55.467291895416906,-0.26666666666666666,2.2,0.0,0.5,1.2514147169509033,0.8021310232546341
1277,train,1,2,1,75.0848830170542,941.0677375124031,-0.3333333333333333,-157.6012843287687,16.42792878772154,0.4,-0.4,0.0,0.5,1.2514147169509033,0.8021310232546341
1278,test,0,1,1,-60.0,-526.4016360147871,0.0,0.0,0.0,0.0,0.0,0.0,0.5,1.0,1.0
1278,test,2,0,0,0.0,-703.5406708178398,0.0,0.0,0.0,0.0,0.0,0.0,0.5,1.0,1.0
1279,test,0,1,0,120.0,364.6336147316624,0.0,380.4140955940557,0.0,0.0,0.0,107.40071649776849,0.5,1.0,1.0
1279,test,2,1,0,-240.0,-1201.464377660719,0.0,717.41384530362,0.0,0.0,0.0,86.5501386051925,0.5,1.0,1.0
1280,train,0,2,0,-108.96677314598449,460.8269385201623,0.0,0.0,811.9241173176242,0.0,-0.33333333333333326,-108.04517436638349,0.5,0.605370961922136,1.8261009729638824
1280,train,2,1,1,-72.64451543065633,-1157.3091666996515,0.0,0.0,-238.0685058388699,0.0,0.4999999999999999,59.21768832014439,0.5,0.605370961922136,1.8261009729638824
1281,validation,0,1,0,281.2105271955372,720.7149141154513,0.2,0.0,176.57320717632146,-0.3333333333333333,0.0,-24.659780848095238,0.5,1.5622807066418736,0.7970074760677344
1281,validation,2,1,0,281.2105271955372,1283.8402530092308,0.2,0.0,114.94162312332256,0.3333333333333333,0.26666666666666666,-46.34154981111203,0.5,1.5622807066418736,0.7970074760677344
1282,train,2,0,1,-120.90772603328453,-64.80869980117728,0.0,0.0,-77.3763666704935,-0.6666666666666666,0.0,0.0,0.5,0.5037821918053522,0.8356198743051855
1282,train,2,1,1,0.0,-113.34215502432606,0.0,0.0,30.540389914626232,-1.3333333333333333,0.0,0.0,0.5,0.5037821918053522,0.8356198743051855
1283,train,0,1,1,-223.0897620817222,-1063.7547679285285,0.0,34.16638332972511,68.9979987464776,0.0,0.0,-106.87789543072687,0.5,0.7436325402724073,1.0916500816743746
1283,train,0,2,1,-133.85385724903333,248.648860883045,0.0,169.51591239776872,85.56601502105991,0.0,-0.8999999999999999,-120.2129816734839,0.5,0.7436325402724073,1.0916500816743746
1284,train,1,0,0,343.59371159408755,453.69112615795837,0.0,0.0,0.0,0.6666666666666666,0.0,0.0,0.5,1.431640464975365,0.5627073186143058
1284,train,2,0,0,-257.6952836955657,-207.77206926587436,0.0,0.0,0.0,0.6666666666666666,0.0,0.0,0.5,1.431640464975365,0.5627073186143058
1285,validation,0,1,0,200.46100126435536,197.0583327704951,1.0,0.0,0.0,0.0,-0.3333333333333335,171.64276958125322,0.5,1.1136722292464187,0.800710363258461
1285,validation,2,1,0,133.64066750957025,-242.61954315908238,0.5,0.0,0.0,0.0,1.6666666666666665,16.1254407272461,0.5,1.1136722292464187,0.800710363258461
1286,train,1,0,1,-660.0,-1917.1563825879311,0.0,0.0,0.0,0.0,0.0,0.0,0.5,1.0,1.0
1286,train,1,2,1,-420.0,-1861.1529825276793,0.0,0.0,0.0,0.0,0.0,0.0,0.5,1.0,1.0
1287,train,1,0,0,0.0,1069.7596314378666,0.0,-64.47418072331135,177.7020631126608,-0.19047619047619047,-0.5714285714285714,-25.98339069747464,0.5,0.6003485246130074,1.3819960538263392
1287,train,0,2,1,-108.06273443034132,-745.1565610190021,-0.14285714285714285,-9.516639609816252,84.40230955742182,0.19047619047619047,-0.8571428571428572,10.940332316250185,0.5,0.6003485246130074,1.3819960538263392
1288,train,2,0,1,-292.684420850223,205.48213889024632,0.0,0.0,0.0,0.0,2.0,0.0,0.5,1.6260245602790167,1.4917969781349285
1288,train,1,2,0,97.561473616741,5268.63794927727,0.0,0.0,0.0,0.0,3.0,0.0,0.5,1.6260245602790167,1.4917969781349285
1289,train,0,1,1,-480.0,-197.21857672228543,0.0,0.0,0.0,0.0,0.0,0.0,0.5,1.0,1.0
1289,train,2,0,0,420.0,391.26963160158175,0.0,0.0,0.0,0.0,0.0,0.0,0.5,1.0,1.0
1290,train,0,1,0,88.00392011218538,-350.03195391441125,-0.16666666666666666,0.0,244.1264383394826,0.0,2.0,0.0,0.5,0.7333660009348782,1.3114802124942524
1290,train,1,2,1,0.0,2007.7729923599195,0.0,0.0,38.32285454925815,0.0,-1.5,0.0,0.5,0.7333660009348782,1.3114802124942524
1291,test,0,2,0,214.78702367825016,246.53517424689684,0.0,0.0,0.0,0.0,0.0,-90.2526577358545,0.5,1.1932612426569453,0.9569847214493005
1291,test,1,2,0,143.19134911883344,96.82765365897711,0.0,0.0,0.0,0.0,0.0,109.89506172623298,0.5,1.1932612426569453,0.9569847214493005
1292,validation,2,0,1,-60.0,180.24944509248053,-1.0,404.41870533311294,0.0,0.0,-1.3333333333333333,0.0,0.5,1.0,1.0
1292,validation,2,1,1,60.0,466.486914010864,-1.3333333333333333,335.030985381331,0.0,0.0,-0.8333333333333333,0.0,0.5,1.0,1.0
1293,train,2,0,1,223.84751145889445,-430.2003101548643,0.0,-250.44070114737778,0.0,0.0,0.0,-20.5863371089833,0.5,1.8653959288241204,1.8891547153778432
1293,train,1,2,0,-335.77126718834165,0.0,0.1,308.955833260767,0.0,0.0,0.2,-0.08951375646794446,0.5,1.8653959288241204,1.8891547153778432
1294,train,2,0,1,-600.0,-2001.4791915841815,0.0,0.0,0.0,0.0,0.0,0.0,0.5,1.0,1.0
1294,train,2,1,1,-300.0,-2021.1981954246357,0.0,0.0,0.0,0.0,0.0,0.0,0.5,1.0,1.0
1295,validation,1,0,1,-189.64430952356938,244.78518838903764,0.0,-721.7183771838038,-175.36019548982802,0.0,0.0,0.0,0.5,0.5267897486765816,0.8583931999504091
1295,validation,1,2,1,63.21476984118979,17.473608335702274,0.0,-304.0004085055571,-689.1927069004256,0.0,0.0,0.0,0.5,0.5267897486765816,0.8583931999504091
1296,test,0,1,0,300.0,1313.7294240325627,0.0,-122.1500377764196,57.404191413953995,0.0,0.0,0.0,0.5,1.0,1.0
1296,test,1,2,1,180.0,142.4718456947012,0.0,-480.42975069281476,-54.47541329028698,0.0,0.33333333333333326,0.0,0.5,1.0,1.0
1297,train,0,2,0,-120.0,-841.8560327876435,0.0,0.0,0.0,0.0,0.0,0.0,0.5,1.0,1.0
1297,train,1,2,0,120.0,350.83829937901464,0.0,0.0,0.0,0.0,0.0,0.0,0.5,1.0,1.0
1298,train,1,0,1,180.0,-180.0770524318009,0.0,0.0,0.0,0.0,0.0,0.0,0.5,1.0,1.0
1298,train,2,1,0,-240.0,330.07186746364096,0.0,0.0,0.0,0.0,0.0,0.0,0.5,1.0,1.0
1299,train,2,0,1,-180.0,-495.81093258586907,0.0,0.0,0.0,0.0,0.0,0.0,0.5,1.0,1.0
1299,train,2,1,1,-300.0,-1222.785551798253,0.0,0.0,0.0,0.0,0.0,0.0,0.5,1.0,1.0
1300,train,2,0,1,-311.76520884545283,-1444.5241943143203,-0.6666666666666666,0.0,0.0,0.0,-0.6666666666666665,0.0,0.5,0.7422981162986972,1.0900610069768082
1300,train,1,2,0,267.22732186753103,2274.0552524595196,0.0,0.0,0.0,0.0,1.333333333333333,0.0,0.5,0.7422981162986972,1.0900610069768082
1301,train,1,0,1,0.0,-1172.8361905820998,0.2857142857142857,18.869374522637784,-109.49640902800319,0.0,-0.2857142857142857,-143.47645661875524,0.5,0.8554618933874703,1.3759534400881248
1301,train,2,1,0,0.0,-366.16822327212185,-0.8571428571428571,-12.831295177565082,1.4029917538422048,0.0,0.19047619047619047,20.78850545445753,0.5,0.8554618933874703,1.3759534400881248
1302,train,1,0,0,120.0,-292.2286578677458,0.0,274.71949229720644,-161.610452553532,0.0,0.0,0.0,0.5,1.0,1.0
1302,train,2,0,0,-60.0,286.8990364223155,0.0,1044.53749953868,-213.33647719627402,0.0,0.0,0.0,0.5,1.0,1.0
1303,train,2,0,1,120.0,1394.535035235609,0.0,0.0,0.0,0.0,0.0,0.0,0.5,1.0,1.0
1303,train,1,2,0,480.0,-302.5774443510136,0.0,0.0,0.0,0.0,0.0,0.0,0.5,1.0,1.0
1304,train,1,0,1,-138.267779325781,-442.3804830382495,-0.5999999999999999,0.0,-32.77873384173302,0.4,0.0,7.607254317871828,0.5,0.5761157471907541,0.6021200375439391
1304,train,1,2,1,-69.1338896628905,-584.28958903237,-0.3,0.0,-47.31246249131788,0.4,0.0,-6.680588304390362,0.5,0.5761157471907541,0.6021200375439391
1305,train,1,0,1,-315.8724312112922,-163.03520412431428,0.0,0.0,107.27621350641974,0.0,-0.9000000000000001,0.0,0.5,1.0529081040376407,1.4302981739711524
1305,train,1,2,1,-126.34897248451688,326.7586245962923,0.0,0.0,-9.046183426244085,0.8,-1.4999999999999998,0.0,0.5,1.0529081040376407,1.4302981739711524
1306,test,1,0,0,874.2762083473511,609.7054523641517,0.33333333333333337,-10.752609591665987,0.0,1.0,0.0,0.0,0.5,1.821408767390315,0.6250974300108687
1306,test,0,2,1,-655.7071562605134,-1661.376496663025,-0.5,130.48051021449584,0.0,-1.0,0.0,0.0,0.5,1.821408767390315,0.6250974300108687
1307,train,2,0,1,60.0,-160.42642394102586,-0.19047619047619047,-106.55812349715097,-31.503566917740635,-0.47619047619047616,0.3333333333333333,-16.835714040532054,0.5,1.0,1.0
1307,train,2,1,1,-180.0,-403.47130805340294,-0.19047619047619047,-7.901533860003951,-41.600624016126865,-0.23809523809523808,0.2857142857142857,-43.87376413110868,0.5,1.0,1.0
1308,train,1,0,1,-44.719766409329566,0.0,0.0,0.0,0.0,0.0,0.0,0.0,0.5,0.7453294401554927,1.1287221816726145
1308,train,2,1,0,44.719766409329566,71.11911482135392,0.0,0.0,0.0,0.0,0.0,0.0,0.5,0.7453294401554927,1.1287221816726145
1309,train,0,1,1,-60.0,272.0029119982423,-0.2,-482.8736272309826,-39.022697261352086,0.0,0.30000000000000004,0.0,0.5,1.0,1.0
1309,train,2,0,0,240.0,994.2335607086579,0.2,760.8900965181733,46.913316340102504,0.0,1.2,0.0,0.5,1.0,1.0
1310,train,1,0,1,60.0,-331.932493857822,0.0,0.0,0.0,0.0,0.0,0.0,0.5,1.0,1.0
1310,train,1,2,1,120.0,1154.6386403746938,0.0,0.0,0.0,0.0,0.0,0.0,0.5,1.0,1.0
1311,train,2,0,1,-302.85193817127333,-1223.1247278580963,0.0,0.0,0.0,0.0,-0.3333333333333335,-102.729558489124,0.5,1.6825107676181852,0.7480691937415275
1311,train,2,1,1,-100.9506460570911,-848.3592108573454,0.0,0.0,0.0,0.0,-0.6666666666666665,-169.48725142947018,0.5,1.6825107676181852,0.7480691937415275
1312,validation,0,2,0,271.4815748478196,1596.7439772455418,0.0,85.30118383432227,62.02310655290408,0.0,0.7142857142857142,0.0,0.5,0.7541154856883878,0.6114971143425451
1312,validation,2,1,1,-90.49385828260654,-159.18127300362357,-0.19047619047619047,-5.4779429028612725,-84.52214920915902,-1.4285714285714284,0.0,-83.51636063267634,0.5,0.7541154856883878,0.6114971143425451
1313,train,2,0,1,-155.81830153697882,-217.72989301240517,0.0,0.0,0.0,0.0,0.0,-153.3890591536557,0.5,0.8656572307609934,1.462874841995025
1313,train,2,1,1,-727.1520738392345,-1233.737663852484,0.0,0.0,0.0,0.0,0.0,-98.28835645314041,0.5,0.8656572307609934,1.462874841995025
1314,train,2,0,1,0.0,-746.3561738650011,0.0,0.0,0.0,0.0,-4.0,0.0,0.5,0.9722684868502548,0.5899484819598423
1314,train,2,1,1,-58.33610921101529,-692.8036547958379,0.0,0.0,0.0,0.0,-1.0,0.0,0.5,0.9722684868502548,0.5899484819598423
1315,train,1,0,0,180.0,1776.0567053615987,0.0,0.0,0.0,0.0,0.0,0.0,0.5,1.0,1.0
1315,train,2,0,0,1020.0,-142.0624094971863,0.0,0.0,0.0,0.0,0.0,0.0,0.5,1.0,1.0
1316,train,1,0,1,-480.0,516.4645477385602,0.0,0.0,0.0,0.0,0.0,0.0,0.5,1.0,1.0
1316,train,1,2,1,-480.0,149.3926177594185,0.0,0.0,0.0,0.0,0.0,0.0,0.5,1.0,1.0
1317,validation,1,0,1,-33.10369792627638,1.4905686950894816,0.0,0.0,0.0,0.0,-3.0,0.0,0.5,0.551728298771273,0.6511605715376272
1317,validation,1,2,1,33.10369792627638,-142.926470438332,0.0,0.0,0.0,0.0,-3.0,0.0,0.5,0.551728298771273,0.6511605715376272
1318,train,0,2,0,720.0,2295.2243866761974,0.0,-9.739492254096149,314.22025890060036,0.19047619047619047,0.0,43.214319616108284,0.5,1.0,1.0
1318,train,2,1,1,-480.0,-1968.3036422285732,0.0,-587.8493636542142,-430.0958753377845,-0.38095238095238093,-0.09523809523809523,-24.41355507215108,0.5,1.0,1.0
1319,train,0,1,1,272.7490891016616,-1211.639192625558,0.0,0.0,0.0,0.0,0.0,0.0,0.5,1.13645453792359,1.532968069021018
1319,train,2,0,0,-68.1872722754154,5364.284714929201,0.0,0.0,0.0,0.0,10.0,0.0,0.5,1.13645453792359,1.532968069021018
1320,train,0,2,0,-67.63177227184462,-573.3218726189967,0.0,0.0,273.2779010153419,0.3333333333333333,0.0,0.0,0.5,1.1271962045307438,1.5482083683678365
1320,train,1,2,0,0.0,-2.5209550194431136,0.0,0.0,-3.0771605622977916,0.16666666666666666,-0.33333333333333337,0.0,0.5,1.1271962045307438,1.5482083683678365
1321,train,1,0,0,225.35409270461903,513.7482563329987,0.0,498.35097086719986,0.0,1.0,0.0,-21.820698452807022,0.5,1.251967181692328,1.5539162655785912
1321,train,0,2,1,0.0,-482.3267573193685,0.0,268.35532588487735,0.0,0.0,0.0,-13.23940476476156,0.5,1.251967181692328,1.5539162655785912
1322,train,0,1,0,280.78974976904425,873.0033699565065,0.3,0.0,29.181828455508764,0.0,0.0,-44.27545615919007,0.5,1.5599430542724682,1.1240103417517595
1322,train,1,2,1,-187.19316651269617,-404.8166372130232,0.0,0.0,19.056823871581237,-0.1,0.0,13.419714433392727,0.5,1.5599430542724682,1.1240103417517595
1323,train,0,1,1,191.29972792095106,376.95529435818327,0.0,-2.0406311415035816,-179.2702229803533,0.047619047619047616,0.47619047619047616,41.24431954106616,0.5,1.5941643993412589,0.9208276017218335
1323,train,0,2,1,191.29972792095106,-600.1057997135036,-0.2857142857142857,18.85777630566608,-125.86473707550802,0.0,0.0,6.6999713220942,0.5,1.5941643993412589,0.9208276017218335
1324,train,0,1,1,260.5509244119467,-286.9002569784112,0.0,-9.806132845388106,67.03374288775572,-0.1,-0.8999999999999999,0.0,0.5,1.4475051356219262,0.9535406305482942
1324,train,2,0,0,260.5509244119467,2489.60218765358,0.0,567.1334071521281,514.6649420647025,0.2,1.2000000000000002,0.0,0.5,1.4475051356219262,0.9535406305482942
1325,train,1,0,0,-130.53186017907367,-1050.1029293809213,0.0,337.27534727283125,170.90227947243798,0.1,-0.6000000000000001,0.0,0.5,0.5438827507461403,1.3467068726259224
1325,train,0,2,1,-293.69668540291576,-1668.8645410264135,0.0,-319.1158791391603,-183.8886512915079,-0.1,0.30000000000000027,0.0,0.5,0.5438827507461403,1.3467068726259224
1326,validation,0,2,0,69.56191667326708,1767.199229247635,1.3333333333333333,0.0,1.1564562679008645,0.0,0.0,0.0,0.5,1.1593652778877845,1.773180643995373
1326,validation,2,1,1,-556.4953333861366,-1429.2698903491967,-1.3333333333333333,0.0,41.26672652158821,0.0,0.0,0.0,0.5,1.1593652778877845,1.773180643995373
1327,train,0,1,1,-38.195842122508566,-2455.825475501917,-7.0,0.0,0.0,0.0,0.0,0.0,0.5,0.636597368708476,1.8621044812770349
1327,train,2,0,0,-76.39168424501713,1405.6444353419445,4.0,0.0,0.0,0.0,0.0,0.0,0.5,0.636597368708476,1.8621044812770349
1328,train,1,0,1,60.0,1943.0113031724336,0.0,-17.835589215889286,-170.9186552640329,-0.47619047619047616,0.047619047619047616,-56.61731331434024,0.5,1.0,1.0
1328,train,2,1,0,-120.0,-217.885436890434,-0.19047619047619047,-98.53987523791062,165.66491964018837,0.0,0.09523809523809523,75.97998291660555,0.5,1.0,1.0
1329,train,0,2,0,180.0,1338.1188117040028,0.0,0.0,0.0,0.0,0.0,0.0,0.5,1.0,1.0
1329,train,1,2,0,0.0,1505.4121809458866,0.0,0.0,0.0,0.0,0.0,0.0,0.5,1.0,1.0
1330,train,1,0,0,0.0,128.2120141930573,0.0,199.83221680475623,21.067867346865626,-0.09523809523809523,-0.9523809523809523,72.41985170460437,0.5,1.0052846512248073,0.6128099312839327
1330,train,0,2,1,-241.26831629395375,-1389.3044319977928,0.0,-143.1584484747146,-232.7207382315636,-0.09523809523809523,-1.3333333333333333,-56.12263571606019,0.5,1.0052846512248073,0.6128099312839327
1331,train,0,1,1,-304.43072081961225,-211.11676067204948,0.0,0.0,0.0,0.0,0.0,0.0,0.5,1.0147690693987075,0.6556595031811238
1331,train,0,2,1,-304.43072081961225,-98.75173373396119,-1.0,0.0,0.0,0.0,0.0,0.0,0.5,1.0147690693987075,0.6556595031811238
1332,test,0,2,0,494.54760878924924,329.16150696598214,0.0,0.0,361.0105176565336,0.0,0.0,0.0,0.5,1.6484920292974974,0.6276065742726102
1332,test,2,1,1,0.0,404.5576274162136,0.0,0.0,-217.88166392070582,0.0,0.0,0.0,0.5,1.6484920292974974,0.6276065742726102
1333,train,2,0,1,-338.6796116571775,266.883214235458,0.5999999999999999,32.366826002268226,0.0,-0.2,0.0,-116.28830124127134,0.5,0.5131509267532992,0.9542469402808097
1333,train,1,2,0,61.5781112103959,452.89549896037107,-0.5999999999999999,230.0597769594068,0.0,0.1,0.0,-74.66633304352656,0.5,0.5131509267532992,0.9542469402808097
1334,validation,2,0,1,-780.0,-199.4492145967206,0.0,-317.18065674265154,0.0,0.0,0.0,0.0,0.5,1.0,1.0
1334,validation,2,1,1,-420.0,-181.4268334324106,0.0,-558.6197800168395,0.0,0.0,0.0,0.0,0.5,1.0,1.0
1335,test,1,0,1,-716.6034602495731,-1410.2797010656116,0.09523809523809523,404.39012888036984,31.099522164678334,-0.23809523809523803,-2.857142857142857,88.8024210478615,0.5,1.9905651673599252,1.4697008079117224
1335,test,2,1,0,836.0373702911686,-47.88128911889197,-0.09523809523809523,-139.6089727192392,-30.434488220304345,-0.23809523809523808,1.1428571428571428,81.03396562509575,0.5,1.9905651673599252,1.4697008079117224
1336,test,0,2,0,0.0,-373.63628424328874,0.0,0.0,1540.34530947496,0.0,0.0,0.0,0.5,0.7161350555923187,0.6384926699640354
1336,test,1,2,0,85.93620667107825,558.6397153443476,0.0,0.0,2160.0639809764098,0.0,0.0,0.0,0.5,0.7161350555923187,0.6384926699640354
1337,test,0,1,1,77.78434162149368,580.6388040205608,0.0,0.0,179.8045936271886,-0.16666666666666666,-1.5,0.0,0.5,1.2964056936915613,1.3214747179200979
1337,test,2,0,0,77.78434162149368,-482.7245807865625,0.0,0.0,-235.42080161444414,0.0,2.5,0.0,0.5,1.2964056936915613,1.3214747179200979
1338,train,2,0,1,-240.0,516.6489478064682,0.0,0.0,0.0,0.0,0.0,0.0,0.5,1.0,1.0
1338,train,2,1,1,-420.0,178.51226733292424,0.0,0.0,0.0,0.0,0.0,0.0,0.5,1.0,1.0
1339,validation,0,2,0,579.8776029724063,2404.83182029593,-0.047619047619047616,-153.412376748163,156.3724376876346,0.0,0.38095238095238093,52.67654334027557,0.5,1.9329253432413542,1.554688805653917
1339,validation,1,2,0,695.8531235668876,2297.7365486021245,-0.047619047619047616,46.62885648988339,-83.39720468506569,0.2857142857142857,0.19047619047619047,82.05564769001991,0.5,1.9329253432413542,1.554688805653917
1340,train,0,1,1,-360.0,-224.39020785453067,0.0,-253.20149164537054,-3.8033252140235305,0.0,-0.8,-46.472543834488825,0.5,1.0,1.0
1340,train,0,2,1,-180.0,70.49953865774751,-0.06666666666666667,-359.0249445322089,-153.82600743837332,0.0,0.5333333333333334,-72.53016841114368,0.5,1.0,1.0
1341,validation,0,1,1,240.0,392.9437219040892,0.0,-143.39675491241883,-988.6236286640178,0.33333333333333337,0.0,0.0,0.5,1.0,1.0
1341,validation,2,0,0,-480.0,-1128.4244312610072,0.0,575.0564147695294,118.4370889203795,-0.33333333333333337,0.0,0.0,0.5,1.0,1.0
1342,train,0,1,0,-34.880168636161144,-118.02804574629161,0.14285714285714285,107.8485685777376,8.766754678568901,0.0,0.2857142857142857,-0.48913830100891076,0.5,0.5813361439360191,0.9267387472349702
1342,train,2,1,0,34.880168636161144,38.814126418843585,-0.14285714285714285,90.3207437572304,-44.86948249138847,0.0,1.1428571428571428,7.044635371012886,0.5,0.5813361439360191,0.9267387472349702
1343,train,0,1,0,34.88318105039544,-858.2327038709384,0.0,0.0,0.0,0.0,2.666666666666667,0.0,0.5,0.5813863508399241,0.9798710177954638
1343,train,2,1,0,104.64954315118634,-302.5866503186732,0.0,0.0,0.0,0.0,1.9999999999999998,0.0,0.5,0.5813863508399241,0.9798710177954638
1344,test,1,0,0,-164.7762217666084,-651.9925618299633,0.3333333333333333,291.3903507954656,-234.1036819492779,0.0,0.19999999999999996,52.05380854818808,0.5,0.6865675906942016,1.8747131105311161
1344,test,0,2,1,82.3881108833042,578.3647902809214,-0.6666666666666666,-474.1544951746245,106.77953971831636,0.0,0.06666666666666671,-45.733919428777895,0.5,0.6865675906942016,1.8747131105311161
1345,train,1,0,1,-60.0,-1146.6552983278452,0.0,0.0,0.0,0.0,0.0,0.0,0.5,1.0,1.0
1345,train,1,2,1,60.0,-602.9885555506835,0.0,0.0,0.0,0.0,0.0,0.0,0.5,1.0,1.0
1346,train,1,0,1,0.0,-180.66582235898733,0.0,0.0,0.0,-1.0,0.0,0.0,0.5,0.5289601216802545,1.3959750094080714
1346,train,2,1,0,-63.47521460163054,75.88125253376688,0.0,0.0,0.0,1.0,0.0,0.0,0.5,0.5289601216802545,1.3959750094080714
1347,train,0,2,0,0.0,791.6081297351751,-0.2857142857142857,31.905703509494117,55.573242080449084,0.09523809523809523,-0.1428571428571428,1.3254839962521459,0.5,1.5515554606129092,1.705582879435779
1347,train,1,2,0,558.5599658206473,3224.3735513632546,0.5714285714285714,-93.09740210429715,211.1378179153268,0.19047619047619047,0.4285714285714286,-5.4459740659155695,0.5,1.5515554606129092,1.705582879435779
1348,test,1,0,0,-181.84382393973928,110.0948743516861,0.0,0.0,722.5761879342853,0.0,0.0,0.0,0.5,1.5153651994978274,0.9338196625876009
1348,test,2,0,0,-181.84382393973928,343.19110851089573,0.0,0.0,487.17731688419974,0.0,0.0,0.0,0.5,1.5153651994978274,0.9338196625876009
1349,train,0,1,1,-368.3142584009183,-2583.026453008649,0.0,-450.80220697417883,0.0,-0.5,0.0,-27.07230151474819,0.5,1.2277141946697276,1.060875608254916
1349,train,0,2,1,-515.6399617612856,-2020.2469181452404,0.0,-517.3509425792731,0.0,-1.0,0.0,34.5783854813351,0.5,1.2277141946697276,1.060875608254916
1350,train,1,0,0,340.6454309302479,-584.0388143339677,0.0,0.0,1097.6348332611094,0.0,0.0,0.0,0.5,1.892474616279155,1.62811113076231
1350,train,0,2,1,0.0,863.7627314184746,0.0,0.0,-437.77794902574067,0.0,0.0,0.0,0.5,1.892474616279155,1.62811113076231
1351,train,0,1,1,-120.0,-1334.9342495740075,0.0,0.0,0.0,0.0,0.0,0.0,0.5,1.0,1.0
1351,train,2,0,0,300.0,-16.39231673937047,0.0,0.0,0.0,0.0,0.0,0.0,0.5,1.0,1.0
1352,test,1,0,1,0.0,437.77974771685695,-0.13333333333333336,-245.60036329341807,-44.913564686670234,0.0,0.0,13.723988696625355,0.5,1.0,1.0
1352,test,1,2,1,240.0,325.6268461096615,-0.06666666666666667,-504.31844523169565,-20.08216164403529,0.0,0.40000000000000013,77.59663138748114,0.5,1.0,1.0
1353,train,0,2,0,745.2198675644618,834.5190341635936,0.26666666666666666,-6.485611406928456,-10.435199446549404,0.0,0.0,6.739493600382266,0.5,1.7743330180106232,1.977691193805929
1353,train,2,1,1,106.45998108063739,1203.4878822874248,0.0,80.65318495025227,-51.81240090072029,0.0,0.0,-169.62901930316576,0.5,1.7743330180106232,1.977691193805929
1354,test,2,0,1,-420.0,668.7329816035681,-0.3333333333333333,-754.8032126272283,0.0,0.3333333333333333,0.0,0.0,0.5,1.0,1.0
1354,test,1,2,0,-60.0,-1101.3091889856032,0.0,891.6747755054732,0.0,-0.3333333333333333,0.0,0.0,0.5,1.0,1.0
1355,test,1,0,1,0.0,-665.6006178293129,-0.4761904761904761,-198.29871058279028,54.47926712232923,0.0,-0.19047619047619047,24.350505840577185,0.5,0.6619892122961132,1.055517477940461
1355,test,1,2,1,-476.6322328532015,-2831.929685063183,-0.23809523809523808,-360.0030621912408,-12.541890010434187,0.2857142857142857,0.5714285714285714,-34.99319870310478,0.5,0.6619892122961132,1.055517477940461
1356,test,0,2,0,-540.0,1625.6951701940743,0.0,827.7133018750429,0.0,0.0,0.6000000000000001,-25.774251122145387,0.5,1.0,1.0
1356,test,2,1,1,-120.0,-37.74455664264224,0.0,-297.6843961688545,0.0,-0.1,-0.40000000000000013,-30.64215772459093,0.5,1.0,1.0
1357,validation,0,1,0,66.34595930167194,499.6341691873608,0.0,-18.90585092593919,114.97902203296573,0.0,-0.20000000000000018,39.26749986465998,0.5,0.5528829941805995,0.7134996659637415
1357,validation,2,1,0,165.86489825417985,275.6273791049147,0.0,101.22450463137268,37.5919356829468,0.0,0.0,96.4453071703341,0.5,0.5528829941805995,0.7134996659637415
1358,train,0,1,0,115.71733698536596,850.1458113688501,0.0,27.033989101654385,27.811611655426717,0.0,-0.9999999999999999,0.0,0.5,1.9286222830894326,1.6835907724371275
1358,train,1,2,1,-347.15201095609785,-507.13769186521,0.0,-45.672365962023065,-71.53081477381389,-0.06666666666666667,1.3333333333333333,0.0,0.5,1.9286222830894326,1.6835907724371275
1359,train,2,0,1,-47.98825843166661,-30.908488555737733,0.0,219.9715361856288,32.29469032559012,0.0,0.0,-47.1546196960742,0.5,0.7998043071944435,0.7246763814712962
1359,train,2,1,1,-95.97651686333322,-306.3246532329245,0.0,236.03386527774217,-46.08583210534207,0.0,0.0,-36.83816685096364,0.5,0.7998043071944435,0.7246763814712962
1360,train,0,2,0,-113.22813664789129,-1003.4901713695696,1.3333333333333335,401.3877458145711,0.0,0.0,0.0,0.0,0.5,0.6290452035993961,0.696740532025586
1360,train,1,2,0,37.74271221596376,-1547.3391491474758,0.0,27.508394982920095,0.0,0.0,0.0,0.0,0.5,0.6290452035993961,0.696740532025586
1361,test,0,1,0,228.08446499324927,770.705732636135,0.5,60.01828578762024,0.0,0.0,0.6666666666666665,0.0,0.5,1.900703874943744,1.3973381538790361
1361,test,1,2,1,-456.16892998649854,-819.4467438444245,-0.5,42.11775441289967,0.0,0.0,0.6666666666666667,0.0,0.5,1.900703874943744,1.3973381538790361
1362,validation,1,0,1,-589.8480676324598,-2130.2414119492255,0.0,0.0,0.0,0.0,0.0,0.0,0.5,1.9661602254415327,1.3548150580321043
1362,validation,2,1,0,117.96961352649195,1983.2358837197758,0.0,0.0,0.0,0.0,-1.0,0.0,0.5,1.9661602254415327,1.3548150580321043
1363,train,1,0,0,-636.5844237784667,-239.40006858809318,1.3333333333333335,0.0,0.0,0.0,-1.9999999999999998,0.0,0.5,0.5894300220170987,0.7593181950728356
1363,train,0,2,1,247.56060924718145,-581.297780794534,0.0,0.0,0.0,0.0,-1.3333333333333335,0.0,0.5,0.5894300220170987,0.7593181950728356
1364,train,1,0,1,186.90278348156696,-1271.0214884795455,-1.0,0.0,0.0,0.0,0.0,0.0,0.5,1.0383487971198164,1.6188226570754083
1364,train,1,2,1,62.300927827188985,-2071.8592466967366,-1.0,0.0,0.0,0.0,0.0,0.0,0.5,1.0383487971198164,1.6188226570754083
1365,train,2,0,1,-420.0,-2405.954099000618,0.0,0.0,0.0,0.0,0.0,0.0,0.5,1.0,1.0
1365,train,2,1,1,-120.0,1750.0446649997284,0.0,0.0,0.0,0.0,0.0,0.0,0.5,1.0,1.0
1366,validation,0,1,0,120.0,146.7019536362959,0.0,0.0,0.0,0.0,0.0,0.0,0.5,1.0,1.0
1366,validation,1,2,1,0.0,105.68029494058874,0.0,0.0,0.0,0.0,0.0,0.0,0.5,1.0,1.0
1367,train,1,0,0,120.0,-664.3208263614797,0.14285714285714285,-284.7822571758658,19.974594140841077,0.38095238095238093,-0.23809523809523814,-187.01804902456527,0.5,1.0,1.0
1367,train,0,2,1,-300.0,214.853081678958,-0.047619047619047616,-329.2895368618058,-14.994117954723677,0.0,-0.4761904761904763,79.70576455461578,0.5,1.0,1.0
1368,train,1,0,1,32.947188067439214,202.8764492557456,-1.2000000000000002,0.0,-43.83457240615925,0.0,-0.1,21.967952772948387,0.5,0.5491198011239868,1.34001524664874
1368,train,1,2,1,-32.947188067439214,144.48780080210412,0.0,0.0,40.7910745101027,0.0,-0.5,9.004132662220584,0.5,0.5491198011239868,1.34001524664874
1369,train,0,1,1,240.0,1132.4562905959847,0.0,0.0,0.0,0.0,0.0,0.0,0.5,1.0,1.0
1369,train,2,0,0,-180.0,-755.9550671057063,0.0,0.0,0.0,0.0,0.0,0.0,0.5,1.0,1.0
1370,test,2,0,1,-371.6814534802841,-488.53683925503856,0.0,0.0,-145.2621044623474,0.0,-2.0,0.0,0.5,1.2389381782676137,0.7641346393894981
1370,test,1,2,0,520.3540348723977,1141.0436009012365,0.0,0.0,-122.7040390950575,0.0,1.6666666666666665,0.0,0.5,1.2389381782676137,0.7641346393894981
1371,train,0,1,0,-155.8026960854254,-61.629583247624005,0.0,-314.86488208918485,131.0908069031105,0.0,0.0,-45.691875618902856,0.5,0.6491779003559391,0.862121071520362
1371,train,1,2,1,116.85202206406905,520.918254154259,0.0,127.72286441024761,-302.9450406013131,0.0,0.0,77.74098534673467,0.5,0.6491779003559391,0.862121071520362
1372,train,0,1,1,-264.3017355670186,5.462367459098571,0.0,78.47586426594887,0.0,-1.3333333333333333,0.0,0.0,0.5,1.4683429753723258,1.0526393979849464
1372,train,0,2,1,-616.7040496563768,-1441.3982684492873,0.0,39.76066241064132,0.0,-0.6666666666666666,0.0,0.0,0.5,1.4683429753723258,1.0526393979849464
1373,train,1,0,0,143.16969032581505,-119.24900738321926,0.0,380.43764236858783,278.8639826979019,0.0,-0.16666666666666663,0.0,0.5,1.1930807527151255,1.6371781962771204
1373,train,2,0,0,429.50907097744516,1041.2742596607593,0.0,367.02797235150376,251.41442810019288,0.0,0.16666666666666663,0.0,0.5,1.1930807527151255,1.6371781962771204
1374,validation,1,0,0,180.0,282.15730789811505,0.0,-108.47546466773599,14.432110513035,0.0,0.3333333333333333,0.0,0.5,1.0,1.0
1374,validation,0,2,1,-180.0,-52.11178104505461,0.0,154.3756219509949,-0.3824764231142126,0.0,-0.3333333333333333,0.0,0.5,1.0,1.0
1375,test,0,1,0,0.0,261.10232207579713,-0.047619047619047616,27.66341147228897,66.29948794771602,0.23809523809523808,-0.2857142857142857,-6.919637619831796,0.5,0.6337051850164324,1.719641247233375
1375,test,2,1,0,-76.04462220197189,-973.4905420689887,-0.047619047619047616,107.725969805719,88.76554453628226,0.47619047619047616,-0.09523809523809523,-43.113850818995594,0.5,0.6337051850164324,1.719641247233375
1376,train,0,1,0,0.0,-175.39946024292703,0.0,-235.35728570288768,0.0,0.0,0.0,0.0,0.5,1.0,1.0
1376,train,1,2,1,60.0,7.44501642030491,0.0,-773.435517214685,0.0,0.0,0.0,0.0,0.5,1.0,1.0
1377,test,0,1,1,-416.9669394812101,73.12955968940034,0.0,68.60405763860604,0.0,0.1,0.0,-34.93470637447164,0.5,1.7373622478383755,0.5622359614907119
1377,test,0,2,1,0.0,-49.617414004916235,-0.4,164.47754772998547,0.0,0.0,0.0,12.689768290643205,0.5,1.7373622478383755,0.5622359614907119
1378,validation,0,1,1,156.52451655399452,439.98754749426877,0.0,0.0,0.0,0.0,0.0,20.506269825821555,0.5,0.8695806475221918,0.9078805266538166
1378,validation,0,2,1,0.0,-580.7288567986352,0.0,0.0,0.0,0.6666666666666666,0.0,-125.23441828292755,0.5,0.8695806475221918,0.9078805266538166
1379,train,0,1,1,-46.527662096276316,-1442.7074986005841,0.0,0.0,0.0,-1.0,0.0,0.0,0.5,0.7754610349379386,0.8583956815485472
1379,train,0,2,1,139.58298628882895,-940.2961354661202,0.0,0.0,0.0,-4.0,0.0,0.0,0.5,0.7754610349379386,0.8583956815485472
1380,validation,0,2,0,819.2413611740664,667.2321548054207,0.0,0.0,0.0,0.0,7.333333333333333,0.0,0.5,1.365402268623444,0.6375132094584484
1380,validation,1,2,0,737.3172250566597,659.4505100859765,0.33333333333333337,0.0,0.0,0.0,5.333333333333333,0.0,0.5,1.365402268623444,0.6375132094584484
1381,validation,0,2,0,924.4630485253648,1703.5282573054294,-0.2,417.87459607856783,0.0,-0.6666666666666666,0.4,-8.125715974422182,0.5,1.400701588674795,0.5790564387831456
1381,validation,2,1,1,-504.2525719229262,-604.7286180876765,0.0,122.02033687626658,0.0,0.0,-0.6666666666666666,2.6019351361052365,0.5,1.400701588674795,0.5790564387831456
1382,validation,1,0,1,-116.82453643649514,-1421.2417583461329,0.0,-295.4970087366018,-41.2511474768215,-0.2857142857142857,0.2857142857142857,0.0,0.5,0.649025202424973,1.2383442574040728
1382,validation,2,1,0,38.94151214549838,903.4268192529473,0.38095238095238093,322.19064540790333,142.60460903031634,0.14285714285714285,-0.19047619047619047,2.4861080997257843,0.5,0.649025202424973,1.2383442574040728
1383,test,1,0,1,60.0,234.61544628220327,0.0,0.0,0.0,0.0,0.0,0.0,0.5,1.0,1.0
1383,test,1,2,1,120.0,12.464961635689633,0.0,0.0,0.0,0.0,0.0,0.0,0.5,1.0,1.0
1384,validation,0,1,1,-170.14066693236796,113.4519013366133,0.5,-74.25858458535384,0.0,-0.16666666666666666,0.0,0.0,0.5,1.4178388911030664,1.4931671571300904
1384,validation,0,2,1,-595.4923342632878,-1629.7583831812847,0.0,-159.23665383049365,0.0,-0.3333333333333333,0.0,0.0,0.5,1.4178388911030664,1.4931671571300904
1385,train,0,1,0,-60.0,-535.048010842741,0.0,0.0,0.0,0.0,0.0,0.0,0.5,1.0,1.0
1385,train,2,1,0,-180.0,1117.66328714081,0.0,0.0,0.0,0.0,0.0,0.0,0.5,1.0,1.0
1386,train,2,0,1,-525.4999223981456,-70.34905604083013,0.0,-30.424749568169005,12.767711770232038,0.23809523809523808,-0.14285714285714285,-2.4179335922929397,0.5,1.7516664079938187,1.5145642157780717
1386,train,1,2,0,105.09998447962911,1018.616484263191,0.0,36.51768089365562,13.762310060655393,0.23809523809523808,0.42857142857142855,33.31404287897549,0.5,1.7516664079938187,1.5145642157780717
1387,train,2,0,1,60.0,-243.5282909141015,0.0,-513.8493896890994,-24.75118721039948,0.0,0.10000000000000009,0.8021945442403862,0.5,1.0,1.0
1387,train,1,2,0,0.0,403.85430404462613,0.0,154.99866681815843,35.47356946126945,0.0,0.0,19.978814843912062,0.5,1.0,1.0
1388,train,0,2,0,-47.70263680501513,275.6000578508966,1.0,0.0,0.0,0.0,0.0,0.0,0.5,0.7950439467502523,1.835505727385666
1388,train,1,2,0,-47.70263680501513,275.28934985704535,1.0,0.0,0.0,0.0,0.0,0.0,0.5,0.7950439467502523,1.835505727385666
1389,test,1,0,1,482.6301369026913,-1669.0032317305977,0.0,150.56069620542416,-994.2421746326805,0.0,-1.666666666666667,0.0,0.5,0.8043835615044854,1.166863313982589
1389,test,1,2,1,482.6301369026913,1261.4025233874697,0.0,-126.60341841516669,-657.7665706247002,0.0,-1.0,0.0,0.5,0.8043835615044854,1.166863313982589
1390,train,1,0,0,161.73483086147388,246.97424139833552,2.0,0.0,0.0,0.0,0.0,0.0,0.5,0.8985268381192993,0.8920523614967928
1390,train,2,0,0,53.91161028715796,-124.69719060991899,2.0,0.0,0.0,0.0,0.0,0.0,0.5,0.8985268381192993,0.8920523614967928
1391,train,1,0,0,60.0,131.00602135285953,0.0,0.0,0.0,0.0,0.0,0.0,0.5,1.0,1.0
1391,train,2,0,0,-120.0,-261.3964451122815,0.0,0.0,0.0,0.0,0.0,0.0,0.5,1.0,1.0
1392,train,0,1,1,-300.0,-1422.226468533323,0.0,0.0,0.0,0.0,0.0,0.0,0.5,1.0,1.0
1392,train,0,2,1,300.0,-419.9219071571488,0.0,0.0,0.0,0.0,0.0,0.0,0.5,1.0,1.0
1393,train,0,2,0,120.0,1405.291742881645,0.0,0.0,0.0,0.0,0.0,0.0,0.5,1.0,1.0
1393,train,2,1,1,-60.0,-1041.7926422777268,0.0,0.0,0.0,0.0,0.0,0.0,0.5,1.0,1.0
1394,train,1,0,1,-1365.7696868856763,-1340.9550761353764,-0.4,-599.6165300292689,-19.05813780668916,0.0,-0.7999999999999998,0.0,0.5,1.6259162939115193,0.7867760258548326
1394,train,1,2,1,-585.3298658081469,518.1408355160742,-0.4,-86.63814185027928,-330.7467527393651,-0.13333333333333333,0.8,0.0,0.5,1.6259162939115193,0.7867760258548326
1395,test,0,1,1,-960.0,-2365.2017532461177,-0.2,-790.4238429116282,0.0,0.0,-0.19999999999999996,-141.8128108577596,0.5,1.0,1.0
1395,test,0,2,1,-240.0,-1396.0506268937106,-0.4000000000000001,-300.01873752046833,0.0,0.0,0.10000000000000003,36.455818690044275,0.5,1.0,1.0
1396,validation,1,0,0,502.4564055484539,223.38773919234862,0.0,-19.098079495897736,9.024439595826546,0.5999999999999999,1.2000000000000002,0.0,0.5,0.9304748250897295,0.5648640757346426
1396,validation,2,0,0,55.828489505383764,-450.3692571556809,0.0,-39.197987376587236,103.70064927033381,1.2,1.6,0.0,0.5,0.9304748250897295,0.5648640757346426
1397,test,2,0,1,71.44856425327248,-218.44686152996795,0.0,0.0,-518.5939793066568,0.0,0.0,0.0,0.5,0.595404702110604,0.7061475842138428
1397,test,2,1,1,142.89712850654496,-59.02478218499134,0.0,0.0,-477.61175037468763,0.0,0.0,0.0,0.5,0.595404702110604,0.7061475842138428
1398,validation,0,1,0,-95.93016306996107,-155.72540094300754,0.0,0.0,-23.077358022509515,0.0,0.0,81.1119962073506,0.5,1.5988360511660178,0.8719314604976189
1398,validation,2,1,0,0.0,-14.847077009547522,0.0,0.0,-95.38249099572893,0.0,0.0,6.044662298965918,0.5,1.5988360511660178,0.8719314604976189
1399,train,1,0,1,156.99877033256666,1600.4187962604597,0.09523809523809523,-120.3776307015932,3.82150462911477,0.0,-0.2857142857142857,42.48443790911687,0.5,0.6541615430523611,0.960695597976684
1399,train,2,1,0,-117.749077749425,-181.9912107152359,0.0,106.63960998833102,8.408238391283277,0.0,0.2857142857142857,71.48713663145935,0.5,0.6541615430523611,0.960695597976684
1400,train,1,0,0,868.9308079647979,948.1839873782436,0.0,215.75442006183118,-174.58712190290916,0.42857142857142855,0.0,31.500256431915957,0.5,1.1140138563651254,0.7988880535794642
1400,train,0,2,1,-668.4083138190753,-2152.750337679707,-0.047619047619047616,186.1999782218765,185.44324559694263,-0.2857142857142857,-0.7142857142857144,57.893338473525674,0.5,1.1140138563651254,0.7988880535794642
1401,train,0,2,0,379.7122718146986,553.7486522013272,0.0,-101.15352157456923,125.3560332512304,0.13333333333333333,-1.0,-92.3897395141444,0.5,1.5821344658945775,0.9162116178285207
1401,train,2,1,1,189.8561359073493,-329.0614192627603,0.0,122.06854763312381,-63.50264077967767,0.0,-1.3333333333333333,25.218459206493264,0.5,1.5821344658945775,0.9162116178285207
1402,validation,0,1,1,0.0,17.59273515818705,-0.23809523809523808,-3.447003760173729,-88.71348354510455,0.0,-0.19047619047619047,-6.962588439739335,0.5,1.2051978375102625,0.5923114627019979
1402,validation,0,2,1,-433.8712215036945,-254.18303396365417,-0.47619047619047616,16.59981080990349,-85.65017171072371,0.0,0.09523809523809523,-11.486756515710894,0.5,1.2051978375102625,0.5923114627019979
1403,train,0,2,0,60.0,-1408.9436961979727,0.0,0.0,0.0,0.0,0.0,0.0,0.5,1.0,1.0
1403,train,1,2,0,240.0,-982.4723914850392,0.0,0.0,0.0,0.0,0.0,0.0,0.5,1.0,1.0
1404,validation,0,1,0,97.90100273864748,-1999.580110497283,0.0,292.91361454970377,0.0,0.0,0.0,-13.172700349183303,0.5,1.6316833789774579,1.9270405679631444
1404,validation,2,1,0,0.0,-1952.1156706440543,0.0,-221.04210804545804,0.0,0.0,0.0,176.72955422044808,0.5,1.6316833789774579,1.9270405679631444
1405,train,0,1,1,-250.9678296277757,-719.9278081512995,0.0,0.0,0.0,0.0,-0.5,-47.3348641150501,0.5,1.045699290115732,1.5872824954725067
1405,train,2,0,0,62.741957406943925,216.99981668444676,0.0,0.0,0.0,0.3333333333333333,0.5,0.0,0.5,1.045699290115732,1.5872824954725067
1406,train,2,0,1,-244.7295667878037,-107.20898713312616,-0.38095238095238093,-47.928116428023635,18.644438735368468,-0.23809523809523808,-0.5714285714285714,-2.8986466191581286,0.5,1.3596087043766871,1.1135295011375443
1406,train,2,1,1,-81.57652226260123,278.88289526698367,-0.38095238095238093,-16.022351262809913,-262.78938560522556,0.0,-0.5714285714285714,0.0,0.5,1.3596087043766871,1.1135295011375443
1407,train,0,1,1,-209.7694220124513,-223.200698930251,-0.3333333333333333,143.71222099159536,0.0,0.0,-1.0,0.0,0.5,1.7480785167704274,0.6074744614700642
1407,train,0,2,1,-734.1929770435795,-589.2214150236462,-0.5,-456.0752855688015,0.0,0.0,-0.5,0.0,0.5,1.7480785167704274,0.6074744614700642
1408,train,1,0,0,501.36276481161696,356.015913812708,-0.2,153.23506379265592,-5.026051870410797,0.26666666666666666,0.0,45.53218074276285,0.5,1.392674346698936,0.8354455458280663
1408,train,0,2,1,-83.56046080193616,-1066.0024562013518,0.2,-131.3942510844997,-80.24526305186912,0.0,0.0,-9.694934655421076,0.5,1.392674346698936,0.8354455458280663
1409,train,0,1,1,389.65750536921985,566.0064533900895,0.0,0.0,0.0,-1.0,0.33333333333333337,0.0,0.5,1.6235729390384162,1.7479465979275992
1409,train,2,0,0,487.07188171152484,-2.965791894194573,-0.3333333333333333,0.0,0.0,0.0,0.16666666666666652,0.0,0.5,1.6235729390384162,1.7479465979275992
1410,train,1,0,0,-248.79539456137513,-1238.889204822805,0.0,-423.81648515901423,397.3973163750803,0.0,-0.6666666666666667,30.001225549825847,0.5,1.036647477339063,0.9651387077923134
1410,train,0,2,1,-373.1930918420627,646.0491626059033,-0.7999999999999999,373.6565444120494,-67.07654181943536,0.0,0.0,19.56634960074149,0.5,1.036647477339063,0.9651387077923134
1411,train,1,0,0,-98.71952626737536,-735.1338512838781,0.0,0.0,30.219217269329306,0.0,0.0,-85.69694105841936,0.5,1.6453254377895894,1.4845299771590765
1411,train,2,0,0,98.71952626737536,273.8347528298453,0.0,0.0,63.24928610033635,0.3333333333333333,0.0,-17.52209886759681,0.5,1.6453254377895894,1.4845299771590765
1412,test,0,1,1,206.02698350833055,290.36618516502455,0.0,0.0,-193.25854643696323,0.0,0.0,20.59165596257695,0.5,1.1445943528240585,0.7552449022312715
1412,test,2,0,0,412.0539670166611,277.0151441528143,0.0,0.0,208.583568118696,0.0,-0.6666666666666666,-79.44825791499267,0.5,1.1445943528240585,0.7552449022312715
1413,train,2,0,1,-60.0,-806.6608191500372,0.0,-1164.9826825875978,-367.41157991522755,0.0,0.0,0.0,0.5,1.0,1.0
1413,train,1,2,0,360.0,-55.26329590935984,0.0,-190.29185947914198,20.439887338064153,0.0,0.0,0.0,0.5,1.0,1.0
1414,train,0,1,1,-240.0,2130.8062373927733,0.0,-584.2554259267798,0.0,0.6666666666666666,0.0,0.0,0.5,1.0,1.0
1414,train,0,2,1,420.0,1603.994812579289,-0.33333333333333337,-222.93167523686407,0.0,0.0,0.0,0.0,0.5,1.0,1.0
1415,train,0,1,1,343.0388244664807,-1921.5631686650531,0.0,0.0,0.0,-0.3333333333333333,0.0,-223.64511265383905,0.5,1.429328435277003,1.592486644684156
1415,train,0,2,1,514.5582366997211,-651.3632844794427,0.0,0.0,0.0,0.0,0.0,-292.50588560379504,0.5,1.429328435277003,1.592486644684156
1416,train,0,2,0,0.0,-436.47117139541075,0.5714285714285714,143.94613620798992,8.311698490476843,0.0,0.09523809523809523,-6.007756033402043,0.5,0.8237763393602093,0.7816602838590315
1416,train,1,2,0,0.0,-41.82204043844309,0.0,129.38688582897748,202.6243493379711,0.19047619047619047,-0.09523809523809523,-6.007756033402043,0.5,0.8237763393602093,0.7816602838590315
1417,train,1,0,0,0.0,-107.24740212470672,-0.16666666666666666,38.683167189710616,0.0,0.0,0.0,147.69391039641178,0.5,1.5624317443639988,0.8901399597663013
1417,train,0,2,1,374.9836186473597,28.988081823120098,0.0,-298.0425550394374,0.0,0.0,0.0,48.04800555441389,0.5,1.5624317443639988,0.8901399597663013
1418,train,1,0,0,236.33835550647527,489.72089367636113,0.06666666666666667,156.24250372247,-90.95148623133747,0.0,-0.2,0.0,0.5,1.9694862958872938,1.431332232127175
1418,train,0,2,1,-118.16917775323763,-682.6988430308145,-0.06666666666666667,-0.11194080573750398,26.64980722980883,-0.13333333333333333,0.2,0.0,0.5,1.9694862958872938,1.431332232127175
1419,validation,2,0,1,-159.04416627411,-358.0230003777309,-0.06666666666666667,-54.43603306409496,-147.88089490454072,0.0,-0.3333333333333333,-27.20755554725058,0.5,0.5301472209137,0.9794339202779563
1419,validation,1,2,0,159.04416627411,1752.4962396642777,0.2,170.340898681383,51.94833812871889,0.0,1.0,-5.567389312036688,0.5,0.5301472209137,0.9794339202779563
1420,train,1,0,0,-574.2576597242048,83.76331387601869,0.0,-84.73981003095591,0.0,0.0,1.3333333333333335,188.45043839335972,0.5,1.0634401106003792,1.7794279757729736
1420,train,0,2,1,510.45125308818206,673.4173349615944,0.0,163.0940652476135,0.0,0.0,-1.0,-107.52971699950464,0.5,1.0634401106003792,1.7794279757729736
1421,test,0,2,0,-480.0,703.8968368323958,0.0,366.7878747998881,0.0,0.0,0.3333333333333335,0.0,0.5,1.0,1.0
1421,test,2,1,1,540.0,-1183.5377154218695,-0.16666666666666666,18.241799956261616,0.0,0.0,-1.6666666666666665,0.0,0.5,1.0,1.0
1422,validation,0,1,0,0.0,-18.762448342006874,0.0,0.0,385.77829535949706,0.6666666666666666,0.0,0.0,0.5,1.3525412329614581,0.8375681951305698
1422,validation,1,2,1,-162.30494795537498,561.0287006000236,-0.5,0.0,-87.62273066665364,-0.16666666666666666,0.0,0.0,0.5,1.3525412329614581,0.8375681951305698
1423,train,0,1,0,-61.487443369823445,1729.981593980451,1.2000000000000002,-140.48455258664075,0.0,-0.3,0.0,38.74952013902504,0.5,1.0247907228303907,1.6186828200043866
1423,train,2,1,0,0.0,30.289630320637333,0.4,-109.06041087989811,0.0,-0.6,0.0,20.672030150659168,0.5,1.0247907228303907,1.6186828200043866
1424,test,1,0,0,366.49928256438204,1130.2701612143042,0.0,-21.050912305840725,-57.622630110482106,0.0,0.0,37.69912253475947,0.5,0.6108321376073034,1.3530725100195307
1424,test,0,2,1,-73.2998565128764,-798.078648526781,-0.26666666666666666,25.80665719541686,-305.1223815401938,0.0,0.2666666666666667,9.747702791873508,0.5,0.6108321376073034,1.3530725100195307
1425,train,2,0,1,60.0,351.4712846014554,0.0,-46.85961203514398,22.676802866216086,0.0,0.0,0.0,0.5,1.0,1.0
1425,train,2,1,1,-60.0,17.61893337347101,0.0,-146.68524178111358,-11.457198934760314,0.0,0.0,0.0,0.5,1.0,1.0
1426,train,0,1,1,-190.68721240740427,-816.553298908824,0.0,-342.79197501597,-21.442754627690363,-0.3333333333333333,-0.19999999999999996,0.6134542527872178,0.5,1.5890601033950356,0.6772011412822757
1426,train,0,2,1,-286.0308186111064,119.10702355896154,0.0,-98.36377244771876,46.831889501824065,-0.6666666666666666,0.4,17.37009680304423,0.5,1.5890601033950356,0.6772011412822757
1427,train,0,2,0,530.4686525765163,132.34447945155304,0.0,0.0,0.0,0.0,0.33333333333333304,-61.89065670843195,0.5,0.589409613973907,1.156754544685642
1427,train,2,1,1,35.364576838434424,-894.4123814243875,0.0,0.0,0.0,0.0,0.0,-293.23379208139704,0.5,0.589409613973907,1.156754544685642
1428,train,1,0,1,-137.94019711980178,-1030.8595706463238,-0.13333333333333333,-25.40396623476522,-2.7764716433875734,0.2,0.0,-79.53607597339797,0.5,1.1495016426650149,1.0873132466474715
1428,train,2,1,0,275.88039423960356,496.4659784947591,0.0,23.434845951131962,41.88738278705851,0.2,0.0,95.20931267543862,0.5,1.1495016426650149,1.0873132466474715
1429,train,0,1,1,-394.766388988967,-2417.3195182772934,0.0,-764.4558077199897,0.0,-0.4,0.0,-9.47698851544179,0.5,0.5981308924075257,1.296584904825307
1429,train,2,0,0,251.2149748111608,1232.4768062731237,0.0,-94.81294225820238,0.0,0.8000000000000002,0.20000000000000007,304.48093937640783,0.5,0.5981308924075257,1.296584904825307
1430,validation,1,0,1,-360.0,-885.3988162623523,0.0,0.0,0.0,0.0,0.0,0.0,0.5,1.0,1.0
1430,validation,1,2,1,-180.0,351.95351655454215,0.0,0.0,0.0,0.0,0.0,0.0,0.5,1.0,1.0
1431,test,1,0,1,300.0,-377.3572232146098,0.0,0.0,0.0,0.0,0.0,0.0,0.5,1.0,1.0
1431,test,2,1,0,240.0,1752.5191849006205,0.0,0.0,0.0,0.0,0.0,0.0,0.5,1.0,1.0
1432,validation,0,2,0,0.0,-857.3563994734754,0.0,0.0,0.0,0.0,0.0,0.0,0.5,1.0,1.0
1432,validation,2,1,1,120.0,360.47058747724805,0.0,0.0,0.0,0.0,0.0,0.0,0.5,1.0,1.0
1433,validation,1,0,0,0.0,115.41126928275234,-0.1,0.0,-148.33403753316992,-0.2,0.0,28.742364396536388,0.5,0.5037301950336314,1.070056609703864
1433,validation,0,2,1,0.0,0.0,0.1,0.0,60.37842672131265,0.0,0.0,26.678035552895842,0.5,0.5037301950336314,1.070056609703864
1434,test,1,0,1,290.4384348181503,601.928060255031,0.16666666666666666,0.0,0.0,0.0,0.0,-257.53039255696865,0.5,1.6135468601008351,0.6470483467932174
1434,test,1,2,1,-387.2512464242004,-294.7366978049444,-0.16666666666666669,0.0,0.0,0.6666666666666666,0.0,-140.5083188462096,0.5,1.6135468601008351,0.6470483467932174
1435,train,0,1,1,-675.2483090299066,-323.9352892829171,0.3,0.0,0.0,0.2,0.0,-164.85668879436247,0.5,1.8756897473052963,0.5096205933688249
1435,train,0,2,1,-450.16553935327113,-249.3914385766163,0.3,0.0,0.0,0.2,-0.10000000000000003,-93.32158859093097,0.5,1.8756897473052963,0.5096205933688249
1436,train,2,0,1,0.0,-45.084912709857235,0.0,0.0,0.0,0.0,0.0,0.0,0.5,1.0,1.0
1436,train,1,2,0,360.0,649.7558445629074,0.0,0.0,0.0,0.0,0.0,0.0,0.5,1.0,1.0
1437,test,0,1,1,-321.3192451919916,-1286.1751430559634,-0.16666666666666666,0.0,0.0,-0.6666666666666666,0.0,-145.5983225111511,0.5,1.071064150639972,1.2969124575594775
1437,test,0,2,1,-64.26384903839832,-1948.5920064326144,-0.3333333333333333,0.0,0.0,-0.3333333333333333,0.0,-159.11853736613406,0.5,1.071064150639972,1.2969124575594775
1438,train,0,1,1,-60.0,776.933095665574,0.0,0.0,0.0,0.0,0.0,0.0,0.5,1.0,1.0
1438,train,2,0,0,120.0,705.1507143266876,0.0,0.0,0.0,0.0,0.0,0.0,0.5,1.0,1.0
1439,train,1,0,1,98.11846918014011,475.46985317323885,0.0,0.0,0.0,0.0,0.0,-204.9060224625817,0.5,0.5451026065563339,0.8721071925151854
1439,train,1,2,1,0.0,-741.2988710887649,0.0,0.0,0.0,0.0,0.0,95.73527878151526,0.5,0.5451026065563339,0.8721071925151854
1440,train,0,1,1,0.0,230.4713722076707,0.6666666666666666,-375.8761698145714,0.0,0.0,0.0,0.0,0.5,1.1368884920381328,1.4609855533046814
1440,train,2,0,0,-68.21330952228797,1178.4146919452826,0.0,265.85224029218216,0.0,0.0,0.0,0.0,0.5,1.1368884920381328,1.4609855533046814
1441,validation,0,1,1,-92.86056739834778,-317.39228231877854,-1.9999999999999998,0.0,0.0,0.0,0.0,46.368968874351026,0.5,0.5158920411019321,0.6614842607967628
1441,validation,2,0,0,154.76761233057962,-159.5773227813328,0.0,0.0,0.0,0.0,0.0,-10.077228712526704,0.5,0.5158920411019321,0.6614842607967628
1442,train,1,0,0,-82.9712537354422,-458.24728782278925,0.0,94.77986298382422,-95.69969402864832,0.0,0.5999999999999999,0.0,0.5,0.6914271144620183,0.7559505733395215
1442,train,0,2,1,-124.4568806031633,-52.890678221900146,-0.8,-36.109170975981534,43.01040384203493,0.0,-0.5999999999999999,0.0,0.5,0.6914271144620183,0.7559505733395215
1443,test,0,1,0,-180.0,-397.84914529371554,0.0,-370.90572373735324,172.43575644193504,0.0,0.0,12.374553455286705,0.5,1.0,1.0
1443,test,2,1,0,-180.0,-420.8934875818377,0.0,16.430321237710018,125.17798376902375,0.0,0.29999999999999993,3.7062541187225726,0.5,1.0,1.0
1444,train,0,1,1,351.2501893313008,1692.0643532451265,0.0,0.0,-7.869025973130547,0.0,0.6666666666666666,-106.99752634560058,0.5,0.8363099745983352,1.7872258354256554
1444,train,0,2,1,301.0715908554007,2046.406238471927,0.0,0.0,-7.047271445844274,0.0,-0.6666666666666667,-112.1553691172505,0.5,0.8363099745983352,1.7872258354256554
1445,train,0,1,0,-462.0391469817256,-953.3304622875979,0.0,-212.13970254602816,31.858635492809114,0.2,-0.8,18.676598138404486,0.5,1.9251631124238566,0.8010981905866081
1445,train,1,2,1,693.0587204725883,992.8211114102966,0.0,228.07456711614225,-226.6328691055756,0.0,0.0,3.2891191227439833,0.5,1.9251631124238566,0.8010981905866081
1446,train,0,1,0,0.0,904.2044079185962,0.0,0.0,0.0,0.0,0.0,0.0,0.5,1.0,1.0
1446,train,2,1,0,-120.0,732.1149801673155,0.0,0.0,0.0,0.0,0.0,0.0,0.5,1.0,1.0
1447,train,1,0,1,120.0,370.7849801944508,0.0,86.6175279563331,0.0,0.0,0.0,0.0,0.5,1.0,1.0
1447,train,2,1,0,-120.0,-246.9276702107477,0.0,769.5196478294056,0.0,0.0,0.0,0.0,0.5,1.0,1.0
1448,train,2,0,1,-175.7113606598535,-380.7179147220191,-0.6000000000000001,24.074917482549438,0.0,0.13333333333333333,-0.3333333333333333,8.60087446605331,0.5,0.976174225888075,1.232776698429276
1448,train,1,2,0,58.5704535532845,153.1044975441685,0.0,-26.833006690055782,0.0,0.0,1.6666666666666665,1.3454472439482377,0.5,0.976174225888075,1.232776698429276
1449,validation,2,0,1,0.0,-348.88760618442825,0.2,30.354372618217276,-1.034247029462776,0.0,0.0,-1.946000072651291,0.5,0.6606785113885928,0.8601869590029576
1449,validation,2,1,1,-436.04781751647124,-953.0762196068288,0.0,-47.75216308923444,-99.52227314223299,-0.26666666666666666,0.0,14.939133175031326,0.5,0.6606785113885928,0.8601869590029576
1450,train,0,1,0,131.65609539411494,914.194903890678,-0.2,-185.14877297759773,0.0,1.2000000000000002,-0.2999999999999998,0.0,0.5,1.0971341282842912,0.8665724200433218
1450,train,1,2,1,-592.4524292735173,-1942.5117716439306,0.2,30.481915166580677,0.0,0.0,0.2999999999999998,0.0,0.5,1.0971341282842912,0.8665724200433218
1451,train,0,2,0,268.6439193099015,332.7940210666763,0.0,0.0,0.0,0.0,-0.6666666666666665,21.94779838591988,0.5,1.4924662183883417,0.5018921569777725
1451,train,2,1,1,-89.5479731033005,-119.66516035954297,0.0,0.0,0.0,0.0,-0.6666666666666665,86.42479027383993,0.5,1.4924662183883417,0.5018921569777725
1452,validation,0,1,0,870.4806990336028,846.5601557883404,0.0,-185.3083088595313,0.0,0.0,0.0,0.0,0.5,1.612001294506672,0.5336691218799497
1452,validation,1,2,1,-870.4806990336028,-940.8211261220597,-2.0,-139.84044038624916,0.0,-0.3333333333333333,0.0,0.0,0.5,1.612001294506672,0.5336691218799497
1453,train,2,0,1,306.00104828958433,-199.80836439722236,0.19047619047619047,-86.96339028241374,-0.514019290629907,-0.23809523809523808,-0.09523809523809523,-0.542944121565716,0.5,1.700005823831024,0.5257272511659598
1453,train,2,1,1,510.0017471493072,66.52323561597322,0.19047619047619047,1.7514906206440486,1.1892404674684975,-0.23809523809523808,0.0,4.067889557861659,0.5,1.700005823831024,0.5257272511659598
1454,train,1,0,0,314.4684778937537,564.7597415785398,0.09523809523809523,-1.2311647314784153,-107.64581864544671,0.0,0.2857142857142857,-52.88517410352541,0.5,1.7470470994097427,0.9002161349399397
1454,train,0,2,1,104.82282596458457,-53.27327820052278,0.09523809523809523,39.311974437135575,48.94290845267632,0.0,-0.42857142857142855,9.514709467860413,0.5,1.7470470994097427,0.9002161349399397
1455,train,1,0,1,-171.9685443707159,-914.0575282525505,0.0,0.0,-89.39663795576122,0.0,0.0,0.0,0.5,1.4330712030892991,1.3672913904842519
1455,train,2,1,0,257.95281655607386,953.9945706288082,0.0,0.0,260.989401507604,0.0,1.333333333333333,0.0,0.5,1.4330712030892991,1.3672913904842519
1456,validation,1,0,0,-300.0,-819.1726826405147,0.0,1051.7596651310128,0.0,0.0,0.0,0.0,0.5,1.0,1.0
1456,validation,0,2,1,-480.0,-1297.0636287978868,0.0,-805.2301674860528,0.0,0.0,0.0,0.0,0.5,1.0,1.0
1457,train,0,1,0,120.0,583.9255659121,-0.1,-116.6784949594317,53.75311637639602,0.0,0.6000000000000001,0.0,0.5,1.0,1.0
1457,train,1,2,1,-60.0,-1388.216825186093,-0.1,182.90643723433902,-79.89236441123525,0.0,0.0,0.0,0.5,1.0,1.0
1458,train,0,1,0,300.0,12.44336039718928,0.0,0.0,0.0,0.0,0.0,0.0,0.5,1.0,1.0
1458,train,2,1,0,480.0,-406.6497206261729,0.0,0.0,0.0,0.0,0.0,0.0,0.5,1.0,1.0
1459,validation,0,1,1,169.7155348844244,819.9124450553556,0.19047619047619047,-7.623693042415823,-141.3894728234526,0.19047619047619047,-0.5714285714285714,42.876770600650865,0.5,1.4142961240368699,0.9742671296225548
1459,validation,2,0,0,-84.8577674422122,-552.6955254596901,-0.19047619047619047,-35.20465029189266,163.9956714751931,-0.19047619047619047,1.1428571428571428,-27.56263329644443,0.5,1.4142961240368699,0.9742671296225548
1460,train,1,0,1,-449.6961515783508,316.1627723551132,-0.16666666666666666,0.0,-114.75707124869929,0.0,0.0,83.06393642468123,0.5,1.498987171927836,0.5660455840106144
1460,train,1,2,1,0.0,-112.26956638769161,-0.5,0.0,-260.8635728094585,0.0,0.0,-73.2121599804565,0.5,1.498987171927836,0.5660455840106144
1461,test,0,2,0,660.0,3806.861103562027,0.0,0.0,0.0,0.0,0.0,0.0,0.5,1.0,1.0
1461,test,1,2,0,120.0,631.8974567272562,0.0,0.0,0.0,0.0,0.0,0.0,0.5,1.0,1.0
1462,train,0,1,1,428.77726453256145,-391.5632607502968,-2.6666666666666665,0.0,122.85100394956805,0.0,0.0,0.0,0.5,0.7146287742209357,1.6437400451321746
1462,train,2,0,0,-300.144085172793,2387.3880761587598,1.3333333333333335,0.0,159.39769838779637,0.0,0.0,0.0,0.5,0.7146287742209357,1.6437400451321746
1463,train,0,1,0,240.0,1232.890021987274,0.0,-202.57885626954487,0.0,0.0,0.6666666666666665,0.0,0.5,1.0,1.0
1463,train,1,2,1,300.0,-335.8580716735478,0.0,137.85114181547817,0.0,0.0,0.33333333333333326,0.0,0.5,1.0,1.0
1464,train,1,0,1,420.0,1092.6074434248212,0.0,0.0,0.0,0.0,0.0,0.0,0.5,1.0,1.0
1464,train,1,2,1,-480.0,-714.4806242956947,0.0,0.0,0.0,0.0,0.0,0.0,0.5,1.0,1.0
1465,train,0,1,0,-60.0,810.1111360482769,0.0,344.5034833834422,173.3118950589074,-0.13333333333333333,0.0,30.514310890926538,0.5,1.0,1.0
1465,train,1,2,1,240.0,44.83436049499005,-0.26666666666666666,-129.60039958035833,-47.83344478439169,0.06666666666666667,0.0,0.7068734491877038,0.5,1.0,1.0
1466,train,0,1,0,115.44431079091969,603.888569015905,0.2,78.88503227381403,114.20101389346605,0.0,1.6666666666666667,36.32639715558463,0.5,0.641357282171776,0.5557789505710713
1466,train,1,2,1,0.0,82.91017386602141,0.0,-645.3823861732826,-79.91458024120034,0.0,1.0,-17.434599608652803,0.5,0.641357282171776,0.5557789505710713
1467,validation,0,1,1,120.0,1088.4548141468208,0.0,-430.4186893336032,0.0,0.3333333333333333,0.0,0.0,0.5,1.0,1.0
1467,validation,2,0,0,-240.0,-41.17529064144264,0.0,754.4968005235039,0.0,0.3333333333333333,0.0,0.0,0.5,1.0,1.0
1468,train,0,1,0,-370.90079966792143,-723.8104641380846,0.0,0.0,0.0,0.0,0.0,263.0073372005922,0.5,0.8830971420664796,1.2602480822301438
1468,train,1,2,1,476.872456715899,564.6297938550525,0.0,0.0,0.0,0.0,0.0,-311.12929129604845,0.5,0.8830971420664796,1.2602480822301438
1469,train,0,1,1,277.63543529407656,167.95148158253178,-0.13333333333333336,-153.07220740255386,-198.9467681725564,0.0,-0.6666666666666665,0.0,0.5,0.9254514509802553,0.9913220910339714
1469,train,2,0,0,-277.63543529407656,-648.6637937097775,0.06666666666666667,33.06369952846816,2.2081707554072096,0.2666666666666667,1.333333333333333,0.0,0.5,0.9254514509802553,0.9913220910339714
1470,train,0,2,0,-60.0,891.7819987179055,0.0,0.0,0.0,0.0,0.0,0.0,0.5,1.0,1.0
1470,train,1,2,0,0.0,1551.4953241299072,0.0,0.0,0.0,0.0,0.0,0.0,0.5,1.0,1.0
1471,validation,0,1,0,63.160613268857254,-1200.3986737019188,0.23809523809523808,-298.9369796381114,-29.67944608262195,0.2857142857142857,-0.28571428571428564,-18.662865686350422,0.5,1.0526768878142876,1.9637085684887652
1471,validation,1,2,1,-378.96367961314354,-768.1131968675436,-0.4761904761904761,-174.7985108060223,83.3106807416743,0.0,-0.2857142857142858,20.457652327226654,0.5,1.0526768878142876,1.9637085684887652
1472,train,1,0,1,-801.5719816695902,-1767.7806604257692,0.0,0.0,-190.70831551040203,-0.6000000000000001,0.1333333333333333,12.088247907348034,0.5,1.4843925586473892,0.7059943520807853
1472,train,1,2,1,-712.5084281507468,-91.90557744729185,0.06666666666666667,0.0,209.65439691563807,-0.6000000000000001,-0.1333333333333333,-50.90800093942416,0.5,1.4843925586473892,0.7059943520807853
1473,train,1,0,1,-240.0,-935.8242351392737,0.0,0.0,0.0,0.0,0.0,0.0,0.5,1.0,1.0
1473,train,1,2,1,-120.0,-1733.9994317730889,0.0,0.0,0.0,0.0,0.0,0.0,0.5,1.0,1.0
1474,train,0,1,0,240.0,691.3205861645952,0.26666666666666666,48.83326213612031,-23.614292886196726,0.0,0.0,13.594402155461978,0.5,1.0,1.0
1474,train,2,1,0,180.0,909.2603522087616,0.13333333333333333,291.4838611463238,-31.75591772846462,0.0,0.4,57.03058614868115,0.5,1.0,1.0
1475,train,1,0,0,400.9134083344021,2027.7892186809368,0.0,0.0,0.0,0.0,0.0,493.23272126931073,0.5,0.9545557341295288,1.8304656874711362
1475,train,0,2,1,-400.9134083344021,-719.9639171163705,0.0,0.0,0.0,0.0,0.0,13.052027310516678,0.5,0.9545557341295288,1.8304656874711362
1476,train,0,2,0,-94.54001154916877,-336.6614386409532,0.0,186.4500830943992,-101.12442188942279,0.0,-0.3333333333333333,0.0,0.5,0.5252222863842709,0.5259011269303057
1476,train,2,1,1,94.54001154916877,-5.915276316431033,0.0,-250.37646317483916,-245.86106005647315,0.0,-0.33333333333333337,0.0,0.5,0.5252222863842709,0.5259011269303057
1477,train,0,1,0,210.67071387470077,1048.1125609202902,0.5999999999999999,279.05160964032507,67.44633441589323,-0.4,0.0,0.0,0.5,1.1703928548594487,0.9986323408192997
1477,train,1,2,1,-561.7885703325353,-1872.7995844910633,-0.5999999999999999,-65.09388752024509,24.9561336952804,0.8,0.0,0.0,0.5,1.1703928548594487,0.9986323408192997
1478,train,2,0,1,647.3968131099812,-1172.6056517933941,0.0,0.0,-32.29591463645007,-0.8,-0.9000000000000001,0.0,0.5,1.7983244808610588,1.5517404089205284
1478,train,2,1,1,323.6984065549906,-320.69344233495474,-0.2,0.0,1.4449228313913807,-0.4,0.0,0.0,0.5,1.7983244808610588,1.5517404089205284
1479,validation,0,1,0,120.0,350.67625250742867,0.0,0.0,0.0,0.0,0.0,0.0,0.5,1.0,1.0
1479,validation,2,1,0,120.0,434.6167657883675,0.0,0.0,0.0,0.0,0.0,0.0,0.5,1.0,1.0
1480,validation,0,1,0,444.37109985583345,661.3612859739071,0.0,6.899715386086388,43.80085136827712,0.0,-0.38095238095238093,29.828191494909102,0.5,1.851546249399306,1.700416358178334
1480,validation,1,2,1,-444.37109985583345,-1429.7826535195336,0.0,-70.11372314273599,-16.481793479431467,-0.14285714285714285,0.9523809523809523,19.15862503058652,0.5,1.851546249399306,1.700416358178334
1481,train,2,0,1,-839.2005489957213,1181.6102301921558,-1.0,-104.48628109900062,0.0,0.0,0.0,-29.669498503932672,0.5,1.9980965452279078,1.6319125914870198
1481,train,1,2,0,479.54317085469785,-951.5721699880647,0.5,510.6391706754699,0.0,0.0,0.0,47.0751946768339,0.5,1.9980965452279078,1.6319125914870198
1482,train,0,2,0,180.0,-679.1699844868226,0.0,0.0,0.0,0.0,0.0,0.0,0.5,1.0,1.0
1482,train,1,2,0,240.0,-752.0626746105472,0.0,0.0,0.0,0.0,0.0,0.0,0.5,1.0,1.0
1483,test,0,2,0,-469.18440891292187,-490.6455021106963,0.0,0.0,662.1203566571379,0.0,0.0,0.0,0.5,1.9549350371371745,0.9656755845670523
1483,test,1,2,0,703.7766133693829,-5.78447483073003,0.0,0.0,568.1376023769275,0.0,0.0,0.0,0.5,1.9549350371371745,0.9656755845670523
1484,train,0,1,0,-357.5712699802971,-383.52554904134007,0.38095238095238093,251.81545237037164,4.161390352700771,0.0,0.8571428571428571,-37.79387156020741,0.5,1.1919042332676568,0.6715827583683833
1484,train,1,2,1,71.51425399605941,146.7187604088743,-0.19047619047619047,-133.495121727457,-24.582238779555333,0.047619047619047616,-1.4285714285714284,86.09140289781855,0.5,1.1919042332676568,0.6715827583683833
1485,test,0,2,0,-120.0,423.7449643572663,0.0,18.089884705371105,0.0,0.0,-0.3333333333333333,0.0,0.5,1.0,1.0
1485,test,2,1,1,0.0,-1202.9849571160316,0.0,592.8589975832057,0.0,0.0,0.0,0.0,0.5,1.0,1.0
1486,train,1,0,1,-74.0041832230803,-454.9511112286316,-0.3,-123.06442146156002,-86.36258990023572,0.0,0.8,0.0,0.5,1.2334030537180052,0.7443010873910468
1486,train,2,1,0,444.0250993384819,396.26904823360934,-0.3,58.15914947041233,164.66892703711792,0.0,0.8000000000000003,0.0,0.5,1.2334030537180052,0.7443010873910468
1487,train,0,2,0,131.43272544161832,864.6619489323232,0.0,0.0,0.0,0.8,0.09999999999999998,54.334520843485734,0.5,0.547636356006743,0.6400462117739709
1487,train,1,2,0,0.0,703.0384908709623,-0.2,0.0,0.0,1.2000000000000002,-0.4,0.687144076145259,0.5,0.547636356006743,0.6400462117739709
1488,train,0,1,0,236.9808551394178,-916.3152686717543,0.0,0.0,102.57473908057301,0.0,-1.0,0.0,0.5,0.9874202297475742,1.211040062383445
1488,train,1,2,1,0.0,136.05218052636647,-0.5,0.0,-342.21377292046105,0.0,0.6666666666666665,0.0,0.5,0.9874202297475742,1.211040062383445
1489,train,0,1,0,-167.13129335057081,-212.1581795052123,1.333333333333333,0.0,0.0,0.3333333333333333,0.0,0.0,0.5,0.5571043111685694,1.2060368463973132
1489,train,2,1,0,-167.13129335057081,-17.352246111141607,2.0,0.0,0.0,1.6666666666666665,0.0,0.0,0.5,0.5571043111685694,1.2060368463973132
1490,train,2,0,1,-507.2535192489702,-1007.5950162520516,0.0,-221.77844374454185,-202.21851024823886,0.0,-2.333333333333333,-2.287759628026448,0.5,0.7045187767346808,0.5618185989965632
1490,train,1,2,0,-126.81337981224254,256.0048798759102,0.0,-32.480543259463445,-16.20690928000364,0.26666666666666666,0.6666666666666667,26.047805665709312,0.5,0.7045187767346808,0.5618185989965632
1491,train,1,0,1,0.0,-156.79408159442386,0.0,0.0,82.12757621090735,0.0,-0.6666666666666666,0.0,0.5,1.6543023806341355,1.7662839515277464
1491,train,2,1,0,198.51628567609626,-451.29981924287307,0.0,0.0,102.87184263819881,0.0,0.9999999999999999,0.0,0.5,1.6543023806341355,1.7662839515277464
1492,train,0,1,1,322.69735076411575,1117.6492718467873,0.0,0.0,0.0,0.0,0.0,-273.08791174642005,0.5,0.5378289179401929,1.2909317506288256
1492,train,0,2,1,225.88814553488103,-803.3173745127237,0.0,0.0,0.0,0.0,0.0,-435.9260171171099,0.5,0.5378289179401929,1.2909317506288256
1493,train,1,0,1,-240.0,734.4442068506742,0.0,0.0,0.0,0.0,0.0,0.0,0.5,1.0,1.0
1493,train,1,2,1,60.0,-889.3120907267667,0.0,0.0,0.0,0.0,0.0,0.0,0.5,1.0,1.0
1494,train,1,0,0,-148.95256701895346,-409.19824471924767,0.0,-159.92364841412405,0.0,0.0,0.0,139.60522710683287,0.5,0.8275142612164081,0.7259631008511441
1494,train,0,2,1,49.65085567298449,-8.046515045696772,0.0,351.44986551237656,0.0,0.0,0.0,-213.63624161215756,0.5,0.8275142612164081,0.7259631008511441
1495,test,2,0,1,-60.0,-116.44991288548454,0.0,-495.35344683427456,0.0,0.0,0.0,0.0,0.5,1.0,1.0
1495,test,2,1,1,-120.0,-536.4170878708433,0.3333333333333333,-973.5080278360925,0.0,0.0,0.0,0.0,0.5,1.0,1.0
1496,train,0,1,0,180.0,1374.0799388808127,0.6000000000000001,-216.530395562105,-38.72230102477123,0.0,1.0666666666666667,30.398604818273675,0.5,1.0,1.0
1496,train,2,1,0,180.0,219.92178750075072,0.0,-71.28022098071233,-10.503632512355075,0.0,2.133333333333333,65.57408379109584,0.5,1.0,1.0
1497,train,1,0,0,60.0,-589.5487681286809,0.0,-55.88018444965485,0.0,0.16666666666666666,0.0,-11.382318638626998,0.5,1.0,1.0
1497,train,2,0,0,0.0,-72.59637659779673,0.0,-270.64382458518605,0.0,0.3333333333333333,0.0,77.37778328927917,0.5,1.0,1.0
1498,train,0,2,0,486.2373040079074,1958.7227222569695,0.19047619047619047,96.49414029158505,298.6080907200945,0.09523809523809523,0.9523809523809522,18.034535932104056,0.5,1.1577078666854939,1.1048281741076638
1498,train,1,2,0,416.7748320067778,2161.2924360420793,0.38095238095238093,213.9834672435676,-34.415907250312024,0.0,0.9523809523809522,-5.757649843553521,0.5,1.1577078666854939,1.1048281741076638
1499,train,0,2,0,65.70737580281057,633.4135840847732,0.0,0.0,0.0,0.0,0.0,0.0,0.5,1.0951229300468428,1.8246894124528923
1499,train,1,2,0,525.6590064224846,1658.4442460984812,1.0,0.0,0.0,0.0,0.0,0.0,0.5,1.0951229300468428,1.8246894124528923
1500,train,0,1,1,-60.0,-501.7182740275839,0.0,-485.9027603938927,-112.88954365477312,-0.06666666666666667,-0.2666666666666667,0.0,0.5,1.0,1.0
1500,train,0,2,1,240.0,319.3560273670828,-0.2,-167.90829123883594,-274.42071678318536,0.0,-0.13333333333333341,0.0,0.5,1.0,1.0
1501,train,2,0,1,-677.6315326637994,-734.2751761875929,0.0,0.0,-427.678293560391,0.0,0.0,0.0,0.5,1.026714443429999,0.8341233418827778
1501,train,2,1,1,61.602866605799946,490.87202163427844,0.0,0.0,-201.3626217168752,0.0,0.0,0.0,0.5,1.026714443429999,0.8341233418827778
1502,train,0,1,0,476.6730327340112,41.40094770111126,0.33333333333333337,376.82962430530915,0.0,0.13333333333333333,-0.40000000000000013,-6.151772284646564,0.5,0.9930688181958567,0.8025287494449973
1502,train,1,2,1,-59.5841290917514,-38.34190684148943,0.6666666666666666,-60.68578565382103,0.0,-0.5333333333333333,-0.3999999999999999,-9.650104412323165,0.5,0.9930688181958567,0.8025287494449973
1503,train,0,1,0,997.1012759233455,511.9805287881694,-2.5,1265.3214395802918,0.0,0.0,0.0,-34.23776638469403,0.5,0.6924314416134344,0.8618473062579578
1503,train,1,2,1,-373.9129784712546,-2696.3372400857716,2.0,-1722.578837312615,0.0,0.0,0.0,65.18578657164676,0.5,0.6924314416134344,0.8618473062579578
1504,train,1,0,1,222.8074928552834,-804.5364346448308,0.0,-84.68767448602893,0.0,-0.20000000000000004,-0.6,-24.584558859794072,0.5,0.9283645535636809,1.10273963731262
1504,train,1,2,1,445.6149857105668,786.7615719083499,0.0,-358.59338518564255,0.0,0.0,-0.4,51.46842532094492,0.5,0.9283645535636809,1.10273963731262
1505,train,2,0,1,-114.5813869565072,-551.2017820157143,-0.23809523809523808,52.788318506170924,2.753679677944021,0.14285714285714285,0.0,-29.35244985612814,0.5,1.9096897826084533,0.7755135621423324
1505,train,2,1,1,0.0,-244.83657606102724,-0.23809523809523808,3.909654813962959,28.998305355637857,0.14285714285714285,0.2857142857142857,-47.80730495395725,0.5,1.9096897826084533,0.7755135621423324
1506,train,0,1,1,-429.5752307906726,-1536.847349012895,-0.8,-240.6860776058978,0.0,0.0,0.0,15.563089164657725,0.5,0.7955096866493937,1.813512020692356
1506,train,0,2,1,-47.73058119896362,-243.27369692587803,0.4,-413.74398759270537,0.0,0.2,0.0,-16.906281677725005,0.5,0.7955096866493937,1.813512020692356
1507,train,0,1,0,323.83167811058286,2420.9078118979073,0.0,0.0,181.1786399229477,0.0,0.0,460.00891008280314,0.5,0.7710278050251973,1.1709973684708344
1507,train,1,2,1,-277.57000980907105,-1651.7590344250373,0.0,0.0,170.15060907436362,0.0,0.0,-314.6754517696912,0.5,0.7710278050251973,1.1709973684708344
1508,train,0,1,1,-60.0,-866.1691622005033,0.0,-156.81361053706428,-110.93924098604265,0.0,-0.2,-137.36924519705173,0.5,1.0,1.0
1508,train,2,0,0,60.0,-215.36297328271257,0.13333333333333333,17.37773399932985,32.95875141333001,0.0,-0.13333333333333336,86.06200434874746,0.5,1.0,1.0
1509,validation,0,2,0,276.3606024909429,-1105.4857007014293,0.0,-96.40614648721245,170.38710008939378,-0.19047619047619047,0.1428571428571429,45.791609707604906,0.5,0.5757512551894644,0.8470455565892441
1509,validation,1,2,0,-34.54507531136786,-648.0186937875392,0.0,-39.82798299495522,0.1928128177764279,-0.19047619047619047,0.7142857142857142,-6.018755620756831,0.5,0.5757512551894644,0.8470455565892441
1510,train,1,0,1,-294.26217815048193,-2642.5663395667893,-0.16666666666666666,0.0,13.293008165057529,0.0,0.0,0.0,0.5,0.7006242336916236,1.4460177929455487
1510,train,1,2,1,-84.07490804299484,-1406.850961998636,-0.33333333333333337,0.0,103.32403135126808,0.0,0.0,0.0,0.5,0.7006242336916236,1.4460177929455487
1511,train,2,0,1,-249.7207129834183,-865.1886230560783,0.0,-328.8493603356055,29.76176316231402,-0.5714285714285714,0.2857142857142856,-113.34208632815877,0.5,0.693668647176162,0.685357368450876
1511,train,1,2,0,291.340831813988,776.5156745399883,0.38095238095238093,9.202951639335879,-58.97469353478995,0.0,-0.1428571428571428,-5.83300737967604,0.5,0.693668647176162,0.685357368450876
1512,train,0,1,1,64.39552010154868,356.217322484048,-0.2,-89.33672889120206,0.0,-0.26666666666666666,0.2,0.0,0.5,1.0732586683591447,1.9936732291411976
1512,train,2,0,0,0.0,-2445.81629131099,0.0,-0.7839618059071256,0.0,0.0,-0.4,123.31465807139531,0.5,1.0732586683591447,1.9936732291411976
1513,test,2,0,1,-170.90827884000288,15.093010008387617,-1.2000000000000002,0.0,-71.30975672876984,0.6000000000000001,0.0,-12.344529937136755,0.5,1.424235657000024,0.8241155359799998
1513,test,1,2,0,256.36241826000435,-257.6556917962509,2.0,0.0,10.939902854081424,-0.4000000000000001,0.0,-98.94375293922093,0.5,1.424235657000024,0.8241155359799998
1514,validation,1,0,0,0.0,664.3201697328863,0.0,37.83034461943433,331.70067720457973,0.0,0.40000000000000013,0.0,0.5,1.5862241601331177,0.5022461750744278
1514,validation,2,0,0,-571.0406976479223,-74.6720564025917,0.0,16.283021906649736,-12.457323739232834,0.2,2.0,0.0,0.5,1.5862241601331177,0.5022461750744278
1515,test,1,0,0,537.7354501514827,-413.8868293884634,-0.047619047619047616,150.49452868555903,274.7998406146264,0.0,0.23809523809523792,314.53122634525835,0.5,1.4937095837541186,0.8745360635044181
1515,test,2,0,0,268.86772507574136,869.5426105078341,0.0,-32.51765495245513,15.62494693615929,0.14285714285714285,0.9523809523809523,199.04711031463233,0.5,1.4937095837541186,0.8745360635044181
1516,train,2,0,1,120.0,-232.33717130079094,0.0,-274.72269971949265,0.0,0.0,0.0,0.0,0.5,1.0,1.0
1516,train,2,1,1,180.0,270.0017273865478,0.0,119.8077806878864,0.0,0.0,0.0,0.0,0.5,1.0,1.0
1517,train,1,0,0,-69.10719359978143,413.2515603303714,0.0,-87.8638518645929,49.21563434663824,0.0,0.0,15.35187137359307,0.5,1.151786559996357,0.8917938495719726
1517,train,2,0,0,0.0,1217.2031672482017,0.5333333333333333,-99.79011325638393,73.2250340743289,0.4,0.0,-42.420510436762456,0.5,1.151786559996357,0.8917938495719726
1518,train,0,2,0,0.0,-416.4446600349929,0.0,1093.0039323451113,-32.30881962292628,0.0,0.0,-322.27462153891247,0.5,1.0,1.0
1518,train,2,1,1,240.0,800.9851388678017,0.0,-1099.5735219524045,-109.23953229541058,0.0,0.0,4.289790378733471,0.5,1.0,1.0
1519,validation,0,2,0,318.2851971280003,703.5282386327261,0.0,295.4249617443628,35.44513697928409,-0.3,0.40000000000000013,0.0,0.5,0.7578218979238102,1.0880251415938411
1519,validation,1,2,0,-45.46931387542861,-373.5426183895345,0.0,43.85482674322523,7.727728003666348,-0.3,0.40000000000000013,0.0,0.5,0.7578218979238102,1.0880251415938411
1520,train,0,1,0,353.1381738593508,-148.24490772768524,0.26666666666666666,-144.4976578208448,142.97244204535832,0.0,0.0,108.86410429227726,0.5,0.6539595812210199,1.8604252355608524
1520,train,2,1,0,-117.71272461978359,-1778.0351098814958,0.0,-113.37079565376138,354.25303785282546,0.0,0.0,-50.15754967104825,0.5,0.6539595812210199,1.8604252355608524
1521,train,1,0,0,52.03434212846629,-10.86799823250082,0.0,-13.538428322323256,-13.534354244008384,0.1,0.0,64.78336227660228,0.5,0.8672390354744381,1.5546927003479767
1521,train,2,0,0,52.03434212846629,-77.74837899858825,0.0,152.72172874713178,45.83410673502843,0.1,0.0,54.304878108173504,0.5,0.8672390354744381,1.5546927003479767
1522,validation,2,0,1,73.3644638050407,1167.8396481305645,0.0,0.0,219.68289446321586,0.0,0.9999999999999998,-35.45597866999074,0.5,0.6113705317086725,0.89022042639958
1522,validation,2,1,1,110.04669570756106,1291.6538777970222,0.0,0.0,-127.86221687785473,0.0,1.6666666666666665,-55.07896275499081,0.5,0.6113705317086725,0.89022042639958
1523,train,0,1,1,-127.23491750358917,-573.2584304037636,0.0,0.0,-90.51865112336014,0.0,0.0,0.0,0.5,0.7068606527977176,0.7438854464935796
1523,train,0,2,1,-127.23491750358917,-1687.7321732264481,0.0,0.0,-618.9963911625766,0.0,0.0,0.0,0.5,0.7068606527977176,0.7438854464935796
1524,train,1,0,0,0.0,-826.0777223874937,0.0,0.0,67.87371279350438,0.0,1.3333333333333333,0.0,0.5,0.8425492225366498,1.182997344111967
1524,train,0,2,1,-50.55295335219898,209.59342980561738,0.0,0.0,-319.4404093920068,0.0,0.0,0.0,0.5,0.8425492225366498,1.182997344111967
1525,train,0,1,1,-600.0,-2605.788074289345,0.0,-1855.6950794709528,0.0,-0.6666666666666666,0.0,0.0,0.5,1.0,1.0
1525,train,2,0,0,240.0,-257.97215531330767,0.0,-92.04845492181903,0.0,0.0,0.0,0.0,0.5,1.0,1.0
1526,test,1,0,1,252.29413597756812,207.46793222583673,0.0,-366.9787058104084,-182.94905556739093,-0.3,0.30000000000000004,0.0,0.5,0.7008170443821337,0.8464970808305151
1526,test,2,1,0,-42.04902266292802,-146.2252881010117,0.0,474.81666663703936,468.9379093291217,0.8999999999999999,-0.8,0.0,0.5,0.7008170443821337,0.8464970808305151
1527,train,0,2,0,120.0,356.25499660682135,0.0,0.0,0.0,0.0,0.0,0.0,0.5,1.0,1.0
1527,train,2,1,1,-180.0,-406.9937853466481,0.0,0.0,0.0,0.0,0.0,0.0,0.5,1.0,1.0
1528,validation,0,1,1,300.0,1220.429250421451,0.0,0.0,0.0,0.0,0.0,0.0,0.5,1.0,1.0
1528,validation,2,0,0,60.0,675.9064076225741,0.0,0.0,0.0,0.0,0.0,0.0,0.5,1.0,1.0
1529,train,1,0,1,45.23294960961405,-664.5386570922841,0.0,0.0,0.0,0.0,0.0,-111.49967935240113,0.5,0.7538824934935675,1.4273936789983623
1529,train,2,1,0,-90.4658992192281,-293.4414916782578,0.0,0.0,0.0,0.0,0.0,81.12145651796902,0.5,0.7538824934935675,1.4273936789983623
1530,train,0,1,0,-53.702072924452445,16.396331543172668,-0.09523809523809523,41.24772295333246,-7.570891135714035,0.0,0.2857142857142857,-2.395239728127873,0.5,0.8950345487408741,0.7640147950120791
1530,train,2,1,0,53.702072924452445,314.03498298548345,-0.09523809523809523,85.69914112073766,65.26140675551896,-0.19047619047619047,0.2857142857142857,-9.323957863907523,0.5,0.8950345487408741,0.7640147950120791
1531,train,1,0,0,342.2860826580124,-227.30904119437062,0.0,0.0,0.0,0.0,1.9999999999999998,0.0,0.5,1.901589348100069,1.0848507637035407
1531,train,0,2,1,-342.2860826580124,-881.9436943962453,0.0,0.0,0.0,-0.3333333333333333,-0.6666666666666667,0.0,0.5,1.901589348100069,1.0848507637035407
1532,test,1,0,1,60.0,208.72712084755995,0.0,0.0,0.0,0.0,0.0,0.0,0.5,1.0,1.0
1532,test,2,1,0,120.0,509.2637474122339,0.0,0.0,0.0,0.0,0.0,0.0,0.5,1.0,1.0
1533,train,2,0,1,-696.6384052462755,-3398.64765587301,-0.26666666666666666,-122.7590551056461,-67.7953646494071,-0.2,1.333333333333333,0.0,0.5,1.2900711208264362,1.8247199553006743
1533,train,2,1,1,-928.8512069950341,-2412.760914967131,-0.6666666666666666,-184.58274952567604,-29.594080726215715,0.0,-1.0,0.0,0.5,1.2900711208264362,1.8247199553006743
1534,train,1,0,0,269.89886850714976,755.4974622996493,0.3333333333333333,0.0,0.0,0.0,0.0,0.0,0.5,0.749719079186527,0.6049358533417488
1534,train,0,2,1,-269.89886850714976,-937.0206706639405,0.0,0.0,0.0,0.0,-0.33333333333333326,-253.33754346730205,0.5,0.749719079186527,0.6049358533417488
1535,train,0,1,1,-287.8616363121851,383.1988392921563,0.0,0.0,-110.02990982395283,0.0,0.3333333333333335,0.0,0.5,1.599231312845473,1.154641186799309
1535,train,0,2,1,-383.8155150829135,-217.20085223479154,0.0,0.0,-135.02232213203962,-0.16666666666666666,0.0,0.0,0.5,1.599231312845473,1.154641186799309
1536,train,2,0,1,0.0,-268.3910582458486,-0.5,238.05542538753025,0.0,0.0,0.0,-88.76940605130486,0.5,0.72846066093311,0.5988778014456324
1536,train,2,1,1,174.83055862394642,184.98938947653247,-1.0,-29.993356305735233,0.0,0.0,0.0,-119.71627479697392,0.5,0.72846066093311,0.5988778014456324
1537,train,0,1,0,300.0,103.23942082238545,0.0,0.0,0.0,0.0,0.0,0.0,0.5,1.0,1.0
1537,train,1,2,1,-120.0,-330.7865250856312,0.0,0.0,0.0,0.0,0.0,0.0,0.5,1.0,1.0
1538,train,0,1,1,-802.5178217899651,-658.8527659857566,0.0,0.0,14.629045687604517,1.6666666666666665,0.0,-282.4699565160432,0.5,0.835956064364547,0.6827239558744138
1538,train,0,2,1,-50.15736386187282,-1211.3574433293159,0.0,0.0,7.6214827127917175,0.6666666666666665,0.0,-436.02683838914334,0.5,0.835956064364547,0.6827239558744138
1539,train,2,0,1,-233.1128194125468,-318.88859765477423,-0.5,-557.7747793107507,0.0,0.0,0.0,-53.758125385231544,0.5,1.2950712189585933,0.5168762002041979
1539,train,2,1,1,-77.7042731375156,-475.10429825403986,-0.5,199.27039325186215,0.0,0.0,0.0,-13.25431101966742,0.5,1.2950712189585933,0.5168762002041979
1540,train,2,0,1,178.46138948513163,291.3313264827694,0.0,-268.78917307626205,8.048738399066515,0.0,0.0,80.02934540247443,0.5,1.4871782457094302,0.8330690674367387
1540,train,1,2,0,0.0,52.37010326053976,0.0,57.511062904497464,88.44595710948099,0.0,0.0,8.839641005831822,0.5,1.4871782457094302,0.8330690674367387
1541,train,1,0,0,40.157485998269735,956.1327605098869,1.0,0.0,0.0,-0.5,0.0,61.391459470045675,0.5,0.6692914333044956,1.243927608007024
1541,train,0,2,1,40.157485998269735,-811.2718206135845,-0.3333333333333333,0.0,0.0,0.0,0.0,-89.24603349353188,0.5,0.6692914333044956,1.243927608007024
1542,validation,1,0,0,0.0,472.08018082731996,2.0,0.0,0.0,0.0,0.33333333333333304,0.0,0.5,1.1235167101265888,0.7134853568766979
1542,validation,0,2,1,-404.466015645572,623.620102864421,-0.6666666666666666,0.0,0.0,0.0,0.6666666666666667,0.0,0.5,1.1235167101265888,0.7134853568766979
1543,train,0,2,0,360.0,1324.3082570495449,0.0,721.879027128389,0.0,0.0,0.0,0.0,0.5,1.0,1.0
1543,train,1,2,0,480.0,1146.5046111694614,0.0,-144.68403060702076,0.0,0.0,0.0,0.0,0.5,1.0,1.0
1544,test,2,0,1,-240.0,-1035.206153075841,0.19047619047619047,-287.0909061840888,13.332760386531358,-0.09523809523809523,0.0,-13.847571446952044,0.5,1.0,1.0
1544,test,1,2,0,540.0,1549.2868261993726,-0.38095238095238093,844.8608076368395,86.444372196321,0.19047619047619047,0.0,19.047386683017535,0.5,1.0,1.0
1545,validation,1,0,0,182.68233340656207,239.71704091644133,-0.4,224.6926771912839,0.0,0.1,0.0,226.96870650904387,0.5,0.5074509261293391,1.6361514878095111
1545,validation,2,0,0,304.47055567760344,-651.9351841418197,-0.4,-166.43091060337497,0.0,0.0,0.0,135.00928312091992,0.5,0.5074509261293391,1.6361514878095111
1546,validation,0,1,1,95.69032884873594,-45.53291941281458,0.13333333333333333,-167.7264043423176,202.44339662174625,-0.13333333333333333,0.0,-62.231078149325775,0.5,1.5948388141455991,0.5468754690743501
1546,validation,0,2,1,382.7613153949438,-8.104662060689705,0.0,-153.8723771011948,166.69818820383733,-0.26666666666666666,0.0,-52.40348570145627,0.5,1.5948388141455991,0.5468754690743501
1547,train,0,1,0,-34.19009765779115,1124.0743210178107,0.0,0.0,140.9693297188447,-0.2,0.0,42.50968386462313,0.5,0.5698349609631859,1.7839771408680778
1547,train,2,1,0,-136.7603906311646,-1530.7936357702347,0.8999999999999999,0.0,45.90546434844251,-0.2,0.0,19.688677199007856,0.5,0.5698349609631859,1.7839771408680778
1548,test,1,0,1,-250.60861048736405,-358.31690511793454,0.3333333333333333,0.0,0.0,0.0,0.0,-206.62357091865854,0.5,1.3922700582631335,0.9788381337174292
1548,test,1,2,1,-83.53620349578802,-1778.8727227477784,0.3333333333333333,0.0,0.0,0.0,0.0,-136.75238676884962,0.5,1.3922700582631335,0.9788381337174292
1549,validation,2,0,1,-535.5710591190942,592.7115336219567,0.0,-390.99150253866384,77.3230803338478,0.2,0.0,6.815102762086541,0.5,0.5950789545767714,1.1802719414131797
1549,validation,2,1,1,-178.5236863730314,-1302.0962612584863,0.0,-471.76503758351834,-151.01969663806608,0.0,0.2666666666666666,0.27419530053077423,0.5,0.5950789545767714,1.1802719414131797
1550,train,1,0,0,-240.0,-386.1552030315552,0.0,0.0,0.0,0.0,0.0,0.0,0.5,1.0,1.0
1550,train,2,0,0,-120.0,-454.01245297035075,0.0,0.0,0.0,0.0,0.0,0.0,0.5,1.0,1.0
1551,train,0,2,0,-300.0,-1132.24707281486,0.0,0.0,0.0,0.0,0.0,0.0,0.5,1.0,1.0
1551,train,2,1,1,120.0,168.08387189102723,0.0,0.0,0.0,0.0,0.0,0.0,0.5,1.0,1.0
1552,train,1,0,0,81.0642040889059,751.1466251257475,0.0,156.1995303633313,43.16093767338312,-0.09523809523809523,0.09523809523809523,75.48351271703353,0.5,0.6755350340742158,0.612675342725373
1552,train,0,2,1,0.0,-578.9650084313002,0.19047619047619047,-55.12645747793066,-198.4721338248503,0.09523809523809523,-0.19047619047619047,-115.67877960614996,0.5,0.6755350340742158,0.612675342725373
1553,train,0,1,1,-332.8016018364322,-2905.403987172343,-0.13333333333333333,0.0,-256.74062588594114,0.2,0.8,1.5194872728701299,0.5,0.9244488939900894,1.2445882843463991
1553,train,0,2,1,-221.86773455762147,-536.5533067121493,0.13333333333333333,0.0,-443.56792186039695,0.0,1.0666666666666667,8.291953932086724,0.5,0.9244488939900894,1.2445882843463991
1554,validation,1,0,1,-1475.7110205173803,-1079.0599747785382,0.0,0.0,508.7478438488188,0.0,0.0,0.0,0.5,1.7567988339492624,0.9001528732633596
1554,validation,1,2,1,-316.22379011086724,-560.4113316804684,0.0,0.0,23.353533510062334,0.0,0.0,0.0,0.5,1.7567988339492624,0.9001528732633596
1555,train,0,1,0,98.65641421235144,-436.77961034820976,0.0,-4.994197799863002,0.0,0.0,-0.30000000000000004,46.2994628753836,0.5,1.6442735702058573,1.6828423676438178
1555,train,2,1,0,197.31282842470287,1075.833638610311,0.0,-318.93933942806126,0.0,0.0,0.19999999999999996,-4.119097473115981,0.5,1.6442735702058573,1.6828423676438178
1556,test,0,1,0,-120.0,653.6378988720967,0.0,326.90934474214987,0.0,0.0,0.0,121.46918811291427,0.5,1.0,1.0
1556,test,2,1,0,-180.0,1426.9820274186254,0.0,593.2349087705145,0.0,0.0,0.0,65.09618895295127,0.5,1.0,1.0
1557,validation,0,1,0,96.29776347369639,-411.4383453691607,0.0,0.0,0.0,0.0,1.3333333333333333,-0.42142760904285126,0.5,1.6049627245616065,0.6651642894618143
1557,validation,2,1,0,192.59552694739278,-367.8341351225443,0.0,0.0,0.0,0.0,4.666666666666667,21.253573108846624,0.5,1.6049627245616065,0.6651642894618143
1558,train,1,0,0,0.0,629.3429662945114,0.0,0.0,0.0,1.0,0.0,0.0,0.5,1.2871002470747117,1.2021103473862622
1558,train,2,0,0,231.6780444734481,892.5557956830825,0.0,0.0,0.0,2.0,0.0,0.0,0.5,1.2871002470747117,1.2021103473862622
1559,train,1,0,0,228.6246627399723,807.9163858317714,0.0,0.0,0.0,1.0,0.0,0.0,0.5,0.6350685076110342,0.7408985333215051
1559,train,0,2,1,-342.93699410995845,-1795.0578863716717,0.0,0.0,0.0,-1.0,0.0,0.0,0.5,0.6350685076110342,0.7408985333215051
1560,train,0,1,1,63.277089621150985,-498.074192257785,0.0,0.0,0.0,0.0,0.0,-247.39407695036107,0.5,1.0546181603525164,0.7890057738046699
1560,train,2,0,0,126.55417924230197,560.471933360795,0.0,0.0,0.0,0.0,0.0,369.9481244517475,0.5,1.0546181603525164,0.7890057738046699
1561,validation,0,2,0,0.0,-194.51272668391994,0.0,1205.701675882928,-108.6216610259149,0.0,0.0,0.0,0.5,1.0,1.0
1561,validation,2,1,1,180.0,895.5275765737938,0.0,-917.4446451547581,-39.90676276645314,0.0,0.0,0.0,0.5,1.0,1.0
1562,validation,1,0,0,198.48253465364087,-265.01128210168656,0.0,158.96951307739482,0.0,0.4,1.0,-42.74992901113066,0.5,1.1026807480757825,1.0674759540911425
1562,validation,2,0,0,66.16084488454695,-1449.6629689579713,0.0,358.56935208327354,0.0,0.4,1.0,-14.041300453848592,0.5,1.1026807480757825,1.0674759540911425
1563,test,1,0,1,-108.36421331030458,134.53230050485766,-0.38095238095238093,105.14305618412494,-50.41898994006718,-0.2857142857142857,-0.047619047619047616,-26.932987777437077,0.5,1.8060702218384097,0.5460013282317443
1563,test,2,1,0,541.8210665515229,-382.28910116043767,0.0,-59.4805685246003,290.47774139662783,0.14285714285714285,-0.09523809523809523,-70.71402313722048,0.5,1.8060702218384097,0.5460013282317443
1564,train,1,0,0,339.0612384425764,2203.178057615135,0.0,685.330518166583,0.0,0.0,0.0,20.048644352024795,0.5,1.1302041281419213,1.4073705535791692
1564,train,0,2,1,-474.6857338196069,-3191.6343070836206,0.0,-108.21705148794388,0.0,0.0,0.0,71.4982504318362,0.5,1.1302041281419213,1.4073705535791692
1565,validation,0,1,0,189.7044188679855,-225.8556175823841,0.0,0.0,340.4380280322619,0.0,0.0,0.0,0.5,0.5269567190777376,1.642787309206436
1565,validation,1,2,1,31.61740314466425,1212.0925353396785,0.0,0.0,-326.13191940598307,0.0,0.0,0.0,0.5,0.5269567190777376,1.642787309206436
1566,train,1,0,0,-551.3642068779328,-645.1007500648961,0.1,140.7650442468887,56.270023742944645,0.8,0.0,0.0,0.5,1.8378806895931092,0.6206362589194866
1566,train,0,2,1,441.0913655023462,725.8485651740592,-0.1,472.6602398032331,-497.6335264001489,0.0,0.0,0.0,0.5,1.8378806895931092,0.6206362589194866
1567,train,0,1,1,31.843248592123896,-317.4155719421909,0.0,-102.37442579045154,0.0,0.0,0.0,-91.66037754532609,0.5,0.5307208098687316,0.517909806620371
1567,train,0,2,1,-191.05949155274337,-310.9306532656051,0.0,23.49395837887839,0.0,0.0,0.0,-64.44495840284537,0.5,0.5307208098687316,0.517909806620371
1568,train,0,1,1,-85.97846841089654,191.12487547760006,-0.4,103.856535013871,-59.641728628198386,0.3,0.0,0.0,0.5,1.4329744735149423,1.1597486273884583
1568,train,0,2,1,-945.7631525198619,-1880.243257584091,-0.4,127.8979938029027,-30.680204118585486,0.0,0.0,0.0,0.5,1.4329744735149423,1.1597486273884583
1569,test,0,1,1,-120.0,80.5312915618324,0.0,0.0,0.0,0.0,0.0,0.0,0.5,1.0,1.0
1569,test,2,0,0,600.0,-186.0889587678612,0.0,0.0,0.0,0.0,0.0,0.0,0.5,1.0,1.0
1570,train,0,1,0,631.8095073305883,-343.2869716816209,0.0,103.85119171026372,11.240026620966773,-0.2857142857142857,-0.14285714285714285,107.65012905471417,0.5,1.7550264092516343,0.8228517865078115
1570,train,1,2,1,105.30158455509806,753.4599437374204,0.09523809523809523,3.3105225549905413,79.7827210451469,0.0,0.0,-31.349089151314075,0.5,1.7550264092516343,0.8228517865078115
1571,train,0,1,0,-420.0,-26.39529464176394,0.0,-160.72147039753702,-52.223362801461406,0.0,0.16666666666666663,0.0,0.5,1.0,1.0
1571,train,1,2,1,420.0,-855.8240170008703,0.0,-268.63034028155175,-98.68671509987928,0.0,-0.33333333333333337,0.0,0.5,1.0,1.0
1572,test,0,1,0,0.0,592.6886987828573,0.0,0.0,0.0,0.0,0.3333333333333333,2.4200310176253694,0.5,0.5612268053764526,1.4491507285069458
1572,test,2,1,0,-101.02082496776147,271.6801579168054,0.0,0.0,0.0,0.5,0.3333333333333333,-35.7058542008346,0.5,0.5612268053764526,1.4491507285069458
1573,train,1,0,1,0.0,220.49575510150208,0.0,76.20267038554576,0.0,0.0,-1.0,0.0,0.5,1.0677078340973096,1.455302945736153
1573,train,2,1,0,192.18741013751574,1282.7535558145435,-0.3333333333333333,-91.54335596896465,0.0,0.0,1.0,0.0,0.5,1.0677078340973096,1.455302945736153
1574,train,1,0,1,99.71687379981353,16.12359370825309,0.3333333333333333,0.0,0.0,-1.3333333333333333,0.0,0.0,0.5,0.5539826322211863,0.7324623787652059
1574,train,2,1,0,33.23895793327117,921.8848893589308,0.6666666666666667,0.0,0.0,0.6666666666666666,0.0,0.0,0.5,0.5539826322211863,0.7324623787652059
1575,train,0,1,0,168.52841512063807,609.8420514875878,0.0,0.0,0.0,0.0,2.5,-3.454368443925432,0.5,0.9362689728924337,0.6475769013220714
1575,train,1,2,1,-112.35227674709205,-605.3370649067563,0.0,0.0,0.0,-0.6666666666666666,-0.5,-10.79313461045777,0.5,0.9362689728924337,0.6475769013220714
1576,validation,1,0,0,217.37483292122903,892.9051825115666,0.0,0.0,1417.9169476960813,0.0,0.0,0.0,0.5,1.2076379606734946,0.6015965090717711
1576,validation,0,2,1,-1231.7907198869646,-1820.6927852128654,0.0,0.0,-650.7735908346542,0.0,0.0,0.0,0.5,1.2076379606734946,0.6015965090717711
1577,train,1,0,0,0.0,-426.9320318548853,0.0,773.7892159599162,0.0,0.0,-0.3333333333333335,0.0,0.5,1.0,1.0
1577,train,2,0,0,120.0,204.1436672828404,0.0,276.56770231370064,0.0,0.0,0.6666666666666665,0.0,0.5,1.0,1.0
1578,train,0,2,0,132.78996544689122,2008.5149320543348,0.0,0.0,0.0,1.0,1.333333333333333,0.0,0.5,1.1065830453907601,1.799481992395187
1578,train,1,2,0,66.39498272344561,-621.7704135810529,0.0,0.0,0.0,0.5,0.0,84.02816811761389,0.5,1.1065830453907601,1.799481992395187
1579,train,0,1,1,-110.05092584895363,-425.1082789853958,-0.5,0.0,-113.82777485613359,0.0,0.0,0.0,0.5,0.6113940324941868,0.7748627197375642
1579,train,2,0,0,0.0,-146.51077340348547,0.0,0.0,123.32523860060452,0.0,0.0,0.0,0.5,0.6113940324941868,0.7748627197375642
1580,train,0,1,1,94.95085401862235,242.29378412881456,0.0,86.06853312585147,-260.9913492805993,0.6,0.0,32.945067952931225,0.5,1.582514233643706,1.198092913187056
1580,train,0,2,1,-94.95085401862235,-581.2082055609811,0.0,-39.85151661809155,-14.036781734935516,0.0,0.0,29.69048639843298,0.5,1.582514233643706,1.198092913187056
1581,test,1,0,1,-891.0431128749428,-1716.0350396660456,0.0,-217.45940646183396,135.799033618381,-1.6,-1.2,0.0,0.5,0.8250399193286507,0.9469586424546224
1581,test,2,1,0,-148.50718547915713,-1324.4166861771012,0.0,-196.18804752690264,421.0936667351721,1.2000000000000002,0.3999999999999999,0.0,0.5,0.8250399193286507,0.9469586424546224
1582,train,2,0,1,-60.0,-2891.2312972308227,0.0,-270.9233283189883,-9.369399502565457,0.0,-0.5999999999999999,75.05140426288571,0.5,1.0,1.0
1582,train,2,1,1,-480.0,-2258.926564864645,0.0,-295.5991438332517,-52.56442418786271,0.0,-1.4999999999999998,75.05140426288571,0.5,1.0,1.0
1583,test,0,2,0,-60.0,4016.0273297384665,0.0,0.0,0.0,0.0,0.0,0.0,0.5,1.0,1.0
1583,test,2,1,1,60.0,-1603.03884223149,0.0,0.0,0.0,0.0,0.0,0.0,0.5,1.0,1.0
1584,train,0,2,0,230.94243619253626,466.6912610016532,0.2,0.0,79.79359436783932,0.0,-0.30000000000000004,0.0,0.5,0.5498629433155625,0.60839711681187
1584,train,1,2,0,65.98355319786751,267.9545459239855,0.6000000000000001,0.0,42.43015090890778,0.0,-0.6000000000000001,106.05656283914328,0.5,0.5498629433155625,0.60839711681187
1585,train,0,1,1,-720.0,2145.6353350472227,0.0,0.0,0.0,0.0,0.0,0.0,0.5,1.0,1.0
1585,train,0,2,1,-480.0,-608.9480778831539,0.0,0.0,0.0,0.0,0.0,0.0,0.5,1.0,1.0
1586,test,0,2,0,-141.45377775007339,1042.9934969785195,-0.14285714285714285,-23.746678139767496,124.5470057611351,0.47619047619047616,0.0,0.22164082274739627,0.5,0.785854320833741,1.914716502274943
1586,test,2,1,1,0.0,-2120.8571121901678,0.14285714285714285,-118.64367724049066,-89.42957883719205,-0.47619047619047616,-0.6666666666666666,-21.96736010079985,0.5,0.785854320833741,1.914716502274943
1587,test,0,1,1,-60.0,-619.3045619899908,0.0,0.0,0.0,0.0,0.0,0.0,0.5,1.0,1.0
1587,test,2,0,0,-60.0,-179.1543392908593,0.0,0.0,0.0,0.0,0.0,0.0,0.5,1.0,1.0
1588,validation,1,0,0,-39.68942970920954,-914.1887681549097,0.0,0.0,291.26006360223334,0.0,0.0,0.0,0.5,0.6614904951534923,1.0198296158392006
1588,validation,0,2,1,79.37885941841908,587.9792488246001,0.0,0.0,-195.2391078762501,0.0,-1.3333333333333335,0.0,0.5,0.6614904951534923,1.0198296158392006
1589,test,2,0,1,-308.3366652238579,-485.47970296647304,0.0,0.0,0.0,0.0,0.0,0.0,0.5,0.7341349171996616,1.0161265807264854
1589,test,1,2,0,0.0,196.39711318630535,2.0,0.0,0.0,0.0,0.0,0.0,0.5,0.7341349171996616,1.0161265807264854
1590,train,0,2,0,-140.22242501865162,1883.3722556232613,0.0,475.60927465761824,595.7655668825258,-0.33333333333333337,0.0,0.0,0.5,1.1685202084887636,0.5904275745827703
1590,train,2,1,1,-490.7784875652807,-1561.9979504344644,0.0,-270.2260523724732,266.9645395469497,-1.333333333333333,0.0,0.0,0.5,1.1685202084887636,0.5904275745827703
1591,train,0,1,1,0.0,327.0519360629916,-1.0,0.0,0.0,0.0,0.0,0.0,0.5,0.7440749256155514,1.0118233713282379
1591,train,0,2,1,89.28899107386617,419.1340985745629,0.0,0.0,0.0,0.0,0.0,0.0,0.5,0.7440749256155514,1.0118233713282379
1592,test,0,1,0,-120.0,1026.3866121557421,0.0,0.0,0.0,0.0,0.0,0.0,0.5,1.0,1.0
1592,test,2,1,0,0.0,1995.8257218247663,0.0,0.0,0.0,0.0,0.0,0.0,0.5,1.0,1.0
1593,train,1,0,0,139.82504499567986,300.2683335627359,0.0,-64.59537271068308,0.0,0.0,-1.0,-10.140817301786864,0.5,0.5826043541486661,1.25098312326841
1593,train,2,0,0,104.86878374675989,474.8472694749691,0.0,-1.8520876128932855,0.0,0.0,-1.5,-33.5233191970063,0.5,0.5826043541486661,1.25098312326841
1594,validation,0,2,0,-189.00913108267778,-1305.115468316161,2.0,0.0,0.0,0.0,0.0,0.0,0.5,0.7875380461778241,1.3718583084548586
1594,validation,1,2,0,236.26141385334722,676.1232300346308,0.0,0.0,0.0,0.0,0.0,0.0,0.5,0.7875380461778241,1.3718583084548586
1595,test,0,2,0,-345.04051049942746,484.1106823178914,0.0,382.1677158760177,1113.440393482152,1.0666666666666667,-0.20000000000000018,-1.6239790902290991,0.5,0.9584458624984096,0.6819682835885696
1595,test,2,1,1,862.6012762485686,-101.15566743293222,0.0,-518.4090404042594,-388.90276898861566,-1.0666666666666667,0.0,0.19426260363798775,0.5,0.9584458624984096,0.6819682835885696
1596,train,2,0,1,60.0,91.81008327340987,0.0,0.0,0.0,0.0,0.0,0.0,0.5,1.0,1.0
1596,train,1,2,0,240.0,560.070819167745,0.0,0.0,0.0,0.0,0.0,0.0,0.5,1.0,1.0
1597,train,0,2,0,-85.48699089470801,195.17539652130688,0.0,0.0,24.93555172303806,0.0,4.5,0.0,0.5,1.4247831815784668,1.1924217694079433
1597,train,2,1,1,-85.48699089470801,754.2060216181035,0.0,0.0,1.4130609448224902,0.0,-0.5,0.0,0.5,1.4247831815784668,1.1924217694079433
1598,validation,0,2,0,-120.0,-653.1972620562324,0.0,0.0,0.0,0.0,0.0,0.0,0.5,1.0,1.0
1598,validation,2,1,1,-60.0,1280.197179960961,0.0,0.0,0.0,0.0,0.0,0.0,0.5,1.0,1.0
1599,train,0,2,0,-253.87921611566867,1171.0834109630052,1.3333333333333333,572.573904174451,0.0,0.0,0.0,0.0,0.5,1.4104400895314926,1.1341431876625996
1599,train,2,1,1,0.0,-1533.8617369775225,-0.6666666666666666,-254.96038532881727,0.0,0.0,0.0,0.0,0.5,1.4104400895314926,1.1341431876625996
1600,test,2,0,1,-220.23929603338135,-1315.5607709065027,0.0,96.78860510163341,-99.34981553648186,0.0,-0.26666666666666666,0.0,0.5,1.8353274669448445,1.1427087773123181
1600,test,1,2,0,220.23929603338135,1180.9619571219284,0.0,-216.00136717546485,120.17067326343513,0.0,0.6666666666666667,0.0,0.5,1.8353274669448445,1.1427087773123181
1601,validation,0,1,0,1213.0071923735518,1585.016125530189,0.0,-145.0780993917491,142.32299642512658,-0.047619047619047616,0.19047619047619047,178.9553896445875,0.5,1.5551374261199382,1.0152507680394371
1601,validation,2,1,0,186.6164911343926,-24.195106385090757,0.2857142857142857,21.11643201977313,-12.930712669702494,0.0,0.19047619047619047,0.0,0.5,1.5551374261199382,1.0152507680394371
1602,validation,2,0,1,568.9896381972741,3088.220458129267,-3.0,282.1730720281605,-72.83140186846362,0.0,0.0,0.0,0.5,0.5926975397888271,1.74769171536404
1602,validation,1,2,0,-462.30408103528515,992.1353110192593,0.0,-442.13142106382,990.4206069271637,0.0,0.0,0.0,0.5,0.5926975397888271,1.74769171536404
1603,train,0,1,1,-34.35265769692429,-571.4021550770242,-1.0,0.0,0.0,0.0,0.0,0.0,0.5,0.5725442949487382,0.7887945837156491
1603,train,0,2,1,68.70531539384858,394.64560352647544,-1.0,0.0,0.0,0.0,0.0,0.0,0.5,0.5725442949487382,0.7887945837156491
1604,train,2,0,1,-60.0,728.9416789920997,0.0,0.0,0.0,0.0,0.0,0.0,0.5,1.0,1.0
1604,train,2,1,1,-240.0,-1119.3645141991528,0.0,0.0,0.0,0.0,0.0,0.0,0.5,1.0,1.0
1605,test,0,1,0,63.91755115076381,392.91552762354826,0.8571428571428571,-18.5849892648084,9.422007566708587,0.0,-0.2857142857142857,10.408386709002398,0.5,1.065292519179397,0.796934821058253
1605,test,2,1,0,-191.75265345229144,6.678284577701084,1.1428571428571428,136.3345703540201,11.717781389582925,0.0,0.0,0.0,0.5,1.065292519179397,0.796934821058253
1606,train,0,2,0,97.00541304830513,190.58742813456752,0.0,-78.37508809278066,-100.44024833911303,0.14285714285714285,0.5714285714285714,9.064171981449228,0.5,0.8083784420692094,0.645046871679573
1606,train,2,1,1,0.0,-51.10976236128254,-0.19047619047619047,87.7762714181791,42.35055345388355,0.0,-1.1428571428571428,-1.6430040475657819,0.5,0.8083784420692094,0.645046871679573
1607,train,2,0,1,-120.0,1182.2338648515206,0.0,0.0,0.0,0.0,0.0,0.0,0.5,1.0,1.0
1607,train,1,2,0,300.0,637.0908550328941,0.0,0.0,0.0,0.0,0.0,0.0,0.5,1.0,1.0
1608,train,0,1,1,-418.9231724129746,-53.25894430551589,-0.1,-246.80069355599193,0.0,0.4000000000000001,-4.000000000000001,0.0,0.5,1.3964105747099154,0.9045466182834232
1608,train,2,0,0,837.8463448259492,911.9870433036547,0.1,205.08552426420658,0.0,0.3999999999999999,0.40000000000000013,0.0,0.5,1.3964105747099154,0.9045466182834232
1609,test,0,1,1,-120.0,393.33221201592596,0.0,-309.42804095009603,5.084969111321115,0.0,0.0,0.0,0.5,1.0,1.0
1609,test,2,0,0,60.0,-17.07561180795392,0.0,-19.495643162114504,58.94253693836005,0.4,-0.10000000000000003,0.0,0.5,1.0,1.0
1610,train,0,2,0,60.0,-395.83507590041836,0.3333333333333333,361.79072016334976,0.0,0.0,0.0,0.0,0.5,1.0,1.0
1610,train,2,1,1,0.0,278.5495015401698,0.3333333333333333,-403.34359448848295,0.0,0.0,-0.16666666666666674,0.0,0.5,1.0,1.0
1611,train,2,0,1,88.15058276941987,891.366702587888,0.0,198.8430415560689,-0.9533338685283894,-0.23809523809523808,0.2857142857142857,-60.954014603615946,0.5,1.4691763794903312,1.2663387260654633
1611,train,1,2,0,-176.30116553883974,101.71306334742691,0.5714285714285714,131.18965788566607,64.91400367553399,0.0,0.0,70.54388321163681,0.5,1.4691763794903312,1.2663387260654633
1612,train,1,0,0,0.0,49.80428232195072,0.3333333333333333,370.3602833287764,0.0,0.0,0.0,27.45505293262649,0.5,1.0,1.0
1612,train,0,2,1,-240.0,-1184.964629928867,0.0,-733.3757562327983,0.0,0.0,0.0,-61.797694692957535,0.5,1.0,1.0
1613,train,2,0,1,-240.0,760.3586854144078,0.0,0.0,0.0,0.0,0.0,0.0,0.5,1.0,1.0
1613,train,1,2,0,-60.0,-938.3867575702334,0.0,0.0,0.0,0.0,0.0,0.0,0.5,1.0,1.0
1614,validation,1,0,1,-60.0,102.58026850299166,0.06666666666666667,-155.14789782571057,0.0,-0.5333333333333333,-0.13333333333333336,-9.979343360525874,0.5,1.0,1.0
1614,validation,2,1,0,240.0,608.6184409247758,-0.13333333333333333,563.8391318981387,0.0,0.26666666666666666,0.0,-37.070670433166505,0.5,1.0,1.0
1615,validation,0,1,1,0.0,-556.7446794795136,0.0,0.0,0.0,0.0,0.0,0.0,0.5,1.0739945819476802,0.979164987877781
1615,validation,2,0,0,0.0,165.15365177731618,0.0,0.0,0.0,0.0,0.0,382.7050085344338,0.5,1.0739945819476802,0.979164987877781
1616,train,1,0,0,567.3699322737855,327.44333794411546,-0.26666666666666666,-56.44415169231192,561.3932670867632,0.6666666666666666,0.0,-45.62404494331622,0.5,1.891233107579285,1.6025173122640135
1616,train,0,2,1,-113.4739864547571,-1469.7869780858239,0.0,44.319110183178225,-426.1510225273415,0.0,0.0,17.093719816780336,0.5,1.891233107579285,1.6025173122640135
1617,train,0,2,0,-170.39545929553125,1918.370512406643,0.8000000000000002,0.0,250.62748115058974,0.0,0.0,107.56498215087316,0.5,0.9466414405307292,1.0916326818238509
1617,train,1,2,0,-113.5969728636875,1150.3874586062661,1.2000000000000002,0.0,-143.80984937120664,0.2,0.0,48.07102091362657,0.5,0.9466414405307292,1.0916326818238509
1618,validation,0,1,0,57.4959096402895,228.85014321632661,0.6666666666666667,0.0,19.44839251579826,0.0,0.6000000000000001,131.20605857512015,0.5,0.9582651606714916,0.5348403415634361
1618,validation,1,2,1,-172.48772892086848,-353.63079752143295,-0.3333333333333333,0.0,-25.823246001707837,-0.13333333333333333,0.0,-99.23587671123636,0.5,0.9582651606714916,0.5348403415634361
1619,train,1,0,0,-222.6472596979146,29.63308830684046,-0.2,30.930325287244614,-32.10236783611424,0.0,0.0,44.17434801439104,0.5,1.23692922054397,0.9689881810217784
1619,train,2,0,0,74.21575323263819,1170.0544044349153,-0.13333333333333336,-78.1884837155674,153.9843600892643,0.0,1.0666666666666667,-17.292468968301833,0.5,1.23692922054397,0.9689881810217784
1620,train,2,0,1,-413.1460417423352,-72.24246353562606,0.0,0.0,0.0,0.0,-1.0,0.0,0.5,1.7214418405930634,0.7396480919227191
1620,train,2,1,1,-309.8595313067514,-467.28526529187167,0.0,0.0,0.0,0.0,-2.0,0.0,0.5,1.7214418405930634,0.7396480919227191
1621,train,2,0,1,160.4013228448715,941.9441946156472,0.0,61.85800968963028,-55.03113621672264,0.0,0.0,-52.41079312711015,0.5,1.336677690373929,1.6915803291330245
1621,train,2,1,1,80.20066142243574,-179.71118287851272,0.0,-157.76607572481345,15.204543533376764,0.0,-0.30000000000000004,-138.83319738111376,0.5,1.336677690373929,1.6915803291330245
1622,train,1,0,1,-120.0,1225.9710627162858,0.0,0.0,0.0,0.0,0.0,0.0,0.5,1.0,1.0
1622,train,1,2,1,-780.0,-364.4616727390221,0.0,0.0,0.0,0.0,0.0,0.0,0.5,1.0,1.0
1623,train,1,0,0,165.9817719909842,-237.4810288398518,0.4,-119.56107433280215,264.16453954625354,0.0,-0.4,-0.16128341829728043,0.5,1.3831814332582018,1.208714635359027
1623,train,2,0,0,414.9544299774605,1096.5986725576352,0.0,431.4720184774567,355.3405093237808,0.0,-0.6666666666666667,35.24465713445689,0.5,1.3831814332582018,1.208714635359027
1624,validation,0,1,1,145.6477594566744,68.97885676599701,-0.5,0.0,0.0,0.0,0.0,-105.925311794429,0.5,0.8091542192037466,1.169919572798899
1624,validation,2,0,0,-291.2955189133488,-73.26762192698058,2.0,0.0,0.0,0.16666666666666669,0.0,92.72448140844591,0.5,0.8091542192037466,1.169919572798899
1625,test,1,0,1,-643.168758513356,-461.339643476094,0.0,61.61350618945421,69.55140416953455,0.0,-0.3999999999999999,-20.04774653359045,0.5,1.7865798847593224,0.9970189732998658
1625,test,1,2,1,-107.19479308555934,76.44184373328082,0.0,-61.97242417786117,186.9598476060051,0.0,0.0,-118.46004923809275,0.5,1.7865798847593224,0.9970189732998658
1626,train,1,0,1,291.693868875855,531.1846720515815,0.4,302.73593985427954,-67.98539363942528,0.0,0.0,-40.75264722033285,0.5,1.2153911203160626,0.7209733457776544
1626,train,1,2,1,218.77040165689127,1027.439032422474,-0.4,30.446658229061654,-58.196227036697465,0.0,0.0,7.706761387321073,0.5,1.2153911203160626,0.7209733457776544
1627,train,0,1,1,-1320.0,-538.9392208113668,0.0,1048.497313725143,0.0,-0.6666666666666666,-0.5,0.0,0.5,1.0,1.0
1627,train,2,0,0,360.0,2248.5816395927914,0.0,-427.8321499319568,0.0,0.3333333333333333,0.5,0.0,0.5,1.0,1.0
1628,train,2,0,1,201.3777842456016,255.3775434210597,-0.09523809523809523,36.6036687528135,-174.94281105303028,0.14285714285714285,1.1428571428571428,-19.105788713981987,0.5,0.5593827340155599,0.5858942534290632
1628,train,1,2,0,-167.81482020466797,153.71088509125323,0.19047619047619047,-32.38957730474829,94.56909979941591,-0.14285714285714285,-0.9523809523809523,-42.48616662437121,0.5,0.5593827340155599,0.5858942534290632
1629,test,0,2,0,480.0,2632.903219768973,0.0,455.1047533894043,28.037008569988046,0.0,0.0,93.24922287435585,0.5,1.0,1.0
1629,test,1,2,0,180.0,123.7336933703391,0.0,-159.1856871081269,370.21757469466877,0.3,0.0,94.09217856553585,0.5,1.0,1.0
1630,train,0,1,1,-566.6656651165092,-1921.263531179042,0.23809523809523808,-4.416664698864139,15.54456298439436,-0.19047619047619047,-0.2857142857142857,-12.612640227680917,0.5,1.5740712919903035,1.5306968797570761
1630,train,2,0,0,0.0,925.6058113325905,0.4761904761904761,-15.595175314561189,-12.567316544165237,0.0,0.0,183.52546476005665,0.5,1.5740712919903035,1.5306968797570761
1631,test,0,1,1,-120.0,-90.74562768285296,0.0,0.0,0.0,0.0,0.0,0.0,0.5,1.0,1.0
1631,test,2,0,0,120.0,301.73219116825476,0.0,0.0,0.0,0.0,0.0,0.0,0.5,1.0,1.0
1632,validation,0,1,1,-126.67566074250375,-2814.447503732264,0.6000000000000001,0.0,-349.9757241089984,-0.2,-1.2000000000000002,0.0,0.5,0.5278152530937656,1.3758581036992776
1632,validation,0,2,1,-221.68240629938157,-941.3597505985954,0.19999999999999996,0.0,110.8896386189073,0.0,-0.8000000000000002,0.0,0.5,0.5278152530937656,1.3758581036992776
1633,test,0,2,0,30.45974036095647,619.9829405311674,0.0,0.0,0.0,0.3333333333333333,1.0,0.0,0.5,0.5076623393492745,1.0666170775994839
1633,test,2,1,1,-91.3792210828694,-943.0803467993959,-0.16666666666666666,0.0,0.0,-0.6666666666666666,-0.5,0.0,0.5,0.5076623393492745,1.0666170775994839
1634,train,1,0,0,-180.0,-752.6790719304945,0.0,0.0,0.0,0.0,0.0,0.0,0.5,1.0,1.0
1634,train,2,0,0,-60.0,-1094.2591748901064,0.0,0.0,0.0,0.0,0.0,0.0,0.5,1.0,1.0
1635,train,0,1,0,420.0,951.5415198834312,0.0,0.0,0.0,0.0,0.0,0.0,0.5,1.0,1.0
1635,train,2,1,0,300.0,-16.62561197786954,0.0,0.0,0.0,0.0,0.0,0.0,0.5,1.0,1.0
1636,train,1,0,1,79.6847416612831,94.10156886418666,0.0,55.39382884656827,24.407891134151665,-0.6666666666666666,0.5333333333333333,-48.46015737548458,0.5,1.3280790276880516,1.7321010040512166
1636,train,1,2,1,-239.05422498384928,-1655.2639996150376,0.0,-148.10210930878546,12.474005910459645,0.0,0.0,-174.9787600555978,0.5,1.3280790276880516,1.7321010040512166
1637,train,0,1,1,120.0,-67.93009711214654,0.0,-344.4179836476746,0.0,0.0,0.0,18.673912581949693,0.5,1.0,1.0
1637,train,2,0,0,-60.0,230.2463443370666,0.3333333333333333,5.096074348420714,0.0,0.0,0.0,-11.660211995751666,0.5,1.0,1.0
1638,validation,0,1,0,0.0,-510.7016746378391,0.2,-461.0347672119876,-13.276773820338327,0.0,-0.33333333333333337,18.05102309213038,0.5,1.0847718986409884,0.8748536298885718
1638,validation,1,2,1,0.0,188.06235661444813,-0.2,191.49570036428156,30.030665773806255,0.0,-0.6666666666666665,-7.421988268774911,0.5,1.0847718986409884,0.8748536298885718
1639,train,0,1,1,-73.79526408204981,-645.764287110497,0.0,-421.6963743426513,64.18096767054772,0.0,0.0,0.0,0.5,0.6149605340170817,1.408933858289095
1639,train,2,0,0,36.897632041024906,97.27788135289032,0.0,586.4204921502326,211.95202397792968,0.0,0.0,0.0,0.5,0.6149605340170817,1.408933858289095
1640,train,0,1,0,-138.1273282679607,1151.269423923133,-0.3333333333333333,0.0,0.0,0.0,0.0,236.7441130237103,0.5,1.1510610688996725,1.7569210484623827
1640,train,1,2,1,-69.06366413398035,-924.4419485471334,-0.3333333333333333,0.0,0.0,0.0,0.0,-73.11829001428444,0.5,1.1510610688996725,1.7569210484623827
1641,test,2,0,1,61.82437051748779,2906.4872910484296,0.0,0.0,-1877.73980218552,0.0,0.0,0.0,0.5,0.5152030876457316,1.321368455926773
1641,test,1,2,0,-340.03403784618285,-2811.215185894418,0.0,0.0,837.792226688179,0.0,0.0,0.0,0.5,0.5152030876457316,1.321368455926773
1642,validation,0,2,0,-660.0,252.87108792542585,0.0,1318.780311925185,0.0,0.0,0.0,0.0,0.5,1.0,1.0
1642,validation,1,2,0,-540.0,-491.019615327109,0.0,1276.589937995953,0.0,0.0,0.0,0.0,0.5,1.0,1.0
1643,train,1,0,0,0.0,1451.426345392373,0.3333333333333333,0.0,0.0,0.0,0.0,117.95490701080948,0.5,1.1751328309207174,1.7038336384605195
1643,train,0,2,1,0.0,831.5740219283866,0.0,0.0,0.0,0.0,0.0,-95.4645575147965,0.5,1.1751328309207174,1.7038336384605195
1644,test,1,0,0,60.0,698.6270911204492,0.0,0.0,0.0,0.0,0.0,0.0,0.5,1.0,1.0
1644,test,0,2,1,-420.0,-1181.0007739086013,0.0,0.0,0.0,0.0,0.0,0.0,0.5,1.0,1.0
1645,train,2,0,1,117.37626674602566,512.6520559793234,0.0,0.0,-53.024048929000315,-0.6666666666666666,0.0,0.0,0.5,0.6520903708112537,0.8085899733544099
1645,train,1,2,0,313.00337798940177,122.2177946891902,0.0,0.0,216.48311543116984,0.3333333333333333,0.0,0.0,0.5,0.6520903708112537,0.8085899733544099
1646,train,0,2,0,36.311316046678215,-255.90515169480088,0.2857142857142857,-32.318945456774784,-83.98995864757126,0.0,1.4285714285714286,-84.05190684096277,0.5,0.6051886007779702,0.6337515505977035
1646,train,1,2,0,-108.93394814003464,-1095.7179995713448,0.09523809523809523,-7.35182819295845,-149.05160796587035,0.7619047619047619,0.42857142857142855,45.61620245492091,0.5,0.6051886007779702,0.6337515505977035
1647,validation,2,0,1,-65.32876634952312,87.32780086887193,0.0,0.0,-18.106464202090464,-0.6666666666666666,-0.13333333333333333,-39.5636753848131,0.5,1.088812772492052,0.8859952789045225
1647,validation,1,2,0,65.32876634952312,426.7257705854309,0.06666666666666667,0.0,67.38934193436152,0.3333333333333333,0.4,80.22412138751028,0.5,1.088812772492052,0.8859952789045225
1648,train,1,0,0,180.0,577.0519445099962,0.0,411.3931566140361,-0.8630503898036839,-0.2,1.8666666666666667,8.299937662941403,0.5,1.0,1.0
1648,train,2,0,0,120.0,-524.6412417946153,0.0,119.66249805751318,64.30517756095247,0.2,0.26666666666666666,-5.743329995038749,0.5,1.0,1.0
1649,train,0,1,1,-180.0,-1236.8982359684223,0.0,0.0,0.0,0.0,0.0,0.0,0.5,1.0,1.0
1649,train,0,2,1,-240.0,-1835.5992380759017,0.0,0.0,0.0,0.0,0.0,0.0,0.5,1.0,1.0
1650,train,0,1,1,0.0,1245.3861723704777,0.0,-74.62295164935273,-59.124007749894616,0.0,0.0,26.716044428836483,0.5,1.0,1.0
1650,train,0,2,1,-60.0,939.1064395034136,-0.09523809523809523,-127.47949768587023,-34.27250810506107,0.0,0.23809523809523814,19.64399819016925,0.5,1.0,1.0
1651,train,2,0,1,60.0,882.6149527508537,0.0,-173.88685573946498,0.0,0.0,0.0,-6.3172989373736925,0.5,1.0,1.0
1651,train,2,1,1,-180.0,981.9797663432669,0.0,-252.08786227134408,0.0,0.0,0.0,-27.85355066274866,0.5,1.0,1.0
1652,test,1,0,0,-59.048404493682796,22.463665321716384,0.0,0.0,0.0,0.0,0.0,0.0,0.5,0.9841400748947132,0.8676246814399239
1652,test,0,2,1,-59.048404493682796,370.4808954427189,0.0,0.0,0.0,0.0,0.0,0.0,0.5,0.9841400748947132,0.8676246814399239
1653,validation,1,0,1,-180.0,27.44881848188561,0.0,-834.400334997968,58.687725385987534,0.0,0.0,-233.33952849437455,0.5,1.0,1.0
1653,validation,1,2,1,240.0,453.3247000734591,0.0,-1157.5839961729544,155.80415092617284,0.0,0.0,37.01348866382196,0.5,1.0,1.0
1654,train,1,0,1,51.019335367206175,-936.2773453906995,0.0,-155.24446403673886,-13.809652266802672,-0.4,0.0,14.256070057793067,0.5,0.8503222561201029,0.95978291534763
1654,train,2,1,0,-102.03867073441235,117.5057800856576,0.0,141.6518245323229,308.2716831763808,0.0,0.0,3.506826531608368,0.5,0.8503222561201029,0.95978291534763
1655,train,1,0,1,-60.0,792.9745307071798,0.0,0.0,0.0,0.0,0.0,0.0,0.5,1.0,1.0
1655,train,1,2,1,-540.0,-3135.7313231216403,0.0,0.0,0.0,0.0,0.0,0.0,0.5,1.0,1.0
1656,train,0,2,0,0.0,-355.9974481475935,0.0,15.304237617145418,257.88324155651145,0.0,0.0,92.76848503004123,0.5,0.8577827282904953,0.5034019816029172
1656,train,2,1,1,51.46696369742972,407.3981149322069,0.0,-0.685475223780486,-75.38995063442111,0.0,0.0,10.997466326672967,0.5,0.8577827282904953,0.5034019816029172
1657,validation,1,0,1,66.05997976424415,-2190.0432646132163,0.0,-138.9348258244806,-294.67157927757455,-0.23809523809523808,0.1428571428571428,-22.969649038176883,0.5,0.5504998313687012,1.1897129332692997
1657,validation,2,1,0,-99.08996964636621,383.0505153310323,0.5714285714285714,121.04009469225164,72.24140081618668,0.23809523809523808,-0.1428571428571428,-5.759415931795425,0.5,0.5504998313687012,1.1897129332692997
1658,validation,0,1,0,128.35003383715375,1030.6254730551043,0.0,0.0,330.1311862677408,0.0,0.0,0.0,0.5,0.713055743539743,0.8584635697821579
1658,validation,1,2,1,-128.35003383715375,-775.7609850767268,0.0,0.0,-777.714377944098,0.0,0.0,0.0,0.5,0.713055743539743,0.8584635697821579
1659,train,1,0,0,-323.9956554270773,1467.7289326050222,0.13333333333333336,231.97078633873792,359.4098133909241,0.0,-0.3333333333333335,0.0,0.5,0.5999919544945875,0.7411448399447376
1659,train,0,2,1,107.99855180902576,-1333.9380363352377,0.13333333333333333,-247.54350707615345,-336.37621009821305,0.0,1.3333333333333333,0.0,0.5,0.5999919544945875,0.7411448399447376
1660,train,1,0,0,376.76538713417926,2123.1415065495266,-1.0,0.0,0.0,0.16666666666666666,0.0,116.36273604923954,0.5,1.2558846237805976,1.6395417228863012
1660,train,2,0,0,301.4123097073434,456.1097231835732,-0.6666666666666667,0.0,0.0,0.0,0.0,213.07180557828528,0.5,1.2558846237805976,1.6395417228863012
1661,train,1,0,1,0.0,256.2111571177402,0.0,0.0,0.0,0.0,0.0,0.0,0.5,1.0,1.0
1661,train,1,2,1,0.0,-336.05615810488234,0.0,0.0,0.0,0.0,0.0,0.0,0.5,1.0,1.0
1662,train,1,0,1,-46.25635010424479,-2137.865406760263,-2.0,0.0,0.0,0.0,0.0,0.0,0.5,0.7709391684040798,1.0036404981739147
1662,train,1,2,1,-185.02540041697915,-940.1000985403335,-1.0,0.0,0.0,0.0,0.0,0.0,0.5,0.7709391684040798,1.0036404981739147
1663,train,1,0,1,-369.716585854396,-1237.9235510691167,0.3333333333333333,0.0,-843.1979047994264,0.0,0.0,0.0,0.5,0.5601766452339333,0.9056292609703891
1663,train,1,2,1,-235.27419099825198,-1237.9235510691167,-0.6666666666666666,0.0,-2831.6050100064513,0.0,0.0,0.0,0.5,0.5601766452339333,0.9056292609703891
1664,train,0,1,1,-539.3824452984354,-1544.4238425898131,0.0,-74.2573792077128,60.47817770206194,0.0,0.5999999999999999,0.0,0.5,1.4982845702734318,0.963816923834759
1664,train,0,2,1,-359.58829686562365,-1799.3557623099812,0.0,-80.23047697905315,-301.1213825338293,-0.29999999999999993,-0.19999999999999996,0.0,0.5,1.4982845702734318,0.963816923834759
1665,train,0,2,0,554.3838199726417,1523.2547932340385,0.0,0.0,1244.1498666552184,0.0,0.0,0.0,0.5,1.8479460665754723,1.908599958925951
1665,train,2,1,1,776.1373479616984,-361.237631652779,0.0,0.0,-804.7032704295751,0.0,0.0,0.0,0.5,1.8479460665754723,1.908599958925951
1666,train,1,0,1,34.68625917077487,226.45709367244243,0.0,0.0,0.0,0.0,0.0,-368.30050846710645,0.5,0.5781043195129144,0.983413214127627
1666,train,1,2,1,-277.49007336619894,1208.1293436037997,0.0,0.0,0.0,0.0,0.0,-263.29027832634523,0.5,0.5781043195129144,0.983413214127627
1667,train,0,1,0,0.0,668.1498438929812,0.0,223.20555605817538,0.0,0.0,0.0,24.726514334047735,0.5,1.588955620537984,0.8578665574262303
1667,train,2,1,0,0.0,714.0730520331648,0.0,131.65015522277048,0.0,0.0,0.0,203.74294599220434,0.5,1.588955620537984,0.8578665574262303
1668,train,2,0,1,60.0,27.482824411761612,0.0,0.0,0.0,0.0,0.0,0.0,0.5,1.0,1.0
1668,train,2,1,1,-180.0,428.01903074643724,0.0,0.0,0.0,0.0,0.0,0.0,0.5,1.0,1.0
1669,validation,0,2,0,63.891773395373946,181.69315544532634,0.6666666666666666,77.82839890297755,1.2984584767757852,-0.2,0.0,0.0,0.5,1.0648628899228991,1.0215822266672243
1669,validation,1,2,0,383.3506403722437,711.9892376837869,0.0,53.666180024236226,-20.31011748791275,0.0,-0.2666666666666666,0.0,0.5,1.0648628899228991,1.0215822266672243
1670,train,0,1,1,0.0,-361.59424260767975,0.0,84.20545109544264,-17.69144678695922,0.0,0.0,-19.979267478922992,0.5,0.7374228221256225,0.6207178350633034
1670,train,0,2,1,-176.9814773101494,-512.2853573246989,0.0,-1.962472990842116,-79.34539715649055,-1.2000000000000002,0.0,-30.21151982276004,0.5,0.7374228221256225,0.6207178350633034
1671,validation,1,0,0,78.57990286532836,785.8103596995682,0.5714285714285714,161.931247869745,161.14801693611363,0.0,0.0,4.441168900010151,0.5,0.6548325238777364,1.6084878045992594
1671,validation,0,2,1,-78.57990286532836,-1430.6283549593877,-0.19047619047619047,-12.968175489302439,-43.820629473632614,0.0,-0.14285714285714285,-29.0534314997218,0.5,0.6548325238777364,1.6084878045992594
1672,train,1,0,0,-116.64412861022939,26.23276918405742,0.0,-22.209986431916533,218.67257945508203,0.4761904761904761,0.0,-7.753878291316713,0.5,1.9440688101704897,0.588740460769201
1672,train,2,0,0,466.57651444091755,100.15993797201969,0.14285714285714285,-28.60939602030524,26.292210386055192,-0.23809523809523808,-0.2857142857142857,21.149565360391932,0.5,1.9440688101704897,0.588740460769201
1673,train,0,1,0,-279.16908160119385,-542.7801602951375,0.0,0.0,0.0,0.0,2.0,108.33503482821257,0.5,1.163204506671641,0.70342840268654
1673,train,2,1,0,139.58454080059693,481.9616751660034,0.0,0.0,0.0,0.0,0.666666666666667,101.97629870098496,0.5,1.163204506671641,0.70342840268654
1674,train,0,2,0,132.46409787609423,297.9679180550325,0.0,0.0,0.0,0.16666666666666666,0.0,121.4243385291831,0.5,1.1038674823007852,0.8274287007679644
1674,train,2,1,1,66.23204893804711,-642.006147826319,0.0,0.0,0.0,0.16666666666666666,0.33333333333333337,-143.6980056173569,0.5,1.1038674823007852,0.8274287007679644
1675,validation,0,2,0,-72.35324096163568,-1424.6523191971746,0.4761904761904761,75.43337499017557,-105.14557931888086,0.0,-0.47619047619047616,-3.6100387440946413,0.5,1.2058873493605946,1.0671805840965045
1675,validation,2,1,1,72.35324096163568,711.5280465653002,0.0,-56.089135984746946,-67.70887598482321,-0.09523809523809523,-0.2857142857142857,-46.92167182521332,0.5,1.2058873493605946,1.0671805840965045
1676,train,0,1,1,-84.21720832762412,-1413.4954910964877,-1.0,0.0,0.0,0.0,0.0,0.0,0.5,1.4036201387937353,0.845884807923774
1676,train,2,0,0,757.9548749486171,1610.6671788107262,-0.33333333333333337,0.0,0.0,0.0,-1.333333333333334,0.0,0.5,1.4036201387937353,0.845884807923774
1677,train,0,2,0,31.20589082664364,1766.6760106720653,0.0,160.42708768728582,149.46816860895103,0.0,0.7142857142857142,31.70947637969517,0.5,0.5200981804440606,0.6347372841466283
1677,train,1,2,0,93.61767247993092,533.9690246278029,0.2857142857142857,103.714924983027,44.69471477224424,0.38095238095238093,0.5714285714285714,-9.164419185716778,0.5,0.5200981804440606,0.6347372841466283
1678,train,0,2,0,60.0,-79.25298497536187,0.0,0.0,0.0,0.0,0.0,0.0,0.5,1.0,1.0
1678,train,2,1,1,120.0,-673.8143988227166,0.0,0.0,0.0,0.0,0.0,0.0,0.5,1.0,1.0
1679,test,2,0,1,39.37730649040178,188.62152071286874,0.0,0.0,-966.2969276815221,0.0,0.0,0.0,0.5,0.6562884415066963,1.3478609568929252
1679,test,1,2,0,39.37730649040178,121.1600965348477,0.0,0.0,2216.794743922073,0.0,0.0,0.0,0.5,0.6562884415066963,1.3478609568929252
1680,train,2,0,1,-360.0,956.966270882212,0.0,-48.47181378965183,-8.664189670832009,0.0,0.19999999999999996,0.0,0.5,1.0,1.0
1680,train,2,1,1,-420.0,634.0443943910404,0.0,14.904607923424237,-110.85002491505017,0.0,0.19999999999999996,0.0,0.5,1.0,1.0
1681,train,0,1,0,543.1004339965607,565.8726754011415,0.2,105.84449177709746,81.06297042155742,0.0,0.0,0.0,0.5,1.508612316657113,0.5179144208012817
1681,train,2,1,0,0.0,458.1599166236758,0.0,5.99517509023724,89.18136892956855,0.0,0.0,105.77064736664698,0.5,1.508612316657113,0.5179144208012817
1682,train,1,0,1,-146.6561987084227,-54.70634319274574,0.0,76.38261802932391,228.49268549076712,0.16666666666666666,0.0,0.0,0.5,0.8147566594912372,0.564541752667264
1682,train,1,2,1,0.0,-400.86262227664724,0.0,-36.45653522962061,79.59054930483148,0.0,0.0,0.0,0.5,0.8147566594912372,0.564541752667264
1683,test,1,0,1,-227.49422894284146,-1008.1657930549163,0.0,207.2275291160417,92.82633314969313,-0.13333333333333336,-1.866666666666667,109.87872412831102,0.5,0.9478926205951728,0.8601494094461243
1683,test,2,1,0,56.873557235710365,1484.8740410347646,0.0,108.02973287348556,-28.073746694435002,0.0,0.5333333333333334,-1.3848069740447357,0.5,0.9478926205951728,0.8601494094461243
1684,train,1,0,0,97.21737763490285,685.4319081970174,-0.26666666666666666,983.2016414251366,-32.35083064392006,0.0,1.8,246.12443208155688,0.5,0.8101448136241904,0.9802110008142588
1684,train,2,0,0,291.65213290470854,12.653790229697673,-0.26666666666666666,142.9618085195915,-120.57521673817597,0.0,1.4000000000000001,145.75986864775325,0.5,0.8101448136241904,0.9802110008142588
1685,train,1,0,1,-905.5127409716941,-843.9352071249511,0.0,0.0,0.0,0.3333333333333333,-2.0,0.0,0.5,1.5091879016194902,0.8178732971855032
1685,train,1,2,1,-633.8589186801859,-1927.870235025702,0.0,0.0,0.0,-0.6666666666666666,-4.0,0.0,0.5,1.5091879016194902,0.8178732971855032
1686,train,2,0,1,-32.59488811582291,-3302.2945760007347,0.0,0.0,0.0,-1.0,0.0,0.0,0.5,0.5432481352637152,1.957410247609982
1686,train,2,1,1,-97.78466434746873,-2037.5921313863687,0.0,0.0,0.0,-3.0,0.0,0.0,0.5,0.5432481352637152,1.957410247609982
1687,validation,0,2,0,300.0,571.6113157215382,0.0,0.0,0.0,0.0,0.0,0.0,0.5,1.0,1.0
1687,validation,2,1,1,-480.0,-1150.2228977999189,0.0,0.0,0.0,0.0,0.0,0.0,0.5,1.0,1.0
1688,train,2,0,1,-300.0,-872.5704201713256,0.0,0.0,0.0,0.0,0.0,0.0,0.5,1.0,1.0
1688,train,2,1,1,-360.0,-702.1549043900559,0.0,0.0,0.0,0.0,0.0,0.0,0.5,1.0,1.0
1689,train,0,1,0,-115.73760473639204,-448.27179636017917,0.0,-75.80823152080463,12.563109579337159,0.0,1.2,-56.92896213908422,0.5,0.6429866929799558,0.594801450396736
1689,train,1,2,1,-115.73760473639204,-626.5630097364706,0.0,-1.6452805278715061,33.133085648785816,-0.3333333333333333,-0.6000000000000001,-64.10599564324619,0.5,0.6429866929799558,0.594801450396736
1690,train,0,1,1,-391.5129136211187,238.46033736917659,0.0,0.0,-67.91355647227724,-0.8,0.1,37.36670705836407,0.5,0.8156519033773306,0.6819411538458747
1690,train,0,2,1,-195.75645681055934,31.109405842708362,0.0,0.0,-54.3309864547595,0.0,-0.2,31.98883230030431,0.5,0.8156519033773306,0.6819411538458747
1691,train,1,0,1,0.0,-651.493202726308,0.0,-833.8681828413324,0.0,0.0,0.0,0.0,0.5,1.0,1.0
1691,train,2,1,0,-60.0,44.07896169355308,0.0,100.6826198932913,0.0,0.0,0.0,0.0,0.5,1.0,1.0
1692,train,0,1,1,60.0,-179.24078890733472,-0.4,160.17604254469734,-48.113790472480616,-0.06666666666666667,0.2666666666666666,0.0,0.5,1.0,1.0
1692,train,2,0,0,60.0,-482.32301149444856,0.0,-298.88443390397015,76.09775616244909,0.13333333333333333,0.8,0.0,0.5,1.0,1.0
1693,train,0,1,0,540.0,745.0103698876146,0.0,0.0,0.0,0.0,0.0,0.0,0.5,1.0,1.0
1693,train,1,2,1,-240.0,-1813.982717118456,0.0,0.0,0.0,0.0,0.0,0.0,0.5,1.0,1.0
1694,validation,0,1,0,650.21549366739,679.1600468968732,0.0,153.0616750510943,0.0,0.0,0.0,25.68178909674375,0.5,1.5481321277795,0.5382675120870326
1694,validation,1,2,1,-92.88792766677,-490.86419778984936,0.0,-315.3516409876173,0.0,-1.0,0.0,11.375617766367059,0.5,1.5481321277795,0.5382675120870326
1695,validation,0,1,1,-142.6733288041571,-904.4905089099174,0.0,0.0,0.0,0.0,-0.666666666666667,-172.1721958724687,0.5,0.7926296044675395,1.470977626750277
1695,validation,0,2,1,95.11555253610474,-761.8141624444005,0.0,0.0,0.0,0.0,0.0,-107.59542999828994,0.5,0.7926296044675395,1.470977626750277
1696,train,1,0,0,217.35478878882014,1416.015347048635,0.6666666666666666,0.0,0.0,0.0,0.666666666666667,0.0,0.5,0.603763302191167,0.628369876183355
1696,train,0,2,1,-144.9031925258801,251.0062916669779,-0.6666666666666666,0.0,0.0,0.0,0.6666666666666665,0.0,0.5,0.603763302191167,0.628369876183355
1697,train,0,2,0,-63.0758958590671,377.3209582361534,0.0,-148.46288313298746,0.0,0.0,0.6666666666666666,24.564855596144014,0.5,1.0512649309844517,1.1081263733265576
1697,train,1,2,0,63.0758958590671,-285.25167412593333,0.2,-33.29314855730419,0.0,0.5333333333333333,2.0,-0.03922735729714155,0.5,1.0512649309844517,1.1081263733265576
1698,train,0,1,0,192.57578791779812,596.8423210144545,0.19047619047619047,116.50139101419279,-1.1269435006007171,-0.14285714285714285,0.5714285714285713,8.596461640695647,0.5,1.6047982326483177,1.6714986736836985
1698,train,2,1,0,-288.86368187669717,828.866404281663,0.0,-454.40130543135865,22.765291712218584,0.42857142857142855,0.2857142857142857,-3.9852021449223365,0.5,1.6047982326483177,1.6714986736836985
1699,train,0,1,1,60.0,-465.61080094873296,0.19047619047619047,160.25344253292607,-53.24997744256242,-0.47619047619047616,-0.09523809523809523,-39.63757766060034,0.5,1.0,1.0
1699,train,2,0,0,120.0,518.278558729136,-0.09523809523809523,-47.50083987156381,27.03368985249623,0.0,0.0,-42.48707307011612,0.5,1.0,1.0
1700,test,0,2,0,-87.72391447251118,-466.082963404294,0.0,-55.64767462483144,280.97129694174237,0.0,0.0,-3.7105651875377674,0.5,1.4620652412085198,1.1152672845521383
1700,test,2,1,1,175.44782894502237,-891.8901615112154,-0.8999999999999999,-28.654130248906654,-200.58756348497113,0.0,0.0,-3.3265981678949217,0.5,1.4620652412085198,1.1152672845521383
1701,train,0,2,0,368.9853433298804,779.8963033236802,0.3,-76.52578430310396,3.7262360447712553,0.0,0.0,0.0,0.5,1.2299511444329345,1.5217709212074126
1701,train,2,1,1,-295.1882746639043,-269.6547858081262,-0.3,44.084974593078556,-191.28820159990337,0.0,0.0,0.0,0.5,1.2299511444329345,1.5217709212074126
1702,train,0,1,1,-480.0,-567.710487384019,0.0,0.0,0.0,0.0,0.0,0.0,0.5,1.0,1.0
1702,train,2,0,0,-60.0,-207.6721491946514,0.0,0.0,0.0,0.0,0.0,0.0,0.5,1.0,1.0
1703,train,0,1,0,356.097495908828,-120.73572023218371,-0.5,0.0,0.0,0.5,0.0,0.0,0.5,0.7418697831433917,1.0957842563628528
1703,train,1,2,1,-489.63405687463853,-1291.0907996792005,0.33333333333333337,0.0,0.0,0.0,-1.3333333333333335,0.0,0.5,0.7418697831433917,1.0957842563628528
1704,train,0,2,0,120.0,311.3730637308131,0.0,-165.20541976363774,0.0,0.0,0.0,87.57649248621236,0.5,1.0,1.0
1704,train,2,1,1,-60.0,-334.04462649211973,0.0,-131.4886759895491,0.0,-0.2,0.0,-50.641807898653425,0.5,1.0,1.0
1705,train,1,0,0,170.2431843373043,2370.353266130326,-0.3,327.5438924602716,0.0,0.1,0.0,-75.89732639473576,0.5,0.7093466014054346,0.9800896581863251
1705,train,0,2,1,-297.9255725902825,-2063.465420136102,-0.3,-176.5767330573525,0.0,0.0,0.0,144.45579867116075,0.5,0.7093466014054346,0.9800896581863251
1706,train,2,0,1,-60.0,-65.85404138546437,0.0,0.0,0.0,0.0,0.0,0.0,0.5,1.0,1.0
1706,train,1,2,0,-60.0,485.325557921984,0.0,0.0,0.0,0.0,0.0,0.0,0.5,1.0,1.0
1707,train,0,1,0,660.0,3266.790574752482,0.0,584.4257133756714,0.0,0.0,0.6666666666666667,0.0,0.5,1.0,1.0
1707,train,1,2,1,-180.0,-2552.925826753022,0.0,388.29683298590624,0.0,0.0,-1.9999999999999998,0.0,0.5,1.0,1.0
1708,validation,0,1,1,-322.94236214011283,-920.0907085858589,0.0,-218.24420541659347,82.50850797352737,0.0,0.0,0.0,0.5,0.8970621170558689,1.5288888226750734
1708,validation,0,2,1,161.47118107005642,-1647.181866500704,0.0,-465.0116328645378,29.671589055384857,0.0,0.0,0.0,0.5,0.8970621170558689,1.5288888226750734
1709,train,2,0,1,-240.0,257.59616833294194,0.0,-48.49232568584307,0.0,0.0,0.0,0.0,0.5,1.0,1.0
1709,train,1,2,0,120.0,-827.8676490868988,0.0,54.27792057292072,0.0,0.0,0.0,0.0,0.5,1.0,1.0
1710,train,2,0,1,-180.0,-882.6295416754965,0.0,0.0,0.0,0.0,0.0,0.0,0.5,1.0,1.0
1710,train,1,2,0,-120.0,-719.5096536928477,0.0,0.0,0.0,0.0,0.0,0.0,0.5,1.0,1.0
1711,train,1,0,0,-223.32947565085172,-345.12703625673237,0.0,0.0,0.0,0.0,0.0,0.0,0.5,1.8610789637570977,0.6007955220988894
1711,train,2,0,0,-223.32947565085172,-206.288703258719,0.0,0.0,0.0,0.0,0.0,0.0,0.5,1.8610789637570977,0.6007955220988894
1712,test,1,0,0,104.72530410092591,217.10879403789005,0.5714285714285714,255.93008102306845,0.19295703982731993,-0.38095238095238093,-0.047619047619047616,-6.353282455300757,0.5,0.5818072450051439,0.7530034030463025
1712,test,2,0,0,69.81686940061726,310.67414880068617,0.5714285714285714,-227.34792731103283,136.44369664309266,-0.5714285714285714,0.09523809523809523,55.030314258574585,0.5,0.5818072450051439,0.7530034030463025
1713,train,0,1,1,-112.67578143304091,-247.54745833824066,0.0,0.0,0.0,0.0,0.0,-50.87678369691731,0.5,1.877929690550682,0.9758684380884705
1713,train,2,0,0,450.70312573216364,-54.290404923118416,0.0,0.0,0.0,0.0,0.0,-62.84054617785994,0.5,1.877929690550682,0.9758684380884705
1714,validation,1,0,1,-120.0,1315.5586390855624,0.0,0.0,0.0,0.0,0.0,0.0,0.5,1.0,1.0
1714,validation,2,1,0,540.0,-2393.122857229084,0.0,0.0,0.0,0.0,0.0,0.0,0.5,1.0,1.0
1715,train,0,1,1,60.0,469.04944874400826,0.0,-156.66356575486134,0.0,0.0,0.0,0.0,0.5,1.0,1.0
1715,train,0,2,1,-600.0,-117.29881894052687,0.0,-151.0005846429899,0.0,0.0,0.0,0.0,0.5,1.0,1.0
1716,validation,0,1,1,-33.903937855297755,-755.5519556795965,-0.19047619047619047,-85.61993801364572,-25.20542692206822,0.0,0.5714285714285713,0.9879018047003345,0.5,0.5650656309216292,1.3106177077438754
1716,validation,0,2,1,-33.903937855297755,-682.3385624428073,-0.5714285714285714,-30.355712508786254,-37.046492035523336,0.0,-0.2857142857142858,0.9879018047003345,0.5,0.5650656309216292,1.3106177077438754
1717,validation,0,1,0,-224.5835405348072,-1248.643477750758,0.0,254.3191782925947,-135.09470286724712,0.0,2.0,0.0,0.5,0.6238431681522423,1.7119434411531307
1717,validation,1,2,1,-262.01413062394175,-4668.660206782853,0.0,-467.21232272190446,-70.89838600331234,0.0,-0.5,0.0,0.5,0.6238431681522423,1.7119434411531307
1718,train,2,0,1,-142.1543624973506,-821.9331534006257,-0.23809523809523808,2.661030288087659,-176.87605403707235,-0.5714285714285714,-1.2857142857142856,-8.221576911771841,0.5,1.1846196874779218,0.584056429896687
1718,train,2,1,1,284.3087249947012,696.3206416364642,0.0,17.693083011639374,-131.46250729186113,-0.2857142857142857,-0.8571428571428572,9.709315686757723,0.5,1.1846196874779218,0.584056429896687
1719,train,0,1,0,120.0,-703.0830857859078,0.0,35.54860645619476,1.8912139324034172,0.0,0.0,-1.5239637800151824,0.5,1.0,1.0
1719,train,2,1,0,420.0,-93.63416392476893,0.0,234.6243788695441,276.6393789535353,0.0,0.8999999999999999,8.357110353293175,0.5,1.0,1.0
1720,train,0,1,1,60.0,534.1687345138844,0.0,0.0,0.0,0.0,0.0,0.0,0.5,1.0,1.0
1720,train,0,2,1,60.0,-552.5418110916135,0.0,0.0,0.0,0.0,0.0,0.0,0.5,1.0,1.0
1721,train,2,0,1,-256.9273076272868,-3494.2189679126395,0.0,0.0,-256.0706276034314,0.0,0.0,77.69332776506718,0.5,0.5352652242235141,1.3212994052175298
1721,train,1,2,0,-32.11591345341085,-949.93073272726,0.0,0.0,10.137964122870727,0.0,0.0,326.9776378611477,0.5,0.5352652242235141,1.3212994052175298
1722,train,1,0,1,0.0,-965.7209881966337,0.0,-724.6710650999394,71.41325343843232,0.0,0.0,-8.464169540185367,0.5,1.0,1.0
1722,train,1,2,1,-780.0,-1071.4422531348282,0.0,-267.40910744281075,69.17765749592078,0.0,0.0,10.898618374124254,0.5,1.0,1.0
1723,train,1,0,1,-130.1065234398554,402.72678234079,0.09523809523809523,-229.63713596918998,-39.54079549502134,0.0,0.38095238095238093,-156.76418064184682,0.5,0.7228140191103078,0.7177059281453683
1723,train,2,1,0,130.1065234398554,-295.99503897793124,-0.09523809523809523,398.90028915612857,-117.09537831509796,0.047619047619047616,0.0,144.13115555508728,0.5,0.7228140191103078,0.7177059281453683
1724,test,2,0,1,60.0,134.2222372651031,0.0,-201.47625346221048,0.0,0.0,0.0,-35.540745807565244,0.5,1.0,1.0
1724,test,1,2,0,0.0,630.1488700794166,0.0,471.54572191520947,0.0,0.0,0.0,7.0013809549924275,0.5,1.0,1.0
1725,train,0,2,0,178.53955230994126,1190.2461519640228,0.2,0.0,242.76934270630213,0.0,2.8,-75.93806374840115,0.5,0.743914801291422,0.5681429994297345
1725,train,1,2,0,89.26977615497063,505.8937077193871,0.30000000000000004,0.0,199.298919870451,0.0,0.8,-97.62788762897308,0.5,0.743914801291422,0.5681429994297345
1726,train,1,0,1,87.66028260443,-1448.408243726207,0.0,0.0,-1251.766146227067,0.0,0.0,0.0,0.5,1.4610047100738333,1.5972075867133042
1726,train,2,1,0,-350.64113041772,360.470436155489,0.0,0.0,294.6837867428234,0.0,0.0,0.0,0.5,1.4610047100738333,1.5972075867133042
1727,train,0,2,0,60.0,524.9808443688275,0.0,304.60650890533265,0.0,0.0,0.6666666666666666,0.0,0.5,1.0,1.0
1727,train,1,2,0,-60.0,0.0,0.0,-20.501612173495175,0.0,0.0,0.0,0.0,0.5,1.0,1.0
1728,test,1,0,1,0.0,-323.4877920709849,0.6666666666666667,126.30757663133974,-410.41830899456704,0.0,0.0,0.0,0.5,0.7988644104935472,0.9600762205163365
1728,test,1,2,1,-95.86372925922566,-210.14333127820413,0.6666666666666667,-34.15108788706172,-388.335685074519,0.0,0.0,0.0,0.5,0.7988644104935472,0.9600762205163365
1729,train,0,2,0,76.39608223990679,614.9474801995573,0.06666666666666668,-81.16132716044336,-55.746173483289,0.3333333333333333,0.0,63.91970060890625,0.5,1.2732680373317797,1.5432530938135265
1729,train,2,1,1,0.0,501.7317684481403,0.0,291.25113141808043,4.902779844063403,-0.6666666666666666,0.0,-48.04285111547559,0.5,1.2732680373317797,1.5432530938135265
1730,validation,2,0,1,-60.0,794.7987231015495,0.0,0.0,0.0,0.0,0.0,0.0,0.5,1.0,1.0
1730,validation,2,1,1,60.0,957.0906374515062,0.0,0.0,0.0,0.0,0.0,0.0,0.5,1.0,1.0
1731,train,0,1,1,116.43220744971983,-36.0990852811336,0.0,0.0,0.0,0.0,0.0,-207.92875676094866,0.5,1.9405367908286637,0.8405833067119516
1731,train,2,0,0,349.29662234915946,-243.94662937861233,0.0,0.0,0.0,0.0,0.0,521.5734049014716,0.5,1.9405367908286637,0.8405833067119516
1732,train,2,0,1,243.94654942063116,-577.3377123274479,0.047619047619047616,-261.0599488441344,-276.19033506685594,0.0,-0.23809523809523803,3.3698068773750762,0.5,1.3552586078923954,1.3322167544531205
1732,train,2,1,1,-162.63103294708745,-1105.8749599175692,-0.09523809523809523,-14.668137519054426,157.19754417405062,0.14285714285714285,-1.1904761904761902,-9.124432158200747,0.5,1.3552586078923954,1.3322167544531205
1733,test,1,0,1,-148.49454226872186,-520.7631690479998,0.0,0.0,0.0,0.0,0.0,-32.677072533200864,0.5,0.6187272594530078,0.7613946239329112
1733,test,2,1,0,74.24727113436093,-167.11548095524248,0.0,0.0,0.0,0.0,0.6666666666666667,114.20872399864527,0.5,0.6187272594530078,0.7613946239329112
1734,train,2,0,1,-63.257454356409276,199.79034230757796,0.0,0.0,0.0,0.0,-2.6666666666666665,6.852661765530229,0.5,0.5271454529700773,0.5405715185137608
1734,train,2,1,1,-158.1436358910232,-153.53040823760682,0.0,0.0,0.0,0.0,-2.6666666666666665,93.8117368967846,0.5,0.5271454529700773,0.5405715185137608
1735,validation,1,0,0,372.3121369845299,-140.12746536309965,0.0,0.0,0.0,0.0,3.0,0.0,0.5,1.2410404566150997,0.8548716848587434
1735,validation,2,0,0,-74.46242739690598,102.33978016404794,0.0,0.0,0.0,0.0,7.0,0.0,0.5,1.2410404566150997,0.8548716848587434
1736,train,1,0,1,-120.0,-442.1657016540835,0.0,57.14647494731042,-7.279719031173693,0.09523809523809523,-0.38095238095238093,-20.607662884648114,0.5,1.0,1.0
1736,train,1,2,1,-120.0,-401.89786753682347,0.0,50.892182322854865,-38.540298580170926,0.19047619047619047,-0.19047619047619047,-49.85396083853687,0.5,1.0,1.0
1737,train,0,1,0,687.6174188452356,1029.248382263714,0.0,64.58542973566219,376.1125625977038,0.0,1.2000000000000002,-17.059551307487887,0.5,1.146029031408726,0.6726655328806409
1737,train,1,2,1,68.76174188452356,501.7949530111277,0.0,-460.9063078817953,-265.08894969514216,0.0,0.5999999999999999,-51.59084299141055,0.5,1.146029031408726,0.6726655328806409
1738,train,0,2,0,-173.4816407444865,-55.83205333371994,0.0,-96.38628106192277,0.0,0.0,0.0,10.925272092599187,0.5,0.963786893024925,0.5467953528116879
1738,train,2,1,1,115.654427162991,-543.0371626022364,0.0,-289.98462302409644,0.0,0.0,0.0,-38.1551354494901,0.5,0.963786893024925,0.5467953528116879
1739,train,1,0,0,0.0,-175.76490181553137,0.0,0.0,0.0,0.0,2.0,0.0,0.5,0.8649622435514197,0.5300978248097463
1739,train,0,2,1,207.59093845234074,-161.71802742568795,0.0,0.0,0.0,0.0,-3.0,0.0,0.5,0.8649622435514197,0.5300978248097463
1740,test,0,1,1,226.7827970767699,-300.9621035084011,-0.2,0.0,-119.72780073600394,-0.3333333333333333,0.06666666666666665,-58.733481519487775,0.5,0.5399590406589759,0.9346095301197775
1740,test,0,2,1,161.9877121976928,-835.5361726594265,-0.4,0.0,-15.104173989053209,-0.3333333333333333,0.06666666666666665,-90.11946801790526,0.5,0.5399590406589759,0.9346095301197775
1741,validation,0,1,0,98.25246394490739,-1128.4151012175619,0.4,0.0,0.0,1.2,-1.6,21.645496130443185,0.5,0.8187705328742283,0.9689617882804012
1741,validation,2,1,0,-49.126231972453695,-131.75604111244195,0.8,0.0,0.0,1.2,1.1999999999999997,76.23874802935657,0.5,0.8187705328742283,0.9689617882804012
1742,test,2,0,1,118.12089142458615,-892.3183987706891,-0.06666666666666667,131.1495252880666,-156.8781416309685,0.0,0.5333333333333334,-96.0993042017603,0.5,1.9686815237431023,0.9915477471822421
1742,test,2,1,1,-590.6044571229307,-998.3690191761752,0.0,172.44490390130193,-138.77332065654497,0.0,-0.5333333333333332,-147.35905265495168,0.5,1.9686815237431023,0.9915477471822421
1743,train,0,2,0,256.6709053661258,750.3050873489427,0.0,-25.50704454762905,4.438821755505007,0.0,-0.2857142857142857,3.8130400145103627,0.5,0.8555696845537527,0.8074496170089432
1743,train,1,2,0,154.0025432196755,814.6577797229223,0.5714285714285714,37.3297035488152,122.53404922956582,0.0,0.1428571428571428,7.767108703502903,0.5,0.8555696845537527,0.8074496170089432
1744,train,1,0,0,73.84320124989456,604.206893250589,0.0,0.0,743.6216741837893,0.0,0.0,-41.626513671809505,0.5,1.230720020831576,0.9248857192481299
1744,train,0,2,1,-369.2160062494728,302.3587565021924,0.0,0.0,-266.33573267597666,0.0,0.0,28.150665506745895,0.5,1.230720020831576,0.9248857192481299
1745,test,0,2,0,300.0,1102.0211996635667,0.0,348.55902256972195,0.0,0.0,0.0,0.0,0.5,1.0,1.0
1745,test,1,2,0,-60.0,-180.08491155441152,0.0,173.55471735068147,0.0,0.0,0.0,0.0,0.5,1.0,1.0
1746,train,0,1,0,410.3453911473425,525.0229174263989,0.0,0.0,0.0,0.0,0.0,149.0974082748649,0.5,0.6839089852455709,0.5017358788235803
1746,train,1,2,1,-41.03453911473425,-354.2900203532606,0.0,0.0,0.0,0.0,0.0,-27.000793972236256,0.5,0.6839089852455709,0.5017358788235803
1747,train,0,1,0,0.0,-21.818136207176025,0.0,0.0,11.877878120516584,0.0,0.5,34.955803566630294,0.5,1.2945220881127668,0.6632455322002608
1747,train,1,2,1,-1165.0698793014901,-884.1896997110359,0.0,0.0,246.9596440309016,0.0,-2.0,-224.43875559892348,0.5,1.2945220881127668,0.6632455322002608
1748,train,1,0,0,-31.077807828101406,-189.4687203722813,0.0,0.0,1460.0013145791368,0.0,0.0,0.0,0.5,0.5179634638016901,0.9753068746950169
1748,train,2,0,0,-124.31123131240562,1136.0152789499161,0.0,0.0,497.44733560514527,0.0,0.0,0.0,0.5,0.5179634638016901,0.9753068746950169
1749,test,1,0,1,-60.0,221.1840894920192,0.0,0.0,0.0,0.0,0.0,0.0,0.5,1.0,1.0
1749,test,1,2,1,-360.0,-432.7327482470969,0.0,0.0,0.0,0.0,0.0,0.0,0.5,1.0,1.0
1750,train,2,0,1,-200.86152880162896,246.2957991655739,0.0,144.87648891697026,0.0,0.0,0.0,-120.00079298503834,0.5,0.836923036673454,0.6853960621015833
1750,train,1,2,0,50.21538220040724,207.70670882809478,0.0,-117.47927774101026,0.0,0.0,-1.0,129.20482885115908,0.5,0.836923036673454,0.6853960621015833
1751,train,1,0,0,0.0,527.9353935720123,0.0,0.0,0.0,0.0,0.0,422.7410672874999,0.5,0.9925014265511649,0.5584903165466754
1751,train,2,0,0,119.10017118613979,971.4208680071863,0.0,0.0,0.0,0.0,0.0,565.0892429172951,0.5,0.9925014265511649,0.5584903165466754
1752,test,0,1,0,780.0,716.6929824626432,0.0,0.0,0.0,0.0,0.0,0.0,0.5,1.0,1.0
1752,test,1,2,1,-420.0,-721.481703973479,0.0,0.0,0.0,0.0,0.0,0.0,0.5,1.0,1.0
1753,train,0,2,0,493.64283985182874,525.1682525763562,0.0,9.240935363141602,32.899407536156545,0.2,0.0,51.390117266967195,0.5,0.9141534071330162,0.5866721433984864
1753,train,2,1,1,-383.9444309958668,-484.53681255465295,-0.26666666666666666,10.570350303818884,-44.14526039209403,-0.2,0.0,-17.227778926506303,0.5,0.9141534071330162,0.5866721433984864
1754,train,1,0,1,-180.0,49.76479206228032,0.0,-445.2066361190729,0.0,-0.16666666666666666,0.0,0.0,0.5,1.0,1.0
1754,train,1,2,1,-540.0,-920.2830816589312,0.0,-1079.2110198204591,0.0,0.0,-0.33333333333333326,0.0,0.5,1.0,1.0
1755,train,0,1,0,360.0,605.8966474820272,0.0,7.448442680863764,0.0,0.0,0.0,0.0,0.5,1.0,1.0
1755,train,2,1,0,180.0,630.2486037491399,0.0,349.7173559138739,0.0,0.0,0.0,0.0,0.5,1.0,1.0
1756,train,0,2,0,-122.90295745996231,1622.783346196817,0.0,0.0,1949.37660170064,0.0,0.0,0.0,0.5,0.6827942081109017,1.3273576996144918
1756,train,2,1,1,-286.7735674065787,-2373.022053626091,0.0,0.0,-1320.9488956758373,0.0,0.0,0.0,0.5,0.6827942081109017,1.3273576996144918
1757,train,0,1,0,60.0,-157.4242801554583,0.1,392.3343150258369,0.0,0.3,0.0,0.0,0.5,1.0,1.0
1757,train,1,2,1,-180.0,-1360.3924547157667,0.0,-803.3292840176974,0.0,0.3,0.40000000000000013,0.0,0.5,1.0,1.0
1758,train,1,0,0,-155.1343480332951,361.2965479722842,0.0,138.83336064762466,0.0,0.0,0.0,272.02222756142004,0.5,1.2927862336107927,0.7611583531009563
1758,train,2,0,0,77.56717401664756,720.2253388363642,0.0,-58.595694167883835,0.0,0.0,0.0,102.62064763575576,0.5,1.2927862336107927,0.7611583531009563
1759,train,0,1,1,0.0,352.2657232859234,0.0,125.5037041821127,-309.9868150590147,0.0,0.0,0.0,0.5,0.6221514953484139,0.5579920543605605
1759,train,0,2,1,0.0,407.09390899172735,0.0,-97.7531990944795,-213.24864972581722,0.0,0.0,0.0,0.5,0.6221514953484139,0.5579920543605605
1760,train,1,0,1,0.0,-641.9459233086152,0.0,-7.454049986040133,-26.52211324720151,0.0,-1.2000000000000002,-68.20487491888171,0.5,1.4095034689080128,0.8991404397383451
1760,train,2,1,0,-84.57020813448077,229.87786234902794,0.0,20.113573861881918,31.061155477882828,0.0,0.8000000000000002,27.981850218522595,0.5,1.4095034689080128,0.8991404397383451
1761,train,1,0,0,0.0,611.0593903717199,0.3,5.402786047041673,99.21746600098548,0.2,0.0,0.0,0.5,1.315609356028125,1.1652592729328255
1761,train,0,2,1,-868.3021749785626,-1341.2769760500955,-1.5,-51.967779173421576,-366.75482413542034,0.0,0.0,0.0,0.5,1.315609356028125,1.1652592729328255
1762,train,1,0,1,-240.0,-902.1103530542077,0.2,-161.11126903075922,-144.5646196556642,0.0,0.8999999999999999,0.0,0.5,1.0,1.0
1762,train,2,1,0,-60.0,-0.3151731721700344,0.0,233.13901710753885,-42.22415877637488,0.0,0.0,0.0,0.5,1.0,1.0
1763,train,0,1,1,0.0,664.0139861569173,0.0,132.97685719942254,105.01292344198237,-0.23809523809523808,-0.047619047619047616,-2.825962758930143,0.5,1.2198191190591376,1.0114602014920648
1763,train,2,0,0,292.756588574193,-371.8763997662179,0.2857142857142857,-201.41585314945485,-29.680154690747344,0.0,0.19047619047619047,57.687800256362785,0.5,1.2198191190591376,1.0114602014920648
1764,test,0,1,0,598.9234241283015,850.3616859994098,1.7142857142857142,-60.4002100804104,107.39233993902263,0.19047619047619047,0.0,45.25126796124522,0.5,1.996411413761005,1.3413128221252286
1764,test,2,1,0,1317.6315330822633,194.26206474206646,0.5714285714285714,-97.24127556309233,334.3199984092446,0.0,-0.047619047619047616,32.796222330016185,0.5,1.996411413761005,1.3413128221252286
1765,train,1,0,0,-149.47011467674048,176.29027495857275,0.0,0.0,-1.430492493060651,0.0,0.5999999999999999,0.0,0.5,0.8303895259818915,1.2768811882150704
1765,train,0,2,1,-49.82337155891349,-995.7615893450334,0.0,0.0,-30.267614471840186,0.0,-0.8999999999999999,0.0,0.5,0.8303895259818915,1.2768811882150704
1766,train,0,2,0,-76.81437124643305,-340.4599467660804,0.0,-132.2438520118609,440.01802339350877,0.0,-0.16666666666666674,0.0,0.5,1.2802395207738841,0.5904442252933166
1766,train,1,2,0,0.0,-143.75292604936106,0.0,-137.92323084112934,122.44998514921295,0.0,-0.6666666666666666,0.0,0.5,1.2802395207738841,0.5904442252933166
1767,test,0,1,0,1243.3852253580178,3564.280425341587,0.0,0.0,0.0,0.0,0.0,0.0,0.5,1.726923924108358,1.4822337192045327
1767,test,1,2,1,-207.23087089300296,449.5808620750505,0.0,0.0,0.0,-1.0,0.0,0.0,0.5,1.726923924108358,1.4822337192045327
1768,train,0,1,1,-120.0,-352.4011986224955,0.0,0.0,0.0,0.0,0.0,0.0,0.5,1.0,1.0
1768,train,2,0,0,60.0,-49.27609854460479,0.0,0.0,0.0,0.0,0.0,0.0,0.5,1.0,1.0
1769,train,0,1,1,-2823.93315038797,-2805.1425073599594,-0.5333333333333334,-31.590779441301933,67.28260562735093,0.2,0.2666666666666666,0.0,0.5,1.426228863832308,1.0012113521494364
1769,train,2,0,0,0.0,-35.80786500713502,1.0666666666666667,-72.6575711271212,229.62883403450826,0.0,-0.1333333333333333,0.0,0.5,1.426228863832308,1.0012113521494364
1770,train,1,0,0,1579.314673652023,303.2257290558892,0.3333333333333333,0.0,0.0,0.0,0.0,0.0,0.5,1.7547940818355812,0.5623880917385907
1770,train,2,0,0,1474.0270287418882,-66.22094172991088,0.0,0.0,0.0,-1.3333333333333333,0.0,0.0,0.5,1.7547940818355812,0.5623880917385907
1771,validation,0,1,0,-37.88267982784115,-496.46050211295847,0.0,0.0,266.91642838442294,0.0,-0.16666666666666652,317.8481097593379,0.5,0.6313779971306859,0.9185765078713912
1771,validation,2,1,0,75.7653596556823,-299.85417501782223,0.0,0.0,305.0708849500192,0.0,-0.6666666666666665,157.17230472506492,0.5,0.6313779971306859,0.9185765078713912
1772,test,0,1,0,52.53411857334589,-664.519671164991,0.0,0.0,0.0,0.0,0.0,0.0,0.5,0.8755686428890982,1.0228372087720652
1772,test,2,1,0,-420.27294858676714,-381.3546088748301,0.0,0.0,0.0,0.0,2.0,0.0,0.5,0.8755686428890982,1.0228372087720652
1773,train,0,1,0,180.0,989.634082055929,0.0,0.0,0.0,0.0,0.0,0.0,0.5,1.0,1.0
1773,train,1,2,1,-60.0,-444.2847917053955,0.0,0.0,0.0,0.0,0.0,0.0,0.5,1.0,1.0
1774,test,1,0,0,808.3398110635538,162.45411101144953,-0.2,0.0,0.0,0.4,-0.3,96.7730141391623,0.5,1.4969255760436182,0.5225361645465405
1774,test,0,2,1,-628.7087419383197,-185.8400295646168,-0.2,0.0,0.0,-0.4,-0.20000000000000007,-66.70939676194794,0.5,1.4969255760436182,0.5225361645465405
1775,train,0,1,1,-60.0,-1206.2437782197549,0.19047619047619047,-142.47324418167636,-105.448459639028,0.0,0.2857142857142857,-23.394147645486235,0.5,1.0,1.0
1775,train,2,0,0,-180.0,356.06321954362875,0.19047619047619047,187.9035941548844,-97.43139450642482,0.0,-0.7142857142857142,4.582717636997599,0.5,1.0,1.0
1776,test,0,1,0,120.0,998.9824569193429,0.0,130.63529330617996,0.0,0.0,0.0,0.0,0.5,1.0,1.0
1776,test,1,2,1,-240.0,-439.44127330951324,0.0,-10.72135570343039,0.0,-0.3333333333333333,0.0,0.0,0.5,1.0,1.0
1777,train,0,2,0,258.04075815635633,378.8334636115383,0.0,0.0,0.0,0.5,1.0,23.216413674777712,0.5,1.433559767535313,0.627749597310755
1777,train,1,2,0,344.0543442084751,411.9606005680768,0.0,0.0,0.0,0.5,-0.33333333333333337,48.797799923847435,0.5,1.433559767535313,0.627749597310755
1778,test,1,0,1,386.7768089879403,3002.778299456444,0.33333333333333326,585.9713220201709,0.0,0.0,0.0,-262.0799689739725,0.5,1.0743800249665008,1.2121786678951343
1778,test,2,1,0,451.2396104859303,459.63379563535324,-0.6666666666666666,-220.13740752357756,0.0,0.0,0.0,172.7861688653615,0.5,1.0743800249665008,1.2121786678951343
1779,validation,1,0,1,410.7336055291905,-1167.8011409430685,0.0,211.39195615356863,-467.02258551936126,-0.4,-0.26666666666666666,0.0,0.5,0.6845560092153176,1.4962170314837537
1779,validation,2,1,0,-246.44016331751433,2471.624059645462,-0.3333333333333333,-75.07916186459366,249.755951606766,0.4,0.4666666666666666,0.0,0.5,0.6845560092153176,1.4962170314837537
1780,train,0,1,1,-495.32920487054884,-1065.4233948046697,-1.3333333333333333,0.0,0.0,0.3333333333333333,-1.0,0.0,0.5,1.03193584348031,1.124590229036458
1780,train,0,2,1,-61.916150608818604,-391.7599519549639,0.0,0.0,0.0,0.3333333333333333,-1.0,0.0,0.5,1.03193584348031,1.124590229036458
1781,validation,2,0,1,184.61379385144335,-594.7603096594437,0.0,0.0,0.0,0.0,0.0,0.0,0.5,1.5384482820953613,0.7404933994713616
1781,validation,1,2,0,-184.61379385144335,799.5847110111207,0.0,0.0,0.0,0.3333333333333333,0.0,0.0,0.5,1.5384482820953613,0.7404933994713616
1782,validation,0,2,0,900.0,889.7542811456433,0.0,0.0,0.0,0.0,0.0,0.0,0.5,1.0,1.0
1782,validation,2,1,1,-420.0,-2780.9306809308628,0.0,0.0,0.0,0.0,0.0,0.0,0.5,1.0,1.0
1783,test,1,0,0,180.0,53.17070876568869,0.0,-251.1032697066289,-78.1375009219708,0.0,2.6999999999999997,-66.4579057909041,0.5,1.0,1.0
1783,test,0,2,1,-60.0,495.60861594631933,0.0,430.9575192859486,-43.234656690673404,0.0,-1.1999999999999997,-123.20837591010792,0.5,1.0,1.0
1784,test,0,1,1,-60.0,-73.47310600788569,0.047619047619047616,-239.9617377796332,-111.63490420021644,0.0,-0.7142857142857142,19.34966614214327,0.5,1.0,1.0
1784,test,2,0,0,-60.0,-325.42984746070215,-0.047619047619047616,-61.95716134571303,113.44724154896626,0.19047619047619047,-0.4761904761904761,-12.09468317687763,0.5,1.0,1.0
1785,train,0,2,0,77.77027454896289,1001.3315401150255,0.4,0.0,80.69353968407539,0.0,-0.3999999999999999,-28.86717028343628,0.5,0.6480856212413574,1.405391754039175
1785,train,1,2,0,77.77027454896289,1353.1896658725368,0.4,0.0,108.51198796239926,0.0,0.20000000000000018,-6.093105784763914,0.5,0.6480856212413574,1.405391754039175
1786,train,1,0,1,0.0,763.4431537676778,0.0,402.14545199968256,-16.104132010174652,0.0,0.0,52.86440161664783,0.5,1.0,1.0
1786,train,2,1,0,0.0,-728.6625960790789,0.47619047619047616,-494.8245676217897,78.05155493401443,0.0,0.2857142857142857,-15.438848058864814,0.5,1.0,1.0
1787,train,0,1,1,375.6602543400663,-1949.171409352183,-0.13333333333333336,191.94845989830128,-19.72131626215374,0.0,-0.8,-99.41259826292853,0.5,1.252200847800221,1.5979653032505927
1787,train,0,2,1,225.39615260403977,-1398.0656718810783,0.26666666666666666,320.55944271686946,-124.08829661308624,0.0,-3.2,74.998041462971,0.5,1.252200847800221,1.5979653032505927
1788,train,1,0,0,1446.981952812182,3248.1020440459774,0.20000000000000007,0.0,229.6149801906824,-0.2,0.0,-184.89762096864058,0.5,1.418609757659002,1.7257383651361389
1788,train,0,2,1,-1872.5648801098826,-1930.34693437377,0.0,0.0,70.5836969832987,0.30000000000000004,0.0,78.82385869766551,0.5,1.418609757659002,1.7257383651361389
1789,train,0,1,0,326.791539935495,113.79854156070259,0.0,0.0,303.2043169952904,0.0,0.0,0.0,0.5,1.8155085551971943,0.5484376054968007
1789,train,1,2,1,-762.5135931828216,-312.31275236709814,0.0,0.0,-833.1510184819451,0.0,0.0,0.0,0.5,1.8155085551971943,0.5484376054968007
1790,train,0,2,0,108.85167612347271,2152.4460787858375,0.0,179.5041601128212,-108.35129596888977,0.19047619047619047,0.0,34.859807203477914,0.5,0.9070973010289393,0.9889268049638331
1790,train,1,2,0,54.42583806173636,1028.2275663435275,-0.23809523809523808,285.82373961123324,-29.469714169272237,0.09523809523809523,0.23809523809523808,-50.50349844612022,0.5,0.9070973010289393,0.9889268049638331
1791,test,0,1,1,69.01875386214334,0.0,0.0,0.0,0.0,0.0,0.0,-175.43259451858071,0.5,0.5751562821845279,1.1718204355335065
1791,test,2,0,0,69.01875386214334,310.017047193819,0.0,0.0,0.0,0.0,0.0,231.71072738373397,0.5,0.5751562821845279,1.1718204355335065
1792,train,1,0,1,-206.52847660694562,-138.65906738106904,0.5714285714285714,190.3250903877414,140.2376174326152,-0.38095238095238093,-1.0,-2.531607509625294,0.5,0.8605353191956068,0.7562675391576084
1792,train,2,1,0,258.160595758682,33.3416589671994,0.0,-50.40630860590221,212.996774121487,0.19047619047619047,0.0,23.616292208757486,0.5,0.8605353191956068,0.7562675391576084
1793,train,1,0,0,120.0,264.98612069381034,0.0,214.94545643164952,0.0,0.0,-0.30000000000000004,0.0,0.5,1.0,1.0
1793,train,2,0,0,300.0,1214.6262559087863,-0.1,1158.3688143312052,0.0,0.4000000000000001,2.4,0.0,0.5,1.0,1.0
1794,train,1,0,1,146.5871231791711,411.83371939964394,0.0,-168.6210573698869,4.776068310881094,0.0,0.19047619047619047,1.9120233605719523,0.5,0.8143729065509505,1.0564355179550884
1794,train,1,2,1,48.86237439305703,617.5690647338791,0.14285714285714285,-179.60834477200302,-38.0884646481942,0.0,0.09523809523809523,-5.425368340195161,0.5,0.8143729065509505,1.0564355179550884
1795,train,2,0,1,-139.30287069034415,980.7482979392914,0.0,0.0,-98.01590985852938,0.3,0.0,-81.47289423092714,0.5,0.7739048371685786,1.05243973507445
1795,train,1,2,0,-185.73716092045888,-650.1953450334937,-0.1,0.0,34.732760716254504,0.0,0.0,98.41795283012726,0.5,0.7739048371685786,1.05243973507445
1796,train,0,1,0,0.0,-492.0998935168735,0.0,0.0,0.0,0.0,1.0,0.0,0.5,1.5193012357808626,1.390330001870708
1796,train,1,2,1,-91.15807414685176,223.75670981562237,0.0,0.0,0.0,0.0,-2.0,0.0,0.5,1.5193012357808626,1.390330001870708
1797,train,1,0,1,468.6911805178055,1073.1859071467404,0.0,0.0,-174.92077854473806,-0.6666666666666667,0.0,0.0,0.5,1.301919945882793,1.1119010451296814
1797,train,1,2,1,-703.0367707767082,-2519.3054056257733,-1.0,0.0,-36.30779913086303,-0.6666666666666667,0.0,0.0,0.5,1.301919945882793,1.1119010451296814
1798,train,0,1,1,-427.7007707661507,-448.51352785342687,0.0,0.0,0.0,0.6666666666666666,0.0,-632.0323963979353,0.5,0.7920384643817605,0.5781186607877694
1798,train,2,0,0,-190.0892314516225,-1288.3955116079105,0.0,0.0,0.0,-0.6666666666666666,0.0,428.48735643024764,0.5,0.7920384643817605,0.5781186607877694
1799,train,0,1,0,148.39073527875053,600.696383751845,0.0,0.0,117.81524810786956,0.0,0.0,111.51507927819155,0.5,0.6182947303281272,0.6198409968425923
1799,train,1,2,1,-37.09768381968763,-353.68966586597975,0.0,0.0,-146.79401407483007,0.0,0.0,0.0,0.5,0.6182947303281272,0.6198409968425923
1800,train,0,1,0,300.0,1684.3884920386622,0.0,864.9200381562904,234.74988622629917,0.0,-0.4,-8.30480216536614,0.5,1.0,1.0
1800,train,1,2,1,-240.0,-743.075962312585,0.0,-161.75856598638282,-59.42624785279949,0.0,0.6000000000000001,25.66141908483399,0.5,1.0,1.0
1801,train,1,0,1,0.0,289.7203799634435,0.0,58.8667338806589,0.0,0.0,0.3333333333333335,0.0,0.5,1.0,1.0
1801,train,2,1,0,-60.0,156.2365883202301,0.0,1388.9695052738443,0.0,0.0,-1.0,0.0,0.5,1.0,1.0
1802,train,0,1,1,420.0,1057.3498529909339,0.0,-1170.9686694128166,0.0,0.0,0.33333333333333326,0.0,0.5,1.0,1.0
1802,train,0,2,1,360.0,863.6143769940954,0.0,-892.1085037027722,0.0,0.0,0.0,0.0,0.5,1.0,1.0
1803,train,0,1,0,115.9028626268954,-22.835065245643595,-0.16666666666666666,0.0,-11.570930667589018,0.0,1.6666666666666667,0.0,0.5,1.9317143771149232,1.2312314423981077
1803,train,1,2,1,-115.9028626268954,-647.7646203812792,0.0,0.0,-94.63324414223342,0.0,-0.3333333333333333,0.0,0.5,1.9317143771149232,1.2312314423981077
1804,train,1,0,1,-139.1391051591523,-2709.0144701721933,-0.30000000000000004,25.621439268416538,-73.40901413295447,0.0,0.0,-267.85456025554765,0.5,1.159492542992936,1.4946152103697694
1804,train,2,1,0,139.1391051591523,-972.7209815997854,0.1,551.6146244876135,2.0807253170113285,0.0,0.0,143.79826932201686,0.5,1.159492542992936,1.4946152103697694
1805,train,0,1,0,478.3545421952148,377.34951111496633,0.42857142857142855,-130.16939048721915,78.77153287946648,0.23809523809523808,-0.2857142857142857,141.04575904467995,0.5,1.5945151406507159,0.9857697726882513
1805,train,2,1,0,574.0254506342577,-591.6493285528667,-0.14285714285714285,-141.76041097878533,63.66956055705204,0.23809523809523808,-0.2857142857142857,203.05310655939167,0.5,1.5945151406507159,0.9857697726882513
1806,train,0,1,1,-181.16367732882475,-593.3535693050056,-0.09523809523809523,11.620074635308196,33.69161180649522,0.0,-0.7142857142857143,-22.67369626460483,0.5,0.7548486555367697,1.9976844753397114
1806,train,2,0,0,-45.29091933220619,-14.011357350620608,0.0,-18.705861182890335,-64.74825116288844,0.0,0.47619047619047616,-15.286158871964437,0.5,0.7548486555367697,1.9976844753397114
1807,train,1,0,1,-352.0946871939045,-200.40965167020886,0.0,0.0,0.0,0.0,0.0,0.0,0.5,1.9560815955216917,0.884286925658566
1807,train,2,1,0,234.729791462603,199.6683435279777,0.0,0.0,0.0,1.0,0.0,0.0,0.5,1.9560815955216917,0.884286925658566
1808,test,1,0,1,0.0,-3.0725496162076493,0.0,0.0,-1.005953752606871,0.3333333333333333,0.0,0.0,0.5,0.6426130689872,0.5187901936917899
1808,test,2,1,0,38.556784139232,185.10837003894446,0.0,0.0,189.4141013563701,-0.3333333333333333,0.0,0.0,0.5,0.6426130689872,0.5187901936917899
1809,train,0,1,1,0.0,-2007.758866085834,0.0,0.0,0.0,-1.3333333333333333,0.0,0.0,0.5,1.630228504215185,1.8295268883312796
1809,train,0,2,1,-195.6274205058222,-1832.0865837242407,0.0,0.0,0.0,-1.3333333333333333,-0.33333333333333326,0.0,0.5,1.630228504215185,1.8295268883312796
1810,test,0,2,0,-341.92809228639334,-2495.989973955297,0.0,0.0,301.5954948717404,0.0,0.0,0.0,0.5,0.8141145054437937,1.6551760074484483
1810,test,1,2,0,-195.3874813065105,-118.30355231658415,0.0,0.0,1852.702485431566,0.0,0.0,0.0,0.5,0.8141145054437937,1.6551760074484483
1811,train,0,1,0,180.0,744.7605411113714,0.0,1867.5783505488946,0.0,0.0,0.0,0.0,0.5,1.0,1.0
1811,train,2,1,0,180.0,190.4663492677323,0.0,400.25569262612885,0.0,0.0,0.0,0.0,0.5,1.0,1.0
1812,validation,0,1,0,137.5580645887006,595.6865944090558,-0.6666666666666666,0.0,-4.071543493099364,0.0,0.5333333333333334,35.80762188150836,0.5,1.1463172049058383,0.548014144769611
1812,validation,2,1,0,619.0112906491527,757.5583626187693,0.0,0.0,-3.6512467315178725,0.26666666666666666,0.2666666666666666,0.0,0.5,1.1463172049058383,0.548014144769611
1813,train,0,1,1,-384.0972356611665,-488.1719149212866,-5.0,0.0,0.0,0.0,0.0,0.0,0.5,0.7112911771503083,0.5372409823247738
1813,train,0,2,1,-170.709882516074,405.57618905129175,-2.0,0.0,0.0,0.0,0.0,0.0,0.5,0.7112911771503083,0.5372409823247738
1814,train,0,1,1,-300.0,-450.5746742603742,0.0,164.79292646685684,0.0,0.0,0.0,-218.46259659487524,0.5,1.0,1.0
1814,train,2,0,0,360.0,1552.025708623717,0.0,-16.258701894087608,0.0,0.0,0.0,67.09846971355137,0.5,1.0,1.0
1815,test,1,0,1,-104.04005224193881,28.38663998508759,0.0,0.0,-56.6650582959358,-0.1,0.0,-117.725824389192,0.5,1.7340008706989802,1.6440025872266883
1815,test,2,1,0,728.2803656935718,2292.4375566958265,0.0,0.0,24.14049346277944,0.1,0.7999999999999998,17.52969966738451,0.5,1.7340008706989802,1.6440025872266883
1816,test,1,0,1,-81.89548071193045,-81.9347429940396,0.0,0.0,0.0,0.0,0.0,0.0,0.5,1.364924678532174,0.8012594919432883
1816,test,2,1,0,655.1638456954436,884.9849103574935,0.0,0.0,0.0,0.0,3.0,0.0,0.5,1.364924678532174,0.8012594919432883
1817,train,2,0,1,110.14930207432354,-225.88991406720234,-0.8571428571428571,-89.1868253406843,-139.776928214264,-0.047619047619047616,-0.47619047619047616,86.33553750831068,0.5,0.9179108506193628,0.5110995607732599
1817,train,2,1,1,165.22395311148532,-21.805387012364424,-0.2857142857142857,-60.88534439189982,-35.868773137332596,-0.09523809523809523,-2.3809523809523805,65.32055133939777,0.5,0.9179108506193628,0.5110995607732599
1818,train,1,0,1,0.0,-323.1993300802233,-0.6666666666666666,0.0,0.0,0.0,0.0,-16.597867188691794,0.5,0.6763824032564197,1.491168729671641
1818,train,2,1,0,162.33177678154073,393.68760014220464,0.6666666666666666,0.0,0.0,0.0,0.0,156.20198852809943,0.5,0.6763824032564197,1.491168729671641
1819,train,0,2,0,227.975239834491,-52.52711432677598,0.8,-180.1002955289024,-5.687592005157327,-0.3333333333333333,-0.26666666666666666,0.0,0.5,1.899793665287425,0.6798606663557416
1819,train,1,2,0,569.9380995862275,897.5783374834291,0.26666666666666666,-63.617368435051844,11.337774227199795,0.0,0.7999999999999999,0.0,0.5,1.899793665287425,0.6798606663557416
1820,train,1,0,1,-120.0,-937.6833404407362,-0.16666666666666666,-198.74015726165266,-156.53264973594924,0.0,0.0,0.0,0.5,1.0,1.0
1820,train,1,2,1,-180.0,-715.828067691566,-0.16666666666666666,-94.57359913723059,-31.406520664537112,0.0,0.0,0.0,0.5,1.0,1.0
1821,train,1,0,1,0.0,2127.235082768193,0.0,-691.1406403743872,0.0,0.0,0.0,0.0,0.5,1.0,1.0
1821,train,1,2,1,540.0,4874.013290096348,0.0,-1480.8079007704769,0.0,0.0,0.0,0.0,0.5,1.0,1.0
1822,test,0,2,0,414.6813655547242,1988.0235820722662,0.7142857142857142,53.3718481268301,-12.29400911765255,0.14285714285714285,0.0,-77.03701101095876,0.5,0.7679284547309707,1.2092655087215285
1822,test,1,2,0,230.3785364192912,1418.4450431560251,0.9523809523809523,251.34593207575966,-40.49680459523374,0.42857142857142855,0.14285714285714285,-41.50753839883379,0.5,0.7679284547309707,1.2092655087215285
1823,test,0,1,1,-35.8820644273448,-355.43640722157915,-0.6,0.0,-40.50579740121586,0.0,-1.6,-45.3875659374749,0.5,0.5980344071224134,0.675644789607697
1823,test,0,2,1,-71.7641288546896,-534.4898837800744,0.0,0.0,-71.99617145460874,0.0,-0.4,-2.780720839470127,0.5,0.5980344071224134,0.675644789607697
1824,train,1,0,0,821.4012335118723,888.532740304999,0.0,-338.7315969947265,0.0,0.0,0.0,0.0,0.5,1.1408350465442672,1.4102195662601738
1824,train,2,0,0,0.0,223.8988590589202,0.0,-697.8727448750424,0.0,0.0,1.3333333333333335,0.0,0.5,1.1408350465442672,1.4102195662601738
1825,validation,0,1,1,-120.0,-574.2673344578575,0.0,283.6711323815914,0.0,0.0,-0.6000000000000001,-61.16989190577272,0.5,1.0,1.0
1825,validation,2,0,0,180.0,-511.88529201941355,0.0,-310.7806903444143,0.0,0.0,-0.20000000000000007,-0.6780452195933684,0.5,1.0,1.0
1826,test,0,1,1,0.0,409.84352226365945,0.0,0.0,0.0,0.0,0.0,0.0,0.5,1.0,1.0
1826,test,2,0,0,60.0,427.32138854807636,0.0,0.0,0.0,0.0,0.0,0.0,0.5,1.0,1.0
1827,train,2,0,1,-227.4324183119915,-323.18954815276834,-0.14285714285714285,-114.1013997738593,-33.565571490978186,0.0,-0.4285714285714285,-15.158581715788337,0.5,1.2635134350666195,0.5798305846463204
1827,train,1,2,0,151.62161220799433,149.27088661451728,0.0,132.2582295820961,-189.00309260842326,0.19047619047619047,0.0,-33.35630638356354,0.5,1.2635134350666195,0.5798305846463204
1828,train,0,1,1,-60.0,-767.8568365527344,-0.16666666666666669,325.0233826869786,0.0,-0.6666666666666666,0.0,0.0,0.5,1.0,1.0
1828,train,2,0,0,120.0,1389.3433327694547,-0.3333333333333333,407.33731245083845,0.0,0.0,0.0,0.0,0.5,1.0,1.0
1829,validation,0,2,0,31.174674446801298,398.8402222581075,0.0,0.0,27.54333067959618,0.0,-0.5,134.04220772859003,0.5,0.5195779074466883,1.4458554298719375
1829,validation,1,2,0,124.69869778720519,1977.3570396914786,0.0,0.0,270.2585213775608,0.0,0.0,100.18153366724528,0.5,0.5195779074466883,1.4458554298719375
1830,train,1,0,1,-192.78424747110395,-1569.8262450289808,0.0,-59.04071916101361,-20.378029432225333,-0.13333333333333333,-1.0666666666666667,0.0,0.5,0.5355117985308443,1.5459743050661794
1830,train,2,1,0,96.39212373555198,1902.280279236675,0.6666666666666666,472.97736800991913,82.60973022123267,0.0,1.0666666666666667,0.0,0.5,0.5355117985308443,1.5459743050661794
1831,validation,1,0,1,-60.0,-275.4416113833213,0.0,0.0,0.0,0.0,0.0,0.0,0.5,1.0,1.0
1831,validation,1,2,1,-120.0,473.55906550307236,0.0,0.0,0.0,0.0,0.0,0.0,0.5,1.0,1.0
1832,validation,0,1,1,184.1796725479701,1188.2366921693763,0.0,0.0,0.0,0.0,0.20000000000000004,-54.20882837206983,0.5,1.5348306045664175,1.5249626757425856
1832,validation,0,2,1,-92.08983627398506,153.846481700875,0.0,0.0,0.0,0.0,-0.09999999999999998,-105.1722094676517,0.5,1.5348306045664175,1.5249626757425856
1833,validation,1,0,0,160.83030892806246,679.7149446998736,0.0,0.0,0.0,0.0,1.0,36.45364706413331,0.5,0.5361010297602082,0.7433862389833515
1833,validation,2,0,0,128.66424714244997,1254.4207636142964,1.2000000000000002,0.0,0.0,0.0,-0.3999999999999999,36.53031420654565,0.5,0.5361010297602082,0.7433862389833515
1834,validation,1,0,1,-162.16067814697675,-1296.1913912657685,0.0,0.0,-138.65326222522688,0.0,0.0,0.0,0.5,0.900892656372093,1.1047253561734225
1834,validation,1,2,1,-108.10711876465116,-537.4878275447364,0.0,0.0,-189.79671813006664,0.0,0.0,0.0,0.5,0.900892656372093,1.1047253561734225
1835,train,2,0,1,60.0,-667.0436785320317,0.0,0.0,0.0,0.0,0.0,0.0,0.5,1.0,1.0
1835,train,2,1,1,-120.0,-468.16650565118744,0.0,0.0,0.0,0.0,0.0,0.0,0.5,1.0,1.0
1836,test,1,0,1,-102.51107733685623,-275.0732962738209,0.0,0.0,0.0,0.0,0.0,-88.3976354885784,0.5,0.5695059852047568,0.9705956301558971
1836,test,2,1,0,-136.68143644914164,-128.4532131883763,0.0,0.0,0.0,0.0,0.0,163.08617823220973,0.5,0.5695059852047568,0.9705956301558971
1837,test,0,2,0,196.7850724281149,1816.1036702794324,0.0,-112.0745273212832,-102.18501619817056,0.0,0.0,303.618138805204,0.5,0.6559502414270496,0.894004138737575
1837,test,2,1,1,157.4280579424919,-125.33238222057804,0.0,429.523709166425,-18.593135048821352,0.0,0.0,-206.0399251869284,0.5,0.6559502414270496,0.894004138737575
1838,validation,0,1,0,1066.2557203389292,422.1909087886463,0.0,0.0,0.0,0.0,0.0,0.0,0.5,1.9745476302572762,0.5155261333543877
1838,validation,1,2,1,-355.4185734463097,-24.798918758552162,0.0,0.0,0.0,0.0,0.0,0.0,0.5,1.9745476302572762,0.5155261333543877
1839,train,0,1,0,620.0756596274255,61.25300706180586,-0.2,245.58307134176425,0.0,-0.26666666666666666,1.3333333333333333,79.8689966364359,0.5,1.476370618160537,0.8414296246706354
1839,train,1,2,1,0.0,-839.6047718034978,-0.1333333333333333,-533.1482866342094,0.0,0.26666666666666666,-3.333333333333333,-3.754748731166602,0.5,1.476370618160537,0.8414296246706354
1840,train,0,1,0,186.28728376565962,1803.3801076789484,0.13333333333333336,0.0,-7.7496030249547125,0.26666666666666666,1.0,-80.31085380986967,0.5,1.0349293542536646,1.4841025604302107
1840,train,2,1,0,62.09576125521988,1626.6189439632258,0.06666666666666667,0.0,75.89633350156646,0.8,0.8,-42.00308169523692,0.5,1.0349293542536646,1.4841025604302107
1841,validation,0,2,0,180.18081885260864,231.6951436539729,0.6000000000000001,0.0,149.99754321646242,0.0,0.0,36.30171846233608,0.5,1.5015068237717386,0.6270419133119608
1841,validation,1,2,0,90.09040942630432,803.9881576093934,0.2,0.0,119.97707443464213,0.0,0.0,43.05065438210994,0.5,1.5015068237717386,0.6270419133119608
1842,test,0,1,0,-260.6637180880467,-297.08925407941507,0.0,0.0,0.0,0.0,0.0,330.50687231823457,0.5,0.7240658835779076,0.7291380185768704
1842,test,2,1,0,-390.9955771320701,-367.4770143315228,0.0,0.0,0.0,0.0,0.0,251.89752358655667,0.5,0.7240658835779076,0.7291380185768704
1843,train,1,0,0,-315.3334113934769,435.1544280540992,0.0,537.4518229758169,0.0,0.26666666666666666,0.0,-64.8311571004302,0.5,1.0511113713115898,0.6209270125198457
1843,train,0,2,1,189.20004683608616,185.15954600061994,-0.4,85.38946168064689,0.0,-0.06666666666666667,-2.0,-98.81466450331364,0.5,1.0511113713115898,0.6209270125198457
1844,train,1,0,0,228.49103078941494,207.7528048419114,0.0,0.0,20.25925390697185,-0.5,0.0,0.0,0.5,0.6346973077483749,0.7372248869756856
1844,train,0,2,1,-304.6547077192199,-301.83768463277346,0.0,0.0,-192.15276717678313,0.0,0.0,0.0,0.5,0.6346973077483749,0.7372248869756856
1845,train,1,0,0,183.52825974477173,483.97253238837106,0.0,-79.11247749611726,294.85590916661715,0.26666666666666666,-0.06666666666666668,7.814870743112891,0.5,1.0196014430265097,0.9179947875680798
1845,train,0,2,1,0.0,-0.17947560062793444,0.0,101.21078515340093,-111.7594727837311,-0.26666666666666666,-0.06666666666666665,15.391666417701913,0.5,1.0196014430265097,0.9179947875680798
1846,train,2,0,1,58.848997894993296,241.60350017326348,0.5714285714285714,-194.2389199408878,-16.448403356037485,-0.09523809523809523,0.0,30.586629200506252,0.5,0.9808166315832216,1.501659918327855
1846,train,2,1,1,0.0,935.6893052997294,0.2857142857142857,-54.28328567015417,-11.475248352191482,0.0,0.19047619047619047,-4.27324725589758,0.5,0.9808166315832216,1.501659918327855
1847,test,0,1,1,-125.11628658029706,-725.5670743763083,-2.0,0.0,0.0,0.0,0.0,0.0,0.5,1.0426357215024755,0.5954226629160205
1847,test,2,0,0,625.5814329014853,761.4844055366062,1.0,0.0,0.0,0.0,0.0,0.0,0.5,1.0426357215024755,0.5954226629160205
1848,train,0,2,0,0.0,-188.58053582134443,0.0,-93.09337294374401,10.253986065394571,-0.047619047619047616,0.0,-13.022239556677302,0.5,1.5891260251386174,0.7793430003175148
1848,train,2,1,1,95.34756150831704,401.10500484140215,0.0,173.8212762998341,-170.71467438446524,0.0,-0.38095238095238093,0.4167598765738276,0.5,1.5891260251386174,0.7793430003175148
1849,train,0,2,0,300.0,896.8374029767674,0.0,0.0,0.0,0.0,0.0,0.0,0.5,1.0,1.0
1849,train,1,2,0,600.0,-307.97211458183483,0.0,0.0,0.0,0.0,0.0,0.0,0.5,1.0,1.0
1850,train,1,0,0,-540.0,-730.763846311047,0.0,2192.7187860920817,0.0,0.0,0.0,-32.53571694060577,0.5,1.0,1.0
1850,train,0,2,1,-540.0,-1805.2960454193144,0.0,-3329.889745333983,0.0,0.0,0.0,59.2506987256869,0.5,1.0,1.0
1851,train,0,1,1,0.0,-161.68016498446514,-0.2857142857142857,-16.79627676553173,8.77443567347946,-0.38095238095238093,0.2857142857142857,-12.077594939933071,0.5,1.034829865265339,0.582986103160062
1851,train,2,0,0,186.26937574776102,17.49374801333338,0.42857142857142855,5.765323218534853,-23.595286541761286,0.0,0.2857142857142857,-58.1779927613053,0.5,1.034829865265339,0.582986103160062
1852,train,1,0,0,180.0,175.75211173084608,0.0,0.0,0.0,0.0,0.0,0.0,0.5,1.0,1.0
1852,train,0,2,1,-60.0,-162.90956957293156,0.0,0.0,0.0,0.0,0.0,0.0,0.5,1.0,1.0
1853,train,1,0,1,-360.0,-68.64211728625241,0.0,0.0,0.0,0.0,0.0,0.0,0.5,1.0,1.0
1853,train,2,1,0,120.0,473.5730064420659,0.0,0.0,0.0,0.0,0.0,0.0,0.5,1.0,1.0
1854,test,2,0,1,-120.0,61.90041822847934,-0.2,44.48602809519977,-3.382485585411672,-0.13333333333333333,0.0,-69.03442342528058,0.5,1.0,1.0
1854,test,1,2,0,-60.0,-135.13008262233325,0.6000000000000001,255.44804587121746,-8.32145750719705,0.0,0.0,100.00236971330904,0.5,1.0,1.0
1855,train,0,2,0,0.0,205.98596727517784,0.0,-71.8921329881199,131.17900136362707,0.6666666666666666,0.2666666666666666,2.019152159823907,0.5,1.9050059254830332,0.9650216500750021
1855,train,2,1,1,-342.90106658694594,-1607.6151649406145,0.0,45.94622546487511,-84.93257982312639,-1.0,-0.5333333333333332,-12.612588027440584,0.5,1.9050059254830332,0.9650216500750021
1856,validation,0,1,0,-347.55559885643606,-439.39789045976073,0.0,-96.08266644500532,47.129368011136876,0.6666666666666666,0.0,0.0,0.5,1.9308644380913114,0.5090692060349279
1856,validation,2,1,0,115.85186628547868,-424.5186170630811,0.0,-219.8202003690763,629.5458269123827,0.3333333333333333,0.0,0.0,0.5,1.9308644380913114,0.5090692060349279
1857,train,0,2,0,-231.68800249282893,-951.3178824582834,0.0,0.0,331.6698925876474,0.0,0.0,0.0,0.5,1.9307333541069078,0.8165704664867514
1857,train,2,1,1,-115.84400124641446,-595.6091556547823,0.0,0.0,-257.0717642075721,0.0,0.0,0.0,0.5,1.9307333541069078,0.8165704664867514
1858,train,1,0,1,0.0,759.5160628555368,0.0,0.0,0.0,0.0,0.0,0.0,0.5,1.0,1.0
1858,train,2,1,0,840.0,1335.4050696844506,0.0,0.0,0.0,0.0,0.0,0.0,0.5,1.0,1.0
1859,test,0,1,0,0.0,-95.84463233527069,0.0,0.0,0.0,0.0,0.0,0.0,0.5,1.0131036945167107,1.8530252895949004
1859,test,2,1,0,182.3586650130079,1536.8923361420316,0.0,0.0,0.0,0.6666666666666666,0.0,0.0,0.5,1.0131036945167107,1.8530252895949004
1860,test,0,1,0,222.61308362552452,-70.69425325669822,0.0,50.70708626446984,-239.2610199101559,0.0,0.0,55.35803088141447,0.5,0.6183696767375682,0.5720726007178805
1860,test,2,1,0,296.8174448340327,707.8959342355502,0.0,32.87482249016617,-97.64074997782359,0.0,0.0,121.96477159637644,0.5,0.6183696767375682,0.5720726007178805
1861,train,0,2,0,238.12751555900132,285.55778904541694,0.0,49.00849208833535,23.01683409064105,0.5333333333333333,0.0,-21.270405438465925,0.5,0.9921979814958388,0.8189310734453144
1861,train,2,1,1,-178.59563666925098,-561.059752190223,-0.3333333333333333,-12.702406777697846,-64.84218880655766,0.0,0.0,-3.651874851619908,0.5,0.9921979814958388,0.8189310734453144
1862,train,0,1,0,0.0,703.8705714544259,0.33333333333333337,0.0,0.0,-0.5,-0.33333333333333326,0.0,0.5,1.259163154134564,1.235543883346268
1862,train,2,1,0,302.19915699229534,1804.9822197833475,0.33333333333333337,0.0,0.0,1.0,-0.33333333333333326,0.0,0.5,1.259163154134564,1.235543883346268
1863,train,0,1,1,-288.6176307761105,-362.35037081857695,0.0,0.0,0.0,0.0,0.0,-185.3144080707634,0.5,1.603431282089503,0.6256471787102835
1863,train,2,0,0,192.41175385074035,526.6934228606071,0.0,0.0,0.0,0.0,0.0,169.58771302939533,0.5,1.603431282089503,0.6256471787102835
1864,train,1,0,1,-372.2133345002645,342.8842775422183,0.0,0.0,0.0,0.0,-1.0,0.0,0.5,1.550888893751102,0.7171547798240874
1864,train,1,2,1,-279.16000087519836,-191.57881859140656,0.0,0.0,0.0,0.0,0.0,0.0,0.5,1.550888893751102,0.7171547798240874
1865,test,2,0,1,0.0,-2139.63687071724,-0.09523809523809523,-141.32704485583469,0.47853593654622273,-0.5714285714285714,0.047619047619047616,28.001696743207464,0.5,1.127891997046779,1.8848337749351467
1865,test,1,2,0,67.67351982280674,383.6915011617005,0.19047619047619047,-132.1097312677813,-86.4089517758428,0.8571428571428571,-0.09523809523809523,7.791794681865834,0.5,1.127891997046779,1.8848337749351467
1866,train,0,2,0,-1021.9994654486202,1015.5185529673713,0.0,0.0,75.89817524006409,0.26666666666666666,-0.33333333333333326,53.39409408606223,0.5,1.703332442414367,0.8482467879785716
1866,train,1,2,0,-919.7995189037582,-512.7867389892922,-0.06666666666666667,0.0,-58.62869634324006,0.0,0.6666666666666667,55.37019568249,0.5,1.703332442414367,0.8482467879785716
1867,train,0,1,1,184.93022223674416,975.8717069053839,-0.13333333333333333,0.0,7.89332941442602,-0.6666666666666666,-0.2666666666666666,43.72361105885379,0.5,1.0273901235374676,1.2822964362579974
1867,train,0,2,1,-61.64340741224806,-527.2825790403066,0.0,0.0,31.444121841185,-1.0,-0.5333333333333332,2.7723758928756013,0.5,1.0273901235374676,1.2822964362579974
1868,train,0,1,1,-60.0,-1120.1093064633378,0.0,0.0,0.0,0.0,0.0,0.0,0.5,1.0,1.0
1868,train,2,0,0,180.0,934.1658648794883,0.0,0.0,0.0,0.0,0.0,0.0,0.5,1.0,1.0
1869,train,1,0,1,120.0,317.36833607452445,0.0,-368.90666268399775,-58.48696522432438,-0.3,0.0,0.0,0.5,1.0,1.0
1869,train,2,1,0,120.0,168.83586233534425,0.0,997.5970176205722,6.934141249824371,-0.3,0.0,0.0,0.5,1.0,1.0
1870,train,0,1,1,-656.7438837259771,-56.039279844023795,0.0,0.0,0.0,0.0,-2.0,0.0,0.5,1.824288565905492,0.7788558407628526
1870,train,2,0,0,1313.4877674519541,779.082607229319,0.0,0.0,0.0,0.0,3.0,0.0,0.5,1.824288565905492,0.7788558407628526
1871,train,1,0,0,-60.0,-69.34480493775618,0.0,45.15778512503442,34.24146235421355,0.0,0.5999999999999999,20.53104879168378,0.5,1.0,1.0
1871,train,0,2,1,60.0,-204.92729933387773,0.0,-191.45545553142802,4.254732581122809,0.0,-0.5999999999999999,-2.8525151614632733,0.5,1.0,1.0
1872,train,0,1,0,-340.3984269794117,1447.086464448859,0.0,0.0,-55.892657707135925,0.0,0.2666666666666666,-76.08606979705036,0.5,1.8911023721078426,1.914579192136896
1872,train,1,2,1,226.93228465294112,-2645.5832178657906,-0.26666666666666666,0.0,-36.619099211049985,-0.13333333333333333,-0.6666666666666666,11.434708097106366,0.5,1.8911023721078426,1.914579192136896
1873,validation,0,2,0,456.23731585118543,-74.57455437672483,-0.5333333333333334,0.0,-28.3873093836808,0.0,-0.19999999999999996,24.480616888075964,0.5,1.5207910528372848,1.9044478375151073
1873,validation,1,2,0,-182.49492634047417,-1432.9638852939581,-0.5333333333333334,0.0,-54.93831250731186,1.3333333333333333,-0.6000000000000001,-7.454802276398241,0.5,1.5207910528372848,1.9044478375151073
1874,train,0,1,1,-91.67405772342195,-837.7697541567247,0.0,0.0,0.0,-0.6666666666666666,0.0,-79.19131111246907,0.5,1.5279009620570325,0.5861439078244058
1874,train,0,2,1,0.0,-708.798995516882,0.0,0.0,0.0,-0.3333333333333333,0.0,45.34001443573672,0.5,1.5279009620570325,0.5861439078244058
1875,train,1,0,0,87.00666924071898,359.9078583724879,0.14285714285714285,-55.702947642022025,-22.192796393255932,0.047619047619047616,0.0,-28.13797306075148,0.5,0.7250555770059914,1.9425773237569282
1875,train,2,0,0,87.00666924071898,-2292.9537122575,0.14285714285714285,34.69179471571459,-71.12780100323498,0.0,0.23809523809523803,-1.4054229491003625,0.5,0.7250555770059914,1.9425773237569282
1876,train,0,2,0,180.0,681.8821975151081,0.0,502.430558044185,-1.6587218379663113,0.0,0.0,0.0,0.5,1.0,1.0
1876,train,1,2,0,240.0,1135.2854348935325,0.0,185.43700311862312,195.54933167209074,0.0,0.0,0.0,0.5,1.0,1.0
1877,test,0,1,0,-192.7109678957497,-568.6557184206224,0.20000000000000007,0.0,239.936529225008,-0.13333333333333333,0.2,0.0,0.5,1.0706164883097204,0.9014965604467268
1877,test,1,2,1,64.23698929858323,78.4954941398974,-0.20000000000000007,0.0,-377.5851904996525,-0.26666666666666666,-0.39999999999999997,-148.5682844793003,0.5,1.0706164883097204,0.9014965604467268
1878,test,2,0,1,0.0,279.90140220329056,0.0,-107.39609493733792,50.95521255693956,0.0,0.0,-112.64478250678955,0.5,0.7011748619172192,1.3252676405639783
1878,test,2,1,1,-42.07049171503316,-865.7551878449236,0.0,17.731706424351685,-59.26069514375063,0.0,0.0,-68.78603557407041,0.5,0.7011748619172192,1.3252676405639783
1879,train,1,0,1,-46.96373072775936,17.13613650532743,0.0,-34.63419359800639,-180.05672599350055,-1.2000000000000002,0.0,16.85259091807325,0.5,0.7827288454626561,0.7730454599572015
1879,train,1,2,1,-93.92746145551872,496.13700071023885,0.0,210.998733385043,22.20474374029901,-0.4,0.0,-22.035006958347243,0.5,0.7827288454626561,0.7730454599572015
1880,validation,0,1,0,177.62958469108537,888.7760899022204,-0.6666666666666666,0.0,0.0,0.0,0.0,194.32932523051488,0.5,0.740123269546189,0.7895257455480024
1880,validation,2,1,0,44.40739617277134,475.51890964752107,0.0,0.0,0.0,0.0,0.0,97.78453937223011,0.5,0.740123269546189,0.7895257455480024
1881,validation,0,1,0,-735.5338024304772,-272.8613403847206,0.3333333333333333,-82.67947303649066,0.0,0.0,0.0,19.545214484048586,0.5,1.3620996341305134,0.5073322202334061
1881,validation,1,2,1,572.0818463348156,112.58720190226671,-0.3333333333333333,87.78268675583246,0.0,0.0,0.0,-69.02528167809282,0.5,1.3620996341305134,0.5073322202334061
1882,train,1,0,1,-295.48804721320187,-191.0799972788232,0.0,0.0,0.0,-2.0,0.0,0.0,0.5,1.2312001967216744,0.5164895244532767
1882,train,1,2,1,295.48804721320187,160.3821362172722,0.0,0.0,0.0,-1.0,0.0,0.0,0.5,1.2312001967216744,0.5164895244532767
1883,train,2,0,1,100.84374377900227,12.2766395300408,0.0,759.4366556118849,0.0,-1.3333333333333333,0.0,0.0,0.5,1.680729062983371,0.9634829196757665
1883,train,1,2,0,0.0,90.80914446021146,0.0,-673.0639310516226,0.0,0.6666666666666666,0.0,0.0,0.5,1.680729062983371,0.9634829196757665
1884,test,0,1,0,0.0,-149.11369458857138,0.0,0.0,0.0,0.0,2.0,0.0,0.5,1.6506907426996422,1.700308933932535
1884,test,2,1,0,1188.4973347437424,1080.8769341115692,0.0,0.0,0.0,0.6666666666666666,2.6666666666666665,0.0,0.5,1.6506907426996422,1.700308933932535
1885,test,0,1,0,-117.20362121827804,118.45633775270234,-0.2,0.0,-195.55606101546118,0.2,0.0,57.45592575235334,0.5,1.9533936869713007,1.6314623545561235
1885,test,1,2,1,-586.0181060913902,-1864.38999863561,0.0,0.0,-258.7599540264446,0.0,0.0,-152.7384520372363,0.5,1.9533936869713007,1.6314623545561235
1886,train,0,1,0,154.12232243570776,936.7351702918996,-0.09523809523809523,12.816389176505027,-16.49429733160793,0.2857142857142857,0.38095238095238093,-8.893084407392031,0.5,0.8562351246428208,1.26302494721143
1886,train,2,1,0,51.37410747856925,24.859111892261804,0.0,87.75488484913103,32.94371345183978,0.2857142857142857,0.38095238095238093,10.62173216673657,0.5,0.8562351246428208,1.26302494721143
1887,test,0,1,1,-381.04268621648197,650.0428711323333,0.19047619047619047,-63.68632020278761,42.06797620405409,-0.23809523809523808,0.5714285714285714,24.012024549301174,0.5,1.5876778592353415,0.8773681209118226
1887,test,2,0,0,1047.8673870953255,33.579901786300745,-0.19047619047619047,4.223160696870934,48.93515206414514,0.47619047619047616,-1.4285714285714284,19.295081246260438,0.5,1.5876778592353415,0.8773681209118226
1888,validation,0,2,0,134.50104148525008,519.4324165769025,0.0,0.0,0.0,0.0,0.0,0.0,0.5,1.1208420123770841,1.2660629159295667
1888,validation,2,1,1,-336.25260371312527,-651.2349681800008,0.0,0.0,0.0,0.0,-3.0,0.0,0.5,1.1208420123770841,1.2660629159295667
1889,train,0,1,1,-345.96025390210986,-791.7932231293171,0.0,-98.44188095034184,0.0,0.0,0.0,0.0,0.5,1.922001410567277,0.770228500854774
1889,train,0,2,1,-345.96025390210986,-352.26491484430625,0.6666666666666666,-471.1862269534698,0.0,0.0,0.0,0.0,0.5,1.922001410567277,0.770228500854774
1890,train,1,0,0,60.0,106.71885978951832,0.0,0.0,0.0,0.0,0.0,0.0,0.5,1.0,1.0
1890,train,0,2,1,-60.0,112.07677430356034,0.0,0.0,0.0,0.0,0.0,0.0,0.5,1.0,1.0
1891,train,1,0,1,-345.50376723470464,-676.0439914013705,0.0,0.0,-1303.8925093188225,0.0,0.0,0.0,0.5,0.639821791175379,0.5686663011687398
1891,train,1,2,1,-691.0075344694093,-641.2376746586485,0.0,0.0,-556.7003364630443,0.0,0.0,0.0,0.5,0.639821791175379,0.5686663011687398
1892,train,1,0,0,-120.0,330.4693109820091,0.0,402.975544213764,0.0,0.0,0.0,-7.7931359769326045,0.5,1.0,1.0
1892,train,0,2,1,-180.0,-459.40896459879514,0.0,-416.7103666112574,0.0,0.0,0.16666666666666663,-214.4196526901632,0.5,1.0,1.0
1893,validation,2,0,1,-1800.0,-3445.3127850545943,0.0,0.0,0.0,0.0,0.0,0.0,0.5,1.0,1.0
1893,validation,2,1,1,-480.0,-123.26867234397469,0.0,0.0,0.0,0.0,0.0,0.0,0.5,1.0,1.0
1894,train,2,0,1,-114.98712549051054,87.12761641341304,0.0,0.0,-27.85050242034984,0.0,0.0,0.0,0.5,0.9582260457542545,0.7187489963033152
1894,train,1,2,0,0.0,-159.32660209057107,-0.5,0.0,10.177746181170285,0.6666666666666666,0.0,0.0,0.5,0.9582260457542545,0.7187489963033152
1895,validation,1,0,1,-111.46887505432811,-272.50743716377866,-0.3333333333333333,0.0,0.0,-0.6666666666666666,0.0,0.0,0.5,1.8578145842388019,1.8202367048007015
1895,validation,1,2,1,222.93775010865622,436.8008966956168,0.0,0.0,0.0,0.0,0.0,0.0,0.5,1.8578145842388019,1.8202367048007015
1896,validation,1,0,1,0.0,-494.4637870446034,-0.19047619047619047,16.557973428462788,-246.30499506749203,-0.047619047619047616,0.0,23.388996517119125,0.5,1.0443407198983146,0.8925132185344054
1896,validation,1,2,1,-62.66044319389887,434.0311551344572,0.0,176.4997966411994,-42.8953451853732,0.047619047619047616,-0.1428571428571428,13.602102657247151,0.5,1.0443407198983146,0.8925132185344054
1897,train,1,0,0,292.81423946296206,1306.465135691058,-0.09523809523809523,4.287336363019698,-0.7309066212620934,0.0,1.5714285714285714,62.27680466913889,0.5,1.2200593310956753,1.803205635714031
1897,train,2,0,0,219.61067959722155,467.1832423442794,-0.09523809523809523,-25.504085715670136,-30.65915634439986,0.0,0.42857142857142855,39.09423493196877,0.5,1.2200593310956753,1.803205635714031
1898,train,0,1,1,-184.27231676360748,291.6746918906307,0.0,-313.3367059578328,-12.735823181303981,0.0,0.0,-10.622744620783891,0.5,1.0237350931311526,0.6302502736998615
1898,train,2,0,0,-184.27231676360748,-624.7294518853599,0.0,137.8169192506327,37.16131876639925,0.0,0.3999999999999999,-20.073555856286326,0.5,1.0237350931311526,0.6302502736998615
1899,train,0,2,0,60.0,640.4661288247935,-0.6,-426.16018049519516,0.0,0.0,-0.3999999999999999,31.946658713202062,0.5,1.0,1.0
1899,train,2,1,1,-360.0,-1325.263451227691,-0.29999999999999993,-482.01380994844976,0.0,0.0,0.7,-41.751259268000844,0.5,1.0,1.0
1900,train,0,2,0,148.04200983107867,1281.5076632735038,0.0,0.0,0.0,0.0,0.0,127.99311073479257,0.5,0.8224556101726593,1.835674477162252
1900,train,2,1,1,-148.04200983107867,-1374.8706765257607,0.0,0.0,0.0,0.0,0.0,78.08685686830168,0.5,0.8224556101726593,1.835674477162252
1901,train,1,0,0,-180.0,-73.43884071466346,0.0,0.0,0.0,0.0,0.0,0.0,0.5,1.0,1.0
1901,train,2,0,0,-300.0,-313.84658094048655,0.0,0.0,0.0,0.0,0.0,0.0,0.5,1.0,1.0
1902,train,0,2,0,-60.0,-187.94452543814805,0.0,0.0,0.0,0.0,0.0,0.0,0.5,1.0,1.0
1902,train,2,1,1,-240.0,-974.361166973014,0.0,0.0,0.0,0.0,0.0,0.0,0.5,1.0,1.0
1903,test,0,2,0,0.0,-231.4919217667233,-0.5000000000000001,-33.13679298482697,275.6167750434706,0.0,0.0,55.94240996276753,0.5,1.815764528976491,0.635097884730099
1903,test,2,1,1,-217.89174347717892,155.58278072020408,0.6000000000000001,52.4499655241641,47.496924955608115,0.0,0.0,-201.3586972611879,0.5,1.815764528976491,0.635097884730099
1904,train,0,1,1,-240.0,-234.63056331725875,0.0,-187.61820411410883,0.0,0.0,0.0,0.0,0.5,1.0,1.0
1904,train,2,0,0,180.0,402.27165575361505,-0.3333333333333333,501.4990552947256,0.0,0.0,0.0,0.0,0.5,1.0,1.0
1905,train,2,0,1,-240.0,-427.5047531277496,0.0,0.0,0.0,0.0,0.0,0.0,0.5,1.0,1.0
1905,train,1,2,0,540.0,-128.93772305700713,0.0,0.0,0.0,0.0,0.0,0.0,0.5,1.0,1.0
1906,train,1,0,1,-280.6734058238667,-1122.5275499445067,0.0,0.0,-298.77503957660906,0.0,0.0,0.0,0.5,0.5197655663404939,1.0932388315556723
1906,train,2,1,0,311.8593398042963,130.40749946694456,0.0,0.0,51.14510577461283,0.0,0.0,0.0,0.5,0.5197655663404939,1.0932388315556723
1907,train,0,1,1,-60.0,-37.11773568980243,0.0,0.0,0.0,0.0,0.0,0.0,0.5,1.0,1.0
1907,train,2,0,0,120.0,0.0,0.0,0.0,0.0,0.0,0.0,0.0,0.5,1.0,1.0
1908,train,1,0,1,84.89097230678344,1124.7549939705689,0.09523809523809523,294.75713913313683,4.626956499236172,-0.09523809523809523,-1.1428571428571428,-105.69248809897606,0.5,1.4148495384463906,0.7131144911996152
1908,train,2,1,0,254.6729169203503,-534.1662741143356,0.0,-211.4951896990707,118.65177620776936,-0.047619047619047616,2.2857142857142856,146.25510397310876,0.5,1.4148495384463906,0.7131144911996152
1909,train,0,2,0,-867.8334442398572,-492.82160666291793,0.0,0.0,0.0,1.0,0.0,0.0,0.5,1.2053242281109127,0.5523001380558219
1909,train,2,1,1,506.23617580658333,-600.4971317155463,0.0,0.0,0.0,-3.0,0.0,0.0,0.5,1.2053242281109127,0.5523001380558219
1910,test,2,0,1,0.0,53.57820085078176,-0.3333333333333333,26.95565195200814,39.27425523613626,0.0,0.0,-29.986473474474344,0.5,1.0014395865220267,0.5246665811123761
1910,test,2,1,1,0.0,320.4076467271609,-0.6666666666666666,59.75208571515108,-39.20173273162035,0.0,0.13333333333333333,-1.2336328556996825,0.5,1.0014395865220267,0.5246665811123761
1911,train,0,1,0,-110.7696874853753,-690.2276476951639,0.0,0.0,54.29901293298269,0.0,0.0,0.0,0.5,1.8461614580895884,0.5902278502775642
1911,train,1,2,1,0.0,185.881900698667,0.0,0.0,-278.6547456907611,0.0,0.0,0.0,0.5,1.8461614580895884,0.5902278502775642
1912,validation,1,0,1,-432.22376242333405,-803.8686435306788,0.0,0.0,-301.3934528477261,0.33333333333333337,-0.2666666666666667,18.67269583830722,0.5,1.4407458747444468,0.8311048427663427
1912,validation,2,1,0,86.44475248466681,1076.259969459472,0.4,0.0,60.96521805909369,0.0,0.2666666666666667,20.228891705871796,0.5,1.4407458747444468,0.8311048427663427
1913,train,1,0,0,0.0,592.7576452475704,0.0,0.0,201.58318686641326,0.16666666666666666,2.0,0.0,0.5,0.6488077223032512,0.7882802481614829
1913,train,2,0,0,77.85692667639015,206.35406296929,0.0,0.0,50.37933872577866,0.0,2.0,0.0,0.5,0.6488077223032512,0.7882802481614829
1914,train,1,0,1,-65.79696833427292,-2118.9169729573673,-0.5,0.0,0.0,0.16666666666666666,-1.0,0.0,0.5,1.0966161389045486,0.7865995136994081
1914,train,2,1,0,65.79696833427292,-11.743791116295084,0.0,0.0,0.0,0.0,1.0,0.0,0.5,1.0966161389045486,0.7865995136994081
1915,train,1,0,0,190.66152770743167,-220.68344528392186,0.0,0.0,-125.05350229422527,0.0,0.0,0.0,0.5,1.5888460642285973,1.0651394656313071
1915,train,2,0,0,476.6538192685792,-229.452627496523,0.0,0.0,11.71974621176534,0.0,-1.3333333333333335,0.0,0.5,1.5888460642285973,1.0651394656313071
1916,train,1,0,0,60.0,224.09566347476402,0.0,13.869189771358037,-7.068454534506559,-0.047619047619047616,0.5714285714285714,21.18796267689084,0.5,1.0,1.0
1916,train,0,2,1,0.0,330.8163280958847,0.14285714285714285,-17.938343866230923,-25.222245486116936,0.09523809523809523,-0.19047619047619047,-28.224765240387264,0.5,1.0,1.0
1917,validation,0,1,0,565.7791991341522,2535.6543933174694,0.0,0.0,-115.1273812623324,0.5333333333333333,1.3333333333333333,42.09232665075747,0.5,0.8572412108093216,1.511030293539635
1917,validation,1,2,1,51.43447264855929,774.6264965053643,0.06666666666666667,0.0,126.81907974872928,-0.8,0.33333333333333326,10.289896089497987,0.5,0.8572412108093216,1.511030293539635
1918,train,2,0,1,84.22523124361551,111.66456862414566,0.09523809523809523,-42.38762144877853,-173.34992737813906,0.047619047619047616,-0.7142857142857142,63.0682962851228,0.5,0.7018769270301293,0.5229849996650819
1918,train,2,1,1,-84.22523124361551,62.60909008738768,0.19047619047619047,146.2688633895987,-12.342142802996264,0.0,-0.1428571428571428,52.643406499731626,0.5,0.7018769270301293,0.5229849996650819
1919,train,2,0,1,-30.82032531722989,-1006.9818358142193,0.0,41.862544102911386,-233.65446945932175,0.0,0.23809523809523803,-48.461888261812334,0.5,0.5136720886204982,1.9946008604589747
1919,train,2,1,1,30.82032531722989,-256.25555968511196,0.0,-31.222812818760588,-83.28407552609494,0.0,0.0,-17.852236164475627,0.5,0.5136720886204982,1.9946008604589747
1920,train,1,0,1,-383.6344456307606,-1232.8101959124444,-1.6666666666666665,0.0,0.0,0.16666666666666666,1.0,0.0,0.5,0.6393907427179343,1.4034456728244677
1920,train,1,2,1,-268.5441119415324,-1548.9351036106177,-0.3333333333333333,0.0,0.0,0.16666666666666666,-2.0,0.0,0.5,0.6393907427179343,1.4034456728244677
1921,test,0,1,0,-60.0,-104.63337071178739,0.0,454.6795290885851,0.0,-0.5333333333333333,-0.19999999999999996,20.88524978329709,0.5,1.0,1.0
1921,test,1,2,1,-60.0,-46.612207835379195,0.13333333333333333,-215.0661110892123,0.0,0.26666666666666666,-0.40000000000000013,-55.98384542491606,0.5,1.0,1.0
1922,test,1,0,0,1146.0489268506499,4290.424222442956,1.0,79.29246492630566,0.0,0.0,0.0,315.127344916934,0.5,1.364343960536488,1.524038980675515
1922,test,2,0,0,2373.9584913334893,4758.45598707322,0.0,488.38140043973135,0.0,0.0,0.0,732.1020254752149,0.5,1.364343960536488,1.524038980675515
1923,train,1,0,1,-575.8283555781807,-2194.4170671597344,0.0,-468.8279525759691,-243.86571445566392,0.0,-0.29999999999999993,-281.50380255295033,0.5,1.3710198942337635,1.578339732744806
1923,train,1,2,1,-1151.6567111563613,-1883.8082412510043,0.0,200.15222480848672,-87.0002127715467,0.0,-0.09999999999999998,-174.07449520981953,0.5,1.3710198942337635,1.578339732744806
1924,train,0,1,0,360.0,890.5705637060018,0.0,0.0,0.0,0.0,0.0,0.0,0.5,1.0,1.0
1924,train,1,2,1,-300.0,-81.92765092719492,0.0,0.0,0.0,0.0,0.0,0.0,0.5,1.0,1.0
1925,train,0,2,0,-61.68388782222441,-233.54760054113655,0.0,0.0,0.0,0.0,1.0,0.0,0.5,1.0280647970370735,1.1157761098320471
1925,train,2,1,1,431.7872147555709,597.8438117119359,0.0,0.0,0.0,0.0,0.0,0.0,0.5,1.0280647970370735,1.1157761098320471
1926,train,0,2,0,150.66825109879963,645.394861498646,0.19047619047619047,-16.03646259715582,52.86577057006698,0.0,1.1904761904761905,13.916730954531342,0.5,0.8370458394377757,0.6137136817961625
1926,train,1,2,0,251.1137518313327,461.2463498084329,0.19047619047619047,22.849965724812762,72.70430406348981,-0.2857142857142857,1.6666666666666665,32.79365528945702,0.5,0.8370458394377757,0.6137136817961625
1927,train,0,1,1,48.933707418055064,-1636.4940540686653,-0.19047619047619047,-46.44144893125943,-97.16303970833464,0.14285714285714285,0.23809523809523814,-30.642686833209442,0.5,0.8155617903009177,1.8040366937070391
1927,train,0,2,1,-48.933707418055064,-1928.449008449683,-0.19047619047619047,-68.59542928037297,-104.03290118527701,0.2857142857142857,0.9523809523809523,1.4340983662419455,0.5,0.8155617903009177,1.8040366937070391
1928,train,0,1,0,120.0,511.7843863327307,0.0,828.2364237058173,0.0,-0.3333333333333333,0.0,0.0,0.5,1.0,1.0
1928,train,2,1,0,480.0,2223.6657170551352,0.0,101.70515466603564,0.0,0.3333333333333333,0.0,0.0,0.5,1.0,1.0
1929,train,0,2,0,-240.0,-370.8071441142333,0.0,0.0,0.0,0.0,0.0,0.0,0.5,1.0,1.0
1929,train,1,2,0,-120.0,-86.24009851807205,0.0,0.0,0.0,0.0,0.0,0.0,0.5,1.0,1.0
1930,train,0,2,0,-633.3550696629331,-664.8834921204656,0.20000000000000004,-25.691191597196166,259.5182583054512,0.0,0.0,-11.175559439917336,0.5,1.5079882611022217,0.6264373398664018
1930,train,2,1,1,-90.47929566613331,113.31215607367785,0.0,5.39242675944115,30.7143030540546,0.0,0.0,-120.76195791121663,0.5,1.5079882611022217,0.6264373398664018
1931,train,0,2,0,486.83225818993196,1520.3550120575342,-0.6666666666666666,0.0,0.0,0.0,1.5,138.52262431880166,0.5,0.81138709698322,1.1618121469074292
1931,train,2,1,1,-146.0496774569796,-305.4147033980479,0.33333333333333326,0.0,0.0,0.0,-2.5,-161.62100592720523,0.5,0.81138709698322,1.1618121469074292
1932,validation,0,1,0,-180.0,1002.1756463536558,0.0,0.0,0.0,0.0,0.0,0.0,0.5,1.0,1.0
1932,validation,1,2,1,-60.0,-1115.6458286724273,0.0,0.0,0.0,0.0,0.0,0.0,0.5,1.0,1.0
1933,test,1,0,0,1338.6970949771146,262.83102347662987,0.4,0.0,53.753460348885056,-0.2,0.0,-7.349933302578648,0.5,1.8593015208015482,1.1190583174040118
1933,test,0,2,1,0.0,47.68014846052186,0.0,0.0,-83.99489819815878,0.2,0.0,-19.431485327201926,0.5,1.8593015208015482,1.1190583174040118
1934,train,0,2,0,439.26785935135257,1708.7751423325174,0.0,0.0,0.0,0.3333333333333333,2.666666666666667,0.0,0.5,1.464226197837842,1.99969336453161
1934,train,1,2,0,351.41428748108206,1223.0370125469433,0.0,0.0,0.0,0.0,1.9999999999999998,0.0,0.5,1.464226197837842,1.99969336453161
1935,validation,0,2,0,154.7106365907446,3350.7771665586197,-1.2,-13.752395467157157,216.5299806206037,0.8,0.0,0.0,0.5,0.8595035366152477,1.1327880379447184
1935,validation,2,1,1,-412.5616975753189,-2132.335445023885,1.5,-85.55463231617361,-114.42054523030188,-0.4,0.0,0.0,0.5,0.8595035366152477,1.1327880379447184
1936,validation,2,0,1,-375.16859136893237,-121.43133050593553,-0.42857142857142855,0.8020318640248831,47.357094904291515,-0.2857142857142857,-0.09523809523809523,-228.6864477361564,0.5,0.6252809856148873,1.8417028625196068
1936,validation,1,2,0,600.2697461902918,-1794.2663263713926,0.0,-3.8483871780618983,-49.11179501082921,0.2857142857142857,-0.2857142857142857,210.98052082412437,0.5,0.6252809856148873,1.8417028625196068
1937,train,0,1,1,-512.9830527806595,-988.6349580652791,-3.3333333333333335,0.0,0.0,0.0,0.0,-131.92687788933836,0.5,1.709943509268865,0.6852556201189773
1937,train,2,0,0,820.7728844490553,961.9530694422725,2.0,0.0,0.0,0.0,0.0,153.5816754668878,0.5,1.709943509268865,0.6852556201189773
1938,test,0,1,0,-180.0,329.54878169513313,0.0,0.0,0.0,0.0,0.0,0.0,0.5,1.0,1.0
1938,test,1,2,1,120.0,-431.6424778895621,0.0,0.0,0.0,0.0,0.0,0.0,0.5,1.0,1.0
1939,train,0,1,1,-548.6791003700453,-1501.4170999339128,0.2857142857142857,-597.3986596452369,-249.8460059860469,0.0,0.09523809523809523,67.3364253387365,0.5,0.9144651672834088,1.2061521710273733
1939,train,2,0,0,-54.86791003700453,918.547362080476,-0.14285714285714285,165.77998335397584,67.88924412113175,0.0,0.19047619047619047,160.94459496512872,0.5,0.9144651672834088,1.2061521710273733
1940,train,0,1,1,60.0,111.19348222455028,0.0,0.0,0.0,0.0,0.0,0.0,0.5,1.0,1.0
1940,train,0,2,1,-120.0,-852.6494700396674,0.0,0.0,0.0,0.0,0.0,0.0,0.5,1.0,1.0
1941,train,1,0,0,300.0,-409.0721518997443,0.0,0.0,0.0,0.0,0.0,0.0,0.5,1.0,1.0
1941,train,2,0,0,-60.0,-742.9424981464385,0.0,0.0,0.0,0.0,0.0,0.0,0.5,1.0,1.0
1942,test,0,2,0,333.27620500364844,2541.3937797397,0.2857142857142857,129.82008908142637,-26.265293172083723,0.2857142857142857,1.1904761904761902,23.09629895925606,0.5,0.5554603416727474,1.167497436353592
1942,test,1,2,0,166.63810250182422,1341.517503462783,0.14285714285714285,60.34418578932336,86.49417183343593,0.0,0.47619047619047616,1.908685898324548,0.5,0.5554603416727474,1.167497436353592
1943,train,1,0,0,407.8132386199799,3409.721950246285,0.0,122.17871113499905,33.690718706442595,0.0,0.0,0.0,0.5,0.6796887310332999,1.3164058510777865
1943,train,2,0,0,326.2505908959839,2823.870301577133,0.0,-39.635867560771544,349.8051123580102,1.0,0.0,0.0,0.5,0.6796887310332999,1.3164058510777865
1944,validation,1,0,0,375.5072810473468,1259.8464221634347,0.0,0.0,0.0,0.0,0.0,210.71667741368893,0.5,1.5646136710306116,1.4874658179021214
1944,validation,2,0,0,-469.38410130918345,-516.9538222409782,0.0,0.0,0.0,0.0,0.0,145.26639214653292,0.5,1.5646136710306116,1.4874658179021214
1945,train,1,0,0,-99.92441655200548,209.27452716615198,0.2,-49.21824289663482,167.03268128226424,0.4,0.0,0.0,0.5,1.6654069425334246,0.5355683397502179
1945,train,0,2,1,0.0,78.67734284281526,-0.2,-102.65663135789072,-211.00726113140635,0.0,0.0,0.0,0.5,1.6654069425334246,0.5355683397502179
1946,test,0,1,0,209.33497978350255,3609.6146896147416,0.0,0.0,0.0,0.0,0.0,1134.7196716376927,0.5,0.5814860549541737,0.9682626926776744
1946,test,2,1,0,453.55912286425547,209.75868091331202,0.0,0.0,0.0,0.0,0.0,0.0,0.5,0.5814860549541737,0.9682626926776744
1947,validation,1,0,0,38.12502870831085,-442.61439115852,0.0,0.0,0.0,1.0,0.0,0.0,0.5,0.6354171451385142,1.0690153098758393
1947,validation,2,0,0,0.0,917.4570755680061,0.0,0.0,0.0,3.0,0.0,0.0,0.5,0.6354171451385142,1.0690153098758393
1948,test,1,0,0,0.0,-45.956469200837,0.0,0.0,0.0,0.0,0.0,226.31645637417535,0.5,0.6557297164930701,1.9223548093166072
1948,test,0,2,1,-78.68756597916841,928.8325523568632,0.0,0.0,0.0,0.0,0.0,-188.48223903182222,0.5,0.6557297164930701,1.9223548093166072
1949,test,1,0,0,-120.0,354.99899342468234,0.26666666666666666,-111.30207050427319,0.0,0.06666666666666667,-0.2,25.821496972425656,0.5,1.0,1.0
1949,test,2,0,0,-120.0,-91.68912520407866,1.0666666666666667,-79.71034912908596,0.0,0.0,0.6,7.36242440837453,0.5,1.0,1.0
1950,test,2,0,1,-166.7360392942064,1842.5212780210738,-0.19047619047619047,159.28166952920765,-247.79926224955395,0.14285714285714285,-0.2857142857142857,-149.88471919013304,0.5,0.5557867976473546,1.3020673130014668
1950,test,1,2,0,166.7360392942064,-1705.4724493326175,0.0,-108.3255551507026,120.4494125101472,0.14285714285714285,0.23809523809523803,148.26469538644878,0.5,0.5557867976473546,1.3020673130014668
1951,train,0,1,0,494.60876164586614,1908.187417516307,0.047619047619047616,282.65660645981677,-25.400731960379506,0.0,0.23809523809523803,-85.14397213075041,0.5,1.648695872152887,1.1626316484141899
1951,train,1,2,1,296.76525698751965,-415.9800040537707,0.0,-356.6327006074738,48.86478339342924,-0.14285714285714285,0.23809523809523808,85.14397213075041,0.5,1.648695872152887,1.1626316484141899
1952,train,2,0,1,180.0,-2282.7112198845334,-0.33333333333333337,-456.02971367490863,-430.06039361267085,0.0,0.0,0.0,0.5,1.0,1.0
1952,train,1,2,0,-960.0,-414.25501850927685,0.0,945.3876306015927,140.30873562737645,0.0,0.0,0.0,0.5,1.0,1.0
1953,train,0,1,1,-480.0,272.0199734358016,0.0,0.0,0.0,0.0,0.0,0.0,0.5,1.0,1.0
1953,train,0,2,1,-300.0,87.86041631674198,0.0,0.0,0.0,0.0,0.0,0.0,0.5,1.0,1.0
1954,train,0,1,1,-480.0,-307.11765903597006,0.0,-205.201859004563,13.455131676863488,-0.19047619047619047,0.0,64.07062692669476,0.5,1.0,1.0
1954,train,2,0,0,300.0,-980.4362216928798,-0.23809523809523808,105.29470902520717,12.996245900754838,0.19047619047619047,-0.28571428571428564,-24.411557354359743,0.5,1.0,1.0
1955,train,2,0,1,-234.59329699295,-93.48932778526088,0.0,0.0,0.0,0.0,0.0,-109.30955238226878,0.5,1.9549441416079167,0.9747647818345465
1955,train,1,2,0,234.59329699295,-24.329776642807406,0.0,0.0,0.0,0.0,0.0,57.23180129053216,0.5,1.9549441416079167,0.9747647818345465
1956,train,1,0,1,-32.427550535324094,10.567037944598031,0.0,0.0,19.014674584204197,0.0,0.0,19.785496786225053,0.5,0.5404591755887349,0.7537860921559467
1956,train,1,2,1,0.0,-427.8364301638095,0.0,0.0,1.6416343573972512,0.0,-0.19999999999999996,-10.802070501162024,0.5,0.5404591755887349,0.7537860921559467
1957,validation,0,1,0,138.45226740801266,-101.40571110314613,0.0,0.0,0.0,1.0,0.0,0.0,0.5,0.5768844475333861,1.0791156602060021
1957,validation,2,1,0,34.613066852003165,743.303151763465,0.0,0.0,0.0,1.0,0.0,0.0,0.5,0.5768844475333861,1.0791156602060021
1958,train,2,0,1,422.66531969687304,351.8008032478059,0.0,0.0,117.31780927173838,0.0,-1.2000000000000002,-103.68945745759588,0.5,1.761105498736971,0.5868948406949379
1958,train,2,1,1,-105.66632992421826,1142.4124439715479,0.4,0.0,142.0246691467492,0.0,-0.2,-246.75573098835665,0.5,1.761105498736971,0.5868948406949379
1959,train,2,0,1,-120.0,-1536.872815836221,0.0,0.0,0.0,0.0,0.0,0.0,0.5,1.0,1.0
1959,train,1,2,0,540.0,3129.616475610498,0.0,0.0,0.0,0.0,0.0,0.0,0.5,1.0,1.0
1960,train,1,0,0,622.1480236997539,3015.9376588515674,0.0,284.5587485733293,197.99369428123836,0.0,0.2857142857142857,-68.43618252490394,0.5,1.7281889547215388,1.39306299998443
1960,train,2,0,0,0.0,-969.5651291669369,0.19047619047619047,276.29226227510736,-22.564885200873704,0.09523809523809523,0.09523809523809523,59.011366910011674,0.5,1.7281889547215388,1.39306299998443
1961,train,0,1,1,96.67778810881583,298.99873384253925,0.4,36.925015231219575,-116.04801546250847,0.0,0.0,-37.91703760085804,0.5,1.611296468480264,1.2028627638093374
1961,train,2,0,0,0.0,-545.1002875646566,0.0,67.76799197100284,-68.87321244819586,0.0,0.0,-4.5113559030652866,0.5,1.611296468480264,1.2028627638093374
1962,train,2,0,1,-30.351195408982317,-1817.3337171083401,0.0,0.0,0.0,-0.3333333333333333,-4.0,0.0,0.5,0.5058532568163719,1.1518605578771728
1962,train,2,1,1,-30.351195408982317,-421.3863008907472,0.0,0.0,0.0,-0.3333333333333333,-2.0,0.0,0.5,0.5058532568163719,1.1518605578771728
1963,train,2,0,1,-426.46545351526515,-1140.5565515750295,0.047619047619047616,1.2213953287208597,34.14876456286775,0.0,-0.23809523809523803,19.466136553430538,0.5,1.4215515117175506,1.5757386551661126
1963,train,2,1,1,-170.58618140610608,-506.10117446382793,-0.09523809523809523,-126.3941871219266,14.276929463126713,0.0,0.0,35.03831122727595,0.5,1.4215515117175506,1.5757386551661126
1964,train,1,0,1,-359.8550114973188,-2828.3402024393545,-1.4999999999999998,76.03404098960459,-237.39003387290688,0.0,-2.4,0.0,0.5,0.5997583524955313,1.2390949086025793
1964,train,1,2,1,-179.9275057486594,-891.8367547854155,0.0,22.950136753641743,-105.04208997028682,0.0,-0.3999999999999999,0.0,0.5,0.5997583524955313,1.2390949086025793
1965,train,0,1,1,-518.5822162637002,-49.78541752863947,-0.09523809523809523,-24.03033543279267,-147.32031033732864,0.0,-1.0,-95.86009516337622,0.5,0.785730630702576,1.0397291336143912
1965,train,2,0,0,377.1507027372365,-1415.288115596657,0.0,38.25634971362551,204.56745198510401,0.47619047619047616,0.2857142857142858,117.91039209913842,0.5,0.785730630702576,1.0397291336143912
1966,validation,1,0,0,339.0210464967573,-261.7461227485172,0.0,0.0,0.0,0.0,0.6666666666666665,162.80693131862003,0.5,1.412587693736489,1.101502949019015
1966,validation,2,0,0,423.7763081209467,-215.65575097738588,0.0,0.0,0.0,0.0,-0.33333333333333326,203.67002896958957,0.5,1.412587693736489,1.101502949019015
1967,validation,0,1,1,-240.0,-2105.2983758422447,0.0,-627.9652766317306,0.0,0.0,-1.6666666666666665,0.0,0.5,1.0,1.0
1967,validation,0,2,1,-120.0,101.01904894640757,0.0,58.30236887890101,0.0,0.0,-1.3333333333333335,0.0,0.5,1.0,1.0
1968,train,1,0,0,240.0,394.71956751717744,0.0,0.0,0.0,0.0,0.0,0.0,0.5,1.0,1.0
1968,train,0,2,1,-120.0,470.50653342092255,0.0,0.0,0.0,0.0,0.0,0.0,0.5,1.0,1.0
1969,train,2,0,1,-235.07863962547998,-631.7134544257605,0.0,-22.2236967455963,-37.880984473972376,0.6666666666666666,0.0,0.0,0.5,0.5597110467273333,1.1969936772666891
1969,train,2,1,1,-33.58266280364,-912.0566740999075,0.0,-169.7510452623545,-260.13573082115056,0.3333333333333333,0.0,0.0,0.5,0.5597110467273333,1.1969936772666891
1970,train,2,0,1,-73.93916501398971,-2088.7306291428854,0.0,0.0,-865.630018047423,0.16666666666666666,-0.9999999999999998,0.0,0.5,0.6161597084499142,1.668746363848973
1970,train,2,1,1,-110.90874752098455,-638.2663292810657,0.0,0.0,-77.05593442072944,0.16666666666666666,-0.9999999999999998,0.0,0.5,0.6161597084499142,1.668746363848973
1971,train,1,0,0,-68.4933733136029,-424.6099650917378,0.2857142857142857,-101.86676114847532,42.6404213693501,-0.09523809523809523,0.0,2.7553360637493256,0.5,1.1415562218933817,1.3221366415995934
1971,train,0,2,1,136.9867466272058,-242.09082261491673,-0.2857142857142857,123.92819535907151,-27.279890942039856,0.0,-0.7619047619047619,-33.13409416917152,0.5,1.1415562218933817,1.3221366415995934
1972,validation,0,1,0,368.03570152391933,625.3649467345496,0.0,0.0,0.0,0.0,0.0,0.0,0.5,0.7667410448414986,0.5165124541382493
1972,validation,2,1,0,230.0223134524496,66.20230322747693,0.0,0.0,0.0,0.0,0.0,0.0,0.5,0.7667410448414986,0.5165124541382493
1973,train,0,2,0,232.3164531983776,282.0190912199454,0.0,38.53386601766845,189.18643103962128,0.4,0.4,-49.607427842211,0.5,0.9679852216599066,1.1925576484379476
1973,train,2,1,1,174.2373398987832,50.80420287198307,0.0,-140.4546217856758,-83.94992000894052,-0.2,-0.4,41.49500701565451,0.5,0.9679852216599066,1.1925576484379476
1974,train,0,1,1,180.0,-464.48898586912037,0.0,0.0,0.0,0.0,0.0,0.0,0.5,1.0,1.0
1974,train,2,0,0,-120.0,-39.96112382427873,0.0,0.0,0.0,0.0,0.0,0.0,0.5,1.0,1.0
1975,test,1,0,1,-299.2850211957066,-135.71578034881188,0.0,0.0,0.0,0.0,0.0,0.0,0.5,1.2470209216487773,1.0114179591749979
1975,test,1,2,1,-374.1062764946332,-1070.0743319166781,0.0,0.0,0.0,0.0,-1.0,0.0,0.5,1.2470209216487773,1.0114179591749979
1976,train,0,2,0,180.0,375.2933767938821,0.0,0.0,0.0,0.0,0.0,0.0,0.5,1.0,1.0
1976,train,1,2,0,420.0,80.44387509518128,0.0,0.0,0.0,0.0,0.0,0.0,0.5,1.0,1.0
1977,train,0,2,0,180.0,522.4041674303335,0.0,-125.49392826361236,0.0,0.0,0.0,0.0,0.5,1.0,1.0
1977,train,2,1,1,-180.0,-709.4118474494853,0.0,-290.59610288559475,0.0,0.0,0.0,0.0,0.5,1.0,1.0
1978,train,1,0,0,131.3276115413738,350.2708460137267,0.0,-20.648955465901636,7.656260238412216,0.0,0.09523809523809523,132.46118167925,0.5,0.5471983814223909,0.5663308482393895
1978,train,2,0,0,-32.83190288534345,240.22132991327933,0.5714285714285714,-33.690764447601524,-48.87466757381216,0.7142857142857142,-0.2857142857142857,120.81711303341791,0.5,0.5471983814223909,0.5663308482393895
1979,train,1,0,0,0.0,-141.901771638592,1.3333333333333333,0.0,129.20587638850242,0.0,0.0,0.0,0.5,0.7433816987319964,0.7374680987554609
1979,train,0,2,1,-89.20580384783958,-247.71914632936839,-2.6666666666666665,0.0,167.23106198357885,0.0,0.0,0.0,0.5,0.7433816987319964,0.7374680987554609
1980,validation,2,0,1,234.63387374847014,426.2981969511472,-1.0,0.0,-17.237359917360436,0.0,0.0,0.0,0.5,0.5586520803535003,0.7011549721191431
1980,validation,1,2,0,603.3442467817804,2359.1886764148794,1.3333333333333333,0.0,1202.03068931506,0.0,0.0,0.0,0.5,0.5586520803535003,0.7011549721191431
1981,validation,0,1,1,-60.0,-1069.9455635697745,0.0,-658.2888512142641,0.0,0.0,0.0,0.0,0.5,1.0,1.0
1981,validation,0,2,1,180.0,-422.5181519099515,0.0,-327.489706560708,0.0,0.0,0.0,0.0,0.5,1.0,1.0
1982,train,0,2,0,385.1440674755509,1173.3741017776272,0.0,0.0,61.82323268249547,0.1,0.6,-38.23028638863415,0.5,1.6047669478147955,1.7705684646345745
1982,train,1,2,0,96.28601686888773,344.91295003054637,0.0,0.0,131.21188079247017,0.1,0.6,-21.645539615468913,0.5,1.6047669478147955,1.7705684646345745
1983,train,0,1,0,-211.68419934394032,-797.917411828858,1.3333333333333333,220.17405858309186,0.0,0.0,0.0,0.0,0.5,1.764034994532836,1.3275397631945347
1983,train,1,2,1,105.84209967197016,286.8953982483575,-1.3333333333333333,-296.6037668148474,0.0,0.0,0.0,0.0,0.5,1.764034994532836,1.3275397631945347
1984,train,1,0,0,64.1302527259448,0.0,0.47619047619047616,-60.346506361260964,19.162966001743627,0.0,0.5714285714285714,-8.355072231417768,0.5,1.0688375454324133,0.9005413333181665
1984,train,2,0,0,-64.1302527259448,0.0,0.23809523809523808,-88.40672393674994,33.53367994119871,0.0,0.2857142857142857,-15.821072533778441,0.5,1.0688375454324133,0.9005413333181665
1985,test,2,0,1,292.86472285252984,-429.31115462624456,0.3333333333333333,0.0,37.70717937639924,-1.0,0.0,0.0,0.5,0.813513119034805,1.1015197366853962
1985,test,1,2,0,48.8107871420883,1488.3970254868789,0.0,0.0,87.80835262908721,0.5,0.0,0.0,0.5,0.813513119034805,1.1015197366853962
1986,train,0,2,0,146.67480516911183,564.134659929652,0.09523809523809523,214.41500465638995,-23.315138571333122,0.14285714285714285,-0.38095238095238093,-33.03018218398488,0.5,1.222290043075932,0.9883286465637372
1986,train,1,2,0,366.6870129227796,1505.161023181704,-0.047619047619047616,57.71365497473147,-2.36490904092787,0.0,0.09523809523809523,39.80855919876563,0.5,1.222290043075932,0.9883286465637372
1987,train,2,0,1,-428.52929413364484,-115.19813952814529,0.0,0.0,0.0,0.0,1.3333333333333335,0.0,0.5,1.428430980445483,0.61324313322486
1987,train,2,1,1,-171.41171765345794,-138.6801368084465,0.0,0.0,0.0,0.0,0.6666666666666667,0.0,0.5,1.428430980445483,0.61324313322486
1988,train,0,1,1,-314.828723346518,-1009.6957173453509,0.0,0.0,0.0,-2.6666666666666665,0.0,0.0,0.5,1.3117863472771585,0.5452274085676737
1988,train,0,2,1,-157.414361673259,-627.7832541330748,-0.6666666666666666,0.0,0.0,0.0,0.0,0.0,0.5,1.3117863472771585,0.5452274085676737
1989,train,1,0,0,420.0,856.629618065952,0.0,363.53325082224916,41.44508546269353,-0.14285714285714285,0.9523809523809523,-40.452379614070345,0.5,1.0,1.0
1989,train,0,2,1,120.0,58.11496511551468,0.047619047619047616,-184.53565770571305,-237.1521478927433,0.14285714285714285,-0.9523809523809523,7.661600598711793,0.5,1.0,1.0
1990,train,0,1,0,0.0,-1028.7055900614132,0.0,0.0,0.0,0.0,0.0,0.0,0.5,1.0,1.0
1990,train,2,1,0,360.0,553.8723348423855,0.0,0.0,0.0,0.0,0.0,0.0,0.5,1.0,1.0
1991,validation,2,0,1,0.0,-382.73746192200514,0.0,-43.43893916571863,0.0,-0.33333333333333337,0.5,0.0,0.5,0.6389071737100201,0.8391511740466013
1991,validation,1,2,0,-76.66886084520242,239.0312161670948,0.0,232.8282045328271,0.0,-0.3333333333333333,0.5,0.0,0.5,0.6389071737100201,0.8391511740466013
1992,train,2,0,1,60.0,-584.4232416374434,0.0,0.0,0.0,0.0,0.0,0.0,0.5,1.0,1.0
1992,train,2,1,1,0.0,487.33432263936174,0.0,0.0,0.0,0.0,0.0,0.0,0.5,1.0,1.0
1993,train,2,0,1,-127.12658760485904,-1739.698211516084,-1.0,0.0,0.0,0.0,0.0,0.0,0.5,1.059388230040492,1.4486217426347252
1993,train,1,2,0,254.25317520971808,1290.3925366163694,0.0,0.0,0.0,0.0,0.0,0.0,0.5,1.059388230040492,1.4486217426347252
1994,train,1,0,0,120.0,-501.71822396741936,0.0,0.0,0.0,0.0,0.0,0.0,0.5,1.0,1.0
1994,train,0,2,1,0.0,-1018.5491123222464,0.0,0.0,0.0,0.0,0.0,0.0,0.5,1.0,1.0
1995,train,2,0,1,-87.70149854898487,-537.1221281054401,-0.19047619047619047,-0.6631120938021837,-26.50246886101032,0.0,0.5714285714285714,0.0,0.5,1.4616916424830813,0.8895490988616381
1995,train,2,1,1,-263.1044956469546,-574.2296591974427,0.0,-71.45854541425595,-3.4471669433956613,-0.23809523809523808,0.7142857142857142,-53.808933632053794,0.5,1.4616916424830813,0.8895490988616381
1996,test,1,0,1,-180.0,-457.4742392016974,0.0,0.0,0.0,0.0,0.0,0.0,0.5,1.0,1.0
1996,test,2,1,0,120.0,238.2006720599561,0.0,0.0,0.0,0.0,0.0,0.0,0.5,1.0,1.0
1997,train,0,1,1,0.0,-763.8468399049411,0.0,166.57873712520353,0.0,0.0,-2.666666666666666,0.0,0.5,1.9452847060346117,1.2239932770337274
1997,train,2,0,0,0.0,-158.05139318908914,0.0,-242.18264838873108,0.0,0.0,-1.3333333333333335,0.0,0.5,1.9452847060346117,1.2239932770337274
1998,train,0,1,1,0.0,-159.89056163564373,0.0,0.0,0.0,0.0,0.0,0.0,0.5,1.0,1.0
1998,train,2,0,0,60.0,142.16957309037025,0.0,0.0,0.0,0.0,0.0,0.0,0.5,1.0,1.0
1999,train,2,0,1,-140.579752437832,-2717.264209857463,-0.42857142857142855,-43.882243329981975,-91.01802996247088,0.0,-0.09523809523809523,-103.9282970293059,0.5,0.7809986246546222,1.507597535807743
1999,train,2,1,1,-46.859917479277335,-600.3483016754421,-0.42857142857142855,22.710965566305333,-60.48635850228556,0.0,0.09523809523809523,-7.912426373643712,0.5,0.7809986246546222,1.507597535807743
2000,validation,0,1,0,84.86070204639037,246.25565053573393,0.0,0.0,0.0,0.0,1.3333333333333335,-57.18537145588246,0.5,0.7071725170532531,0.8719160498723625
2000,validation,1,2,1,84.86070204639037,8.997472588499987,0.0,0.0,0.0,0.0,1.3333333333333333,9.316706851790059,0.5,0.7071725170532531,0.8719160498723625
2001,train,1,0,0,35.5510422950661,403.93747091545004,-0.2,0.0,17.548693764963772,0.0,1.6,-4.971366808747868,0.5,0.592517371584435,0.6321072040704696
2001,train,0,2,1,-177.7552114753305,-318.99825493394746,-0.2,0.0,-49.22223734234732,0.0,-0.4,-18.677813423373614,0.5,0.592517371584435,0.6321072040704696
2002,train,0,1,0,392.83290524863565,418.7417205002409,-0.2,210.20629260414245,-6.8181519477810895,0.26666666666666666,0.0,203.30904962751657,0.5,1.309443017495452,0.952058762718522
2002,train,2,1,0,235.6997431491814,-770.7151426350852,-0.4,163.45122859035968,18.449470139422292,0.26666666666666666,0.0,68.13370642840302,0.5,1.309443017495452,0.952058762718522
2003,train,0,1,1,-280.05041817611703,-1604.8885749991184,-0.13333333333333333,0.0,-231.7313848314302,-0.8,0.0,-181.88048626413368,0.5,1.5558356565339835,1.7636013621760043
2003,train,2,0,0,-653.450975744273,551.0405304175632,0.4,0.0,-43.79354358442856,0.0,-0.26666666666666666,85.33707827228626,0.5,1.5558356565339835,1.7636013621760043
2004,validation,1,0,0,262.30314528436674,-200.38541797278788,0.0,7.185970975090001,-0.056399029296756,0.0,-0.2666666666666666,-30.703844538232005,0.5,0.6245312982961113,1.1538600060921311
2004,validation,0,2,1,74.94375579553336,720.9699215045052,0.0,17.640151418337496,31.701253425525934,-0.3333333333333333,0.5333333333333332,45.23967927766098,0.5,0.6245312982961113,1.1538600060921311
2005,train,0,2,0,180.0,1216.3759539960297,0.4000000000000001,-20.140582596135005,252.3412971589638,0.0,0.0,22.68643369039497,0.5,1.0,1.0
2005,train,1,2,0,0.0,-43.35782950483235,0.2,-12.841586130053997,245.86386643393757,0.0,0.0,-1.2753840687963702,0.5,1.0,1.0
2006,test,0,2,0,60.0,-635.4698241296774,0.0,1116.163681183259,227.03801392839176,0.0,0.0,0.0,0.5,1.0,1.0
2006,test,1,2,0,240.0,-21.45922096347931,0.0,1442.106138298187,-23.708425821871117,0.0,0.0,0.0,0.5,1.0,1.0
2007,test,2,0,1,180.0,-455.6221681702391,-0.6666666666666667,-542.8146780844183,-178.53901383686727,0.0,0.0,0.0,0.5,1.0,1.0
2007,test,2,1,1,-240.0,-2195.5149609923546,0.0,-1909.6894335357697,-680.9528212973036,0.0,0.0,0.0,0.5,1.0,1.0
2008,train,2,0,1,180.0,56.21862759307078,0.0,55.766385286352715,0.0,0.0,-1.9999999999999998,-41.91479701077811,0.5,1.0,1.0
2008,train,1,2,0,240.0,663.6731821540816,0.0,569.1454085351475,0.0,0.0,1.0,56.45199153670687,0.5,1.0,1.0
2009,validation,2,0,1,60.0,123.63875404345981,0.0,72.0629820670921,0.0,0.0,0.0,0.0,0.5,1.0,1.0
2009,validation,1,2,0,120.0,311.57861518713844,0.0,1036.8279130768383,0.0,0.0,0.0,0.0,0.5,1.0,1.0
2010,train,1,0,0,120.0,523.1083487936703,0.0,0.0,0.0,0.0,0.0,0.0,0.5,1.0,1.0
2010,train,2,0,0,0.0,-23.637442337172615,0.0,0.0,0.0,0.0,0.0,0.0,0.5,1.0,1.0
2011,train,1,0,0,96.03628637671781,408.30753629794566,0.0,184.35869743358768,0.0,0.0,0.0,-6.843550242847478,0.5,0.533534924315099,0.6150349796433803
2011,train,2,0,0,160.0604772945297,711.1426110835694,0.0,466.2710021986763,0.0,0.0,0.0,-30.680712466952308,0.5,0.533534924315099,0.6150349796433803
2012,train,0,1,0,281.3797088985053,-116.83360243971522,0.0,0.0,0.0,0.0,-1.0,0.0,0.5,1.5632206049916961,1.2571549001692808
2012,train,1,2,1,-656.5526540965124,427.85858761508865,0.0,0.0,0.0,0.0,-0.6666666666666665,0.0,0.5,1.5632206049916961,1.2571549001692808
2013,train,1,0,0,0.0,-534.9307773409478,0.0,-151.50394783381694,0.0,0.0,0.0,0.0,0.5,1.0,1.0
2013,train,2,0,0,-60.0,-270.7736469042543,0.0,-187.86839841046208,0.0,0.0,0.0,0.0,0.5,1.0,1.0
2014,validation,2,0,1,-945.2046448880665,-1735.4538168344911,-1.0,0.0,-29.51514791076623,0.26666666666666666,-0.8,124.4790187811001,0.5,1.2118008267795723,1.6154789294783927
2014,validation,2,1,1,-218.12414882032303,-1539.1808157374319,-0.2,0.0,-11.714656352337848,-0.13333333333333336,-1.5999999999999999,-36.701935298021866,0.5,1.2118008267795723,1.6154789294783927
2015,train,2,0,1,-368.5142164800286,-1412.656593932484,0.0,0.0,0.0,0.0,-5.0,0.0,0.5,1.5354759020001192,0.6532937757235295
2015,train,2,1,1,-552.7713247200429,-2017.658493783079,0.0,0.0,0.0,0.0,-4.0,0.0,0.5,1.5354759020001192,0.6532937757235295
2016,train,0,2,0,303.0467779029644,936.3621037922328,0.0,0.0,49.22617214103305,0.6000000000000001,0.2666666666666666,-39.149403623379115,0.5,1.6835932105720244,0.7856977247874338
2016,train,1,2,0,303.0467779029644,1115.8810642938572,-0.5333333333333333,0.0,-40.9322083390544,0.4000000000000001,-0.13333333333333336,-39.149403623379115,0.5,1.6835932105720244,0.7856977247874338
2017,test,2,0,1,-120.0,449.8135795458702,-0.3333333333333333,-105.39278208584426,-89.95303639242151,0.0,0.0,0.0,0.5,1.0,1.0
2017,test,2,1,1,-60.0,-366.3173706269022,0.0,-86.83937140454066,-99.25477983274551,0.0,0.0,0.0,0.5,1.0,1.0
2018,train,2,0,1,-120.0,335.51815030486796,0.0,0.0,0.0,0.0,0.0,0.0,0.5,1.0,1.0
2018,train,1,2,0,300.0,1272.5025698117115,0.0,0.0,0.0,0.0,0.0,0.0,0.5,1.0,1.0
2019,validation,0,2,0,-74.38476766717112,-1043.096020856998,0.0,55.87418923188005,101.33594548589218,0.0,0.0,107.11142903422946,0.5,0.6198730638930926,1.7657141177426825
2019,validation,2,1,1,-148.76953533434224,-4143.775583126572,0.0,-17.075685388235115,-591.9639825900989,0.0,0.0,-136.10081609329532,0.5,0.6198730638930926,1.7657141177426825
2020,test,0,1,0,-32.82011999183096,1072.356669288203,0.0,521.6577806073742,33.77014851423357,0.0,1.2000000000000002,0.0,0.5,0.5470019998638492,0.6739610670311642
2020,test,1,2,1,229.74083994281668,353.88861692484005,0.0,-365.40094582695815,29.210349773967256,-0.6,0.0,0.0,0.5,0.5470019998638492,0.6739610670311642
2021,train,0,1,0,95.33685937846282,-345.5483033804928,-0.3333333333333333,0.0,0.0,0.0,0.0,71.53835377353626,0.5,1.5889476563077136,1.0695124908111544
2021,train,1,2,1,-381.3474375138513,482.2316068741734,0.3333333333333333,0.0,0.0,0.0,-0.16666666666666663,-114.75235073377239,0.5,1.5889476563077136,1.0695124908111544
2022,train,0,1,0,0.0,374.48669537890464,0.8,-32.102484558777746,0.0,-0.2,0.0,21.889337006904746,0.5,1.243473223317707,0.7039939608927824
2022,train,1,2,1,74.60839339906242,255.65129738877275,0.0,18.84355578614381,0.0,0.1,0.0,49.454918730857905,0.5,1.243473223317707,0.7039939608927824
2023,train,0,2,0,0.0,716.4348338222525,0.0,0.0,-75.54872996298607,0.0,1.5,-129.30087047401324,0.5,0.5224582818103019,0.5961461301546594
2023,train,1,2,0,0.0,110.18488587226204,0.0,0.0,-78.66606263706825,0.0,1.5,-64.43945991810978,0.5,0.5224582818103019,0.5961461301546594
2024,train,2,0,1,-180.0,-2203.275299245639,0.0,0.0,0.0,0.0,0.0,0.0,0.5,1.0,1.0
2024,train,1,2,0,540.0,1305.1710133743836,0.0,0.0,0.0,0.0,0.0,0.0,0.5,1.0,1.0
2025,train,0,1,1,0.0,-377.12239177919,0.0,0.0,0.0,0.0,0.0,0.0,0.5,0.7228919282117692,0.9311677760447595
2025,train,0,2,1,86.7470313854123,178.10052752407574,0.0,0.0,0.0,0.0,0.0,0.0,0.5,0.7228919282117692,0.9311677760447595
2026,test,0,1,1,97.39597726496318,-817.9606210662239,-0.14285714285714285,-536.64791801298,-408.3310709561512,-0.2857142857142857,0.4285714285714286,2.7282256242155576,0.5,1.6232662877493864,1.5825134479572633
2026,test,2,0,0,486.97988632481594,831.4341804368208,0.09523809523809523,275.0483096092946,91.22662404810504,0.8571428571428571,-0.2857142857142858,-2.7282256242155576,0.5,1.6232662877493864,1.5825134479572633
2027,train,0,2,0,-50.73335259194824,584.4060746385132,3.0,0.0,0.0,0.0,0.0,0.0,0.5,0.8455558765324707,1.3631834341400373
2027,train,2,1,1,-152.20005777584473,-355.97323624391737,0.0,0.0,0.0,0.0,0.0,0.0,0.5,0.8455558765324707,1.3631834341400373
2028,train,0,1,1,-249.04554457004684,1256.631148634306,-0.6666666666666666,0.0,0.0,0.0,0.0,51.91886764408707,0.5,1.0376897690418618,1.6794837246828882
2028,train,0,2,1,-249.04554457004684,-107.62591978486189,-0.3333333333333333,0.0,0.0,0.0,0.0,-48.64736240645982,0.5,1.0376897690418618,1.6794837246828882
2029,train,0,1,1,-120.0,-713.7299303425493,0.0,0.0,0.0,0.0,0.0,0.0,0.5,1.0,1.0
2029,train,2,0,0,0.0,364.90519631522784,0.0,0.0,0.0,0.0,0.0,0.0,0.5,1.0,1.0
2030,train,0,1,0,-187.8859928149342,270.79665330354527,0.0,0.0,0.0,0.0,5.333333333333333,0.0,0.5,1.5657166067911183,1.5293888865444634
2030,train,2,1,0,281.8289892224013,1119.9433409350274,0.3333333333333333,0.0,0.0,0.0,4.0,0.0,0.5,1.5657166067911183,1.5293888865444634
2031,validation,0,2,0,46.808226547157155,14.328286627293743,0.3333333333333333,477.1538927081888,0.0,0.0,0.0,-20.703060205896634,0.5,0.7801371091192859,0.5174412345601348
2031,validation,1,2,0,93.61645309431431,133.91278609692841,0.0,600.0224760994436,0.0,0.0,0.0,180.60075536025448,0.5,0.7801371091192859,0.5174412345601348
2032,validation,0,2,0,-177.01491859032276,-59.63579202701182,0.0,-15.628838478087076,-31.04440640610835,-0.2857142857142857,-0.1428571428571429,-3.2352305958324585,0.5,0.983416214390682,0.5149406580154631
2032,validation,1,2,0,59.004972863440926,123.08894916188248,0.0,34.90436271224681,-2.3467521408015557,0.2857142857142857,-0.2857142857142857,10.693921875501982,0.5,0.983416214390682,0.5149406580154631
2033,test,0,1,0,-52.19810447280323,397.3482321672766,0.0,0.0,185.83690691297176,0.0,0.0,0.0,0.5,0.8699684078800538,1.0357973803393603
2033,test,2,1,0,0.0,371.66547167501096,0.2,0.0,-4.795917690676561,0.1,0.0,80.40944866331887,0.5,0.8699684078800538,1.0357973803393603
2034,train,0,1,0,-62.558558218550594,-380.41056978459477,0.0,166.34704964395812,159.02893932013527,-0.06666666666666667,0.1333333333333333,-68.22683074924576,0.5,0.5213213184879216,1.6424245696126907
2034,train,1,2,1,31.279279109275297,1180.9125165785485,0.0,27.246994177730926,-60.31180259909658,0.06666666666666667,-0.5333333333333333,15.899504389532169,0.5,0.5213213184879216,1.6424245696126907
2035,train,0,2,0,226.98428516656128,2128.2450499984284,0.0,184.49011770018717,83.81113454732088,0.0,-0.19047619047619047,-19.098296010973527,0.5,0.5404387742060983,1.919471596429723
2035,train,2,1,1,64.8526529047318,-861.0295711693334,-0.14285714285714285,198.17707632012548,-5.914021636461058,-0.5714285714285714,0.38095238095238093,29.574731553914432,0.5,0.5404387742060983,1.919471596429723
2036,train,0,1,0,264.2670285403794,1091.1254346960732,-0.19047619047619047,19.20646584893803,262.5736838781376,0.0,0.23809523809523814,-6.592680400968135,0.5,0.8808900951345979,1.4243759807479266
2036,train,2,1,0,211.4136228323035,568.2320048335021,0.2857142857142857,-38.83655001775604,-71.53020156323791,0.0,0.9523809523809523,1.7665346272416045,0.5,0.8808900951345979,1.4243759807479266
2037,train,1,0,1,120.0,866.0071767265904,0.0,-330.72410264325015,13.343028587840081,0.0,-0.6,35.77431308961123,0.5,1.0,1.0
2037,train,1,2,1,-180.0,132.6416516016452,0.0,-368.1834075050692,-38.67845747828096,0.0,-1.5,-12.619934324146499,0.5,1.0,1.0
2038,train,0,1,1,180.0,-1357.3511330404249,0.0,0.0,0.0,0.0,0.0,0.0,0.5,1.0,1.0
2038,train,2,0,0,-360.0,-213.08520610763253,0.0,0.0,0.0,0.0,0.0,0.0,0.5,1.0,1.0
2039,train,2,0,1,40.14651817533835,-101.28374126894519,0.0,57.89922192741986,82.34464547710996,0.0,0.19047619047619047,-47.02448933803581,0.5,0.6691086362556392,0.84082072993805
2039,train,2,1,1,-200.73259087669177,-133.34136731628712,-0.23809523809523808,-36.06356046181327,17.62149337702384,0.19047619047619047,0.14285714285714285,-59.60926553190463,0.5,0.6691086362556392,0.84082072993805
2040,train,0,1,1,-543.0304475222289,-873.0762483254969,-0.9523809523809523,-65.4263596355278,-181.82238363029,0.0,0.0,-48.736955559721515,0.5,1.1313134323379768,0.6548181800069838
2040,train,2,0,0,407.27283564167163,-225.6809735654128,-0.19047619047619047,1.4503994787908994,-38.163140514708296,0.09523809523809523,-0.8571428571428571,162.76124137629222,0.5,1.1313134323379768,0.6548181800069838
2041,validation,1,0,0,70.1829685213856,-238.14796045943802,0.19047619047619047,6.863913555782901,-136.8328280838694,0.2857142857142857,0.2857142857142857,86.58793698591221,0.5,0.5848580710115467,1.449257764637317
2041,validation,2,0,0,70.1829685213856,-600.2520420501345,0.09523809523809523,-20.119118443211647,-39.817873768349116,0.2857142857142857,0.1428571428571428,0.0,0.5,0.5848580710115467,1.449257764637317
2042,train,0,2,0,-37.36026404829109,-116.94163264872077,1.0,-206.00996564271696,0.0,0.0,0.0,0.0,0.5,0.6226710674715182,0.6769484643085957
2042,train,1,2,0,-74.72052809658219,-357.2524457806153,1.0,-173.9230471825141,0.0,0.0,-0.3333333333333333,0.0,0.5,0.6226710674715182,0.6769484643085957
2043,train,0,1,0,0.0,-1364.1866236203234,0.20000000000000004,-325.54610820921084,-359.69482295882625,0.0,0.0,307.20648356427574,0.5,0.6024114116710548,1.4225247000686925
2043,train,1,2,1,-144.57873880105316,-1203.903706479785,-0.30000000000000004,-286.40579540369515,297.9977521136839,0.0,0.0,-107.94355931679928,0.5,0.6024114116710548,1.4225247000686925
2044,train,0,2,0,60.0,-280.43200469219846,0.0,0.0,0.0,0.0,0.0,0.0,0.5,1.0,1.0
2044,train,2,1,1,-480.0,-726.5150817745525,0.0,0.0,0.0,0.0,0.0,0.0,0.5,1.0,1.0
2045,train,0,1,1,227.09495112948326,291.38117710057793,0.0,0.0,-11.2282623248758,0.0,0.33333333333333337,0.0,0.5,1.892457926079027,0.686800572671037
2045,train,2,0,0,-454.1899022589665,-322.42058151263586,0.0,0.0,4.735151327129358,0.3333333333333333,-0.16666666666666669,0.0,0.5,1.892457926079027,0.686800572671037
2046,train,2,0,1,-351.6849975091139,-619.6511054391273,-0.5714285714285714,-89.19067780093636,-226.65081611658462,0.0,0.47619047619047616,5.338396484911911,0.5,0.9769027708586497,0.8368024177488953
2046,train,2,1,1,-761.9841612697468,-409.7759481923333,0.14285714285714285,-46.43170093228528,-202.37987258356915,0.47619047619047616,-0.09523809523809523,-4.501473540642522,0.5,0.9769027708586497,0.8368024177488953
2047,train,2,0,1,188.34929067071155,-466.92726069694794,-0.09523809523809523,-270.9915874619684,-6.675245687279499,0.0,-0.38095238095238093,-106.37944123310066,0.5,1.0463849481706198,1.4159031436494314
2047,train,1,2,0,125.56619378047438,582.6412470161077,0.0,176.9454866997989,266.0758037168673,0.14285714285714285,-0.19047619047619047,93.11699997076559,0.5,1.0463849481706198,1.4159031436494314
2048,train,0,2,0,642.3450577933471,2714.4173117272476,0.0,9.362891126418845,-5.388968030403042,0.0,0.7619047619047619,10.21027260349998,0.5,1.3382188704028064,1.2085425088846855
2048,train,1,2,0,160.58626444833678,1640.533394680423,0.8571428571428571,251.3124816319799,326.739354085611,0.0,-0.38095238095238093,-25.615236303597523,0.5,1.3382188704028064,1.2085425088846855
2049,train,1,0,0,-114.88826622971729,-386.45213727454836,0.2,0.0,-2.5889697439019947,0.0,0.8,0.13471854454137855,0.5,1.9148044371619548,0.6169947326546377
2049,train,2,0,0,-114.88826622971729,-286.10625101294534,0.2,0.0,21.37631035007454,0.0,0.8,-8.275408286047703,0.5,1.9148044371619548,0.6169947326546377
2050,validation,1,0,1,70.2618332160797,779.5468521901176,-0.19047619047619047,60.415929779938665,-2.3796586808003326,-0.23809523809523808,0.0,29.06776554860727,0.5,1.1710305536013281,0.8874841536517607
2050,validation,2,1,0,70.2618332160797,-81.22382540191367,0.19047619047619047,-41.60265418587958,-33.52687683883174,0.7142857142857142,0.8571428571428572,-10.732537526026054,0.5,1.1710305536013281,0.8874841536517607
2051,train,0,2,0,141.0538948783097,1166.6623570382758,0.0,0.0,171.9867797386014,0.6666666666666666,0.0,0.0,0.5,0.7836327493239428,0.7128288203867397
2051,train,1,2,0,94.03592991887314,980.129551650269,0.0,0.0,590.9511630247517,1.3333333333333333,0.0,0.0,0.5,0.7836327493239428,0.7128288203867397
2052,train,1,0,0,-60.0,-1137.9258750592885,0.0,813.2468550734095,0.0,0.0,0.0,0.0,0.5,1.0,1.0
2052,train,0,2,1,-240.0,-1268.0253466976728,0.0,-454.9577759347742,0.0,0.0,0.0,0.0,0.5,1.0,1.0
2053,train,1,0,0,300.0,137.03558072843862,0.06666666666666667,-128.35734742274747,3.4779207555615983,0.4,1.0666666666666669,0.0,0.5,1.0,1.0
2053,train,2,0,0,120.0,844.8966266873335,0.13333333333333333,-32.37398301265989,-27.54474650828793,0.0,0.2666666666666667,0.0,0.5,1.0,1.0
2054,train,2,0,1,240.0,-414.19667249549,0.0,0.0,0.0,0.0,0.0,0.0,0.5,1.0,1.0
2054,train,2,1,1,180.0,494.0733316047308,0.0,0.0,0.0,0.0,0.0,0.0,0.5,1.0,1.0
2055,validation,2,0,1,-180.0,-151.67811825025365,0.0,-651.3748239379092,0.0,-0.3333333333333333,-1.3333333333333333,0.0,0.5,1.0,1.0
2055,validation,1,2,0,300.0,1045.2650761510895,0.0,329.00983378125784,0.0,0.0,3.666666666666667,0.0,0.5,1.0,1.0
2056,test,0,1,1,-300.0,-1418.134132332667,0.0,0.0,0.0,0.0,0.0,0.0,0.5,1.0,1.0
2056,test,0,2,1,-480.0,-617.9367036787262,0.0,0.0,0.0,0.0,0.0,0.0,0.5,1.0,1.0
2057,test,0,2,0,71.37059871535685,-617.0671950623117,0.2,-4.29834583583596,0.0,0.06666666666666667,0.0,83.25796288908731,0.5,1.1895099785892809,1.2489104977272714
2057,test,1,2,0,-214.11179614607056,-473.26100052426955,1.0,-153.18831898192855,0.0,0.13333333333333333,0.2666666666666667,181.83593669527224,0.5,1.1895099785892809,1.2489104977272714
2058,train,1,0,1,-120.0,-109.91643327731504,0.0,0.0,0.0,0.0,0.0,0.0,0.5,1.0,1.0
2058,train,1,2,1,-60.0,-10.907101995221865,0.0,0.0,0.0,0.0,0.0,0.0,0.5,1.0,1.0
2059,validation,0,2,0,406.9024020335736,-265.42466102924936,0.0,-139.739007222037,65.10914999053125,0.0,0.0,0.0,0.5,0.8477133375699449,0.9265903450953046
2059,validation,2,1,1,-152.58840076259008,540.439685425977,0.0,312.59500063296696,-355.10289574847025,0.0,0.0,0.0,0.5,0.8477133375699449,0.9265903450953046
2060,validation,1,0,0,-186.3730317668158,-260.7717110812155,0.0,0.0,0.0,0.0,2.0,0.0,0.5,1.0354057320378656,0.7265642426528809
2060,validation,0,2,1,62.12434392227193,-77.70342745635041,0.0,0.0,0.0,0.0,0.0,0.0,0.5,1.0354057320378656,0.7265642426528809
2061,train,0,1,1,57.09137213051637,343.73108710115974,-0.38095238095238093,23.855636000750685,-41.30930698505799,-0.2857142857142857,0.14285714285714285,-3.8420103916532113,0.5,0.9515228688419395,0.7407017184459462
2061,train,0,2,1,-399.63960491361456,-598.6313858241001,-0.19047619047619047,19.951163164313172,-34.211710622706306,-1.1428571428571428,-0.14285714285714285,-9.211146330423958,0.5,0.9515228688419395,0.7407017184459462
2062,train,1,0,1,0.0,555.5995824815327,0.0,0.0,0.0,0.0,0.0,0.0,0.5,1.0,1.0
2062,train,2,1,0,-120.0,-111.21688000303584,0.0,0.0,0.0,0.0,0.0,0.0,0.5,1.0,1.0
2063,test,0,2,0,216.8160489287034,277.66228708188015,0.0,0.0,25.660962458125937,0.0,0.0,0.0,0.5,0.722720163095678,1.597863378639663
2063,test,2,1,1,-303.5424685001848,-1942.5343338261423,0.0,0.0,-29.190863594037694,-0.6666666666666666,0.0,0.0,0.5,0.722720163095678,1.597863378639663
2064,test,2,0,1,60.0,-1411.7228838887063,0.0,0.0,0.0,0.0,0.0,0.0,0.5,1.0,1.0
2064,test,1,2,0,-240.0,854.8762185393739,0.0,0.0,0.0,0.0,0.0,0.0,0.5,1.0,1.0
2065,validation,1,0,0,-123.6243105335505,310.9620347662372,0.0,269.3177485625186,86.37583454360741,0.13333333333333333,1.6666666666666667,52.505785216027185,0.5,0.5151012938897938,0.5632895656912916
2065,validation,0,2,1,61.81215526677525,-284.07051031435776,0.0,-240.9513282778019,-184.89562664307556,-0.06666666666666667,-1.3333333333333333,-27.352228101063524,0.5,0.5151012938897938,0.5632895656912916
2066,test,0,2,0,-60.0,-108.31740025495992,0.0,0.0,0.0,0.0,0.0,0.0,0.5,1.0,1.0
2066,test,1,2,0,120.0,432.34822772058897,0.0,0.0,0.0,0.0,0.0,0.0,0.5,1.0,1.0
2067,train,1,0,1,-420.0,-713.1281218219665,0.0,-1053.6373258722797,0.0,0.0,0.0,0.0,0.5,1.0,1.0
2067,train,1,2,1,-60.0,708.2149701397611,0.0,-1773.7481952184057,0.0,0.0,0.0,0.0,0.5,1.0,1.0
2068,train,1,0,0,-139.57094109886583,651.6054640477009,0.0,0.0,0.0,0.0,0.0,449.8631893336209,0.5,1.163091175823882,1.084901573938632
2068,train,2,0,0,69.78547054943292,633.9930548206298,0.0,0.0,0.0,0.0,0.0,1016.9973310191947,0.5,1.163091175823882,1.084901573938632
2069,train,0,2,0,950.2375298604059,850.271714337077,0.0,12.060213007816571,-324.55687730749764,0.0,2.2857142857142856,61.744101674127705,0.5,1.9796615205425123,0.6621182633598975
2069,train,1,2,0,1900.4750597208117,842.6093507930884,0.19047619047619047,44.59711206638633,-111.69493408065262,-0.14285714285714285,1.1428571428571428,50.822297515576565,0.5,1.9796615205425123,0.6621182633598975
2070,train,0,1,1,-96.04948514528918,-1095.2208113536349,0.0,0.0,61.42079454702234,-0.2,-0.2,46.052515646227846,0.5,0.8004123762107432,1.0383185805753241
2070,train,0,2,1,-144.07422771793378,-1241.8018377503497,0.0,0.0,-76.00726697125384,0.0,-0.4000000000000001,-127.225892933448,0.5,0.8004123762107432,1.0383185805753241
2071,test,0,2,0,-240.0,-83.2577814827946,0.0,-127.01482857387754,35.40188250215306,0.6000000000000001,0.0,-56.48044586031859,0.5,1.0,1.0
2071,test,2,1,1,120.0,-374.9012993769402,0.0,-433.69062131196586,-32.544102686761846,-0.2,0.0,-58.94332917462669,0.5,1.0,1.0
2072,validation,0,1,1,294.72551004102206,-92.77892974623865,0.0,-472.017427958839,-426.8686055678601,0.0,0.0,0.0,0.5,0.7017274048595763,1.2327556634902819
2072,validation,0,2,1,252.62186574944747,219.95770206037452,0.0,-573.5000675884878,23.137676403262617,0.0,0.0,0.0,0.5,0.7017274048595763,1.2327556634902819
2073,train,0,1,0,-351.3718855974201,741.2105983541194,0.0,0.0,67.3523575272045,0.0,0.0,272.3187617336798,0.5,1.9520660310967781,1.5603455619049433
2073,train,1,2,1,-1171.2396186580668,-547.1445137901402,0.0,0.0,278.09774754452735,0.3333333333333333,0.0,-214.77786652404293,0.5,1.9520660310967781,1.5603455619049433
2074,train,1,0,0,480.0,1288.8842361433535,0.0,2031.8692321765243,0.0,0.0,4.666666666666666,0.0,0.5,1.0,1.0
2074,train,0,2,1,-480.0,-604.0942818222838,0.0,-1068.4902191500332,0.0,0.0,-1.333333333333333,0.0,0.5,1.0,1.0
2075,validation,0,1,1,182.0600430385126,-1087.18921822874,-0.9523809523809523,-71.49283738445544,379.42777880484834,0.0,-1.5714285714285714,-37.55160651092377,0.5,1.0114446835472921,0.9912921411092905
2075,validation,0,2,1,-60.686681012837525,376.3552616277566,-0.7142857142857142,94.04699534512415,12.334115973151711,0.2857142857142857,-0.14285714285714285,35.12209296702126,0.5,1.0114446835472921,0.9912921411092905
2076,train,1,0,1,-399.13077244515085,-180.74907071683998,0.0,0.0,0.0,0.5,-0.16666666666666663,9.381884858381973,0.5,1.6630448851881285,1.9088948962880594
2076,train,1,2,1,-399.13077244515085,-1142.4682622341243,0.0,0.0,0.0,0.5,0.5,-64.6728706332747,0.5,1.6630448851881285,1.9088948962880594
2077,train,1,0,1,180.0,992.3076050163963,0.0,-602.9099336762258,0.0,0.0,0.0,0.0,0.5,1.0,1.0
2077,train,1,2,1,180.0,444.6885878533867,0.0,-428.29465813010756,0.0,0.0,0.0,0.0,0.5,1.0,1.0
2078,train,0,2,0,-227.43376508247562,189.19676709590877,0.6666666666666666,0.0,0.0,0.0,0.0,0.0,0.5,1.2635209171248645,1.7005508901012094
2078,train,1,2,0,379.05627513745935,1630.103436978165,1.3333333333333333,0.0,0.0,-0.3333333333333333,0.0,0.0,0.5,1.2635209171248645,1.7005508901012094
2079,train,2,0,1,-209.1644996668447,-1560.3327660730804,0.0,-94.17393639129281,-72.28274383348585,0.0,-1.1428571428571428,43.68124101006793,0.5,1.743037497223706,1.370860585730855
2079,train,1,2,0,209.1644996668447,546.2416311134643,0.2857142857142857,72.05868996312671,39.99595374442411,0.19047619047619047,0.8571428571428571,-68.38910164323806,0.5,1.743037497223706,1.370860585730855
2080,validation,0,2,0,115.47239423286615,525.8230272745043,1.0,0.0,0.0,0.0,0.0,0.0,0.5,0.6415133012937009,0.8562998992580634
2080,validation,1,2,0,76.9815961552441,70.8281432422043,0.0,0.0,0.0,0.0,0.0,0.0,0.5,0.6415133012937009,0.8562998992580634
2081,train,0,1,0,-120.0,163.37456878799048,0.0,-30.2948400594305,60.315026413156126,0.0,0.0,0.0,0.5,1.0,1.0
2081,train,1,2,1,-120.0,-871.5311557894047,0.0,233.19896115175237,-155.56919751084712,0.0,0.0,0.0,0.5,1.0,1.0
2082,train,1,0,0,58.90700762790141,1452.4070712460623,0.0,0.0,79.58850931927526,0.0,0.0,0.0,0.5,0.9817834604650235,1.4702571067916095
2082,train,2,0,0,235.62803051160563,194.00496742557007,0.0,0.0,440.56173094533284,0.0,0.0,0.0,0.5,0.9817834604650235,1.4702571067916095
2083,train,0,2,0,74.13444963086454,-851.7525290277337,0.0,0.0,-37.89561518194199,0.0,0.0,0.0,0.5,1.235574160514409,1.4151816402175497
2083,train,1,2,0,518.9411474160518,529.8877208151279,0.0,0.0,352.78187698299257,0.0,0.0,0.0,0.5,1.235574160514409,1.4151816402175497
2084,train,0,1,0,-68.87607674254606,26.98652022297736,0.0,0.0,0.0,0.0,0.0,-66.00526512936028,0.5,0.5739673061878838,1.962906558634756
2084,train,2,1,0,-172.19019185636515,512.7644031727467,0.0,0.0,0.0,0.0,0.0,114.77104860099716,0.5,0.5739673061878838,1.962906558634756
2085,validation,0,2,0,120.0,393.1992889609828,0.0,798.3745782234735,0.0,0.0,0.0,0.0,0.5,1.0,1.0
2085,validation,2,1,1,60.0,489.7423647823962,0.0,-808.086902246567,0.0,0.0,0.0,0.0,0.5,1.0,1.0
2086,train,0,1,0,175.69016629440412,-461.3724410380408,0.0,0.0,0.0,0.0,0.0,17.83499229560425,0.5,0.9760564794133563,0.504264568174116
2086,train,2,1,0,-58.563388764801374,-222.07768104454988,0.0,0.0,0.0,0.0,0.0,121.36173411361436,0.5,0.9760564794133563,0.504264568174116
2087,train,1,0,1,170.6086490807799,1491.0085317557039,-0.2,0.0,16.524522281971805,0.0,1.0666666666666667,-80.5819753496232,0.5,0.568695496935933,0.8650196443750608
2087,train,1,2,1,34.121729816155984,861.48604283976,0.0,0.0,13.033732965750751,-0.13333333333333333,0.0,1.1791944597005424,0.5,0.568695496935933,0.8650196443750608
2088,test,1,0,1,247.41947766196813,-41.598475896076835,0.3,-132.79125435013256,0.0,0.0,0.0,-28.81267906030358,0.5,1.0309144902582006,0.5777730648392022
2088,test,1,2,1,0.0,-641.7078555394694,0.0,-234.74651111453605,0.0,0.0,-0.20000000000000007,-133.65397159333506,0.5,1.0309144902582006,0.5777730648392022
2089,train,2,0,1,0.0,-754.2356545709895,0.0,0.0,0.0,0.0,0.0,0.0,0.5,1.0,1.0
2089,train,2,1,1,300.0,236.9928166294012,0.0,0.0,0.0,0.0,0.0,0.0,0.5,1.0,1.0
2090,train,2,0,1,-60.0,258.0009161767589,0.0,0.0,0.0,0.0,0.0,0.0,0.5,1.0,1.0
2090,train,1,2,0,420.0,1008.3265060699828,0.0,0.0,0.0,0.0,0.0,0.0,0.5,1.0,1.0
2091,train,1,0,1,-60.0,-465.6294296144961,0.0,0.0,0.0,0.0,0.0,0.0,0.5,1.0,1.0
2091,train,2,1,0,-300.0,732.5173787212207,0.0,0.0,0.0,0.0,0.0,0.0,0.5,1.0,1.0
2092,train,1,0,0,91.94450093981456,79.00860998129004,0.0,0.0,0.0,0.0,5.0,0.0,0.5,0.7662041744984547,0.5055668590545683
2092,train,0,2,1,321.80575328935095,403.35503097724563,0.0,0.0,0.0,0.0,-5.0,0.0,0.5,0.7662041744984547,0.5055668590545683
2093,validation,0,1,1,-240.0,158.03511287872516,0.3999999999999999,-13.905223475402352,25.942942771482222,-0.20000000000000004,0.0,0.0,0.5,1.0,1.0
2093,validation,2,0,0,960.0,877.0699186676147,-0.6,519.1380228508993,132.67634716978773,0.1,0.0,0.0,0.5,1.0,1.0
2094,validation,2,0,1,-310.0168407508262,-2706.556706616473,0.4,-61.081439527660706,-174.47544505478453,0.0,-0.666666666666667,0.0,0.5,0.7381353351210147,1.3275076751504258
2094,validation,1,2,0,487.1693211798697,4719.353430123684,0.0,255.93948146655467,509.87747579014774,-0.2,0.666666666666667,0.0,0.5,0.7381353351210147,1.3275076751504258
2095,validation,0,2,0,-225.27288062107414,-303.39819600840974,0.14285714285714285,-24.960286256353612,19.119746051108535,0.2857142857142857,0.47619047619047616,22.04368294931527,0.5,1.8772740051756178,1.6832250617098572
2095,validation,2,1,1,-1239.0008434159079,66.78569382058403,-0.14285714285714285,-48.17097131711294,-53.661354057547754,-0.2857142857142857,-0.2857142857142857,29.530847826013854,0.5,1.8772740051756178,1.6832250617098572
2096,validation,0,2,0,240.0,632.8042111192867,0.19047619047619047,-147.9036691917437,-1.4445195011634837,-0.047619047619047616,0.4761904761904763,14.035272066211547,0.5,1.0,1.0
2096,validation,1,2,0,180.0,559.6066900855735,0.09523809523809523,31.859112465474254,52.89945660949563,-0.047619047619047616,0.0,1.3704543808861942,0.5,1.0,1.0
2097,train,0,1,0,-46.35861649287534,-725.2881829603292,1.3333333333333335,0.0,0.0,0.0,0.0,77.41681549337937,0.5,0.772643608214589,0.630501353567474
2097,train,2,1,0,-92.71723298575068,-804.5444036273097,0.0,0.0,0.0,0.0,0.0,-31.770152222255632,0.5,0.772643608214589,0.630501353567474
2098,train,0,1,1,-420.0,-44.189179007131315,-0.23809523809523808,-508.12308994128875,65.29569440935344,0.19047619047619047,0.19047619047619047,-54.89924466203448,0.5,1.0,1.0
2098,train,2,0,0,720.0,-484.01234335415575,0.23809523809523808,-36.19655534048496,11.92785862030766,0.0,-0.2857142857142857,-0.45997366954368957,0.5,1.0,1.0
2099,validation,0,2,0,240.0,414.45001822741733,0.0,0.0,0.0,0.0,0.0,0.0,0.5,1.0,1.0
2099,validation,2,1,1,-300.0,-1073.6435188782311,0.0,0.0,0.0,0.0,0.0,0.0,0.5,1.0,1.0
2100,test,0,2,0,261.12486845682605,299.51929739662256,0.0,-214.92508109118032,68.99012864396299,0.3333333333333333,-0.6666666666666666,-20.140727655516045,0.5,0.6217258772781573,1.2874128385380932
2100,test,1,2,0,37.30355263668944,-293.91874645311736,0.0,164.42526161589478,2.3803534075369086,0.3333333333333333,-0.4,-61.431793099770694,0.5,0.6217258772781573,1.2874128385380932
2101,validation,2,0,1,60.0,748.648111956476,0.3333333333333333,-766.2476880762184,0.0,0.0,0.0,0.0,0.5,1.0,1.0
2101,validation,1,2,0,180.0,600.486618906596,-0.6666666666666666,622.9695495164068,0.0,0.0,0.0,0.0,0.5,1.0,1.0
2102,train,0,1,0,546.8714461766829,175.2232410091752,0.19047619047619047,-103.00965522779484,27.261831850161713,0.09523809523809523,0.0,-18.66838735594996,0.5,1.8229048205889429,0.5370535987672816
2102,train,1,2,1,0.0,-436.0048646560127,-0.38095238095238093,-116.89109740264303,11.884521739511769,0.0,-1.714285714285714,0.12352630590124392,0.5,1.8229048205889429,0.5370535987672816
2103,train,0,2,0,585.6772727523481,956.8127904025678,0.0,0.0,125.58642978847388,0.0,0.0,0.0,0.5,1.9522575758411604,1.0208354160084068
2103,train,1,2,0,117.13545455046963,431.2546569206782,0.0,0.0,92.54466105831295,0.0,0.0,0.0,0.5,1.9522575758411604,1.0208354160084068
2104,train,0,2,0,313.02783071868885,158.9157473260022,-0.09523809523809523,19.52463341386681,53.053233810984246,-0.09523809523809523,0.0,4.348546282355159,0.5,1.304282627994537,0.710195660376018
2104,train,1,2,0,547.7987037577055,348.29273205398164,-0.09523809523809523,309.533923130127,41.46588882010799,-0.09523809523809523,-0.2857142857142858,-31.76368350268521,0.5,1.304282627994537,0.710195660376018
2105,train,1,0,0,1043.2153231632349,2539.946148347214,0.5,-640.551450668987,0.0,0.33333333333333337,0.0,0.0,0.5,1.7386922052720581,1.864873497268885
2105,train,0,2,1,-3233.967501806028,-3759.4097143492013,0.5,-42.91710999798761,0.0,-0.5,0.0,0.0,0.5,1.7386922052720581,1.864873497268885
2106,train,0,1,0,1065.483139146466,3121.270898020984,0.3333333333333333,0.0,1137.8916960091117,1.0,0.0,0.0,0.5,1.0445913128886923,0.8447670888418033
2106,train,1,2,1,-313.3773938666077,-1239.7748592656042,-0.16666666666666666,0.0,-530.8154207993862,-1.0,0.0,0.0,0.5,1.0445913128886923,0.8447670888418033
2107,test,1,0,1,-112.20129603075574,-415.01043045446795,-0.5,0.0,11.128415278878848,0.0,0.0,-24.50332995239927,0.5,1.8700216005125956,1.1792929176076652
2107,test,1,2,1,-336.6038880922672,-231.704259157913,-1.5,0.0,19.22705202894285,0.0,0.0,-5.765165713386239,0.5,1.8700216005125956,1.1792929176076652
2108,test,1,0,1,335.50988641925323,-306.97920965737956,0.0,0.0,-160.93909329208952,0.0,0.0,-82.61824156611294,0.5,1.1183662880641774,1.9553066287977383
2108,test,2,1,0,-134.2039545677013,1411.4532789635994,0.0,0.0,36.1396588517937,0.0,0.0,-20.14570409108461,0.5,1.1183662880641774,1.9553066287977383
2109,train,0,2,0,844.2571293355722,-287.8832426537916,0.3333333333333333,171.86490792718217,220.51800091111173,0.0,0.0,0.0,0.5,1.563439128399208,0.6701718130347729
2109,train,2,1,1,-93.80634770395248,-94.22101117550207,-0.3333333333333333,-165.1740584903377,-475.4938873761295,0.0,0.0,0.0,0.5,1.563439128399208,0.6701718130347729
2110,train,0,1,0,-65.63138787117914,-814.4464175568229,0.0,6.947309712292565,0.0,0.0,0.0,10.66414866972623,0.5,0.5469282322598262,0.6813588529559013
2110,train,2,1,0,-98.44708180676872,-689.7265060496218,0.0,196.71963372628818,0.0,0.0,0.0,47.65111956914635,0.5,0.5469282322598262,0.6813588529559013
2111,test,1,0,0,120.0,196.1652530459578,0.0,0.0,0.0,0.0,0.0,0.0,0.5,1.0,1.0
2111,test,0,2,1,300.0,572.4885648319541,0.0,0.0,0.0,0.0,0.0,0.0,0.5,1.0,1.0
2112,train,2,0,1,46.900781249717035,1077.5944821956962,0.0,0.0,0.0,0.0,0.0,-4.437390598307587,0.5,0.7816796874952839,1.6683674469258714
2112,train,2,1,1,140.7023437491511,967.5404749405463,0.0,0.0,0.0,0.0,0.33333333333333337,-11.67990091058229,0.5,0.7816796874952839,1.6683674469258714
2113,test,0,1,1,-240.0,366.7284951035699,0.0,0.0,0.0,0.0,0.0,0.0,0.5,1.0,1.0
2113,test,0,2,1,180.0,963.314490139348,0.0,0.0,0.0,0.0,0.0,0.0,0.5,1.0,1.0
2114,validation,2,0,1,457.50890779329876,-333.4229073567768,0.0,0.0,0.0,0.0,-4.0,0.0,0.5,0.8472387181357385,1.2086784411727571
2114,validation,2,1,1,610.0118770577317,-1136.1634044667596,0.0,0.0,0.0,0.0,-4.0,0.0,0.5,0.8472387181357385,1.2086784411727571
2115,test,0,1,1,-60.0,-102.24771588915337,0.0,0.0,0.0,0.0,0.0,0.0,0.5,1.0,1.0
2115,test,0,2,1,60.0,1522.2080552649904,0.0,0.0,0.0,0.0,0.0,0.0,0.5,1.0,1.0
2116,test,0,1,0,-40.43060703007538,-1030.0339777785657,0.3,-13.654519575349681,0.0,-0.2,0.0,-21.314869282957346,0.5,0.6738434505012563,1.9052980625909273
2116,test,2,1,0,0.0,-1557.901349672364,0.6,-27.64867715595861,0.0,-0.2,0.0,-31.76310633073217,0.5,0.6738434505012563,1.9052980625909273
2117,validation,1,0,1,-97.07131779598083,-1477.6599573337116,-0.2857142857142857,-174.14066998226645,-1.916710846909679,-0.14285714285714285,0.09523809523809523,-27.840502097697126,0.5,1.6178552965996804,1.9835160884143235
2117,validation,1,2,1,0.0,-831.2097332925617,0.0,-216.91967460628882,-5.990280480159047,0.0,0.38095238095238093,71.40982179783596,0.5,1.6178552965996804,1.9835160884143235
2118,train,0,1,0,720.0,660.3617448776968,0.0,0.0,0.0,0.0,0.0,0.0,0.5,1.0,1.0
2118,train,2,1,0,300.0,132.3759054812781,0.0,0.0,0.0,0.0,0.0,0.0,0.5,1.0,1.0
2119,train,0,1,1,317.3038808687159,15.353978667949438,-0.14285714285714285,-206.55794444956902,132.3786092838138,0.0,0.047619047619047616,-17.6268017714259,0.5,0.8813996690797664,0.5344204774515512
2119,train,2,0,0,-317.3038808687159,238.30568009489068,-0.14285714285714285,156.90495411350597,-149.74201924515387,0.5714285714285714,0.23809523809523808,28.564709881744204,0.5,0.8813996690797664,0.5344204774515512
2120,test,0,2,0,0.0,0.0,0.0,0.0,0.0,0.0,0.0,0.0,0.5,1.0,1.0
2120,test,1,2,0,120.0,414.14190405469617,0.0,0.0,0.0,0.0,0.0,0.0,0.5,1.0,1.0
2121,train,0,2,0,65.4920583566229,1330.571388922393,-0.09523809523809523,16.998801485835656,-29.481020562919326,0.5714285714285714,-0.1428571428571428,18.929730135155694,0.5,0.5457671529718575,1.1414459947361644
2121,train,1,2,0,0.0,783.8500183029598,-0.09523809523809523,21.133131839995556,260.14162263793685,0.0,-0.8571428571428571,-73.39950099007196,0.5,0.5457671529718575,1.1414459947361644
2122,validation,1,0,1,60.0,0.36778347031122394,0.0,-271.3991545603801,0.0,0.0,0.0,0.0,0.5,1.0,1.0
2122,validation,2,1,0,0.0,-169.78437092859485,0.0,-53.45316777031087,0.0,0.0,0.0,0.0,0.5,1.0,1.0
2123,train,1,0,1,161.05246145340146,463.4576603951871,-0.6666666666666666,0.0,0.0,0.0,0.0,0.0,0.5,1.3421038454450123,0.674733269924925
2123,train,2,1,0,161.05246145340146,-92.93122798211212,0.0,0.0,0.0,0.6666666666666666,0.0,0.0,0.5,1.3421038454450123,0.674733269924925
2124,train,2,0,1,-219.01008077167094,-1184.6954717760534,0.0,0.0,-29.04312418657861,0.0,0.0,-35.094815045235,0.5,0.7300336025722365,0.8724503584090891
2124,train,2,1,1,-131.40604846300258,-1008.7138151573347,0.0,0.0,-524.2126034790701,0.0,0.3333333333333335,44.07390241507606,0.5,0.7300336025722365,0.8724503584090891
2125,train,0,1,1,-159.26114869195266,-1180.6416146709996,0.0,-4.754352377012765,-64.52510030951035,-0.09523809523809523,-0.857142857142857,0.0,0.5,1.3271762390996056,1.227339033015614
2125,train,2,0,0,159.26114869195266,924.79992606622,0.0,113.33793975645855,-14.271996888266408,0.0,0.5714285714285714,8.611423358857861,0.5,1.3271762390996056,1.227339033015614
2126,test,0,1,1,-120.0,-625.2016347481417,-0.14285714285714285,55.531530243828996,-11.788920676453074,-0.38095238095238093,0.23809523809523814,-16.544471162988902,0.5,1.0,1.0
2126,test,0,2,1,-180.0,-824.1919147795024,0.0,133.4629234341291,-8.863246962759627,0.0,0.47619047619047616,22.79473942815771,0.5,1.0,1.0
2127,train,1,0,0,1179.356918209133,1393.1118325975553,0.0,616.2581703414127,0.0,0.0,-0.16666666666666674,-229.85415768080176,0.5,1.637995719734907,0.5516842527859315
2127,train,2,0,0,-196.55948636818886,1570.4115167713426,0.0,45.392961036450515,0.0,0.0,-0.6666666666666666,164.85012262316715,0.5,1.637995719734907,0.5516842527859315
2128,train,2,0,1,-31.638413906348667,-49.02070983677725,0.2,0.0,-375.6323603615425,-0.4,-0.09999999999999998,0.0,0.5,0.5273068984391445,0.8524647000656409
2128,train,1,2,0,31.638413906348667,-803.8306798615944,0.20000000000000007,0.0,89.02739876770329,0.8,0.09999999999999998,0.0,0.5,0.5273068984391445,0.8524647000656409
2129,test,0,2,0,-146.95688206976098,-391.316871265991,0.6666666666666666,0.0,-370.35427175437025,0.16666666666666666,0.0,0.0,0.5,0.8164271226097832,0.5477505134732461
2129,test,1,2,0,-195.94250942634798,-242.90555028538392,1.3333333333333333,0.0,247.55704739481575,0.0,0.0,0.0,0.5,0.8164271226097832,0.5477505134732461
2130,train,1,0,1,60.0,-382.6991276537965,0.0,0.0,0.0,0.0,0.0,0.0,0.5,1.0,1.0
2130,train,2,1,0,120.0,-138.97662357755598,0.0,0.0,0.0,0.0,0.0,0.0,0.5,1.0,1.0
2131,train,1,0,1,-203.59746239123822,-2246.1953743766053,-0.13333333333333333,-120.27138609634136,-154.33636089822937,0.0,-0.33333333333333337,-96.14565701772489,0.5,1.1310970132846567,1.740617582288544
2131,train,2,1,0,67.86582079707941,1670.4668016351632,0.4,106.7469151343609,354.1907860120608,0.0,-0.06666666666666667,85.01626537137503,0.5,1.1310970132846567,1.740617582288544
2132,train,1,0,0,112.90419961327066,535.7286805036557,0.0,0.0,445.28413931775066,0.0,0.0,0.0,0.5,1.8817366602211778,1.114698577108452
2132,train,0,2,1,-225.80839922654133,-388.1553597957743,0.0,0.0,-1053.4511614790993,0.0,0.0,0.0,0.5,1.8817366602211778,1.114698577108452
2133,test,0,2,0,129.52897077850966,1289.8453690111016,-0.06666666666666667,-69.18076951174626,-26.703261198281638,0.0,2.333333333333333,-4.145537305839842,0.5,0.5397040449104569,1.1198828219044217
2133,test,1,2,0,97.14672808388224,431.4283150338441,0.06666666666666667,-21.37256504607373,-242.2603013231534,0.0,0.6666666666666665,82.53694018239527,0.5,0.5397040449104569,1.1198828219044217
2134,train,2,0,1,-157.48560454717511,-6117.251914376991,0.23809523809523808,-398.60949745518,-104.08545702742998,-0.5714285714285714,-0.1428571428571428,-79.18921961368586,0.5,0.656190018946563,1.7404688322640962
2134,train,2,1,1,-196.8570056839689,-4693.354297964945,0.23809523809523808,-225.12029565420454,-248.29608213703767,0.0,0.09523809523809523,-53.2653735185725,0.5,0.656190018946563,1.7404688322640962
2135,validation,0,1,1,-62.2647601440562,37.644495174347554,-0.8999999999999999,0.0,-62.34983659974745,-0.4,-0.20000000000000007,0.0,0.5,0.5188730012004683,0.7014775363706227
2135,validation,0,2,1,-124.5295202881124,-596.3522308313632,-0.6,0.0,34.86532683051488,0.0,-0.6,0.0,0.5,0.5188730012004683,0.7014775363706227
2136,train,2,0,1,-422.41490952641965,853.0220109953967,0.0,0.0,0.0,0.0,2.333333333333333,-253.73646957979253,0.5,0.8800310615133743,0.7669063365843669
2136,train,1,2,0,211.20745476320982,-1313.4336596667065,0.0,0.0,0.0,0.0,-0.6666666666666665,228.78991216569193,0.5,0.8800310615133743,0.7669063365843669
2137,train,2,0,1,840.0,-1208.7881401307513,0.0,-137.9888506488373,-165.4903094163823,-0.26666666666666666,-0.06666666666666665,-273.70917521070976,0.5,1.0,1.0
2137,train,1,2,0,-900.0,676.2163634432545,0.0,1001.651387755393,249.61446718021935,-0.26666666666666666,0.0,76.15450560590547,0.5,1.0,1.0
2138,train,1,0,0,120.0,395.47421123510594,0.0,667.1955732991105,0.0,0.0,0.0,0.0,0.5,1.0,1.0
2138,train,2,0,0,300.0,-1194.277773080299,0.0,768.8993530973075,0.0,-0.3333333333333333,0.0,0.0,0.5,1.0,1.0
2139,train,0,2,0,0.0,350.2537258647998,0.0,0.0,0.0,0.0,6.0,-339.3601113559138,0.5,0.9857139232597536,0.5287082544618424
2139,train,1,2,0,177.42850618675564,-6.564364483197874,0.0,0.0,0.0,0.0,3.333333333333333,-70.12684111285665,0.5,0.9857139232597536,0.5287082544618424
2140,train,0,1,1,120.0,434.0192417465132,0.0,0.0,0.0,0.0,0.0,0.0,0.5,1.0,1.0
2140,train,0,2,1,180.0,1660.8625038208993,0.0,0.0,0.0,0.0,0.0,0.0,0.5,1.0,1.0
2141,validation,0,2,0,-265.55754953347616,1234.1381266518154,0.14285714285714285,450.72756182351037,143.953977479544,0.0,-0.47619047619047583,324.2750656835558,0.5,1.1064897897228174,0.791318922659807
2141,validation,2,1,1,464.7257116835833,1201.4793384919722,-0.2857142857142857,122.6266374928091,-246.29846748596356,0.14285714285714285,-0.23809523809523814,-155.31862236333572,0.5,1.1064897897228174,0.791318922659807
2142,train,2,0,1,-180.0,-866.5122387111824,0.0,0.0,0.0,0.0,0.0,0.0,0.5,1.0,1.0
2142,train,2,1,1,0.0,122.37504054455167,0.0,0.0,0.0,0.0,0.0,0.0,0.5,1.0,1.0
2143,test,0,1,0,200.52970287825738,287.3989800395365,0.0,0.0,-14.622179637942338,0.0,1.0,0.0,0.5,0.8355404286594058,1.1498616919670013
2143,test,1,2,1,50.132425719564345,-17.90904510247108,-0.1,0.0,80.63325430596605,-0.4,-0.20000000000000007,0.0,0.5,0.8355404286594058,1.1498616919670013
2144,train,0,2,0,-457.03035528419946,-413.66092859613065,0.0,0.0,0.0,0.0,5.0,0.0,0.5,1.9042931470174977,1.467184137085978
2144,train,2,1,1,571.2879441052494,296.65796399611503,0.0,0.0,0.0,0.0,-2.0,0.0,0.5,1.9042931470174977,1.467184137085978
2145,train,1,0,1,-85.66804009478618,-1847.5611929908696,0.26666666666666666,0.0,11.585625143536042,-0.2,-1.0,-73.7342320649969,0.5,1.4278006682464364,1.5645660221866022
2145,train,2,1,0,0.0,2660.092058371494,-0.4,0.0,-22.82249731456799,0.0,2.333333333333333,173.30678825486913,0.5,1.4278006682464364,1.5645660221866022
2146,validation,1,0,0,317.93731547373693,433.9748549876727,0.0,19.53051926420744,321.39569413348283,0.2857142857142857,0.47619047619047605,61.087023408375806,0.5,1.7663184192985384,0.8373499868268606
2146,validation,2,0,0,2437.519418631983,1589.0082855652233,-0.047619047619047616,54.682033788530475,-114.4336209150673,0.2857142857142857,-0.23809523809523814,6.8124248750290235,0.5,1.7663184192985384,0.8373499868268606
2147,train,0,1,0,300.0,2184.7334438737944,0.19047619047619047,437.6381414854209,80.83606831925161,0.7142857142857142,-0.047619047619047616,-35.257333278000395,0.5,1.0,1.0
2147,train,2,1,0,420.0,3138.663984321259,0.5714285714285714,18.480068184114316,-31.927583382337218,0.23809523809523808,0.23809523809523808,64.96584386353328,0.5,1.0,1.0
2148,train,1,0,0,-480.0,-2180.219427851591,0.0,-366.4761892527772,0.0,1.3333333333333333,0.0,0.0,0.5,1.0,1.0
2148,train,0,2,1,-60.0,586.4442154698327,0.0,1.6745829157812295,0.0,-2.0,0.0,0.0,0.5,1.0,1.0
2149,validation,0,2,0,60.0,-603.0150503258033,0.0,-16.84173836495347,-193.372225262572,0.0,0.0,48.655476699305765,0.5,1.0,1.0
2149,validation,1,2,0,-60.0,390.286965848878,0.0,557.8768817050803,-91.91427641723712,0.0,0.0,-34.25046727674322,0.5,1.0,1.0
2150,train,0,2,0,150.52229855534353,957.4868918461176,0.0,0.0,0.0,-0.3333333333333333,0.0,352.6150744478458,0.5,1.254352487961196,1.526121379279718
2150,train,2,1,1,301.04459711068705,660.2471824918402,0.0,0.0,0.0,-0.3333333333333333,0.0,0.0,0.5,1.254352487961196,1.526121379279718
2151,train,1,0,0,-170.25269216927063,-1403.9303176151595,0.0,-341.52621036773076,306.5300908235939,1.0,0.0,0.0,0.5,1.418772434743922,1.3280003206416482
2151,train,2,0,0,170.25269216927063,-1115.6959673357817,0.0,-201.11458275920938,-114.52854711890879,0.5,0.0,0.0,0.5,1.418772434743922,1.3280003206416482
2152,train,2,0,1,-633.5775322732615,-815.5463467485006,0.0,0.0,-0.40888050453690994,0.0,0.0,0.0,0.5,1.3199531922359613,1.6229145660362447
2152,train,1,2,0,-79.19719153415768,142.09251994845062,0.0,0.0,-160.93126890518738,0.0,0.0,0.0,0.5,1.3199531922359613,1.6229145660362447
2153,train,1,0,1,-161.42548255789086,-93.6590523580712,-0.47619047619047616,42.03353220964638,33.90779252821333,-0.19047619047619047,0.2857142857142857,-5.200543253610888,0.5,0.6726061773245453,1.6138855878122649
2153,train,1,2,1,-40.356370639472715,791.3726920568874,-0.23809523809523808,3.8536543303477515,35.806372711417424,0.0,0.5714285714285714,3.9228333179968775,0.5,0.6726061773245453,1.6138855878122649
2154,train,0,2,0,150.74467167085828,448.80978931407435,0.0,0.0,0.0,0.0,3.0,0.0,0.5,0.5024822389028609,0.5137410649146356
2154,train,2,1,1,-150.74467167085828,-395.05062436971554,0.0,0.0,0.0,0.0,-4.0,0.0,0.5,0.5024822389028609,0.5137410649146356
2155,test,2,0,1,-594.2851902365439,-949.0393952444556,-0.19047619047619047,-81.2234083182557,-122.73003142564616,0.09523809523809523,-0.8571428571428571,-25.185885396894786,0.5,1.4149647386584379,1.8584321311059953
2155,test,2,1,1,-339.5915372780251,652.3854259993412,-0.19047619047619047,-212.5048912959109,43.94956954843937,-0.09523809523809523,-0.2857142857142857,-6.977817718971869,0.5,1.4149647386584379,1.8584321311059953
2156,train,0,2,0,120.0,72.06807898307125,0.0,771.3705849370313,0.0,0.0,0.0,0.0,0.5,1.0,1.0
2156,train,1,2,0,420.0,1616.0652841760752,0.0,1245.4595219644689,0.0,0.0,0.0,0.0,0.5,1.0,1.0
2157,train,0,1,0,-42.48410136604406,1581.107898456287,-0.47619047619047616,-96.76342237436303,294.0383920104173,0.047619047619047616,0.7619047619047619,-12.4534152933754,0.5,0.7080683561007343,1.1974332949792166
2157,train,1,2,1,-212.4205068302203,-935.0702165645597,0.23809523809523808,-104.55344041093588,191.8462841496507,0.0,-0.9523809523809523,-3.3949661131911526,0.5,0.7080683561007343,1.1974332949792166
2158,train,2,0,1,-34.2244763182978,73.87989877641097,0.0,0.0,0.0,0.0,0.0,-160.36659036728543,0.5,0.5704079386382968,0.8950297837454135
2158,train,2,1,1,-136.8979052731912,-1013.6183247902356,0.0,0.0,0.0,0.0,0.0,-379.7896618209437,0.5,0.5704079386382968,0.8950297837454135
2159,train,0,1,0,-211.9394456321993,-1111.2459668120573,0.0,203.01248972670354,31.34382411980195,0.0,0.0,29.53750920770362,0.5,0.5887206823116647,0.8965464932540971
2159,train,1,2,1,176.6162046934994,-86.93042949671143,0.0,-542.2618287446319,5.161966494866618,-0.1,0.0,-51.16127356672408,0.5,0.5887206823116647,0.8965464932540971
2160,train,2,0,1,-420.0,411.32335442438034,0.0,0.0,0.0,0.0,0.0,0.0,0.5,1.0,1.0
2160,train,1,2,0,780.0,585.4219304539611,0.0,0.0,0.0,0.0,0.0,0.0,0.5,1.0,1.0
2161,train,0,2,0,-197.08557338651903,-629.6045164452198,0.0,0.0,-17.05050853713732,0.2666666666666667,-0.06666666666666665,51.61522500366153,0.5,0.821189889110496,1.8839478593385919
2161,train,1,2,0,147.81418003988927,1096.8821336390113,-0.26666666666666666,0.0,122.24440897945425,-0.13333333333333333,-0.06666666666666665,84.13340926313464,0.5,0.821189889110496,1.8839478593385919
2162,train,1,0,0,420.0,1940.496383171756,1.2,-259.6334174671582,103.86474683626764,0.0,0.19999999999999996,0.0,0.5,1.0,1.0
2162,train,0,2,1,-300.0,-3171.536629000536,0.3,-482.5954722778131,17.03813535635136,0.0,-0.3999999999999999,0.0,0.5,1.0,1.0
2163,train,0,1,0,600.0,325.0928306740325,1.0,528.3893695841178,0.0,0.3333333333333333,0.0,0.0,0.5,1.0,1.0
2163,train,1,2,1,-240.0,-696.5901856993241,-0.3333333333333333,-72.85706068912395,0.0,-0.16666666666666666,0.0,0.0,0.5,1.0,1.0
2164,test,1,0,1,0.0,1078.0107837918497,0.13333333333333333,0.0,203.30937756100926,-0.2,0.2666666666666667,0.0,0.5,0.6886066694560875,0.733908598762654
2164,test,2,1,0,537.1132021757483,28.73295268373537,0.0,0.0,20.47712213974114,-0.2,0.1333333333333333,80.48572263537464,0.5,0.6886066694560875,0.733908598762654
2165,train,0,1,0,-72.45526471153714,-78.78289544399881,-0.14285714285714285,3.679263456785229,128.14698399454105,0.0,0.4761904761904761,12.44835045011828,0.5,0.6037938725961428,0.9609756437432585
2165,train,1,2,1,-36.22763235576857,-399.3685856309628,-0.14285714285714285,2.805550408022775,-54.18133589172633,0.0,-0.4761904761904761,27.70544643593735,0.5,0.6037938725961428,0.9609756437432585
2166,train,0,2,0,0.0,-134.29135910785902,0.0,0.0,-21.348443029685484,0.0,0.33333333333333337,0.0,0.5,1.023336278881114,0.5940875969265497
2166,train,2,1,1,-307.0008836643342,-476.0253135034805,-1.0,0.0,31.754104669570538,0.0,-0.6666666666666666,0.0,0.5,1.023336278881114,0.5940875969265497
2167,validation,0,1,0,-53.93478896292764,28.376304546736122,-0.16666666666666666,0.0,0.0,0.0,0.0,60.20469510862229,0.5,0.8989131493821273,0.5419905047112107
2167,validation,1,2,1,0.0,-166.7633888314051,-0.33333333333333337,0.0,0.0,0.0,0.0,-5.269217298927875,0.5,0.8989131493821273,0.5419905047112107
2168,validation,0,1,1,-351.1908075990168,-1483.0844535497552,-1.1428571428571428,-26.045795615442046,28.41160716114265,-0.19047619047619047,-0.7142857142857144,-0.9399769722010234,0.5,0.731647515831285,0.6522964903266685
2168,validation,0,2,1,-351.1908075990168,-125.70238410941171,-1.4285714285714284,-217.46798006561727,18.132769341740335,-0.19047619047619047,0.7142857142857142,17.049940683749547,0.5,0.731647515831285,0.6522964903266685
2169,test,0,1,0,-49.93053710549156,4055.2525260796147,0.0,-329.19534738329855,308.95273844341,0.5714285714285714,0.4761904761904763,14.352426552630991,0.5,0.8321756184248593,1.7712448959183946
2169,test,1,2,1,199.72214842196624,-3351.7472342580163,0.0,170.451844776421,-142.13461088441107,-0.5714285714285714,-0.4761904761904763,-3.288866087291268,0.5,0.8321756184248593,1.7712448959183946
2170,train,0,2,0,306.6584329887517,1919.8160556951284,0.4,0.0,0.0,1.2,0.0,35.55671261475689,0.5,1.2777434707864654,1.504730954333997
2170,train,1,2,0,229.99382474156377,1560.262916727546,0.0,0.0,0.0,0.8999999999999999,-0.8,11.939461696162677,0.5,1.2777434707864654,1.504730954333997
2171,train,1,0,0,-360.0,-325.1360563265589,0.0,146.31001790838428,33.37392029289539,0.0,1.7999999999999998,73.82666894801149,0.5,1.0,1.0
2171,train,0,2,1,420.0,1070.2995345445315,0.0,349.16959757618054,-4.7183985197314655,0.0,-1.7999999999999998,-128.134408127388,0.5,1.0,1.0
2172,validation,2,0,1,120.0,1059.8007248552403,-0.2857142857142857,244.56722501008312,-241.03806405137965,-0.38095238095238093,0.23809523809523808,3.8113290955318,0.5,1.0,1.0
2172,validation,2,1,1,-780.0,154.0546930341925,-0.2857142857142857,231.69333433933213,-132.17067463274685,-0.19047619047619047,0.047619047619047616,28.79183215765137,0.5,1.0,1.0
2173,train,0,1,0,409.3740347492583,1192.0675323470412,0.0,0.0,0.0,0.0,0.0,0.0,0.5,0.5685750482628588,1.626757965862866
2173,train,1,2,1,0.0,359.6164168203079,0.0,0.0,0.0,0.0,0.0,0.0,0.5,0.5685750482628588,1.626757965862866
2174,train,0,2,0,-95.61287089046074,-269.6696874498437,0.38095238095238093,200.28212169243437,-31.969724042908183,-0.047619047619047616,-0.5714285714285714,-1.5046372611373933,0.5,1.5935478481743457,1.083853899611817
2174,train,2,1,1,0.0,268.8996610385572,0.0,-45.934503481730374,-25.95146458645251,0.047619047619047616,0.0,17.680865987302468,0.5,1.5935478481743457,1.083853899611817
2175,train,0,1,1,-120.0,544.5946014102037,0.0,0.0,0.0,0.0,0.0,0.0,0.5,1.0,1.0
2175,train,0,2,1,180.0,994.0582740247892,0.0,0.0,0.0,0.0,0.0,0.0,0.5,1.0,1.0
2176,train,1,0,0,-126.28626738929478,-245.02114207239967,0.0,-27.00170434360112,-111.41389709598332,0.0,0.09523809523809523,8.21999567476468,0.5,0.5261927807887282,0.6363357896055408
2176,train,0,2,1,94.71470054197108,36.39747814239628,-0.23809523809523808,-39.1804349743398,53.41664554474973,0.0,-0.14285714285714285,-52.542352068218015,0.5,0.5261927807887282,0.6363357896055408
2177,test,0,2,0,197.66641532244194,795.2896665539037,0.0,79.35723608162183,-39.57008555816301,0.0,0.0,17.019112292830258,0.5,0.8236100638435081,0.9802611450737515
2177,test,1,2,0,691.8324536285468,1356.0890913382805,0.0,111.86153560543971,-12.280794277585144,0.26666666666666666,0.8,166.62782446220172,0.5,0.8236100638435081,0.9802611450737515
2178,test,0,1,1,-341.11268281428056,323.71413727373766,0.0,0.0,-505.42240522611405,0.0,0.5,-48.077599329382544,0.5,0.9475352300396682,0.5330712646956647
2178,test,2,0,0,0.0,-408.8689735075569,0.0,0.0,-179.8164177079666,0.0,-0.5,161.0547548197052,0.5,0.9475352300396682,0.5330712646956647
2179,train,2,0,1,-337.08992560825465,-681.8638135037974,-0.3,0.0,0.0,-0.2,-1.6000000000000003,-56.4946717333961,0.5,1.404541356701061,1.0584252534717642
2179,train,2,1,1,-168.54496280412732,-317.03147321013523,-0.3,0.0,0.0,0.0,-0.8,23.574816781800326,0.5,1.404541356701061,1.0584252534717642
2180,test,0,1,0,-120.0,770.8852335103079,0.0,0.0,0.0,0.0,0.0,0.0,0.5,1.0,1.0
2180,test,1,2,1,60.0,-524.5451689387037,0.0,0.0,0.0,0.0,0.0,0.0,0.5,1.0,1.0
2181,train,0,1,0,0.0,-2242.558734655034,1.0666666666666667,0.0,-235.43056239606642,-0.4,-0.13333333333333341,9.151795568688737,0.5,0.5716457888763046,1.7283245461392402
2181,train,2,1,0,171.49373666289137,-848.9716331432469,0.26666666666666666,0.0,239.29649055617995,-0.2,-0.13333333333333341,-7.410082726495934,0.5,0.5716457888763046,1.7283245461392402
2182,train,0,1,0,154.38757839066272,18.588387141353255,0.0,0.0,-0.6086182331875705,0.2,-0.3333333333333333,-2.173859187667091,0.5,0.5146252613022091,0.5145297891352143
2182,train,1,2,1,30.877515678132546,78.52923463579225,0.0,0.0,32.07687388633639,-0.4,-1.6666666666666665,14.847583732265372,0.5,0.5146252613022091,0.5145297891352143
2183,train,0,2,0,-76.26593436878211,618.1165756998938,-0.19047619047619047,-0.771751827819628,-14.176970589454235,0.0,0.8571428571428571,-3.0490422944123523,0.5,1.2710989061463684,1.499025943677397
2183,train,1,2,0,-76.26593436878211,579.5703310140485,-0.19047619047619047,26.620985450303266,-11.783196647338059,0.0,0.2857142857142857,-3.0544185678060742,0.5,1.2710989061463684,1.499025943677397
2184,test,1,0,0,120.0,1109.0418381979753,0.2857142857142857,688.3680831271433,109.14962281449144,0.09523809523809523,0.1428571428571428,33.27171389314627,0.5,1.0,1.0
2184,test,2,0,0,300.0,2290.26506358772,0.09523809523809523,367.96437443416687,125.56241779546664,-0.09523809523809523,0.1428571428571428,37.390235214638054,0.5,1.0,1.0
2185,validation,0,2,0,-39.80028569030275,-142.99487578870352,0.0,0.0,732.7035102172609,0.0,0.0,0.0,0.5,0.6633380948383791,0.6322823819048008
2185,validation,2,1,1,-159.201142761211,249.01973502089675,0.0,0.0,-568.3388968918184,0.0,0.0,0.0,0.5,0.6633380948383791,0.6322823819048008
2186,validation,1,0,1,875.193836008541,-158.69300552232082,0.0,0.0,-25.12615256222125,0.0,-0.6666666666666666,0.0,0.5,1.6207293259417426,0.8346855247881826
2186,validation,1,2,1,583.4625573390273,-797.0587528735175,0.0,0.0,-327.5871940813154,0.0,-1.3333333333333335,0.0,0.5,1.6207293259417426,0.8346855247881826
2187,test,2,0,1,-745.0759375394239,-82.96017246128542,-0.5333333333333333,72.67861363746945,195.1269096878752,0.0,-1.0666666666666669,19.687745286808052,0.5,1.0348276910269776,1.1085682174884621
2187,test,2,1,1,62.089661461618654,-488.1182168543627,-0.4,12.472091335339115,-39.18998988611048,0.0,-1.3333333333333335,-34.249868914151904,0.5,1.0348276910269776,1.1085682174884621
2188,train,1,0,1,454.8988929838948,1191.6313791541975,0.0,0.0,-150.36869355887103,-1.5,0.0,0.0,0.5,1.5163296432796494,1.1656083957838066
2188,train,2,1,0,-545.8786715806738,-1358.7685540467915,0.0,0.0,93.38146175479947,0.0,0.0,55.80445413195419,0.5,1.5163296432796494,1.1656083957838066
2189,train,2,0,1,113.73374906957022,2240.8839957238483,-2.0,0.0,0.0,0.0,0.0,0.0,0.5,0.9477812422464186,1.9294027410705588
2189,train,1,2,0,56.86687453478511,-654.6587999914133,1.0,0.0,0.0,0.0,0.0,0.0,0.5,0.9477812422464186,1.9294027410705588
2190,train,1,0,1,480.0,-2078.1007094768793,0.0,0.0,0.0,0.0,0.0,0.0,0.5,1.0,1.0
2190,train,1,2,1,900.0,2689.742615075974,0.0,0.0,0.0,0.0,0.0,0.0,0.5,1.0,1.0
2191,train,2,0,1,60.0,-11.91558527089228,0.0,0.0,0.0,0.0,0.0,0.0,0.5,1.0,1.0
2191,train,1,2,0,-60.0,-5.667706883925348,0.0,0.0,0.0,0.0,0.0,0.0,0.5,1.0,1.0
2192,validation,0,2,0,1541.1511790625561,2370.161399061415,1.0,0.0,0.0,0.0,0.0,0.0,0.5,1.9758348449519951,0.941800059286535
2192,validation,1,2,0,2133.901632548155,332.3173128260889,2.0,0.0,0.0,0.0,0.0,0.0,0.5,1.9758348449519951,0.941800059286535
2193,train,0,1,1,-502.36112218083235,-678.7579534047239,-0.6666666666666667,-79.45564572099568,-141.84913457218835,0.8,0.06666666666666676,0.0,0.5,1.0465856712100674,0.631626487570694
2193,train,0,2,1,125.59028054520809,365.21797846100424,-0.3333333333333333,-231.79625846507201,-410.09116426804684,0.6000000000000001,0.33333333333333337,0.0,0.5,1.0465856712100674,0.631626487570694
2194,train,0,1,0,833.5172036545434,158.3509365535293,0.0,0.0,-13.017747900166313,0.0,0.0,150.75230227948794,0.5,1.9845647706060559,0.8856753425664643
2194,train,1,2,1,-714.4433174181801,565.9102473080716,0.0,0.0,72.26801706069158,0.3333333333333333,0.0,-103.67229854802423,0.5,1.9845647706060559,0.8856753425664643
2195,train,2,0,1,240.0,115.01480275828453,0.0,0.0,0.0,0.0,0.0,0.0,0.5,1.0,1.0
2195,train,2,1,1,60.0,-386.7076341003353,0.0,0.0,0.0,0.0,0.0,0.0,0.5,1.0,1.0
2196,test,0,1,1,-54.737986997463764,-1456.8591366779524,0.06666666666666667,0.0,-67.83894590569213,-0.5333333333333334,-0.6666666666666667,-257.7238628482009,0.5,0.9122997832910628,0.9433371634712225
2196,test,0,2,1,218.95194798985506,791.9625911485035,0.06666666666666667,0.0,-30.007751120671287,-0.26666666666666666,-0.5333333333333334,-106.1160827479355,0.5,0.9122997832910628,0.9433371634712225
2197,train,1,0,0,241.58813815780894,365.95445148906015,0.0,0.0,0.0,2.0,0.0,0.0,0.5,0.6710781615494693,0.8718510084591178
2197,train,2,0,0,-40.26468969296816,-599.9002137881275,0.0,0.0,0.0,0.0,0.0,0.0,0.5,0.6710781615494693,0.8718510084591178
2198,train,0,1,0,-189.73757222341027,-52.105163434330066,0.0,12.042691634213583,0.0,0.0,-0.3333333333333335,33.2185391891128,0.5,0.6324585740780342,1.1127941831468022
2198,train,2,1,0,-37.94751444468205,1746.7313621111184,0.2,49.89765244661349,0.0,1.0666666666666667,1.0,52.24714995248408,0.5,0.6324585740780342,1.1127941831468022
2199,train,0,1,1,195.3497209942596,489.23776475266476,-0.047619047619047616,7.184445622489477,86.92768865951255,-0.09523809523809523,-1.4285714285714284,-29.49423704740324,0.5,0.813957170809415,1.4320328606670252
2199,train,2,0,0,-97.6748604971298,-998.1405155551387,0.047619047619047616,-137.28961483631048,14.763988377056961,0.19047619047619047,2.857142857142857,-6.4870550492836765,0.5,0.813957170809415,1.4320328606670252
2200,train,1,0,0,250.78616553143917,-41.23681775529118,0.0,0.0,185.94954435536692,0.0,0.0,28.968941139167043,0.5,1.3932564751746621,1.8825846162188564
2200,train,2,0,0,0.0,208.4184219029467,0.0,0.0,-10.277985406975013,0.0,0.0,21.415402642143576,0.5,1.3932564751746621,1.8825846162188564
2201,test,0,2,0,709.6240402513534,-18.80829306811259,3.9999999999999996,0.0,0.0,0.0,0.0,-245.15358818068253,0.5,0.9855889447935464,0.7283067157352484
2201,test,2,1,1,0.0,893.7493995409951,-2.0,0.0,0.0,0.0,0.0,232.55809082529908,0.5,0.9855889447935464,0.7283067157352484
2202,train,0,1,0,68.51160509675562,678.3523119928295,0.0,102.84209448907225,32.69042427762621,0.26666666666666666,0.0,-2.366695158930191,0.5,0.5709300424729634,0.9583204444138033
2202,train,1,2,1,-34.25580254837781,-531.6966527446668,-0.3333333333333333,-15.704154921179956,-33.82603685924954,-0.5333333333333333,0.0,-40.46623232755041,0.5,0.5709300424729634,0.9583204444138033
2203,train,2,0,1,-607.2660463307128,-1548.1333827520712,0.0,-41.59928775887897,-94.7296379948241,-0.26666666666666666,-0.5999999999999999,-88.80374314342609,0.5,1.6868501286964246,0.7144881502796223
2203,train,2,1,1,-1012.1100772178547,-514.5151655233302,0.0,126.53241641470936,13.627193197517926,-1.0666666666666667,-0.19999999999999996,-126.89656769898988,0.5,1.6868501286964246,0.7144881502796223
2204,train,2,0,1,140.61995925700944,141.94279832996705,-0.6666666666666666,0.0,0.0,0.0,0.0,-362.9098671208769,0.5,0.585916496904206,0.8487622423716096
2204,train,1,2,0,105.46496944275708,289.4969191936728,1.3333333333333333,0.0,0.0,0.0,0.0,174.4204050066863,0.5,0.585916496904206,0.8487622423716096
2205,test,0,1,0,0.0,320.2505634085983,0.0,0.0,0.0,0.0,0.0,0.0,0.5,1.0,1.0
2205,test,2,1,0,-120.0,378.5095530724316,0.0,0.0,0.0,0.0,0.0,0.0,0.5,1.0,1.0
2206,train,0,2,0,271.2092977752482,1714.0590419999928,0.0,143.19423844469594,409.20602100738716,0.0,1.5,0.0,0.5,0.6457364232744005,1.3184393810778436
2206,train,1,2,0,232.46511237878417,1481.759720517003,0.0,865.0370877359306,96.72211571671156,0.0,4.0,0.0,0.5,0.6457364232744005,1.3184393810778436
2207,train,0,1,0,122.92071791149178,784.9160007098877,0.0,348.3024525100387,198.1216946475439,0.3333333333333333,0.0,0.0,0.5,0.512169657964549,0.8081446128098639
2207,train,2,1,0,122.92071791149178,255.08353597861307,0.0,83.23921289728882,325.9212464553581,0.3333333333333333,0.0,0.0,0.5,0.512169657964549,0.8081446128098639
2208,train,0,2,0,378.0613105077671,2689.638548443364,-0.42857142857142855,519.8552558479485,457.17253824820546,0.047619047619047616,0.47619047619047616,177.35170882697767,0.5,1.5752554604490294,1.1763092128767882
2208,train,2,1,1,-94.51532762694177,-3780.5188873919615,0.2857142857142857,-393.7629433934756,-115.49204416554332,-0.09523809523809523,-0.6666666666666666,16.3158292524447,0.5,1.5752554604490294,1.1763092128767882
2209,train,1,0,1,120.0,709.3983436127878,0.0,-46.44700944808142,0.0,0.0,0.6666666666666666,0.0,0.5,1.0,1.0
2209,train,1,2,1,0.0,802.4767343086064,-0.3333333333333333,237.61414776400892,0.0,0.0,0.33333333333333326,0.0,0.5,1.0,1.0
2210,train,0,2,0,0.0,80.23044607723256,0.26666666666666666,54.6866424158742,353.5754500855087,0.0,1.0,30.24681078579729,0.5,0.691161302580512,0.8873802176243989
2210,train,1,2,0,124.40903446449217,692.4677110692558,0.26666666666666666,12.245372470773916,126.8029700641863,0.0,1.0,106.90801092282241,0.5,0.691161302580512,0.8873802176243989
2211,validation,1,0,0,545.9499713287647,581.4722100576447,0.5714285714285714,-9.3445852010286,49.47243899798443,0.0,0.0,-27.794147860524333,0.5,1.819833237762549,0.59784941786353
2211,validation,2,0,0,327.56998279725883,615.9491837929753,0.2857142857142857,-15.291542235769,3.5190933088893814,0.23809523809523808,-0.19047619047619047,-30.707292094645553,0.5,1.819833237762549,0.59784941786353
2212,train,1,0,0,286.9052929116308,586.793268459337,0.0,0.0,75.97855655773779,0.3333333333333333,0.0,39.71531041233986,0.5,1.1954387204651282,0.6940309730542062
2212,train,2,0,0,0.0,725.7658105997646,0.0,0.0,311.1384820416713,0.3333333333333333,0.0,-115.62080697053442,0.5,1.1954387204651282,0.6940309730542062
2213,train,1,0,1,-180.0,-326.20449087767247,-1.3333333333333333,-245.57239654075562,0.0,0.0,0.0,-66.28055137079905,0.5,1.0,1.0
2213,train,2,1,0,240.0,963.866939305899,0.0,-56.00504474354466,0.0,0.0,0.0,-34.7233476726762,0.5,1.0,1.0
2214,train,1,0,0,350.5126391958358,-283.67382472493074,0.0,0.0,0.0,1.0,0.0,0.0,0.5,0.5841877319930596,1.0850632589471727
2214,train,2,0,0,0.0,-446.4623372088778,0.0,0.0,0.0,2.0,0.0,0.0,0.5,0.5841877319930596,1.0850632589471727
2215,train,0,2,0,212.846750555944,1595.8398433454029,-0.6666666666666667,0.0,0.0,0.0,0.0,110.57715946553697,0.5,0.5912409737665111,1.7402510820273376
2215,train,2,1,1,-248.32120898193466,-1553.9459647320236,0.6666666666666667,0.0,0.0,0.0,0.0,-63.84972452877662,0.5,0.5912409737665111,1.7402510820273376
2216,validation,0,1,0,-270.28321082239523,-682.9854123962501,0.2,40.30126711781412,50.31415188309222,0.3333333333333333,0.0,6.778814865220895,0.5,1.5015733934577513,0.640286840947228
2216,validation,2,1,0,-180.18880721493016,-206.1243822932247,0.4,15.396383239530984,24.35407317331348,0.0,0.0,-57.42702836205643,0.5,1.5015733934577513,0.640286840947228
2217,train,0,1,1,88.97437395906789,-43.40689955211134,0.0,0.0,-135.62181761970436,0.0,0.5,0.0,0.5,1.4829062326511315,0.5884621830223579
2217,train,2,0,0,-177.94874791813578,292.9261920324101,0.0,0.0,53.228674808646915,0.0,-0.5,0.0,0.5,1.4829062326511315,0.5884621830223579
2218,train,0,1,1,46.75779660693688,-849.0488322019822,0.0,0.0,0.0,0.3333333333333333,-1.9999999999999998,0.0,0.5,0.7792966101156147,0.5643408726692561
2218,train,0,2,1,0.0,-652.804513901844,0.0,0.0,0.0,0.0,-1.9999999999999998,0.0,0.5,0.7792966101156147,0.5643408726692561
2219,train,1,0,0,0.0,-916.4479220107539,0.0,0.0,275.86454556093474,0.39999999999999997,-0.7999999999999998,-36.273526564212055,0.5,1.8294070316610034,0.74059418694651
2219,train,2,0,0,2414.8172817925247,777.9518504819654,1.0666666666666669,0.0,-604.196600263075,-0.26666666666666666,-0.5999999999999996,1.9978623431234581,0.5,1.8294070316610034,0.74059418694651
2220,validation,2,0,1,62.38644463550868,16.376394407023945,0.0,0.0,0.0,0.0,0.0,-119.88254900946288,0.5,1.039774077258478,1.44284666616774
2220,validation,2,1,1,-187.15933390652606,-2033.8863887646376,0.0,0.0,0.0,0.0,0.0,-171.17218853993194,0.5,1.039774077258478,1.44284666616774
2221,train,1,0,0,840.0,2754.8533168514095,0.0,0.0,0.0,0.0,0.0,0.0,0.5,1.0,1.0
2221,train,2,0,0,720.0,2329.2055005688208,0.0,0.0,0.0,0.0,0.0,0.0,0.5,1.0,1.0
2222,train,1,0,1,0.0,470.1947501812595,0.0,0.0,0.0,0.0,-2.6666666666666665,0.0,0.5,1.1163547420454256,0.7968901726399127
2222,train,1,2,1,-66.98128452272553,852.6111210258458,0.0,0.0,0.0,-0.6666666666666666,-2.6666666666666665,0.0,0.5,1.1163547420454256,0.7968901726399127
2223,train,0,1,0,-170.74889106749944,-1103.1783118553037,0.8,-198.55295444171782,-56.5703849782654,0.6666666666666666,-0.4666666666666666,0.0,0.5,0.9486049503749969,1.8145682700572372
2223,train,2,1,0,-170.74889106749944,-703.8059817906861,0.2,-252.64064507438428,13.28544504484826,1.0,0.0,0.0,0.5,0.9486049503749969,1.8145682700572372
2224,test,0,2,0,699.1701764200079,1576.6052443651797,0.0,0.0,0.0,0.0,0.0,433.37552176694214,0.5,1.1652836273666798,0.7537189849688639
2224,test,1,2,0,0.0,344.1045215608243,0.0,0.0,0.0,0.0,0.0,533.3890633862305,0.5,1.1652836273666798,0.7537189849688639
2225,validation,2,0,1,0.0,-415.8080452510558,0.0,-30.265558475742694,-52.236543338192675,0.0,0.0,-63.59474602274299,0.5,1.1894241053553616,1.48480197934801
2225,validation,2,1,1,-71.3654463213217,-485.03362685702825,0.0,-24.603804133585726,9.291657573643676,0.0,0.0,-0.6533310617891428,0.5,1.1894241053553616,1.48480197934801
2226,train,0,1,1,-299.0335218804327,-417.6553701113119,-0.2857142857142857,-286.9706592504488,-30.28581077705128,0.0,-0.09523809523809523,-33.127042721538274,0.5,1.661297343780182,0.8799159774241329
2226,train,0,2,1,-299.0335218804327,44.93240154472297,0.0,-287.6301839274853,28.6748107173336,0.0,-0.09523809523809523,-8.33473513745243,0.5,1.661297343780182,0.8799159774241329
2227,test,1,0,0,711.5964947819352,-259.66462124015015,0.0,0.0,287.49320647173977,0.5,1.5,0.0,0.5,1.9766569299498202,0.6503533813788931
2227,test,2,0,0,118.59941579698922,-157.92282407788161,0.0,0.0,378.83940257635004,-0.5,0.8333333333333333,0.0,0.5,1.9766569299498202,0.6503533813788931
2228,validation,1,0,0,720.0,1260.1957495835609,0.0,0.0,0.0,0.0,0.0,0.0,0.5,1.0,1.0
2228,validation,2,0,0,180.0,989.0366691268741,0.0,0.0,0.0,0.0,0.0,0.0,0.5,1.0,1.0
2229,train,0,1,1,-212.21051109309138,352.80326439600776,-2.0,0.0,0.0,0.0,0.0,0.0,0.5,1.1789472838505077,0.9080535739696081
2229,train,0,2,1,-282.94734812412185,-1368.389125643019,-5.0,0.0,0.0,0.0,0.0,0.0,0.5,1.1789472838505077,0.9080535739696081
2230,validation,1,0,0,202.4591329286131,825.4160431324991,1.0,0.0,0.0,0.3333333333333333,0.0,-94.67292850345126,0.5,1.1247729607145172,0.8772735406330215
2230,validation,2,0,0,404.9182658572262,674.0957344580478,0.5,0.0,0.0,0.3333333333333333,0.0,-94.67292850345126,0.5,1.1247729607145172,0.8772735406330215
2231,train,1,0,1,-108.72509830223898,-628.8950820654894,0.0,-41.11851497553448,-370.04323482813504,0.047619047619047616,0.0,-35.53899203737642,0.5,0.9060424858519914,0.5647345120533162
2231,train,1,2,1,-217.45019660447795,-1048.5026971684508,-0.2857142857142857,36.321007679221594,6.886422475477161,0.047619047619047616,0.8571428571428571,-30.944840507245,0.5,0.9060424858519914,0.5647345120533162
2232,train,0,1,0,352.9958181330439,-1260.1556579509372,0.0,0.0,0.0,0.16666666666666666,1.0,-20.493048064269615,0.5,1.9610878785169104,1.6454999533046883
2232,train,1,2,1,-235.33054542202925,647.7842715489371,0.0,0.0,0.0,-0.16666666666666666,-1.6666666666666665,-129.07052319138046,0.5,1.9610878785169104,1.6454999533046883
2233,train,0,1,1,-297.70877257180354,-489.580679278188,0.0,0.0,0.0,0.0,0.0,8.272719290570876,0.5,0.8269688126994543,0.8657347304298053
2233,train,2,0,0,-248.0906438098363,-4.408354549625358,0.0,0.0,0.0,0.0,0.0,297.61441398733416,0.5,0.8269688126994543,0.8657347304298053
2234,validation,0,1,1,46.79302900672233,905.5015815437927,0.0,-22.74704900942885,-79.70069086800834,0.1333333333333333,0.0,-160.12378197243072,0.5,0.7798838167787054,0.5002590101407842
2234,validation,2,0,0,327.5512030470563,667.8674901896321,0.0,35.19324232013699,-3.901022660163335,-0.1333333333333333,1.0666666666666669,-139.9106105964659,0.5,0.7798838167787054,0.5002590101407842
2235,test,0,1,1,348.7760601740748,438.4170637622661,-0.8,55.04451238131304,-27.937736833504747,0.0,0.0,0.0,0.5,1.93764477874486,0.8354510733982883
2235,test,2,0,0,-232.5173734493832,-1654.17958837774,0.5333333333333333,-43.26044420019073,161.56770636744838,-0.13333333333333333,-1.9999999999999998,0.0,0.5,1.93764477874486,0.8354510733982883
2236,train,1,0,0,160.03809157802334,230.55928897775945,0.0,191.9834139779336,0.0,0.0,2.0,0.0,0.5,0.8891005087667964,1.5902452941198169
2236,train,2,0,0,-160.03809157802334,2115.9742639282777,0.0,-219.4322100327035,0.0,0.0,4.0,0.0,0.5,0.8891005087667964,1.5902452941198169
2237,train,0,2,0,86.87764391636016,615.5830890476237,0.4,0.0,-89.92464050030789,0.0,-2.0,76.72019341647355,0.5,0.723980365969668,0.9285572803261655
2237,train,1,2,0,86.87764391636016,327.2358098236938,0.8,0.0,-68.65820360902342,0.0,0.0,131.74779301904846,0.5,0.723980365969668,0.9285572803261655
2238,train,1,0,0,1066.954356302326,576.4756518427712,-0.23809523809523808,-304.5845676599958,-74.24605922193885,-0.19047619047619047,-0.2857142857142858,112.24005521466032,0.5,1.4818810504198972,1.0073451423930972
2238,train,2,0,0,533.477178151163,2230.385757986229,0.23809523809523808,-262.1321009431502,-54.097397979783125,0.0,-1.1428571428571428,0.0,0.5,1.4818810504198972,1.0073451423930972
2239,train,0,1,0,110.76001394520536,-660.8141198510315,0.0,428.49995231321805,0.0,0.4,0.0,9.403825334280924,0.5,1.8460002324200893,1.0358882877028164
2239,train,2,1,0,-443.04005578082143,234.86968528931567,0.6,38.663405489574956,0.0,0.0,0.0,-11.953457234795081,0.5,1.8460002324200893,1.0358882877028164
2240,train,1,0,0,-401.14543824370855,121.79343504015436,0.2857142857142857,-62.53230106304116,34.36761200867016,0.0,-0.23809523809523814,63.23375574484682,0.5,1.3371514608123618,0.6022431206283233
2240,train,2,0,0,1042.9781394336421,1434.9010271046877,0.047619047619047616,82.22047505726323,182.59561847043403,-0.09523809523809523,1.1904761904761905,-65.87775918728913,0.5,1.3371514608123618,0.6022431206283233
2241,train,1,0,0,-240.0,-311.21078643166675,0.16666666666666666,423.4050284226582,0.0,-0.3333333333333333,0.0,0.0,0.5,1.0,1.0
2241,train,0,2,1,240.0,-189.7325432445523,0.16666666666666666,-217.67618823244032,0.0,-1.0,0.0,0.0,0.5,1.0,1.0
2242,train,1,0,1,-180.20673170654902,556.4095351709223,0.14285714285714285,114.85835280354229,107.11337743773495,0.0,-1.4285714285714286,-20.710308629082533,0.5,0.500574254740414,1.1301357505075411
2242,train,1,2,1,-30.034455284424837,1389.4493714030161,0.0,137.19590057225318,95.01006004787949,0.0,0.0,-23.478013621591938,0.5,0.500574254740414,1.1301357505075411
2243,train,1,0,1,-214.1270448209346,-42.844080074698226,-1.0,0.0,0.0,0.0,0.0,-79.58550614504897,0.5,0.8921960200872275,1.1910127534243942
2243,train,1,2,1,160.59528361570096,1696.87348967069,0.0,0.0,0.0,0.0,0.0,-79.2427791051496,0.5,0.8921960200872275,1.1910127534243942
2244,test,0,2,0,230.781283442796,540.3924682310378,0.0,0.0,0.0,1.0,0.0,0.0,0.5,1.9231773620233,1.2165035909923294
2244,test,1,2,0,115.390641721398,901.5481455992364,0.0,0.0,0.0,1.0,0.0,0.0,0.5,1.9231773620233,1.2165035909923294
2245,train,0,2,0,-95.77599217075759,-71.71526263983499,0.0,0.0,0.0,0.0,0.0,0.0,0.5,0.5320888453930978,0.5318366785097941
2245,train,1,2,0,-31.925330723585866,344.6215544219378,0.0,0.0,0.0,0.0,7.0,0.0,0.5,0.5320888453930978,0.5318366785097941
2246,train,0,1,1,-300.0,-1252.3546798022694,0.0,-167.4245628881245,-52.79419188049914,0.26666666666666666,0.0,-73.82603333919101,0.5,1.0,1.0
2246,train,2,0,0,120.0,533.7629303946655,0.2666666666666667,73.89104618438199,12.571124506134746,0.0,0.0,29.485135552849002,0.5,1.0,1.0
2247,test,0,1,1,247.20680522173564,230.02226271058223,0.0,176.8064667992232,136.71404580721781,-1.0,0.0,0.0,0.5,1.3733711401207536,0.63540231419343
2247,test,0,2,1,0.0,-760.3024902497174,0.0,-299.8257557582168,49.86764371969062,0.0,0.0,0.0,0.5,1.3733711401207536,0.63540231419343
2248,train,0,1,1,-720.0,-1150.9188977996318,0.0,0.0,0.0,0.0,0.0,0.0,0.5,1.0,1.0
2248,train,2,0,0,180.0,-665.9408077444232,0.0,0.0,0.0,0.0,0.0,0.0,0.5,1.0,1.0
2249,train,0,1,0,652.9212128846523,-184.47961480796883,0.2,6.778250732586969,-30.072604316664027,0.4,0.0,0.0,0.5,1.5545743163920294,0.9757458023075826
2249,train,1,2,1,-559.6467539011305,693.3281801163023,-0.2,-225.0218504455018,94.85036878178232,-0.4,0.0,0.0,0.5,1.5545743163920294,0.9757458023075826
2250,train,1,0,0,41.66843135098719,1021.5058389899826,-0.047619047619047616,149.32084425718287,-74.72254449475652,0.0,0.1428571428571428,10.090769176890618,0.5,0.6944738558497865,0.7372880977282891
2250,train,0,2,1,-166.67372540394877,-375.83844478550833,-0.047619047619047616,58.910803833967464,46.458044790251556,0.0,0.4285714285714286,-67.21219724973217,0.5,0.6944738558497865,0.7372880977282891
2251,train,2,0,1,-261.41240563754127,-1943.0488644511004,0.06666666666666667,0.0,75.02201088800578,0.26666666666666666,0.6666666666666665,-306.421828700607,0.5,0.5446091784115443,1.2140323326893707
2251,train,1,2,0,130.70620281877063,1103.0590402238965,0.0,0.0,136.83664219098333,0.7999999999999999,1.666666666666667,-17.886426638502083,0.5,0.5446091784115443,1.2140323326893707
2252,train,0,2,0,263.8036393049884,898.5332150859741,0.0,882.8316061753774,0.0,0.0,0.8333333333333334,52.94582742518102,0.5,1.4655757739166022,0.8146677638988706
2252,train,2,1,1,-351.73818573998454,-339.7583664101047,0.0,34.528436081487826,0.0,0.0,-0.16666666666666666,-275.89473479353865,0.5,1.4655757739166022,0.8146677638988706
2253,train,1,0,0,-663.4025530255628,392.8441994719749,0.0,0.0,1226.3441704107215,0.0,0.0,0.0,0.5,1.8427848695154523,0.7803980168165316
2253,train,2,0,0,-995.1038295383443,-116.83860212947978,0.0,0.0,713.6960557044143,0.0,0.0,0.0,0.5,1.8427848695154523,0.7803980168165316
2254,train,0,2,0,-35.919230105477354,-414.69822205212034,0.0,-110.84781953886639,25.424199455569997,0.0,0.5333333333333334,0.940543789313478,0.5,0.5986538350912892,1.092271340492086
2254,train,1,2,0,35.919230105477354,240.64771232500928,-0.13333333333333333,7.2140614938413705,93.70140783184166,0.0,1.0666666666666667,2.2065051424502666,0.5,0.5986538350912892,1.092271340492086
2255,test,1,0,1,120.0,355.3019991158394,0.0,-418.8951220742085,0.0,0.0,0.0,-22.267377654349474,0.5,1.0,1.0
2255,test,1,2,1,-60.0,930.2853148621039,0.0,-360.92662946171725,0.0,0.0,0.0,32.011258836682096,0.5,1.0,1.0
2256,train,2,0,1,-49.58166615558105,-414.0808120317159,0.0,0.0,-4.707996951109827,-0.4,0.0,-25.195617499204793,0.5,0.8263611025930174,1.6382028517496483
2256,train,2,1,1,49.58166615558105,389.505286797039,0.0,0.0,32.332189526608616,-0.4,-0.6,-75.56770808865711,0.5,0.8263611025930174,1.6382028517496483
2257,train,2,0,1,0.0,-312.1507395607855,0.0,-409.01568052054915,-28.87677101390005,0.0,0.8,0.0,0.5,1.0,1.0
2257,train,2,1,1,0.0,-127.15167556230926,0.0,-250.63512464449536,-11.137876694560756,-0.3,0.6000000000000001,0.0,0.5,1.0,1.0
2258,train,0,1,0,202.8971876660874,430.76117232052854,0.0,-15.769748397123408,0.0,-0.16666666666666666,2.5,0.0,0.5,0.8454049486086975,1.632004227106738
2258,train,2,1,0,0.0,-249.07490308198498,0.0,-141.08887627924912,0.0,0.0,0.0,0.0,0.5,0.8454049486086975,1.632004227106738
2259,train,0,1,0,-342.51888731859856,-604.9966538830316,0.0,0.0,0.0,0.0,3.0,0.0,0.5,0.7135810152470803,0.5470052156363459
2259,train,1,2,1,-385.33374823342336,-1499.9570889070167,0.0,0.0,0.0,0.0,0.0,0.0,0.5,0.7135810152470803,0.5470052156363459
2260,train,1,0,1,-65.20890778630996,-833.0230181690505,0.0,0.0,0.0,0.0,0.0,-72.66069795988585,0.5,1.0868151297718327,1.0339253854617174
2260,train,1,2,1,-130.41781557261993,-425.9217951742658,0.0,0.0,0.0,0.0,0.0,-171.32065578681028,0.5,1.0868151297718327,1.0339253854617174
2261,train,1,0,0,-58.552651360818054,-163.6652747594252,-0.2,-82.33655914272958,-118.94900005033594,0.0,0.5,0.0,0.5,0.9758775226803009,0.5942977650582549
2261,train,2,0,0,234.21060544327221,1279.2461696580233,0.6000000000000001,510.20137112943405,117.11581405626123,0.0,0.6,0.0,0.5,0.9758775226803009,0.5942977650582549
2262,train,0,2,0,38.28767183461868,298.8675129355096,0.0,144.70890809737483,114.96383989593592,0.0,0.0,-67.94068227289993,0.5,0.6381278639103113,0.7683778704429288
2262,train,1,2,0,0.0,352.2808711074758,0.0,185.70452513641663,20.059354780108933,-0.06666666666666667,0.0,-21.750852475661496,0.5,0.6381278639103113,0.7683778704429288
2263,test,2,0,1,-44.62722635106598,234.55180612588663,0.2857142857142857,-19.846001900556573,63.18026043212975,-0.7142857142857142,0.0,0.7877846757007472,0.5,0.7437871058510996,0.8528286162838495
2263,test,1,2,0,-44.62722635106598,-531.8048611267997,-0.2857142857142857,174.35396506670742,-72.80100784911204,0.23809523809523808,-0.2857142857142857,-11.270757705740882,0.5,0.7437871058510996,0.8528286162838495
2264,validation,2,0,1,-554.0433071647346,-2534.915019131427,-1.7999999999999998,0.0,0.0,-0.4,-0.5,-103.55086090078271,0.5,0.7695045932843536,1.6101484568108575
2264,validation,1,2,0,323.19192917942854,537.4623661757124,0.0,0.0,0.0,0.2,0.6,59.55559934201176,0.5,0.7695045932843536,1.6101484568108575
2265,train,0,2,0,468.30273822450874,2005.346574145123,0.26666666666666666,0.0,66.23460175118765,-0.3333333333333333,-0.8,49.445439149066324,0.5,1.3008409395125242,1.9151998328997286
2265,train,2,1,1,-234.15136911225437,-2143.24595656849,-1.3333333333333335,0.0,-99.66519335911337,0.6666666666666666,0.0,-61.78195810694987,0.5,1.3008409395125242,1.9151998328997286
2266,train,0,1,0,-149.9424999272765,-2856.148349039552,0.0,-98.92209189485499,-97.5722655606635,0.47619047619047616,-0.09523809523809523,-50.90045300633507,0.5,1.249520832727304,1.4846381664719286
2266,train,1,2,1,-74.97124996363824,1161.2344573052103,0.0,136.45826034575742,65.7468890931842,-0.47619047619047616,-0.14285714285714285,50.90045300633507,0.5,1.249520832727304,1.4846381664719286
2267,validation,0,1,1,-99.4487613298912,-700.5961353630819,0.0,0.0,-23.287884550864263,0.0,-0.8999999999999999,-1.8540163465521484,0.5,0.8287396777490933,0.7557604728415226
2267,validation,2,0,0,-49.7243806649456,-79.93059340146185,0.1,0.0,45.61414864453897,0.0,0.3,-4.214208037103532,0.5,0.8287396777490933,0.7557604728415226
2268,validation,0,1,0,-253.25565815683632,426.54436641382813,0.0,2.804567069146131,369.00923251555383,0.0,0.6,-60.216670042991375,0.5,0.6029896622781817,0.6167057032418689
2268,validation,2,1,0,-144.71751894676362,404.06366719546673,0.0,34.165208686808825,87.6984619144051,-0.06666666666666667,1.0,-11.267409569019115,0.5,0.6029896622781817,0.6167057032418689
2269,train,2,0,1,300.0,-101.579006464558,-0.26666666666666666,-252.10758791910462,-52.58780444917714,-0.2,0.0,0.0,0.5,1.0,1.0
2269,train,1,2,0,60.0,1100.563651015529,0.26666666666666666,660.1803173713058,96.90651299802242,0.4,0.0,37.7748128797536,0.5,1.0,1.0
2270,train,1,0,1,-45.87489000600532,394.98070653576355,0.0,0.0,-452.1642983145972,0.0,-1.333333333333333,84.58792058035803,0.5,0.7645815001000887,1.3591886414203709
2270,train,1,2,1,-183.4995600240213,-938.3298507676745,0.0,0.0,90.58059829533173,0.0,-0.6666666666666665,3.71883023717902,0.5,0.7645815001000887,1.3591886414203709
2271,test,0,1,0,0.0,94.04054458596056,0.0,576.7953364918767,-4.589128271123599,0.0,0.0,0.0,0.5,1.0,1.0
2271,test,1,2,1,120.0,-495.31062375934016,0.0,-251.15282008486287,-213.3552021293275,0.0,0.0,0.0,0.5,1.0,1.0
2272,train,2,0,1,60.0,-369.193486158154,0.0,363.11273891224687,-41.43738230676615,0.0,-1.9999999999999996,0.0,0.5,1.0,1.0
2272,train,2,1,1,-180.0,-2864.2052626485347,0.0,-1054.2217138903393,303.8149164521762,0.0,0.3333333333333335,0.0,0.5,1.0,1.0
2273,train,0,1,0,-465.5335586201544,-752.452316970674,3.0,0.0,0.0,0.0,0.0,0.0,0.5,0.969861580458655,0.8209678333310193
2273,train,2,1,0,-407.3418637926351,-1499.3771550544636,1.0,0.0,0.0,0.0,0.0,0.0,0.5,0.969861580458655,0.8209678333310193
2274,validation,1,0,0,220.0779616298045,203.6907190445594,0.0,0.0,-19.634623695571776,0.0,0.0,0.0,0.5,0.9169915067908521,1.4212965826350068
2274,validation,2,0,0,55.01949040745112,1443.9054628832455,1.3333333333333333,0.0,-8.949313840728678,0.0,0.0,0.0,0.5,0.9169915067908521,1.4212965826350068
2275,test,1,0,0,120.0,815.7696552095845,0.0,0.0,0.0,0.0,0.0,0.0,0.5,1.0,1.0
2275,test,2,0,0,420.0,802.5150440333023,0.0,0.0,0.0,0.0,0.0,0.0,0.5,1.0,1.0
2276,train,1,0,0,101.87274657817687,3121.2668556362933,0.13333333333333333,0.0,42.1064163116701,0.0,1.8666666666666667,-2.8755174396712846,0.5,0.8489395548181407,1.8733072617625495
2276,train,2,0,0,713.1092260472382,7192.913589937519,0.0,0.0,33.50452651257851,0.3333333333333333,1.6,-46.04916607852691,0.5,0.8489395548181407,1.8733072617625495
2277,test,0,2,0,-180.0,-73.94029310287578,0.0,0.0,0.0,0.0,0.0,0.0,0.5,1.0,1.0
2277,test,2,1,1,240.0,-103.22770097830198,0.0,0.0,0.0,0.0,0.0,0.0,0.5,1.0,1.0
2278,train,0,1,0,167.6030357090622,469.2036768630002,-0.2857142857142857,117.49634494519617,78.74281318886563,0.0,0.42857142857142855,24.058183327594673,0.5,1.396691964242185,0.591498604932691
2278,train,1,2,1,-335.2060714181244,-862.1367184829272,0.0,-140.9479578817975,-127.97831736870286,0.0,-0.42857142857142855,5.772892368549034,0.5,1.396691964242185,0.591498604932691
2279,train,1,0,1,-60.0,-722.391329855308,0.0,0.0,0.0,0.0,0.0,0.0,0.5,1.0,1.0
2279,train,1,2,1,-240.0,1453.2329413586767,0.0,0.0,0.0,0.0,0.0,0.0,0.5,1.0,1.0
2280,train,1,0,1,-257.5684224481163,-2229.919941444525,0.0,-78.38535941888725,0.0,-0.6666666666666666,0.0,0.0,0.5,0.7154678401336563,1.8515136076067447
2280,train,1,2,1,-386.35263367217436,272.34294024217945,0.0,-121.67810578002431,0.0,-0.6666666666666666,0.0,0.0,0.5,0.7154678401336563,1.8515136076067447
2281,train,2,0,1,-676.3136378704113,-523.2535318754296,-0.5333333333333334,0.0,-267.32472265024296,-0.2666666666666667,0.0,-11.092154618691865,0.5,1.878648994084476,0.9819292278341785
2281,train,1,2,0,0.0,-217.98015682736815,-0.26666666666666666,0.0,293.85931008221604,0.0,0.0,29.888084855818192,0.5,1.878648994084476,0.9819292278341785
2282,train,1,0,1,-440.36568297669396,622.7252879262477,-1.3333333333333333,0.0,161.27386972401797,0.0,0.0,0.0,0.5,1.0484897213730808,1.2048482443317894
2282,train,1,2,1,251.6375331295394,-953.4047815753386,-1.3333333333333333,0.0,-254.15213391702693,0.0,0.0,0.0,0.5,1.0484897213730808,1.2048482443317894
2283,train,1,0,0,449.746882732019,1752.1909418204098,0.0,-15.566137390995465,-21.005985004803307,0.0,-0.8000000000000002,0.0,0.5,1.8739453447167458,1.561055367218868
2283,train,0,2,1,-562.1836034150238,-533.8917692153341,-0.3,6.2464596309596345,-0.25239360162572666,0.0,-0.7999999999999998,0.0,0.5,1.8739453447167458,1.561055367218868
2284,test,0,1,1,-300.0,-544.7086783687773,0.0,-104.67793760288805,0.0,0.3333333333333333,0.0,-61.03198613860235,0.5,1.0,1.0
2284,test,0,2,1,-300.0,-127.977153961147,0.0,-380.56719193383145,0.0,0.16666666666666666,0.0,36.11859820377771,0.5,1.0,1.0
2285,train,0,1,0,863.9856047255322,293.73604956781173,-0.23809523809523808,-33.742624110446855,-36.49252928399676,0.09523809523809523,-0.2857142857142857,-3.1816911150734724,0.5,1.7999700098448588,0.5210341225275187
2285,train,2,1,0,755.9874041348406,132.4958275341516,0.4761904761904761,-95.25925600202385,71.62005782406419,0.047619047619047616,-0.09523809523809523,72.27516661305224,0.5,1.7999700098448588,0.5210341225275187
2286,train,0,1,1,0.0,-1037.5935983847248,-0.26666666666666666,0.0,-2.1245551850368045,-0.26666666666666666,-0.9999999999999999,-18.647359146665927,0.5,1.457700211070043,0.9673860317922868
2286,train,2,0,0,87.46201266420258,755.5431449799698,0.0,0.0,5.57891013097548,0.06666666666666667,0.33333333333333337,69.85866851151991,0.5,1.457700211070043,0.9673860317922868
2287,test,0,1,1,180.0,2133.0788846605137,0.0,0.0,0.0,0.0,0.0,0.0,0.5,1.0,1.0
2287,test,2,0,0,180.0,425.4462043311123,0.0,0.0,0.0,0.0,0.0,0.0,0.5,1.0,1.0
2288,train,1,0,1,-347.0497432707324,-466.96373010537906,0.0,-149.22178411536873,-4.350206903190781,-0.2666666666666667,0.0,-18.664585207871596,0.5,1.156832477569108,0.7168317003122295
2288,train,2,1,0,-69.40994865414648,819.0231248128445,0.0,92.61022644725529,21.63365058611376,-0.26666666666666666,-0.33333333333333304,40.682940533262254,0.5,1.156832477569108,0.7168317003122295
2289,train,0,1,0,540.0,654.4315327762379,0.09523809523809523,-353.13252076924005,51.10487539806445,0.0,1.1904761904761902,4.202373322702918,0.5,1.0,1.0
2289,train,1,2,1,-180.0,-402.9767985731896,0.0,49.21783296901481,-11.834129949268316,0.19047619047619047,-0.9523809523809523,10.248364891430482,0.5,1.0,1.0
2290,validation,0,2,0,422.60274123129017,483.0299801261785,-0.09523809523809523,-175.02531331306346,151.78815874279567,-0.19047619047619047,0.2857142857142857,38.44601098399642,0.5,0.7825976689468337,1.1352800276449577
2290,validation,1,2,0,140.86758041043007,730.7418150792387,-0.047619047619047616,-196.20036545058687,50.61839233393377,0.19047619047619047,0.2857142857142857,79.1619053030857,0.5,0.7825976689468337,1.1352800276449577
2291,train,1,0,0,123.90771136945851,990.4005509759478,0.0,0.0,0.0,3.0,0.0,0.0,0.5,0.6883761742747695,0.6582208339537262
2291,train,2,0,0,247.81542273891702,-66.64616789130001,0.0,0.0,0.0,0.0,0.0,0.0,0.5,0.6883761742747695,0.6582208339537262
2292,train,2,0,1,-72.00704328222861,-140.84350341394827,-0.4,0.0,-470.6368595630489,0.0,0.09999999999999998,-15.505711925427123,0.5,0.6000586940185717,1.494973508732998
2292,train,2,1,1,144.01408656445722,361.0512391090278,0.0,0.0,-54.75528361451245,0.0,0.09999999999999998,-166.89952781772936,0.5,0.6000586940185717,1.494973508732998
2293,train,2,0,1,-232.6974344854608,-684.0863987128591,0.0,0.0,0.0,0.0,-0.5,-10.802322889281498,0.5,0.96957264368942,0.8764353703511041
2293,train,2,1,1,-58.1743586213652,-735.5059797916346,0.0,0.0,0.0,-1.0,0.6666666666666667,98.76663713337983,0.5,0.96957264368942,0.8764353703511041
2294,train,2,0,1,-360.0,-134.94841855528193,0.5714285714285714,-163.80451317588336,-70.622978320532,-0.09523809523809523,-0.7142857142857144,43.46870056941245,0.5,1.0,1.0
2294,train,1,2,0,900.0,1651.9225221345487,0.0,379.5061104129338,-67.99480259256389,0.09523809523809523,1.1904761904761902,-33.60170076333647,0.5,1.0,1.0
2295,train,0,1,0,0.0,-50.33519363442865,0.0,0.0,0.0,0.0,2.0,0.0,0.5,1.8476776243190647,0.8580586324087214
2295,train,2,1,0,-221.72131491828776,-558.8992549035675,0.0,0.0,0.0,0.0,1.0,0.0,0.5,1.8476776243190647,0.8580586324087214
2296,train,1,0,1,-986.2762407946512,-1335.3872190881798,0.0,-143.77677800276876,0.0,0.0,0.0,-152.3407410727424,0.5,1.8264374829530579,0.6628407478416564
2296,train,1,2,1,328.75874693155043,-871.2204476952546,0.0,32.23106586101812,0.0,0.0,0.0,-259.2413700680212,0.5,1.8264374829530579,0.6628407478416564
2297,train,0,2,0,-47.52468799225626,308.3970263353037,-0.33333333333333337,0.0,0.0,0.0,1.0,18.647093506753418,0.5,0.792078133204271,1.1868388600460507
2297,train,2,1,1,47.52468799225626,455.8936920051446,0.33333333333333337,0.0,0.0,0.0,-2.5,8.641324830817322,0.5,0.792078133204271,1.1868388600460507
2298,train,0,1,1,-231.9833429738741,-373.6911596667272,0.0,132.36486374988286,-68.72954921543226,0.26666666666666666,-1.2,0.0,0.5,1.9331945247822842,1.2679830436607247
2298,train,0,2,1,0.0,970.6018504021597,0.0,78.11860267636848,-12.955618189576576,0.0,0.0,0.0,0.5,1.9331945247822842,1.2679830436607247
2299,train,0,1,0,842.6904285462335,8089.894606794936,2.0,0.0,0.0,0.0,0.0,161.2930254045612,0.5,1.75560505947132,1.9852493138486997
2299,train,2,1,0,421.34521427311677,4909.35882085413,0.6666666666666666,0.0,0.0,0.0,0.0,15.120412025973565,0.5,1.75560505947132,1.9852493138486997
2300,train,0,1,0,-345.7626746611063,-302.9302114669115,0.0,-473.18975685917076,7.988513184131968,0.3333333333333333,0.8,-1.0158321863029443,0.5,1.1525422488703543,1.7958090960748752
2300,train,2,1,0,-138.30506986444252,-740.2435928596238,0.0,-393.3108659452188,121.9226665283839,0.0,-0.5333333333333332,-4.120928189584159,0.5,1.1525422488703543,1.7958090960748752
2301,train,0,1,1,0.0,616.4817650803734,0.0,0.0,0.0,0.0,0.0,0.0,0.5,1.0,1.0
2301,train,0,2,1,180.0,1335.4244511329716,0.0,0.0,0.0,0.0,0.0,0.0,0.5,1.0,1.0
2302,train,0,2,0,404.35820261474714,809.0257806303317,0.5714285714285714,52.97926219013681,6.148414460996975,0.19047619047619047,0.23809523809523808,-11.647844858263717,0.5,1.3478606753824904,0.5965212607201978
2302,train,1,2,0,-242.61492156884827,116.01178740594146,0.0,210.91921945070902,-28.759270964951128,0.09523809523809523,0.19047619047619047,29.156412267407504,0.5,1.3478606753824904,0.5965212607201978
2303,train,0,1,0,60.0,-55.02770204433227,0.0,-120.95695072331097,0.0,0.0,0.0,0.0,0.5,1.0,1.0
2303,train,1,2,1,-300.0,-178.32597308015693,0.0,-393.08276215690944,0.0,0.0,-0.16666666666666669,0.0,0.5,1.0,1.0
2304,train,1,0,0,278.4539230515306,1499.7127121741105,0.0,0.0,0.0,3.0,0.0,0.0,0.5,0.9281797435051019,1.8869138700057477
2304,train,2,0,0,-55.69078461030612,-231.0992474402899,0.0,0.0,0.0,1.0,0.0,0.0,0.5,0.9281797435051019,1.8869138700057477
2305,validation,1,0,0,244.25404636849697,-755.2396912375016,0.0,0.0,867.3002492383442,0.0,0.0,0.0,0.5,1.0177251932020708,1.0597740193782776
2305,validation,0,2,1,-427.44458114486974,764.5254448998043,0.0,0.0,-399.0824085328425,0.0,0.0,0.0,0.5,1.0177251932020708,1.0597740193782776
2306,validation,0,1,1,-240.0,-839.565828140167,0.0,0.0,0.0,0.0,0.0,0.0,0.5,1.0,1.0
2306,validation,2,0,0,0.0,1549.8671456088987,0.0,0.0,0.0,0.0,0.0,0.0,0.5,1.0,1.0
2307,train,1,0,1,0.0,-167.73267292579357,0.0,0.0,-15.574087311177152,-0.3,1.2000000000000002,-44.851273801152125,0.5,0.5366845316400208,0.622736586014418
2307,train,2,1,0,32.20107189840125,273.600143679252,0.0,0.0,-14.054237732193656,0.3,-0.8000000000000003,68.58155945926417,0.5,0.5366845316400208,0.622736586014418
2308,train,0,1,1,-1211.955890050259,-698.962223252061,0.0,0.0,-656.6128942645975,0.0,0.0,0.0,0.5,1.6832720695142487,0.5165777462670139
2308,train,0,2,1,-807.9705933668394,133.87393042111796,0.0,0.0,-664.0139510894093,0.0,0.0,0.0,0.5,1.6832720695142487,0.5165777462670139
2309,train,1,0,1,-600.0,327.33611472192206,0.0,0.0,0.0,0.0,0.0,0.0,0.5,1.0,1.0
2309,train,2,1,0,540.0,287.3514102843519,0.0,0.0,0.0,0.0,0.0,0.0,0.5,1.0,1.0
2310,train,0,1,0,-41.152666305576865,-3520.5069717818624,-0.09999999999999998,276.22828827300003,130.2476747277368,0.0,0.0,190.1965334032783,0.5,0.6858777717596144,1.5443188932483414
2310,train,2,1,0,288.06866413903805,-2177.589595782518,-0.30000000000000004,336.35674495677637,156.141343992209,0.0,0.0,47.88512717053233,0.5,0.6858777717596144,1.5443188932483414
2311,train,0,2,0,283.17014125105715,525.4083078584226,0.33333333333333337,565.4003511604267,89.26441661746989,0.0,0.0,-24.295237958995713,0.5,1.573167451394762,1.5573153172528253
2311,train,2,1,1,-188.78009416737143,-1125.6524504981537,0.3333333333333333,-225.42920163301156,-49.48845525594566,0.0,-0.8,14.964653945641517,0.5,1.573167451394762,1.5573153172528253
2312,train,0,1,1,-660.0,-4958.6727419041845,0.0,-302.6047072824863,-222.57739936316096,0.0,0.0,0.0,0.5,1.0,1.0
2312,train,0,2,1,-300.0,-2625.5828925189626,0.0,-3110.6468495068007,-170.88324744895328,0.0,0.0,0.0,0.5,1.0,1.0
2313,test,1,0,1,-792.4482863747326,-1678.9971379436558,0.0,223.5028338987741,-500.04995635429134,-0.06666666666666668,-0.6666666666666665,79.79024122300535,0.5,1.4674968266198751,0.5679779923993729
2313,test,1,2,1,-440.24904798596253,115.23124290415558,0.0,426.1049672544971,-220.2533131298033,-0.06666666666666668,-1.333333333333333,125.85937601301198,0.5,1.4674968266198751,0.5679779923993729
2314,train,0,1,1,0.0,-525.1722686985125,0.0,0.0,-23.27035519799178,0.0,0.0,-44.60009686104279,0.5,1.2513599137774718,1.5044337253179927
2314,train,2,0,0,0.0,-20.982680107199982,-0.4,0.0,8.776215562063754,0.3,0.0,-3.0025515109606307,0.5,1.2513599137774718,1.5044337253179927
2315,train,0,1,1,-193.63540354545208,645.0746575338536,0.0,107.96515484038815,-14.380267111443963,0.0,0.8,0.0,0.5,1.6136283628787673,1.2766635995440734
2315,train,0,2,1,-193.63540354545208,-732.0216941574962,-0.3333333333333333,240.04135209303334,-12.294365393086572,-0.13333333333333333,0.0,0.0,0.5,1.6136283628787673,1.2766635995440734
2316,validation,1,0,0,-245.89623213671752,-456.2678368826656,0.16666666666666666,0.0,240.313110568136,0.0,1.6666666666666665,0.0,0.5,0.5122838169514948,1.308958368132555
2316,validation,0,2,1,122.94811606835876,675.4627868801599,0.0,0.0,-198.5903809447357,0.0,-1.6666666666666665,0.0,0.5,0.5122838169514948,1.308958368132555
2317,train,0,1,1,78.92882053514515,463.4616516901204,-0.7142857142857142,-68.066673816795,165.03715994064584,0.0,-1.1428571428571428,-6.330892620784759,0.5,1.3154803422524193,1.6928744233245907
2317,train,0,2,1,0.0,-206.1970197041728,-0.47619047619047616,-59.93242052698986,196.45801439943494,-0.047619047619047616,-0.8571428571428571,-3.4494643663411253,0.5,1.3154803422524193,1.6928744233245907
2318,test,0,1,0,600.0,1904.5834085563429,0.0,0.0,0.0,0.0,0.0,0.0,0.5,1.0,1.0
2318,test,1,2,1,-480.0,-2630.3104294381956,0.0,0.0,0.0,0.0,0.0,0.0,0.5,1.0,1.0
2319,train,2,0,1,340.70983573674357,512.3063817626928,-0.2666666666666667,188.12279780619355,0.0,-0.3333333333333333,0.2,-9.736384746205502,0.5,0.8112138946112942,0.5217090676854713
2319,train,1,2,0,-146.01850103003295,-682.1403396102513,-0.5333333333333333,-69.49526908577442,0.0,0.3333333333333333,-0.2666666666666667,-6.990263673019516,0.5,0.8112138946112942,0.5217090676854713
2320,train,1,0,0,93.11884956057908,-17.649809857949304,0.0,0.0,0.0,0.6666666666666666,0.0,-81.72531524593266,0.5,1.5519808260096513,0.8555021030222542
2320,train,0,2,1,-93.11884956057908,248.6984411444995,0.0,0.0,0.0,0.0,0.0,46.91691692243285,0.5,1.5519808260096513,0.8555021030222542
2321,train,2,0,1,-265.0573962321731,-78.11563013186755,0.8571428571428571,15.963323196637447,51.29857778317309,-0.38095238095238093,0.0,-42.289635794728724,0.5,1.1044058176340545,1.3192757042243928
2321,train,2,1,1,-265.0573962321731,-332.47493894047653,0.2857142857142857,-355.85948119379054,-28.7395564184651,-0.38095238095238093,0.0,-1.1123142011420555,0.5,1.1044058176340545,1.3192757042243928
2322,train,1,0,0,-241.30921036669469,735.5278408897408,0.4,232.50509660914435,22.66388999890613,0.0,-0.30000000000000004,0.0,0.5,0.6703033621297074,1.677805876015851
2322,train,2,0,0,-201.09100863891223,3609.2870410983355,0.8000000000000002,671.8894758542222,37.8721107150251,0.0,1.1999999999999997,0.0,0.5,0.6703033621297074,1.677805876015851
2323,train,0,1,0,-36.59225335421817,-272.967580660053,1.0,0.0,367.4281463900886,0.0,0.0,0.0,0.5,0.6098708892369695,0.6910249224139701
2323,train,1,2,1,0.0,-681.9013215471748,-1.0,0.0,-356.6277620840156,-0.3333333333333333,0.0,0.0,0.5,0.6098708892369695,0.6910249224139701
2324,train,1,0,1,-245.51197104863093,-2664.7036933288045,0.0,0.0,0.0,-0.6,0.09999999999999998,42.07809567419314,0.5,0.5845523120205498,1.4589774032177252
2324,train,2,1,0,385.80452593356284,2656.104588559383,0.8,0.0,0.0,0.3,0.0,-21.98306639184191,0.5,0.5845523120205498,1.4589774032177252
2325,train,1,0,0,-120.0,-408.7948023949584,-0.6,1023.4764905277973,-49.74668278236531,0.6,0.0,0.0,0.5,1.0,1.0
2325,train,2,0,0,-540.0,-1497.3546700828083,-0.3999999999999999,54.06093764885895,-45.958212929897755,0.6,0.0,0.0,0.5,1.0,1.0
2326,validation,2,0,1,-240.0,140.1584823637063,0.0,-466.35380218842664,0.0,0.0,0.0,0.0,0.5,1.0,1.0
2326,validation,1,2,0,240.0,662.2839143969095,0.0,64.43293633077451,0.0,0.0,0.0,0.0,0.5,1.0,1.0
2327,train,0,2,0,-60.0,-59.973897186877366,0.0,1231.5824660591431,0.0,0.0,0.0,0.0,0.5,1.0,1.0
2327,train,1,2,0,60.0,938.4152194999174,0.0,1780.615722023543,0.0,0.0,0.0,0.0,0.5,1.0,1.0
2328,validation,0,1,1,-135.49073664683846,-598.0810851681022,0.1,-34.850302579062415,-277.89246281349074,-0.3,0.0,0.0,0.5,0.7527263147046581,1.3315977879928595
2328,validation,0,2,1,-270.9814732936769,-763.6818720432161,-0.20000000000000004,-23.324353798314988,-81.64316531930288,0.0,0.0,0.0,0.5,0.7527263147046581,1.3315977879928595
2329,train,0,1,0,188.05434976148942,683.9571236222837,-0.047619047619047616,22.480308113861042,37.004142107411326,0.47619047619047616,0.14285714285714285,50.11459684382124,0.5,0.522373193781915,0.8019171090399665
2329,train,2,1,0,31.342391626914903,277.78892839319536,-0.09523809523809523,13.870638149970745,-7.241734749487884,0.0,-0.14285714285714285,86.42212008535006,0.5,0.522373193781915,0.8019171090399665
2330,train,0,1,1,-180.0,1363.1357433762696,0.0,0.0,0.0,0.0,0.0,0.0,0.5,1.0,1.0
2330,train,0,2,1,60.0,1603.8163829214013,0.0,0.0,0.0,0.0,0.0,0.0,0.5,1.0,1.0
2331,train,0,2,0,60.0,758.8688087765181,0.0,0.0,0.0,0.0,0.0,0.0,0.5,1.0,1.0
2331,train,2,1,1,-60.0,-221.5027419524149,0.0,0.0,0.0,0.0,0.0,0.0,0.5,1.0,1.0
2332,train,1,0,1,0.0,-275.7578292407903,-0.6,0.0,92.0961655603601,-0.2,0.0,16.336211078807818,0.5,1.0842090065246994,1.2655290078731922
2332,train,1,2,1,-130.10508078296394,-181.06377553967226,-0.8999999999999999,0.0,92.9386391600984,0.0,0.0,14.785893375450463,0.5,1.0842090065246994,1.2655290078731922
2333,validation,0,2,0,0.0,-471.30943599019065,-0.09523809523809523,-38.67650783620465,-190.41778591426674,0.23809523809523808,0.5714285714285714,3.5297638304487826,0.5,0.8183290059285779,0.9910074641702176
2333,validation,2,1,1,98.19948071142935,-69.9815496133359,0.19047619047619047,-92.28308351558363,241.25793644212033,0.0,-0.19047619047619047,16.51353999843573,0.5,0.8183290059285779,0.9910074641702176
2334,train,0,2,0,-126.1737065574968,501.3782190999363,0.0,383.7732828570774,0.0,0.0,0.0,61.60004067981146,0.5,1.0514475546458066,0.7387659983271784
2334,train,2,1,1,-63.0868532787484,-661.94426795608,0.0,-25.89260959904351,0.0,0.0,-2.0,-52.61129183425126,0.5,1.0514475546458066,0.7387659983271784
2335,train,1,0,1,540.0,-32.33156505862007,0.0,112.02593176385153,-113.70703704698988,0.0,0.0,0.0,0.5,1.0,1.0
2335,train,1,2,1,1140.0,1494.525183917408,0.0,-182.7119832210467,-302.76349928572273,0.0,0.0,0.0,0.5,1.0,1.0
2336,validation,2,0,1,-146.27169519138909,-669.2780545348897,0.0,0.0,0.0,0.0,-1.6666666666666665,88.25950209874827,0.5,0.8126205288410504,0.8793667642403248
2336,validation,2,1,1,48.757231730463026,-51.56352249721415,-0.16666666666666666,0.0,0.0,0.0,0.0,8.000845916376136,0.5,0.8126205288410504,0.8793667642403248
2337,validation,0,1,0,0.0,464.70227947266375,-0.5,-91.99858995185963,0.0,0.0,0.6666666666666665,0.0,0.5,1.0415025299094853,1.6720870622266997
2337,validation,2,1,0,0.0,702.49375505851,0.0,-25.43049104414314,0.0,0.0,-0.33333333333333326,0.0,0.5,1.0415025299094853,1.6720870622266997
2338,validation,1,0,1,-411.02828903098674,-81.3839603047714,-0.20000000000000004,0.0,0.8172653554129852,0.0,-0.2999999999999998,62.03597824477774,0.5,0.9786387834071113,0.7096964484764572
2338,validation,1,2,1,-176.15498101328004,-254.70984168779128,-0.4,0.0,30.126022943121242,0.0,0.2999999999999998,37.873664478246894,0.5,0.9786387834071113,0.7096964484764572
2339,test,0,1,0,150.10949831196652,1544.341750325632,-1.0,-203.7611512009277,194.6742688623124,0.5333333333333334,-0.4666666666666666,0.0,0.5,0.6254562429665271,1.3395997167813611
2339,test,2,1,0,75.05474915598326,1548.353659809522,0.33333333333333326,31.092453289791706,-27.71647333148482,0.0,-0.1333333333333333,0.0,0.5,0.6254562429665271,1.3395997167813611
2340,test,1,0,1,-300.0,-364.19484731899956,0.6000000000000001,-244.86187150908893,0.0,0.0,-0.2,-0.5144249541064738,0.5,1.0,1.0
2340,test,2,1,0,300.0,515.443248516035,-0.6000000000000001,779.4489764313437,0.0,0.0,0.7,61.45535452803351,0.5,1.0,1.0
2341,train,0,1,1,-60.0,-643.4339691822615,0.0,0.0,0.0,0.0,0.0,0.0,0.5,1.0,1.0
2341,train,2,0,0,120.0,954.6299251907303,0.0,0.0,0.0,0.0,0.0,0.0,0.5,1.0,1.0
2342,train,1,0,1,-300.0,-120.57744860820458,0.0,0.0,0.0,0.0,0.0,0.0,0.5,1.0,1.0
2342,train,2,1,0,600.0,-631.9094878365877,0.0,0.0,0.0,0.0,0.0,0.0,0.5,1.0,1.0
2343,train,0,1,1,-290.01768554300384,-664.3430116728325,-0.13333333333333336,0.0,-153.69952711717042,0.0,0.06666666666666671,-52.16500884858368,0.5,1.6112093641277991,1.0249998446958657
2343,train,0,2,1,-483.36280923833976,-1808.4867609108421,0.0,0.0,-0.3623233403599784,0.0,-0.2666666666666666,-152.95894277823692,0.5,1.6112093641277991,1.0249998446958657
2344,train,1,0,1,465.4722878514532,623.2554087713561,0.0,-100.19137307373353,38.734732617259006,-0.8571428571428571,0.0,0.0,0.5,1.9394678660477216,0.7443413825887168
2344,train,2,1,0,-116.3680719628633,-458.29766793246375,0.0,18.687886833607692,-14.46357714137934,0.2857142857142857,0.0,34.2402793948678,0.5,1.9394678660477216,0.7443413825887168
2345,train,1,0,0,-120.0,240.06794128151796,0.0,0.0,0.0,0.0,0.0,0.0,0.5,1.0,1.0
2345,train,0,2,1,-240.0,674.2566150160637,0.0,0.0,0.0,0.0,0.0,0.0,0.5,1.0,1.0
2346,train,1,0,0,0.0,216.41401416124145,0.0,259.55148336101206,173.06602681728984,0.0,-0.10000000000000003,0.0,0.5,1.5913598695836897,1.4544325564442118
2346,train,2,0,0,286.4447765250641,1082.2411857349616,0.0,266.6239441055461,253.62257440294255,-0.2,0.19999999999999996,0.0,0.5,1.5913598695836897,1.4544325564442118
2347,train,2,0,1,64.0340675486469,-290.4671730206578,0.0,220.15636000642314,-183.99540386260395,-1.5,0.0,0.0,0.5,0.5336172295720575,1.305624968380068
2347,train,1,2,0,160.08516887161724,54.57760917190104,0.0,147.85687803023757,-31.706156359450695,1.0,0.0,0.0,0.5,0.5336172295720575,1.305624968380068
2348,validation,0,2,0,811.2619819796454,1306.9286101990715,0.0,0.0,0.0,0.0,7.0,373.42842524252234,0.5,1.9315761475705844,0.8413087401578643
2348,validation,1,2,0,695.3674131254104,938.4090011491127,0.0,0.0,0.0,1.0,4.0,0.0,0.5,1.9315761475705844,0.8413087401578643
2349,train,2,0,1,-840.0,-496.8240026814278,0.0,0.0,0.0,0.0,0.0,0.0,0.5,1.0,1.0
2349,train,1,2,0,60.0,-187.57706648501835,0.0,0.0,0.0,0.0,0.0,0.0,0.5,1.0,1.0
2350,train,0,2,0,215.97107631000273,324.6885362246918,0.0,0.0,0.0,0.0,-0.6666666666666667,0.0,0.5,1.1998393128333484,0.6716415015255881
2350,train,2,1,1,-503.93251139000637,-23.629636134174742,0.0,0.0,0.0,0.0,0.6666666666666667,0.0,0.5,1.1998393128333484,0.6716415015255881
2351,train,0,2,0,593.2642218461777,1824.3565293661475,0.0,0.0,0.0,0.0,0.0,0.0,0.5,1.6479561717949383,1.7224242008588626
2351,train,1,2,0,0.0,2716.881084666322,0.0,0.0,0.0,0.0,0.0,0.0,0.5,1.6479561717949383,1.7224242008588626
2352,train,0,1,0,0.0,-443.17762325784526,0.23809523809523808,-5.230209354164941,-63.4173399924307,0.2857142857142857,-0.14285714285714285,22.875068335832587,0.5,1.5508698026265493,1.3987097872062861
2352,train,1,2,1,0.0,901.4805539981713,-0.23809523809523808,-16.23966476755801,150.77457726522158,0.0,0.14285714285714285,0.0,0.5,1.5508698026265493,1.3987097872062861
2353,train,2,0,1,-420.0,-888.2808079887704,0.0,0.0,0.0,0.0,0.0,0.0,0.5,1.0,1.0
2353,train,1,2,0,240.0,942.5153775988551,0.0,0.0,0.0,0.0,0.0,0.0,0.5,1.0,1.0
2354,train,2,0,1,60.677802484855775,-80.41485430717795,0.0,0.0,-38.29278613770461,0.0,-0.6666666666666667,0.0,0.5,1.0112967080809296,1.9678821093782055
2354,train,1,2,0,-60.677802484855775,-9.65091599724603,1.0,0.0,67.95628866114306,0.0,0.0,0.0,0.5,1.0112967080809296,1.9678821093782055
2355,train,0,1,0,68.64906437703499,-38.755845379457895,-0.3333333333333333,0.0,0.0,0.16666666666666666,0.0,-43.60595961206594,0.5,0.5720755364752916,0.6434537847946824
2355,train,1,2,1,-102.9735965655525,38.755845379457895,0.3333333333333333,0.0,0.0,-0.16666666666666666,0.0,-41.12957721331798,0.5,0.5720755364752916,0.6434537847946824
2356,test,0,1,1,-120.0,-473.1319195893275,0.0,0.0,0.0,0.0,0.0,0.0,0.5,1.0,1.0
2356,test,0,2,1,-180.0,1420.7457431319626,0.0,0.0,0.0,0.0,0.0,0.0,0.5,1.0,1.0
2357,train,0,1,0,60.0,335.2555648175994,0.0,361.6952448875427,0.0,0.0,0.3333333333333333,27.760865541509894,0.5,1.0,1.0
2357,train,1,2,1,-240.0,-600.3771606394862,0.0,-174.35139434533426,0.0,0.0,-1.0,-76.28366930458755,0.5,1.0,1.0
2358,train,1,0,0,-69.50727621240806,-0.6007859824786475,0.2,56.86872806535128,14.853970795945585,0.0,0.6666666666666667,-2.551215153734738,0.5,1.1584546035401344,0.7764112802747407
2358,train,0,2,1,139.01455242481612,39.53334917184177,-0.2,-112.96967248559314,7.3603937710921965,0.0,0.3333333333333333,13.948115864668068,0.5,1.1584546035401344,0.7764112802747407
2359,test,0,2,0,-581.8800634924823,-503.4408090140604,1.3333333333333335,0.0,0.0,-0.5,0.0,101.71196631040574,0.5,0.8816364598370945,0.8114014703949072
2359,test,2,1,1,158.694562770677,419.94093477776346,0.0,0.0,0.0,-0.5,0.0,-70.78874749964437,0.5,0.8816364598370945,0.8114014703949072
2360,train,0,2,0,-250.106741360184,-731.0746341330195,0.0,0.0,0.0,0.3333333333333333,2.5,42.03297331131116,0.5,0.6947409482227334,1.7080631519616534
2360,train,2,1,1,208.42228446682,564.6518465062505,0.0,0.0,0.0,-0.3333333333333333,-2.5,-20.3539984686765,0.5,0.6947409482227334,1.7080631519616534
2361,train,0,2,0,138.2174982738066,1914.8758012254734,0.2,0.0,0.0,0.4,-0.2999999999999998,52.115379715567144,0.5,0.7678749904100366,1.23757138505899
2361,train,1,2,0,184.2899976984088,3511.352153698761,0.0,0.0,0.0,0.6000000000000001,0.2999999999999998,115.89076139380694,0.5,0.7678749904100366,1.23757138505899
2362,train,2,0,1,-696.9720843875233,57.38162630459664,0.5333333333333333,4.238822381518418,0.0,0.0,-0.33333333333333326,-18.32884133783906,0.5,1.1616201406458722,1.1898723238843576
2362,train,2,1,1,139.39441687750465,-268.4876003613688,0.5333333333333333,-107.81816765519252,0.0,-0.4,-0.33333333333333326,-11.44975696294228,0.5,1.1616201406458722,1.1898723238843576
2363,validation,1,0,0,-252.44330642454435,-636.0779149601844,0.0,0.0,0.0,0.3333333333333333,0.0,0.0,0.5,0.6010554914870103,0.6279144305733312
2363,validation,0,2,1,288.50663591376497,274.55498997611846,-1.3333333333333333,0.0,0.0,0.0,0.0,0.0,0.5,0.6010554914870103,0.6279144305733312
2364,validation,1,0,0,210.36034587338605,-131.199870532032,2.0,0.0,0.0,0.0,0.0,0.0,0.5,1.1686685881854781,1.3499024247416114
2364,validation,0,2,1,-140.24023058225737,1693.034977073835,-1.0,0.0,0.0,0.0,0.0,0.0,0.5,1.1686685881854781,1.3499024247416114
2365,train,1,0,0,433.11864295713656,393.83337833347974,0.047619047619047616,216.54533365072604,-8.024368633655968,0.0,-0.23809523809523814,117.77746792059915,0.5,0.5552803114835084,1.943371789221223
2365,train,0,2,1,0.0,524.3849222906052,-0.14285714285714285,-69.68130602359275,-56.02865313839099,0.0,-1.1904761904761905,-124.26115686786542,0.5,0.5552803114835084,1.943371789221223
2366,train,0,1,1,-51.38431844028882,-169.3544906659674,-2.0,0.0,0.0,0.0,0.0,0.0,0.5,0.856405307338147,0.6712022068953037
2366,train,0,2,1,102.76863688057765,-533.2172350168611,-1.0,0.0,0.0,0.0,0.0,0.0,0.5,0.856405307338147,0.6712022068953037
2367,train,2,0,1,-219.79941741845923,-902.482422466611,0.0,-260.9135977959743,24.2183934146652,0.0,-2.0,0.0,0.5,0.6105539372734978,1.5354949663299031
2367,train,1,2,0,183.16618118204934,552.4128510064892,0.8999999999999999,155.18251731085792,35.07783379342192,0.0,0.8,0.0,0.5,0.6105539372734978,1.5354949663299031
2368,validation,0,1,1,0.0,-262.8599065381571,0.0,-118.5744221007555,0.0,0.0,-0.6666666666666667,-64.594006361365,0.5,0.6818228891210114,0.8470936655030474
2368,validation,0,2,1,-81.81874669452137,-741.0008157320732,0.0,-3.8954659080778526,0.0,0.0,-0.3333333333333333,-102.45434360251727,0.5,0.6818228891210114,0.8470936655030474
2369,train,1,0,1,-204.45584349082174,609.8053117204049,0.0,3.827174270310877,-3.7546594566374836,0.0,0.13333333333333336,-6.249968777822495,0.5,0.8518993478784239,1.3340829884240077
2369,train,2,1,0,-51.113960872705434,-1135.9064366179157,0.0,32.80391662731623,-34.74263129537766,0.0,0.1333333333333333,-6.963350532027706,0.5,0.8518993478784239,1.3340829884240077
2370,test,1,0,1,-68.4865883602862,-29.674476865296086,0.0,-138.32018610888602,7.660945031473748,-0.19047619047619047,-0.2857142857142857,-14.036736387417271,0.5,0.5707215696690517,1.6749919023686681
2370,test,2,1,0,136.9731767205724,914.629987719193,0.14285714285714285,-27.58014869245332,-1.952101401385228,0.19047619047619047,0.7619047619047619,11.590245849484596,0.5,0.5707215696690517,1.6749919023686681
2371,test,2,0,1,-427.26122622459184,-2010.0058354843188,0.0,-124.85108144585708,131.04349863377777,-0.7142857142857142,-0.5714285714285714,-66.87712365591514,0.5,0.5086443169340379,1.1395117022839942
2371,test,2,1,1,-305.1865901604227,-2256.442706490781,0.19047619047619047,-300.4485336886753,-161.1066803536059,-0.7142857142857142,-0.7142857142857142,-287.64570371161005,0.5,0.5086443169340379,1.1395117022839942
2372,train,0,1,0,180.0,106.06922594496564,0.0,-120.80395597243339,73.85260822486347,0.0,1.4285714285714284,-12.831137280855803,0.5,1.0,1.0
2372,train,1,2,1,-300.0,-634.52201981602,-0.19047619047619047,79.02342965217247,-0.581600446625103,0.0,-0.23809523809523808,-3.3620933980648573,0.5,1.0,1.0
2373,train,0,1,1,-60.0,-558.089433951182,0.0,0.0,0.0,0.0,0.0,0.0,0.5,1.0,1.0
2373,train,0,2,1,-360.0,-500.18425520669825,0.0,0.0,0.0,0.0,0.0,0.0,0.5,1.0,1.0
2374,train,1,0,1,49.47646359392772,557.1246598735755,-0.33333333333333337,0.0,-95.04535997097909,0.0,0.0,0.0,0.5,0.824607726565462,0.8939996979483873
2374,train,2,1,0,0.0,-152.95654690081943,0.0,0.0,170.19191137889473,0.0,-1.0,0.0,0.5,0.824607726565462,0.8939996979483873
2375,train,0,1,0,500.32684830140136,531.6280438877648,0.0,0.0,608.4312615649533,0.0,0.0,7.21415145943503,0.5,0.9265312005581506,0.7477754090253458
2375,train,1,2,1,-500.32684830140136,-1165.104964753534,0.0,0.0,-175.88887078328293,0.0,0.0,-2.4777906753149352,0.5,0.9265312005581506,0.7477754090253458
2376,train,1,0,0,494.48697360487483,843.7860705723175,0.1,0.0,0.0,0.0,0.8000000000000003,187.36608426336883,0.5,1.6482899120162495,0.8682346180318157
2376,train,2,0,0,-98.89739472097497,-306.93179621884394,0.1,0.0,0.0,0.0,2.0,85.98592481064908,0.5,1.6482899120162495,0.8682346180318157
2377,train,0,2,0,360.0,1302.5747757678323,0.0,0.0,0.0,0.0,0.0,0.0,0.5,1.0,1.0
2377,train,1,2,0,120.0,1504.138890320417,0.0,0.0,0.0,0.0,0.0,0.0,0.5,1.0,1.0
2378,train,0,1,1,-120.0,704.4076390677737,0.0,0.0,0.0,0.0,0.0,0.0,0.5,1.0,1.0
2378,train,2,0,0,300.0,-777.1019083534025,0.0,0.0,0.0,0.0,0.0,0.0,0.5,1.0,1.0
2379,test,2,0,1,-104.13745704998598,662.0968048358285,0.0,-170.6045080976549,0.0,0.0,0.0,0.0,0.5,0.5785414280554777,1.4696354139404249
2379,test,2,1,1,-208.27491409997197,-683.7401549747183,-0.5,-55.37722510610351,0.0,0.0,0.0,0.0,0.5,0.5785414280554777,1.4696354139404249
2380,train,2,0,1,-532.9038104266292,-1459.3267123042785,-1.0666666666666667,14.417935079336772,-213.8302270577533,-0.06666666666666665,-2.6,0.0,0.5,1.2688185962538792,0.6966364325475918
2380,train,2,1,1,-837.4202735275602,-1147.9610028664563,-0.26666666666666666,-446.09932782106654,-503.85256687194413,0.0,-1.0,0.0,0.5,1.2688185962538792,0.6966364325475918
2381,train,0,2,0,-110.99586816427217,-1620.52735193548,0.0,0.0,972.3455579402986,0.0,0.0,0.0,0.5,1.8499311360712027,1.6812903482992951
2381,train,1,2,0,221.99173632854433,88.78390775486452,0.0,0.0,404.87853957438244,0.0,0.0,0.0,0.5,1.8499311360712027,1.6812903482992951
2382,train,1,0,0,180.0,1049.0889576178306,0.0,0.0,0.0,0.0,0.0,0.0,0.5,1.0,1.0
2382,train,0,2,1,-120.0,-441.0648979168718,0.0,0.0,0.0,0.0,0.0,0.0,0.5,1.0,1.0
2383,validation,1,0,1,-660.0,-1034.9569272425233,0.0,0.0,0.0,0.0,0.0,0.0,0.5,1.0,1.0
2383,validation,2,1,0,-300.0,-2145.849373468839,0.0,0.0,0.0,0.0,0.0,0.0,0.5,1.0,1.0
2384,test,0,2,0,-120.0,710.4331644359586,0.0,358.8024224968686,0.0,0.6666666666666666,0.5,0.0,0.5,1.0,1.0
2384,test,1,2,0,-120.0,-10.665018190447427,0.0,174.0526729448058,0.0,0.0,0.16666666666666666,0.0,0.5,1.0,1.0
2385,train,1,0,1,124.00033712728703,165.35513025752837,0.2,0.0,36.870265033916695,-0.4,0.0,-12.73729754016582,0.5,0.516668071363696,0.6202739067505615
2385,train,2,1,0,31.000084281821756,-208.0710569782979,0.0,0.0,129.2606013995945,-0.4,0.0,12.385731244814517,0.5,0.516668071363696,0.6202739067505615
2386,train,0,1,0,-203.9702826715112,286.8946715832901,0.0,15.870705645970375,117.34164350509576,0.0,0.8,0.0,0.5,0.8498761777979633,1.190121208058285
2386,train,1,2,1,101.9851413357556,-471.5062532861193,-0.3333333333333333,-121.8870224918783,-94.5832043638012,0.0,-0.8,0.0,0.5,0.8498761777979633,1.190121208058285
2387,validation,0,2,0,-377.6948513504212,-1736.8751987361488,-0.2666666666666667,-140.68661239005817,65.51742705716175,0.0,-0.2666666666666667,110.54892474292288,0.5,0.899273455596241,0.6936377632541527
2387,validation,2,1,1,-107.91281467154892,682.17445993822,0.2666666666666667,104.524821268561,-230.83270873428222,0.0,-0.19999999999999996,-115.16242345615296,0.5,0.899273455596241,0.6936377632541527
2388,train,1,0,0,60.0,-1285.202734735089,0.0,0.0,0.0,0.0,0.0,0.0,0.5,1.0,1.0
2388,train,2,0,0,180.0,-1227.9181174078258,0.0,0.0,0.0,0.0,0.0,0.0,0.5,1.0,1.0
2389,train,1,0,0,253.4588190868959,271.089779112821,0.0,6.65182541139518,0.0,0.6666666666666666,0.0,0.0,0.5,1.408104550482755,0.6190305891071972
2389,train,0,2,1,0.0,0.0,0.0,-125.86028370006636,0.0,-0.6666666666666666,0.0,0.0,0.5,1.408104550482755,0.6190305891071972
2390,train,0,1,0,-42.96882493262568,-91.35593451748665,0.0,42.926143274721625,221.82790911645793,-0.26666666666666666,0.6666666666666666,0.0,0.5,0.716147082210428,1.4601139150914302
2390,train,1,2,1,-128.90647479787705,-1053.4797062940481,0.0,-49.018741189646164,-21.263471218069576,-0.2666666666666667,-2.0,-62.658506093403886,0.5,0.716147082210428,1.4601139150914302
2391,test,1,0,1,236.80206924624,-477.278035565432,0.0,0.0,159.33403801481936,0.0,0.0,-122.57972150362231,0.5,1.315567051368,0.8408457878161235
2391,test,1,2,1,78.93402308208,-364.9936526308135,0.0,0.0,213.56170937984243,0.0,0.0,-74.48183304176337,0.5,1.315567051368,0.8408457878161235
2392,train,1,0,0,53.352513310387664,592.1083493701938,1.3333333333333333,0.0,0.0,0.0,0.0,63.5673724083596,0.5,0.8892085551731277,1.8070692252971385
2392,train,0,2,1,-106.70502662077533,1163.7323745913518,-0.6666666666666666,0.0,0.0,0.0,0.0,29.647475581424942,0.5,0.8892085551731277,1.8070692252971385
2393,train,2,0,1,-81.54092501161078,-791.5802968728851,0.0,0.0,-77.88927386171063,0.0,-0.3333333333333335,0.0,0.5,1.3590154168601798,1.458110835931742
2393,train,1,2,0,163.08185002322156,1321.5566842636297,0.0,0.0,2.782314490684385,0.0,0.3333333333333335,0.0,0.5,1.3590154168601798,1.458110835931742
2394,train,1,0,1,-360.0,-1451.1481309048859,0.0,0.0,0.0,0.0,0.0,0.0,0.5,1.0,1.0
2394,train,2,1,0,180.0,237.50650263241369,0.0,0.0,0.0,0.0,0.0,0.0,0.5,1.0,1.0
2395,test,0,2,0,60.0,85.32766554774935,0.0,0.0,0.0,0.0,0.0,0.0,0.5,1.0,1.0
2395,test,2,1,1,-240.0,-780.5443635249321,0.0,0.0,0.0,0.0,0.0,0.0,0.5,1.0,1.0
2396,train,0,2,0,-256.78113934928064,1171.6714320985166,1.0666666666666667,-311.9528753412123,-67.41926128479089,0.0,0.6000000000000001,0.0,0.5,1.4265618852737814,0.6881808296326244
2396,train,2,1,1,-427.96856558213443,-530.6955260927626,-0.8,445.96862071695034,47.25917970901233,-0.6666666666666666,-0.40000000000000013,0.0,0.5,1.4265618852737814,0.6881808296326244
2397,train,0,1,1,-117.78044046077173,299.7043397967954,0.0,0.0,-180.42259348121956,0.0,-0.33333333333333326,0.0,0.5,0.9815036705064311,0.7405999824011587
2397,train,2,0,0,0.0,-73.71577353558841,0.0,0.0,-30.420027565056387,0.0,0.0,0.0,0.5,0.9815036705064311,0.7405999824011587
2398,validation,1,0,1,55.66948538977746,769.5400591033165,0.0,0.0,0.0,-1.0,0.0,0.0,0.5,0.927824756496291,0.840922814515312
2398,validation,2,1,0,55.66948538977746,-46.972993785712525,0.0,0.0,0.0,1.0,0.0,0.0,0.5,0.927824756496291,0.840922814515312
2399,train,0,1,0,420.0,1612.6674046892222,0.0,-62.18248291043733,0.0,0.0,0.0,0.0,0.5,1.0,1.0
2399,train,2,1,0,240.0,809.4585157634078,0.0,1625.5544479110135,0.0,0.0,0.0,0.0,0.5,1.0,1.0
2400,train,1,0,1,180.0,159.03988628626757,-0.23809523809523808,-24.22482608347798,-319.01894513513616,-0.047619047619047616,0.09523809523809523,-16.046274081525844,0.5,1.0,1.0
2400,train,1,2,1,120.0,596.517546534501,-0.4761904761904761,-309.0236262616571,-108.64534833938696,-0.09523809523809523,0.19047619047619047,-45.63460415347483,0.5,1.0,1.0
2401,train,0,1,1,-565.6185574804832,-427.33214225423507,0.0,-290.0073524559306,0.0,-0.6,0.09999999999999998,-167.225397433201,0.5,1.047441773112006,0.9478084950457253
2401,train,2,0,0,502.7720510937629,1422.1124701671247,0.0,112.25843463210052,0.0,0.3,0.30000000000000004,-23.458965756636914,0.5,1.047441773112006,0.9478084950457253
2402,test,0,1,0,187.63460882807982,1074.5923082464226,0.0,12.429737081466897,56.559726232569716,0.09523809523809523,0.9523809523809523,6.063614928886068,0.5,1.5636217402339985,1.1422854976073606
2402,test,2,1,0,0.0,-583.8226974255672,0.23809523809523808,-31.56846620456247,117.43128429966646,0.09523809523809523,0.38095238095238093,12.963448111381105,0.5,1.5636217402339985,1.1422854976073606
2403,train,0,2,0,384.6332928910966,1945.5455937475483,1.6,-39.66076326588825,0.0,0.0,0.0,68.05587282816155,0.5,1.0684258135863793,1.7883919555840777
2403,train,1,2,0,961.5832322277414,4547.210031876216,0.8,-168.0347740418414,0.0,-0.1,0.0,164.71000365084555,0.5,1.0684258135863793,1.7883919555840777
2404,train,0,1,1,0.0,316.7711898791375,0.0,0.0,0.0,-1.0,0.0,0.0,0.5,1.7498885956545671,0.7456289760960576
2404,train,0,2,1,-314.9799472178221,-47.45046334193753,0.0,0.0,0.0,-0.3333333333333333,-0.666666666666667,0.0,0.5,1.7498885956545671,0.7456289760960576
2405,validation,0,2,0,-147.03494177280027,1352.9024160539927,-0.40000000000000013,-72.60555281625412,371.4051089371312,-0.3333333333333333,0.0,-21.202685154237596,0.5,0.6126455907200011,1.3625194907093714
2405,validation,1,2,0,36.75873544320007,1155.5692632811176,-0.6000000000000001,108.0491384769133,80.92243031034667,0.0,0.0,33.36560704820049,0.5,0.6126455907200011,1.3625194907093714
2406,test,0,2,0,120.0,686.4932012836603,0.0,933.2181731638918,0.0,0.0,0.33333333333333326,0.0,0.5,1.0,1.0
2406,test,2,1,1,-840.0,-2343.069852921059,0.0,-1338.1061263784275,0.0,0.0,-1.6666666666666667,0.0,0.5,1.0,1.0
2407,train,0,1,0,980.0848370483068,2172.3476637566164,0.0,40.91475125762537,-41.34511954696454,0.14285714285714285,0.23809523809523814,21.40802281659421,0.5,1.8149719204598274,1.4438650201662147
2407,train,2,1,0,435.5932609103586,466.44145385178746,0.0,-9.47301789673471,-8.617767471300212,0.0,0.23809523809523814,-45.9779678871204,0.5,1.8149719204598274,1.4438650201662147
2408,validation,0,1,0,360.0,102.82203063037286,0.0,0.0,0.0,0.0,0.0,0.0,0.5,1.0,1.0
2408,validation,2,1,0,180.0,-1436.7088219011393,0.0,0.0,0.0,0.0,0.0,0.0,0.5,1.0,1.0
2409,test,2,0,1,-42.33564162016573,-83.58297644858725,0.2,-5.793014851964557,0.0,-0.3333333333333333,0.2666666666666666,-28.48096536827594,0.5,0.7055940270027622,0.5362816888320875
2409,test,2,1,1,-84.67128324033146,-267.9970172637225,0.0,-77.96010486716413,0.0,-0.6666666666666666,-0.5333333333333334,-38.65628150123011,0.5,0.7055940270027622,0.5362816888320875
2410,train,0,1,0,0.0,-1601.5230210999068,-0.13333333333333333,-90.4643446525389,40.05149946289144,0.0,-0.6666666666666667,0.0,0.5,1.623058829017654,1.4848012878268464
2410,train,1,2,1,0.0,2172.6640553216675,0.06666666666666667,66.01671127766562,39.45817094317006,0.0,0.0,0.0,0.5,1.623058829017654,1.4848012878268464
2411,train,0,2,0,1298.9884139646242,1746.2331238048437,0.0,0.0,-15.753480435375138,0.0,0.0,0.0,0.5,1.804150574950867,1.1955986989272664
2411,train,1,2,0,1082.4903449705203,3333.9115249459496,0.0,0.0,271.59009755420806,0.0,0.0,0.0,0.5,1.804150574950867,1.1955986989272664
2412,validation,0,1,1,255.95020968532526,148.26324772618608,0.16666666666666666,0.0,-47.84012387282756,0.0,-2.0,0.0,0.5,1.4219456093629181,1.7289196273242249
2412,validation,0,2,1,0.0,-158.65748144013375,0.0,0.0,-242.35710197809618,0.0,-0.33333333333333326,0.0,0.5,1.4219456093629181,1.7289196273242249
2413,train,0,1,0,-300.0,1370.37378890147,0.0,671.42867278666,-146.70470319964937,-0.16666666666666666,0.0,0.0,0.5,1.0,1.0
2413,train,1,2,1,420.0,182.81278165853928,0.0,-549.8263878546225,395.118764327211,-0.16666666666666666,0.0,0.0,0.5,1.0,1.0
2414,train,0,1,0,780.0,2797.353073927856,1.4285714285714284,275.7601112804864,-78.57527221688173,0.09523809523809523,0.09523809523809523,19.39981586376807,0.5,1.0,1.0
2414,train,2,1,0,-60.0,170.21804047167097,0.9523809523809523,-4.4834882355779655,-209.87837030833552,0.19047619047619047,0.0,69.56439957517695,0.5,1.0,1.0
2415,test,1,0,0,60.0,-303.9131765449938,0.0,0.0,0.0,0.0,0.0,0.0,0.5,1.0,1.0
2415,test,0,2,1,-120.0,-233.6259026046887,0.0,0.0,0.0,0.0,0.0,0.0,0.5,1.0,1.0
2416,validation,0,1,1,0.0,316.18006500224067,0.0,0.0,0.0,0.0,-3.0,0.0,0.5,0.6211583511589575,0.5674344819076719
2416,validation,0,2,1,-111.80850320861234,-213.42190721654288,0.0,0.0,0.0,0.0,-1.0,0.0,0.5,0.6211583511589575,0.5674344819076719
2417,train,1,0,0,99.83993661672959,2541.8631737180867,0.5,0.0,0.0,0.0,0.0,-25.993019160588318,0.5,0.8319994718060799,1.4375593518061067
2417,train,0,2,1,-349.43977815855357,-2341.9859954259655,-0.5,0.0,0.0,0.0,-0.6666666666666667,2.04114342038568,0.5,0.8319994718060799,1.4375593518061067
2418,train,0,1,1,-420.0,-1929.6934880050958,0.06666666666666667,-577.294509822927,149.43288394655775,0.0,0.19999999999999996,-28.60724874376889,0.5,1.0,1.0
2418,train,0,2,1,180.0,5.714648541803399,0.06666666666666667,-613.5653926037508,-40.61774471280813,0.0,0.6000000000000001,-72.37728266205129,0.5,1.0,1.0
2419,train,0,2,0,300.0,199.4660949395527,0.0,0.0,0.0,0.0,0.0,0.0,0.5,1.0,1.0
2419,train,2,1,1,-60.0,-358.0587494233239,0.0,0.0,0.0,0.0,0.0,0.0,0.5,1.0,1.0
2420,validation,1,0,1,-423.5036654370736,-567.7645009220206,0.0,0.0,0.0,0.0,0.0,0.0,0.5,0.8822993029939034,0.747742738182456
2420,validation,2,1,0,-52.9379581796342,-96.8422106948913,0.0,0.0,0.0,0.0,6.0,0.0,0.5,0.8822993029939034,0.747742738182456
2421,train,1,0,0,107.94169276682683,-430.43139223152184,0.5333333333333334,0.0,214.69072794194685,0.13333333333333333,0.40000000000000013,-5.417128684677948,0.5,0.8995141063902237,1.4031776565179666
2421,train,2,0,0,-215.88338553365367,-330.8679292819214,0.0,0.0,127.62077712543716,0.0,0.0,-9.615197325166235,0.5,0.8995141063902237,1.4031776565179666
2422,train,2,0,1,180.0,416.5899647239007,-0.23809523809523808,-235.07703432017033,-69.85986020147594,-0.047619047619047616,0.5714285714285714,-13.657649773369268,0.5,1.0,1.0
2422,train,1,2,0,-180.0,-404.93959352342904,0.0,99.74315117946469,65.26993772851932,0.0,-0.14285714285714285,12.256453434790005,0.5,1.0,1.0
2423,train,1,0,0,301.52092597274606,503.50334126883683,0.0,0.0,14.458718111766181,0.0,0.0,0.0,0.5,1.2563371915531085,1.6710321968189996
2423,train,2,0,0,0.0,-114.19780033708822,0.0,0.0,64.49791025085827,0.0,0.0,83.28763330340908,0.5,1.2563371915531085,1.6710321968189996
2424,train,0,2,0,-286.95058399771216,-782.8159433351557,0.16666666666666669,683.2701951485983,478.5899898159812,0.0,0.0,0.0,0.5,0.7970849555492004,1.3169673457205244
2424,train,2,1,1,717.3764599942804,1208.6484766538806,-0.49999999999999994,-740.1848409445238,-82.71082341359211,0.0,0.0,0.0,0.5,0.7970849555492004,1.3169673457205244
2425,train,0,2,0,1079.638353313315,781.3954254817072,0.19047619047619047,15.054551365460853,56.04287313156706,0.047619047619047616,1.1428571428571428,2.798636576918181,0.5,1.1995981703481278,1.5044905167159879
2425,train,2,1,1,71.97589022088766,82.91154865320533,-0.19047619047619047,-98.31948836563217,26.278286106878895,0.0,-0.8571428571428571,-8.641108583115749,0.5,1.1995981703481278,1.5044905167159879
2426,train,0,2,0,58.53061233920303,-272.1352043439132,0.0,0.0,-10.592747640668634,0.0,0.0,0.0,0.5,0.9755102056533839,0.9743038222397529
2426,train,1,2,0,-58.53061233920303,-90.37645713732311,0.0,0.0,194.6490239497843,0.0,-0.6666666666666666,0.0,0.5,0.9755102056533839,0.9743038222397529
2427,validation,0,2,0,-83.73736483565881,460.13412352709474,-0.13333333333333333,16.38651144644713,0.0,0.26666666666666666,0.40000000000000013,105.69907069883904,0.5,0.6978113736304901,0.9275462642717086
2427,validation,2,1,1,41.868682417829405,427.9852199223866,-0.13333333333333333,-20.9326109753477,0.0,-0.26666666666666666,-0.20000000000000018,-136.71493579165622,0.5,0.6978113736304901,0.9275462642717086
2428,test,0,1,0,161.51048398745294,-777.113649681155,0.4,0.0,0.0,0.0,0.19999999999999996,26.150518389808617,0.5,1.3459206998954412,1.898094115255233
2428,test,2,1,0,80.75524199372647,526.2868977103475,0.4,0.0,0.0,0.3,-0.10000000000000003,-1.8416917485844522,0.5,1.3459206998954412,1.898094115255233
2429,train,1,0,0,360.0,128.8582235728545,0.0,116.6767110513349,94.71806597976396,0.0,0.0,0.0,0.5,1.0,1.0
2429,train,0,2,1,-60.0,-384.6619697824749,0.0,-165.4845545863701,-269.5761570568888,-0.16666666666666666,0.0,0.0,0.5,1.0,1.0
2430,train,0,2,0,0.0,89.4278430784052,0.0,-202.82660054757116,0.0,0.0,0.0,-34.378152380025824,0.5,1.0,1.0
2430,train,1,2,0,-240.0,981.409938643993,0.0,-344.23244945180966,0.0,0.0,0.0,158.5868532827609,0.5,1.0,1.0
2431,validation,0,2,0,-120.0,992.3552354565518,-0.19047619047619047,-193.93677748428735,168.03769065807737,0.14285714285714285,-0.047619047619047616,3.8532286186630387,0.5,1.0,1.0
2431,validation,2,1,1,-840.0,-2134.490577171103,0.19047619047619047,-31.01922428145133,66.03033998338785,-0.14285714285714285,0.14285714285714285,-1.1109092429134506,0.5,1.0,1.0
2432,train,2,0,1,-793.688818226898,-1716.8464127259099,0.0,0.0,79.16980035597524,-0.5,-1.3333333333333335,0.0,0.5,1.8897352814926143,0.6607854414539605
2432,train,2,1,1,-1133.8411688955687,-1573.3878474099438,0.0,0.0,76.51208565905337,0.5,-0.6666666666666665,0.0,0.5,1.8897352814926143,0.6607854414539605
2433,train,0,2,0,0.0,769.2095134376376,0.6666666666666666,0.0,616.9641533239214,0.0,0.0,0.0,0.5,0.6983494621148877,1.0280682528613512
2433,train,2,1,1,0.0,-264.2961398068796,-0.6666666666666666,0.0,-159.5684423818471,0.0,0.0,0.0,0.5,0.6983494621148877,1.0280682528613512
2434,train,1,0,0,673.2702297315286,-924.6007875666114,-0.09999999999999998,0.0,-61.35075168363244,0.0,2.4000000000000004,297.60998090207335,0.5,1.6030243565036395,0.7983387336217247
2434,train,2,0,0,2115.992150584804,2677.06336414068,0.0,0.0,600.5916853643839,0.0,4.0,375.4582231006927,0.5,1.6030243565036395,0.7983387336217247
2435,train,1,0,0,74.87960534798947,924.1557369271958,0.06666666666666667,9.496882934780487,109.05216788797642,0.0,0.4,-18.70181978096062,0.5,0.6239967112332455,1.6261156879969305
2435,train,0,2,1,-74.87960534798947,-835.293057646212,-0.06666666666666667,10.049871463501546,-115.60973567038121,0.0,-0.8000000000000002,14.007718387143683,0.5,0.6239967112332455,1.6261156879969305
2436,train,1,0,0,326.95862132880706,335.76707558769107,0.0,0.0,-74.22818110215577,0.0,0.0,0.0,0.5,1.8164367851600391,0.5558547067959779
2436,train,0,2,1,0.0,-261.7258674708266,0.0,0.0,106.90009380165624,0.0,-1.2,0.0,0.5,1.8164367851600391,0.5558547067959779
2437,validation,0,1,1,82.59886825809679,133.7707463124564,-0.13333333333333333,-217.3517704806768,-137.47080381620327,0.0,-0.3333333333333335,0.0,0.5,1.376647804301613,0.7877520452619677
2437,validation,0,2,1,-247.79660477429036,-711.3722453525869,-0.13333333333333333,-18.055665534768707,-36.49243015685548,-0.8,0.33333333333333326,0.0,0.5,1.376647804301613,0.7877520452619677
2438,train,0,1,0,-32.010893029649296,2046.997181507349,0.10000000000000003,3.2422812189697083,0.0,0.3,0.0,252.63675026869637,0.5,0.5335148838274882,1.1173910770873636
2438,train,2,1,0,64.02178605929859,2584.738529037669,0.6000000000000001,364.77643040758375,0.0,0.3,0.0,98.73016360815562,0.5,0.5335148838274882,1.1173910770873636
2439,train,0,2,0,120.0,2007.837777133931,0.0,0.0,0.0,0.0,0.0,0.0,0.5,1.0,1.0
2439,train,2,1,1,-300.0,-1451.3769736190252,0.0,0.0,0.0,0.0,0.0,0.0,0.5,1.0,1.0
2440,train,1,0,0,420.0,865.6705223313688,0.38095238095238093,221.45459858118426,16.756510182782108,0.0,0.23809523809523803,-12.460364659785304,0.5,1.0,1.0
2440,train,0,2,1,-240.0,-360.4020119104375,0.0,6.4516740018997325,24.893295478243225,0.0,-0.7142857142857143,-14.628962124146115,0.5,1.0,1.0
2441,test,0,1,0,0.0,-158.0450889065948,0.2,0.0,62.76347182634865,0.0,1.1999999999999997,32.15619547025934,0.5,1.6646781999605567,1.67370222551448
2441,test,1,2,1,-99.8806919976334,536.1736042767889,0.0,0.0,43.64874544981974,0.0,-0.6,5.319068335619647,0.5,1.6646781999605567,1.67370222551448
2442,train,0,2,0,-87.37051678441595,-1178.937082449741,0.0,0.0,0.0,2.0,0.0,0.0,0.5,1.4561752797402658,1.2506125478165875
2442,train,1,2,0,349.4820671376638,61.53798727297038,0.0,0.0,0.0,0.0,0.0,0.0,0.5,1.4561752797402658,1.2506125478165875
2443,train,0,1,1,218.00970702629107,-192.78936774696743,0.0,-96.90760842821567,0.0,0.0,0.33333333333333337,0.0,0.5,0.9083737792762128,1.877675603188209
2443,train,2,0,0,-381.51698729600935,1916.210002226292,0.0,-311.85465923664634,0.0,0.5,-0.6666666666666667,0.0,0.5,0.9083737792762128,1.877675603188209
2444,train,1,0,1,74.10169066830669,-1218.7727744147103,0.13333333333333333,-32.26073173532187,-130.89390866221345,-0.8,-0.3333333333333335,0.0,0.5,1.2350281778051115,0.8814890174518124
2444,train,2,1,0,592.8135253464535,2027.6592326529685,-0.26666666666666666,65.20679811743867,209.3536914162145,1.3333333333333333,0.3333333333333335,0.0,0.5,1.2350281778051115,0.8814890174518124
2445,train,1,0,1,-180.48874447485147,322.1708715551236,-0.6000000000000001,-58.79591644110582,48.65020411193149,0.0,-2.0,0.0,0.5,0.7520364353118811,0.8099340757171304
2445,train,1,2,1,0.0,-201.24638413112405,-0.2,-14.842546791789374,30.761187586671497,-0.26666666666666666,-2.6666666666666665,0.0,0.5,0.7520364353118811,0.8099340757171304
2446,train,0,1,0,-121.19795166670696,-327.88334150860345,-0.3333333333333333,113.59029498509307,0.0,-0.2,0.1333333333333333,130.22856710697613,0.5,0.6733219537039276,0.6532844292250712
2446,train,1,2,1,40.39931722223565,425.6940347863456,0.0,-346.1862009567315,0.0,0.06666666666666668,0.4,-13.56599266252934,0.5,0.6733219537039276,0.6532844292250712
2447,train,1,0,0,-60.22642747733042,180.5974418759184,0.0,121.74464426047501,66.46993834253644,0.0,0.0,31.0770290612726,0.5,0.5018868956444201,1.304475074863732
2447,train,0,2,1,210.79249617065645,997.1836441478703,0.0,-156.3073106458486,-268.641404082568,0.26666666666666666,0.20000000000000018,-27.213691852851607,0.5,0.5018868956444201,1.304475074863732
2448,train,1,0,0,-120.0,-904.311683951632,0.0,0.0,0.0,0.0,0.0,0.0,0.5,1.0,1.0
2448,train,0,2,1,-60.0,-64.3743915401592,0.0,0.0,0.0,0.0,0.0,0.0,0.5,1.0,1.0
2449,train,0,2,0,-120.0,-351.69143179312914,0.0,0.0,0.0,0.0,0.0,0.0,0.5,1.0,1.0
2449,train,1,2,0,-120.0,-351.69143179312914,0.0,0.0,0.0,0.0,0.0,0.0,0.5,1.0,1.0
2450,validation,1,0,0,571.9720363003304,1600.521860454759,0.0,531.2466915126026,0.0,0.16666666666666666,-1.0,0.0,0.5,1.3618381816674532,0.5123559892195964
2450,validation,0,2,1,653.6823272003776,-1768.7450614093327,0.0,-1276.2368630137826,0.0,-0.33333333333333337,-2.0,0.0,0.5,1.3618381816674532,0.5123559892195964
2451,train,2,0,1,144.7092755726443,1743.725186617397,0.0,48.59021441848927,0.0,0.0,0.0,17.642741352013594,0.5,0.8039404198480239,1.3805087481187024
2451,train,1,2,0,-289.4185511452886,-2059.64297277409,0.8000000000000002,-44.81650772123754,0.0,0.6,0.0,18.76702640959438,0.5,0.8039404198480239,1.3805087481187024
2452,train,0,1,0,60.0,-484.7745775919475,0.0,0.0,0.0,0.0,0.0,0.0,0.5,1.0,1.0
2452,train,2,1,0,660.0,1145.5959153980211,0.0,0.0,0.0,0.0,0.0,0.0,0.5,1.0,1.0
2453,train,0,2,0,180.0,998.5319320227154,0.0,0.0,0.0,0.0,0.0,0.0,0.5,1.0,1.0
2453,train,2,1,1,-240.0,31.65739584435596,0.0,0.0,0.0,0.0,0.0,0.0,0.5,1.0,1.0
2454,test,0,2,0,-35.9172295311665,776.1964813612199,0.30000000000000004,-204.8501172841489,-6.327023749812668,0.6,0.0,0.0,0.5,0.5986204921861084,1.373509728283731
2454,test,1,2,0,-35.9172295311665,-375.32388069046766,0.2,-149.7843583123631,107.61240490521632,0.0,0.0,0.0,0.5,0.5986204921861084,1.373509728283731
2455,train,1,0,0,-188.74471991300138,1982.2335941824717,0.0,-287.5396623778401,-27.562075352374094,0.2,0.0,0.0,0.5,1.0485817772944521,1.7743750675789363
2455,train,0,2,1,62.91490663766713,-1758.7851085619343,0.0,-216.72613985735939,15.891969517072198,-0.4000000000000001,-1.2000000000000002,0.0,0.5,1.0485817772944521,1.7743750675789363
2456,train,0,1,1,-120.0,-1396.2605210311417,0.0,0.0,0.0,0.0,0.0,0.0,0.5,1.0,1.0
2456,train,2,0,0,300.0,1550.4377593075774,0.0,0.0,0.0,0.0,0.0,0.0,0.5,1.0,1.0
2457,train,1,0,0,61.45358968507234,-182.2814516887481,-0.2,0.0,67.72175686155217,-0.1,0.0,53.65853134634668,0.5,1.0242264947512056,0.5902378685756671
2457,train,2,0,0,-307.2679484253617,-31.758502811134708,-0.2,0.0,26.592789381333603,-0.1,0.0,105.99610408762867,0.5,1.0242264947512056,0.5902378685756671
2458,train,1,0,1,-148.6809126494192,-572.6375629880964,0.0,-69.33107254163923,0.0,0.3,0.0,-123.58124824506206,0.5,1.2390076054118269,1.0103059547290505
2458,train,2,1,0,371.70228162354806,1793.8229399587897,0.0,235.80678381332996,0.0,-0.3,0.0,231.02778649748075,0.5,1.2390076054118269,1.0103059547290505
2459,test,0,1,1,-66.77583711509499,136.70313374665005,0.0,-129.01545154430795,9.079672845384096,0.0,-0.06666666666666667,-26.13267306005947,0.5,1.1129306185849164,1.525226178769961
2459,test,0,2,1,-200.32751134528496,-824.9198582692901,0.0,-54.59948907090126,-62.373631069010926,-0.3333333333333333,-0.4,-24.93917056193492,0.5,1.1129306185849164,1.525226178769961
2460,train,0,1,1,0.0,-604.9706287695523,0.0,0.0,73.05243681916949,0.3333333333333333,0.0,-64.76138572627528,0.5,1.4350534499227137,0.5923385126559925
2460,train,2,0,0,258.3096209860885,511.788106205851,0.0,0.0,-57.86423982154788,0.3333333333333333,0.0,147.12738179642173,0.5,1.4350534499227137,0.5923385126559925
2461,train,0,1,1,-300.0,-83.19707830717107,0.0,-431.8965375795731,-48.3905944872341,-0.3333333333333333,0.0,0.0,0.5,1.0,1.0
2461,train,0,2,1,60.0,573.6179171206163,0.0,-58.76025441989589,-191.47214196161988,-0.16666666666666666,0.0,0.0,0.5,1.0,1.0
2462,train,0,1,1,-180.0,-844.4278657877658,0.23809523809523808,-318.95750944577105,-28.884068912295184,-0.19047619047619047,-0.047619047619047616,-6.527766921910324,0.5,1.0,1.0
2462,train,0,2,1,180.0,-1630.4490819997422,-0.9523809523809522,-695.0929758199392,-62.944690980511005,0.0,-0.2857142857142857,23.628686984538334,0.5,1.0,1.0
2463,train,1,0,0,260.87863251012465,1187.9944181049705,-0.1,0.0,104.48095667813251,0.0,0.3,20.954262336834326,0.5,0.7246628680836796,0.7665159724549306
2463,train,2,0,0,173.9190883400831,753.4428992720555,-0.1,0.0,123.31364940694709,0.0,1.2,30.103403763758067,0.5,0.7246628680836796,0.7665159724549306
2464,test,1,0,0,-162.7524744268889,672.5640170749544,-0.2,0.0,-93.81977575553887,0.06666666666666667,1.0,19.15393329539124,0.5,1.3562706202240742,0.7827884868248265
2464,test,2,0,0,-325.5049488537778,-38.81741944748248,0.2,0.0,-76.75150993284362,0.0,1.0,89.11279056197735,0.5,1.3562706202240742,0.7827884868248265
2465,train,2,0,1,-120.0,-347.44109846157926,0.09523809523809523,-5.1426555125620155,36.3215902407524,-0.23809523809523808,-0.09523809523809523,-24.86222562410199,0.5,1.0,1.0
2465,train,2,1,1,-120.0,-307.010593239268,0.0,-205.14852585878313,-118.48919608587242,0.0,0.0,7.725868434786042,0.5,1.0,1.0
2466,train,0,1,1,-180.0,-1130.2820214421695,-0.6666666666666666,-324.70712859568744,0.0,0.0,0.0,0.0,0.5,1.0,1.0
2466,train,2,0,0,300.0,802.9790491594104,0.3333333333333333,919.6346274376974,0.0,0.0,0.0,0.0,0.5,1.0,1.0
2467,train,1,0,1,-169.19268197126607,-1688.803016881926,0.0,0.0,0.0,-1.0,0.0,0.0,0.5,0.9399593442848114,1.2995533537415669
2467,train,1,2,1,-56.39756065708868,-1191.0028154602728,0.0,0.0,0.0,0.0,0.0,0.0,0.5,0.9399593442848114,1.2995533537415669
2468,train,1,0,1,268.9346727597879,19.828245620269424,0.0,0.0,0.0,-0.2,0.19999999999999996,-113.74974245470617,0.5,0.6403206494280663,0.6226981876465664
2468,train,2,1,0,-268.9346727597879,-799.6417034249952,-0.6,0.0,0.0,0.4,-0.09999999999999998,71.94330362348182,0.5,0.6403206494280663,0.6226981876465664
2469,train,2,0,1,-523.7141187866677,-1608.4011212850023,0.0,0.0,0.0,-2.0,0.0,0.0,0.5,1.7457137292888922,1.6937516762602889
2469,train,2,1,1,0.0,181.88623345127618,0.0,0.0,0.0,-2.0,0.0,0.0,0.5,1.7457137292888922,1.6937516762602889
2470,train,2,0,1,0.0,-2598.010117936919,0.0,0.0,-387.7526677200674,0.0,0.0,0.0,0.5,1.6066500377017634,1.26196377966435
2470,train,2,1,1,-1060.3890248831638,-1865.553264647988,0.0,0.0,-1353.7372425362726,0.0,0.0,0.0,0.5,1.6066500377017634,1.26196377966435
2471,test,2,0,1,-1140.0,-3251.8433926995913,0.09523809523809523,190.54733596519225,-452.0463289029069,-0.23809523809523808,-0.9999999999999999,-7.939514581876153,0.5,1.0,1.0
2471,test,2,1,1,0.0,-41.671144631264724,0.09523809523809523,122.6680110330044,7.977989757102534,-0.09523809523809523,0.1428571428571429,-8.202500155441598,0.5,1.0,1.0
2472,train,1,0,0,-52.42281390792385,852.5221121840975,2.2857142857142856,79.4344912263623,53.487248317507664,0.0,0.23809523809523814,86.09950863464705,0.5,0.8737135651320642,0.9726186519810046
2472,train,2,0,0,-314.5368834475431,596.15699981848,1.4285714285714284,-59.3445453847589,76.39703702223999,0.0,0.0,49.22959271316872,0.5,0.8737135651320642,0.9726186519810046
2473,train,0,2,0,400.58465077844096,1162.2134496935646,0.0,-97.57181077678365,0.0,3.0,0.0,115.26077256011858,0.5,0.7418234273674833,1.087468179721783
2473,train,1,2,0,133.528216926147,508.42344564262913,0.0,26.724392284324097,0.0,0.5,0.0,-20.836492626442677,0.5,0.7418234273674833,1.087468179721783
2474,validation,0,1,0,52.006470601384535,218.8540765666577,0.5714285714285714,294.5001327185713,-69.94802817490947,0.0,-0.047619047619047616,26.231251102747116,0.5,0.8667745100230756,0.6761444332806934
2474,validation,1,2,1,208.02588240553814,687.0872963872177,-0.19047619047619047,-78.92205572131508,-78.80146234306332,-0.14285714285714285,0.2857142857142857,8.5747401118743,0.5,0.8667745100230756,0.6761444332806934
2475,test,1,0,0,-180.0,171.70483762771164,0.3333333333333333,631.7657121984039,0.0,0.0,0.0,0.0,0.5,1.0,1.0
2475,test,2,0,0,-180.0,-480.2203596193758,0.3333333333333333,-276.92159943521847,0.0,0.0,0.0,0.0,0.5,1.0,1.0
2476,train,0,2,0,437.1520452352688,827.6570296589472,0.8,79.91860544087353,0.0,0.0,0.0,24.445688210558796,0.5,1.4571734841175628,1.239897716371666
2476,train,2,1,1,-437.1520452352688,115.9045117257349,0.0,208.5088546663353,0.0,0.0,-0.6,-32.52218062269185,0.5,1.4571734841175628,1.239897716371666
2477,train,0,1,0,-120.0,599.9570213777524,0.0,373.5549782439788,0.0,0.0,0.6000000000000001,-5.2705351021732145,0.5,1.0,1.0
2477,train,1,2,1,60.0,-204.68447085716207,0.0,332.3696263981122,0.0,-0.1,-0.30000000000000027,-70.46189105232452,0.5,1.0,1.0
2478,validation,0,2,0,-122.57305385190202,-117.63500546565757,0.0,136.51237794989743,0.0,0.6000000000000001,-1.2000000000000002,13.543899470557363,0.5,0.6809614102883446,0.6336896489291921
2478,validation,2,1,1,-122.57305385190202,-384.71866227996924,0.0,-85.64340627758244,0.0,-0.4,-1.2000000000000002,-99.89732507650288,0.5,0.6809614102883446,0.6336896489291921
2479,train,0,2,0,-70.41741390793882,143.0474650414824,0.0,0.0,0.0,0.0,0.0,78.38745846286986,0.5,1.1736235651323137,0.872878043510259
2479,train,2,1,1,-281.6696556317553,162.99589526463984,0.0,0.0,0.0,0.0,0.0,-55.87693781623577,0.5,1.1736235651323137,0.872878043510259
2480,validation,1,0,1,74.62753422552952,-3030.1167281081975,-0.6000000000000001,0.0,0.0,0.20000000000000004,-1.7999999999999998,-92.46521183273968,0.5,0.6218961185460793,1.3213349066011524
2480,validation,2,1,0,37.31376711276476,2349.801238664168,0.8,0.0,0.0,-0.10000000000000003,1.2000000000000002,169.9223880018372,0.5,0.6218961185460793,1.3213349066011524
2481,train,1,0,0,0.0,136.45238178839372,0.0,0.0,0.0,0.0,0.0,0.0,0.5,1.0,1.0
2481,train,2,0,0,420.0,-261.05382648290015,0.0,0.0,0.0,0.0,0.0,0.0,0.5,1.0,1.0
2482,train,0,2,0,60.0,-313.9058882214331,0.0,0.0,0.0,0.0,0.0,0.0,0.5,1.0,1.0
2482,train,2,1,1,-60.0,-102.52094195311656,0.0,0.0,0.0,0.0,0.0,0.0,0.5,1.0,1.0
2483,test,1,0,0,0.0,902.980019756405,0.0,0.0,0.0,0.0,0.0,0.0,0.5,1.0,1.0
2483,test,2,0,0,240.0,840.4435668906258,0.0,0.0,0.0,0.0,0.0,0.0,0.5,1.0,1.0
2484,test,0,1,0,191.06326513702209,414.33200448483103,0.0,477.36436231223433,0.0,0.0,0.0,0.0,0.5,1.5921938761418508,0.8317966519823532
2484,test,1,2,1,-191.06326513702209,-468.24544959636404,-1.0,-104.28128588922749,0.0,-0.3333333333333333,0.0,0.0,0.5,1.5921938761418508,0.8317966519823532
2485,train,1,0,1,-480.0,393.7437128337624,0.0,-35.41636124285333,0.0,0.0,0.0,0.0,0.5,1.0,1.0
2485,train,1,2,1,-180.0,-784.552744073726,0.0,-1022.6364299049014,0.0,0.0,0.0,0.0,0.5,1.0,1.0
2486,validation,0,1,1,-202.78136377752998,-2151.7560501093812,-0.06666666666666667,0.0,71.9224623637662,-0.3333333333333333,-0.4,-40.95060019781527,0.5,1.689844698146083,1.4140909084724647
2486,validation,0,2,1,-405.56272755505995,-1166.1876224448233,0.0,0.0,123.44534479212948,-0.3333333333333333,0.26666666666666666,-119.03774144874572,0.5,1.689844698146083,1.4140909084724647
2487,train,1,0,0,751.499280354592,2998.774893947634,0.0,0.0,0.0,1.3333333333333333,0.0,376.6555214228061,0.5,1.5656235007387334,1.1455011569247255
2487,train,2,0,0,93.937410044324,552.5556573219267,0.0,0.0,0.0,0.0,0.0,443.4381785559573,0.5,1.5656235007387334,1.1455011569247255
2488,train,0,1,1,-60.0,296.6818810364066,0.0,0.0,0.0,0.0,0.0,0.0,0.5,1.0,1.0
2488,train,2,0,0,60.0,237.24422910905378,0.0,0.0,0.0,0.0,0.0,0.0,0.5,1.0,1.0
2489,train,0,2,0,194.89103879474118,294.59436849157146,-0.8999999999999999,16.619619560146674,0.0,-0.2,0.0,114.11879497987032,0.5,1.6240919899561765,1.2142106485870803
2489,train,1,2,0,97.44551939737059,-860.5152635551148,-0.8999999999999999,5.074975416753162,0.0,0.0,0.0,77.75573638779454,0.5,1.6240919899561765,1.2142106485870803
2490,train,1,0,0,0.0,304.96718022276633,0.14285714285714285,21.158267515886024,30.739840005031922,0.0,1.1428571428571428,-12.309521538941155,0.5,0.7924035267030117,0.6925015490313214
2490,train,2,0,0,142.63263480654211,248.9998829379432,0.0,36.412213633465,70.75736386907951,0.2857142857142857,0.5714285714285714,-1.768427281976157,0.5,0.7924035267030117,0.6925015490313214
2491,train,0,1,1,-240.0,226.3750165086949,0.0,185.23565246682824,-183.7973303875268,0.0,0.0,0.0,0.5,1.0,1.0
2491,train,2,0,0,0.0,-821.0501904845878,0.0,-596.7662391779206,-89.77889525312285,0.0,0.0,0.0,0.5,1.0,1.0
2492,validation,1,0,0,60.0,-228.17829051604417,0.0,0.0,0.0,0.0,0.0,0.0,0.5,1.0,1.0
2492,validation,2,0,0,120.0,280.2234188703246,0.0,0.0,0.0,0.0,0.0,0.0,0.5,1.0,1.0
2493,train,0,1,1,-120.0,-432.7318390775031,-0.26666666666666666,71.21183529380005,-14.771808214231726,0.0,0.0,-17.7372803961202,0.5,1.0,1.0
2493,train,2,0,0,120.0,1349.8168271463073,0.0,-193.23498877383156,75.88231117957031,0.13333333333333336,0.0,13.032934237107412,0.5,1.0,1.0
2494,train,2,0,1,179.28832073966595,-1164.2068617755824,0.0,0.0,-27.571335753672102,0.0,-2.0000000000000004,34.907044541176454,0.5,1.4940693394972162,1.6495859799230557
2494,train,2,1,1,-89.64416036983297,-1654.970866927335,0.0,0.0,-24.89711610105384,0.0,-0.8000000000000002,-7.277162764399037,0.5,1.4940693394972162,1.6495859799230557
2495,train,0,2,0,76.92634071574507,-211.04591826537273,0.0,115.263742204344,0.0,0.2,0.5,4.9284493959835345,0.5,1.2821056785957512,1.6380042289754793
2495,train,2,1,1,0.0,-662.492568127085,0.0,20.188045678430512,0.0,0.0,0.10000000000000003,-137.51319225615975,0.5,1.2821056785957512,1.6380042289754793
2496,validation,0,2,0,360.0,-814.3774519061449,0.0,0.0,0.0,0.0,0.0,0.0,0.5,1.0,1.0
2496,validation,2,1,1,-360.0,-226.55604963974565,0.0,0.0,0.0,0.0,0.0,0.0,0.5,1.0,1.0
2497,validation,1,0,1,-240.0,-864.893445403789,-0.6000000000000001,-596.7549078667234,0.0,-0.26666666666666666,0.0,-9.145114517148063,0.5,1.0,1.0
2497,validation,1,2,1,-120.0,-862.5202939115643,0.0,19.32219779709635,0.0,0.0,-1.5999999999999999,-17.637966377829823,0.5,1.0,1.0
2498,train,1,0,1,740.8413259535868,1140.693522865528,0.0,0.0,0.0,0.0,-1.0,0.0,0.5,0.7717097145349862,0.7019300256459656
2498,train,2,1,0,-740.8413259535868,-158.23688511858717,0.0,0.0,0.0,0.0,2.0,0.0,0.5,0.7717097145349862,0.7019300256459656
2499,test,0,2,0,420.0,2534.5011736566858,0.0,1583.1792551143512,258.6374524409232,0.16666666666666666,0.0,0.0,0.5,1.0,1.0
2499,test,1,2,0,420.0,3076.764282671332,0.0,2258.864935888346,-25.471734770243984,0.33333333333333337,0.0,0.0,0.5,1.0,1.0
2500,train,0,1,0,42.44984941677813,400.4467901008357,0.0,0.0,0.0,0.0,0.0,11.226801280761816,0.5,0.7074974902796355,1.1370176176184996
2500,train,2,1,0,169.79939766711252,1054.6895064887522,0.0,0.0,0.0,0.3333333333333333,0.0,64.14593963929761,0.5,0.7074974902796355,1.1370176176184996
2501,train,0,1,1,0.0,670.060546674862,-0.19047619047619047,8.465093041465934,-14.545119896921946,-0.47619047619047616,-0.14285714285714285,-54.23823671399106,0.5,1.7827658195747162,1.3476258318126808
2501,train,2,0,0,213.93189834896594,688.0237216869461,0.19047619047619047,-50.9389265730065,-25.825459344734895,0.0,0.047619047619047616,0.0,0.5,1.7827658195747162,1.3476258318126808
2502,validation,0,1,1,-115.1424866017169,523.3917178163332,0.06666666666666667,-148.7710652998982,-53.34274971323885,0.3333333333333333,-1.0000000000000002,0.0,0.5,1.9190414433619483,0.847567593785412
2502,validation,2,0,0,230.2849732034338,-624.7487766275988,0.0,282.61145413249824,107.8843613346161,-0.3333333333333333,0.2,0.0,0.5,1.9190414433619483,0.847567593785412
2503,train,0,1,0,900.0,1868.7971010387164,0.0,2039.6502194150416,0.0,0.0,0.0,0.0,0.5,1.0,1.0
2503,train,1,2,1,-60.0,-1298.2557049119341,0.0,-920.5890548184311,0.0,0.0,0.0,0.0,0.5,1.0,1.0
2504,train,1,0,1,43.67661340150753,-40.016896662315055,0.0,0.0,0.0,-1.0,0.0,0.0,0.5,0.7279435566917922,1.032966345197478
2504,train,1,2,1,0.0,-278.4041087680515,0.0,0.0,0.0,-2.0,0.0,0.0,0.5,0.7279435566917922,1.032966345197478
2505,train,1,0,0,0.0,434.07901048837726,0.0,0.0,0.0,0.0,1.3333333333333335,-48.96806885598998,0.5,1.0800319090584563,1.628218747942306
2505,train,0,2,1,-129.60382908701476,-692.7404207022737,0.0,0.0,0.0,0.0,-1.3333333333333335,-14.300363642062642,0.5,1.0800319090584563,1.628218747942306
2506,train,0,2,0,0.0,-185.99721863550167,0.0,0.0,0.0,0.0,0.0,0.0,0.5,1.0,1.0
2506,train,2,1,1,0.0,137.49393425110338,0.0,0.0,0.0,0.0,0.0,0.0,0.5,1.0,1.0
2507,train,1,0,1,71.00535737620507,47.67964663945206,0.0,0.0,0.0,0.0,-0.6666666666666667,0.0,0.5,1.183422622936751,1.0261160512636047
2507,train,1,2,1,-71.00535737620507,-184.4149092080614,-0.3333333333333333,0.0,0.0,0.0,-1.9999999999999998,0.0,0.5,1.183422622936751,1.0261160512636047
2508,train,0,1,1,-120.0,-15.96259676681484,0.0,-38.078055246638314,0.0,-0.3333333333333333,-0.6666666666666666,0.0,0.5,1.0,1.0
2508,train,0,2,1,-60.0,-404.33040075897,0.0,-67.26873285076493,0.0,0.0,-0.5,0.0,0.5,1.0,1.0
2509,train,1,0,1,-43.44330852445841,-1023.7728641479317,0.0,0.0,-254.42702350169156,-0.5,-0.16666666666666674,0.0,0.5,0.7240551420743068,0.5128341725855502
2509,train,1,2,1,-43.44330852445841,-1138.1613299844614,0.0,0.0,-282.69515710064496,-1.0,0.6666666666666665,0.0,0.5,0.7240551420743068,0.5128341725855502
2510,train,1,0,0,-69.50694757782404,486.2369001708464,0.0,730.7419974712484,0.0,0.0,0.3999999999999999,0.0,0.5,1.1584491262970673,0.6649009361097167
2510,train,0,2,1,417.0416854669442,-86.98073677459325,-0.20000000000000007,-715.8917717994248,0.0,-0.2,-2.4,0.0,0.5,1.1584491262970673,0.6649009361097167
2511,validation,0,1,1,60.0,-947.8499137494009,0.19047619047619047,-39.43019292351778,-61.881830227360346,-0.047619047619047616,1.1904761904761902,2.5063225221348198,0.5,1.0,1.0
2511,validation,0,2,1,60.0,56.85693355854255,0.38095238095238093,-113.22965244116665,-106.24056654750319,-0.14285714285714285,0.47619047619047605,0.9234623919330893,0.5,1.0,1.0
2512,train,2,0,1,-312.0283262580316,-135.67060513012217,0.0,0.0,0.0,-2.0,0.0,0.0,0.5,0.8667453507167545,1.419305884508109
2512,train,1,2,0,208.01888417202107,489.2908309791189,0.0,0.0,0.0,0.0,0.0,0.0,0.5,0.8667453507167545,1.419305884508109
2513,train,0,1,1,-118.75849076129363,713.6180048207924,-0.47619047619047616,306.5645638143811,-30.6300648558609,0.0,0.14285714285714285,-58.531208760924265,0.5,1.979308179354894,1.974595097247929
2513,train,2,0,0,0.0,-292.7635358906076,0.47619047619047616,-420.370148938176,77.83522104588087,-0.19047619047619047,-0.14285714285714285,99.5057730533293,0.5,1.979308179354894,1.974595097247929
2514,train,0,1,1,-300.0,-215.10933655114695,0.0,0.0,0.0,0.0,0.0,0.0,0.5,1.0,1.0
2514,train,2,0,0,240.0,-93.9422790460003,0.0,0.0,0.0,0.0,0.0,0.0,0.5,1.0,1.0
2515,train,0,1,0,-166.65982036725026,-81.93703167069162,0.0,-95.25172857472535,8.462631517786775,0.13333333333333333,0.0,10.13171200990449,0.5,1.3888318363937522,0.7593016208449633
2515,train,2,1,0,83.32991018362513,21.403339764358634,0.3333333333333333,-21.398206869028513,-23.524353882475424,0.06666666666666667,0.0,37.46692501291527,0.5,1.3888318363937522,0.7593016208449633
2516,train,0,2,0,360.0,937.9320238314322,0.0,438.537207344355,17.18151849666664,0.06666666666666667,0.0,0.8823890495655462,0.5,1.0,1.0
2516,train,2,1,1,-420.0,-2007.4068978607056,-0.26666666666666666,-494.1020010145694,-89.8380055423184,-0.26666666666666666,0.0,171.43873449303675,0.5,1.0,1.0
2517,train,2,0,1,-125.4374637811133,501.70912647831904,0.0,0.0,208.81665340537057,-1.3333333333333333,0.0,0.0,0.5,0.5226560990879721,1.4191142517931659
2517,train,2,1,1,-156.79682972639162,-801.3822235781917,0.0,0.0,53.61019588610412,-1.3333333333333333,0.0,0.0,0.5,0.5226560990879721,1.4191142517931659
2518,train,1,0,0,120.0,336.7173099386464,0.0,369.3119583037254,0.0,0.0,0.0,194.62173177237472,0.5,1.0,1.0
2518,train,2,0,0,-60.0,-109.82332899663743,0.0,245.54920744883987,0.0,0.0,0.0,61.972586280229905,0.5,1.0,1.0
2519,test,2,0,1,-60.0,1272.5650820535534,-0.8,-465.7376980625579,37.229985020476775,0.0,0.0,4.581739864033921,0.5,1.0,1.0
2519,test,1,2,0,540.0,-701.5963891370529,0.0,535.235452125609,-2.343764689694609,-0.13333333333333333,0.0,-15.161585873355406,0.5,1.0,1.0
2520,train,0,1,1,-385.78656771038374,-632.8213620764388,0.09523809523809523,-47.586450294945166,-149.11864294806747,-0.19047619047619047,-0.23809523809523814,51.59819410830741,0.5,0.8037220160632994,0.5407236253487486
2520,train,2,0,0,48.22332096379797,122.03785032603196,-0.14285714285714285,-62.12403363351487,-61.55102797064586,0.19047619047619047,0.23809523809523814,31.302243354585222,0.5,0.8037220160632994,0.5407236253487486
2521,validation,0,2,0,-154.54103124594337,-479.5823895604542,0.0,0.0,47.20401581986762,0.2,0.0,47.19684883671146,0.5,1.287841927049528,0.6060589105224592
2521,validation,2,1,1,77.27051562297169,41.06959954983869,0.0,0.0,-64.84424978034552,0.0,-0.2666666666666666,-32.02572795995278,0.5,1.287841927049528,0.6060589105224592
2522,train,1,0,0,60.0,-436.4329521313766,0.0,0.0,0.0,0.0,0.0,0.0,0.5,1.0,1.0
2522,train,2,0,0,60.0,290.34069932224156,0.0,0.0,0.0,0.0,0.0,0.0,0.5,1.0,1.0
2523,train,1,0,1,-60.0,335.85584245489963,0.2,44.831491052405056,-16.867471809966197,0.0,0.0,-20.85259266023408,0.5,1.0,1.0
2523,train,2,1,0,0.0,-432.6090039396872,-0.2,80.37517845198892,32.155320164121314,0.26666666666666666,0.0,46.48287955029788,0.5,1.0,1.0
2524,train,0,2,0,0.0,-645.7918531959463,0.0,217.54264474008744,0.0,0.0,0.0,2.6316046068305976,0.5,0.9040576065580944,0.7904256204866837
2524,train,1,2,0,650.921476721828,125.5801272850551,1.0,350.28947131288544,0.0,0.0,0.0,-4.253654232902813,0.5,0.9040576065580944,0.7904256204866837
2525,train,0,1,0,110.083584058001,340.6389315313296,0.0,0.0,0.0,0.0,0.0,0.0,0.5,0.9173632004833416,1.354005662000568
2525,train,1,2,1,-110.083584058001,-2257.231935407447,0.0,0.0,0.0,-3.0,0.0,0.0,0.5,0.9173632004833416,1.354005662000568
2526,train,0,2,0,-128.3297731135051,1012.5412324984367,0.0,441.50702355946146,0.0,0.0,-0.6666666666666661,0.0,0.5,1.0694147759458759,1.316605215483468
2526,train,2,1,1,64.16488655675255,-234.91865116008393,0.0,-115.60214873804551,0.0,0.0,1.333333333333333,0.0,0.5,1.0694147759458759,1.316605215483468
2527,train,2,0,1,-66.77354631305138,-129.948193199306,0.1,0.0,103.93770167855352,0.0,0.0,-26.949462420517555,0.5,0.5564462192754283,0.5669973111649589
2527,train,1,2,0,-33.38677315652569,-11.264422167429741,-0.1,0.0,199.3365905671582,0.0,0.2,-43.71158513727311,0.5,0.5564462192754283,0.5669973111649589
2528,train,1,0,1,729.327088952312,13.116405567743026,-0.2857142857142857,194.7374637979596,-139.4078143537168,-0.38095238095238093,0.09523809523809523,5.750626444841576,0.5,0.7150265577963844,0.7200863154608032
2528,train,2,1,0,-514.8191216133968,179.6434510158126,0.8571428571428571,-56.931488763380855,176.1766070367877,0.38095238095238093,0.2857142857142857,2.8119810589568637,0.5,0.7150265577963844,0.7200863154608032
2529,train,1,0,1,188.343162873109,-235.64341295531517,0.0,0.0,0.0,0.0,-4.0,0.0,0.5,1.0463509048506057,0.9732418611301025
2529,train,1,2,1,-125.56210858207268,319.8237380818909,0.0,0.0,0.0,0.0,-1.0,0.0,0.5,1.0463509048506057,0.9732418611301025
2530,train,0,2,0,791.2495354176998,1713.434481655885,0.047619047619047616,-276.6388364589487,144.50690052879395,0.0,0.19047619047619024,0.0,0.5,1.8839274652802376,1.4842555793069314
2530,train,1,2,0,904.285183334514,820.6217818715396,0.047619047619047616,-23.65185633004444,110.88526951383957,0.2857142857142857,-0.5714285714285714,38.49879834181961,0.5,1.8839274652802376,1.4842555793069314
2531,train,0,1,1,-864.0737006542362,195.1203351611258,0.0,0.0,0.0,0.0,-1.3333333333333333,0.0,0.5,1.440122834423727,0.5628521766455055
2531,train,0,2,1,86.40737006542362,219.57969102467706,-0.5,0.0,0.0,0.3333333333333333,-0.8333333333333334,0.0,0.5,1.440122834423727,0.5628521766455055
2532,train,2,0,1,-570.4569979355549,-1014.9391039294726,0.0,0.0,0.0,0.0,0.0,-275.84591497355115,0.5,1.188452079032406,0.6648279409141987
2532,train,2,1,1,142.61424948388873,208.97624519038123,0.0,0.0,0.0,0.0,0.0,-74.100899928214,0.5,1.188452079032406,0.6648279409141987
2533,train,1,0,0,60.0,534.1200344063286,0.0,432.5188368534549,260.3156353969345,0.0,-0.13333333333333333,-3.6037644397851416,0.5,1.0,1.0
2533,train,2,0,0,0.0,-331.50446979865865,-0.2,73.74608246015606,67.45906184411709,0.0,-0.2,-12.842971552689159,0.5,1.0,1.0
2534,validation,0,2,0,0.0,59.781446108667986,0.0,138.0390252055383,23.173361607644797,-0.13333333333333333,0.13333333333333333,0.0,0.5,1.3667107559139304,0.671620766657178
2534,validation,1,2,0,164.00529070967164,214.0861412452104,0.26666666666666666,173.50837667817842,83.39683031636991,-0.13333333333333333,0.19999999999999998,0.0,0.5,1.3667107559139304,0.671620766657178
2535,train,1,0,1,87.38554763389165,-1130.6276208740305,0.0,0.0,0.0,0.0,1.3333333333333333,-81.6091535970497,0.5,0.7282128969490971,1.3048277270273008
2535,train,2,1,0,87.38554763389165,395.8606328844206,0.0,0.0,0.0,0.0,0.0,106.34927759525132,0.5,0.7282128969490971,1.3048277270273008
2536,train,1,0,1,-209.47847640134117,-450.411455764444,0.1,0.0,-26.432455095749816,0.0,0.0,0.0,0.5,1.7456539700111764,1.285990296126716
2536,train,1,2,1,0.0,-451.57024799099753,0.0,0.0,118.23069496503783,-0.6000000000000001,-0.29999999999999993,0.0,0.5,1.7456539700111764,1.285990296126716
2537,train,0,1,1,174.52032183760966,180.36699246317391,0.0,-6.747376949055763,0.0,-0.3333333333333333,0.0,-150.01760693858836,0.5,1.4543360153134137,0.6414989421426073
2537,train,0,2,1,87.26016091880483,-126.49312988557574,0.0,-187.70427078002393,0.0,-0.16666666666666666,0.0,-173.06957264802028,0.5,1.4543360153134137,0.6414989421426073
2538,train,2,0,1,-64.77478221989782,-72.36125524211232,-0.26666666666666666,-40.453172659760085,-34.25632888964638,-0.3333333333333333,0.4000000000000001,0.0,0.5,0.5397898518324818,0.5152251255229384
2538,train,1,2,0,32.38739110994891,567.1218325244799,0.26666666666666666,57.10325717995144,185.52094725626299,0.6666666666666666,0.0,0.0,0.5,0.5397898518324818,0.5152251255229384
2539,train,2,0,1,-420.0,-1610.3561529707476,0.0,-468.5358708875351,-218.35847760819195,-0.6000000000000001,0.0,-14.464742881418577,0.5,1.0,1.0
2539,train,1,2,0,420.0,884.2245743715466,0.0,140.76357171713312,401.53585859295885,0.0,0.0,-28.393258005833797,0.5,1.0,1.0
2540,validation,0,1,0,283.9112548023802,-878.1235355940046,0.8,0.0,0.0,0.0,0.19999999999999996,96.29185816898597,0.5,0.6759791781009052,1.5319376745916637
2540,validation,2,1,0,324.47000548843454,-1422.3408561547474,0.2,0.0,0.0,-0.5999999999999999,0.7,281.00408478479403,0.5,0.6759791781009052,1.5319376745916637
2541,train,0,2,0,60.0,406.28387974969155,0.0,0.0,0.0,0.0,0.0,0.0,0.5,1.0,1.0
2541,train,1,2,0,120.0,688.8014036465111,0.0,0.0,0.0,0.0,0.0,0.0,0.5,1.0,1.0
2542,train,0,1,1,-224.33857203896702,-934.2144642272957,0.0,0.0,-84.67251993721607,0.0,0.0,0.0,0.5,0.6231627001082417,0.869754978987603
2542,train,0,2,1,-261.7283340454615,-731.0642387049677,0.0,0.0,-112.69059949206064,0.0,0.0,0.0,0.5,0.6231627001082417,0.869754978987603
2543,test,1,0,1,-120.0,-163.83574059396142,0.0,0.0,0.0,0.0,0.0,0.0,0.5,1.0,1.0
2543,test,1,2,1,-180.0,-1176.5094577851332,0.0,0.0,0.0,0.0,0.0,0.0,0.5,1.0,1.0
2544,train,1,0,0,-186.97218634892732,-740.0906774345843,0.047619047619047616,106.41526311995597,249.9059211268288,0.14285714285714285,-0.6666666666666666,-78.91936067889141,0.5,1.5581015529077278,1.2633005683601486
2544,train,0,2,1,-93.48609317446366,-1614.7899020923142,-0.19047619047619047,-192.72008196949423,-65.58335244591649,0.14285714285714285,-0.19047619047619047,-20.065560122835237,0.5,1.5581015529077278,1.2633005683601486
2545,test,0,2,0,-32.43615008078381,-3471.3172834303105,0.0,0.0,300.41866898966146,0.0,0.0,-15.418570358749207,0.5,0.5406025013463969,1.7463868597559609
2545,test,1,2,0,32.43615008078381,-3473.827961636152,0.0,0.0,285.1741929152505,0.0,0.0,113.97911515152546,0.5,0.5406025013463969,1.7463868597559609
2546,train,0,1,1,-63.60027998074547,-28.96495030356571,-0.4,-40.21258248848655,-15.811867809762887,-0.3333333333333333,-0.4,0.0,0.5,0.5300023331728789,0.7823901984856535
2546,train,2,0,0,63.60027998074547,-241.50165825483094,0.2,-58.99134950959528,171.6224377203506,0.0,0.13333333333333333,0.0,0.5,0.5300023331728789,0.7823901984856535
2547,train,1,0,0,885.7248896411446,2002.208178319621,0.0,0.0,0.0,0.0,0.0,94.17735491150707,0.5,0.7029562616199561,0.9176186402636586
2547,train,2,0,0,295.24162988038154,3428.3946795406023,0.0,0.0,0.0,-0.6666666666666666,0.0,198.23336670280503,0.5,0.7029562616199561,0.9176186402636586
2548,train,1,0,0,420.0,1897.7188671544777,0.0,0.0,0.0,0.0,0.0,0.0,0.5,1.0,1.0
2548,train,0,2,1,-420.0,-1508.5211714684242,0.0,0.0,0.0,0.0,0.0,0.0,0.5,1.0,1.0
2549,train,0,1,0,-106.41764616976778,240.04087834354135,0.0,75.3010324012746,123.5979029261094,0.0,-0.4,17.604598726744538,0.5,0.8868137180813982,1.1772423681288717
2549,train,1,2,1,0.0,-68.06593352847119,0.0,-55.09406511707911,-200.5997653494627,0.0,-0.8,23.993299834218174,0.5,0.8868137180813982,1.1772423681288717
2550,validation,1,0,1,60.0,1141.7573291335293,-0.42857142857142855,359.4394815673145,-33.00759471536125,-0.38095238095238093,0.1428571428571429,3.808853398518688,0.5,1.0,1.0
2550,validation,2,1,0,-600.0,-2212.632158034906,0.2857142857142857,-30.144802925793783,405.4889218632237,0.9523809523809523,-0.3333333333333333,20.64935102174275,0.5,1.0,1.0
2551,validation,1,0,1,0.0,-434.9894885895583,0.0,183.51309232641233,5.921812082573901,0.0,0.0,72.35647584849335,0.5,1.0,1.0
2551,validation,1,2,1,-300.0,-668.1281574081477,0.0,-402.3679728389062,-23.695143537642565,0.0,0.0,-6.2660687542647935,0.5,1.0,1.0
2552,validation,0,2,0,-376.2308438304411,-98.89311831089358,1.0,0.0,0.0,0.0,0.0,0.0,0.5,1.0450856773067807,0.7329727611684229
2552,validation,1,2,0,-313.5257031920342,166.94422737070767,0.0,0.0,0.0,0.0,0.0,0.0,0.5,1.0450856773067807,0.7329727611684229
2553,validation,1,0,0,-224.59790425372384,-5118.68709400425,0.0,0.0,0.0,2.0,0.0,0.0,0.5,1.8716492021143654,1.7163335777153752
2553,validation,2,0,0,2695.174851044686,-3558.493629722462,0.0,0.0,0.0,2.0,0.0,0.0,0.5,1.8716492021143654,1.7163335777153752
2554,validation,1,0,0,93.2379139071196,4406.0040981896855,-0.14285714285714285,32.67000743234395,102.98169435800907,0.19047619047619047,-0.09523809523809523,-1.8960941946490948,0.5,0.7769826158926634,1.8035990359307226
2554,validation,0,2,1,46.6189569535598,-1171.4934481293708,-0.2857142857142857,27.68794196414489,-33.14632938435403,0.0,0.19047619047619047,-15.633025371219617,0.5,0.7769826158926634,1.8035990359307226
2555,train,2,0,1,-60.0,562.1282807570874,0.0,260.89056818601034,94.53301467987312,0.0,-1.9047619047619047,32.016729597863865,0.5,1.0,1.0
2555,train,2,1,1,-180.0,-520.734832034821,-0.047619047619047616,-355.7411364720982,61.36045894121778,0.19047619047619047,-0.47619047619047616,-44.79369137912837,0.5,1.0,1.0
2556,test,0,1,1,-46.81887121198031,-53.7371502297377,-0.3333333333333333,0.0,0.0,0.0,0.0,60.32114584359224,0.5,0.7803145201996718,0.8386978771534469
2556,test,0,2,1,-327.73209848386216,-714.7348758359482,0.0,0.0,0.0,0.0,0.0,-28.813998122666575,0.5,0.7803145201996718,0.8386978771534469
2557,test,0,1,0,-30.136690224699592,-595.6298682278672,0.09523809523809523,22.14353309023695,57.68644466720198,0.14285714285714285,0.2857142857142857,-5.051024170247757,0.5,0.5022781704116599,0.9960116964578003
2557,test,1,2,1,30.136690224699592,131.33464745780833,-0.09523809523809523,-41.87086630195021,-1.7579315280283723,-0.14285714285714285,-1.1428571428571428,46.78883384455632,0.5,0.5022781704116599,0.9960116964578003
2558,test,1,0,1,-172.54188190949472,365.26393504654834,0.0,0.0,0.0,0.0,0.0,0.0,0.5,0.5751396063649824,1.1894979274524442
2558,test,2,1,0,-241.5586346732926,-1714.6223665971395,0.0,0.0,0.0,0.0,2.0,0.0,0.5,0.5751396063649824,1.1894979274524442
2559,train,1,0,0,60.689974066734266,983.1098481427628,0.0,0.0,24.47504578785515,0.0,0.0,0.0,0.5,0.5057497838894522,0.783379437983855
2559,train,0,2,1,-30.344987033367133,-1056.0820737300073,0.0,0.0,-681.3017389662151,0.0,0.0,0.0,0.5,0.5057497838894522,0.783379437983855
2560,train,0,2,0,120.0,256.9765460359281,0.0,0.0,0.0,0.0,0.0,0.0,0.5,1.0,1.0
2560,train,1,2,0,300.0,1025.3976262858455,0.0,0.0,0.0,0.0,0.0,0.0,0.5,1.0,1.0
2561,train,2,0,1,-63.66114948842761,279.62154867690714,-0.20000000000000007,90.71143165496532,-16.63381022194003,0.0,0.0,-36.9910793837647,0.5,0.5305095790702301,0.8340766157325924
2561,train,2,1,1,31.830574744213806,785.3840741316353,0.4,-120.23938642449914,-71.1477464774799,0.0,0.0,-47.551330401641884,0.5,0.5305095790702301,0.8340766157325924
2562,train,1,0,0,140.98212943405582,256.5683369238116,-0.3,15.609529979582248,-7.1890624509592485,0.0,0.0,-44.27914313419666,0.5,0.5874255393085659,0.6718911791480392
2562,train,2,0,0,176.22766179256976,1407.096601871707,0.3,67.80554327348443,120.76569146238495,0.0,0.0,92.74667797596346,0.5,0.5874255393085659,0.6718911791480392
2563,train,1,0,0,60.0,645.594773539025,0.5333333333333333,274.41933485883726,61.11314560214136,-0.06666666666666667,0.0,3.2756041980078225,0.5,1.0,1.0
2563,train,0,2,1,-120.0,-753.2367465267935,0.0,-65.83459667233967,-61.13298801711949,-0.06666666666666667,0.0,0.0,0.5,1.0,1.0
2564,test,0,1,1,-309.75979728414717,-391.1097687838305,-0.09523809523809523,-178.04433097003474,-220.8920560688941,-0.14285714285714285,-0.857142857142857,9.623934025650815,0.5,1.0325326576138238,0.6216450462935916
2564,test,2,0,0,61.95195945682943,422.9605856929301,-0.09523809523809523,33.45998154615418,59.34847449331582,0.0,1.9999999999999998,-19.02133850809451,0.5,1.0325326576138238,0.6216450462935916
2565,train,0,1,1,-1046.3062069567804,-2364.850084405967,0.4,-446.3863887149529,-204.25036711989742,0.0,0.0,-99.74005179059341,0.5,1.4532030652177506,1.0738476715128875
2565,train,2,0,0,784.7296552175853,1299.9001171735042,0.8000000000000002,93.09345476457747,-239.90667739572314,0.0,0.0,53.372179771699535,0.5,1.4532030652177506,1.0738476715128875
2566,train,0,1,0,300.0,822.5308213172134,0.0,0.0,0.0,0.0,0.0,0.0,0.5,1.0,1.0
2566,train,2,1,0,-120.0,507.8410104043028,0.0,0.0,0.0,0.0,0.0,0.0,0.5,1.0,1.0
2567,train,0,1,0,-191.9943420205809,-594.3586457075105,1.0,0.0,0.0,0.0,0.0,0.0,0.5,1.0666352334476716,0.809365957770216
2567,train,1,2,1,-831.9754820891839,100.38448425219121,-2.0,0.0,0.0,0.0,0.0,0.0,0.5,1.0666352334476716,0.809365957770216
2568,train,1,0,1,-236.23036499595003,-1403.3489875496587,0.0,0.0,0.0,0.0,-5.0,0.0,0.5,0.7874345499865001,0.7495277118313302
2568,train,1,2,1,-47.246072999190005,-603.0240021070863,0.0,0.0,0.0,0.0,-2.0,0.0,0.5,0.7874345499865001,0.7495277118313302
2569,train,1,0,0,89.92459203815432,112.17373997816243,0.0,-48.76653620353859,-147.78671555724947,0.6666666666666666,0.2666666666666666,14.930226899860052,0.5,1.4987432006359052,1.2879561393039198
2569,train,0,2,1,-269.7737761144629,246.64168250501984,0.0,-4.922237432202692,114.71642021423392,0.0,-0.8,-1.7670997274951716,0.5,1.4987432006359052,1.2879561393039198
2570,train,1,0,1,139.06939768567673,1288.2371252832277,0.0,112.09174348807291,128.4221288365593,0.0,0.0,-232.8501318321417,0.5,0.5794558236903197,1.2292042141258706
2570,train,2,1,0,-347.6734942141918,-460.22302091038057,1.4999999999999998,23.287246259487148,-132.96538181808458,0.0,0.0,139.72485349533906,0.5,0.5794558236903197,1.2292042141258706
2571,train,0,1,0,420.74780876562886,689.3711758676098,0.0,0.0,0.0,0.0,0.0,-61.334491829244016,0.5,0.7791626088252386,1.6882668706403472
2571,train,2,1,0,140.24926958854294,-979.9631221573229,0.0,0.0,0.0,0.0,0.0,139.71264467700905,0.5,0.7791626088252386,1.6882668706403472
2572,train,0,2,0,265.4338135632137,876.4819548818907,0.0,0.0,1085.7534550058758,0.0,0.0,0.0,0.5,0.8847793785440455,0.6320774917534929
2572,train,1,2,0,106.17352542528546,653.6359474101191,0.0,0.0,587.7180521190658,0.0,0.0,0.0,0.5,0.8847793785440455,0.6320774917534929
2573,train,2,0,1,140.9618445936168,-292.55928826179684,0.0,0.0,-182.23361941576053,0.0,0.6666666666666666,-1.519397943305476,0.5,0.58734101914007,0.6075181895509596
2573,train,1,2,0,-105.7213834452126,-89.2647605161384,0.0,0.0,-53.60074496058814,0.0,0.9999999999999999,-10.367403805350408,0.5,0.58734101914007,0.6075181895509596
2574,train,2,0,1,-120.0,-740.625741481836,0.0,0.0,0.0,0.0,0.0,0.0,0.5,1.0,1.0
2574,train,2,1,1,-300.0,-1346.42781475419,0.0,0.0,0.0,0.0,0.0,0.0,0.5,1.0,1.0
2575,train,0,2,0,0.0,-820.321360096952,0.0,0.0,0.0,0.0,0.0,0.0,0.5,1.0,1.0
2575,train,2,1,1,-120.0,474.3272837840095,0.0,0.0,0.0,0.0,0.0,0.0,0.5,1.0,1.0
2576,train,1,0,1,-61.35707508191858,206.46445745725222,0.0,-152.76536936823163,-21.97257302258197,0.0,-0.13333333333333336,2.4036501276826385,0.5,1.0226179180319763,0.7402194691331112
2576,train,1,2,1,-61.35707508191858,-381.1920481839484,0.0,-169.9249339252191,-74.68893407757163,0.0,-0.13333333333333336,-37.216726744961896,0.5,1.0226179180319763,0.7402194691331112
2577,test,0,1,1,-458.60308834757643,-19.459827909497957,0.2,71.17829304993602,-24.110347397486574,0.26666666666666666,-1.6666666666666667,0.0,0.5,1.9108462014482352,1.803723542984012
2577,test,2,0,0,114.65077208689411,1649.798877487399,-0.13333333333333336,111.12321161636578,148.83898445429196,-0.5333333333333333,2.333333333333333,0.0,0.5,1.9108462014482352,1.803723542984012
2578,train,0,2,0,-31.795952912157265,-562.0115484565308,0.13333333333333333,0.0,-19.176746270962063,0.0,0.06666666666666665,18.232977512732386,0.5,0.5299325485359544,0.796834137648255
2578,train,1,2,0,-31.795952912157265,-222.8745426038564,0.0,0.0,-10.320053241113463,0.26666666666666666,-0.06666666666666668,137.0758368804048,0.5,0.5299325485359544,0.796834137648255
2579,train,2,0,1,-197.36421848950374,12.386228778881637,-0.5714285714285714,-447.17264727401675,-60.270410805429876,0.0,0.2857142857142857,90.62419910088715,0.5,0.8223509103729323,0.5664238718203257
2579,train,1,2,0,0.0,-387.37610565872757,0.5714285714285714,13.446408985229908,34.98708706010207,0.0,-0.1428571428571429,-16.423011696262733,0.5,0.8223509103729323,0.5664238718203257
2580,train,0,1,0,660.0,2087.5917236612345,-0.7142857142857142,160.34291957167412,164.7187063464111,-0.047619047619047616,0.38095238095238093,71.81519176776563,0.5,1.0,1.0
2580,train,1,2,1,-240.0,-1319.4056920408443,0.4761904761904761,-626.5769518763316,-134.70332594558002,-0.047619047619047616,0.09523809523809523,-88.9467910786366,0.5,1.0,1.0
2581,train,0,2,0,180.0,-681.3259745677487,0.0,0.0,0.0,0.0,0.0,0.0,0.5,1.0,1.0
2581,train,2,1,1,-660.0,1694.6729796697236,0.0,0.0,0.0,0.0,0.0,0.0,0.5,1.0,1.0
2582,train,2,0,1,-775.2869952492907,-1748.3722571448513,-0.4,0.0,35.706455668807735,0.0,-0.20000000000000007,34.46160836695106,0.5,1.615181240102689,1.0946423444793532
2582,train,2,1,1,-678.3761208431293,62.64272631690627,-0.8000000000000002,0.0,-73.13801608115767,0.0,-0.09999999999999998,-68.91876950755278,0.5,1.615181240102689,1.0946423444793532
2583,train,0,1,0,60.0,246.30744989011055,0.0,1452.9877980037686,0.0,0.0,0.0,0.0,0.5,1.0,1.0
2583,train,2,1,0,360.0,270.39208749674435,0.0,705.3088867995085,0.0,0.0,0.0,0.0,0.5,1.0,1.0
2584,train,1,0,0,-137.1772527268285,-5.09099829535019,1.3333333333333333,0.0,-272.96535273490133,0.0,0.0,0.0,0.5,0.7620958484823805,0.5023257906637074
2584,train,0,2,1,137.1772527268285,335.50482305664417,-1.3333333333333333,0.0,275.1175204210657,0.0,0.0,0.0,0.5,0.7620958484823805,0.5023257906637074
2585,train,0,1,1,-60.0,-1056.5666395400735,0.0,-378.20510663608695,-340.65088437372646,0.2,0.0,-15.162237747010506,0.5,1.0,1.0
2585,train,2,0,0,120.0,241.47918334540327,0.0,-86.15616302371939,192.5665148486765,-0.2,0.0,27.325067953366528,0.5,1.0,1.0
2586,train,1,0,0,625.3281375300413,1364.560611802708,-0.5714285714285714,819.3025334134736,65.18014519532517,0.19047619047619047,-1.714285714285714,-68.08575753132703,0.5,1.302766953187586,1.5957791780932737
2586,train,2,0,0,78.16601719125516,-881.3969518840056,-0.7142857142857142,605.5745126721179,39.034971799831936,0.38095238095238093,-1.4285714285714284,-10.765632099028373,0.5,1.302766953187586,1.5957791780932737
2587,train,0,1,1,-120.0,374.72150836894707,0.0,0.0,0.0,0.0,0.0,0.0,0.5,1.0,1.0
2587,train,2,0,0,60.0,15.204228440856696,0.0,0.0,0.0,0.0,0.0,0.0,0.5,1.0,1.0
2588,train,0,2,0,122.40870541727617,1298.1820114331867,-0.4,0.0,-1.3006492643132361,0.2,0.6666666666666665,15.279756838817718,0.5,1.020072545143968,1.5185733573785014
2588,train,1,2,0,-306.02176354319045,-1045.6188774696516,-0.2666666666666667,0.0,-53.943774287838394,0.2,-0.33333333333333326,49.278535293301445,0.5,1.020072545143968,1.5185733573785014
2589,train,1,0,1,-240.0,434.33233816785014,0.0,311.0076847150009,-14.592271927067348,0.047619047619047616,-0.7142857142857143,-19.052384836031443,0.5,1.0,1.0
2589,train,2,1,0,120.0,93.14209283100809,0.14285714285714285,-210.91588104669216,62.90869854231498,-0.047619047619047616,0.0,-34.8886764571248,0.5,1.0,1.0
2590,test,1,0,0,-39.3337104292967,301.4946277477607,0.09523809523809523,4.574984655199131,3.0583930047680283,0.14285714285714285,-0.23809523809523808,-16.464719477181607,0.5,0.6555618404882784,1.160537935270702
2590,test,2,0,0,-78.6674208585934,298.8521230720666,0.0,-11.976267340815738,-18.207006615959948,0.0,0.0,-20.38077811993847,0.5,0.6555618404882784,1.160537935270702
2591,test,0,1,0,-350.4777480197355,3600.141494793463,-0.1333333333333333,-123.62304209987758,558.365596431636,0.0,0.33333333333333337,0.0,0.5,0.5841295800328925,1.768747342610182
2591,test,1,2,1,280.3821984157884,-2892.793472276856,0.0,-417.7304013665389,-797.2189367396952,0.0,0.0,0.0,0.5,0.5841295800328925,1.768747342610182
2592,test,0,2,0,120.0,2.2322519384815678,0.0,0.0,0.0,0.0,0.0,0.0,0.5,1.0,1.0
2592,test,1,2,0,420.0,2137.49062977386,0.0,0.0,0.0,0.0,0.0,0.0,0.5,1.0,1.0
2593,train,1,0,0,0.0,210.74775176040657,0.0,504.13437512847236,0.0,0.0,0.0,0.0,0.5,1.0,1.0
2593,train,0,2,1,-60.0,350.4024012331697,0.0,-447.2724586307513,0.0,0.0,0.0,0.0,0.5,1.0,1.0
2594,test,1,0,0,300.0,-523.5283835395585,0.0,0.0,0.0,0.0,0.0,0.0,0.5,1.0,1.0
2594,test,0,2,1,60.0,427.1466277218515,0.0,0.0,0.0,0.0,0.0,0.0,0.5,1.0,1.0
2595,validation,0,1,0,0.0,1361.5575606945433,0.0,842.5120097257741,0.0,0.0,0.3333333333333335,0.0,0.5,0.519870797516379,1.7262524466478288
2595,validation,1,2,1,-93.57674355294822,-4658.8501818767945,0.0,95.84729709699695,0.0,0.0,0.33333333333333326,-194.21005736521136,0.5,0.519870797516379,1.7262524466478288
2596,train,0,1,0,332.8335266864281,-59.14999791378953,-0.4000000000000001,849.3115505154676,186.89781300740447,-0.4,0.0,0.0,0.5,1.3868063611934505,1.7575900693080528
2596,train,1,2,1,-1414.5424884173194,-6451.00280703936,0.0,-514.6963485400933,-18.260581922491326,0.0,0.0,0.0,0.5,1.3868063611934505,1.7575900693080528
2597,train,0,1,0,-60.0,-368.620690326396,0.0,-121.18273873109331,0.0,0.0,0.0,20.763079501704524,0.5,1.0,1.0
2597,train,2,1,0,-120.0,-627.4294410397738,0.0,-35.09108377316443,0.0,0.0,0.0,-6.704949247819222,0.5,1.0,1.0
2598,train,0,1,0,415.1867776505972,902.5648700495508,0.0,75.56251904506851,0.0,0.0,3.0,26.049096868291883,0.5,1.1532966045849922,0.5904027878078075
2598,train,2,1,0,415.1867776505972,863.8197203421886,0.0,81.19017485138986,0.0,0.0,0.0,-76.87590148244868,0.5,1.1532966045849922,0.5904027878078075
2599,train,0,2,0,81.60946334332345,218.29476155348064,0.0,77.53707653357739,0.0,0.8,0.5999999999999999,-9.35086303007828,0.5,1.3601577223887242,1.2664788235560913
2599,train,1,2,0,571.2662434032642,1769.7996094609923,0.0,-78.20120975525332,0.0,0.4,0.30000000000000004,-32.5973061014711,0.5,1.3601577223887242,1.2664788235560913
2600,train,0,1,0,78.91604539536917,694.6070944986628,1.2,0.0,26.256795128353296,0.4,0.0,42.50381972390832,0.5,1.3152674232561528,0.6407151702436475
2600,train,1,2,1,-236.7481361861075,-282.5209413584674,-0.3,0.0,20.952614184945354,-0.2,0.0,-22.800274198279904,0.5,1.3152674232561528,0.6407151702436475
2601,test,0,1,1,-319.25489098921463,14.293238210310788,0.2666666666666667,0.0,-228.39918633755906,0.0,-1.0666666666666667,-190.65960522370918,0.5,0.7601306928314634,0.8794738202207747
2601,test,0,2,1,-364.8627325591024,-1326.3756520982931,0.2666666666666667,0.0,-348.52589964261523,-0.06666666666666667,-0.2666666666666666,0.0,0.5,0.7601306928314634,0.8794738202207747
2602,train,0,2,0,1110.5713583497527,3205.4393493412094,0.0,-364.66523385537175,0.0,-0.16666666666666666,0.5,0.0,0.5,0.7712301099651061,1.1830267026430852
2602,train,2,1,1,-601.5594857727828,-4286.619477524975,0.0,-377.9496762775051,0.0,-0.49999999999999994,-2.5,0.0,0.5,0.7712301099651061,1.1830267026430852
2603,train,0,2,0,39.201985237744395,164.08389340174224,0.13333333333333336,138.12255561068292,319.7187785151315,0.0,0.0,163.8672576378387,0.5,0.6533664206290732,0.7816091266212681
2603,train,2,1,1,0.0,580.3198563989652,0.13333333333333333,316.8708846533877,18.037281361178998,0.0,0.0,-154.07923499476277,0.5,0.6533664206290732,0.7816091266212681
2604,train,1,0,0,487.6764467840835,-4051.4067419447356,0.0,0.0,206.48594548644311,0.0,-1.666666666666666,0.0,0.5,1.1611343971049608,1.6371023147659558
2604,train,2,0,0,-69.66806382629765,613.2723465550016,0.0,0.0,506.4003352213073,0.0,-2.9999999999999996,0.0,0.5,1.1611343971049608,1.6371023147659558
2605,test,0,1,0,-298.9059247522334,-551.4997659801529,0.0,0.0,0.0,0.0,0.0,170.88859098755594,0.5,1.2454413531343058,0.7586423975822592
2605,test,2,1,0,-373.63240594029173,-694.2110217846904,0.0,0.0,0.0,0.0,0.0,287.4443708314668,0.5,1.2454413531343058,0.7586423975822592
2606,train,1,0,1,260.1567530587441,-765.9712930078387,-0.7142857142857142,-27.366916159775116,61.066577485350656,-0.5714285714285714,0.2857142857142857,-53.3702003171718,0.5,0.8671891768624803,0.9063089103374946
2606,train,1,2,1,260.1567530587441,23.610832956003765,-0.7142857142857142,50.0781404149603,-10.708897601518444,0.0,-0.1428571428571428,-13.57890541768304,0.5,0.8671891768624803,0.9063089103374946
2607,train,0,2,0,120.0,-14.875814161804556,0.0,0.0,0.0,0.0,0.0,0.0,0.5,1.0,1.0
2607,train,2,1,1,-180.0,-755.5868010237746,0.0,0.0,0.0,0.0,0.0,0.0,0.5,1.0,1.0
2608,train,0,1,0,-584.6990776910211,-538.894183285019,0.0,0.0,0.0,0.0,0.0,195.77873040656277,0.5,0.8859076934712441,0.7220532682475748
2608,train,2,1,0,-797.3169241241197,-1362.072567542786,0.0,0.0,0.0,0.0,0.0,337.3028793585212,0.5,0.8859076934712441,0.7220532682475748
2609,validation,1,0,1,-180.0,-133.7900091785059,-1.3333333333333335,-331.5466447111028,0.0,0.16666666666666666,0.0,0.0,0.5,1.0,1.0
2609,validation,2,1,0,300.0,135.62323580229986,0.33333333333333337,-744.3065547007906,0.0,0.33333333333333337,0.0,0.0,0.5,1.0,1.0
2610,train,0,2,0,60.0,271.64110014999824,0.0,0.0,0.0,0.0,0.0,0.0,0.5,1.0,1.0
2610,train,1,2,0,120.0,1446.657256774969,0.0,0.0,0.0,0.0,0.0,0.0,0.5,1.0,1.0
2611,train,0,2,0,772.6453310885136,1089.504171220824,-0.23809523809523808,-66.90949193682121,121.58584190648861,-0.19047619047619047,0.8571428571428572,105.18247830997034,0.5,1.1706747440735055,0.5172080571072057
2611,train,2,1,1,0.0,-325.70843851011335,0.0,25.632264029515966,-44.02422086702793,0.0,0.0,-40.839755473331024,0.5,1.1706747440735055,0.5172080571072057
2612,train,0,1,1,-69.38200981691583,899.8400904581157,0.0,0.0,-415.9745462341115,-1.3333333333333335,0.0,0.0,0.5,0.5781834151409652,0.6192140173323512
2612,train,2,0,0,-346.9100490845791,-277.716758583115,0.0,0.0,-158.9505625892208,0.6666666666666666,0.0,0.0,0.5,0.5781834151409652,0.6192140173323512
2613,train,0,1,0,0.0,-190.9672890091462,0.0,-180.51124776710773,16.59247441243027,-0.1,0.0,0.0,0.5,1.1033081741102466,1.7999379263103215
2613,train,2,1,0,66.1984904466148,246.01117974985794,0.4,-253.15496744241153,36.21940881408605,-0.1,0.0,0.0,0.5,1.1033081741102466,1.7999379263103215
2614,test,0,1,1,-60.0,-77.91015596990383,0.0,0.0,0.0,0.0,0.0,0.0,0.5,1.0,1.0
2614,test,0,2,1,-60.0,251.2607107163135,0.0,0.0,0.0,0.0,0.0,0.0,0.5,1.0,1.0
2615,train,0,2,0,100.28283820352826,37.89447720295132,0.0,0.0,-33.834307664396846,0.5,0.0,182.98301093184955,0.5,0.5571268789084903,1.1531308665550626
2615,train,1,2,0,-33.42761273450942,-392.9371926148654,0.0,0.0,56.80916189559741,0.0,0.0,49.42629144877621,0.5,0.5571268789084903,1.1531308665550626
2616,test,1,0,0,239.81264054970012,879.5931175062696,1.2000000000000002,49.65348282250346,0.0,0.0,0.1,0.0,0.5,0.570982477499286,0.6293497320522051
2616,test,0,2,1,-68.51789729991432,-670.7240390359681,-1.2000000000000002,-142.68968176693775,0.0,-0.4,-0.30000000000000004,0.0,0.5,0.570982477499286,0.6293497320522051
2617,test,1,0,0,567.6829999531543,602.7562846793921,0.0,44.55781627847507,-21.26776028399123,0.0,0.2857142857142857,39.667380358363566,0.5,1.8922766665105144,1.3127651502852047
2617,test,0,2,1,-454.14639996252345,-627.6147416423722,0.19047619047619047,-42.23106809842453,-80.94875085033901,-0.09523809523809523,-0.4285714285714285,36.156931954186526,0.5,1.8922766665105144,1.3127651502852047
2618,train,0,1,1,0.0,-31.53364559651599,0.0,0.0,0.0,0.0,0.0,0.0,0.5,0.9310615970520161,1.250736563139924
2618,train,2,0,0,-167.5910874693629,409.40892626623435,1.0,0.0,0.0,0.0,0.0,0.0,0.5,0.9310615970520161,1.250736563139924
2619,train,1,0,1,-120.0,-1173.54527877091,-1.0,-2068.6327341246824,0.0,0.0,0.0,0.0,0.5,1.0,1.0
2619,train,2,1,0,-60.0,210.96406437566384,0.3333333333333333,522.2194788660552,0.0,0.0,0.0,0.0,0.5,1.0,1.0
2620,validation,0,1,0,-55.95375851906791,37.98669466008775,-0.19047619047619047,41.89241261188437,-19.901545992753498,-0.09523809523809523,0.2857142857142856,0.0,0.5,0.9325626419844651,0.9910091119243305
2620,validation,2,1,0,167.86127555720373,96.32960590399591,-0.19047619047619047,-90.51097480672733,98.93961366060064,0.0,-1.7142857142857144,17.158332802445816,0.5,0.9325626419844651,0.9910091119243305
2621,train,1,0,0,0.0,-280.5719293770853,0.0,91.41175368524321,-3.667081886684066,0.26666666666666666,0.0,16.700611095696274,0.5,1.0,1.0
2621,train,2,0,0,240.0,340.51681242821405,0.0,-89.06671594529823,2.6198861249393417,0.0,0.0,59.57366356029126,0.5,1.0,1.0
2622,validation,0,1,1,-300.0,-36.79983498428737,0.0,0.0,0.0,0.0,0.0,0.0,0.5,1.0,1.0
2622,validation,2,0,0,60.0,-354.3883046623728,0.0,0.0,0.0,0.0,0.0,0.0,0.5,1.0,1.0
2623,test,0,1,1,-76.94661531865768,226.33260965689377,0.0,0.0,-34.90654287234088,-0.16666666666666666,-0.6666666666666667,0.0,0.5,1.2824435886442946,0.673977766718409
2623,test,2,0,0,76.94661531865768,-338.76794739949696,0.0,0.0,-42.60308679981799,0.0,1.6666666666666667,0.0,0.5,1.2824435886442946,0.673977766718409
2624,train,1,0,0,0.0,677.106854636864,-0.19047619047619047,511.5351080584735,35.96197996732139,-0.19047619047619047,0.47619047619047616,-50.68454439917457,0.5,1.3252497215045684,0.520038697549559
2624,train,0,2,1,-477.0898997416446,-524.2889936589038,0.2857142857142857,367.8277493433782,-67.03340854148291,0.5714285714285714,-0.2857142857142857,-55.962579993961924,0.5,1.3252497215045684,0.520038697549559
2625,train,0,1,0,897.1842113175595,859.264080290735,0.0,0.0,0.0,0.3333333333333333,0.0,186.2730324078219,0.5,1.0680764420447137,0.7930471602560515
2625,train,1,2,1,-576.7612787041454,-493.7112297427588,0.0,0.0,0.0,-0.3333333333333333,0.0,-226.8058281835998,0.5,1.0680764420447137,0.7930471602560515
2626,train,0,1,0,-153.39067800237498,-724.6658875743235,0.0,0.0,0.0,0.6666666666666666,0.0,0.0,0.5,0.6391278250098957,1.8678368180690494
2626,train,1,2,1,-115.04300850178123,-1460.6510337449442,-0.5,0.0,0.0,0.0,1.5,0.0,0.5,0.6391278250098957,1.8678368180690494
2627,train,0,1,1,-36.575462897925036,-1769.395294648898,0.0,0.0,0.0,0.0,0.0,0.0,0.5,0.6095910482987505,1.785391207172054
2627,train,0,2,1,219.45277738755019,193.37564264341415,-2.0,0.0,0.0,0.0,0.6666666666666665,0.0,0.5,0.6095910482987505,1.785391207172054
2628,train,1,0,1,-62.83180313273108,-639.5265970913542,-0.30000000000000004,132.4709955568759,-140.43518968381437,0.0,0.0,0.0,0.5,1.0471967188788514,1.633898159842242
2628,train,1,2,1,-251.32721253092433,-810.7487163108068,0.20000000000000004,-3.5891295744340255,-25.76838637038577,0.0,0.4,0.0,0.5,1.0471967188788514,1.633898159842242
2629,train,0,2,0,-439.65663022502565,-641.275025924092,0.0,0.0,1019.6976868320705,0.0,-0.8333333333333333,0.0,0.5,1.2212684172917379,0.6025727855854378
2629,train,2,1,1,146.55221007500853,482.3461511629026,0.0,0.0,-1.0234238645179374,0.0,0.6666666666666665,-253.56920362777512,0.5,1.2212684172917379,0.6025727855854378
2630,train,1,0,0,300.0,275.33750437911567,0.0,3024.157217300822,0.0,0.0,0.0,0.0,0.5,1.0,1.0
2630,train,0,2,1,-60.0,702.3175569095656,0.0,-325.3763606919383,0.0,0.0,0.0,0.0,0.5,1.0,1.0
2631,test,0,2,0,-106.93837908565112,893.9363529457983,0.5333333333333334,0.0,-58.57975047191397,-0.13333333333333333,1.6666666666666667,69.75704499442733,0.5,0.5941021060313951,0.5350409919293558
2631,test,1,2,0,-71.29225272376742,84.66022922024837,0.26666666666666666,0.0,-116.87643540455956,-0.13333333333333333,1.6666666666666667,36.70648051455573,0.5,0.5941021060313951,0.5350409919293558
2632,train,1,0,0,-103.49434000664252,67.66503908590792,0.0,0.0,0.0,0.0,0.0,113.28410020618867,0.5,1.7249056667773752,1.5955774441735238
2632,train,2,0,0,0.0,-1137.888842562796,0.0,0.0,0.0,0.0,0.0,27.115045068993652,0.5,1.7249056667773752,1.5955774441735238
2633,train,2,0,1,-157.16245593749625,-513.1541985590417,-1.0,0.0,0.0,0.0,0.0,0.0,0.5,1.3096871328124688,1.1403848992070287
2633,train,1,2,0,157.16245593749625,745.0821864478994,0.3333333333333333,0.0,0.0,0.0,0.0,0.0,0.5,1.3096871328124688,1.1403848992070287
2634,train,1,0,1,168.30411361492455,188.49965832962218,0.0,0.0,-629.9819851785962,0.0,-1.9999999999999998,0.0,0.5,0.7012671400621856,0.8139040304428916
2634,train,2,1,0,-252.4561704223868,-1761.3279174363322,0.0,0.0,184.34139815207158,0.0,1.3333333333333333,0.0,0.5,0.7012671400621856,0.8139040304428916
2635,validation,0,1,0,198.1132160065119,-1496.2162972958902,0.0,0.0,404.4375191755886,0.0,0.0,0.0,0.5,0.8254717333604662,1.9294799390418775
2635,validation,2,1,0,148.5849120048839,-1642.0186144674403,0.0,0.0,1184.5546014559404,0.0,0.0,0.0,0.5,0.8254717333604662,1.9294799390418775
2636,validation,1,0,1,0.0,-367.5020140202605,0.0,-623.8723348521787,0.0,0.0,0.0,0.0,0.5,1.0,1.0
2636,validation,1,2,1,-240.0,-666.1537205948944,0.0,98.45018999380022,0.0,0.0,0.0,0.0,0.5,1.0,1.0
2637,test,0,1,0,-60.0,909.203449274326,0.23809523809523808,383.2680481326919,-13.438994846250647,-0.14285714285714285,0.38095238095238093,-1.0514165149535852,0.5,1.0,1.0
2637,test,1,2,1,0.0,-234.77836682954694,0.23809523809523808,-206.4680062807978,-2.7442153698600293,0.0,0.0,9.509696300598499,0.5,1.0,1.0
2638,validation,1,0,0,701.0545639214314,827.0946067053537,0.0,0.0,0.0,0.0,0.0,433.01106906086017,0.5,1.1684242732023857,0.9972206960787318
2638,validation,0,2,1,70.10545639214314,-401.16590670024084,0.0,0.0,0.0,0.0,0.0,-360.4387831784445,0.5,1.1684242732023857,0.9972206960787318
2639,train,1,0,1,300.0,517.9617568206636,0.0,-254.136549508984,0.0,0.0,0.0,0.0,0.5,1.0,1.0
2639,train,1,2,1,60.0,-329.0192331716298,0.0,-201.3338326124865,0.0,0.0,0.0,0.0,0.5,1.0,1.0
2640,test,2,0,1,60.0,161.8887720012208,0.0,0.0,0.0,0.0,0.0,0.0,0.5,1.0,1.0
2640,test,2,1,1,0.0,-620.7940202642894,0.0,0.0,0.0,0.0,0.0,0.0,0.5,1.0,1.0
2641,train,2,0,1,57.359671348526575,-152.18229622176898,0.0,0.0,0.0,0.6666666666666666,-1.333333333333333,0.0,0.5,0.9559945224754429,0.5499752253537239
2641,train,2,1,1,-286.7983567426329,-264.92336689617576,0.0,0.0,0.0,0.0,-1.6666666666666665,0.0,0.5,0.9559945224754429,0.5499752253537239
2642,train,2,0,1,-60.0,309.2851930411716,0.0,-571.3711757805099,0.0,0.0,0.0,0.0,0.5,1.0,1.0
2642,train,1,2,0,300.0,245.64177286597078,0.0,1211.8036952101563,0.0,0.0,0.0,0.0,0.5,1.0,1.0
2643,test,1,0,0,52.636830235829905,-231.65874674788796,0.0,0.0,0.0,0.8333333333333333,2.5,0.0,0.5,0.8772805039304984,0.6657195771355591
2643,test,2,0,0,-263.1841511791495,-148.89395392387763,-0.33333333333333337,0.0,0.0,0.3333333333333333,2.0,0.0,0.5,0.8772805039304984,0.6657195771355591
2644,train,0,1,0,120.0,-75.98422984911304,0.0,0.0,0.0,0.0,0.0,0.0,0.5,1.0,1.0
2644,train,2,1,0,300.0,2156.7127023346848,0.0,0.0,0.0,0.0,0.0,0.0,0.5,1.0,1.0
2645,validation,0,2,0,-377.14787456111924,1806.8662355124616,0.19047619047619047,259.1041911627777,36.25404832434472,-0.23809523809523808,0.9523809523809523,25.699443062596146,0.5,1.0476329848919979,1.221989851812605
2645,validation,1,2,0,-188.57393728055962,1109.545771417242,0.2857142857142857,230.9518298079293,16.626877803252444,-0.23809523809523808,0.5714285714285714,-81.7998548728857,0.5,1.0476329848919979,1.221989851812605
2646,train,1,0,0,-630.6159080458222,-1238.1286912333524,0.0,0.0,0.0,1.0,0.0,0.0,0.5,1.501466447728148,0.553648279462723
2646,train,2,0,0,-720.7038949095111,-1365.9968184259749,0.0,0.0,0.0,1.0,0.0,0.0,0.5,1.501466447728148,0.553648279462723
2647,train,1,0,0,-119.16228426233043,345.11801056842955,0.0,899.452558538678,0.0,0.0,0.0,0.0,0.5,1.9860380710388406,0.6783258724757572
2647,train,0,2,1,-476.6491370493217,211.00679809400867,0.0,-111.60280212271115,0.0,0.0,1.0,0.0,0.5,1.9860380710388406,0.6783258724757572
2648,train,0,2,0,0.0,-1054.9932513506697,0.0,128.4365073078726,18.307766748487637,0.0,0.0,0.0,0.5,1.0,1.0
2648,train,1,2,0,-240.0,-1755.5316674364976,0.0,-99.11962592915404,222.06650938385235,0.0,0.0,0.0,0.5,1.0,1.0
2649,train,0,2,0,45.98466556166052,-140.25412513869853,2.0,0.0,0.0,0.0,0.0,0.0,0.5,0.766411092694342,0.5083610838154081
2649,train,1,2,0,45.98466556166052,19.81575452625948,1.0,0.0,0.0,0.0,0.0,0.0,0.5,0.766411092694342,0.5083610838154081
2650,test,1,0,1,-81.06735241527569,1697.4187779945978,0.0,0.0,-395.47774578986713,-0.2,-0.9,0.0,0.5,1.3511225402545948,1.836793427776256
2650,test,1,2,1,-972.8082289833083,-3330.6132166518346,-0.5000000000000001,0.0,54.30142585352176,0.0,-1.7999999999999998,0.0,0.5,1.3511225402545948,1.836793427776256
2651,test,1,0,0,166.30815417959653,1570.7537128766123,0.0,0.0,769.0730799390476,0.0,0.0,0.0,0.5,1.385901284829971,0.915737138299013
2651,test,0,2,1,0.0,-99.95240176834997,0.0,0.0,-191.98042243538387,0.0,0.0,0.0,0.5,1.385901284829971,0.915737138299013
2652,train,0,1,0,324.0553212828931,1373.7245893734555,0.0,-85.09174269795301,65.79664110301105,0.5714285714285714,-0.047619047619047616,30.138339177139727,0.5,1.8003073404605172,1.9850924034740116
2652,train,2,1,0,0.0,1545.5261292589191,0.0,50.367019239229705,-54.36588367735852,0.0,-0.047619047619047616,-48.24854603294371,0.5,1.8003073404605172,1.9850924034740116
2653,validation,0,2,0,80.10605901410126,1369.83441706552,0.0,255.6781004413113,0.0,0.0,0.19999999999999996,19.91362455604763,0.5,0.6675504917841771,1.7633523383402925
2653,validation,2,1,1,-160.21211802820253,-2814.806133204989,0.0,-364.9432752501503,0.0,-0.40000000000000013,-0.09999999999999998,41.133774572117375,0.5,0.6675504917841771,1.7633523383402925
2654,train,0,1,0,60.0,-33.25391091750453,0.0,0.0,0.0,0.0,0.0,0.0,0.5,1.0,1.0
2654,train,2,1,0,0.0,460.6121101759727,0.0,0.0,0.0,0.0,0.0,0.0,0.5,1.0,1.0
2655,train,1,0,1,-673.9746486176931,-179.36256676487682,-0.2,3.619356560044295,-65.58619197931912,0.0,0.2666666666666666,-46.67932580665499,0.5,1.2481012011438761,0.8343716308599555
2655,train,2,1,0,0.0,-453.61865793102606,0.2,-33.62772987259896,10.816953848664351,0.0,-0.1333333333333333,-153.04400426128973,0.5,1.2481012011438761,0.8343716308599555
2656,train,0,2,0,171.52631321389808,740.1901499219322,0.8,69.42685284482548,-65.72547441871477,0.13333333333333333,-0.6666666666666667,0.0,0.5,0.5717543773796603,1.7630302272027674
2656,train,2,1,1,171.52631321389808,-2628.5627509224364,-0.8,-204.69887756008495,79.14089016138608,-0.06666666666666667,-1.333333333333333,0.0,0.5,0.5717543773796603,1.7630302272027674
2657,validation,0,1,1,113.63710067885168,-404.16104645364857,-0.2857142857142857,-123.4706899461546,-10.03488739187219,0.0,-0.42857142857142855,4.648445674281103,0.5,1.8939516779808614,1.858480888201335
2657,validation,2,0,0,0.0,744.0452735956651,0.5714285714285714,80.01473640760233,26.590354788170274,0.0,0.14285714285714285,-14.456004255357957,0.5,1.8939516779808614,1.858480888201335
2658,train,0,1,1,357.8393379442113,71.18098604629817,-1.2,-20.262228713556,0.0,0.10000000000000003,-1.6000000000000003,0.0,0.5,0.9939981609561425,0.609462970576817
2658,train,2,0,0,-417.47922760157985,377.4006457934481,0.3,-203.13511813550264,0.0,-0.10000000000000003,1.2,0.0,0.5,0.9939981609561425,0.609462970576817
2659,train,0,1,0,629.6410736865379,0.0,0.10000000000000003,-536.4938458421161,14.07834185672968,0.0,0.0,406.6105780881399,0.5,1.1660019883084034,1.183691716018099
2659,train,2,1,0,69.96011929850421,0.0,0.5,-327.36259881832825,483.8889590461532,0.0,0.0,561.2498485398481,0.5,1.1660019883084034,1.183691716018099
2660,train,0,1,0,120.0,-189.3374845307244,0.0,0.0,0.0,0.0,0.0,0.0,0.5,1.0,1.0
2660,train,2,1,0,180.0,-910.9832150637167,0.0,0.0,0.0,0.0,0.0,0.0,0.5,1.0,1.0
2661,test,0,1,0,-60.0,541.3388728582381,0.20000000000000007,59.6066228796559,0.0,-0.06666666666666667,0.2666666666666667,36.93298706092451,0.5,1.0,1.0
2661,test,1,2,1,-60.0,-1060.2004592857243,0.2,-256.36686882399295,0.0,0.06666666666666667,-0.5333333333333333,0.0,0.5,1.0,1.0
2662,train,0,1,0,160.558740621091,1865.99363330985,0.8999999999999999,0.0,45.106890495036545,0.0,0.3999999999999999,0.0,0.5,0.6689947525878792,1.1831565439708827
2662,train,1,2,1,-40.13968515527275,-796.0480860912605,-0.3,0.0,2.2023656056313916,-0.6000000000000001,0.0,0.0,0.5,0.6689947525878792,1.1831565439708827
2663,validation,0,1,0,180.0,489.7179712593588,0.0,536.5931105356315,0.0,0.0,0.0,0.0,0.5,1.0,1.0
2663,validation,2,1,0,120.0,-293.8770476102918,0.0,63.51264464529845,0.0,0.0,0.6666666666666665,0.0,0.5,1.0,1.0
2664,train,0,2,0,93.01406073327236,772.7837625413292,0.6000000000000001,0.0,26.27994829354119,0.0,0.0,11.79675694850102,0.5,0.7751171727772697,0.965886055095543
2664,train,1,2,0,232.5351518331809,890.085186765639,0.0,0.0,-3.0098464753626644,-0.06666666666666667,0.6666666666666666,57.3921994233699,0.5,0.7751171727772697,0.965886055095543
2665,train,0,2,0,-142.23902902975945,1334.8793418298123,0.0,0.0,0.0,0.0,0.0,75.311076059897,0.5,1.185325241914662,1.229456395810414
2665,train,2,1,1,-213.35854354463916,-1624.4983449248057,0.0,0.0,0.0,0.0,0.0,-574.0245368214489,0.5,1.185325241914662,1.229456395810414
2666,train,2,0,1,42.026478523229216,-515.9283157985694,0.0,-135.8296376046962,0.0,-0.1,-0.6,-126.6649204803408,0.5,0.7004413087204869,0.5336061107578145
2666,train,1,2,0,168.10591409291686,125.4530062104692,0.0,145.09568079611932,0.0,0.0,0.6,66.49267601271191,0.5,0.7004413087204869,0.5336061107578145
2667,validation,1,0,1,-71.35473165318476,-604.407483664121,0.9333333333333333,11.369041224611522,-432.96815785278125,0.3333333333333333,0.0,-134.39017497955322,0.5,0.5946227637765397,1.4724218604640311
2667,validation,1,2,1,-214.06419495955427,2344.62311357521,0.5333333333333333,10.726143918003544,-342.2866591865127,0.3333333333333333,0.0,-47.72479853300813,0.5,0.5946227637765397,1.4724218604640311
2668,train,0,1,0,240.0,1549.0199940507046,0.0,0.0,0.0,0.0,0.0,0.0,0.5,1.0,1.0
2668,train,2,1,0,1140.0,942.5996550854834,0.0,0.0,0.0,0.0,0.0,0.0,0.5,1.0,1.0
2669,train,0,2,0,0.0,12.001203244688387,0.0,0.0,0.0,-0.3333333333333333,0.0,77.94151855080688,0.5,0.8445162868983539,1.827752534757386
2669,train,2,1,1,-50.67097721390123,403.9217394657955,0.0,0.0,0.0,0.6666666666666666,0.0,-142.51192841636643,0.5,0.8445162868983539,1.827752534757386
2670,validation,0,2,0,-89.26734658247342,-569.9367707152967,0.0,0.0,0.0,0.0,0.0,17.746530107191155,0.5,0.7438945548539452,1.2068917192561195
2670,validation,2,1,1,-223.16836645618355,-574.9965712409346,0.0,0.0,0.0,0.0,0.0,-135.45484449249562,0.5,0.7438945548539452,1.2068917192561195
2671,validation,0,1,1,-177.68169917917595,-178.19552735419467,0.0,0.0,0.0,0.0,-0.5,-129.08457910279932,0.5,0.7403404132465664,0.9050778553004576
2671,validation,2,0,0,0.0,-217.5937696432979,0.0,0.0,0.0,1.0,0.6666666666666665,118.88288594283026,0.5,0.7403404132465664,0.9050778553004576
2672,train,0,2,0,40.968444762595226,-1255.712671462186,0.0,223.8318019928251,29.18557116245664,-0.2,0.0,0.0,0.5,0.6828074127099204,0.8806290768733409
2672,train,2,1,1,-122.90533428778568,-461.3486751520403,0.0,-960.189622775209,-48.43503354192613,0.0,0.0,0.0,0.5,0.6828074127099204,0.8806290768733409
2673,train,0,1,0,-30.929779149913973,1242.6038075897436,0.0,0.0,0.0,0.0,6.0,187.94286241785733,0.5,0.5154963191652329,1.6076892523368325
2673,train,1,2,1,-30.929779149913973,-1043.2468088799465,0.0,0.0,0.0,0.0,-2.666666666666667,-8.885010323698333,0.5,0.5154963191652329,1.6076892523368325
2674,train,2,0,1,-420.0,-647.4840882236113,0.0,0.0,0.0,0.0,0.0,0.0,0.5,1.0,1.0
2674,train,1,2,0,660.0,-396.6595692403216,0.0,0.0,0.0,0.0,0.0,0.0,0.5,1.0,1.0
2675,validation,1,0,0,137.32327249582156,1141.91355696108,0.0,0.0,792.2627587461271,0.0,0.0,0.0,0.5,0.7629070694212309,1.3345787664927757
2675,validation,2,0,0,-91.5488483305477,712.7048382513843,0.0,0.0,34.42658693713071,0.0,0.0,0.0,0.5,0.7629070694212309,1.3345787664927757
2676,train,0,2,0,120.0,17.073168965516743,0.0,0.0,0.0,0.0,0.0,0.0,0.5,1.0,1.0
2676,train,2,1,1,-60.0,-577.0291027758149,0.0,0.0,0.0,0.0,0.0,0.0,0.5,1.0,1.0
2677,train,1,0,1,-540.1586693014253,-728.9358031459786,-0.5,0.0,0.0,-1.5,-0.6666666666666665,0.0,0.5,1.0002938320396766,0.6358176410860009
2677,train,2,1,0,600.1762992238059,392.44641917405806,0.16666666666666666,0.0,0.0,0.5,-0.3333333333333335,0.0,0.5,1.0002938320396766,0.6358176410860009
2678,train,0,1,0,-87.69422498881006,233.3129868053882,-1.3333333333333333,208.41547243794054,0.0,0.0,0.0,0.0,0.5,1.4615704164801677,0.6265000962407944
2678,train,1,2,1,-263.0826749664302,-548.7202310063495,0.0,-442.1861442131176,0.0,0.0,0.0,0.0,0.5,1.4615704164801677,0.6265000962407944
2679,train,0,1,1,-230.48812260038022,-152.08619352776637,0.0,0.0,-184.8473206344862,0.0,-3.0,-79.84124447807585,0.5,1.2804895700021124,1.394941628440985
2679,train,2,0,0,230.48812260038022,766.0542077554825,0.0,0.0,45.02121972088412,0.0,0.0,3.2893932738403393,0.5,1.2804895700021124,1.394941628440985
2680,test,0,1,0,120.0,185.07567861545022,0.0,0.0,0.0,0.0,0.0,0.0,0.5,1.0,1.0
2680,test,2,1,0,0.0,152.00169851506098,0.0,0.0,0.0,0.0,0.0,0.0,0.5,1.0,1.0
2681,validation,1,0,0,-119.19251836970453,275.56591613361184,-0.2,-53.378090695486776,212.68999259335357,0.0,-0.6000000000000001,0.0,0.5,1.9865419728284088,0.8039205718531327
2681,validation,0,2,1,-119.19251836970453,-502.1758918389678,0.1,-5.542697475831687,-132.565298567608,0.0,0.6000000000000001,0.0,0.5,1.9865419728284088,0.8039205718531327
2682,train,0,2,0,263.3192329515069,580.3438370821866,0.0,0.0,52.09278959683624,0.2,0.6000000000000001,149.5413578347085,0.5,1.0971634706312787,0.6406331854842484
2682,train,1,2,0,-197.48942471363017,345.16156043807786,0.0,0.0,83.57756326094766,0.2,0.8999999999999999,67.50210422097716,0.5,1.0971634706312787,0.6406331854842484
2683,validation,2,0,1,-120.0,10.68287177296861,0.0,0.0,0.0,0.0,0.0,0.0,0.5,1.0,1.0
2683,validation,1,2,0,0.0,297.8294887696147,0.0,0.0,0.0,0.0,0.0,0.0,0.5,1.0,1.0
2684,train,1,0,1,235.27801672731084,-1268.6341246031855,0.0,0.0,-24.33826592688993,-0.5,0.0,-140.07448293480783,0.5,1.960650139394257,1.754221857845853
2684,train,1,2,1,-117.63900836365542,-2094.1136571995808,0.0,0.0,12.75508658721975,0.0,0.0,-41.431708544710574,0.5,1.960650139394257,1.754221857845853
2685,train,1,0,1,-245.92601155829036,-483.92631339026417,0.0,-81.84249763562909,0.0,0.2,0.0,71.1382194087377,0.5,0.8197533718609679,0.5090589626897888
2685,train,1,2,1,98.37040462331615,84.32166417762909,0.0,-53.124131771626736,0.0,0.2,0.0,27.395955921711334,0.5,0.8197533718609679,0.5090589626897888
2686,validation,0,2,0,0.0,-352.32883981830446,0.0,58.275848619827116,0.0,0.0,0.0,0.0,0.5,1.0,1.0
2686,validation,1,2,0,0.0,1241.124345784011,0.0,1130.0427612759354,0.0,0.0,0.0,0.0,0.5,1.0,1.0
2687,train,1,0,0,299.3736095805307,-1399.660457895055,-0.38095238095238093,388.0872935386919,-43.05938515341225,-0.19047619047619047,0.5714285714285714,53.03710213546054,0.5,0.9979120319351023,0.9964947791113246
2687,train,2,0,0,0.0,-898.0692254579401,-0.5714285714285714,222.36263179780718,-15.192156326185739,0.19047619047619047,-0.5714285714285714,84.96480036515418,0.5,0.9979120319351023,0.9964947791113246
2688,validation,2,0,1,304.53430255732485,83.87267964680638,0.0,-139.39470200329626,-10.747042066504257,0.0,-0.6666666666666665,-87.83724425660414,0.5,1.0151143418577495,0.5324521755780866
2688,validation,1,2,0,-121.81372102292994,338.75200581847594,0.0,2.6033436388657947,20.9384170304739,0.26666666666666666,1.0,0.0,0.5,1.0151143418577495,0.5324521755780866
2689,validation,0,1,0,-34.26457790676997,-200.85361084123883,0.0,0.0,83.59346127905766,0.0,0.0,0.0,0.5,0.5710762984461663,0.9286223372979946
2689,validation,2,1,0,34.26457790676997,193.5640760026708,0.0,0.0,267.5937996152349,0.0,0.0,0.0,0.5,0.5710762984461663,0.9286223372979946
2690,train,0,1,1,240.0,-61.726777549902636,0.0,0.0,0.0,0.0,0.0,0.0,0.5,1.0,1.0
2690,train,0,2,1,300.0,44.174660072144434,0.0,0.0,0.0,0.0,0.0,0.0,0.5,1.0,1.0
2691,train,2,0,1,-60.0,-16.997045105976213,0.0,-1263.9261169623828,-222.8817930906771,0.0,0.0,0.0,0.5,1.0,1.0
2691,train,2,1,1,-180.0,-412.6804140127829,0.0,-1241.6913931621893,-170.31172143091118,0.0,0.0,0.0,0.5,1.0,1.0
2692,train,1,0,0,329.92460961727033,892.1585958265129,-0.06666666666666667,-128.5316597911878,50.566590716221356,-0.2,0.5333333333333332,0.0,0.5,1.832914497873724,0.6374851978601065
2692,train,2,0,0,1649.6230480863517,1119.515819884846,0.0,-46.413686329786685,39.943466386368755,-0.2,0.5333333333333332,0.0,0.5,1.832914497873724,0.6374851978601065
2693,train,0,2,0,240.0,656.0750934746011,0.16666666666666666,394.6121844036136,-27.09222772304122,0.0,0.0,0.0,0.5,1.0,1.0
2693,train,1,2,0,60.0,503.87687790396467,0.16666666666666666,359.6443118935463,233.9528885379543,0.0,0.0,0.0,0.5,1.0,1.0
2694,train,2,0,1,-210.39980204241002,-78.67702490355381,0.4,-32.53052230781918,0.0,-0.1,0.6000000000000001,0.0,0.5,0.876665841843375,0.5101946146975443
2694,train,2,1,1,-52.599950510602504,254.7568515674222,-0.8,110.9887644511706,0.0,-0.1,-0.2999999999999998,0.0,0.5,0.876665841843375,0.5101946146975443
2695,train,0,2,0,0.0,-257.1114745400733,0.0,0.0,0.0,0.0,0.0,0.0,0.5,1.1170790350404989,1.536555590049726
2695,train,1,2,0,268.09896840971976,1409.4853866067842,0.0,0.0,0.0,0.0,0.0,0.0,0.5,1.1170790350404989,1.536555590049726
2696,train,1,0,0,189.00377997885107,218.6710740746388,0.0,-71.84436157381653,297.59261701697733,-0.047619047619047616,0.0,8.924776527015666,0.5,0.6300125999295035,0.8584375497883658
2696,train,0,2,1,-113.40226798731064,-175.6652703358332,0.0,16.514593271390822,-6.096533138107105,0.047619047619047616,0.19047619047619047,-14.169090156807918,0.5,0.6300125999295035,0.8584375497883658
2697,train,2,0,1,906.998079857265,1477.0454250940206,0.33333333333333337,0.0,-1158.447085790318,0.0,0.0,0.0,0.5,1.511663466428775,0.7106327593955214
2697,train,1,2,0,997.6978878429915,-243.1585139733662,-0.6666666666666667,0.0,951.5047975221333,0.0,0.0,0.0,0.5,1.511663466428775,0.7106327593955214
2698,train,1,0,0,-62.93162705091345,-792.5368828503815,0.8,-89.04180300448866,0.0,-0.13333333333333333,-1.0,54.813706439672536,0.5,0.5244302254242788,0.9886786368260637
2698,train,2,0,0,-62.93162705091345,-215.43796312536412,0.5333333333333333,-84.34216055027488,0.0,-0.06666666666666667,-0.3333333333333335,42.7629333586762,0.5,0.5244302254242788,0.9886786368260637
2699,test,2,0,1,-54.86368791275762,-725.9229631377367,0.0,73.66037785910964,-9.998377738263777,0.0,0.0,-172.02454333513643,0.5,0.9143947985459603,0.7410940845910682
2699,test,2,1,1,0.0,-1160.7935887157869,0.0,-4.7688640960392945,-151.8902765613865,0.0,0.0,-3.1326483717821256,0.5,0.9143947985459603,0.7410940845910682
2700,train,0,1,1,-78.86317212646512,-202.18915581022932,-0.8000000000000002,-128.8733387676047,1.4225746445255396,0.2,0.0,0.0,0.5,1.314386202107752,1.3852741985347492
2700,train,2,0,0,157.72634425293023,-769.6045095610864,-0.4,111.80058930298725,-10.24187923489555,0.0,0.0,0.0,0.5,1.314386202107752,1.3852741985347492
2701,train,0,1,1,-233.58912759881315,-1957.342254483722,-0.2666666666666667,163.02760414262062,-200.66641043177623,0.0,-0.06666666666666665,-75.70615695098009,0.5,0.9732880316617214,1.2810871966900044
2701,train,0,2,1,175.19184569910985,-1731.36137911511,-0.4,-21.597976754423485,-294.89470874328674,0.0,-0.6666666666666667,41.159591147512515,0.5,0.9732880316617214,1.2810871966900044
2702,train,0,2,0,82.28091170688799,2628.9488659305475,2.0,0.0,0.0,0.0,0.0,0.0,0.5,0.6856742642240666,1.3382630979438077
2702,train,1,2,0,658.2472936551039,6228.3311367257475,5.0,0.0,0.0,0.0,0.0,0.0,0.5,0.6856742642240666,1.3382630979438077
2703,train,0,1,1,156.493357184339,2167.078818927289,0.0,128.4083673649397,-138.0307752716701,0.2,-1.7999999999999998,0.0,0.5,0.8694075399129945,1.7502273635736667
2703,train,0,2,1,52.164452394779666,-1216.5420509124742,0.0,-339.5101986304322,-691.6738611823953,-0.2,0.6000000000000001,0.0,0.5,0.8694075399129945,1.7502273635736667
2704,train,0,1,0,-84.03180509433949,-327.2164707460528,0.3,0.0,-153.49230209166217,1.2000000000000002,-0.40000000000000013,0.0,0.5,1.4005300849056581,1.0408597977338758
2704,train,2,1,0,336.12722037735796,-607.4193840411807,0.8999999999999999,0.0,-133.16025167420602,1.2000000000000002,-0.7000000000000002,0.0,0.5,1.4005300849056581,1.0408597977338758
2705,train,0,1,0,328.1721196110219,6267.462639364544,0.14285714285714285,705.1173365953182,-68.58999368918155,0.14285714285714285,-0.19047619047619035,-16.07761544403425,0.5,0.9115892211417276,1.8710191726727095
2705,train,2,1,0,546.9535326850365,2603.984585544923,0.7142857142857142,152.36716510452555,-112.18827500991661,0.047619047619047616,0.4761904761904763,10.541187017714066,0.5,0.9115892211417276,1.8710191726727095
2706,train,0,1,1,-360.0,-1479.7710062659548,0.0,-277.31214055148723,-84.96740008713839,-0.3,0.0,15.011526496097638,0.5,1.0,1.0
2706,train,0,2,1,-840.0,-1183.2799159165656,0.0,-533.5418911805394,27.08520738133302,0.0,0.0,15.011526496097638,0.5,1.0,1.0
2707,train,0,2,0,-181.04593267876265,-345.3810495297863,-0.6,0.0,123.36009870805091,0.0,-0.19999999999999996,11.133298877132791,0.5,1.5087161056563554,1.2967373288707407
2707,train,2,1,1,-90.52296633938133,-97.41979833400723,0.3,0.0,31.40887395292731,0.0,0.6000000000000001,-29.510234125743285,0.5,1.5087161056563554,1.2967373288707407
2708,train,2,0,1,295.16140974327425,-866.6100895837167,0.0,0.0,0.0,0.0,0.0,-106.85396951076623,0.5,1.2298392072636426,1.3720496012481704
2708,train,1,2,0,-368.9517621790928,283.4555459628804,0.0,0.0,0.0,-0.3333333333333333,0.0,108.2988122190853,0.5,1.2298392072636426,1.3720496012481704
2709,train,0,2,0,365.9087760452278,913.3064799564035,0.0,0.0,-399.83851348173084,-0.4,0.8999999999999999,1.1195771403653296,0.5,1.0164132667922994,0.9378533134367544
2709,train,1,2,0,121.96959201507593,864.0419483203435,0.0,0.0,-212.36787155387321,-0.4,2.1,9.17504784024377,0.5,1.0164132667922994,0.9378533134367544
2710,train,0,1,1,206.94248321959435,-732.681592824673,-0.13333333333333333,69.500338769314,-68.79535284506224,0.0,-0.26666666666666666,0.0,0.5,0.6898082773986478,1.0216988729039491
2710,train,2,0,0,-165.55398657567548,799.9350500910742,-0.13333333333333333,72.27482198495011,4.45281170540035,0.6666666666666666,0.06666666666666667,0.0,0.5,0.6898082773986478,1.0216988729039491
2711,train,1,0,1,0.0,979.9449627733588,0.0,0.0,0.0,0.0,0.0,0.0,0.5,1.5179272179088499,0.6407631462057514
2711,train,2,1,0,0.0,-301.130836322952,0.6666666666666666,0.0,0.0,0.0,0.0,198.5558572188154,0.5,1.5179272179088499,0.6407631462057514
2712,train,0,1,0,60.0,-338.50331608205715,0.0,69.03171073132472,0.0,0.0,0.40000000000000013,-36.056745745001216,0.5,1.0,1.0
2712,train,1,2,1,-240.0,-957.1347608384135,-0.8999999999999999,-509.3673950652517,0.0,0.0,-1.6000000000000003,-19.667766797863848,0.5,1.0,1.0
2713,test,0,1,0,69.84175561227146,310.1955144294317,0.39999999999999997,0.0,39.170999512520744,-0.06666666666666667,-0.3999999999999999,0.0,0.5,1.1640292602045244,1.466408385397905
2713,test,2,1,0,558.7340448981716,451.7381755441561,-0.26666666666666666,0.0,180.88282630271576,0.0,-0.8,95.92148587694695,0.5,1.1640292602045244,1.466408385397905
2714,train,1,0,0,-60.0,-284.67545740553624,0.0,0.0,0.0,0.0,0.0,0.0,0.5,1.0,1.0
2714,train,0,2,1,-60.0,447.2140333056609,0.0,0.0,0.0,0.0,0.0,0.0,0.5,1.0,1.0
2715,train,0,1,1,180.0,414.1653537074053,0.0,0.0,0.0,0.0,0.0,0.0,0.5,1.0,1.0
2715,train,0,2,1,120.0,703.7362252609933,0.0,0.0,0.0,0.0,0.0,0.0,0.5,1.0,1.0
2716,validation,0,2,0,-73.48172401617329,270.8986586046939,0.0,-23.457746395716782,0.0,1.2000000000000002,-0.5999999999999999,0.0,0.5,1.2246954002695547,0.9852176909842763
2716,validation,2,1,1,-367.4086200808664,-827.7744632281359,0.0,7.825052335708307,0.0,0.0,-0.6000000000000001,-122.24728886057267,0.5,1.2246954002695547,0.9852176909842763
2717,train,0,1,1,-97.08743271484494,125.88498280025703,0.0,62.14629027978674,78.02166282469703,0.0,-0.9999999999999999,18.272171519088094,0.5,1.618123878580749,0.8754950201453632
2717,train,0,2,1,-970.8743271484494,-99.2288077031503,-0.2,-2.642277506561612,-13.966523422382721,0.0,-0.9999999999999999,24.589996722883658,0.5,1.618123878580749,0.8754950201453632
2718,test,0,1,1,-388.3209155490535,-3853.8184011132225,0.26666666666666666,0.0,-122.478354393362,-0.5333333333333333,-0.19999999999999996,-100.86361522754959,0.5,0.6472015259150892,1.7914977978363744
2718,test,0,2,1,-232.9925493294321,-607.082136571741,0.0,0.0,483.8875231327273,0.0,-0.19999999999999996,-80.18633162576992,0.5,0.6472015259150892,1.7914977978363744
2719,train,0,1,1,-240.0,-877.4874856136698,0.0,-130.5206967248339,0.0,0.0,0.0,0.0,0.5,1.0,1.0
2719,train,0,2,1,-120.0,-1036.9600953315844,0.0,-592.3095213505194,0.0,0.0,0.0,0.0,0.5,1.0,1.0
2720,test,0,1,0,-157.95306736349198,409.02317983138477,0.0,0.0,52.99211003988131,0.16666666666666666,2.3333333333333335,0.0,0.5,1.3162755613624333,0.7262008029643091
2720,test,2,1,0,236.929601045238,-325.077477109782,0.0,0.0,168.7502627101211,0.0,2.0,0.0,0.5,1.3162755613624333,0.7262008029643091
2721,train,0,1,0,480.0,3503.748250503214,0.0,0.0,0.0,0.0,0.0,0.0,0.5,1.0,1.0
2721,train,1,2,1,-780.0,-3555.7727272837064,0.0,0.0,0.0,0.0,0.0,0.0,0.5,1.0,1.0
2722,train,0,1,0,-60.0,1909.9699942313437,0.0,4057.3405504077527,157.8101282635597,0.0,0.0,0.0,0.5,1.0,1.0
2722,train,2,1,0,120.0,1414.8765659374276,0.0,1336.3705413322898,391.53433821601607,0.0,0.0,0.0,0.5,1.0,1.0
2723,train,0,1,1,342.89447123354324,230.80702271170455,0.0,0.0,0.0,0.0,-3.0,0.0,0.5,1.1429815707784774,0.9036354281563171
2723,train,2,0,0,-137.15778849341729,-282.3473445922315,0.0,0.0,0.0,0.0,3.0,0.0,0.5,1.1429815707784774,0.9036354281563171
2724,test,0,1,0,159.509187475713,492.18697280117897,0.06666666666666667,149.11967092219962,0.0,-0.3333333333333333,-0.4,-4.150445574210957,0.5,1.3292432289642748,1.7354916908837361
2724,test,2,1,0,79.7545937378565,-405.41371748384245,0.0,-33.86047796888579,0.0,-0.6666666666666666,-0.13333333333333341,36.468764398671524,0.5,1.3292432289642748,1.7354916908837361
2725,train,1,0,1,0.0,-236.6488615546452,0.0,0.0,-1292.4257606135272,0.0,0.0,0.0,0.5,0.909740166966299,0.6475850340748915
2725,train,1,2,1,-109.16882003595587,-600.2115111057615,0.0,0.0,-781.9742468248161,0.0,0.0,0.0,0.5,0.909740166966299,0.6475850340748915
2726,train,0,2,0,-44.512501631056566,-2200.794904605302,0.3333333333333333,0.0,-268.99525089998724,0.16666666666666666,0.0,0.0,0.5,0.7418750271842761,1.2714463385090093
2726,train,1,2,0,133.5375048931697,-1323.826175535374,1.0,0.0,-287.06018474113966,0.3333333333333333,0.0,0.0,0.5,0.7418750271842761,1.2714463385090093
2727,train,0,2,0,-105.92106543933713,441.006869089153,0.0,0.0,0.0,0.0,0.0,148.31040870205408,0.5,0.8826755453278093,1.4201110595493385
2727,train,1,2,0,211.84213087867425,1230.4212506258402,0.0,0.0,0.0,0.0,0.0,147.28529951133623,0.5,0.8826755453278093,1.4201110595493385
2728,test,1,0,0,0.0,-145.86537242372512,0.0,0.0,0.0,0.0,4.0,0.0,0.5,1.7251772420155083,1.2608277916545854
2728,test,2,0,0,-207.021269041861,529.4023339859319,0.0,0.0,0.0,0.0,2.0,0.0,0.5,1.7251772420155083,1.2608277916545854
2729,validation,1,0,0,153.54624763784145,-1210.337720898277,-0.047619047619047616,-67.51489522736922,-45.499816603795466,0.5714285714285714,1.1428571428571428,23.216803274779423,0.5,1.2795520636486788,1.6212038396718798
2729,validation,2,0,0,0.0,-591.7476490253999,0.0,101.39256243423884,8.800596922496553,0.5714285714285714,1.4285714285714284,6.587662753701061,0.5,1.2795520636486788,1.6212038396718798
2730,train,0,1,1,-214.53680898548615,-826.9148449570635,0.0,0.0,-519.8896755833244,0.0,0.0,0.0,0.5,0.5959355805152393,0.9103467056891104
2730,train,2,0,0,107.26840449274307,204.14412831345751,0.0,0.0,616.2223297597112,0.0,0.0,0.0,0.5,0.5959355805152393,0.9103467056891104
2731,test,2,0,1,-715.573902584531,-326.69550752653925,-0.06666666666666667,0.0,-100.78806251934385,0.26666666666666666,-0.6000000000000001,-68.39123146906562,0.5,1.703747387106026,0.7382804240942843
2731,test,1,2,0,0.0,-367.594106980078,0.06666666666666667,0.0,36.535563961035955,0.26666666666666666,-0.6,84.55030210676075,0.5,1.703747387106026,0.7382804240942843
2732,train,0,1,0,0.0,491.60601188661303,0.0,0.0,0.0,0.0,0.0,0.0,0.5,1.0,1.0
2732,train,2,1,0,60.0,300.56182992093954,0.0,0.0,0.0,0.0,0.0,0.0,0.5,1.0,1.0
2733,validation,1,0,1,-38.6222580729006,236.2390278917704,0.47619047619047616,18.607504565627707,205.24205898886066,-0.5714285714285714,0.2857142857142857,-51.011029612331,0.5,0.64370430121501,1.653141408050738
2733,validation,1,2,1,-231.73354843740358,-2104.0553603724443,0.23809523809523808,43.9691739359765,105.6934345833601,-1.4285714285714284,-0.47619047619047605,-65.15408030080545,0.5,0.64370430121501,1.653141408050738
2734,train,2,0,1,-443.8840280265294,-495.8042575217124,0.0,0.0,0.0,0.0,0.0,0.0,0.5,1.8495167834438724,0.6297684630052236
2734,train,1,2,0,110.97100700663235,382.2119843188587,1.0,0.0,0.0,0.0,0.0,0.0,0.5,1.8495167834438724,0.6297684630052236
2735,train,1,0,0,-167.46249784916048,-693.8894625065637,0.0,22.385392496274733,348.53606660161006,0.047619047619047616,0.9523809523809523,57.722605651628236,0.5,0.9303472102731137,0.5860284947931252
2735,train,0,2,1,-948.954154478576,-495.54456772286585,-0.857142857142857,-109.2695653797069,-188.01573560128486,-0.047619047619047616,0.0,0.0,0.5,0.9303472102731137,0.5860284947931252
2736,test,0,1,1,324.002697437511,113.76056788079775,0.0,0.0,0.0,0.0,0.0,-354.8939630313184,0.5,1.0800089914583701,0.679662581462165
2736,test,0,2,1,324.002697437511,705.3064407902268,0.0,0.0,0.0,0.0,0.0,-332.0286966858206,0.5,1.0800089914583701,0.679662581462165
2737,validation,0,1,0,65.53000813748297,1378.4053333984375,0.0,0.0,0.0,-0.6666666666666666,0.5,32.73157946381806,0.5,0.5460834011456914,1.1223762634534062
2737,validation,2,1,0,98.29501220622446,1008.1295315999371,0.0,0.0,0.0,0.0,-0.5,-0.6124595128289556,0.5,0.5460834011456914,1.1223762634534062
2738,train,0,1,1,102.54167304996537,888.4811186981983,0.0,0.0,0.0,-2.0,0.0,0.0,0.5,0.5696759613886965,0.6222758604533358
2738,train,0,2,1,68.36111536664357,-11.146370536846316,0.0,0.0,0.0,-3.0,0.0,0.0,0.5,0.5696759613886965,0.6222758604533358
2739,train,2,0,1,30.312609787798895,-104.4652242845295,0.0,0.0,0.0,-1.0,0.0,0.0,0.5,0.5052101631299816,0.8788844925015037
2739,train,1,2,0,30.312609787798895,162.4179861157766,0.0,0.0,0.0,0.0,0.0,0.0,0.5,0.5052101631299816,0.8788844925015037
2740,validation,0,1,1,240.0,165.7895672852992,0.0,-34.89340448803398,-539.0754057303568,0.20000000000000007,0.0,39.579011795165826,0.5,1.0,1.0
2740,validation,0,2,1,360.0,1516.4491706826793,-0.13333333333333336,-550.9067156793212,33.116301878388015,0.4000000000000001,0.0,33.07316930731784,0.5,1.0,1.0
2741,train,0,1,1,-47.07115668826023,-1009.233744954157,0.0,-19.345167732777142,17.570500124587163,0.0,-0.7142857142857142,-10.058071800369277,0.5,0.7845192781376705,1.0919932234954828
2741,train,2,0,0,94.14231337652046,-219.2018074101683,-0.19047619047619047,-50.96786041221338,-29.454475246417076,0.14285714285714285,1.4285714285714286,76.29097925666343,0.5,0.7845192781376705,1.0919932234954828
2742,train,0,2,0,-81.4212694764625,-676.2081639550042,0.0,-151.59639239719877,270.6184702532592,0.19047619047619047,0.2857142857142858,-22.110957304598642,0.5,1.3570211579410416,1.2136270160127178
2742,train,2,1,1,-488.527616858775,226.24746472898602,0.2857142857142857,143.82048112087486,-105.7015924292325,-0.38095238095238093,-0.2857142857142858,-15.530225458065637,0.5,1.3570211579410416,1.2136270160127178
2743,validation,0,1,0,144.94850687334696,680.9068441672993,0.0,0.0,0.0,0.0,0.0,0.0,0.5,0.6039521119722789,1.1974239313186796
2743,validation,2,1,0,36.23712671833674,919.6327529854318,1.0,0.0,0.0,0.0,0.0,0.0,0.5,0.6039521119722789,1.1974239313186796
2744,train,0,2,0,120.0,-481.7508060642872,0.0,509.96581862565205,0.0,0.16666666666666666,0.0,-60.16965183162312,0.5,1.0,1.0
2744,train,1,2,0,240.0,-18.40450862723992,0.0,843.30572222982,0.0,0.0,0.0,8.98166577124016,0.5,1.0,1.0
2745,train,1,0,1,-161.69547910561073,-763.3281998200079,0.0,0.0,-727.8037826816195,0.0,0.0,-189.58064653544466,0.5,0.6737311629400448,1.646906482042583
2745,train,1,2,1,-80.84773955280536,604.049492732003,0.0,0.0,-414.54928138525855,0.0,0.0,-185.6304349255596,0.5,0.6737311629400448,1.646906482042583
2746,train,1,0,1,-127.85728185953771,-380.11246722434214,-0.3333333333333333,0.0,0.0,0.0,0.0,0.0,0.5,1.0654773488294809,0.7845352389460261
2746,train,2,1,0,319.64320464884423,1015.061069805558,0.3333333333333333,0.0,0.0,0.6666666666666666,0.0,0.0,0.5,1.0654773488294809,0.7845352389460261
2747,train,2,0,1,-300.0,-773.7958140275059,0.0,-716.3263064535106,0.0,0.0,0.0,0.0,0.5,1.0,1.0
2747,train,1,2,0,120.0,1021.116579749998,0.0,613.6962668276822,0.0,0.0,-0.6666666666666665,0.0,0.5,1.0,1.0
2748,train,1,0,0,-337.4684217965291,-1219.4516154119488,0.0,193.04806569692497,-235.12682413954514,0.8,-0.8999999999999999,0.0,0.5,1.4061184241522047,1.2284628930990018
2748,train,2,0,0,506.2026326947937,-658.396206985862,0.0,93.28098373125803,-194.8406959607305,0.0,0.5999999999999999,0.0,0.5,1.4061184241522047,1.2284628930990018
2749,train,1,0,1,60.0,-426.7533795426966,-0.4,-96.19078884214298,0.0,0.0,0.29999999999999993,0.0,0.5,1.0,1.0
2749,train,2,1,0,300.0,886.8670178744619,0.0,-269.78169155152386,0.0,0.1,0.0,0.0,0.5,1.0,1.0
2750,train,0,2,0,-120.0,-777.613063522635,0.0,0.0,0.0,0.0,0.0,0.0,0.5,1.0,1.0
2750,train,1,2,0,60.0,-951.4976041703317,0.0,0.0,0.0,0.0,0.0,0.0,0.5,1.0,1.0
2751,validation,1,0,1,46.701011171344774,-2000.0425226331056,-0.06666666666666667,37.81941962404453,29.244457946088687,-0.6666666666666666,0.0,5.255266924322128,0.5,0.7783501861890796,1.6258618751346583
2751,validation,2,1,0,-93.40202234268955,-605.1002577235586,-0.06666666666666667,-116.8689459260081,9.0396412738192,1.3333333333333333,0.0,-5.255266924322128,0.5,0.7783501861890796,1.6258618751346583
2752,validation,1,0,1,180.0,609.4340643612709,0.0,0.0,0.0,0.0,0.0,0.0,0.5,1.0,1.0
2752,validation,1,2,1,-60.0,-522.3035674160355,0.0,0.0,0.0,0.0,0.0,0.0,0.5,1.0,1.0
2753,train,1,0,1,-427.58459490787743,546.4370338993207,0.0,131.73430307389606,0.0,0.0,0.8,73.45856530079561,0.5,1.4252819830262582,1.4007358386261275
2753,train,2,1,0,-171.03383796315097,-505.62375090569736,0.06666666666666667,21.604301230180283,0.0,0.3333333333333333,0.2666666666666666,-76.61468220510625,0.5,1.4252819830262582,1.4007358386261275
2754,validation,0,1,0,96.02226405083319,1549.9993700910434,0.0,0.0,0.0,0.0,3.333333333333333,173.97106092596988,0.5,0.8001855337569432,1.74646945894864
2754,validation,2,1,0,96.02226405083319,3545.2948026144854,0.0,0.0,0.0,0.0,7.999999999999999,59.449071359227275,0.5,0.8001855337569432,1.74646945894864
2755,train,2,0,1,47.64392317499986,290.5792929878634,0.0,187.77315753817498,0.0,0.0,-0.8999999999999999,-15.345706621555834,0.5,0.7940653862499977,0.5382463291859724
2755,train,2,1,1,-142.9317695249996,-433.7399256153323,0.0,47.93922282672975,0.0,0.0,-0.3,94.39980099670052,0.5,0.7940653862499977,0.5382463291859724
2756,train,0,1,0,353.83672436420335,1606.6991176229324,0.0,6.553348375653741,0.0,0.0,0.0,72.77833389923082,0.5,1.4743196848508473,1.4111463728440825
2756,train,2,1,0,-88.45918109105084,-478.7288265892672,0.0,-176.90891504046667,0.0,0.5,0.0,23.772738631245183,0.5,1.4743196848508473,1.4111463728440825
2757,train,2,0,1,-60.0,-279.6861048117885,0.0,0.0,0.0,0.0,0.0,0.0,0.5,1.0,1.0
2757,train,1,2,0,120.0,565.2565638300125,0.0,0.0,0.0,0.0,0.0,0.0,0.5,1.0,1.0
2758,train,1,0,1,-240.0,-1198.039039483504,0.0,0.0,0.0,0.0,0.0,0.0,0.5,1.0,1.0
2758,train,2,1,0,180.0,-146.45565590547358,0.0,0.0,0.0,0.0,0.0,0.0,0.5,1.0,1.0
2759,test,0,1,1,-43.34413060064545,244.8277009398468,0.0,0.0,0.0,-0.6666666666666666,1.0,0.0,0.5,0.7224021766774241,1.269989462327861
2759,test,2,0,0,86.6882612012909,-660.3946595899331,0.0,0.0,0.0,0.6666666666666666,-0.6666666666666666,0.0,0.5,0.7224021766774241,1.269989462327861
2760,train,1,0,0,0.0,-934.118894803602,0.0,0.0,0.0,0.0,0.0,0.0,0.5,1.0,1.0
2760,train,2,0,0,-120.0,-844.60342672967,0.0,0.0,0.0,0.0,0.0,0.0,0.5,1.0,1.0
2761,train,0,1,0,194.53514634484114,-156.80884928509508,0.0,0.0,239.5275233712087,0.0,0.0,71.12744236794751,0.5,1.6211262195403429,1.172123083915985
2761,train,1,2,1,97.26757317242057,-60.58154121727159,0.0,0.0,308.6499167826563,0.0,0.0,-124.52879628696927,0.5,1.6211262195403429,1.172123083915985
2762,test,0,1,0,100.63670985750338,-9.578405193086171,0.047619047619047616,-58.94551352330075,38.14543623175116,0.2857142857142857,-0.09523809523809523,-58.86641978919563,0.5,0.5590928325416854,1.2566905870672669
2762,test,2,1,0,134.1822798100045,1753.1072037285908,0.14285714285714285,-85.33645317699563,139.79014039741242,0.2857142857142857,0.7619047619047619,-0.15374587039944032,0.5,0.5590928325416854,1.2566905870672669
2763,test,0,1,1,-139.0510270161611,2.339851525619393,0.0,-198.9959419744354,0.0,0.13333333333333333,0.8,-33.98125044856494,0.5,0.5793792792340046,0.7446712489025931
2763,test,2,0,0,-34.762756754040275,-160.0855578390588,-0.3333333333333333,272.3011672280828,0.0,0.0,-0.8,25.655690185643266,0.5,0.5793792792340046,0.7446712489025931
2764,train,0,2,0,216.16201412818162,513.1749110566616,0.13333333333333333,-126.08016554800173,464.32184794478167,0.0,-0.6666666666666666,0.0,0.5,1.801350117734847,0.7293095686043749
2764,train,2,1,1,-864.6480565127265,-331.3848344336475,0.0,275.87503331682,-410.3749660110944,0.0,0.0,0.0,0.5,1.801350117734847,0.7293095686043749
2765,train,0,1,0,131.07015109258907,346.234654907367,0.26666666666666666,-266.3994086336277,0.0,0.6666666666666666,-0.1333333333333333,89.54742855417265,0.5,1.092251259104909,1.6565935558676201
2765,train,1,2,1,-131.07015109258907,-1795.3538507132794,-0.26666666666666666,-58.60178364490588,0.0,-0.6666666666666666,-0.13333333333333336,-19.648223775840986,0.5,1.092251259104909,1.6565935558676201
2766,train,0,1,1,-371.63517561359856,-139.4044610106604,-1.0,0.0,0.0,0.0,0.0,0.0,0.5,1.5484798983899941,1.0361457786948094
2766,train,2,0,0,92.90879390339964,-601.7526341193208,1.0,0.0,0.0,0.0,0.0,0.0,0.5,1.5484798983899941,1.0361457786948094
2767,test,2,0,1,-140.64286686793267,-1650.8328024384882,-0.4,-184.76096733429188,18.82992816818097,0.0,-0.6,0.0,0.5,0.7813492603774037,1.1799792341704096
2767,test,1,2,0,140.64286686793267,2580.042414966472,0.4,-117.19964157607251,318.35519632976417,0.0,0.30000000000000004,0.0,0.5,0.7813492603774037,1.1799792341704096
2768,train,2,0,1,-165.36801698918083,-184.18160699276842,0.0,-182.1212823996887,0.0,0.0,0.0,-177.19313657659237,0.5,0.5512267232972694,0.6431149501650385
2768,train,1,2,0,99.2208101935085,139.6715757037124,0.0,567.6043465316349,0.0,0.0,0.0,0.0,0.5,0.5512267232972694,0.6431149501650385
2769,train,1,0,0,0.0,-200.42888602792087,0.0,0.0,0.0,0.0,0.0,162.7770576375061,0.5,1.3919214780929512,0.6230488836242875
2769,train,0,2,1,-167.03057737115415,311.64646422698695,-0.3333333333333333,0.0,0.0,0.0,0.0,-70.31185704310117,0.5,1.3919214780929512,0.6230488836242875
2770,train,1,0,0,-203.08592987025256,847.9252052611503,0.0,282.82032098493,-64.67909231227569,0.3,0.0,0.0,0.5,1.6923827489187713,0.8473267494333234
2770,train,2,0,0,0.0,271.56172342766484,0.0,166.36821559794186,11.542135051880479,0.3,-1.2000000000000002,0.0,0.5,1.6923827489187713,0.8473267494333234
2771,train,2,0,1,-108.0569474040475,-429.29112474301405,-0.4000000000000001,0.0,100.3548360156359,-0.3,0.0,-37.7477050202075,0.5,0.9004745617003959,0.971118663700274
2771,train,2,1,1,0.0,-370.0892702272581,-0.6000000000000001,0.0,203.22873850390565,0.0,0.0,-32.94695172940012,0.5,0.9004745617003959,0.971118663700274
2772,train,2,0,1,-116.69362533712062,-150.97768176045912,0.0,0.0,0.0,-0.16666666666666666,-1.0,115.21791503072241,0.5,0.9724468778093385,1.4635365345035891
2772,train,2,1,1,-175.04043800568093,-253.5259781167911,0.0,0.0,0.0,0.0,-0.6666666666666667,2.281697661494661,0.5,0.9724468778093385,1.4635365345035891
2773,train,0,2,0,193.00074357626195,1639.068967638041,-0.09523809523809523,80.73315680710107,208.55241203491425,0.0,0.9523809523809526,0.0,0.5,1.0722263532014553,0.6720201487033819
2773,train,1,2,0,-128.66716238417465,217.026408923485,-0.09523809523809523,19.892519716776178,121.12999090926847,-0.047619047619047616,0.0,0.0,0.5,1.0722263532014553,0.6720201487033819
2774,train,2,0,1,585.583938387046,419.20507068190324,0.6666666666666666,0.0,0.0,0.0,0.0,-287.15394522251984,0.5,1.9519464612901536,0.5451717921937078
2774,train,1,2,0,-117.11678767740922,163.64515436236672,-1.0,0.0,0.0,0.0,0.0,380.67759332738734,0.5,1.9519464612901536,0.5451717921937078
2775,train,2,0,1,0.0,-1492.6960423535425,0.0,-38.807407998832076,-136.96970006171375,0.0,0.0,-24.229869611918918,0.5,1.821146885725672,1.820138286400026
2775,train,1,2,0,0.0,465.07036761589507,0.0,-29.253481869914914,80.35059225109381,0.0,0.0,6.933521866909079,0.5,1.821146885725672,1.820138286400026
2776,train,0,2,0,-473.4000178837475,-304.82788333426566,0.0,-71.26112422071407,34.94384247764512,0.8,1.5,0.0,0.5,1.9725000745156147,1.6402073538628394
2776,train,2,1,1,473.4000178837475,948.5151771814182,0.0,176.24551849960307,17.410402472808133,-0.4,-0.6,0.0,0.5,1.9725000745156147,1.6402073538628394
2777,test,0,1,0,-120.0,1197.5440155786728,0.0,539.8692408791551,0.0,0.0,0.0,0.0,0.5,1.0,1.0
2777,test,1,2,1,720.0,79.27285897527236,0.0,-971.3175102589182,0.0,0.0,0.0,0.0,0.5,1.0,1.0
2778,train,0,2,0,38.74644186838718,179.68093427559234,0.20000000000000007,41.27533338774555,43.59735645441328,0.3333333333333333,0.0,31.52626779375633,0.5,0.6457740311397864,1.3567608451496427
2778,train,1,2,0,193.7322093419359,2688.1279692410603,0.0,458.5379023551316,2.1470006028767608,0.6666666666666666,0.0,-6.504812395619545,0.5,0.6457740311397864,1.3567608451496427
2779,validation,1,0,1,204.75689318538707,7.6063596766920325,-0.3,-162.2518964405005,-139.9705740623742,0.0,-1.2000000000000002,0.0,0.5,0.8531537216057795,0.5300454890912308
2779,validation,2,1,0,-51.18922329634677,-201.79174272458678,-0.3,22.131962341465083,-22.69402935727697,0.0,0.7999999999999998,0.0,0.5,0.8531537216057795,0.5300454890912308
2780,train,1,0,1,192.04371123458742,386.8817905059797,0.0,0.0,0.0,-0.16666666666666666,0.3333333333333335,-182.63982848338824,0.5,0.6401457041152914,0.9160365243365612
2780,train,2,1,0,192.04371123458742,194.62707913084097,0.0,0.0,0.0,0.0,0.0,215.47541550654805,0.5,0.6401457041152914,0.9160365243365612
2781,test,0,1,0,539.1674900425846,-2237.06015035461,1.0,0.0,0.0,0.0,0.0,60.31598743230728,0.5,0.8986124834043078,0.7970066223085881
2781,test,1,2,1,323.5004940255508,1608.5335290889543,-1.3333333333333333,0.0,0.0,0.0,0.0,-487.9255707962236,0.5,0.8986124834043078,0.7970066223085881
2782,validation,1,0,0,0.0,1318.8993920766811,-0.4,276.86811529084684,0.0,0.0,0.0,68.68634841301538,0.5,1.8948210571514112,1.1971628002205201
2782,validation,2,0,0,1477.9604245781009,3029.8461687047425,-0.4,211.7311195351915,0.0,0.2,0.0,128.3035796498897,0.5,1.8948210571514112,1.1971628002205201
2783,validation,1,0,0,177.58345984941244,1557.0531420999753,0.19047619047619047,-43.09478910352426,54.59605071460445,0.0,0.2857142857142857,19.299244555917767,0.5,0.9865747769411802,1.9473244583119163
2783,validation,2,0,0,59.19448661647081,329.8130537520482,0.38095238095238093,-28.568719318847002,39.015559114650436,0.0,0.8571428571428571,13.673385708285338,0.5,0.9865747769411802,1.9473244583119163
2784,test,1,0,0,300.0,-84.75480531792664,0.6666666666666666,711.6671401045095,0.0,0.0,0.0,0.0,0.5,1.0,1.0
2784,test,0,2,1,-240.0,-251.69115040001043,0.0,-198.82395277853095,0.0,0.0,0.0,0.0,0.5,1.0,1.0
2785,test,2,0,1,51.66775464258026,20.312905717264634,0.2857142857142857,19.560632676126442,67.86193156018777,-0.2857142857142857,0.23809523809523808,-2.152273888968657,0.5,0.8611292440430044,0.8664178887682005
2785,test,1,2,0,0.0,333.97000059410067,0.0,-6.260158502511139,24.852316316602398,0.14285714285714285,0.0,16.064749330696685,0.5,0.8611292440430044,0.8664178887682005
2786,train,0,1,0,345.1804374167832,1231.5480570594207,0.14285714285714285,214.95088884502584,-129.54726301435704,0.0,0.2857142857142858,48.22590293022561,0.5,0.6392230322533022,1.5944377231194902
2786,train,1,2,1,-38.353381935198136,-1471.1124460444696,-0.19047619047619047,37.86416175730179,245.54725157099512,-0.2857142857142857,0.28571428571428564,-5.431083032734456,0.5,0.6392230322533022,1.5944377231194902
2787,train,0,1,1,209.0224008156929,-252.89213472989684,-0.2857142857142857,-33.57127042799671,-70.14716329082579,-0.14285714285714285,-0.19047619047619047,-2.6456291580096014,0.5,0.6967413360523096,0.8792324785604381
2787,train,0,2,1,167.2179206525543,-412.7287670312118,0.5714285714285714,6.419889565885185,-142.53515611537472,0.0,0.19047619047619047,21.904119271103408,0.5,0.6967413360523096,0.8792324785604381
2788,train,1,0,0,230.29779572714097,2328.1980369671933,0.0,0.0,72.04876434709354,0.06666666666666667,0.2,-25.791955954818505,0.5,0.7676593190904699,1.8690384334255203
2788,train,0,2,1,92.11911829085639,-317.91521399678254,0.0,0.0,-23.435503224546807,0.0,-1.0000000000000002,-55.811514228788894,0.5,0.7676593190904699,1.8690384334255203
2789,test,0,1,0,-68.348285764832,173.6231637269695,-0.3333333333333333,0.0,0.0,0.3333333333333333,2.5,0.0,0.5,0.5695690480402666,0.7387349740608806
2789,test,2,1,0,0.0,2.0386437016340064,-0.16666666666666666,0.0,0.0,0.0,4.0,0.0,0.5,0.5695690480402666,0.7387349740608806
2790,train,0,2,0,300.0,401.7698591114713,0.5333333333333333,-78.77634555351716,0.0,0.13333333333333333,-0.2,6.651281285928455,0.5,1.0,1.0
2790,train,2,1,1,-960.0,-1969.034174395014,-0.5333333333333333,-577.5232040897778,0.0,-0.26666666666666666,0.0,-99.5150881291744,0.5,1.0,1.0
2791,validation,0,1,1,491.43242342982325,393.2204607855673,0.3333333333333333,0.0,0.0,-0.3333333333333333,0.0,0.6871263778509729,0.5,0.9100600433885616,0.6661704610027351
2791,validation,2,0,0,-546.036026033137,-232.38521449660018,0.3333333333333333,0.0,0.0,0.0,0.0,-135.4558165843255,0.5,0.9100600433885616,0.6661704610027351
2792,test,1,0,0,-146.05668107300994,263.8683965915178,0.0,145.09242938573433,-22.447030156632877,0.5,0.0,0.0,0.5,1.2171390089417495,0.6719708114030302
2792,test,0,2,1,-365.14170268252485,-139.14237124348412,0.0,-77.55420303527293,88.44714899053514,-1.0,0.0,0.0,0.5,1.2171390089417495,0.6719708114030302
2793,train,0,1,1,-469.8561809048945,-2060.9120320450625,-2.8000000000000003,-406.3147649973379,0.0,-0.20000000000000007,0.0,-344.38618236155475,0.5,0.7830936348414907,0.7711038378719496
2793,train,2,0,0,93.97123618097889,596.5562833511267,2.4000000000000004,238.23831288718952,0.0,-0.4,0.0,127.97792829166572,0.5,0.7830936348414907,0.7711038378719496
2794,train,1,0,1,-295.7889026005712,-3417.206316598606,0.0,-262.2749965478662,-368.74734559165114,0.0,-0.5,0.0,0.5,0.8216358405571422,1.491407846624461
2794,train,1,2,1,49.29815043342853,-1919.2397779824219,0.0,-92.29532062306237,-114.50041814326386,-0.8999999999999999,0.30000000000000004,0.0,0.5,0.8216358405571422,1.491407846624461
2795,validation,2,0,1,-53.00555618012546,-1437.5868948013915,0.0,-197.3089923932916,9.099698001171134,-0.2,0.06666666666666665,232.0446397875227,0.5,0.8834259363354243,0.5428149645820326
2795,validation,1,2,0,636.0666741615055,3016.4331214762415,0.0,741.740551051503,-20.10576740978945,0.6000000000000001,0.6666666666666666,-152.78096564944707,0.5,0.8834259363354243,0.5428149645820326
2796,train,0,1,0,480.0,721.8023512943878,0.0,0.0,0.0,0.0,0.0,0.0,0.5,1.0,1.0
2796,train,1,2,1,-60.0,-13.235460440678253,0.0,0.0,0.0,0.0,0.0,0.0,0.5,1.0,1.0
2797,train,1,0,1,-151.6668452756097,-171.55298718678694,0.0,-38.74723093280447,5.045496867185815,0.14285714285714285,-0.09523809523809523,15.896772695542955,0.5,1.2638903772967474,0.7767707776449846
2797,train,2,1,0,151.6668452756097,295.942744339572,0.0,33.709395607553574,-7.649106728401325,0.14285714285714285,-0.09523809523809523,-19.56564393520388,0.5,1.2638903772967474,0.7767707776449846
2798,validation,0,1,0,79.02410873147579,2184.863566391411,0.0,218.04764372464192,901.9574128116255,0.0,-1.333333333333333,0.0,0.5,0.6585342394289649,1.8493177568627055
2798,validation,2,1,0,-118.53616309721369,-1237.8296358039631,0.0,208.93886646644032,-77.73678191598572,0.0,-1.333333333333333,0.0,0.5,0.6585342394289649,1.8493177568627055
2799,train,0,2,0,300.0,102.31814890252826,0.0,0.0,0.0,0.0,0.0,0.0,0.5,1.0,1.0
2799,train,1,2,0,60.0,-422.75928421271874,0.0,0.0,0.0,0.0,0.0,0.0,0.5,1.0,1.0
2800,validation,1,0,1,155.68882301279345,265.4284522422721,0.0,226.90868990991942,0.0,-0.16666666666666666,0.0,-206.72433327682964,0.5,0.8649379056266303,0.9440862671485675
2800,validation,1,2,1,-207.58509735039127,-990.7684083368546,0.0,-391.4265451005996,0.0,-0.8333333333333333,0.0,-218.247578311601,0.5,0.8649379056266303,0.9440862671485675
2801,train,1,0,1,-652.2348562699688,-159.84274235775177,0.0,0.0,-15.984752439852688,0.0,2.4000000000000004,-15.224688862797194,0.5,1.3588226172291016,1.0228297383465166
2801,train,2,1,0,-81.5293570337461,170.1648912761185,0.0,0.0,24.697443945603577,0.5999999999999999,-1.2000000000000002,26.237498513386527,0.5,1.3588226172291016,1.0228297383465166
2802,train,2,0,1,-150.18556196178545,-906.7703327840673,0.23809523809523808,-93.9556004469853,-84.32702960767759,-0.2857142857142857,0.0,-59.85847066256895,0.5,1.2515463496815455,0.5288243294353341
2802,train,1,2,0,150.18556196178545,475.5225575016273,-0.23809523809523808,37.16595584829415,61.81105176208971,0.2857142857142857,-0.1428571428571428,5.275750646819344,0.5,1.2515463496815455,0.5288243294353341
2803,train,0,1,1,-360.0,-220.6789907983598,-0.13333333333333333,83.64852419849592,5.691078566962304,0.06666666666666667,-0.2666666666666666,0.0,0.5,1.0,1.0
2803,train,0,2,1,-480.0,-934.6217094727358,-0.13333333333333333,-317.35714634530325,26.07488337951162,0.06666666666666667,0.2666666666666666,0.0,0.5,1.0,1.0
2804,train,0,1,1,33.06034912079866,14.860783308458325,-0.2,0.0,-8.992444118673568,-0.6,0.3999999999999999,0.0,0.5,0.5510058186799777,1.6744551039727456
2804,train,2,0,0,0.0,-90.53488671053697,0.2,0.0,10.96903867617398,0.3,-0.3999999999999999,0.0,0.5,0.5510058186799777,1.6744551039727456
2805,test,0,2,0,280.56963604239786,1482.2462558219574,-1.2,0.0,49.285154604206156,0.0,0.0,76.56292313872271,0.5,0.7793601001177719,1.634995342364378
2805,test,2,1,1,-93.52321201413262,359.82639740432126,0.6,0.0,-69.93936323724253,0.0,-0.09999999999999998,-9.285376941938068,0.5,0.7793601001177719,1.634995342364378
2806,train,0,1,0,698.2296121207414,1022.832792691717,0.0,62.66504638714946,0.0,0.2,0.0,0.0,0.5,1.6624514574303366,0.9765136578340746
2806,train,2,1,0,1595.9533991331232,1110.4931375564693,1.1999999999999997,87.34915811640235,0.0,0.0,0.0,0.0,0.5,1.6624514574303366,0.9765136578340746
2807,train,1,0,0,333.68742762851434,1412.9745821333947,0.6666666666666666,0.0,0.0,0.16666666666666666,0.5,0.0,0.5,1.3903642817854764,1.9964865253802855
2807,train,0,2,1,-83.42185690712859,-1698.325041151378,-0.3333333333333333,0.0,0.0,0.0,-1.0,0.0,0.5,1.3903642817854764,1.9964865253802855
2808,train,0,2,0,466.10199113185314,1732.2410510216455,0.8000000000000002,32.94937785498426,0.0,0.2,0.0,-80.84791923746995,0.5,1.2947277531440364,0.7995472635061069
2808,train,1,2,0,466.10199113185314,277.3670986881582,0.0,122.91839993248321,0.0,0.0,0.0,-76.68523135814026,0.5,1.2947277531440364,0.7995472635061069
2809,validation,2,0,1,-593.1684286516627,-235.2856048264656,0.0,75.5186497079788,-12.14187450289753,-0.7142857142857142,-0.19047619047619047,-45.74297040186034,0.5,1.2357675596909639,0.829058813665763
2809,validation,2,1,1,-296.58421432583134,-1051.5762256053035,-0.14285714285714285,32.98395581734452,-70.61551683733605,-0.7142857142857142,-0.5714285714285714,-172.524132124477,0.5,1.2357675596909639,0.829058813665763
2810,train,1,0,0,-180.0,1021.6621178727164,0.0,0.0,0.0,0.0,0.0,0.0,0.5,1.0,1.0
2810,train,2,0,0,-240.0,-660.9327169129838,0.0,0.0,0.0,0.0,0.0,0.0,0.5,1.0,1.0
2811,train,1,0,1,-360.0,721.0459630412743,0.0,0.0,0.0,0.0,0.0,0.0,0.5,1.0,1.0
2811,train,2,1,0,-120.0,-738.5291201100536,0.0,0.0,0.0,0.0,0.0,0.0,0.5,1.0,1.0
2812,train,0,2,0,30.859764727976177,-430.78746155600174,0.2666666666666667,0.0,91.21430879490185,-0.3333333333333333,-0.5333333333333333,-1.5698861814152245,0.5,0.5143294121329363,1.142040495195213
2812,train,2,1,1,123.43905891190471,1037.4310162089541,-0.5333333333333333,0.0,-140.16535938347894,-0.3333333333333333,0.4,28.193024696595565,0.5,0.5143294121329363,1.142040495195213
2813,train,1,0,0,1212.2296093748023,246.46803217980707,0.0,0.0,0.0,0.5,0.0,18.789829429606627,0.5,1.836711529355761,0.9859406570394131
2813,train,0,2,1,-220.40538352269132,-362.49433250368804,-0.3333333333333333,0.0,0.0,-0.5,0.0,30.255791045036695,0.5,1.836711529355761,0.9859406570394131
2814,train,0,1,1,-82.37784804602946,272.0105937405943,0.3333333333333333,0.0,0.0,-0.3333333333333333,0.0,-117.67557703112337,0.5,1.372964134100491,1.295454598494422
2814,train,2,0,0,411.8892402301473,-267.3962511275097,0.0,0.0,0.0,0.16666666666666666,0.0,0.0,0.5,1.372964134100491,1.295454598494422
2815,train,1,0,1,-189.4698458357003,-859.8710425166676,-0.3333333333333333,-378.52556564129134,-74.0001519360936,0.0,-0.6666666666666666,22.453470464084354,0.5,0.5263051273213898,0.9275677800508342
2815,train,2,1,0,126.31323055713355,850.8674796931131,0.6666666666666666,30.493419929057836,-20.13141382928552,0.0,0.9333333333333332,20.806263242429328,0.5,0.5263051273213898,0.9275677800508342
2816,train,0,2,0,-35.99507153009736,283.1237628542268,-0.2,611.7065942493418,-20.692352326081476,0.0,0.0,0.0,0.5,0.5999178588349561,0.594528469716162
2816,train,2,1,1,323.9556437708763,820.7343017140172,0.0,194.05517144989528,-1094.0642603519361,0.0,0.0,-174.3791139196384,0.5,0.5999178588349561,0.594528469716162
2817,validation,2,0,1,-45.17149766505255,-11.973449914314587,0.0,-94.39652048173741,105.5409454571784,0.0,0.09999999999999998,-157.69079944883677,0.5,0.7528582944175425,0.6214808676519006
2817,validation,1,2,0,45.17149766505255,-104.65113096292009,0.0,-220.31838876301936,252.36963742931601,0.0,0.0,87.45759980071306,0.5,0.7528582944175425,0.6214808676519006
2818,test,0,1,1,-513.7846313131257,-1322.9962713571786,0.09523809523809523,6.35460080653894,-212.25668650904242,-0.19047619047619047,-0.5714285714285714,-146.04371026938784,0.5,1.4271795314253493,1.3131694430359437
2818,test,2,0,0,256.89231565656286,242.86183098165222,0.0,42.92631582365735,-79.73704954464692,0.0,0.38095238095238093,133.08770988777698,0.5,1.4271795314253493,1.3131694430359437
2819,train,0,2,0,-33.82947923067429,-301.58391564218897,0.2,-29.58952582330835,-3.959481716029779,0.0,0.0,-47.417010858000396,0.5,0.5638246538445715,1.0474218750589146
2819,train,2,1,1,33.82947923067429,-552.999606267729,-0.4,46.75735737504965,-11.130239927240247,0.0,0.6666666666666667,-9.617596282503776,0.5,0.5638246538445715,1.0474218750589146
2820,train,0,1,1,99.41674548446994,253.63019006252307,0.6666666666666666,0.0,0.0,0.0,0.0,-110.90141780603352,0.5,0.8284728790372495,1.8145963602971638
2820,train,0,2,1,99.41674548446994,-115.12619371355773,0.6666666666666666,0.0,0.0,0.0,0.0,-216.12740017064152,0.5,0.8284728790372495,1.8145963602971638
2821,train,2,0,1,-142.85080559922704,-1643.3392289406672,-0.16666666666666666,0.0,162.63910839170416,0.0,-1.5,0.0,0.5,0.5952116899967793,1.9874169257658598
2821,train,2,1,1,-214.27620839884057,-2212.312055767063,-0.5,0.0,150.02962126180287,0.0,0.5,0.0,0.5,0.5952116899967793,1.9874169257658598
2822,train,0,1,1,-625.7410117280484,-1020.4781269679519,0.0,0.0,9.110722277653348,0.0,0.30000000000000027,0.0,0.5,1.042901686213414,1.0196220744894051
2822,train,0,2,1,-312.8705058640242,-1603.0707061261448,-0.6000000000000001,0.0,11.513160409895015,0.0,0.6000000000000001,0.0,0.5,1.042901686213414,1.0196220744894051
2823,train,1,0,0,454.1362788895866,249.31781885435961,0.0,24.12407153582224,-5.04609717612292,0.14285714285714285,0.09523809523809523,60.75700336426796,0.5,1.8922344953732775,1.8441889858610065
2823,train,2,0,0,113.53406972239665,-367.52661493717505,0.0,31.97600949767387,-43.49129284044393,0.0,0.0,31.6399117925813,0.5,1.8922344953732775,1.8441889858610065
2824,train,0,1,1,-43.084757252058665,-819.4354877235597,0.0,0.0,0.0,0.0,-2.0,0.0,0.5,0.718079287534311,1.1902704805808944
2824,train,0,2,1,-215.42378626029333,-1403.4961048322473,0.0,0.0,0.0,0.0,-7.0,0.0,0.5,0.718079287534311,1.1902704805808944
2825,validation,2,0,1,120.0,364.20661063542457,-0.5999999999999999,166.29249814674301,0.0,-0.1,-0.4,0.0,0.5,1.0,1.0
2825,validation,2,1,1,-60.0,-1144.0147545585096,-0.8999999999999999,-217.6115817422923,0.0,-0.20000000000000004,0.4,0.0,0.5,1.0,1.0
2826,train,2,0,1,-174.74536598056375,89.1922248616223,0.0,0.0,-529.7418417397945,0.0,0.0,0.0,0.5,1.4562113831713646,0.897558081182858
2826,train,1,2,0,-87.37268299028187,-568.2485519564357,0.0,0.0,246.75228756000732,0.0,0.0,0.0,0.5,1.4562113831713646,0.897558081182858
2827,train,0,1,1,298.18072568884384,752.6874102760083,0.0,0.0,0.0,0.0,0.0,0.0,0.5,1.6565595871602437,1.557994990688241
2827,train,2,0,0,-397.57430091845845,349.1522032771552,1.0,0.0,0.0,0.0,0.0,0.0,0.5,1.6565595871602437,1.557994990688241
2828,train,1,0,0,-182.2439668606173,-176.5822831054071,0.33333333333333337,0.0,0.0,0.0,0.0,-6.800555984855237,0.5,0.7593498619192387,0.5547766909583338
2828,train,0,2,1,136.68297514546296,209.7400595769647,-0.33333333333333337,0.0,0.0,0.0,0.0,-72.9199109285102,0.5,0.7593498619192387,0.5547766909583338
2829,train,1,0,1,0.0,-836.0031155468359,0.0,0.0,0.0,0.0,0.0,-497.7307304769408,0.5,0.9626576845279252,1.6814969963219908
2829,train,2,1,0,231.03784428670204,1260.122045952845,0.0,0.0,0.0,0.0,0.0,3.747024373844148,0.5,0.9626576845279252,1.6814969963219908
2830,train,2,0,1,0.0,-269.39628292410333,0.0,0.0,-21.469087258127587,-0.13333333333333333,0.13333333333333333,32.11779655995266,0.5,1.6072813218053352,0.5885594792330375
2830,train,1,2,0,0.0,-238.83931944410773,0.0,0.0,-177.8907747428844,0.13333333333333333,-0.13333333333333333,22.162005281952084,0.5,1.6072813218053352,0.5885594792330375
2831,train,0,1,0,-324.5498391206564,-1250.9743975152016,0.0,132.2676297446377,-2.2294870700826284,0.0,0.9,74.73561268180683,0.5,1.0818327970688546,0.9454586616129741
2831,train,1,2,1,454.36977476891894,1304.7285876574392,0.0,-263.7360646945135,-42.67615063013264,0.0,-0.6,77.49619093061563,0.5,1.0818327970688546,0.9454586616129741
2832,train,1,0,0,-120.0,290.9205433654397,0.0,-139.76245093683275,11.56442391226507,0.0,-0.2857142857142857,61.21009168905997,0.5,1.0,1.0
2832,train,2,0,0,360.0,1027.1708150587956,0.0,176.24989423485079,22.220243604157943,0.09523809523809523,0.0,-28.959377682771894,0.5,1.0,1.0
2833,validation,0,1,1,94.34626153812609,567.4029432901041,0.0,0.0,-742.1082871606706,0.0,0.0,0.0,0.5,0.5241458974340338,0.5976351232180369
2833,validation,0,2,1,-157.24376923021015,251.30374347730046,0.0,0.0,-804.3544903857845,0.0,0.0,0.0,0.5,0.5241458974340338,0.5976351232180369
2834,validation,0,1,0,212.04719383452075,563.2488973386951,0.0,0.0,0.0,0.6666666666666667,2.6666666666666665,0.0,0.5,0.7068239794484025,1.0152321414043997
2834,validation,2,1,0,0.0,396.879275439543,0.0,0.0,0.0,0.3333333333333333,2.0,0.0,0.5,0.7068239794484025,1.0152321414043997
2835,validation,2,0,1,218.04250523018737,41.15836895305308,-0.06666666666666667,0.0,91.71482922600879,-0.2,0.6666666666666666,-24.599624451058627,0.5,1.8170208769182281,1.980912612619501
2835,validation,2,1,1,-109.02125261509369,-57.16041591182695,0.06666666666666667,0.0,43.448345337677154,-0.2,1.0,-46.40437455911345,0.5,1.8170208769182281,1.980912612619501
2836,train,1,0,0,-60.0,-689.403174644749,0.0,0.0,0.0,0.0,0.0,0.0,0.5,1.0,1.0
2836,train,2,0,0,420.0,653.965139393757,0.0,0.0,0.0,0.0,0.0,0.0,0.5,1.0,1.0
2837,validation,1,0,0,257.7337500734905,548.2993344053006,-0.5333333333333333,-65.8475462976402,0.0,0.6000000000000001,0.9999999999999998,-4.924412568219495,0.5,1.0738906253062104,1.750281252488093
2837,validation,0,2,1,-193.30031255511787,618.3077231493165,0.4,83.018735791576,0.0,0.0,-0.6666666666666667,16.207991739174815,0.5,1.0738906253062104,1.750281252488093
2838,train,2,0,1,-660.0,-767.3711923723713,0.0,0.0,0.0,0.0,0.0,0.0,0.5,1.0,1.0
2838,train,1,2,0,240.0,1350.0306090000959,0.0,0.0,0.0,0.0,0.0,0.0,0.5,1.0,1.0
2839,test,1,0,0,1880.5861219829949,3106.0660964043227,0.0,0.0,-208.26259666628056,0.0,-0.666666666666667,0.0,0.5,1.4246864560477235,1.2646836191563817
2839,test,2,0,0,-170.96237472572682,842.8852692698945,0.0,0.0,759.410012386771,0.0,1.333333333333333,0.0,0.5,1.4246864560477235,1.2646836191563817
2840,train,0,2,0,-146.30058602784698,-220.95230303319138,0.0,144.65665330137813,209.4482354599212,-0.5,0.0,0.0,0.5,1.2191715502320581,1.1005662480353118
2840,train,2,1,1,73.15029301392349,994.9910133544554,0.0,105.92600563368907,-9.277684759826343,0.5,0.0,0.0,0.5,1.2191715502320581,1.1005662480353118
2841,train,2,0,1,227.37011352144611,247.60322758406767,0.0,117.40521098342288,67.61191184098797,0.0,-0.1333333333333333,0.0,0.5,1.894750946012051,0.6676523926408036
2841,train,2,1,1,341.0551702821692,225.61965442690743,0.0,63.579375308289926,35.2998731746716,0.0,-0.1333333333333333,0.0,0.5,1.894750946012051,0.6676523926408036
2842,train,1,0,0,155.84199223331828,838.3997129975843,-0.26666666666666666,2.5776223393761484,0.0,0.3333333333333333,0.8000000000000002,46.54712986851406,0.5,0.5194733074443942,0.5198660321390758
2842,train,2,0,0,187.01039067998192,390.27616821944395,0.5333333333333334,88.71590373479539,0.0,0.6666666666666666,0.8000000000000002,71.70268660457712,0.5,0.5194733074443942,0.5198660321390758
2843,train,2,0,1,-130.7513269138396,-1557.5050367616093,-0.4,0.0,-101.1129410442813,0.1,0.5999999999999999,0.0,0.5,1.0895943909486632,1.0789339732762553
2843,train,1,2,0,326.87831728459895,835.9123124110373,0.0,0.0,166.4676778830526,0.0,0.30000000000000027,0.0,0.5,1.0895943909486632,1.0789339732762553
2844,train,1,0,1,492.6483662259569,1138.2658951057795,0.26666666666666666,-32.203430984651305,-21.090781712110356,0.0,0.8,24.430403194071516,0.5,0.5131753814853718,0.6386271099299046
2844,train,2,1,0,-215.53366022385615,-213.6155663986159,-0.13333333333333333,144.74950180287453,338.03334146075235,0.0,-0.8,5.4076318916108335,0.5,0.5131753814853718,0.6386271099299046
2845,train,2,0,1,-120.0,-75.74869861221578,0.0,-161.00762519592217,0.0,-0.6666666666666666,0.0,0.0,0.5,1.0,1.0
2845,train,2,1,1,120.0,541.1448044588246,0.0,-509.13856683064796,0.0,-0.3333333333333333,0.0,0.0,0.5,1.0,1.0
2846,train,0,2,0,116.91579313874436,-641.3614225760555,0.0,0.0,99.17934967667158,0.29999999999999993,-0.6000000000000001,-24.117461013476092,0.5,0.974298276156203,0.9306739117364978
2846,train,1,2,0,409.2052759856053,-602.5774565923901,0.0,0.0,85.87101615159868,-0.6,0.19999999999999996,170.6027097850352,0.5,0.974298276156203,0.9306739117364978
2847,train,0,1,1,-1422.3838849418285,-68.90775655768442,0.0,0.0,-332.1149776596824,-0.16666666666666666,0.0,0.0,0.5,1.9755331735303174,0.5419459048324629
2847,train,2,0,0,2252.107817824562,369.7092732942191,-0.6666666666666666,0.0,-289.0842478724349,0.33333333333333337,0.0,0.0,0.5,1.9755331735303174,0.5419459048324629
2848,test,0,2,0,-385.19560876825756,-1412.776740357299,0.6666666666666666,0.0,0.0,0.0,0.0,-148.39584925729417,0.5,0.7133252014226992,0.7732122296916637
2848,test,1,2,0,-213.99756042680974,-386.7290348955092,0.6666666666666666,0.0,0.0,0.0,0.0,-80.02763765243847,0.5,0.7133252014226992,0.7732122296916637
2849,test,0,1,0,120.0,-647.206651250428,0.0,0.0,0.0,0.0,0.0,0.0,0.5,1.0,1.0
2849,test,1,2,1,-120.0,758.9458531054988,0.0,0.0,0.0,0.0,0.0,0.0,0.5,1.0,1.0
2850,test,0,1,1,-299.7702098252628,1571.5089227326773,-0.8000000000000002,-300.97101186303155,0.0,0.0,0.0,-43.76390749532657,0.5,0.8326950272923966,0.955497384044891
2850,test,0,2,1,-499.61701637543797,-187.741563002414,0.0,-978.0258577189198,0.0,0.0,-0.8,-42.83608389614281,0.5,0.8326950272923966,0.955497384044891
2851,train,0,1,1,180.0,-948.1003046875476,0.0,0.0,0.0,0.0,0.0,0.0,0.5,1.0,1.0
2851,train,2,0,0,120.0,1051.9661357390205,0.0,0.0,0.0,0.0,0.0,0.0,0.5,1.0,1.0
2852,train,0,1,1,525.1507281739439,-1383.0710172678987,0.0,-114.41819002688146,-294.9671410333814,0.0,-0.09999999999999998,-34.949284652974285,0.5,1.0940640170290499,1.5800074341618857
2852,train,2,0,0,0.0,1913.2489864894444,0.0,177.95524673112902,130.1581957726559,0.0,0.09999999999999998,51.68147216632673,0.5,1.0940640170290499,1.5800074341618857
2853,train,0,1,1,169.4330583716915,0.0,-0.13333333333333333,-25.32424629272485,0.0,0.0,0.0,-19.518766998564967,0.5,0.9412947687316193,0.8826214990514765
2853,train,2,0,0,56.47768612389716,369.23307893945264,0.0,11.105259082156763,0.0,0.0,0.0,31.080842331905583,0.5,0.9412947687316193,0.8826214990514765
2854,train,1,0,0,90.59779335823848,37.071860779985364,0.4,0.0,0.0,0.0,1.2000000000000002,-38.35388963374052,0.5,1.5099632226373079,0.6369348688489825
2854,train,0,2,1,-271.7933800747154,-254.28654251073925,0.0,0.0,0.0,-0.1,-0.4,-38.03014765198694,0.5,1.5099632226373079,0.6369348688489825
2855,validation,1,0,0,-227.93637934811153,-360.10450274079125,-0.09523809523809523,90.70989667842402,-132.52846799605618,0.0,0.5714285714285714,10.466693949916575,0.5,1.2663132186006196,0.8059488744616532
2855,validation,0,2,1,379.89396558018586,398.66249663093,0.047619047619047616,-94.50574781579725,45.555231713437266,-0.2857142857142857,-0.5714285714285714,-1.018377285591427,0.5,1.2663132186006196,0.8059488744616532
2856,test,0,1,1,-198.06917914120393,-1652.9486093029645,-0.2857142857142857,-387.14746646556,-95.4101647856036,-0.2857142857142857,-0.14285714285714285,-83.60616895837418,0.5,0.550192164281122,0.5851433854222471
2856,test,0,2,1,198.06917914120393,-1422.7927561209347,-0.8571428571428571,-286.12619450946556,-158.31321898334846,-0.19047619047619047,-0.3333333333333333,-72.77032972883381,0.5,0.550192164281122,0.5851433854222471
2857,test,0,2,0,42.63193892484368,40.825830536317135,0.0,0.0,146.58701839315628,0.0,-0.09999999999999998,-0.9038776704818297,0.5,0.7105323154140614,1.295704927324309
2857,test,2,1,1,-85.26387784968736,-466.70938756826234,0.0,0.0,-77.75462886225344,-0.3,-0.30000000000000004,31.511000515873686,0.5,0.7105323154140614,1.295704927324309
2858,train,0,1,0,-129.26387611333078,-194.14689234129324,0.0,0.0,7.089396564360499,0.0,1.0,58.98396124204804,0.5,1.0771989676110898,1.2608599780448697
2858,train,2,1,0,-193.89581416999616,-81.46966012380729,0.0,0.0,-3.5167526805073805,0.0,1.5,63.55289029983122,0.5,1.0771989676110898,1.2608599780448697
2859,train,1,0,1,0.0,6.823535892393261,0.0,0.0,0.0,0.0,-3.333333333333333,0.0,0.5,1.4060823767015391,0.954481647210515
2859,train,2,1,0,-84.36494260209234,924.9788007395896,0.0,0.0,0.0,0.0,4.666666666666667,0.0,0.5,1.4060823767015391,0.954481647210515
2860,validation,0,1,0,960.0,922.6803152824205,0.0,0.0,0.0,0.0,0.0,0.0,0.5,1.0,1.0
2860,validation,1,2,1,-180.0,192.30666089274382,0.0,0.0,0.0,0.0,0.0,0.0,0.5,1.0,1.0
2861,train,1,0,0,111.06202726905936,-1615.6070692463888,0.0,-124.12485275818776,18.36327048160063,0.0,0.0,0.6886661779623822,0.5,1.851033787817656,1.6226968119849303
2861,train,2,0,0,0.0,-390.3171103491046,0.14285714285714285,-202.28886503780265,72.83553558204616,0.19047619047619047,-0.2857142857142856,-26.602410485658,0.5,1.851033787817656,1.6226968119849303
2862,validation,1,0,0,0.0,140.01527643272738,0.6,0.0,-104.74716783213728,0.0,0.6,97.98558440898377,0.5,0.7209702884401479,0.8088609580669293
2862,validation,0,2,1,-302.8075211448621,-432.177805068762,0.0,0.0,83.43985999564893,0.0,0.09999999999999998,-98.37292838113709,0.5,0.7209702884401479,0.8088609580669293
2863,train,0,2,0,-206.83352819513033,-1672.6124840790217,0.3,0.0,0.0,0.2,0.3999999999999999,0.0,0.5,0.8618063674797097,1.5019051376106531
2863,train,2,1,1,103.41676409756516,-645.8674287859313,-0.8999999999999999,0.0,0.0,0.0,-0.8000000000000003,-72.33120891704766,0.5,0.8618063674797097,1.5019051376106531
2864,train,1,0,0,120.0,50.286925920068825,0.0,0.0,0.0,0.0,0.0,0.0,0.5,1.0,1.0
2864,train,0,2,1,-360.0,213.8161957501693,0.0,0.0,0.0,0.0,0.0,0.0,0.5,1.0,1.0
2865,train,0,2,0,54.52379806986363,-131.347470382389,-0.14285714285714285,234.01292687228872,66.97912815892852,0.0,0.14285714285714285,70.83671880944863,0.5,0.9087299678310605,1.1710374644317705
2865,train,1,2,0,-109.04759613972726,-181.5719834909088,0.14285714285714285,93.32629678833055,-2.2159827438952604,0.0,0.047619047619047616,52.05716852332128,0.5,0.9087299678310605,1.1710374644317705
2866,train,0,1,0,-104.92546596892838,-254.59429912356964,0.0,0.0,216.6796011914588,0.3333333333333333,0.6,129.87145877628006,0.5,0.5829192553829354,0.5215874958332937
2866,train,2,1,0,0.0,-443.11541208383005,-0.26666666666666666,0.0,199.76273924833998,0.0,0.06666666666666668,6.906493891623358,0.5,0.5829192553829354,0.5215874958332937
2867,validation,1,0,1,-75.0185445489162,179.89869184477777,-0.5,0.0,0.0,0.0,0.6666666666666666,-32.85113300572927,0.5,1.25030907581527,1.2160453669754774
2867,validation,1,2,1,-75.0185445489162,398.96357888585777,-0.5,0.0,0.0,0.0,-0.33333333333333326,0.0,0.5,1.25030907581527,1.2160453669754774
2868,train,0,1,0,112.6281675771488,76.5910541573241,1.0,0.0,0.0,0.0,0.0,0.0,0.5,0.6257120420952711,0.9358600155697802
2868,train,2,1,0,37.542722525716265,-183.46553029488544,0.0,0.0,0.0,0.0,0.0,0.0,0.5,0.6257120420952711,0.9358600155697802
2869,train,0,1,0,-156.75759784473672,209.1469786868174,0.0,-10.079235148242915,53.395571100595,0.0,-0.19047619047619047,-23.596772169938234,0.5,0.653156657686403,1.82874567142288
2869,train,2,1,0,-156.75759784473672,-273.2824890313358,0.0,-10.11622900235399,128.517176166835,0.0,1.1428571428571428,5.071580633009326,0.5,0.653156657686403,1.82874567142288
2870,validation,0,1,1,53.88253543882745,-121.46891648276004,0.0,0.0,0.0,-1.0,0.0,0.0,0.5,0.8980422573137908,0.7829314019606713
2870,validation,0,2,1,215.5301417553098,752.9007944976078,0.0,0.0,0.0,0.0,0.0,0.0,0.5,0.8980422573137908,0.7829314019606713
2871,train,0,2,0,89.91238596555324,484.33253271169,0.0,0.0,0.0,0.0,1.3333333333333335,153.38542919611945,0.5,1.4985397660925541,0.8248104639776719
2871,train,1,2,0,0.0,1127.480848847503,0.0,0.0,0.0,0.0,1.9999999999999996,-65.12643100942219,0.5,1.4985397660925541,0.8248104639776719
2872,train,1,0,0,240.0,3229.391171127354,0.0,978.533071606364,0.0,0.0,0.0,-66.61063633528045,0.5,1.0,1.0
2872,train,0,2,1,-240.0,-1972.8569329449383,0.0,-2674.2396953964667,0.0,0.0,0.0,-434.6916803364145,0.5,1.0,1.0
2873,train,1,0,0,255.40914456172152,23.200488827377576,0.0,0.0,124.77928687620386,0.0,-0.3999999999999999,29.42208403571688,0.5,0.5321023845035865,0.9629957080351566
2873,train,2,0,0,287.3352876319367,1285.201499433813,0.0,0.0,101.84967855247857,0.0,1.6,17.78257735452828,0.5,0.5321023845035865,0.9629957080351566
2874,test,1,0,1,-268.9502123449294,-226.35985526560947,0.0,0.0,-337.5941717774019,0.0,-0.5,-52.64840045464727,0.5,0.6403576484403081,1.1463183092083786
2874,test,1,2,1,115.26437671925545,-419.81298709068164,0.0,0.0,-348.53498524042953,0.0,-1.5,-18.834337591454755,0.5,0.6403576484403081,1.1463183092083786
2875,train,2,0,1,-240.1132084733158,-148.26118825162575,0.0,0.0,-490.7790050470081,0.0,0.0,0.0,0.5,1.0004717019721492,1.8036848574588604
2875,train,1,2,0,300.14151059164476,158.29174519365654,0.0,0.0,439.03793395893774,0.0,0.0,0.0,0.5,1.0004717019721492,1.8036848574588604
2876,train,1,0,1,-161.2714042209008,-601.992862417882,-0.42857142857142855,-82.46743341416575,133.51975147462588,0.0,-0.7142857142857143,0.5638928937073722,0.5,1.3439283685075065,0.6552178564424785
2876,train,1,2,1,80.6357021104504,-285.7099245531361,-0.14285714285714285,57.46422153526916,66.26532766961148,-0.5714285714285714,-0.7142857142857143,-17.42543772325063,0.5,1.3439283685075065,0.6552178564424785
2877,train,1,0,1,213.04126626890834,814.4785691788708,0.0,0.0,0.0,0.0,0.0,-91.43304681267676,0.5,1.1835625903828242,1.8715547198534173
2877,train,1,2,1,0.0,44.042663908787354,0.0,0.0,0.0,0.0,0.0,-248.8225091325616,0.5,1.1835625903828242,1.8715547198534173
2878,train,2,0,1,180.0,173.69311638832687,0.0,-560.0705105556559,0.0,0.0,0.0,0.0,0.5,1.0,1.0
2878,train,2,1,1,0.0,-355.3278119279039,0.0,-1161.593000368136,0.0,0.0,0.0,0.0,0.5,1.0,1.0
2879,test,0,1,0,60.0,1245.8781722960034,0.0,938.6357876668671,0.0,0.0,-0.33333333333333337,0.0,0.5,1.0,1.0
2879,test,1,2,1,-360.0,-678.5658471113397,0.0,-31.379806324354945,0.0,0.0,-0.33333333333333326,0.0,0.5,1.0,1.0
2880,train,1,0,0,159.84109791814956,-414.49206419855665,0.0,0.0,0.0,0.0,0.0,175.59848858167373,0.5,0.5328036597271651,0.6453547602899375
2880,train,2,0,0,159.84109791814956,1193.151040546248,0.0,0.0,0.0,0.0,0.0,678.2530969675295,0.5,0.5328036597271651,0.6453547602899375
2881,test,0,1,1,-600.0,-758.4984908099568,0.0,-1078.7858570651044,0.0,0.0,0.0,0.0,0.5,1.0,1.0
2881,test,0,2,1,-120.0,-1813.2029751847422,0.0,-1333.3355841036307,0.0,0.0,0.0,0.0,0.5,1.0,1.0
2882,train,0,1,1,-960.0,-1114.397164990146,0.0,0.0,0.0,0.0,0.0,0.0,0.5,1.0,1.0
2882,train,0,2,1,-300.0,199.5100041004098,0.0,0.0,0.0,0.0,0.0,0.0,0.5,1.0,1.0
2883,train,1,0,0,-100.88999008669852,647.9546276604488,0.0,0.0,-76.05558777632436,0.6000000000000001,0.0,173.41480879608702,0.5,0.5604999449261029,1.0651766284178854
2883,train,2,0,0,-134.51998678226468,266.6815575152456,0.0,0.0,-67.51214352249576,0.2,-0.09999999999999998,201.26185199626528,0.5,0.5604999449261029,1.0651766284178854
2884,validation,0,1,1,98.41249145658949,-253.92016473294873,-0.09523809523809523,97.22338180391935,36.10682769662373,-0.2857142857142857,-0.2857142857142857,-2.743217082570962,0.5,0.5467360636477194,0.8782988119452129
2884,validation,2,0,0,-98.41249145658949,-104.06866298134105,0.0,-129.22411316130058,155.5943213161367,0.5714285714285714,0.14285714285714285,11.331668928802621,0.5,0.5467360636477194,0.8782988119452129
2885,test,0,1,1,108.81148871186988,-181.4505312803381,0.0,0.0,0.0,-0.6666666666666666,0.0,-154.87960234178286,0.5,0.6045082706214994,1.7607641146317994
2885,test,0,2,1,-36.27049623728996,-3123.095413220225,0.0,0.0,0.0,0.0,0.0,-10.701999405144718,0.5,0.6045082706214994,1.7607641146317994
2886,train,1,0,1,-169.77898620306252,904.6304821306226,-0.13333333333333333,-450.8227690198634,25.645602523561774,0.3333333333333333,0.19999999999999996,0.0,0.5,0.5659299540102084,1.5178438696285357
2886,train,1,2,1,33.955797240612505,557.8899635516088,-0.13333333333333333,-486.5079953889804,-36.11054116309789,0.3333333333333333,0.3999999999999999,0.0,0.5,0.5659299540102084,1.5178438696285357
2887,train,0,1,1,-660.0,-2142.1135323713124,0.0,-823.2121331861142,0.0,0.0,0.0,-339.8512279371984,0.5,1.0,1.0
2887,train,0,2,1,-240.0,-226.33655928070766,0.0,-452.6925234728442,0.0,0.0,0.0,-132.99318872570063,0.5,1.0,1.0
2888,test,1,0,0,0.0,546.9527473735554,0.2857142857142857,-53.79095756534734,112.60682228651108,-0.047619047619047616,0.0,76.82742427408765,0.5,1.9089391704827192,1.3406316481464113
2888,test,2,0,0,0.0,-74.08127903683425,0.5714285714285714,247.34360740563622,-6.9374533190116665,0.0,0.0,24.378879000351404,0.5,1.9089391704827192,1.3406316481464113
2889,train,1,0,0,0.0,47.31443903476262,0.0,-45.40544103696709,-22.228714235591543,0.0,0.6666666666666667,-27.74773442118089,0.5,1.7539385446532878,0.5428663186846923
2889,train,2,0,0,105.23631267919727,57.284673325667825,0.13333333333333333,147.04030365146355,-13.912477790939159,0.0,1.0,5.984151859273847,0.5,1.7539385446532878,0.5428663186846923
2890,train,0,1,1,269.80129178094,1309.734019782015,0.0,233.60906060098375,0.0,0.4,0.5999999999999999,-36.34729720435607,0.5,1.4988960654496666,1.3207993641158602
2890,train,0,2,1,0.0,-663.8398744056677,0.0,-350.01952987939,0.0,0.4,0.0,0.0,0.5,1.4988960654496666,1.3207993641158602
2891,train,1,0,1,-240.0,-4108.661797170685,0.0,0.0,0.0,0.0,0.0,0.0,0.5,1.0,1.0
2891,train,2,1,0,780.0,2539.6018998113004,0.0,0.0,0.0,0.0,0.0,0.0,0.5,1.0,1.0
2892,train,1,0,0,52.901057876131986,1098.4741003150345,0.0,0.0,0.0,0.0,0.0,0.0,0.5,0.8816842979355332,1.0227889482674088
2892,train,2,0,0,0.0,983.2441838943065,1.0,0.0,0.0,0.0,0.0,0.0,0.5,0.8816842979355332,1.0227889482674088
2893,train,0,1,1,-48.536834042251186,138.99577441083918,0.0,0.0,0.0,0.0,0.3333333333333333,0.0,0.5,0.8089472340375198,1.4246059002896734
2893,train,0,2,1,-97.07366808450237,-277.2957236511188,-2.0,0.0,0.0,0.0,-0.9999999999999999,0.0,0.5,0.8089472340375198,1.4246059002896734
2894,train,0,1,0,826.6537419752086,1147.0876656309638,0.0,290.230484962722,86.01191010548223,0.0,0.0,9.372909280535048,0.5,1.3777562366253477,1.5128741761134088
2894,train,2,1,0,165.33074839504172,1830.9089183743504,0.0,171.40830320044307,-215.29652913130852,0.0,0.0,57.85701485484117,0.5,1.3777562366253477,1.5128741761134088
2895,train,0,2,0,-238.30888066141705,-685.13075198252,0.0,0.0,0.0,0.0,0.0,439.9438100766161,0.5,0.6619691129483807,0.7569132025681541
2895,train,1,2,0,-278.02702743831986,-878.6558283364653,0.0,0.0,0.0,0.0,0.0,389.0075591824479,0.5,0.6619691129483807,0.7569132025681541
2896,train,1,0,0,227.2754295045894,549.0541702651545,0.2857142857142857,106.43234229995544,35.95047845100191,0.0,-0.6666666666666665,61.635298846910715,0.5,0.6313206375127484,0.8143909063855571
2896,train,2,0,0,37.8792382507649,840.6334725660533,0.5714285714285714,85.41955820999398,62.88405442253409,0.19047619047619047,-0.47619047619047605,63.35883537568968,0.5,0.6313206375127484,0.8143909063855571
2897,train,2,0,1,0.0,-1032.2827212320944,-1.0,473.10117448314895,0.0,0.0,0.0,0.0,0.5,1.0,1.0
2897,train,1,2,0,-60.0,911.6237042724879,0.0,659.7035500422664,0.0,0.0,0.0,0.0,0.5,1.0,1.0
2898,train,2,0,1,-600.0,202.73872888856204,0.0,8.205141409370299,0.0,0.0,0.0,0.0,0.5,1.0,1.0
2898,train,2,1,1,60.0,744.4872409436666,0.0,-990.2578478615378,0.0,0.0,0.0,0.0,0.5,1.0,1.0
2899,train,2,0,1,-95.73874573176936,318.4469028222107,0.0,0.0,-76.32799307011902,0.0,0.0,-73.86049309957049,0.5,0.531881920732052,1.1547439310503125
2899,train,1,2,0,-31.91291524392312,455.0157000956108,0.0,0.0,67.79862808304648,0.0,0.0,117.50355072455444,0.5,0.531881920732052,1.1547439310503125
2900,validation,1,0,0,60.0,585.8581319698537,0.0,0.0,0.0,0.0,0.0,0.0,0.5,1.0,1.0
2900,validation,0,2,1,-180.0,170.56219712005986,0.0,0.0,0.0,0.0,0.0,0.0,0.5,1.0,1.0
2901,train,1,0,0,-61.63979273946676,811.8884300300623,1.3333333333333333,0.0,271.5277181358316,0.0,0.0,0.0,0.5,1.0273298789911127,1.683285491856212
2901,train,0,2,1,-123.27958547893353,-343.7078263243503,-1.3333333333333333,0.0,79.36074716217304,0.0,0.0,0.0,0.5,1.0273298789911127,1.683285491856212
2902,validation,2,0,1,-60.0,-232.49990793611505,0.0,-170.72129358484062,0.0,0.0,0.0,9.789718723717755,0.5,1.0,1.0
2902,validation,1,2,0,0.0,23.6542568619916,0.0,314.9254427569331,0.0,0.0,0.0,-33.931552769670446,0.5,1.0,1.0
2903,test,1,0,1,-318.8400881723014,33.14036861848246,0.0,0.0,0.0,0.0,0.0,-250.62253111205595,0.5,0.7591430670769082,0.5186876808800183
2903,test,1,2,1,0.0,24.04293906262953,0.0,0.0,0.0,0.0,0.0,-522.7926632179464,0.5,0.7591430670769082,0.5186876808800183
2904,validation,0,2,0,355.81123211151294,775.2459359666194,0.4,30.744773054468226,0.0,0.2,0.0,123.8802416433864,0.5,0.847169600265507,0.5538717084254364
2904,validation,1,2,0,101.66035203186084,541.3559516013672,0.4,178.47897686182023,0.0,0.1,0.0,70.021381383128,0.5,0.847169600265507,0.5538717084254364
2905,validation,1,0,1,-533.4603112657603,-2715.9181358783685,0.0,0.0,-161.62351612313395,0.1,-0.8000000000000003,-114.4649455350775,0.5,0.7409170989802226,1.418650160339234
2905,validation,1,2,1,44.45502593881336,532.7947681857738,0.0,0.0,72.11610467568032,0.0,-0.3999999999999999,-96.92848884126322,0.5,0.7409170989802226,1.418650160339234
2906,train,0,1,1,-820.8571971870077,-2540.371392337164,0.0,-98.37399124265777,-142.46222221913536,0.5714285714285714,0.0,104.87973050126242,0.5,1.710119160806266,1.5046386892988894
2906,train,2,0,0,2359.964441912647,1390.231663983886,0.0,17.888170177848096,67.62964088165143,-0.2857142857142857,0.5714285714285714,-33.32690614187794,0.5,1.710119160806266,1.5046386892988894
2907,train,2,0,1,360.0,826.5959439754142,-0.47619047619047616,466.7905382312621,52.79882087240736,-0.09523809523809523,-0.28571428571428564,-38.56582238177287,0.5,1.0,1.0
2907,train,1,2,0,60.0,-721.2345837678458,0.23809523809523808,-729.348805537694,-33.21719457489182,-0.2857142857142857,0.28571428571428564,42.090062272568595,0.5,1.0,1.0
2908,test,1,0,1,164.47110926836268,-385.83556485668123,0.1,0.0,-77.04397819432802,0.0,0.40000000000000013,0.0,0.5,0.6852962886181778,1.784318908767997
2908,test,1,2,1,-287.8244412196347,-3132.4850093434234,0.1,0.0,-260.25706692971335,0.0,-0.3999999999999999,0.0,0.5,0.6852962886181778,1.784318908767997
2909,test,0,1,0,0.0,919.9888699216846,2.0,0.0,0.0,0.0,0.0,0.0,0.5,1.4079003278623317,0.7163407868889093
2909,test,1,2,1,-84.4740196717399,-623.3721199362833,-1.0,0.0,0.0,0.0,0.0,0.0,0.5,1.4079003278623317,0.7163407868889093
2910,test,1,0,1,-417.8903093464539,-182.01518144001278,0.0,-669.2205529357836,0.0,0.0,0.0,0.0,0.5,0.9949769270153663,1.2252205832708827
2910,test,1,2,1,0.0,-18.155914885878655,-1.3333333333333333,-361.7303264976999,0.0,0.0,0.0,0.0,0.5,0.9949769270153663,1.2252205832708827
2911,train,1,0,1,-291.42784979022764,-3217.465089665833,-0.33333333333333337,0.0,0.0,0.0,-0.6666666666666665,0.0,0.5,0.607141353729641,1.80546500423045
2911,train,2,1,0,-182.1424061188923,-159.2037266891778,0.6666666666666666,0.0,0.0,0.0,0.6666666666666665,0.0,0.5,0.607141353729641,1.80546500423045
2912,train,0,1,0,33.91408610329422,174.80649725331878,0.0,0.0,0.0,0.3333333333333333,0.0,119.25109695267321,0.5,0.5652347683882369,0.677567067489986
2912,train,1,2,1,-237.39860272305953,-1234.0338370375396,0.0,0.0,0.0,-0.6666666666666666,0.0,0.0,0.5,0.5652347683882369,0.677567067489986
2913,train,0,2,0,120.0,494.39246641443424,0.0,0.0,0.0,0.0,0.0,0.0,0.5,1.0,1.0
2913,train,1,2,0,480.0,261.34818699800326,0.0,0.0,0.0,0.0,0.0,0.0,0.5,1.0,1.0
2914,test,1,0,1,0.0,146.63044045752986,0.0,-467.1339184949866,0.0,0.0,0.0,0.0,0.5,1.0,1.0
2914,test,1,2,1,-60.0,-577.7898049032547,0.0,-1473.345980699047,0.0,0.0,0.0,0.0,0.5,1.0,1.0
2915,train,0,1,0,480.0,1172.3659039464592,0.0,-52.974546707687296,145.8054486850938,0.0,0.0,-7.516549451882256,0.5,1.0,1.0
2915,train,1,2,1,0.0,939.6575940552425,0.0,451.3236294970392,-153.4677303898236,0.0,0.0,-63.46301390950684,0.5,1.0,1.0
2916,train,1,0,1,-30.859314891582247,154.55167685569697,-0.5714285714285714,-3.426964280721304,-4.8481015392787565,0.0,0.0,3.1445299472448713,0.5,0.5143219148597041,0.8276266168522108
2916,train,2,1,0,30.859314891582247,270.1705922003864,0.0,35.94170222749788,22.82071267690204,0.0,0.0,-3.2164376445592584,0.5,0.5143219148597041,0.8276266168522108
2917,train,0,2,0,480.0,2839.547601778808,0.0,0.0,0.0,0.0,0.0,0.0,0.5,1.0,1.0
2917,train,2,1,1,120.0,-437.4616325380448,0.0,0.0,0.0,0.0,0.0,0.0,0.5,1.0,1.0
2918,train,2,0,1,-360.0,-719.184599191779,0.0,0.0,0.0,0.0,0.0,0.0,0.5,1.0,1.0
2918,train,1,2,0,900.0,1370.3153739974323,0.0,0.0,0.0,0.0,0.0,0.0,0.5,1.0,1.0
2919,train,1,0,0,381.59759892748576,-1501.127985923244,0.0,0.0,0.0,0.0,0.0,22.99975024602631,0.5,1.5899899955311907,1.4035541953583235
2919,train,2,0,0,381.59759892748576,-748.5021821791179,0.0,0.0,0.0,0.6666666666666666,0.0,200.26521500532883,0.5,1.5899899955311907,1.4035541953583235
2920,validation,0,2,0,252.6397121838657,-669.89619363004,0.0,0.0,0.0,0.3333333333333333,0.0,0.0,0.5,1.4035539565770316,1.6263452709123112
2920,validation,2,1,1,673.7058991569752,-456.06322089328154,-0.6666666666666666,0.0,0.0,-0.3333333333333333,0.0,0.0,0.5,1.4035539565770316,1.6263452709123112
2921,validation,1,0,1,-780.0,-1547.7936318563275,0.30000000000000004,-463.8928929344568,0.0,0.0,-0.6000000000000001,0.0,0.5,1.0,1.0
2921,validation,2,1,0,180.0,506.2795038388399,-0.20000000000000004,351.1093429300269,0.0,0.2,-0.8999999999999999,0.0,0.5,1.0,1.0
2922,test,0,1,1,0.0,-960.9320370032183,0.0,0.0,0.0,0.0,-4.0,0.0,0.5,1.3973862518109899,1.139390270825797
2922,test,0,2,1,-503.05905065195634,-1709.8572996731011,0.0,0.0,0.0,0.0,-2.0,0.0,0.5,1.3973862518109899,1.139390270825797
2923,test,1,0,0,451.8624703520283,357.76128019115146,0.0,0.0,0.0,0.0,0.0,31.665595081731993,0.5,1.2551735287556343,0.656861231009639
2923,test,0,2,1,-75.31041172533806,947.6659635784742,0.0,0.0,0.0,-0.6666666666666666,0.0,45.97764970621057,0.5,1.2551735287556343,0.656861231009639
2924,test,1,0,0,470.1525052206052,114.32841756623354,0.0,-330.0063850316137,0.0,1.0,0.33333333333333326,0.0,0.5,1.9589687717525215,0.9097067925434833
2924,test,0,2,1,-1175.3812630515129,-393.00346952905136,0.0,575.8082909334682,0.0,0.0,-1.1666666666666667,0.0,0.5,1.9589687717525215,0.9097067925434833
2925,train,0,1,1,-120.61344416192073,-636.879395348368,-0.047619047619047616,102.72447586114254,-182.8000911240622,-0.09523809523809523,0.28571428571428603,-84.47196084706081,0.5,1.0051120346826727,0.8170990098537756
2925,train,0,2,1,-723.6806649715244,-261.04624019398244,-0.047619047619047616,204.58413725754116,-99.48855752717526,0.09523809523809523,0.28571428571428603,-158.78074572060189,0.5,1.0051120346826727,0.8170990098537756
2926,train,0,2,0,-60.0,-700.6208796890751,0.5333333333333333,-95.99377056849971,94.72521025859086,-0.2,0.0,-17.19427987895529,0.5,1.0,1.0
2926,train,2,1,1,-180.0,-389.74264258316134,0.0,-345.50186572735777,-72.77319993700515,0.2,0.0,2.564228774344862,0.5,1.0,1.0
2927,train,1,0,1,86.07826021105649,-288.8354014257638,0.0,-228.02328057631672,0.0,0.5,-0.33333333333333326,0.0,0.5,1.4346376701842747,0.8674490605351771
2927,train,1,2,1,86.07826021105649,-62.17946373686165,0.0,-263.0300724167259,0.0,0.5,-3.666666666666666,0.0,0.5,1.4346376701842747,0.8674490605351771
2928,test,1,0,1,231.84803635744152,-229.79658967985048,0.0,0.0,0.0,0.0,-2.0,-266.54913568981124,0.5,0.5520191341843845,0.5423555191888102
2928,test,1,2,1,231.84803635744152,-171.57192039224935,0.0,0.0,0.0,0.0,-0.6666666666666665,13.225654105889541,0.5,0.5520191341843845,0.5423555191888102
2929,train,0,1,0,0.0,-398.8038097585006,0.0,50.44170921412524,0.0,0.0,0.30000000000000004,0.0,0.5,0.6700422528810517,1.1540666725800581
2929,train,2,1,0,80.4050703457262,-3.1527624551922573,0.2,50.12129308601712,0.0,0.4,0.0,0.0,0.5,0.6700422528810517,1.1540666725800581
2930,train,1,0,0,0.0,219.9791349656837,4.0,0.0,0.0,0.0,0.0,0.0,0.5,1.1903840681283546,0.6942467525259642
2930,train,2,0,0,71.42304408770127,-64.30971014948322,1.0,0.0,0.0,0.0,0.0,0.0,0.5,1.1903840681283546,0.6942467525259642
2931,train,0,1,1,-780.0,-1449.3820522134201,0.0,0.0,0.0,0.0,0.0,0.0,0.5,1.0,1.0
2931,train,2,0,0,180.0,-545.5349438871744,0.0,0.0,0.0,0.0,0.0,0.0,0.5,1.0,1.0
2932,train,0,1,1,0.0,-355.326706822344,-0.2857142857142857,-190.57544881047573,2.2968020816843726,-0.23809523809523808,0.38095238095238093,6.348591622254855,0.5,1.0,1.0
2932,train,0,2,1,-60.0,-132.83155911324138,0.0,-71.64938561982086,-18.97731216262473,-0.47619047619047616,0.0,-4.334014171433585,0.5,1.0,1.0
2933,train,2,0,1,220.8097242890152,0.0,-0.23809523809523808,-101.587187818201,29.622303078972053,0.0,0.14285714285714285,-27.14301659153644,0.5,1.226720690494529,1.8499566971405004
2933,train,2,1,1,220.8097242890152,-648.9320941444196,0.0,-10.014688128127704,8.54495193661296,-0.19047619047619047,0.047619047619047616,-16.82791024033266,0.5,1.226720690494529,1.8499566971405004
2934,train,0,2,0,350.228393258209,-9.718512746485619,0.0,-93.94636755935335,0.0,0.0,0.0,0.0,0.5,1.1674279775273633,1.1080069717699048
2934,train,1,2,0,280.1827146065672,465.4263844664519,0.0,-143.60049760817674,0.0,0.0,-0.5,0.0,0.5,1.1674279775273633,1.1080069717699048
2935,train,1,0,1,505.27525079519626,-482.4420965199747,-0.13333333333333336,-482.387693306899,0.0,-0.6666666666666666,-0.40000000000000013,-0.49962826939729155,0.5,0.7655685618109034,0.610509854781928
2935,train,1,2,1,597.1434782125046,-159.55313750742957,0.0,-389.3106031493488,0.0,-0.3333333333333333,0.0,72.75549685253944,0.5,0.7655685618109034,0.610509854781928
2936,train,0,2,0,115.49825308565175,-380.01840249507524,0.20000000000000007,0.0,-23.573718091389356,0.0,0.6666666666666665,0.0,0.5,1.9249708847608626,1.647887508226737
2936,train,2,1,1,0.0,-1157.8585834339235,0.4,0.0,22.88567252601638,0.0,-0.6666666666666665,-12.629530815232378,0.5,1.9249708847608626,1.647887508226737
2937,train,0,2,0,404.1921232164112,-830.4488107330502,0.0,0.0,-116.94798753373,0.33333333333333337,1.5,0.0,0.5,1.3473070773880373,1.9794997446645153
2937,train,1,2,0,323.35369857312895,-725.941759819074,0.0,0.0,-114.3947612135798,0.9999999999999999,2.5,0.0,0.5,1.3473070773880373,1.9794997446645153
2938,train,2,0,1,-60.0,-883.9919394533263,0.0,0.0,0.0,0.0,0.0,0.0,0.5,1.0,1.0
2938,train,2,1,1,-60.0,-330.297832535231,0.0,0.0,0.0,0.0,0.0,0.0,0.5,1.0,1.0
2939,train,0,2,0,340.1881040306734,-448.93207068453506,-0.6666666666666666,0.0,-210.807612931713,0.0,0.8,197.18312692617792,0.5,1.417450433461139,0.6963444485831669
2939,train,1,2,0,255.14107802300504,-304.0199768756509,0.9999999999999999,0.0,-132.08638964512386,0.13333333333333336,1.4000000000000004,60.780832106302626,0.5,1.417450433461139,0.6963444485831669
2940,train,1,0,0,120.0,-607.1803132248069,0.09523809523809523,220.3047917298014,165.7257776502541,0.0,-0.2857142857142857,4.230400433401925,0.5,1.0,1.0
2940,train,2,0,0,-120.0,-1006.2076134936456,0.0,115.44199013378491,48.83025856377351,0.0,-0.14285714285714285,-87.59613684205723,0.5,1.0,1.0
2941,train,1,0,0,-480.0,-726.2703205538555,0.0,0.0,0.0,0.0,0.0,0.0,0.5,1.0,1.0
2941,train,0,2,1,120.0,-1085.3326128518738,0.0,0.0,0.0,0.0,0.0,0.0,0.5,1.0,1.0
2942,train,0,2,0,298.0640107634655,14.31180778440744,0.0,0.0,-115.44403194940185,0.0,0.0,0.0,0.5,1.2419333781811062,1.208706524621887
2942,train,2,1,1,-372.58001345433183,-1119.56218649044,0.0,0.0,-1187.0830561605335,0.0,0.0,0.0,0.5,1.2419333781811062,1.208706524621887
2943,train,0,1,0,0.0,165.49656066080888,0.0,80.4417781543866,0.0,0.0,-0.1333333333333333,-13.230801617842271,0.5,1.0,1.0
2943,train,2,1,0,60.0,-142.4152121777106,0.0,472.9939290722984,0.0,0.0,-0.39999999999999997,23.40509566838022,0.5,1.0,1.0
2944,train,0,1,1,-180.0,-937.8207877692039,0.0,0.0,0.0,0.0,0.0,0.0,0.5,1.0,1.0
2944,train,0,2,1,0.0,-1021.4552197756029,0.0,0.0,0.0,0.0,0.0,0.0,0.5,1.0,1.0
2945,train,0,1,1,225.59083197920535,619.2356513769598,-0.3333333333333333,37.95860494934743,-106.84937245070398,0.0,-0.3999999999999999,6.210426898073955,0.5,1.2532823998844742,1.2134834688567884
2945,train,2,0,0,75.19694399306846,113.45962865777648,0.3333333333333333,-86.50516450487842,292.5536186033588,0.0,0.19999999999999996,-33.81525438738904,0.5,1.2532823998844742,1.2134834688567884
2946,train,0,2,0,0.0,44.43179885106321,0.0,0.0,187.65786745291945,0.0,1.3333333333333333,0.0,0.5,0.8899780879188753,1.186141333721204
2946,train,1,2,0,-53.39868527513252,-282.75926328476663,0.0,0.0,92.86207897784827,0.0,1.3333333333333333,0.0,0.5,0.8899780879188753,1.186141333721204
2947,train,2,0,1,-315.1143707346306,74.04947240968072,-0.5,0.0,-177.35274208697837,0.0,-0.6666666666666666,0.0,0.5,1.3129765447276274,1.2297008807743557
2947,train,1,2,0,236.33577805097292,-349.27526773405185,0.0,0.0,37.305274088608826,0.0,0.33333333333333337,0.0,0.5,1.3129765447276274,1.2297008807743557
2948,train,1,0,0,0.0,-292.16679208579126,0.0,-406.52101476850834,0.0,0.3333333333333333,0.0,0.0,0.5,1.0,1.0
2948,train,0,2,1,-300.0,-494.0961048188392,0.0,-427.2409355719243,0.0,0.0,0.0,0.0,0.5,1.0,1.0
2949,test,0,2,0,671.8558530451787,3556.7396622520664,-0.5,868.4620880312507,0.0,0.0,0.0,6.661737362388626,0.5,1.24417750563922,1.024519833097321
2949,test,2,1,1,-74.65065033835319,-1135.006512551729,0.5,-570.1697990017367,0.0,0.0,0.0,-92.76326030407151,0.5,1.24417750563922,1.024519833097321
2950,train,0,1,0,-101.35391601247467,-14.520368634907287,0.0,-78.25990459028714,0.0,1.6,0.30000000000000004,-125.22410158665885,0.5,1.6892319335412445,0.5753615481922554
2950,train,2,1,0,0.0,646.2027983107619,0.0,30.56058138845603,0.0,0.8,1.2,-25.536839389711503,0.5,1.6892319335412445,0.5753615481922554
2951,validation,0,1,0,246.91318303280045,19.986455916613046,0.0,0.0,0.0,0.0,0.0,0.0,0.5,1.0288049293033352,1.6947926304941188
2951,validation,2,1,0,246.91318303280045,630.0326677490401,0.0,0.0,0.0,0.0,6.0,0.0,0.5,1.0288049293033352,1.6947926304941188
2952,test,0,1,0,-540.1513882470198,949.102621237495,-0.3,2.690865243271361,73.93535556389874,0.0,1.6000000000000003,0.0,0.5,1.5004205229083882,1.0569399674471796
2952,test,2,1,0,-720.2018509960263,-333.22189578464986,0.5999999999999999,124.94425775667577,63.46492917528842,0.0,2.0,0.0,0.5,1.5004205229083882,1.0569399674471796
2953,train,2,0,1,-732.7068134695444,-1452.661778127592,0.2,0.0,-528.5343849511778,0.0,0.4000000000000001,0.0,0.5,1.2211780224492406,1.0646447228001927
2953,train,2,1,1,219.8120440408633,743.1712811826491,0.2,0.0,109.46717282566141,0.0,-0.09999999999999998,0.0,0.5,1.2211780224492406,1.0646447228001927
2954,train,1,0,1,345.28570137316257,784.8664067870518,0.0,163.73745009094077,-70.406446419977,0.0,0.19047619047619047,-140.69807095237059,0.5,1.91825389651757,0.5372329304688206
2954,train,1,2,1,460.3809351642168,190.59417749268417,-0.2857142857142857,148.40656693558185,-98.83949117997695,-0.47619047619047616,0.09523809523809523,-120.56712803822407,0.5,1.91825389651757,0.5372329304688206
2955,test,0,1,1,-60.0,-954.4980898487238,0.0,-29.38780341583606,0.0,0.0,-0.6,-13.55480910853985,0.5,1.0,1.0
2955,test,0,2,1,-180.0,-904.3295869276999,0.2,119.77725024716938,0.0,0.0,-0.29999999999999993,-35.41454232979209,0.5,1.0,1.0
2956,train,2,0,1,-191.44513323673152,1105.09467486838,0.0,0.0,0.0,-1.0,0.0,0.0,0.5,0.797688055153048,0.9253729968383045
2956,train,2,1,1,-382.89026647346304,221.03492808371456,0.0,0.0,0.0,-1.0,0.0,0.0,0.5,0.797688055153048,0.9253729968383045
2957,train,0,2,0,337.6914032230572,377.9806091027581,0.0,0.0,0.0,0.0,0.0,-45.71377304575388,0.5,1.8760633512392066,0.5034688532596191
2957,train,2,1,1,-112.5638010743524,-588.3172797535595,0.0,0.0,0.0,0.0,0.0,157.73813761690377,0.5,1.8760633512392066,0.5034688532596191
2958,train,1,0,1,79.21235805894075,-786.8271021505508,0.0,0.0,-546.8810619706392,0.0,0.0,0.0,0.5,1.3202059676490125,0.7403055880290232
2958,train,2,1,0,554.4865064125853,1067.6818712700394,0.0,0.0,122.91874687235475,0.0,0.0,0.0,0.5,1.3202059676490125,0.7403055880290232
2959,train,1,0,1,49.36325388156188,29.80120886257668,0.0,0.0,0.0,0.0,-1.9999999999999996,8.96816885277218,0.5,0.8227208980260313,1.6438895231847612
2959,train,2,1,0,246.8162694078094,601.8457298292818,0.0,0.0,0.0,0.0,1.9999999999999996,-99.72235305936034,0.5,0.8227208980260313,1.6438895231847612
2960,validation,0,2,0,113.17656718136655,-41.353371947849155,0.3333333333333333,0.0,-69.24507861505302,0.0,0.0,0.0,0.5,0.6287587065631475,0.5343604818963222
2960,validation,1,2,0,37.72552239378885,-218.1980435937505,0.0,0.0,344.67528964142446,0.0,0.0,0.0,0.5,0.6287587065631475,0.5343604818963222
2961,train,1,0,0,-240.0,-951.6492234009329,0.0,0.0,0.0,0.0,0.0,0.0,0.5,1.0,1.0
2961,train,0,2,1,360.0,1448.875982726151,0.0,0.0,0.0,0.0,0.0,0.0,0.5,1.0,1.0
2962,train,1,0,1,180.0,-495.4682128454656,0.0,-845.1891251089289,0.0,0.0,0.0,0.0,0.5,1.0,1.0
2962,train,2,1,0,-180.0,2.3557244032958806,0.3333333333333333,742.7054535666757,0.0,0.0,0.0,0.0,0.5,1.0,1.0
2963,test,1,0,1,-960.0,-2440.7050709458226,0.0,-1103.940493884636,8.835134136217079,0.0,0.0,0.0,0.5,1.0,1.0
2963,test,2,1,0,0.0,1099.704367797608,0.0,-433.6814129694594,452.7608634474768,0.0,0.0,0.0,0.5,1.0,1.0
2964,train,2,0,1,0.0,-776.8218157216706,0.0,0.0,0.0,0.0,0.0,0.0,0.5,0.7170031945244829,0.6712183487928123
2964,train,1,2,0,258.1211500288139,693.4095506316938,0.0,0.0,0.0,-1.0,0.0,0.0,0.5,0.7170031945244829,0.6712183487928123
2965,train,2,0,1,-768.0900204529655,-524.5819042941561,-0.3333333333333333,0.0,0.0,0.0,0.33333333333333326,-102.79027871162015,0.5,1.600187542610345,1.4484716708790557
2965,train,1,2,0,480.0562627831035,1472.64294178036,0.3333333333333333,0.0,0.0,0.0,0.6666666666666667,174.62004242687908,0.5,1.600187542610345,1.4484716708790557
2966,validation,1,0,1,-1240.0080301677203,-1761.582270596527,-0.2,159.06335683731476,-64.80912698286369,0.6666666666666666,-0.5333333333333337,0.0,0.5,0.8611166876164724,1.1696255750943687
2966,validation,1,2,1,-878.3390213688019,457.5535750891278,-0.13333333333333333,-263.8038445479973,40.71346521294686,0.0,0.0,0.0,0.5,0.8611166876164724,1.1696255750943687
2967,train,0,1,1,-139.9608107968461,-1517.8770685398467,0.0,0.0,-154.83360957466937,-0.2,0.8,-57.35871064706759,0.5,1.1663400899737173,0.887722910147325
2967,train,0,2,1,0.0,98.6330020229123,0.0,0.0,-421.1213335478931,-0.06666666666666667,1.2000000000000002,-4.617202082635449,0.5,1.1663400899737173,0.887722910147325
2968,train,0,1,0,-240.0,-212.746891642606,0.0,0.0,0.0,0.0,0.0,0.0,0.5,1.0,1.0
2968,train,1,2,1,660.0,912.5001878781623,0.0,0.0,0.0,0.0,0.0,0.0,0.5,1.0,1.0
2969,train,0,1,1,-366.54151141160116,2026.706027195188,0.19047619047619047,-221.34407861343948,47.40380093568734,0.0,-0.2857142857142856,22.24912710870845,0.5,1.2218050380386705,1.4082688235618472
2969,train,2,0,0,146.61660456464045,65.49785188968552,0.0,395.7928421547249,-26.218513073974748,-0.23809523809523808,-0.5714285714285716,-30.643480787589066,0.5,1.2218050380386705,1.4082688235618472
2970,train,0,1,0,80.89340169627266,199.49609546242857,0.0,-84.26606172084405,-17.025826593418458,0.0,0.0,30.473594953164707,0.5,0.6741116808022722,0.7519458026865743
2970,train,2,1,0,0.0,-49.1617214349922,0.0,21.50364037267778,-8.160228378050874,0.0,0.06666666666666667,-0.08717245535400009,0.5,0.6741116808022722,0.7519458026865743
2971,train,0,2,0,96.09145123879236,-322.77160283517134,0.0,168.3107264391962,101.00363256865853,0.0,-0.2857142857142857,-55.86042312463364,0.5,1.601524187313206,1.4872524389636055
2971,train,1,2,0,288.2743537163771,-100.79139754221887,-0.047619047619047616,707.9996644759743,127.80074968221155,0.0,0.09523809523809523,-78.05512928067989,0.5,1.601524187313206,1.4872524389636055
2972,test,0,2,0,137.8706015605611,164.34611303084566,-0.2,14.74340151122344,0.0,-0.06666666666666667,0.0,93.0032018473955,0.5,1.1489216796713426,0.6799260891656062
2972,test,1,2,0,0.0,-84.23425934735057,0.2,-15.691462224153994,0.0,0.0,-0.5333333333333333,42.96973815748917,0.5,1.1489216796713426,0.6799260891656062
2973,test,1,0,0,-116.79387449681872,-196.44444694142666,1.2000000000000002,-42.070046152548684,0.0,0.0,0.6000000000000001,32.02722591109801,0.5,0.9732822874734893,1.1841557940597578
2973,test,2,0,0,-116.79387449681872,-1016.1211239121816,0.8000000000000002,-115.61827152416527,0.0,0.0,0.0,-8.050121866310352,0.5,0.9732822874734893,1.1841557940597578
2974,validation,1,0,0,-33.89368217398992,402.6720321519523,0.5,-211.92335963495907,0.0,0.0,0.9999999999999999,0.0,0.5,0.564894702899832,0.9085987560927152
2974,validation,0,2,1,-67.78736434797985,-676.5041241614047,0.0,-52.054180450857075,0.0,0.0,-1.6666666666666665,0.0,0.5,0.564894702899832,0.9085987560927152
2975,train,1,0,1,180.0,-539.8201953318039,0.0,0.0,0.0,0.0,0.0,0.0,0.5,1.0,1.0
2975,train,1,2,1,-660.0,-1283.7704513369536,0.0,0.0,0.0,0.0,0.0,0.0,0.5,1.0,1.0
2976,train,1,0,0,120.0,57.622274798875424,0.0,0.0,0.0,0.0,0.0,0.0,0.5,1.0,1.0
2976,train,2,0,0,180.0,503.0530268113562,0.0,0.0,0.0,0.0,0.0,0.0,0.5,1.0,1.0
2977,train,0,1,1,-180.0,376.7863590257748,-0.19047619047619047,-343.49087687653366,-11.863371225145187,-0.047619047619047616,-0.28571428571428564,-29.18986671552037,0.5,1.0,1.0
2977,train,2,0,0,120.0,-606.8008907757667,0.0,-234.45733766011745,-69.11876368014629,0.0,0.42857142857142855,46.77275623129969,0.5,1.0,1.0
2978,train,1,0,0,1138.73971073267,2151.6915503064265,-1.0,0.0,0.0,0.0,0.0,0.0,0.5,1.5815829315731527,1.7476645594626072
2978,train,2,0,0,-94.89497589438916,1627.1773553985033,2.0,0.0,0.0,0.0,0.0,0.0,0.5,1.5815829315731527,1.7476645594626072
2979,validation,0,1,1,-233.87547820319733,1001.5915147647945,0.0,0.0,0.0,-1.0,0.0,0.0,0.5,1.9489623183599778,1.9666435990188
2979,validation,0,2,1,-350.813217304796,-939.5190728058213,0.0,0.0,0.0,-1.0,0.0,0.0,0.5,1.9489623183599778,1.9666435990188
2980,train,1,0,1,0.0,-642.7606667735147,-1.0,0.0,0.0,0.0,0.0,111.45017460122648,0.5,1.9023761185783468,1.0512208623916128
2980,train,1,2,1,570.712835573504,-45.37919717325698,-0.3333333333333333,0.0,0.0,0.0,0.0,-37.0553223826704,0.5,1.9023761185783468,1.0512208623916128
2981,validation,2,0,1,-211.88675672604737,-380.99943281192157,0.0,30.83720917906203,26.6416186661036,0.0,-0.10000000000000003,0.0,0.5,1.177148648478041,0.8129866941564414
2981,validation,2,1,1,-353.14459454341227,-849.9358225626012,0.0,-216.54261803689906,-17.562577310183087,0.0,0.0,0.0,0.5,1.177148648478041,0.8129866941564414
2982,train,1,0,0,0.0,-108.39554778196276,0.0,132.51715462077675,-10.235826925611054,0.26666666666666666,0.0,65.55396526925503,0.5,0.7821363266646355,1.6653967117156205
2982,train,0,2,1,-187.7127183995125,116.6916447280351,-0.06666666666666667,-99.05870253377266,10.178961718361014,0.0,0.0,-16.75046132567899,0.5,0.7821363266646355,1.6653967117156205
2983,train,1,0,1,-240.0,-1456.0882740359102,0.0,0.0,0.0,0.0,0.0,0.0,0.5,1.0,1.0
2983,train,1,2,1,-420.0,-1957.108619137307,0.0,0.0,0.0,0.0,0.0,0.0,0.5,1.0,1.0
2984,train,0,2,0,-38.06958105173198,-1263.6307776176193,0.0,33.09596736631573,0.0,0.0,0.33333333333333326,245.17989454674313,0.5,0.6344930175288663,1.4127824985836885
2984,train,1,2,0,-38.06958105173198,-797.3794524435614,0.0,-125.683489920642,0.0,0.0,1.0,199.1223812576071,0.5,0.6344930175288663,1.4127824985836885
2985,train,2,0,1,-376.4760935379551,-6087.97776610025,-0.13333333333333333,0.0,-624.6136542909874,0.0,-2.1333333333333333,-5.081188930738211,0.5,0.5704183235423562,1.8607642214533793
2985,train,2,1,1,-616.0517894257447,-7839.048458346046,-0.5333333333333333,0.0,222.98441667568875,-0.6000000000000001,-2.4,24.925371349663468,0.5,0.5704183235423562,1.8607642214533793
2986,train,1,0,0,60.0,387.8178174499635,0.0,0.0,0.0,0.0,0.0,0.0,0.5,1.0,1.0
2986,train,2,0,0,0.0,-548.7370454015454,0.0,0.0,0.0,0.0,0.0,0.0,0.5,1.0,1.0
2987,train,0,2,0,279.8943990957595,-181.65808953227338,0.0,0.0,12.51283953473012,0.0,0.0,0.0,0.5,0.9329813303191984,0.7642853146203827
2987,train,1,2,0,-55.978879819151906,-842.1975644344951,0.0,0.0,-198.9639547519244,0.16666666666666666,0.0,0.0,0.5,0.9329813303191984,0.7642853146203827
2988,train,1,0,0,153.5376763765658,5627.821611010241,1.6666666666666665,-31.715321566934165,580.6573897369356,-0.14285714285714285,-0.09523809523809512,138.1116889121759,0.5,0.6397403182356908,1.419980665938367
2988,train,2,0,0,-383.84419094141447,1834.66362849259,0.7142857142857142,94.35475300008409,273.3492548550281,-0.23809523809523808,-0.19047619047619035,61.7756577743171,0.5,0.6397403182356908,1.419980665938367
2989,train,1,0,0,194.50919009392976,-264.8820368137828,0.0,0.0,0.0,0.0,0.16666666666666666,-22.30699432390493,0.5,1.6209099174494146,0.72788349365434
2989,train,2,0,0,0.0,187.17706069272143,0.0,0.0,0.0,1.0,0.5,-2.8114715550995726,0.5,1.6209099174494146,0.72788349365434
2990,train,0,2,0,60.50590221402977,82.1427912969291,0.2,19.31817485199703,-3.2985782579774963,0.0,0.0,0.0,0.5,0.5042158517835814,1.940377185506931
2990,train,2,1,1,0.0,226.40003940132073,0.0,-189.07816080176167,-43.1233315535314,-0.8,0.0,0.0,0.5,0.5042158517835814,1.940377185506931
2991,train,1,0,0,-568.6037039552809,1330.5433168511593,-0.14285714285714285,655.5671601271239,379.9503576471808,0.5714285714285714,0.5714285714285713,-334.1419900223936,0.5,0.8615207635686075,0.6389408973550379
2991,train,2,0,0,-155.07373744234934,348.8278733208813,-0.09523809523809523,1110.735072962113,363.33645480314624,-0.2857142857142857,0.38095238095238104,-108.26111678481948,0.5,0.8615207635686075,0.6389408973550379
2992,train,2,0,1,120.0,-177.0438595036212,0.0,0.0,0.0,0.0,0.0,0.0,0.5,1.0,1.0
2992,train,1,2,0,0.0,510.7901012001994,0.0,0.0,0.0,0.0,0.0,0.0,0.5,1.0,1.0
2993,validation,1,0,1,-780.0,-2454.552437782423,0.0,0.0,0.0,0.0,0.0,0.0,0.5,1.0,1.0
2993,validation,1,2,1,120.0,-307.8452808927118,0.0,0.0,0.0,0.0,0.0,0.0,0.5,1.0,1.0
2994,train,1,0,1,-93.69778298676195,213.42839981215653,0.0,-57.005351966988606,0.0,0.0,0.0,0.0,0.5,1.5616297164460324,0.8109556647596061
2994,train,2,1,0,374.7911319470478,-81.0314133353681,1.0,351.9748693580515,0.0,0.0,1.3333333333333335,0.0,0.5,1.5616297164460324,0.8109556647596061
2995,train,0,1,1,255.34227806933077,1550.279944810242,0.0,0.0,-135.956003115354,0.0,0.4999999999999999,0.0,0.5,1.418568211496282,1.114489476860893
2995,train,0,2,1,-255.34227806933077,843.7510860747523,-1.0,0.0,-126.38834200955186,0.0,0.4999999999999999,0.0,0.5,1.418568211496282,1.114489476860893
2996,train,0,2,0,234.71824422813447,697.1622521364832,0.0,0.0,44.99558773236885,0.3333333333333333,0.0,23.465851178776376,0.5,1.9559853685677873,1.0342002837299131
2996,train,1,2,0,234.71824422813447,680.9750094338863,0.0,0.0,50.53457120006614,0.0,0.0,-46.1348101804944,0.5,1.9559853685677873,1.0342002837299131
2997,train,0,1,0,-120.0,132.74221372220472,0.0,0.0,0.0,0.0,0.0,0.0,0.5,1.0,1.0
2997,train,2,1,0,300.0,840.7434361599835,0.0,0.0,0.0,0.0,0.0,0.0,0.5,1.0,1.0
2998,train,0,1,1,-30.426739782985084,-740.2669883095674,0.5999999999999999,401.8253563879165,130.5380260400763,0.0,0.0,-195.3854621587074,0.5,0.5071123297164181,0.6348552675751433
2998,train,0,2,1,121.70695913194034,785.4259191416674,0.5999999999999999,-53.88029862755229,165.47797577769933,0.0,0.0,-64.28661235070403,0.5,0.5071123297164181,0.6348552675751433
2999,train,0,1,1,-89.83403393922745,106.40636789812046,0.0,0.0,-238.464207328545,0.0,0.0,0.0,0.5,1.4972338989871241,1.3470140524222372
2999,train,2,0,0,179.6680678784549,-565.4488577104611,0.0,0.0,355.08768775620007,0.0,0.0,0.0,0.5,1.4972338989871241,1.3470140524222372
