search_id,split,a,b,y,time_diff,distance_diff,intersection_weighted_diff,merge_weighted_diff,narrow_weighted_diff,turn_weighted_diff,consecutive_weighted_diff,child_100m_weighted_diff,sample_weight,m_time,m_distance
0,train,2,0,1,0.0,-201.21409044804886,0.0,0.0,0.0,0.0,0.0,0.0,0.5,1.0,1.0
0,train,1,2,0,180.0,52.64692147391497,0.0,0.0,0.0,0.0,0.0,0.0,0.5,1.0,1.0
1,train,2,0,1,-120.0,-724.9182547179762,0.3333333333333333,172.97833388071442,-124.76548716779412,0.0,0.0,23.56936479494987,0.5,0.8709902812777305,1.1825530944598042
1,train,2,1,1,0.0,-703.2568026511053,0.0,200.93269564681557,-402.5854585132246,0.0,0.0,4.06924909189927,0.5,0.8709902812777305,1.1825530944598042
2,train,1,0,1,-60.0,-887.7818630802817,0.0,0.0,0.0,0.0,0.0,0.0,0.5,0.5469453812664009,1.5805694183734877
2,train,2,1,0,-180.0,131.71536230730635,0.0,0.0,0.0,0.0,0.0,0.0,0.5,0.5469453812664009,1.5805694183734877
3,train,1,0,0,60.0,277.50159435326304,0.0,224.92428164949817,0.0,-0.4,0.10000000000000003,5.081461412310939,0.5,1.277495180620856,1.1678410542012976
3,train,0,2,1,-120.0,-893.7628213352186,0.0,-115.56528625712113,0.0,0.4,-0.2,-154.8332001880413,0.5,1.277495180620856,1.1678410542012976
4,train,0,1,0,-240.0,-299.2428169038958,0.2,308.9209290784655,0.0,0.20000000000000004,-0.40000000000000036,0.0,0.5,0.662713215123164,0.612630758782848
4,train,1,2,1,-120.0,-679.4026881300306,-0.4000000000000001,-113.60561658834567,0.0,-0.1,-1.1999999999999997,0.0,0.5,0.662713215123164,0.612630758782848
5,train,0,1,0,0.0,620.3915383020958,-0.26666666666666666,0.0,124.23434590675163,0.3333333333333333,-0.2666666666666666,2.8088391191317683,0.5,0.6187359089070699,1.5859138601153848
5,train,2,1,0,240.0,721.7678116404677,-0.13333333333333333,0.0,-32.064639123388204,0.0,0.8,0.5669868035480903,0.5,0.6187359089070699,1.5859138601153848
6,validation,0,2,0,-60.0,194.0812104638444,0.0,195.758393506699,0.0,-0.13333333333333333,2.0,4.927386533970221,0.5,0.9320350260211129,0.5182281703279376
6,validation,1,2,0,180.0,195.39187597836963,0.2,143.57863967065066,0.0,-0.13333333333333333,0.6666666666666666,-40.91102829186605,0.5,0.9320350260211129,0.5182281703279376
7,train,1,0,0,240.0,581.5796562542687,0.33333333333333337,0.0,-138.36683198699455,0.0,0.0,0.0,0.5,1.0930398932220986,1.8401515191357016
7,train,2,0,0,300.0,1024.6960320050225,0.0,0.0,220.85888315150225,0.0,0.0,0.0,0.5,1.0930398932220986,1.8401515191357016
8,train,2,0,1,60.0,-582.1917951287355,0.0,0.0,-56.423361117111156,0.0,0.0,0.0,0.5,1.3061625539166346,0.5311510713930038
8,train,2,1,1,-120.0,-1459.2324764683935,-0.3333333333333333,0.0,-166.72030235716772,0.0,0.5,0.0,0.5,1.3061625539166346,0.5311510713930038
9,train,2,0,1,-180.0,827.0327084060727,0.0,-378.5521933624707,-1004.6431512765762,0.0,0.0,0.0,0.5,0.7349967552340322,0.6252253773642172
9,train,2,1,1,-60.0,921.4757152219372,0.0,-263.27481240114594,-520.8454529647994,0.0,0.0,0.0,0.5,0.7349967552340322,0.6252253773642172
10,validation,0,2,0,-180.0,-27.26016108639851,0.0,0.0,0.0,1.0,0.0,0.0,0.5,0.5567160350326432,1.0332725396392644
10,validation,2,1,1,-120.0,-930.5337697182481,0.0,0.0,0.0,-1.0,0.0,0.0,0.5,0.5567160350326432,1.0332725396392644
11,train,0,1,0,-60.0,1.9336686127635403,0.0,0.0,-260.71530285710963,0.6666666666666666,0.0,0.0,0.5,1.632741977240225,0.9547577033619895
11,train,1,2,1,-60.0,-480.16073915445577,0.0,0.0,-132.20729585540101,-0.6666666666666666,0.0,-35.400153605284586,0.5,1.632741977240225,0.9547577033619895
12,train,0,1,1,-180.0,-732.3444107037772,-0.06666666666666667,-5.008232902905547,26.26470961557841,-0.26666666666666666,0.0,44.82188676440906,0.5,1.0,1.0
12,train,0,2,1,-120.0,-665.5953199890391,-0.2,44.1222478365213,22.586173495064884,0.0,0.0,12.823833429609227,0.5,1.0,1.0
13,train,2,0,1,-60.0,-146.33939687608336,-0.23809523809523808,62.041090870966656,95.95028935169614,0.14285714285714285,-0.047619047619047616,-169.96256664124022,0.5,0.6539661858598329,0.6570959741596873
13,train,1,2,0,-180.0,-637.6080883018121,0.23809523809523808,-70.08577672597991,-80.84320843145333,0.14285714285714285,-0.047619047619047616,84.76100022573237,0.5,0.6539661858598329,0.6570959741596873
14,train,1,0,1,-300.0,736.6537444086657,0.0,-61.35957720517243,0.0,0.0,0.0,-123.51625820284875,0.5,0.6444365004654529,1.4683157317419808
14,train,1,2,1,-240.0,71.10706588521407,0.0,-78.80918932702568,0.0,0.3333333333333333,0.0,-174.14792428202037,0.5,0.6444365004654529,1.4683157317419808
15,validation,0,1,1,60.0,236.06172523078476,0.0,0.0,0.0,0.0,0.0,1.079626018059173,0.5,1.8445454045066674,0.9345281586571557
15,validation,2,0,0,0.0,-68.99209358059488,0.0,0.0,0.0,0.3333333333333333,0.0,301.60307839990156,0.5,1.8445454045066674,0.9345281586571557
16,validation,1,0,0,60.0,637.4816305481481,0.0,134.7003533146853,0.0,0.16666666666666666,0.0,30.08031264757323,0.5,0.7972669659487419,1.1582183747544557
16,validation,2,0,0,60.0,1111.0914091399413,0.0,-56.90077039637475,0.0,0.0,0.0,202.59253305390115,0.5,0.7972669659487419,1.1582183747544557
17,validation,0,1,1,120.0,-111.12279428480315,0.0,0.0,0.0,0.0,0.0,0.0,0.5,1.0,1.0
17,validation,2,0,0,180.0,859.1958195589864,0.0,0.0,0.0,0.0,0.0,0.0,0.5,1.0,1.0
18,train,0,2,0,-360.0,-1555.495273710399,0.047619047619047616,377.82679590103953,34.93613026979715,-0.09523809523809523,0.0,27.481359486915963,0.5,1.0,1.0
18,train,2,1,1,60.0,218.6376993903923,-0.047619047619047616,-336.0157547607191,-66.65395425699093,-0.19047619047619047,0.0,-49.4141490848916,0.5,1.0,1.0
19,train,1,0,0,420.0,1289.9525350060667,0.0,0.0,0.0,0.0,0.0,0.0,0.5,1.81545359316593,1.374006109437637
19,train,0,2,1,-120.0,-772.7238544526435,0.0,0.0,0.0,-1.0,0.0,0.0,0.5,1.81545359316593,1.374006109437637
20,train,0,2,0,540.0,1444.081653319994,0.0,486.0468136034599,222.50368342930284,0.0,0.40000000000000013,-9.633681455402908,0.5,1.5998176895102258,1.9255905379353908
20,train,2,1,1,-300.0,-1537.0244046330718,0.0,394.62121564673714,-166.92981606970807,0.0,-1.0,24.470876471385797,0.5,1.5998176895102258,1.9255905379353908
21,train,0,1,1,-60.0,180.9447750146444,0.0,1.7055119273934949,170.64084473735682,0.3,0.0,-55.77245278512875,0.5,0.9976120375063641,0.8941597837008736
21,train,2,0,0,0.0,-180.9447750146444,0.0,-8.219901750534632,79.0492940414706,-0.3,0.0,3.3095679164211758,0.5,0.9976120375063641,0.8941597837008736
22,train,2,0,1,-180.0,-317.2683332818651,0.06666666666666667,-327.6784741860765,-56.02622697392158,0.0,-1.3333333333333333,0.0,0.5,1.1681736940556542,0.5165151930612593
22,train,2,1,1,-240.0,-1216.113885531594,-0.13333333333333336,-201.82591884331435,125.09918824201284,-0.13333333333333333,-0.8,0.0,0.5,1.1681736940556542,0.5165151930612593
23,train,0,2,0,-240.0,-800.4401209262469,0.0,0.0,0.0,0.0,0.0,0.0,0.5,1.0,1.0
23,train,2,1,1,300.0,635.8637460297091,0.0,0.0,0.0,0.0,0.0,0.0,0.5,1.0,1.0
24,train,1,0,0,-420.0,-1176.388375313768,0.0,1.0915604205003433,31.225330666477575,-0.13333333333333333,1.0,-11.566102661889037,0.5,1.0,1.0
24,train,2,0,0,60.0,4.128814879431047,0.0,-255.17955602047826,60.27259503994004,0.0,1.2000000000000002,-15.192171552108913,0.5,1.0,1.0
25,train,0,2,0,240.0,2879.700031824059,-0.33333333333333337,0.0,0.0,0.0,0.5,82.40302696287588,0.5,1.946645704666277,0.8696302668124587
25,train,2,1,1,-60.0,-920.7207116793807,0.5,0.0,0.0,0.0,-3.0,-74.4135556402955,0.5,1.946645704666277,0.8696302668124587
26,train,1,0,1,-60.0,349.87134295468786,0.0,-81.03071787862964,0.0,-0.8,0.6000000000000001,76.67920712699635,0.5,1.664605701963876,1.1216717153358062
26,train,1,2,1,180.0,566.818178566893,0.0,-12.178633149267142,0.0,-1.6,0.30000000000000027,110.6553319919327,0.5,1.664605701963876,1.1216717153358062
27,train,2,0,1,-120.0,-237.26999233734205,0.0,0.0,0.0,0.0,0.0,0.0,0.5,1.0,1.0
27,train,1,2,0,60.0,-439.6433230845496,0.0,0.0,0.0,0.0,0.0,0.0,0.5,1.0,1.0
28,train,0,1,0,180.0,-2710.0117735307067,0.0,0.0,0.0,0.0,0.0,0.0,0.5,1.0,1.0
28,train,1,2,1,-300.0,306.4291766225306,0.0,0.0,0.0,0.0,0.0,0.0,0.5,1.0,1.0
29,validation,1,0,1,0.0,-1019.3385398675896,0.0,0.0,0.0,0.0,0.0,0.0,0.5,1.0,1.0
29,validation,2,1,0,-60.0,1165.9564443943664,0.0,0.0,0.0,0.0,0.0,0.0,0.5,1.0,1.0
30,train,0,1,0,120.0,-753.1142037725394,0.2,0.0,77.70559127009147,0.0,-1.7999999999999998,91.701972837842,0.5,1.1410817101873698,0.7661809656938487
30,train,1,2,1,0.0,313.8053302606595,-0.2,0.0,-37.56875700194877,0.0,1.1999999999999997,-113.3690042566244,0.5,1.1410817101873698,0.7661809656938487
31,test,2,0,1,0.0,-1143.0471109461278,0.0,0.0,0.0,0.0,-6.0,0.0,0.5,0.6140125169256443,0.5254373097182158
31,test,2,1,1,-60.0,-1885.4423069214836,0.0,0.0,0.0,0.0,-4.0,0.0,0.5,0.6140125169256443,0.5254373097182158
32,train,0,1,0,-180.0,-175.60243734384449,0.0,0.0,206.80653328261735,1.0,0.33333333333333326,0.0,0.5,1.1940938230588676,0.8630790589895321
32,train,2,1,0,300.0,685.397234967968,0.0,0.0,61.01327046915539,0.5,0.33333333333333326,0.0,0.5,1.1940938230588676,0.8630790589895321
33,train,0,1,1,-180.0,-1351.5893136180957,0.0,0.0,0.0,0.0,0.0,0.0,0.5,1.0,1.0
33,train,0,2,1,-60.0,-1072.2513206636177,0.0,0.0,0.0,0.0,0.0,0.0,0.5,1.0,1.0
34,train,0,2,0,120.0,82.12013747305718,0.0,34.542058739490145,0.0,0.0,1.2000000000000002,36.80997519067269,0.5,1.775662147838409,1.0536634173754844
34,train,2,1,1,0.0,74.19356647179984,0.0,-199.59908417930768,0.0,-0.1,0.0,-3.1756588963826857,0.5,1.775662147838409,1.0536634173754844
35,train,0,1,0,300.0,447.4421227537505,0.0,-13.180343381220212,-22.510855289794925,0.0,0.0,30.06812097148887,0.5,0.6623870596306899,0.5280489978083845
35,train,1,2,1,-480.0,1320.8241396347858,-0.2857142857142857,35.21985874377282,-52.18844760358658,0.0,0.47619047619047605,-7.567782879041403,0.5,0.6623870596306899,0.5280489978083845
36,validation,1,0,0,-180.0,-10.436353717326256,0.0,0.0,0.0,1.0,0.0,0.0,0.5,1.793673870776366,0.949025108849777
36,validation,2,0,0,-240.0,-623.8328647308826,0.0,0.0,0.0,1.0,0.0,0.0,0.5,1.793673870776366,0.949025108849777
37,train,0,1,0,60.0,679.8925102581525,0.4,129.39372113263187,10.490965644367094,0.1,0.0,0.0,0.5,0.9569420647557584,0.7769707242414912
37,train,2,1,0,-120.0,235.17295077735525,0.8,322.81524834825046,68.35402370562505,0.1,0.0,0.0,0.5,0.9569420647557584,0.7769707242414912
38,train,0,1,1,180.0,-3.5205489010459132,0.0,3.438396639936059,-21.687436242362992,-0.3,0.0,-136.7836997023217,0.5,1.719126324215522,1.3679512674584733
38,train,2,0,0,-180.0,-145.54599659296582,0.0,-101.89266788653735,-74.67768692924668,0.6,0.0,101.6177453478067,0.5,1.719126324215522,1.3679512674584733
39,test,2,0,1,-240.0,-752.4688020559825,-0.9999999999999999,258.2359509950328,-22.030803190861917,-0.6000000000000001,0.5333333333333332,0.0,0.5,0.6058030292051344,1.1418025179987294
39,test,2,1,1,420.0,-770.2667229499611,0.0,233.20187778063337,18.050708451444805,0.0,-0.5333333333333334,0.0,0.5,0.6058030292051344,1.1418025179987294
40,train,2,0,1,-780.0,-5059.905008378591,0.0,0.0,0.0,0.0,0.0,0.0,0.5,1.0,1.0
40,train,1,2,0,420.0,1448.8026161616153,0.0,0.0,0.0,0.0,0.0,0.0,0.5,1.0,1.0
41,train,0,1,1,360.0,-60.26525012305456,-0.5,0.0,0.0,0.0,0.6666666666666667,-56.963691607558054,0.5,0.7040307014338191,0.5302717341032467
41,train,0,2,1,120.0,-619.9075783525577,0.5,0.0,0.0,0.0,0.33333333333333337,-159.17464495638353,0.5,0.7040307014338191,0.5302717341032467
42,test,1,0,1,0.0,1220.812305542598,0.0,0.0,-155.46186393519508,0.0,0.0,-264.21570669951666,0.5,0.9657087017099937,0.6968419491173629
42,test,2,1,0,240.0,-897.8364789595962,0.0,0.0,181.45720894394097,0.0,0.0,116.6493511938624,0.5,0.9657087017099937,0.6968419491173629
43,train,1,0,1,-120.0,217.0781240322449,0.0,-189.09259515640554,0.0,0.0,0.0,-52.02888348709345,0.5,1.0,1.0
43,train,2,1,0,300.0,740.1263475213495,0.3333333333333333,146.46822307069033,0.0,0.0,0.0,96.20658224342746,0.5,1.0,1.0
44,train,0,2,0,180.0,1457.7801355520105,0.33333333333333337,-33.059351121757494,228.96837912927646,0.13333333333333333,0.8,0.0,0.5,1.0380990502244796,1.7675487969410857
44,train,1,2,0,240.0,662.6258055933326,-0.6666666666666666,83.89146423762129,-19.247780348114432,0.0,1.2000000000000002,0.0,0.5,1.0380990502244796,1.7675487969410857
45,train,1,0,0,300.0,765.5626091552249,0.0,0.0,0.0,-0.3333333333333333,0.0,0.0,0.5,1.8325491519593677,0.5965237821603625
45,train,0,2,1,-660.0,-412.95365226287595,0.0,0.0,0.0,-0.16666666666666669,-1.0,0.0,0.5,1.8325491519593677,0.5965237821603625
46,train,0,1,0,0.0,287.6797678155817,0.0,0.0,0.0,0.0,0.0,0.0,0.5,1.0,1.0
46,train,2,1,0,420.0,1029.075434548212,0.0,0.0,0.0,0.0,0.0,0.0,0.5,1.0,1.0
47,train,1,0,0,60.0,593.0655244254262,0.0,0.0,0.0,0.3333333333333333,0.0,20.56129671710579,0.5,1.578301347461684,0.791383412830123
47,train,2,0,0,-60.0,423.80774897201036,0.0,0.0,0.0,0.0,0.0,-18.220164079329365,0.5,1.578301347461684,0.791383412830123
48,train,0,2,0,360.0,2004.3261382947207,0.0,244.63432669241513,30.36094383126813,0.0,0.40000000000000013,-11.772582406866576,0.5,1.8204844803094453,1.3126333741519114
48,train,1,2,0,-60.0,-16.04787219655418,0.0,5.721793730965203,187.11031599864663,0.0,2.0,-6.528875220044775,0.5,1.8204844803094453,1.3126333741519114
49,train,2,0,1,180.0,-587.8612177044242,0.0,0.0,0.0,0.0,0.0,23.501778676558075,0.5,0.5928469585324411,0.622852356072741
49,train,1,2,0,-180.0,904.9295913736096,0.0,0.0,0.0,0.0,0.0,47.43168982385262,0.5,0.5928469585324411,0.622852356072741
50,train,0,2,0,-60.0,-1685.014395194553,-0.5333333333333334,181.44844051170486,22.77410685190155,0.0,2.333333333333333,-61.966361081299986,0.5,1.0112468543309974,0.559389658355422
50,train,2,1,1,-780.0,-346.7905918768529,0.8,87.21923722027009,-18.33091625315633,0.0,-1.3333333333333335,61.966361081299986,0.5,1.0112468543309974,0.559389658355422
51,train,0,2,0,-60.0,-146.09582455124428,0.0,66.33983262709694,-36.44410582786669,0.06666666666666667,0.8,0.0,0.5,1.0,1.0
51,train,2,1,1,0.0,13.177962453623877,0.0,67.35225654782533,9.857630923418341,-0.13333333333333333,-0.5333333333333334,0.0,0.5,1.0,1.0
52,train,1,0,0,540.0,-143.38647074221353,0.0,0.0,0.0,0.0,0.0,0.0,0.5,1.0,1.0
52,train,0,2,1,-540.0,359.2624838126112,0.0,0.0,0.0,0.0,0.0,0.0,0.5,1.0,1.0
53,train,1,0,0,240.0,1289.6493450658209,0.0,0.0,0.0,0.0,0.0,0.0,0.5,1.0,1.0
53,train,2,0,0,240.0,2493.1968304985057,0.0,0.0,0.0,0.0,0.0,0.0,0.5,1.0,1.0
54,train,0,1,0,180.0,-376.0966837577689,0.0,0.0,0.0,1.0,0.0,0.0,0.5,0.717033855133541,1.6706053212630099
54,train,1,2,1,240.0,420.1440464487223,0.0,0.0,0.0,-2.0,0.0,0.0,0.5,0.717033855133541,1.6706053212630099
55,train,1,0,0,120.0,-275.6200840032361,0.0,0.0,0.0,0.0,0.0,0.0,0.5,1.0,1.0
55,train,0,2,1,-240.0,36.014388594287084,0.0,0.0,0.0,0.0,0.0,0.0,0.5,1.0,1.0
56,train,1,0,0,60.0,641.4879581698183,0.0,0.0,0.0,0.0,0.0,0.0,0.5,1.0,1.0
56,train,0,2,1,-120.0,-948.3797690924766,0.0,0.0,0.0,0.0,0.0,0.0,0.5,1.0,1.0
57,train,1,0,1,-180.0,-228.2476973736525,0.0,0.0,-14.411668690017656,0.0,-0.19999999999999996,-199.09545455277205,0.5,0.7882357223777869,0.5621850434411743
57,train,1,2,1,0.0,-272.5312656611027,0.0,0.0,-123.18063850362404,0.0,-0.6000000000000001,-85.37597366803398,0.5,0.7882357223777869,0.5621850434411743
58,train,2,0,1,-480.0,-656.27663748342,0.0,0.0,0.0,0.0,0.0,0.0,0.5,1.0,1.0
58,train,1,2,0,540.0,202.23940362968642,0.0,0.0,0.0,0.0,0.0,0.0,0.5,1.0,1.0
59,train,0,1,1,-120.0,-1025.071595770245,0.0,0.0,89.53203240578071,0.0,-0.5,-32.787328992731254,0.5,0.528220837546816,0.8935012329586148
59,train,2,0,0,-120.0,-560.9401760373457,0.0,0.0,-138.2009269751114,0.0,2.0,-15.647485678610247,0.5,0.528220837546816,0.8935012329586148
60,train,0,2,0,300.0,63.458772902630244,0.0,0.0,0.0,0.0,0.0,32.816853104596575,0.5,0.8212056372233929,0.7917392577353676
60,train,1,2,0,60.0,567.2585698196472,0.0,0.0,0.0,0.0,0.0,29.23929467162505,0.5,0.8212056372233929,0.7917392577353676
61,train,0,1,1,60.0,1.0414349815832793,0.0,110.50907395999508,0.0,0.0,0.0,0.0,0.5,1.2608721093346584,0.9735781952427998
61,train,0,2,1,-60.0,-104.50798899601386,-0.5,-12.800962669918817,0.0,0.0,0.0,0.0,0.5,1.2608721093346584,0.9735781952427998
62,train,0,1,1,-480.0,-173.95368212877884,0.0,0.0,0.0,0.0,0.0,0.0,0.5,1.0,1.0
62,train,0,2,1,-300.0,-495.7271571803817,0.0,0.0,0.0,0.0,0.0,0.0,0.5,1.0,1.0
63,validation,0,2,0,180.0,-381.1747673879936,0.0,0.0,0.0,0.0,0.0,174.55048435934972,0.5,1.418912069883738,1.0624430131471454
63,validation,1,2,0,-120.0,-565.1589121687557,0.0,0.0,0.0,0.0,0.0,216.39561122655667,0.5,1.418912069883738,1.0624430131471454
64,train,0,1,1,-60.0,-519.2962257510785,0.0,0.0,0.0,0.0,0.0,0.0,0.5,1.0,1.0
64,train,2,0,0,0.0,659.0657258539131,0.0,0.0,0.0,0.0,0.0,0.0,0.5,1.0,1.0
65,test,0,1,0,600.0,2521.901826781534,0.26666666666666666,-54.76561761942611,0.0,0.3333333333333333,0.3333333333333333,-38.35944265283044,0.5,1.661077848524297,1.556058199338036
65,test,2,1,0,-60.0,1526.4671811817457,0.8,-160.70633831238996,0.0,0.3333333333333333,0.3333333333333333,13.683289138115924,0.5,1.661077848524297,1.556058199338036
66,train,0,2,0,240.0,1263.497021255856,0.5333333333333334,0.0,35.198848164012944,0.2,1.0,-32.045108827462464,0.5,1.9859465680466195,0.5540351909278547
66,train,1,2,0,0.0,813.9741493984834,0.26666666666666666,0.0,35.959044509468654,0.4,0.33333333333333326,-55.855735079203896,0.5,1.9859465680466195,0.5540351909278547
67,train,1,0,1,-60.0,-569.1723781637452,0.0,2.19618702282564,-72.91306042499441,0.0,0.6000000000000001,27.728142551470807,0.5,1.004663596769709,1.3490356801572638
67,train,2,1,0,0.0,468.40293439257084,0.0,86.76021377306517,74.50200513808436,0.0,0.6000000000000001,32.624433341837076,0.5,1.004663596769709,1.3490356801572638
68,train,1,0,0,420.0,233.66646013983063,0.0,0.0,0.0,0.0,0.0,0.0,0.5,1.0,1.0
68,train,2,0,0,240.0,15.835857478484286,0.0,0.0,0.0,0.0,0.0,0.0,0.5,1.0,1.0
69,train,0,1,1,-180.0,-1084.3616147509715,0.0,0.0,-246.80650841638078,-0.3333333333333333,0.0,0.0,0.5,1.509254192460024,1.3939075585131078
69,train,2,0,0,360.0,499.8194883704682,0.0,0.0,313.023762503728,0.0,0.0,0.0,0.5,1.509254192460024,1.3939075585131078
70,train,0,1,0,-480.0,-685.521194855186,0.3999999999999999,252.97843262258698,0.0,0.1,1.2000000000000002,0.0,0.5,0.8255174394518355,1.4631551650067418
70,train,1,2,1,600.0,2340.6689380004664,-0.7999999999999998,184.7009218159742,0.0,-0.2,0.2999999999999998,0.0,0.5,0.8255174394518355,1.4631551650067418
71,train,0,1,1,0.0,-154.00648461981427,0.13333333333333336,136.1807698899862,2.554498049851432,0.0,0.2666666666666666,13.009500753091878,0.5,1.0,1.0
71,train,0,2,1,60.0,264.35731332563864,0.2666666666666667,521.6339677389985,20.956288152578793,0.0,0.0,13.009500753091878,0.5,1.0,1.0
72,train,1,0,0,540.0,3100.981805605655,0.0,150.31174730824733,0.0,0.26666666666666666,0.40000000000000013,-5.183541645299316,0.5,1.0686960278675603,1.3916287067807274
72,train,0,2,1,-360.0,-754.0064429432282,-1.0,137.76168020551066,0.0,0.0,-0.8,14.884619869281186,0.5,1.0686960278675603,1.3916287067807274
73,test,0,1,1,180.0,1269.6067175351745,0.0,0.0,-116.7835218911504,0.0,0.1333333333333333,-57.258602455243796,0.5,1.5108455198175634,0.6508802323302366
73,test,0,2,1,-300.0,185.65643393497157,0.26666666666666666,0.0,98.10207404437897,0.0,0.19999999999999996,-25.309965083839653,0.5,1.5108455198175634,0.6508802323302366
74,test,1,0,1,120.0,377.97558814485046,0.0,0.0,0.0,0.0,0.0,-76.05832852876297,0.5,1.3705762023980372,0.8578831376406285
74,test,1,2,1,-60.0,-1375.284237503105,-0.3333333333333333,0.0,0.0,0.0,0.0,-71.56209960285598,0.5,1.3705762023980372,0.8578831376406285
75,test,0,1,0,120.0,196.82730189959238,0.0,0.0,0.0,0.0,0.0,0.0,0.5,1.0,1.0
75,test,1,2,1,0.0,229.0023150208026,0.0,0.0,0.0,0.0,0.0,0.0,0.5,1.0,1.0
76,test,1,0,0,60.0,261.05065770127385,0.0,-7.8348492875433635,2.4908815712772565,0.0,0.0,-55.161358355948266,0.5,1.0,1.0
76,test,0,2,1,60.0,-1834.9401810695545,0.0,-116.35786760614735,-39.2981604713109,0.0,0.0,17.38003127376396,0.5,1.0,1.0
77,train,0,1,0,300.0,-296.3500340388382,0.0,0.0,0.0,0.0,0.0,0.0,0.5,1.0,1.0
77,train,1,2,1,0.0,1260.7730112152894,0.0,0.0,0.0,0.0,0.0,0.0,0.5,1.0,1.0
78,test,0,1,0,0.0,113.87309186238417,-0.33333333333333326,0.0,0.0,0.0,0.0,381.7848914606696,0.5,0.5955266892087085,1.624400285733468
78,test,1,2,1,120.0,1186.3214763075066,0.6666666666666666,0.0,0.0,0.0,0.0,-326.46112800378745,0.5,0.5955266892087085,1.624400285733468
79,train,1,0,1,60.0,691.1318844247644,0.0,175.0866896466007,-31.650637022125263,-0.6666666666666666,0.1333333333333333,-12.900815864624008,0.5,1.397601857166455,1.4247225887624162
79,train,2,1,0,0.0,-53.22415430112005,0.0,177.27470870416693,21.93430438378443,0.3333333333333333,0.4,-40.65962993946994,0.5,1.397601857166455,1.4247225887624162
80,train,0,1,0,180.0,-683.4187497577936,0.0,-43.93666223855347,-243.9725649478664,0.13333333333333336,0.0,7.040937216680248,0.5,1.0468725270364942,1.0093638704283616
80,train,1,2,1,-660.0,-700.8700694960503,0.0,32.866556583243295,116.30132664531033,0.06666666666666667,0.0,-72.69372689377896,0.5,1.0468725270364942,1.0093638704283616
81,train,0,1,1,420.0,457.0777716050138,-0.14285714285714285,-118.40003094708538,-81.64833014408188,-0.5714285714285714,-0.38095238095238093,9.231717105459973,0.5,1.3407564484561771,0.6418056112761202
81,train,2,0,0,-120.0,-170.42583090147946,-0.2857142857142857,28.775879496683615,-0.8209258989035888,0.0,0.7619047619047619,3.4666628370324126,0.5,1.3407564484561771,0.6418056112761202
82,train,2,0,1,-120.0,620.0323641371665,0.0,0.0,0.0,0.0,0.0,75.76220475527232,0.5,1.6195541595996044,0.5080215860445519
82,train,2,1,1,0.0,698.8069973370261,0.0,0.0,0.0,-0.3333333333333333,0.0,51.893408993039806,0.5,1.6195541595996044,0.5080215860445519
83,validation,1,0,0,120.0,230.40625393392884,0.0,0.0,0.0,0.0,3.0,0.0,0.5,1.888956564304458,1.2443198802217592
83,validation,0,2,1,-120.0,-1225.0842160964767,0.0,0.0,0.0,0.0,-3.0,0.0,0.5,1.888956564304458,1.2443198802217592
84,validation,0,1,1,-60.0,48.35528862281808,-0.09999999999999998,-616.5839314383278,0.0,0.0,-0.3999999999999999,0.0,0.5,1.0,1.0
84,validation,0,2,1,-660.0,-3185.501894422213,0.20000000000000004,-1028.0816565934952,0.0,-1.2,-1.0,0.0,0.5,1.0,1.0
85,train,2,0,1,-60.0,-164.4695732802577,-0.23809523809523808,5.133343259147345,14.532646334814173,-0.5714285714285714,0.0,-47.25349328044683,0.5,1.5785196308509415,0.6040926759390846
85,train,2,1,1,0.0,0.0,0.0,-4.8231402171420115,-27.460989111886423,0.0,0.047619047619047616,-27.475226928270242,0.5,1.5785196308509415,0.6040926759390846
86,train,1,0,0,-120.0,-29.251055299144355,0.06666666666666667,11.424653325813722,0.0,0.4,0.33333333333333326,69.11024759539815,0.5,1.1855725270395405,0.7226494450385053
86,train,2,0,0,0.0,858.9141642647091,-0.06666666666666667,405.27513669971825,0.0,0.4,1.3333333333333333,72.15526032934332,0.5,1.1855725270395405,0.7226494450385053
87,train,1,0,0,120.0,682.4854376830672,1.9999999999999998,0.0,0.0,0.3333333333333333,0.0,0.0,0.5,1.0631616826741643,0.8584410856797304
87,train,0,2,1,-480.0,97.64789090832437,0.0,0.0,0.0,-1.6666666666666665,0.0,0.0,0.5,1.0631616826741643,0.8584410856797304
88,validation,1,0,0,-540.0,-306.3932859875795,0.6000000000000001,-64.5931049672917,-102.86160967378318,1.0,0.0,40.42055752991853,0.5,0.5972129371190436,0.580728007563668
88,validation,0,2,1,840.0,789.7642190667689,0.0,7.307630968773168,148.5595802226409,-0.6666666666666667,0.0,-43.00569941551808,0.5,0.5972129371190436,0.580728007563668
89,validation,1,0,0,120.0,-2166.23367571731,0.0,132.1096377234204,0.0,0.0,3.333333333333333,0.0,0.5,1.4616608294328113,0.7222739839751215
89,validation,0,2,1,-240.0,574.1050487597422,0.0,-712.8028081864675,0.0,0.0,-2.666666666666667,0.0,0.5,1.4616608294328113,0.7222739839751215
90,test,1,0,0,0.0,144.25995600447732,0.0,0.0,113.12963081643026,0.0,0.0,190.8444434895975,0.5,0.9813630147773046,1.8547897902758292
90,test,2,0,0,120.0,528.5903865596456,0.0,0.0,33.197966647147666,0.0,0.0,211.21607488525058,0.5,0.9813630147773046,1.8547897902758292
91,validation,0,2,0,-240.0,-906.8760057566915,0.0,0.0,0.0,1.0,0.0,0.0,0.5,1.7677312966360925,1.0184766876319702
91,validation,1,2,0,-120.0,-909.6974020051798,0.0,0.0,0.0,0.0,0.0,0.0,0.5,1.7677312966360925,1.0184766876319702
92,test,1,0,1,60.0,-346.49086931895044,0.0,-94.29057891701558,75.12775542913916,0.0,0.0,-88.76955294433559,0.5,1.105569049923842,0.5683501600557388
92,test,2,1,0,60.0,269.42203841810624,0.0,-34.26940048599282,-130.430866612729,0.0,0.0,42.44299742933093,0.5,1.105569049923842,0.5683501600557388
93,train,1,0,0,360.0,900.1241855506555,0.0,0.0,0.0,0.6666666666666666,0.0,149.8861381469203,0.5,1.0561993652153583,0.8332486891700879
93,train,0,2,1,-360.0,-987.9432635050139,0.0,0.0,0.0,0.0,0.0,52.44573051000931,0.5,1.0561993652153583,0.8332486891700879
94,train,0,1,0,180.0,51.47489785996822,1.2000000000000002,64.9791863854976,27.601947982034794,0.0,0.6,0.0,0.5,1.1660059645619734,0.8312548646358363
94,train,1,2,1,-240.0,256.0824928158495,0.0,-14.104883801486977,3.7947336783924612,0.0,-0.9,0.0,0.5,1.1660059645619734,0.8312548646358363
95,train,0,1,1,0.0,-560.4500034666798,-0.6666666666666666,0.0,0.0,0.3333333333333333,0.0,0.0,0.5,0.6878789211995779,0.7136385227906847
95,train,2,0,0,0.0,-129.05675683186473,0.6666666666666666,0.0,0.0,0.3333333333333333,0.0,0.0,0.5,0.6878789211995779,0.7136385227906847
96,train,0,1,1,180.0,83.47612664108101,0.0,57.60770359446189,-187.74903385353596,0.0,-0.19047619047619047,13.160032417598893,0.5,1.8311215272483548,1.0132464047199827
96,train,2,0,0,-60.0,1608.299969638057,0.4761904761904761,106.33702761093747,82.98868275572019,0.14285714285714285,0.19047619047619047,4.2762668440930796,0.5,1.8311215272483548,1.0132464047199827
97,validation,0,1,0,240.0,256.0438371483565,0.0,356.52607392943884,0.0,0.0,0.0,109.39646947861408,0.5,0.5308884762360242,1.4779606183492997
97,validation,1,2,1,-180.0,-571.9094248753763,0.0,-108.15622176966082,0.0,0.0,0.0,-100.69900998088369,0.5,0.5308884762360242,1.4779606183492997
98,validation,0,2,0,60.0,1224.4937783482114,0.0,0.0,0.0,0.0,6.0,0.0,0.5,1.743407006885077,1.7677547912195877
98,validation,2,1,1,120.0,426.5019856479398,0.0,0.0,0.0,0.0,-2.0,0.0,0.5,1.743407006885077,1.7677547912195877
99,train,2,0,1,-180.0,-445.09074611258757,-0.16666666666666666,-548.3662788534459,0.0,0.0,0.0,151.95075718972356,0.5,1.3174766935487452,0.5422789707355091
99,train,2,1,1,-540.0,-1915.8339783351075,-0.3333333333333333,-573.0778947484363,0.0,0.0,0.0,-39.55244730080014,0.5,1.3174766935487452,0.5422789707355091
100,train,0,1,0,-60.0,-694.3954513489889,0.0,-35.69129791775424,230.4923641389202,0.4,0.0,54.66396684055418,0.5,0.8295028298503098,0.6345519367495318
100,train,2,1,0,420.0,472.0651210108813,0.0,-42.54846716986421,-16.683761768244153,0.8,0.0,27.623389545821542,0.5,0.8295028298503098,0.6345519367495318
101,validation,1,0,1,-540.0,-2627.722519844131,0.0,-179.08202867489183,113.23662063731831,0.06666666666666665,-0.666666666666667,-100.07432631821331,0.5,1.3626596542122886,0.8287488265014032
101,validation,2,1,0,660.0,2543.408786676503,0.0,-67.87477454160978,86.08573429925892,-0.13333333333333333,-1.6666666666666665,47.66923600987025,0.5,1.3626596542122886,0.8287488265014032
102,test,0,2,0,-120.0,133.6743908008366,0.3,47.87117199565621,71.62161086303718,-0.4,0.0,0.0,0.5,0.8855364111138687,1.068248212130626
102,test,1,2,0,120.0,1698.6446278907988,1.2,19.686576777788147,-29.600051990522417,-0.4,0.0,0.0,0.5,0.8855364111138687,1.068248212130626
103,train,2,0,1,120.0,-161.2797648593937,0.0,0.0,0.0,0.0,0.0,0.0,0.5,1.0,1.0
103,train,2,1,1,60.0,466.3296871112743,0.0,0.0,0.0,0.0,0.0,0.0,0.5,1.0,1.0
104,train,0,2,0,240.0,-466.37972221363907,0.0,0.0,0.0,0.0,0.0,86.8925215238882,0.5,1.091700177238532,0.7018384356832655
104,train,1,2,0,60.0,238.52728415768524,0.0,0.0,0.0,0.0,0.0,181.27131379185874,0.5,1.091700177238532,0.7018384356832655
105,train,2,0,1,60.0,807.8083087638051,-1.0,0.0,-69.49735634445517,-0.4,1.3333333333333333,1.673171256972591,0.5,0.9786445250474128,0.7235194695452297
105,train,1,2,0,60.0,464.96748979682707,-0.3333333333333333,0.0,208.3793313917594,0.0,-0.2666666666666666,-1.673171256972591,0.5,0.9786445250474128,0.7235194695452297
106,train,2,0,1,-240.0,-708.4028493468013,-0.3333333333333333,0.0,0.0,0.16666666666666666,0.5,0.0,0.5,1.0220753222271526,1.3464743489842537
106,train,2,1,1,-360.0,-420.0230324427839,-0.3333333333333333,0.0,0.0,0.16666666666666666,-1.5,0.0,0.5,1.0220753222271526,1.3464743489842537
107,train,2,0,1,120.0,-589.3899990415689,0.4,-109.88598024375962,34.52824404475439,0.0,0.0,0.0,0.5,1.2721261184529815,1.6804227207170124
107,train,2,1,1,-480.0,-1493.0071485081312,0.0,4.796338230352902,-146.77702236287467,0.0,0.0,0.0,0.5,1.2721261184529815,1.6804227207170124
108,train,1,0,1,-120.0,-49.62406368541451,-0.4761904761904761,-36.262218321999974,-8.309970012535587,0.0,0.42857142857142855,-66.76633541480345,0.5,1.4443190888362722,0.7034877418971639
108,train,2,1,0,120.0,224.54707360237126,0.23809523809523808,81.03425772299616,-16.4332108581578,0.2857142857142857,-0.42857142857142855,1.549619156430328,0.5,1.4443190888362722,0.7034877418971639
109,validation,0,2,0,-420.0,265.53600017765166,0.0,0.0,0.0,0.3333333333333333,-1.0,56.91556044251896,0.5,1.7583526164947472,1.3852866053995052
109,validation,2,1,1,120.0,-984.5564362618243,0.0,0.0,0.0,0.0,0.5,-34.84915889252384,0.5,1.7583526164947472,1.3852866053995052
110,train,2,0,1,-300.0,-755.837780795091,0.0,0.0,0.0,0.0,0.0,0.0,0.5,1.0,1.0
110,train,2,1,1,-180.0,-787.2292316801704,0.0,0.0,0.0,0.0,0.0,0.0,0.5,1.0,1.0
111,train,0,2,0,120.0,331.6813991656386,0.5,0.0,0.0,0.3333333333333333,-1.0,0.0,0.5,0.9608365908052122,1.2369845602697813
111,train,1,2,0,420.0,309.33772026434644,0.5,0.0,0.0,0.0,0.0,0.0,0.5,0.9608365908052122,1.2369845602697813
112,train,1,0,1,-120.0,-282.2599329846721,0.3333333333333333,-46.308202476680094,0.0,0.0,0.0,0.0,0.5,1.0,1.0
112,train,1,2,1,-180.0,-919.1765477298886,0.0,-247.98703337624306,0.0,0.0,0.0,0.0,0.5,1.0,1.0
113,validation,0,1,0,-180.0,-276.3346819344115,0.2857142857142857,25.29634899091279,26.238968190149834,-0.14285714285714285,0.0,-79.26395860091243,0.5,1.7044217611214452,1.3706459170725622
113,validation,2,1,0,240.0,889.2195232268964,0.2857142857142857,128.14777236836198,21.485141747360124,0.0,-0.09523809523809523,-105.93624380110737,0.5,1.7044217611214452,1.3706459170725622
114,train,0,2,0,240.0,371.27956964093937,0.13333333333333333,29.269916402042412,-52.99639403562365,0.0,0.33333333333333326,-39.46964678734178,0.5,1.2631355925584176,0.8025289514614419
114,train,1,2,0,300.0,1023.9634847073307,-0.13333333333333333,256.38802124387695,-22.76013733108735,0.0,-0.6666666666666666,19.011177864782177,0.5,1.2631355925584176,0.8025289514614419
115,train,0,1,1,-60.0,-643.9767608700786,-0.13333333333333333,-109.68679515704252,0.0,0.0,1.0,-16.941808308099766,0.5,1.5894521410702926,1.1018768344260463
115,train,0,2,1,60.0,-1439.4985991799858,-0.13333333333333333,-32.00149740828846,0.0,0.5333333333333333,-0.6666666666666665,20.980937321626264,0.5,1.5894521410702926,1.1018768344260463
116,train,0,1,0,-120.0,-1481.3683815413,0.0,37.55403211678069,95.8119039796889,0.2,0.0,-3.240575955919226,0.5,0.6045505237432689,1.4707698448936855
116,train,2,1,0,180.0,-1238.4375597599837,0.0,-33.861215335368,17.851589648811142,-0.2,0.0,25.789231289351903,0.5,0.6045505237432689,1.4707698448936855
117,validation,2,0,1,0.0,-355.8344425693558,-0.2857142857142857,6.173830188531113,-33.59845670060826,0.0,0.23809523809523808,15.733769111261974,0.5,1.514977606074694,0.7196662194860105
117,validation,2,1,1,-60.0,-169.77911148106023,-0.2857142857142857,3.459142792980341,-102.15123492445254,0.0,0.0,-0.26579314827156963,0.5,1.514977606074694,0.7196662194860105
118,test,1,0,1,-420.0,-972.1173625823321,0.0,105.13947498906685,-80.30710425987616,0.0,0.8999999999999999,92.69876309602371,0.5,1.6570093545278406,1.513890186259799
118,test,2,1,0,-60.0,-323.23342444897844,0.0,-65.90576188328038,60.680614498524264,0.0,0.0,13.607540824513563,0.5,1.6570093545278406,1.513890186259799
119,train,1,0,1,-360.0,-120.30751434137801,0.0,-653.4266106722646,0.0,0.0,0.0,0.0,0.5,1.0,1.0
119,train,1,2,1,-120.0,94.19662331147356,0.0,-325.1283183409437,0.0,-0.3333333333333333,0.0,0.0,0.5,1.0,1.0
120,train,0,1,0,240.0,994.3039820828949,0.0,0.0,0.0,0.5,1.3333333333333333,17.881160581714994,0.5,1.7526145556516461,0.7208262207588148
120,train,2,1,0,240.0,967.1237376542663,0.0,0.0,0.0,0.5,2.333333333333333,-37.65066964462606,0.5,1.7526145556516461,0.7208262207588148
121,test,1,0,0,60.0,-54.56629436870867,0.047619047619047616,-173.81369980375257,31.32000000929005,0.0,0.2857142857142857,-17.876301754154586,0.5,1.739467111228595,1.8593285345276025
121,test,0,2,1,60.0,-247.57904850934278,0.047619047619047616,-137.7938343172169,-40.89328011691771,0.0,-0.38095238095238093,-33.780722949192,0.5,1.739467111228595,1.8593285345276025
122,train,0,1,1,-180.0,363.1998487458768,0.0,0.0,0.0,0.0,0.0,0.0,0.5,0.7339765169234657,1.1184727038471993
122,train,0,2,1,60.0,-504.19395002374677,-0.6666666666666666,0.0,0.0,0.0,-0.5,0.0,0.5,0.7339765169234657,1.1184727038471993
123,train,2,0,1,-60.0,-513.3587007649858,0.0,0.0,0.0,0.0,0.0,0.0,0.5,1.0,1.0
123,train,2,1,1,60.0,295.29508577065235,0.0,0.0,0.0,0.0,0.0,0.0,0.5,1.0,1.0
124,train,1,0,1,0.0,-438.97453048730176,0.0,-219.86673400320166,-173.13387863079456,0.0,0.0,0.0,0.5,0.8107062310162286,1.126479604345838
124,train,1,2,1,0.0,-180.97765946345226,0.0,-546.6862461403762,91.14078492816392,0.0,0.0,0.0,0.5,0.8107062310162286,1.126479604345838
125,validation,0,1,0,0.0,-606.1728278848,0.0,0.0,0.0,0.0,0.0,0.0,0.5,1.0,1.0
125,validation,1,2,1,0.0,-35.31055968026794,0.0,0.0,0.0,0.0,0.0,0.0,0.5,1.0,1.0
126,train,2,0,1,-240.0,-154.0685018422073,-0.09523809523809523,119.23739691114909,128.67015499921547,-0.8571428571428571,-0.38095238095238093,6.3037597088555515,0.5,1.057569194199294,1.6958707404470188
126,train,1,2,0,480.0,809.6631527407244,-0.047619047619047616,128.28306053307125,-128.85951521725187,-0.2857142857142857,0.5714285714285714,-38.67315107330214,0.5,1.057569194199294,1.6958707404470188
127,train,0,2,0,-120.0,-109.08295613770292,0.0,-16.966680105722688,-73.38549182620419,0.0,0.6666666666666666,14.411027576847086,0.5,0.642197749731746,0.6308420925904058
127,train,1,2,0,60.0,-231.24899276557608,0.0,-89.2292294368111,-20.120679084592524,-0.06666666666666667,0.6666666666666666,19.457608570613647,0.5,0.642197749731746,0.6308420925904058
128,train,0,1,1,180.0,1658.017125066478,0.0,0.0,0.0,0.0,0.0,-277.8201550861047,0.5,1.631913034098351,0.5443218389781967
128,train,2,0,0,60.0,882.3939129309329,0.0,0.0,0.0,0.0,0.0,339.835642021754,0.5,1.631913034098351,0.5443218389781967
129,train,0,1,0,-240.0,1131.699190966996,0.1,463.6036773983323,-147.9842889608974,0.0,0.6000000000000001,0.0,0.5,0.8223465216301421,1.3454644407269734
129,train,2,1,0,0.0,1847.6213800524374,0.4,644.3773398355029,-89.40858802200393,0.0,0.20000000000000018,0.0,0.5,0.8223465216301421,1.3454644407269734
130,train,0,1,0,60.0,292.0717049537211,0.5,0.0,129.51804160888153,0.0,0.8333333333333333,0.0,0.5,0.5588837807359484,1.5012189979715704
130,train,2,1,0,300.0,529.1052936145661,1.0,0.0,3.2244801825169773,0.0,0.0,0.0,0.5,0.5588837807359484,1.5012189979715704
131,train,2,0,1,-480.0,-1625.3721966077064,0.0,-1022.6087026031137,0.0,0.0,0.0,0.0,0.5,1.0,1.0
131,train,1,2,0,120.0,393.11544080312433,0.0,447.22359094326634,0.0,0.0,0.0,0.0,0.5,1.0,1.0
132,train,0,2,0,120.0,921.0983859478706,-0.5714285714285714,599.5848543751907,185.68722645402534,-0.047619047619047616,0.9523809523809522,-28.60002366406922,0.5,1.0,1.0
132,train,2,1,1,-60.0,-21.613152516985792,0.7142857142857142,-429.04099286396456,-20.4460017375649,0.0,-0.7142857142857143,-21.36278711020629,0.5,1.0,1.0
133,train,1,0,0,180.0,280.13330190577835,0.0,-5.803388288948042,0.0,0.0,0.16666666666666663,-31.74387901835857,0.5,1.0427229976712944,0.7595799886857334
133,train,0,2,1,-120.0,-110.71969009488112,0.0,18.65619307824187,0.0,0.0,-0.4999999999999999,-84.57132019995636,0.5,1.0427229976712944,0.7595799886857334
134,train,0,2,0,60.0,-430.1787424117733,0.0,-36.92900315306906,-44.43030575316967,0.0,0.7142857142857142,55.65848784404434,0.5,1.6546594214367516,1.1722352370181257
134,train,1,2,0,-180.0,-574.5493921507814,0.0,-121.28571490033993,-61.68423738721229,0.0,1.1904761904761905,43.57955164294007,0.5,1.6546594214367516,1.1722352370181257
135,train,1,0,1,540.0,-59.228668489971824,-0.3333333333333333,0.0,0.0,0.0,-0.16666666666666663,-149.01701643012652,0.5,0.8714739600796053,0.5395223404948315
135,train,2,1,0,-420.0,-488.69120094508526,1.0,0.0,0.0,0.0,-0.3333333333333333,6.4227265703661205,0.5,0.8714739600796053,0.5395223404948315
136,train,0,2,0,240.0,-466.8662007040148,0.0,0.0,-30.652665439296698,0.0,-0.20000000000000007,4.777564872126348,0.5,1.2348068181253418,0.9144338170606492
136,train,1,2,0,180.0,1046.5742964218434,0.0,0.0,77.7343680287961,0.3,-0.5000000000000001,-110.72946764482582,0.5,1.2348068181253418,0.9144338170606492
137,validation,0,1,1,60.0,-537.0154883533246,-1.0,0.0,0.0,0.0,0.0,0.0,0.5,0.6185586316019247,0.9451471456540393
137,validation,2,0,0,0.0,1136.8389541365218,3.0,0.0,0.0,0.0,0.0,0.0,0.5,0.6185586316019247,0.9451471456540393
138,train,1,0,1,0.0,846.5493073430712,0.0,0.0,0.0,0.0,0.0,0.0,0.5,1.0,1.0
138,train,1,2,1,120.0,1408.1282071137816,0.0,0.0,0.0,0.0,0.0,0.0,0.5,1.0,1.0
139,train,2,0,1,-360.0,-1403.0185949116558,0.0,-642.2817517023562,-90.86638999483921,-0.06666666666666667,-0.5999999999999999,-65.39234594090523,0.5,1.4097646314001582,0.5673561208935681
139,train,2,1,1,120.0,-1230.904592628579,0.0,-714.7249915107234,-426.26290547977544,-0.3333333333333333,-0.19999999999999996,-24.16062024745547,0.5,1.4097646314001582,0.5673561208935681
140,train,0,1,0,60.0,1075.1413124783248,0.0,350.58466890253965,0.0,0.30000000000000004,2.4,-117.20200811448265,0.5,1.7120572798676912,0.9883940417123902
140,train,1,2,1,0.0,-645.3921026655626,0.0,437.035730483581,0.0,0.0,-0.7999999999999998,-38.97014752611696,0.5,1.7120572798676912,0.9883940417123902
141,train,1,0,1,-60.0,204.83061368313338,0.23809523809523808,-14.792066503939509,-13.585397460783717,0.0,0.14285714285714285,-26.145609842749206,0.5,1.0025516785036646,0.9600898724651317
141,train,2,1,0,180.0,-293.50538398551,0.0,-30.307186755407827,3.0885730376292644,0.0,0.14285714285714285,32.03544216548218,0.5,1.0025516785036646,0.9600898724651317
142,train,1,0,0,120.0,-138.38834692382625,-0.3333333333333333,0.0,470.41073967545094,0.0,0.0,0.0,0.5,0.7208427977114709,1.864003461441993
142,train,2,0,0,0.0,-241.05077539221566,-0.3333333333333333,0.0,363.61014828830184,0.6666666666666666,0.0,0.0,0.5,0.7208427977114709,1.864003461441993
143,train,0,2,0,-60.0,-66.64760380816915,0.0,0.0,0.0,1.0,0.0,0.0,0.5,0.7217131624032631,0.8422168411022338
143,train,1,2,0,-180.0,-349.10444247055966,0.0,0.0,0.0,0.0,0.0,0.0,0.5,0.7217131624032631,0.8422168411022338
144,train,0,1,0,180.0,1726.5885999374764,0.0,0.0,0.0,0.0,0.0,0.0,0.5,1.0,1.0
144,train,2,1,0,60.0,578.8236251832409,0.0,0.0,0.0,0.0,0.0,0.0,0.5,1.0,1.0
145,validation,1,0,1,-180.0,-222.0321359591153,0.0,0.0,46.377749966414626,-0.06666666666666667,-0.4000000000000001,-25.020238339222473,0.5,1.119885836673565,1.4154551293436737
145,validation,1,2,1,-480.0,189.11567358129696,-0.26666666666666666,0.0,-50.73372326464177,0.06666666666666667,-0.2,-39.3329932370076,0.5,1.119885836673565,1.4154551293436737
146,train,0,1,0,60.0,610.1352960944314,0.0,0.0,0.0,0.6666666666666666,0.6666666666666665,0.0,0.5,1.6843047339279926,1.8967878717761137
146,train,1,2,1,-60.0,-205.22705466013622,0.0,0.0,0.0,-0.6666666666666666,-0.6666666666666665,0.0,0.5,1.6843047339279926,1.8967878717761137
147,test,0,1,0,-60.0,621.3357975357276,0.0,-240.70730544671267,59.5001613492431,-0.13333333333333333,0.0,162.70850867328951,0.5,1.0,1.0
147,test,1,2,1,120.0,-500.01713258649215,0.0,291.04405225347887,-18.36774812806617,-0.13333333333333336,-0.2666666666666666,-165.90465890675378,0.5,1.0,1.0
148,train,2,0,1,-540.0,-1837.2428516557202,-0.8,-44.658996975805394,6.6725905511928545,0.0,0.0,-142.12451080503388,0.5,1.895129496561272,1.2269397625010727
148,train,2,1,1,-120.0,-411.2913012978788,-0.4,76.15468044806948,88.99623855342801,0.0,0.0,-67.74450914079031,0.5,1.895129496561272,1.2269397625010727
149,validation,0,2,0,180.0,56.46597217026374,-0.26666666666666666,41.35934305890744,-55.92537894514546,0.0,0.0,152.93352753259575,0.5,1.9633058061880473,1.3652763834321717
149,validation,1,2,0,720.0,-1245.488996213111,-0.26666666666666666,49.795208722507496,-12.023663289010017,-0.26666666666666666,0.0,160.4947470639546,0.5,1.9633058061880473,1.3652763834321717
150,validation,0,2,0,0.0,-654.4200203343967,0.0,0.0,0.0,0.0,0.0,0.0,0.5,1.0,1.0
150,validation,2,1,1,-120.0,-395.7547038101584,0.0,0.0,0.0,0.0,0.0,0.0,0.5,1.0,1.0
151,test,0,1,1,-480.0,-1476.688331379156,0.0,0.0,0.0,0.0,-1.0,0.0,0.5,1.1892720714909175,0.8847193134307738
151,test,2,0,0,120.0,315.7142636557546,0.0,0.0,0.0,0.0,2.0,0.0,0.5,1.1892720714909175,0.8847193134307738
152,validation,2,0,1,300.0,-191.8562937400293,0.0,0.0,-416.2509428087018,-0.3333333333333333,0.5,0.0,0.5,1.5272140647457895,0.6796619793607718
152,validation,2,1,1,300.0,939.58798332366,0.0,0.0,0.2385383511279997,-0.16666666666666666,-0.5,0.0,0.5,1.5272140647457895,0.6796619793607718
153,train,1,0,0,360.0,962.8405940613793,0.0,124.48169330047455,194.08879012792997,0.4,1.6666666666666667,23.987794394038275,0.5,1.2325684839304603,1.2085767381831072
153,train,0,2,1,-420.0,-1186.9333093163596,0.0,-564.4939917754423,-1.6660214217331202,-0.6000000000000001,-1.6666666666666667,-31.136577184076735,0.5,1.2325684839304603,1.2085767381831072
154,train,2,0,1,-180.0,-743.2534396240558,-0.23809523809523808,2.335120540562201,-35.777520921158846,-0.14285714285714285,0.09523809523809523,85.28689518842815,0.5,1.450737869575117,1.208509891805432
154,train,2,1,1,-60.0,-1028.3194190309596,-0.23809523809523808,-39.458901054825276,-14.866305985475904,-0.14285714285714285,0.0,-68.2831029643644,0.5,1.450737869575117,1.208509891805432
155,train,0,1,1,-180.0,59.62547889789175,0.0,0.0,0.0,0.0,0.0,-312.61502322621203,0.5,1.4833116301904858,1.2230674536089257
155,train,2,0,0,60.0,333.64388541096105,0.0,0.0,0.0,0.0,0.0,0.0,0.5,1.4833116301904858,1.2230674536089257
156,validation,0,1,0,240.0,1053.5465016005692,0.0,35.073761879263884,0.0,0.0,-1.0666666666666664,-3.7998593727523646,0.5,1.9674543815634884,1.8282960404634467
156,validation,2,1,0,-120.0,-207.773592631278,0.0,-96.73881759928065,0.0,1.0,-0.6666666666666665,2.083972780825805,0.5,1.9674543815634884,1.8282960404634467
157,train,0,2,0,180.0,1246.6059451304955,0.0,993.5486937362284,0.0,0.0,0.0,0.0,0.5,1.0,1.0
157,train,2,1,1,60.0,-702.927857293811,0.0,-509.4316585089216,0.0,0.0,0.0,0.0,0.5,1.0,1.0
158,train,1,0,1,300.0,-305.842981272981,0.0,0.0,0.0,0.0,0.0,0.0,0.5,1.0,1.0
158,train,2,1,0,-300.0,946.0265961128998,0.0,0.0,0.0,0.0,0.0,0.0,0.5,1.0,1.0
159,train,1,0,1,360.0,778.4928686708345,0.0,-206.48907723842422,13.979445534870074,0.0,0.0,23.71259331543203,0.5,0.5780958131545294,0.5679989769740548
159,train,1,2,1,-60.0,-832.3193520317491,0.0,-638.0060652432269,-93.54193610651569,0.0,0.0,179.261865227007,0.5,0.5780958131545294,0.5679989769740548
160,test,1,0,0,120.0,1445.3969935184077,0.0,0.0,0.0,0.0,0.0,0.0,0.5,1.0,1.0
160,test,2,0,0,660.0,1574.523707832268,0.0,0.0,0.0,0.0,0.0,0.0,0.5,1.0,1.0
161,train,2,0,1,-240.0,354.1040954615273,0.0,0.0,0.0,0.0,0.0,0.0,0.5,1.0,1.0
161,train,1,2,0,180.0,122.3078401985531,0.0,0.0,0.0,0.0,0.0,0.0,0.5,1.0,1.0
162,train,0,2,0,-360.0,-240.05372510743564,0.0,0.0,0.0,0.0,0.0,0.0,0.5,0.5266075354436821,1.7057024201974074
162,train,1,2,0,-60.0,479.5154221237335,0.0,0.0,0.0,0.0,-1.0,0.0,0.5,0.5266075354436821,1.7057024201974074
163,validation,2,0,1,-120.0,-524.8445510881975,0.3333333333333333,-207.2862575802712,-173.26969666034915,0.0,0.0,0.0,0.5,1.231345677868146,1.1680666013571734
163,validation,2,1,1,-60.0,-266.12526611680505,0.3333333333333333,27.081657468103344,-239.6033236649397,0.0,0.0,0.0,0.5,1.231345677868146,1.1680666013571734
164,train,0,1,0,-60.0,287.8583854926824,0.19047619047619047,13.813504341951102,-5.2622238438137074,0.0,0.0,45.96227920966169,0.5,0.836544644351824,0.5030769451520389
164,train,2,1,0,0.0,-137.50605599355913,0.09523809523809523,81.65679844822455,-31.643076445323683,0.0,-0.7619047619047619,6.843056573316645,0.5,0.836544644351824,0.5030769451520389
165,test,2,0,1,360.0,-583.0910470057224,-3.0,0.0,0.0,0.0,0.0,0.0,0.5,1.635218500740757,0.7475115740632738
165,test,1,2,0,-360.0,-135.62680258963155,1.0,0.0,0.0,0.0,0.0,0.0,0.5,1.635218500740757,0.7475115740632738
166,train,1,0,1,360.0,1860.5149460665143,0.0,0.0,0.0,0.0,0.0,0.0,0.5,1.0,1.0
166,train,2,1,0,-60.0,1538.5095291118641,0.0,0.0,0.0,0.0,0.0,0.0,0.5,1.0,1.0
167,train,0,2,0,180.0,1081.2049357970022,0.0,-260.7481436885756,11.101567852090511,0.0,0.0,8.585987943266122,0.5,1.0,1.0
167,train,2,1,1,0.0,-372.1303839857578,0.0,2.9176542845650033,-22.716392734011635,0.0,0.2,-24.333333954152643,0.5,1.0,1.0
168,train,0,2,0,120.0,811.9477908763665,0.0,0.0,0.0,0.0,0.0,0.0,0.5,1.0,1.0
168,train,2,1,1,0.0,271.075626115824,0.0,0.0,0.0,0.0,0.0,0.0,0.5,1.0,1.0
169,train,0,2,0,240.0,754.372318575714,0.0,0.0,149.51130131068516,0.13333333333333333,0.0,0.0,0.5,0.7893609043639127,1.8020733269448916
169,train,1,2,0,360.0,-158.1329825696498,0.2,0.0,157.22407029667443,0.13333333333333333,0.06666666666666665,81.2728274108448,0.5,0.7893609043639127,1.8020733269448916
170,train,1,0,0,-120.0,67.00042148278021,0.0,0.0,0.0,0.0,4.0,0.0,0.5,0.544152185226823,0.7428803579530652
170,train,2,0,0,-60.0,487.1355811868325,0.0,0.0,0.0,0.0,-1.0,0.0,0.5,0.544152185226823,0.7428803579530652
171,train,0,1,1,-420.0,613.8948430928399,0.0,0.0,0.0,0.0,0.0,109.881526971503,0.5,0.6250503392180317,1.6644648187509665
171,train,2,0,0,120.0,-1110.1421895614003,0.0,0.0,0.0,0.0,0.0,-109.881526971503,0.5,0.6250503392180317,1.6644648187509665
172,validation,0,1,0,-60.0,-51.51293384757673,-0.2,385.88247998309333,6.576410421332554,0.0,2.0,40.16749562712926,0.5,0.5368706889142255,0.6893703778420213
172,validation,2,1,0,60.0,393.94266965379984,-0.13333333333333336,-135.40180840723826,119.38038532865525,0.0,2.333333333333333,28.54037265574673,0.5,0.5368706889142255,0.6893703778420213
173,train,1,0,0,-180.0,-773.1346489823309,0.29999999999999993,0.0,69.92741268235193,0.0,0.0,101.42893887743486,0.5,1.002459852516927,0.8615559917347051
173,train,0,2,1,-60.0,-217.53494751709422,0.6,0.0,-51.931046394982104,-0.2,0.0,-124.88033913806069,0.5,1.002459852516927,0.8615559917347051
174,train,1,0,1,-240.0,-536.224003233026,0.0,0.0,0.0,0.0,0.0,0.0,0.5,1.0,1.0
174,train,2,1,0,60.0,422.8957762557302,0.0,0.0,0.0,0.0,0.0,0.0,0.5,1.0,1.0
175,train,1,0,1,-120.0,-1208.4496667987555,0.0,0.0,0.0,0.0,0.0,0.0,0.5,1.0,1.0
175,train,2,1,0,240.0,560.3644253166722,0.0,0.0,0.0,0.0,0.0,0.0,0.5,1.0,1.0
176,train,2,0,1,120.0,-394.9356028068978,-0.19047619047619047,82.13164465686958,95.32645900095346,-0.7142857142857142,0.0,-169.80391335721754,0.5,0.853122730797453,0.6394127963880315
176,train,2,1,1,960.0,-164.48936142111415,0.19047619047619047,150.77195652601586,92.41493491764737,-1.1904761904761902,0.04761904761904756,-64.59698202219441,0.5,0.853122730797453,0.6394127963880315
177,train,2,0,1,-240.0,-915.5760067175092,0.0,0.0,0.0,-0.3333333333333333,0.0,-177.78119140972433,0.5,1.5179092765095148,0.6285561283061113
177,train,1,2,0,120.0,1058.5984776371693,0.0,0.0,0.0,0.3333333333333333,0.0,98.6208843149474,0.5,1.5179092765095148,0.6285561283061113
178,train,2,0,1,-180.0,-653.7223823145955,0.0,-295.18945683709944,-7.584583996335965,0.0,-0.6666666666666667,-66.22612854978921,0.5,0.6434044913091195,0.6834321814384758
178,train,2,1,1,60.0,-305.7598163817229,0.0,-191.09835250789413,24.70825265707532,-0.06666666666666667,-1.0,-47.64393583453557,0.5,0.6434044913091195,0.6834321814384758
179,train,2,0,1,720.0,1882.911427244876,-1.0,0.0,-33.15470157907393,-0.13333333333333333,0.26666666666666666,-131.47172415596415,0.5,0.5734497665843357,1.0957324937649964
179,train,1,2,0,-600.0,-1380.617222205663,0.3333333333333333,0.0,-35.45028324895126,0.13333333333333333,-0.2,101.19119570776463,0.5,0.5734497665843357,1.0957324937649964
180,test,0,2,0,60.0,419.9751186025396,0.0,-112.10181111515988,19.105170900064923,0.2857142857142857,-0.9523809523809523,59.28576216765988,0.5,1.2640950891013651,0.5695490839479302
180,test,2,1,1,60.0,-959.5753903875702,0.19047619047619047,-51.9333344670153,4.159161288985697,0.0,0.0,-75.85841914325654,0.5,1.2640950891013651,0.5695490839479302
181,train,1,0,0,-60.0,-477.1801278853959,0.047619047619047616,-15.022174313817814,111.90559509041134,0.0,1.1428571428571428,-2.820954533111746,0.5,0.8412275020513933,1.9691929542984008
181,train,2,0,0,360.0,110.0926481362676,0.047619047619047616,40.815758072318914,96.32682195964091,0.19047619047619047,0.5714285714285713,45.88102594658517,0.5,0.8412275020513933,1.9691929542984008
182,train,0,1,0,120.0,834.7162837264236,0.0,0.0,0.0,0.0,0.0,0.0,0.5,1.0,1.0
182,train,1,2,1,-60.0,-666.9317039762095,0.0,0.0,0.0,0.0,0.0,0.0,0.5,1.0,1.0
183,validation,0,2,0,-180.0,444.70341230027316,0.0,50.48992389856372,-151.309964703801,0.0,1.2000000000000002,0.0,0.5,0.834857642853627,0.5115253734646259
183,validation,2,1,1,-240.0,105.86373020084557,0.0,112.02560537106349,-6.303348119291542,0.3,-3.2,0.0,0.5,0.834857642853627,0.5115253734646259
184,test,1,0,0,-360.0,-745.2198821927791,1.0,0.0,0.0,0.6666666666666666,0.0,0.0,0.5,0.6508685667881223,1.475261372539584
184,test,0,2,1,120.0,503.35685273294393,0.0,0.0,0.0,0.0,0.0,0.0,0.5,0.6508685667881223,1.475261372539584
185,train,1,0,1,-480.0,-200.6035726673108,0.0,0.0,0.0,0.0,-4.0,0.0,0.5,1.700608794111096,1.4528390904057717
185,train,1,2,1,180.0,-539.8825721965954,0.0,0.0,0.0,0.0,-4.0,0.0,0.5,1.700608794111096,1.4528390904057717
186,train,0,2,0,0.0,667.8763306004416,0.0,158.49180976009404,50.6031176494699,-0.2,1.2,0.0,0.5,1.0121113013195961,0.7795602472883207
186,train,2,1,1,120.0,0.0,0.0,-1.073090129386145,-21.12346412770922,0.0,0.4,0.0,0.5,1.0121113013195961,0.7795602472883207
187,train,1,0,0,-240.0,-284.0907002173726,0.0,0.0,-95.27613123825105,0.16666666666666666,0.0,-43.819143116074535,0.5,0.759655958913829,0.8054046782839211
187,train,0,2,1,300.0,-71.45880732913702,0.0,0.0,172.5591272194258,-0.3333333333333333,0.0,1.0550386652189019,0.5,0.759655958913829,0.8054046782839211
188,validation,0,1,0,-240.0,678.9006459207867,0.2666666666666667,66.87185156344668,61.866173519400306,0.3333333333333333,0.0,0.0,0.5,1.598753353252594,1.221912565250667
188,validation,1,2,1,420.0,183.58441870733668,-0.13333333333333333,70.16929988795016,-29.7423906108317,-0.6666666666666666,0.0,-73.13874827310974,0.5,1.598753353252594,1.221912565250667
189,train,2,0,1,360.0,720.2396646611269,0.0,-676.1237525245921,0.0,0.0,0.0,0.0,0.5,1.0,1.0
189,train,1,2,0,-420.0,-579.753328520565,0.0,834.740387145209,0.0,0.0,0.0,0.0,0.5,1.0,1.0
190,train,1,0,1,-240.0,-139.8136224208024,0.0,0.0,0.0,0.0,0.0,0.0,0.5,1.0,1.0
190,train,2,1,0,780.0,1496.2859392981836,0.0,0.0,0.0,0.0,0.0,0.0,0.5,1.0,1.0
191,train,1,0,1,0.0,-214.59124334873695,0.0,0.0,0.0,0.0,-5.999999999999999,-0.16910546290964135,0.5,1.380541220297012,0.6294181897573089
191,train,1,2,1,120.0,533.9155227105971,0.0,0.0,0.0,0.0,-2.0,3.398212557264756,0.5,1.380541220297012,0.6294181897573089
192,train,2,0,1,-180.0,21.698787269109744,0.19047619047619047,-115.53641314704106,-31.8783021436834,-0.4761904761904761,-0.1428571428571429,-90.52292751134317,0.5,1.4448406925549742,1.7633685187979464
192,train,2,1,1,-120.0,-482.77350595607277,0.19047619047619047,-29.380628636790334,-63.0917534838604,0.0,-0.2857142857142858,0.0,0.5,1.4448406925549742,1.7633685187979464
193,test,0,1,1,-60.0,-562.8222179134218,0.0,-426.8452630987681,0.0,0.0,0.0,0.0,0.5,1.0,1.0
193,test,2,0,0,300.0,10.200046684673907,0.0,350.4345313791787,0.0,0.0,0.0,0.0,0.5,1.0,1.0
194,train,0,2,0,0.0,2108.5066608665093,0.0,246.90589770234354,355.37701319846497,0.047619047619047616,0.7142857142857142,166.21271659812948,0.5,0.8458877397247498,1.2764214049978133
194,train,2,1,1,840.0,-92.61117495910639,-0.09523809523809523,-40.98575973735987,-379.091333426963,-0.047619047619047616,0.0,-101.06686890588573,0.5,0.8458877397247498,1.2764214049978133
195,train,1,0,0,120.0,-932.4336954522068,0.0,0.0,283.80910959741175,0.0,0.0,0.0,0.5,0.6219435658570764,1.7023027108505029
195,train,0,2,1,-240.0,555.953246666315,0.0,0.0,-473.29557380330743,0.0,0.0,0.0,0.5,0.6219435658570764,1.7023027108505029
196,train,0,2,0,180.0,-313.2849935712993,0.2666666666666667,108.0489683217815,0.0,-0.2,1.0,17.870992455277,0.5,1.2612656555947244,0.9428242043540013
196,train,2,1,1,-480.0,-1860.8037723748912,0.5333333333333333,-31.039129948418747,0.0,-0.4000000000000001,0.6666666666666667,19.390193530654347,0.5,1.2612656555947244,0.9428242043540013
197,train,0,1,0,0.0,-122.04689533406236,0.0,-12.481714555781764,38.86526135176278,0.0,0.0,44.329756769829444,0.5,0.9399014392241636,0.6183689533751631
197,train,2,1,0,-60.0,316.6017483358323,0.0,-14.074321459387363,100.36758579479768,0.6666666666666666,-0.1333333333333333,137.6488234377227,0.5,0.9399014392241636,0.6183689533751631
198,train,0,1,1,0.0,-87.8386479334822,0.0,0.0,0.0,0.0,0.0,0.0,0.5,1.0,1.0
198,train,2,0,0,-240.0,205.96748185995511,0.0,0.0,0.0,0.0,0.0,0.0,0.5,1.0,1.0
199,train,0,1,0,60.0,-695.9089518270011,0.09523809523809523,286.81979300873076,-168.47098728553974,-0.09523809523809523,-0.5714285714285714,77.46327681445692,0.5,1.0,1.0
199,train,2,1,0,0.0,-1135.9791262387726,0.0,220.66025466152036,-183.07157821649963,-0.09523809523809523,-0.28571428571428564,79.25272153135138,0.5,1.0,1.0
200,test,0,1,1,-720.0,-1076.763554403312,0.0,18.03954430305049,0.0,0.0,0.0,0.0,0.5,1.9549580788526615,1.569612842268541
200,test,0,2,1,300.0,-23.185171684071975,0.0,-56.543162029598534,0.0,-1.3333333333333333,0.0,0.0,0.5,1.9549580788526615,1.569612842268541
201,train,2,0,1,120.0,-158.92837454725304,0.0,0.0,0.0,0.0,0.0,0.0,0.5,1.0,1.0
201,train,2,1,1,60.0,727.4016057587805,0.0,0.0,0.0,0.0,0.0,0.0,0.5,1.0,1.0
202,train,1,0,1,-180.0,-1388.2649802760143,0.0,0.0,-327.7444246490206,0.0,0.0,78.24389959610595,0.5,1.538934763137349,0.8136436278724432
202,train,2,1,0,0.0,269.40988291683243,0.0,0.0,256.61617878152373,0.0,0.0,-73.11932250714432,0.5,1.538934763137349,0.8136436278724432
203,train,0,1,1,60.0,-244.93568448308997,-0.8999999999999999,0.0,0.0,-0.1,-2.8,77.17295186932724,0.5,1.6907250214928093,0.5204506439335566
203,train,2,0,0,-480.0,-792.0729877568069,0.3,0.0,0.0,0.1,0.0,-44.35326557783164,0.5,1.6907250214928093,0.5204506439335566
204,validation,0,1,1,-180.0,-1611.0409289717295,-0.4,-63.62626435006014,171.59656255913646,-0.4,0.0,0.0,0.5,0.6991765913102564,0.8721130538854589
204,validation,2,0,0,120.0,701.5936666954672,0.4,187.79528267415373,-123.07504760072715,0.0,0.0,0.0,0.5,0.6991765913102564,0.8721130538854589
205,train,1,0,1,-420.0,-1126.2281921853428,0.0,0.0,0.0,0.0,0.0,0.0,0.5,1.0,1.0
205,train,2,1,0,0.0,-320.1880229623648,0.0,0.0,0.0,0.0,0.0,0.0,0.5,1.0,1.0
206,train,1,0,0,-180.0,601.7835978277135,1.5,175.82735953154435,0.0,0.0,0.0,-97.12241761849626,0.5,0.7025413487999336,1.4029352115145732
206,train,2,0,0,-300.0,1237.2035421398732,0.6,221.24324841780486,0.0,0.4,0.0,-15.727446700457605,0.5,0.7025413487999336,1.4029352115145732
207,train,0,1,1,-60.0,-341.22174583641436,0.0,0.0,0.0,0.0,0.0,0.0,0.5,1.0,1.0
207,train,0,2,1,-120.0,-559.8438371555199,0.0,0.0,0.0,0.0,0.0,0.0,0.5,1.0,1.0
208,train,1,0,0,360.0,321.80522936172565,0.0,0.0,14.991798756562162,0.0,0.0,0.0,0.5,1.0692291852254892,0.6047501918579973
208,train,2,0,0,-180.0,-123.82725214843867,0.0,0.0,506.88992461315206,0.0,0.0,0.0,0.5,1.0692291852254892,0.6047501918579973
209,test,1,0,1,-360.0,-1767.8721694648493,0.0,0.0,-730.2910163946324,0.0,0.0,0.0,0.5,0.6590623539165437,1.4364378140142622
209,test,2,1,0,60.0,506.7052023386341,0.0,0.0,757.7504656277587,0.0,0.0,0.0,0.5,0.6590623539165437,1.4364378140142622
210,test,0,1,1,300.0,-1514.5894943636213,0.6,0.0,-177.61372958844078,0.0,0.19999999999999996,-57.10004500315206,0.5,0.6713845835565664,1.6305656504186508
210,test,0,2,1,240.0,680.9991147104402,0.3,0.0,-193.33162853692767,0.0,0.8,-31.311520486777688,0.5,0.6713845835565664,1.6305656504186508
211,validation,1,0,0,180.0,99.00151248113798,0.0,-140.5391567115029,14.01539929000792,0.23809523809523808,-0.4285714285714285,0.0,0.5,1.4531477218359647,1.6982941313452868
211,validation,2,0,0,780.0,2483.1207744218846,0.0,35.56925611352193,41.21998597078159,0.23809523809523808,0.4285714285714286,85.42921606812595,0.5,1.4531477218359647,1.6982941313452868
212,train,1,0,1,-780.0,-2312.7010813142806,-0.8571428571428572,-324.76039602504756,-29.947182078435077,0.09523809523809523,-1.5238095238095237,-208.15332731420165,0.5,1.2192418623279406,1.2830715429440085
212,train,1,2,1,-300.0,-568.7196191409312,-0.14285714285714285,-34.795055470160804,-12.034269206920158,-0.047619047619047616,-0.38095238095238093,-0.8124565987727594,0.5,1.2192418623279406,1.2830715429440085
213,validation,2,0,1,-60.0,-948.1859964077539,0.0,0.0,0.0,0.0,0.0,0.0,0.5,1.0,1.0
213,validation,2,1,1,-120.0,-378.65614330446715,0.0,0.0,0.0,0.0,0.0,0.0,0.5,1.0,1.0
214,train,0,2,0,-240.0,138.67198915989866,0.5,28.53185886408312,0.0,0.0,-0.33333333333333326,0.0,0.5,1.4682967360972417,1.0709055881067926
214,train,1,2,0,-180.0,326.39079058994685,0.0,23.908837546207224,0.0,0.0,-0.49999999999999994,0.0,0.5,1.4682967360972417,1.0709055881067926
215,train,0,2,0,120.0,1023.0677433525366,0.0,192.9249268038409,32.333590819784256,0.09523809523809523,0.5714285714285714,-40.88485592228035,0.5,1.5402263068703577,1.8674928836928386
215,train,2,1,1,-300.0,-420.71856807420363,0.14285714285714285,-124.32377696631141,53.630533605727464,-0.09523809523809523,-0.2857142857142856,50.954619173700934,0.5,1.5402263068703577,1.8674928836928386
216,validation,1,0,1,-60.0,608.0695209731634,0.0,0.0,0.0,0.0,0.0,0.0,0.5,1.0,1.0
216,validation,2,1,0,-180.0,139.0397883622236,0.0,0.0,0.0,0.0,0.0,0.0,0.5,1.0,1.0
217,train,2,0,1,360.0,-1026.5872313314721,0.0,0.0,0.0,0.0,0.0,0.0,0.5,1.0,1.0
217,train,2,1,1,360.0,-1139.041269191699,0.0,0.0,0.0,0.0,0.0,0.0,0.5,1.0,1.0
218,train,0,2,0,0.0,-121.4457095191301,-0.19047619047619047,55.21235703845139,257.0449028869383,0.0,-0.047619047619047616,35.771664115316746,0.5,0.5658102885171433,1.6235499050130624
218,train,2,1,1,-180.0,-524.2205931883555,0.38095238095238093,-174.93140086261377,-48.17592175412328,0.0,-0.047619047619047616,46.83298416901857,0.5,0.5658102885171433,1.6235499050130624
219,test,1,0,1,-780.0,-1629.3831134717866,-1.0,0.0,0.0,0.0,0.0,118.97976789318793,0.5,1.5177896403683455,1.2970026864237385
219,test,1,2,1,-120.0,776.0282396348721,-0.6666666666666666,0.0,0.0,0.0,0.0,-355.5288370124283,0.5,1.5177896403683455,1.2970026864237385
220,train,0,1,0,540.0,772.8004834044796,0.19047619047619047,16.843650675672905,589.3096654315789,0.09523809523809523,-0.14285714285714285,-3.293937297039747,0.5,1.4980380455663294,1.2643518412296824
220,train,1,2,1,-60.0,-635.9024663178916,0.0,-348.4489959134046,-141.30870791906733,0.19047619047619047,0.19047619047619047,0.3344524463420129,0.5,1.4980380455663294,1.2643518412296824
221,train,1,0,0,240.0,390.62098961370566,0.0,0.0,0.0,0.0,0.0,0.0,0.5,1.0,1.0
221,train,0,2,1,-120.0,121.48159196907454,0.0,0.0,0.0,0.0,0.0,0.0,0.5,1.0,1.0
222,validation,1,0,1,60.0,1370.3410795390064,-1.0,0.0,0.0,0.0,0.0,0.0,0.5,1.6502401992776043,1.582399735906555
222,validation,1,2,1,-300.0,1664.8004924476072,-1.0,0.0,0.0,0.0,0.0,0.0,0.5,1.6502401992776043,1.582399735906555
223,train,0,2,0,300.0,574.3562741398746,-0.30000000000000004,-219.15793877221972,174.02230922258673,0.0,0.0,145.3688273356011,0.5,1.489006201885119,0.6272336157663986
223,train,2,1,1,-120.0,66.37106424078502,0.10000000000000003,191.53838862963923,-199.92829468373264,0.0,0.0,-192.49941102578495,0.5,1.489006201885119,0.6272336157663986
224,train,0,1,0,180.0,336.97986523292275,0.0,-12.819755071742833,0.0,0.0,0.0,111.01336131024681,0.5,0.7000795719901437,0.8023307573879044
224,train,2,1,0,-60.0,169.69394291824574,0.0,119.71351749413793,0.0,0.0,0.0,87.0036753836009,0.5,0.7000795719901437,0.8023307573879044
225,validation,0,2,0,480.0,2798.162251025219,-0.06666666666666665,-303.98158634753923,0.0,-0.20000000000000007,2.666666666666666,473.3593191734451,0.5,0.93554389610057,0.7828619349593811
225,validation,2,1,1,-300.0,-2856.1302685938545,-0.06666666666666665,73.99806176056643,0.0,0.4000000000000001,-1.666666666666666,-187.56995427515776,0.5,0.93554389610057,0.7828619349593811
226,validation,1,0,1,900.0,-802.6987342791044,-1.1428571428571428,-222.41701370857615,-81.40307342104441,-0.5714285714285714,-0.1428571428571428,-53.625053377975426,0.5,0.8797323535642864,0.5564097311115884
226,validation,2,1,0,-1320.0,1317.2537466837211,1.1428571428571428,1.6353872451057043,-15.079774219587335,0.7619047619047619,0.047619047619047616,76.87797348965009,0.5,0.8797323535642864,0.5564097311115884
227,test,0,1,1,-180.0,-1681.7469326130622,0.0,0.0,-183.48105916124354,0.0,0.0,-24.9091836871097,0.5,0.6630084722846324,1.6173830954957653
227,test,0,2,1,-420.0,-471.7722379236802,0.0,0.0,65.48069757499054,-0.8,0.0,-34.77800700903768,0.5,0.6630084722846324,1.6173830954957653
228,train,0,2,0,180.0,1606.2683296984237,0.2,0.0,428.06732505887794,0.0,0.0,16.813281961955386,0.5,1.5059320291272995,1.1533237212036083
228,train,1,2,0,-60.0,580.3102746800346,0.2,0.0,-0.9425748172335844,1.2000000000000002,0.0,-20.11511101778049,0.5,1.5059320291272995,1.1533237212036083
229,train,1,0,1,-300.0,-905.0425656472253,0.14285714285714285,-1128.2289560657796,13.714543211105301,0.0,0.2857142857142857,20.85312403431697,0.5,0.8352019722718924,0.6462408464178628
229,train,1,2,1,-120.0,-281.1397182457722,0.0,-234.53585790712202,13.549425518090914,0.2857142857142857,-0.2857142857142857,-105.1089541379483,0.5,0.8352019722718924,0.6462408464178628
230,train,0,1,0,-120.0,487.561702507654,-0.2,115.32000361252057,0.0,0.0,0.09999999999999998,-12.580205882319603,0.5,0.5124345363560184,1.5240416716708522
230,train,2,1,0,420.0,1121.0014144881147,-0.2,550.0169748392423,0.0,0.0,0.5,-76.56197110601308,0.5,0.5124345363560184,1.5240416716708522
231,train,0,2,0,0.0,-77.41762692027623,1.3333333333333333,-486.87941308220434,0.0,0.0,0.0,-9.521164533269513,0.5,1.0,1.0
231,train,1,2,0,-60.0,-468.240007081532,0.0,113.36547113841436,0.0,0.0,0.0,3.1918090610507477,0.5,1.0,1.0
232,train,0,1,1,-120.0,196.05742573597308,0.0,148.20172443250692,-88.08391807997121,0.0,0.2,-24.183169192566712,0.5,1.0674043783194467,1.433577812583245
232,train,0,2,1,-60.0,-176.67023544535732,-0.6666666666666666,714.5895270635704,-334.31913729260384,0.0,0.0,-5.606994224838935,0.5,1.0674043783194467,1.433577812583245
233,validation,1,0,1,-480.0,204.9178229470508,-0.3,-179.92582801776186,-148.23451307238827,0.0,-0.8,0.0,0.5,1.4096690090489286,1.1221580692287572
233,validation,2,1,0,300.0,-458.2560201438646,0.3,45.3073409466474,-134.05098678074611,0.0,0.40000000000000013,0.0,0.5,1.4096690090489286,1.1221580692287572
234,train,0,1,1,-180.0,-939.5519914790359,-0.3333333333333333,0.0,-25.914622617103632,-0.5,0.0,0.0,0.5,1.547384752683344,1.8034071077961917
234,train,0,2,1,-180.0,-1156.4010266360463,-0.3333333333333333,0.0,2.774042628120185,0.0,0.0,0.0,0.5,1.547384752683344,1.8034071077961917
235,train,0,1,1,-660.0,-2019.8642918927453,0.0,0.0,-537.8451035391397,0.0,0.0,0.0,0.5,0.6161025946667439,0.6639938608501624
235,train,2,0,0,480.0,1943.0366199619966,0.0,0.0,-34.965403555071816,0.0,0.0,0.0,0.5,0.6161025946667439,0.6639938608501624
236,train,0,1,1,-300.0,118.96642826629522,0.0,0.0,0.0,0.0,0.0,-356.5724271951527,0.5,0.9372029375144671,0.7434589403622183
236,train,2,0,0,60.0,170.04892609132185,0.0,0.0,0.0,0.0,0.0,482.92850332752516,0.5,0.9372029375144671,0.7434589403622183
237,train,2,0,1,-60.0,-629.2920185136263,-0.8999999999999999,7.1448712327190265,22.631854622288415,0.0,0.0,-80.83194548622092,0.5,0.6265997258391502,0.9684661121247083
237,train,1,2,0,-120.0,-398.35822786944846,0.8999999999999999,-1.7545265527402591,-160.97862645359504,0.0,0.0,-19.518826612957213,0.5,0.6265997258391502,0.9684661121247083
238,train,0,1,0,-180.0,-263.2181127363351,0.0,-36.545928094747126,94.53309914182779,0.0,1.1428571428571428,-74.73994252218,0.5,0.8376083308430581,0.7369016603539494
238,train,2,1,0,420.0,1906.4609083252817,0.2857142857142857,115.4621167431064,32.25540753674619,0.09523809523809523,0.7619047619047619,-79.44491810957449,0.5,0.8376083308430581,0.7369016603539494
239,validation,2,0,1,-120.0,-385.537458927809,0.0,0.0,-178.3706176301911,-0.3,-0.09999999999999998,15.08633483026702,0.5,0.7297522278941885,0.6268848501780755
239,validation,1,2,0,-120.0,46.38650082631193,0.0,0.0,58.20845863503328,0.0,0.09999999999999998,75.87704561290485,0.5,0.7297522278941885,0.6268848501780755
240,train,0,1,1,0.0,1759.1937795531012,-0.09999999999999998,312.44023304774873,0.0,0.0,0.8,-15.49252033079678,0.5,1.6276005122880788,0.6644066160809619
240,train,0,2,1,0.0,1800.2150867272594,0.10000000000000003,498.2518456494594,0.0,0.0,0.19999999999999996,-39.089406561275595,0.5,1.6276005122880788,0.6644066160809619
241,train,0,1,1,60.0,-141.12021793513304,-0.14285714285714285,109.91097326348392,77.51585932804524,0.0,-2.3809523809523805,104.02675996659505,0.5,0.992836756657424,1.7130636199012432
241,train,0,2,1,300.0,459.61266994194466,0.0,-4.568515769477017,102.77410943895971,-0.2857142857142857,-0.7142857142857142,-64.63213600782733,0.5,0.992836756657424,1.7130636199012432
242,train,1,0,1,120.0,561.8847389468801,0.0,0.0,0.0,0.0,0.0,69.08726525809146,0.5,0.8498635219988284,1.8683419072766108
242,train,2,1,0,120.0,383.6204264660205,0.0,0.0,0.0,0.0,0.0,0.7768270485177027,0.5,0.8498635219988284,1.8683419072766108
243,train,2,0,1,60.0,-753.4862535190232,0.0,0.0,0.0,0.0,0.0,-294.9399895729225,0.5,1.1081877467179588,0.5410874865181017
243,train,2,1,1,120.0,-922.0573257348924,0.0,0.0,0.0,0.0,0.0,-341.9100989218425,0.5,1.1081877467179588,0.5410874865181017
244,train,0,1,0,300.0,-242.47593955427237,0.0,0.0,0.0,2.0,0.0,0.0,0.5,1.3580936979538352,1.0768723234172979
244,train,1,2,1,540.0,687.4734557548945,0.0,0.0,0.0,-1.0,0.0,0.0,0.5,1.3580936979538352,1.0768723234172979
245,validation,1,0,0,-60.0,-367.90738089561546,0.0,303.2613038968148,2.3217806984273395,-0.26666666666666666,0.6666666666666665,0.0,0.5,0.5920827574967057,1.2171973021277016
245,validation,2,0,0,0.0,511.7997476693936,-0.2,562.4038691538831,60.88897111409725,-0.26666666666666666,0.6666666666666665,0.0,0.5,0.5920827574967057,1.2171973021277016
246,train,0,1,0,300.0,218.9425745712083,0.4,39.23842933788522,0.0,0.0,0.0,-2.3175560349982103,0.5,1.4197797435963877,1.8008527589828032
246,train,2,1,0,240.0,603.0201627952279,-0.4,302.61756518895737,0.0,0.2,0.0,-8.820922539756879,0.5,1.4197797435963877,1.8008527589828032
247,train,0,1,0,720.0,2035.2780193206927,0.4,252.05122303293615,-4.849926492917277,0.2,0.0,0.0,0.5,1.0022661141836595,0.9435104960437881
247,train,2,1,0,660.0,1867.5134788823725,0.4,-30.346451062645826,51.51819859526098,0.30000000000000004,0.0,0.0,0.5,1.0022661141836595,0.9435104960437881
248,test,0,1,0,60.0,-806.0627834715592,0.6666666666666666,0.0,-102.49099749581546,0.0,0.0,0.0,0.5,1.5705951009884123,1.155816281628072
248,test,1,2,1,-180.0,297.96186685393286,-2.0,0.0,113.31881555106708,0.0,0.0,0.0,0.5,1.5705951009884123,1.155816281628072
249,train,1,0,1,-180.0,219.3960432710478,-0.6000000000000001,398.26595512823496,-258.99573677111533,0.0,0.0,-19.998705716523176,0.5,1.0,1.0
249,train,1,2,1,-360.0,-1068.8362462557084,-0.2,-342.8736272995518,-91.49816901709266,0.0,0.0,-9.124047342611313,0.5,1.0,1.0
250,train,0,1,0,-240.0,351.0007509908082,0.0,0.0,0.0,0.0,0.0,0.0,0.5,1.0,1.0
250,train,1,2,1,0.0,-1674.5847333061793,0.0,0.0,0.0,0.0,0.0,0.0,0.5,1.0,1.0
251,train,1,0,0,240.0,1074.5281969374555,0.0,-217.76406168554485,148.9080607754037,0.0,0.09523809523809523,5.437404799506203,0.5,1.0,1.0
251,train,0,2,1,-420.0,-140.80911629005277,0.0,142.0977221746171,-18.00089433722887,-0.2857142857142857,0.09523809523809523,-9.596310569093198,0.5,1.0,1.0
252,train,1,0,1,240.0,677.5867554756896,0.0,-937.2324052478791,0.0,0.0,0.0,0.0,0.5,1.0,1.0
252,train,1,2,1,120.0,474.287155162383,0.0,-914.5900042342691,0.0,0.0,0.0,0.0,0.5,1.0,1.0
253,train,0,1,1,240.0,-66.15145151353408,0.0,-84.03303369408822,-166.54529458674367,0.0,1.0,36.41916915936976,0.5,0.5926402204822518,1.2441471362915324
253,train,0,2,1,300.0,76.18076458317228,0.0,26.37803527988018,-187.16310127137493,-0.13333333333333333,1.0,40.363284966183954,0.5,0.5926402204822518,1.2441471362915324
254,train,2,0,1,120.0,926.7654376323353,0.0,0.0,-241.81067931539005,0.0,0.0,-129.78207465416222,0.5,1.3943345554564348,0.8124207205388897
254,train,1,2,0,-180.0,-1749.1778593122967,0.5,0.0,4.613325562148255,0.0,0.0,86.75189691549221,0.5,1.3943345554564348,0.8124207205388897
255,train,1,0,1,-300.0,-161.6104634432213,0.0,-66.07568327165687,-264.101761046714,-0.2857142857142857,0.0,-19.253265867455855,0.5,1.4299081880388984,0.5897014732259658
255,train,1,2,1,0.0,-2160.0845743519385,-0.38095238095238093,-77.36481803200788,-92.67502816335173,-0.5714285714285714,-0.5714285714285714,-135.43022928502972,0.5,1.4299081880388984,0.5897014732259658
256,test,1,0,0,60.0,1605.8727777646573,0.0,0.0,57.861128050862106,0.0,-0.3333333333333335,207.68925081851813,0.5,0.7971679005745591,0.8554861074784298
256,test,0,2,1,480.0,1075.0232267409028,0.0,0.0,35.65191821183194,0.0,0.5,-211.23604729057683,0.5,0.7971679005745591,0.8554861074784298
257,train,1,0,0,-240.0,263.58247341018614,0.0,1078.117477963227,0.0,-0.3333333333333333,0.0,0.0,0.5,1.0,1.0
257,train,2,0,0,-180.0,-644.3952376431002,0.0,-59.351602305036124,0.0,-0.3333333333333333,0.0,0.0,0.5,1.0,1.0
258,train,1,0,1,180.0,874.4301781149338,0.0,0.0,0.0,0.0,0.0,0.0,0.5,0.8065115562702955,1.3367651961061195
258,train,2,1,0,0.0,-1359.6804621230995,0.0,0.0,0.0,0.0,0.0,274.4715925901353,0.5,0.8065115562702955,1.3367651961061195
259,train,0,1,0,120.0,120.6183940555743,0.0,0.0,0.0,0.0,0.0,163.90470256585058,0.5,1.6752194313592559,1.5522565513082482
259,train,1,2,1,-60.0,454.7754951870793,0.0,0.0,0.0,0.0,0.0,-58.04705627370619,0.5,1.6752194313592559,1.5522565513082482
260,train,0,2,0,-120.0,-632.5593742665751,0.2,0.0,269.8890470399326,-0.1,1.8,0.0,0.5,0.5987962009474015,1.9535876056838954
260,train,1,2,0,-60.0,-183.81648829600817,0.6000000000000001,0.0,726.6573653677195,-0.1,3.0,0.0,0.5,0.5987962009474015,1.9535876056838954
261,train,1,0,0,0.0,-1757.0436167482294,0.3333333333333333,0.0,0.0,0.0,0.0,232.23625078851003,0.5,0.7216289491984151,0.6028170075436443
261,train,2,0,0,-300.0,-2842.8560628233863,0.3333333333333333,0.0,0.0,0.3333333333333333,0.0,0.0,0.5,0.7216289491984151,0.6028170075436443
262,test,1,0,1,-480.0,-777.8395271340987,0.0,-293.19097071280254,45.415441603883195,0.0,0.0,0.0,0.5,1.6649764325542622,0.5494208850206879
262,test,2,1,0,-180.0,-590.168603776573,0.0,122.77833588299734,106.0195571489318,0.0,0.0,0.0,0.5,1.6649764325542622,0.5494208850206879
263,test,1,0,0,420.0,678.1175910377547,0.0,0.0,0.0,0.0,0.0,0.0,0.5,1.0,1.0
263,test,2,0,0,240.0,1065.1021338499704,0.0,0.0,0.0,0.0,0.0,0.0,0.5,1.0,1.0
264,train,2,0,1,-60.0,-150.25455930624776,-0.3,0.0,0.0,0.2,0.2,4.46594358561345,0.5,0.7044492168201171,1.4357336601486363
264,train,1,2,0,120.0,55.90632019059058,0.3,0.0,0.0,0.0,0.3,92.5802407896368,0.5,0.7044492168201171,1.4357336601486363
265,train,0,1,0,540.0,814.5371447208322,0.0,1268.3194003591052,0.0,0.0,0.0,0.0,0.5,1.0,1.0
265,train,2,1,0,240.0,-546.6244132056227,0.0,1300.6378077203312,0.0,0.0,0.0,0.0,0.5,1.0,1.0
266,train,2,0,1,0.0,49.022614107384015,0.19047619047619047,-5.000167200358135,45.61361851497414,0.0,1.0,-19.7355136889289,0.5,1.0220073173329283,0.5060812623539663
266,train,1,2,0,-60.0,-471.5149444524295,-0.19047619047619047,-46.044379916098165,77.74412845137064,0.09523809523809523,-0.5714285714285714,47.20171461542533,0.5,1.0220073173329283,0.5060812623539663
267,validation,0,1,0,60.0,68.33440922159662,0.0,0.0,0.0,0.0,0.0,0.0,0.5,1.0,1.0
267,validation,1,2,1,-60.0,829.3448734700805,0.0,0.0,0.0,0.0,0.0,0.0,0.5,1.0,1.0
268,validation,0,2,0,120.0,646.2992423039414,0.0,0.0,186.37531696360793,0.0,-0.16666666666666663,0.0,0.5,1.5026170960097118,0.6309137903293286
268,validation,2,1,1,120.0,-757.4983595548674,-0.5,0.0,-25.842452353134945,0.0,0.16666666666666663,0.0,0.5,1.5026170960097118,0.6309137903293286
269,validation,0,2,0,-180.0,421.39702320980814,-0.10000000000000003,693.7336688188796,126.4758342883728,0.2,0.0,0.0,0.5,1.8878156573686524,0.6059921171933357
269,validation,1,2,0,60.0,573.2598365211752,-0.30000000000000004,338.01482600326557,255.3711687319722,0.2,0.0,0.0,0.5,1.8878156573686524,0.6059921171933357
270,train,1,0,0,-60.0,-585.4211368704218,0.0,37.50609369453127,-15.488045119197679,0.0,0.0,0.0,0.5,1.0,1.0
270,train,2,0,0,-60.0,-441.7392676452091,0.0,-151.56140046240967,19.324374780843456,0.0,0.0,0.0,0.5,1.0,1.0
271,test,0,1,0,-240.0,-724.8798949112033,0.0,0.0,0.0,1.0,0.0,0.0,0.5,0.6217928936393061,1.1912432303409857
271,test,1,2,1,-660.0,-1577.2459516107137,0.0,0.0,0.0,0.0,0.0,0.0,0.5,0.6217928936393061,1.1912432303409857
272,validation,0,1,0,0.0,756.3741973553424,0.0,0.0,0.0,0.0,0.0,501.06736405127447,0.5,1.2619766376961692,1.1111815206802174
272,validation,2,1,0,-120.0,483.42967482267795,0.0,0.0,0.0,0.0,0.0,490.4379890233579,0.5,1.2619766376961692,1.1111815206802174
273,test,1,0,1,120.0,-142.40981924695825,0.0,250.8450725609548,-81.06798786868109,-0.047619047619047616,-0.2857142857142857,-48.777904429670684,0.5,0.7682739881627803,1.4204971979162384
273,test,1,2,1,-240.0,-1286.6650258075388,-0.8571428571428571,-348.06470158343507,-220.3790651394994,-0.047619047619047616,-0.6666666666666666,-66.04537287690815,0.5,0.7682739881627803,1.4204971979162384
274,train,1,0,0,-120.0,1.8545827419684429,0.0,0.0,0.0,0.0,0.0,0.0,0.5,1.0,1.0
274,train,2,0,0,0.0,521.2582892429436,0.0,0.0,0.0,0.0,0.0,0.0,0.5,1.0,1.0
275,train,0,2,0,120.0,-93.1352140305653,0.0,0.0,212.73653633004594,0.0,-0.13333333333333336,42.29097121370507,0.5,0.634752523341454,0.9786635436746184
275,train,2,1,1,120.0,-313.95434146482876,0.0,0.0,9.580737073041448,0.0,0.0,-68.53521654351218,0.5,0.634752523341454,0.9786635436746184
276,train,2,0,1,-180.0,2.424612970380167,0.0,0.0,0.0,0.0,0.0,0.0,0.5,1.0,1.0
276,train,1,2,0,180.0,148.83326465582013,0.0,0.0,0.0,0.0,0.0,0.0,0.5,1.0,1.0
277,train,1,0,0,-120.0,811.4428378144021,0.0,0.0,0.0,0.0,0.0,0.0,0.5,1.0,1.0
277,train,2,0,0,120.0,2033.2751176066113,0.0,0.0,0.0,0.0,0.0,0.0,0.5,1.0,1.0
278,train,0,2,0,540.0,-1531.2234689464003,0.6666666666666665,456.05810497973675,0.0,0.0,0.0,0.0,0.5,1.2330206990996906,0.5190631087246903
278,train,2,1,1,-60.0,-73.80261854806122,1.3333333333333333,-1270.0458819227274,0.0,0.0,0.0,0.0,0.5,1.2330206990996906,0.5190631087246903
279,train,0,2,0,300.0,754.4511964674625,0.0,0.0,0.0,0.0,0.0,0.0,0.5,1.0,1.0
279,train,1,2,0,60.0,-54.709932090449456,0.0,0.0,0.0,0.0,0.0,0.0,0.5,1.0,1.0
280,train,0,2,0,240.0,881.1929878687301,0.0,15.640833256087944,-9.993741536230914,0.0,0.5333333333333333,-55.81306909331046,0.5,0.5469108293034599,1.114374150524414
280,train,2,1,1,60.0,-822.4459203811812,-0.2,-60.372866769397376,34.067358909453105,0.0,-0.5333333333333333,31.733385039474726,0.5,0.5469108293034599,1.114374150524414
281,test,1,0,1,-660.0,-1450.8978729704559,0.0,0.0,0.0,0.0,0.0,0.0,0.5,1.0,1.0
281,test,2,1,0,900.0,1092.8332706435876,0.0,0.0,0.0,0.0,0.0,0.0,0.5,1.0,1.0
282,train,0,1,1,480.0,760.0460669612103,0.0,0.0,0.0,0.0,-3.0,0.0,0.5,0.805044375337318,0.7621169462491884
282,train,0,2,1,420.0,-277.587702224072,0.0,0.0,0.0,0.0,-3.0,0.0,0.5,0.805044375337318,0.7621169462491884
283,test,0,2,0,300.0,614.5216538823165,0.0,0.0,0.0,0.0,1.0,0.0,0.5,1.3397482785790897,0.600561904952274
283,test,1,2,0,720.0,1095.18468041409,0.0,0.0,0.0,0.0,3.0,0.0,0.5,1.3397482785790897,0.600561904952274
284,train,1,0,0,120.0,-345.6781431893569,0.09523809523809523,480.44742410275296,2.127114435831711,-0.2857142857142857,0.19047619047619047,-2.987242804285016,0.5,1.5521714756597915,1.2431773296106774
284,train,2,0,0,180.0,871.7019015180203,0.0,151.94140690386573,117.93431902178972,0.0,-0.38095238095238093,0.17361085725828307,0.5,1.5521714756597915,1.2431773296106774
285,train,0,1,0,-60.0,1557.8819847435634,0.0,0.0,0.0,3.0,0.0,0.0,0.5,1.6407138378460493,0.624771015668255
285,train,2,1,0,-420.0,-1530.1944692325505,0.0,0.0,0.0,1.0,0.0,0.0,0.5,1.6407138378460493,0.624771015668255
286,train,0,1,0,60.0,0.0,0.0,52.91853045593825,0.0,0.0,0.0,3.4929022261591562,0.5,1.0,1.0
286,train,2,1,0,-60.0,0.0,-0.2,272.0132436714256,0.0,0.0,0.29999999999999993,-5.342843589633363,0.5,1.0,1.0
287,test,2,0,1,-780.0,488.433203538636,0.0,-283.1326353272692,0.0,-0.33333333333333337,-2.5,0.0,0.5,1.606236255997731,1.4633576478641002
287,test,2,1,1,-120.0,240.1141499639989,0.0,-558.7761622613584,0.0,0.16666666666666666,-3.5,0.0,0.5,1.606236255997731,1.4633576478641002
288,train,0,1,0,0.0,1339.141850422017,0.0,509.1645982481317,-53.887972176921835,0.0,0.0,149.9187593455965,0.5,0.516633839493651,0.707900955791779
288,train,1,2,1,-120.0,-1415.5946331193272,0.0,-413.7546638170053,16.109149448010086,-0.1,0.0,-76.61160227627168,0.5,0.516633839493651,0.707900955791779
289,train,1,0,1,300.0,-118.72099261671246,-0.23809523809523808,50.82472066981842,-5.073740192676135,0.0,0.0,-111.59488702233132,0.5,1.4755052349703588,0.6656946070307913
289,train,2,1,0,-360.0,984.250572925178,0.47619047619047616,-45.66354566844777,49.12534125342671,0.2857142857142857,-0.4285714285714286,71.91889065361447,0.5,1.4755052349703588,0.6656946070307913
290,train,1,0,0,-360.0,-1610.3120435514334,0.0,0.0,0.0,0.0,0.0,0.0,0.5,0.8072979153923701,0.6614150331657391
290,train,0,2,1,0.0,1019.7413681761041,0.0,0.0,0.0,0.0,0.0,0.0,0.5,0.8072979153923701,0.6614150331657391
291,train,2,0,1,-120.0,-114.26661331434025,-0.13333333333333333,50.92000653126235,0.0,0.0,-0.6666666666666665,-41.90374503746848,0.5,1.0979313647357463,1.0397117911322753
291,train,1,2,0,180.0,1785.7310265334627,0.13333333333333333,22.910571868531505,0.0,0.2,0.6666666666666665,7.081055954727208,0.5,1.0979313647357463,1.0397117911322753
292,test,0,1,1,-720.0,-568.1010904264731,0.0,0.0,-390.07680042281856,0.0,0.0,0.0,0.5,0.5696652123661462,0.8955336665446283
292,test,2,0,0,420.0,426.8345251187384,0.0,0.0,874.776793337588,0.0,0.0,0.0,0.5,0.5696652123661462,0.8955336665446283
293,train,0,1,1,-180.0,-1456.4935341298087,0.0,0.0,-1.34144301889458,0.0,0.0,0.0,0.5,1.0558249376598958,0.9458941054197922
293,train,2,0,0,240.0,542.8976343845079,0.0,0.0,-9.44699645488322,-0.5,0.0,0.0,0.5,1.0558249376598958,0.9458941054197922
294,train,0,1,1,-240.0,-698.709553279718,-2.0,0.0,0.0,0.0,0.0,0.0,0.5,0.6724862402224482,0.856389147359101
294,train,0,2,1,-300.0,-762.7901105029423,-2.0,0.0,0.0,0.0,0.0,0.0,0.5,0.6724862402224482,0.856389147359101
295,train,2,0,1,-240.0,-1395.7468619350539,0.19047619047619047,-115.35616821090986,-35.006147397692956,-0.14285714285714285,0.0,60.73656397570892,0.5,0.7161191832615487,0.7026291909800919
295,train,1,2,0,-120.0,801.4597938539187,-0.19047619047619047,347.99607054647333,41.77275113037165,0.0,0.857142857142857,-1.451929141316029,0.5,0.7161191832615487,0.7026291909800919
296,train,0,1,0,-120.0,-260.7941843829367,0.0,0.0,0.0,0.0,0.0,0.0,0.5,1.0,1.0
296,train,1,2,1,120.0,36.84322406162664,0.0,0.0,0.0,0.0,0.0,0.0,0.5,1.0,1.0
297,train,2,0,1,120.0,-542.037574565336,-0.6,0.0,-75.4706992979653,-0.2,0.0,0.0,0.5,0.5958914300180138,0.8703418533219343
297,train,2,1,1,120.0,-20.726889048769863,0.0,0.0,-93.35360383272317,0.0,-0.8000000000000002,0.0,0.5,0.5958914300180138,0.8703418533219343
298,test,0,2,0,-180.0,381.42271066425747,-0.19047619047619047,408.74806904414515,-14.99366186595985,0.0,-0.09523809523809523,104.29948008764765,0.5,1.5301001117327149,1.3638286660330525
298,test,2,1,1,-60.0,-75.6439156738511,0.0,-126.0826901819093,-3.3550661943797166,0.0,0.047619047619047616,22.37498204377109,0.5,1.5301001117327149,1.3638286660330525
299,train,0,1,0,-120.0,657.5550179610882,0.0,297.5665166788191,0.0,0.0,0.4000000000000001,11.89417167133221,0.5,1.0,1.0
299,train,1,2,1,-60.0,-449.639771695277,0.0,-214.37570089789085,0.0,0.0,0.0,-21.248748101023146,0.5,1.0,1.0
300,train,1,0,0,180.0,459.1276229754217,0.0,0.0,0.0,0.0,0.0,0.0,0.5,0.9674923736346774,0.6207079857036738
300,train,2,0,0,240.0,1093.5963865034942,4.0,0.0,0.0,0.0,0.0,0.0,0.5,0.9674923736346774,0.6207079857036738
301,train,0,1,0,60.0,-414.9531882185154,0.047619047619047616,-4.125875970813439,17.382863478186295,0.09523809523809523,0.0,40.40435889718421,0.5,1.4044234010292216,1.4992961662336102
301,train,1,2,1,-120.0,382.77348012266066,-0.047619047619047616,-29.748522746551743,1.2254935394932573,0.0,0.47619047619047616,-36.308736327622974,0.5,1.4044234010292216,1.4992961662336102
302,test,0,1,0,540.0,22.28603251460936,0.0,324.3370567513857,-71.2891760662026,0.0,0.0,64.3885669365237,0.5,1.0,1.0
302,test,2,1,0,120.0,-151.3639687228465,0.0,214.5508902371913,5.952606933375776,0.0,0.0,81.20419210549872,0.5,1.0,1.0
303,train,0,1,0,180.0,121.47144404198116,0.0,0.0,0.0,0.0,0.0,0.0,0.5,0.6263717891244176,1.854879817957619
303,train,1,2,1,-240.0,-1004.8114955929295,0.0,0.0,0.0,0.0,0.0,0.0,0.5,0.6263717891244176,1.854879817957619
304,train,0,1,0,120.0,172.11630362894448,-0.06666666666666667,0.0,-2.3126288115440445,0.0,0.0,46.77329544194813,0.5,1.9651718926288964,0.9932647941739319
304,train,2,1,0,180.0,109.70209482379505,0.06666666666666667,0.0,247.29771777415473,0.26666666666666666,0.6000000000000001,15.480290044481826,0.5,1.9651718926288964,0.9932647941739319
305,train,1,0,0,720.0,1717.6914707860215,0.0,-88.8822391477724,147.03639443559007,0.3333333333333333,3.0,4.678145058921018,0.5,1.893368009509243,1.3773838362676416
305,train,0,2,1,60.0,-482.42242653567337,0.0,85.40603627916727,-140.63885439817886,0.0,-1.6666666666666665,94.54808873966044,0.5,1.893368009509243,1.3773838362676416
306,train,1,0,0,240.0,436.54530911529764,0.0,0.0,0.0,0.0,0.0,0.0,0.5,1.3763517474077696,1.2378718471341141
306,train,2,0,0,480.0,189.31616058661848,2.0,0.0,0.0,0.3333333333333333,0.0,0.0,0.5,1.3763517474077696,1.2378718471341141
307,validation,0,2,0,-540.0,-634.1925244437152,0.47619047619047616,24.360039976456036,19.16192051146173,0.0,0.047619047619047616,111.70420298440241,0.5,1.3859058046076578,0.9743426044201708
307,validation,1,2,0,-660.0,-1321.2195601653866,0.47619047619047616,34.60851797939898,-87.79257705296492,0.19047619047619047,0.047619047619047616,0.0,0.5,1.3859058046076578,0.9743426044201708
308,train,2,0,1,0.0,-1381.4661476433166,0.0,-578.5506964286093,0.0,-0.6666666666666665,0.0,0.0,0.5,1.2265126518890515,1.7456255946934582
308,train,1,2,0,1560.0,5129.810115264071,0.0,701.8320855622195,0.0,-0.6666666666666667,0.0,0.0,0.5,1.2265126518890515,1.7456255946934582
309,train,2,0,1,-180.0,-1517.6428582791,0.0,0.0,-309.71014921749526,-0.3333333333333333,0.0,0.0,0.5,1.5740295903338661,1.8959308093021252
309,train,2,1,1,-300.0,-699.2184504120919,0.0,0.0,-11.514123199255181,0.0,0.0,0.0,0.5,1.5740295903338661,1.8959308093021252
310,train,1,0,0,240.0,429.49640546432147,0.0,262.77885203062624,0.0,0.0,0.0,0.0,0.5,1.179456001281001,1.1331669567001212
310,train,2,0,0,300.0,636.0074560139533,0.0,147.3257875928823,0.0,0.0,0.0,0.0,0.5,1.179456001281001,1.1331669567001212
311,train,1,0,0,-60.0,-692.5709695391506,0.0,0.0,20.435578276446407,0.3,-0.4,-14.933353563591782,0.5,1.9251376014605923,1.2918751462466782
311,train,0,2,1,0.0,65.95938108235941,0.0,0.0,-0.7857694102103139,0.0,-0.8,-32.160452546189376,0.5,1.9251376014605923,1.2918751462466782
312,train,0,2,0,180.0,-123.69967537188768,0.0,0.0,0.0,0.0,0.0,0.0,0.5,1.0,1.0
312,train,1,2,0,-120.0,-922.4318479410576,0.0,0.0,0.0,0.0,0.0,0.0,0.5,1.0,1.0
313,train,2,0,1,0.0,0.0,0.0,0.0,0.0,0.0,0.0,0.0,0.5,1.0,1.0
313,train,1,2,0,-60.0,0.0,0.0,0.0,0.0,0.0,0.0,0.0,0.5,1.0,1.0
314,train,1,0,0,420.0,42.21177532157071,0.0,603.2329147111816,0.0,0.0,0.666666666666667,0.0,0.5,0.5064632482421229,0.7180708932545139
314,train,0,2,1,0.0,71.48177790695172,0.0,-392.36914439868025,0.0,0.0,-0.666666666666667,0.0,0.5,0.5064632482421229,0.7180708932545139
315,train,0,1,1,-480.0,-1827.499589006884,0.0,-154.83174308918603,144.24364947419795,-0.16666666666666666,0.0,0.0,0.5,1.0,1.0
315,train,2,0,0,-420.0,-1005.4543615599614,0.0,710.8744168892862,160.54209248918443,-0.16666666666666666,0.0,0.0,0.5,1.0,1.0
316,test,1,0,0,-240.0,-1652.9493149178024,0.0,0.0,0.0,0.6666666666666666,0.0,-152.10472052650655,0.5,0.7505364823539702,1.0495707741702296
316,test,2,0,0,60.0,485.7594786153386,0.0,0.0,0.0,0.6666666666666666,0.0,10.601679752175329,0.5,0.7505364823539702,1.0495707741702296
317,train,1,0,0,180.0,1669.0791625980496,0.0,-43.773258858789404,99.40615691861123,0.047619047619047616,1.1428571428571428,12.176366686907222,0.5,1.342013337842404,1.0321455056121698
317,train,2,0,0,180.0,425.2868547562539,0.23809523809523808,-101.52987640604363,5.406154562619683,0.0,-0.2857142857142857,82.11111613765888,0.5,1.342013337842404,1.0321455056121698
318,train,0,2,0,0.0,539.7048160502777,0.0,531.6378128888897,0.0,0.0,0.6666666666666666,0.0,0.5,1.0,1.0
318,train,1,2,0,60.0,-1.7150480211375907,0.0,347.5550591046085,0.0,0.0,0.0,0.0,0.5,1.0,1.0
319,train,2,0,1,-60.0,-1638.7103860246789,0.0,-1931.7928670443025,0.0,0.0,0.0,0.0,0.5,1.0,1.0
319,train,2,1,1,-660.0,-2011.4639531535386,0.0,-171.0633468448391,0.0,0.0,0.0,0.0,0.5,1.0,1.0
320,validation,0,1,0,720.0,2402.3137475534077,-0.3333333333333333,0.0,328.5699530325958,0.0,0.0,-104.75934604712569,0.5,0.8210789616619035,0.7668094205185124
320,validation,1,2,1,300.0,-635.6466142171712,0.16666666666666666,0.0,-542.6607891709733,0.0,0.0,113.8988329371829,0.5,0.8210789616619035,0.7668094205185124
321,train,1,0,1,300.0,502.7516726237818,0.0,0.0,0.0,-2.0,0.0,0.0,0.5,0.7806954521085526,0.7906678132256991
321,train,1,2,1,120.0,-157.78780445186976,0.0,0.0,0.0,0.0,0.0,0.0,0.5,0.7806954521085526,0.7906678132256991
322,train,0,1,1,-360.0,-1018.9788059322727,0.0,12.079688836801324,0.9536466974590354,0.0,0.0,-47.21847020984284,0.5,0.6143414131201302,0.5145197319203794
322,train,2,0,0,-60.0,78.91911581333238,0.0,-97.61786244252727,-12.039486863293455,0.0,0.0,24.46919056158447,0.5,0.6143414131201302,0.5145197319203794
323,validation,0,1,0,300.0,1058.0244773933591,0.5,976.4772347233329,422.1285722369492,0.0,0.0,0.0,0.5,1.0,1.0
323,validation,1,2,1,-600.0,-1506.5050112945191,-0.6666666666666666,-1356.4144744153677,-146.07057542532033,0.0,0.0,0.0,0.5,1.0,1.0
324,validation,1,0,0,-60.0,-1105.305807224001,0.0,-364.662088910243,356.78418488621355,0.0,0.4999999999999999,0.0,0.5,0.7733421880808167,1.0765245304937001
324,validation,0,2,1,60.0,720.0195401243109,0.0,-404.45264055937787,-152.48502409338633,0.0,-0.16666666666666663,0.0,0.5,0.7733421880808167,1.0765245304937001
325,train,0,2,0,120.0,825.1376537931551,0.0,0.0,0.0,0.0,2.6666666666666665,-3.4988001695580664,0.5,0.8258641719550572,0.8845625647835548
325,train,1,2,0,60.0,1334.5775111160883,0.0,0.0,0.0,0.0,3.3333333333333335,-68.82993270386982,0.5,0.8258641719550572,0.8845625647835548
326,train,1,0,0,-60.0,844.3742162127382,0.0,0.0,0.0,0.0,0.0,0.0,0.5,1.0,1.0
326,train,0,2,1,120.0,832.0745492191663,0.0,0.0,0.0,0.0,0.0,0.0,0.5,1.0,1.0
327,train,0,2,0,300.0,-220.79125261993704,0.0,229.92270709919023,0.0,0.0,0.0,-40.616559464502046,0.5,0.9106088624878264,0.7177350878689228
327,train,2,1,1,-360.0,-1649.340556730337,0.0,-373.55035603333397,0.0,0.0,0.0,-182.6778909153083,0.5,0.9106088624878264,0.7177350878689228
328,train,0,1,0,-480.0,-57.08251151864897,0.0,447.1281870070161,0.0,0.0,0.0,0.0,0.5,1.0,1.0
328,train,2,1,0,420.0,407.5878382119681,-0.3333333333333333,162.45400780531463,0.0,0.0,0.0,0.0,0.5,1.0,1.0
329,train,1,0,0,-180.0,-153.941302247772,-0.06666666666666667,0.0,76.67838271229154,0.0,0.33333333333333326,64.47581318348094,0.5,0.6253900393012282,1.313842955231822
329,train,2,0,0,-120.0,-36.89441777860429,-0.06666666666666667,0.0,54.41356817815135,0.0,1.333333333333333,-11.335107914914254,0.5,0.6253900393012282,1.313842955231822
330,train,0,2,0,-60.0,-121.68133967753965,0.0,306.5469274930563,0.0,0.0,0.0,0.0,0.5,1.085008291666051,0.6287729928651832
330,train,1,2,0,0.0,-579.2437767237643,0.0,77.79207811763536,0.0,0.0,0.0,0.0,0.5,1.085008291666051,0.6287729928651832
331,validation,0,1,0,240.0,768.4952891042653,0.0,0.0,0.0,0.6666666666666666,0.0,71.42215946663406,0.5,1.5359335491127464,0.8738111231281067
331,validation,1,2,1,0.0,71.29854731113574,0.0,0.0,0.0,0.0,0.0,-86.50757248425326,0.5,1.5359335491127464,0.8738111231281067
332,train,0,2,0,-180.0,-50.557274906815564,1.0,0.0,0.0,0.0,0.0,0.0,0.5,0.9844029221755088,0.8694781108876536
332,train,2,1,1,-60.0,-1232.5910334483847,-2.0,0.0,0.0,0.0,0.0,0.0,0.5,0.9844029221755088,0.8694781108876536
333,test,2,0,1,-180.0,539.8158117197509,0.0,0.0,0.0,0.0,0.0,0.0,0.5,1.0,1.0
333,test,1,2,0,480.0,-303.1210046663573,0.0,0.0,0.0,0.0,0.0,0.0,0.5,1.0,1.0
334,validation,1,0,0,180.0,1078.5826472443532,0.0,0.0,4.741273204088202,0.0,3.3333333333333335,0.0,0.5,0.6171214558200331,1.1073347249146521
334,validation,0,2,1,-540.0,-893.8216437177216,0.0,0.0,-299.1568414999981,0.0,-2.0,0.0,0.5,0.6171214558200331,1.1073347249146521
335,train,0,1,0,0.0,73.84682646867077,-0.47619047619047616,13.097642894454935,447.4451992691635,-0.19047619047619047,0.0,5.1178742694927895,0.5,1.155463230424981,1.5232488266833462
335,train,2,1,0,300.0,475.72649330967215,-0.23809523809523808,15.31577575329473,102.60798690986819,0.38095238095238093,-0.09523809523809523,-1.9656481465950097,0.5,1.155463230424981,1.5232488266833462
336,train,0,1,0,300.0,700.8576832612862,0.0,0.0,0.0,0.0,0.0,0.0,0.5,0.5190495745864592,1.5505179045439168
336,train,2,1,0,120.0,1751.7808858368735,0.0,0.0,0.0,0.0,3.0,0.0,0.5,0.5190495745864592,1.5505179045439168
337,train,1,0,1,-120.0,-288.58104138682575,0.0,0.0,0.0,0.0,0.0,0.0,0.5,1.0,1.0
337,train,1,2,1,60.0,240.25859856291754,0.0,0.0,0.0,0.0,0.0,0.0,0.5,1.0,1.0
338,train,1,0,1,-120.0,-201.14692576217385,0.0,0.0,16.28085079492331,0.0,-1.0,-20.852933476507985,0.5,1.2466098283369633,0.7241417540242785
338,train,1,2,1,180.0,-741.8095964791019,0.0,0.0,-539.2669581215374,0.0,-0.3333333333333335,-66.21834607921159,0.5,1.2466098283369633,0.7241417540242785
339,train,1,0,1,-960.0,-1890.3055415835288,0.0,0.0,0.0,0.0,-1.0,0.0,0.5,1.5423401070845604,1.413159867514858
339,train,1,2,1,240.0,537.0033203878484,0.0,0.0,0.0,0.0,1.0,0.0,0.5,1.5423401070845604,1.413159867514858
340,train,2,0,1,0.0,-0.5862998071893344,0.3,0.0,-4.8755911369700655,0.0,0.0,-85.74935844972813,0.5,0.9343142139534433,0.5413174338839476
340,train,2,1,1,-60.0,0.0,0.0,0.0,-9.247380987798905,-0.6000000000000001,0.0,0.0,0.5,0.9343142139534433,0.5413174338839476
341,test,0,2,0,-360.0,-2621.4567575587025,0.6,0.0,500.66811459062126,0.0,-1.4999999999999998,-43.84654022129171,0.5,1.054380905979401,1.332038724357675
341,test,1,2,0,480.0,-2319.5881346417336,0.0,0.0,218.3491120292814,0.0,-0.8999999999999999,-56.00828889202938,0.5,1.054380905979401,1.332038724357675
342,validation,1,0,0,-240.0,-581.7083800202131,0.13333333333333333,107.80929995502584,-22.039029977430847,0.0,1.3333333333333335,0.0,0.5,0.68161690127622,0.565916312349676
342,validation,2,0,0,0.0,1023.9993525809596,0.06666666666666667,-13.377399941247432,177.60395759482543,0.0,2.3333333333333335,0.0,0.5,0.68161690127622,0.565916312349676
343,train,0,2,0,-180.0,1381.7346377559425,0.0,476.72901622213817,0.0,0.0,0.6666666666666665,13.030661743933308,0.5,1.0,1.0
343,train,2,1,1,180.0,-217.6419436912047,0.0,-74.16679049562447,0.0,0.0,-0.33333333333333304,19.73990936199285,0.5,1.0,1.0
344,train,0,1,0,-300.0,-2736.5381328215735,2.0,0.0,0.0,0.0,0.0,0.0,0.5,1.8092026939182901,0.7856660311312618
344,train,2,1,0,360.0,906.2499516082516,4.0,0.0,0.0,0.0,0.0,0.0,0.5,1.8092026939182901,0.7856660311312618
345,train,0,1,1,-60.0,74.92552692682693,0.0,217.9005538666056,-21.47810370211065,0.0,-0.6000000000000001,0.0,0.5,1.0,1.0
345,train,2,0,0,180.0,353.20247276540067,-0.13333333333333333,-93.2400443514274,62.02874848186691,0.0,1.4000000000000001,0.0,0.5,1.0,1.0
346,train,0,2,0,540.0,1320.9336065110056,3.0,0.0,0.0,0.0,0.0,0.0,0.5,0.9606809546417321,0.9431919436680356
346,train,2,1,1,-1380.0,-1723.3509132681093,-2.0,0.0,0.0,0.0,0.0,0.0,0.5,0.9606809546417321,0.9431919436680356
347,test,0,1,0,-540.0,355.40287515235923,0.0,0.0,0.0,0.0,0.0,260.3850214678573,0.5,0.6109852766437007,0.7330108988039766
347,test,2,1,0,-660.0,-777.5730537092868,0.0,0.0,0.0,0.0,0.0,135.40425438413078,0.5,0.6109852766437007,0.7330108988039766
348,train,0,1,0,180.0,-1101.7962623513326,0.0,0.0,0.0,0.6666666666666666,1.3333333333333335,0.0,0.5,1.7947366950608572,0.5192357839684636
348,train,2,1,0,120.0,-910.6331580276296,0.0,0.0,0.0,0.6666666666666666,-2.6666666666666665,0.0,0.5,1.7947366950608572,0.5192357839684636
349,train,0,2,0,-60.0,761.7377120988799,2.0,0.0,0.0,0.0,0.0,0.0,0.5,1.6617289536340873,1.5778619444341002
349,train,1,2,0,-60.0,1859.3581641653113,2.0,0.0,0.0,0.0,0.0,0.0,0.5,1.6617289536340873,1.5778619444341002
350,train,0,1,1,-420.0,-2065.3473945089218,0.0,-2647.3261383745225,0.0,0.0,0.6666666666666665,0.0,0.5,1.0,1.0
350,train,0,2,1,-180.0,-2545.1711918714636,0.0,-1193.6548979035729,0.0,0.0,0.6666666666666665,0.0,0.5,1.0,1.0
351,train,0,1,0,-240.0,-140.79385886063483,0.0,73.04537037052361,0.0,0.8,0.0,-44.966466574057094,0.5,1.1503836294417125,0.7444474327956172
351,train,1,2,1,-780.0,-1025.7801420730593,0.0,-50.1825356882419,0.0,-0.4,-2.0,-87.89004157478962,0.5,1.1503836294417125,0.7444474327956172
352,test,0,1,1,-300.0,11.869702499859159,0.0,0.0,0.0,0.0,0.0,0.0,0.5,1.0,1.0
352,test,0,2,1,-960.0,-1013.1688444613719,0.0,0.0,0.0,0.0,0.0,0.0,0.5,1.0,1.0
353,train,0,1,1,-300.0,-648.240949659631,-0.5,-126.3364208991122,0.0,-0.6666666666666666,0.0,0.0,0.5,1.3711980486964683,0.5244494057276685
353,train,2,0,0,-180.0,505.014023634968,-0.5,236.24028839922065,0.0,0.6666666666666666,0.0,0.0,0.5,1.3711980486964683,0.5244494057276685
354,train,0,1,0,360.0,2747.787846327039,-0.4761904761904761,122.17567097288054,37.59593586374827,0.2857142857142857,-0.19047619047619047,0.7332368198737136,0.5,1.4928410203361053,0.7371099053002729
354,train,1,2,1,180.0,-376.08240891064816,0.0,-441.1980359819695,-75.04077724102507,0.2857142857142857,0.2857142857142857,5.622634453767848,0.5,1.4928410203361053,0.7371099053002729
355,test,2,0,1,60.0,552.9954335120938,0.0,0.0,0.0,0.0,0.0,0.0,0.5,1.0,1.0
355,test,1,2,0,60.0,311.40920867041314,0.0,0.0,0.0,0.0,0.0,0.0,0.5,1.0,1.0
356,test,1,0,1,-120.0,378.4842236408522,-0.1,0.0,19.063265806740645,0.0,0.0,-12.290793966783209,0.5,1.908028756273635,1.2877880221970641
356,test,2,1,0,60.0,-449.3449235824655,-0.1,0.0,-43.640265188728755,0.0,0.0,45.465016434553505,0.5,1.908028756273635,1.2877880221970641
357,train,1,0,1,240.0,337.66896205838975,-0.4,-76.14137369870566,-28.944775160027426,0.0,0.0,42.2457461449671,0.5,0.8485955054358635,0.8907657787532877
357,train,2,1,0,360.0,693.3986317984595,0.2,147.45363274446714,-1.456482122764129,0.0,0.0,51.31555267831098,0.5,0.8485955054358635,0.8907657787532877
358,train,1,0,0,300.0,780.689552486785,0.0,269.2971325873543,0.0,0.0,-0.33333333333333326,0.0,0.5,1.0,1.0
358,train,2,0,0,300.0,254.65166134113224,0.0,-123.54821297332103,0.0,0.0,1.0,0.0,0.5,1.0,1.0
359,validation,1,0,0,300.0,460.36556097487073,0.0,0.0,0.0,0.6666666666666666,0.0,75.28781005107328,0.5,0.5790002388144608,1.496074138543921
359,validation,0,2,1,-180.0,910.1468518748061,0.0,0.0,0.0,0.0,0.0,-87.56936318889527,0.5,0.5790002388144608,1.496074138543921
360,train,0,1,0,120.0,-56.11987680463699,0.0,0.0,0.0,0.0,0.0,0.0,0.5,1.0,1.0
360,train,2,1,0,300.0,1057.0070104759507,0.0,0.0,0.0,0.0,0.0,0.0,0.5,1.0,1.0
361,train,1,0,0,480.0,1618.9904404408808,0.7142857142857142,6.300263565049619,270.8457200708653,-0.5714285714285714,-0.5714285714285714,94.57372023894752,0.5,1.6075547121244032,0.5411194172640621
361,train,2,0,0,120.0,1582.9026260666124,-0.4761904761904761,189.30820666744359,57.39931148884282,-0.19047619047619047,0.5714285714285712,40.962211805809225,0.5,1.6075547121244032,0.5411194172640621
362,train,1,0,0,360.0,498.36717359956765,0.0,156.07629514759446,-53.952442613107415,0.0,0.8,0.0,0.5,0.7989557356077774,1.056627865506475
362,train,2,0,0,300.0,586.5012538488627,0.0,-31.784142113950907,-47.23640440018835,0.0,0.0,0.0,0.5,0.7989557356077774,1.056627865506475
363,train,0,2,0,240.0,-236.07342122759974,0.0,0.0,0.0,1.0,-0.49999999999999994,167.80609372354309,0.5,0.8030745411659533,0.6845667979663089
363,train,1,2,0,360.0,869.9502365719923,0.0,0.0,0.0,-0.5,0.33333333333333326,111.4822939521475,0.5,0.8030745411659533,0.6845667979663089
364,train,0,1,0,-120.0,-657.0063317910553,0.0,0.0,0.0,0.0,0.0,0.0,0.5,1.0,1.0
364,train,2,1,0,420.0,-175.39933972737708,0.0,0.0,0.0,0.0,0.0,0.0,0.5,1.0,1.0
365,train,1,0,0,180.0,117.94872846874478,0.0,-103.31942178405865,31.20045453315284,0.0,0.0,30.09165146536398,0.5,1.2036974516942254,1.0413908763571118
365,train,2,0,0,60.0,34.43984383930547,0.2666666666666667,-176.8259662771777,-3.7325526112435554,0.26666666666666666,0.0,77.09803565552191,0.5,1.2036974516942254,1.0413908763571118
366,train,0,2,0,720.0,888.8696043463224,0.23809523809523808,110.39113001957793,-68.68548173188351,0.8571428571428571,-0.7619047619047616,22.599471574712744,0.5,1.618491286901381,0.7449564905738841
366,train,2,1,1,60.0,-902.5366366545513,-0.47619047619047616,-72.51287552831349,50.947244364227544,-1.4285714285714284,1.333333333333333,3.8499004210643974,0.5,1.618491286901381,0.7449564905738841
367,train,1,0,1,180.0,1328.8548415054315,0.0,81.33286135684304,-85.17706674056764,-0.14285714285714285,0.09523809523809523,-108.80015014939804,0.5,1.4058580830704601,1.9365490950923088
367,train,1,2,1,180.0,-779.4872162799493,0.0,-56.396149866176955,-42.192137091448714,0.0,0.2857142857142857,-80.26819735539293,0.5,1.4058580830704601,1.9365490950923088
368,train,2,0,1,-1260.0,-2923.3703842241703,0.0,239.45553509243854,-28.281939821150033,0.3333333333333333,-0.3333333333333333,-122.22604397935268,0.5,1.7839381032798252,1.249007543531518
368,train,1,2,0,180.0,542.4871642400931,0.0,119.05009093305227,296.3439177319425,0.0,0.2,-72.58450697647021,0.5,1.7839381032798252,1.249007543531518
369,train,0,2,0,-60.0,509.3992161365859,0.0,347.68709963833896,278.32515297539464,0.0,0.0,0.0,0.5,0.774839743713191,0.5436637305843135
369,train,2,1,1,180.0,445.2211518016916,0.0,-147.86858937744387,-251.296525068076,0.0,0.0,0.0,0.5,0.774839743713191,0.5436637305843135
370,train,0,2,0,-240.0,-694.0767274380833,0.8571428571428571,286.59487021146407,-28.947915081295918,0.5714285714285714,0.0,-44.87846193877626,0.5,0.9054848924327424,1.4943204751597583
370,train,2,1,1,0.0,544.9403618826695,-0.5714285714285714,-71.46306257846055,69.9132058470949,0.0,-0.09523809523809523,-15.083805875900268,0.5,0.9054848924327424,1.4943204751597583
371,train,0,1,0,-180.0,-1088.1812980910486,0.0,61.35743223658859,0.0,0.4,0.0,0.0,0.5,1.1952026006866947,1.5704282838665073
371,train,1,2,1,-60.0,-27.49855228180695,0.0,19.497261741422264,0.0,-0.4,-0.3999999999999999,-171.95635809017628,0.5,1.1952026006866947,1.5704282838665073
372,validation,0,2,0,180.0,-713.9544432104203,0.0,0.0,0.0,0.0,0.0,0.0,0.5,1.0,1.0
372,validation,1,2,0,420.0,-374.55064908140776,0.0,0.0,0.0,0.0,0.0,0.0,0.5,1.0,1.0
373,train,0,1,0,0.0,765.7412032120287,2.666666666666667,0.0,0.0,0.3333333333333333,0.0,0.0,0.5,0.9747388450245967,0.813442134455922
373,train,1,2,1,-360.0,-242.04062321084848,1.3333333333333333,0.0,0.0,-0.6666666666666666,0.0,0.0,0.5,0.9747388450245967,0.813442134455922
374,test,0,2,0,60.0,613.8547963136161,0.0,114.80776293844633,3.6484507818191503,0.8,0.0,0.0,0.5,1.0,1.0
374,test,1,2,0,120.0,922.1668553520935,-0.13333333333333333,-173.23901206851517,51.04209867849778,0.0,0.06666666666666665,0.0,0.5,1.0,1.0
375,validation,0,1,0,-180.0,1254.7376278433712,0.19047619047619047,109.13518314999305,103.04311575513374,-0.09523809523809523,1.1428571428571428,210.21282031967064,0.5,1.1810356900153036,0.5748150568563979
375,validation,1,2,1,-720.0,-965.0289240857965,-0.2857142857142857,-14.659248111093234,-68.9518680978842,-0.047619047619047616,-0.857142857142857,-2.5429903940199807,0.5,1.1810356900153036,0.5748150568563979
376,train,1,0,0,180.0,-581.769438378793,0.0,0.0,0.0,0.0,0.0,0.0,0.5,1.0,1.0
376,train,0,2,1,-600.0,-1684.2761518142315,0.0,0.0,0.0,0.0,0.0,0.0,0.5,1.0,1.0
377,validation,2,0,1,360.0,1265.7071271478198,0.0,0.0,0.0,0.0,0.0,0.0,0.5,1.0,1.0
377,validation,2,1,1,180.0,779.6612111473555,0.0,0.0,0.0,0.0,0.0,0.0,0.5,1.0,1.0
378,train,1,0,0,-120.0,162.03441186567125,0.0,0.0,0.0,0.0,0.0,0.0,0.5,1.0,1.0
378,train,2,0,0,-180.0,-97.94835235557684,0.0,0.0,0.0,0.0,0.0,0.0,0.5,1.0,1.0
379,test,0,1,0,60.0,1669.4182143856283,0.6666666666666667,-263.0091073533274,0.0,0.0,0.0,19.077149169337765,0.5,0.6899030025715318,1.687745324659545
379,test,2,1,0,480.0,1860.6352352174886,0.3333333333333333,93.24022823009523,0.0,0.0,0.0,164.1679002217655,0.5,0.6899030025715318,1.687745324659545
380,validation,1,0,0,300.0,420.239380514186,0.0,102.47990947182814,0.0,0.0,0.0,0.0,0.5,1.0,1.0
380,validation,2,0,0,480.0,270.66868427706913,0.0,123.8917880179282,0.0,0.0,0.0,0.0,0.5,1.0,1.0
381,train,0,1,0,240.0,743.083340396739,-0.23809523809523808,180.59777915884777,175.58928913116642,0.09523809523809523,-0.1428571428571429,30.561749207243846,0.5,1.67318906084133,0.7871410411998423
381,train,2,1,0,-120.0,392.3419887055429,-0.23809523809523808,-21.902204675198433,0.31789108334695015,-0.09523809523809523,0.4285714285714285,8.81816173480212,0.5,1.67318906084133,0.7871410411998423
382,test,0,1,0,-660.0,-2907.714478273667,0.0,158.0269247414634,914.8877248678284,0.0,-0.8,258.5077805329721,0.5,0.7971551907104978,1.3689923245701503
382,test,2,1,0,-120.0,-3288.5224590364105,0.0,62.0399375652994,192.82796323416022,0.0,-0.9,41.07589150019435,0.5,0.7971551907104978,1.3689923245701503
383,train,0,1,1,-120.0,-871.4951969843423,-1.5,-98.43878312960385,-280.0359055561115,-0.2,0.0,0.0,0.5,0.9233938109878497,0.6862355837536868
383,train,2,0,0,420.0,873.1436846776387,0.6,-38.4585165357654,553.7276335859177,0.2,0.0,0.0,0.5,0.9233938109878497,0.6862355837536868
384,validation,0,1,1,-1020.0,-1381.195373110791,0.0,-85.80592473414401,-181.36095415114403,-0.23809523809523808,-0.8571428571428572,19.31516599726644,0.5,0.537806739020289,1.7477612708527
384,validation,2,0,0,180.0,182.85945303898006,0.7619047619047619,-24.784547766488927,16.84149611251192,0.0,0.2857142857142857,-10.610018165072319,0.5,0.537806739020289,1.7477612708527
385,validation,0,1,0,480.0,1558.4038766669437,0.0,0.0,0.0,0.0,0.0,0.0,0.5,1.0,1.0
385,validation,2,1,0,420.0,241.3196399325875,0.0,0.0,0.0,0.0,0.0,0.0,0.5,1.0,1.0
386,train,1,0,0,-60.0,157.87359768028364,0.0,0.0,449.47511445796897,0.0,1.0,0.0,0.5,0.8774779861369649,0.640972827173011
386,train,0,2,1,-540.0,-605.0033567981964,0.0,0.0,-711.4188400510219,0.0,-0.6666666666666665,0.0,0.5,0.8774779861369649,0.640972827173011
387,train,1,0,1,-420.0,-424.81017410174627,-0.14285714285714285,71.48290912796045,51.22365067804616,0.0,0.0,38.752041788859835,0.5,1.0,1.0
387,train,2,1,0,60.0,577.7907009584851,0.0,9.024701627893364,-29.1729472002896,0.19047619047619047,-0.38095238095238093,-48.475420214139106,0.5,1.0,1.0
388,train,0,1,0,0.0,310.37489038027707,0.0,234.19692599849603,0.0,0.0,0.0,177.71953504581225,0.5,1.0,1.0
388,train,2,1,0,-60.0,387.0103660440732,0.0,1121.0057872744044,0.0,0.0,0.0,0.0,0.5,1.0,1.0
389,train,1,0,0,300.0,2102.846409369864,0.0,147.00634875857878,79.41675457439501,0.0,3.5,0.0,0.5,1.9029588674380242,1.6106830957970646
389,train,2,0,0,-60.0,456.70655326963515,0.0,-37.516539629073975,43.32782119573565,0.0,0.5,0.0,0.5,1.9029588674380242,1.6106830957970646
390,train,0,2,0,-60.0,305.73206596233877,0.30000000000000004,0.0,0.0,0.3,1.2000000000000002,-17.20112514612393,0.5,1.7627374719159694,0.6801783275605644
390,train,1,2,0,60.0,867.2154970744414,0.0,0.0,0.0,0.3,1.6,-52.90751344844511,0.5,1.7627374719159694,0.6801783275605644
391,train,0,2,0,180.0,-266.10625289800555,0.0,0.0,0.0,0.0,0.0,0.0,0.5,1.0,1.0
391,train,1,2,0,-60.0,-625.1557727492864,0.0,0.0,0.0,0.0,0.0,0.0,0.5,1.0,1.0
392,validation,1,0,1,180.0,1242.2818143754266,0.0,0.0,0.0,0.0,0.0,0.0,0.5,1.0,1.0
392,validation,2,1,0,-300.0,-1210.250342048917,0.0,0.0,0.0,0.0,0.0,0.0,0.5,1.0,1.0
393,train,1,0,0,-180.0,-60.78022456437611,0.0,0.0,-77.27303744346676,0.0,0.0,0.0,0.5,1.1148331575164656,1.4867396654349774
393,train,2,0,0,240.0,1015.7571089465389,0.0,0.0,296.46378643728013,0.6666666666666666,0.0,0.0,0.5,1.1148331575164656,1.4867396654349774
394,train,1,0,1,180.0,277.3869096734056,0.0,211.45357359513906,0.0,0.0,-0.8000000000000002,0.0,0.5,1.7535487775236234,1.6264809813576118
394,train,2,1,0,240.0,15.635316115032765,-0.30000000000000004,-218.78531004234378,0.0,0.0,0.8000000000000002,0.0,0.5,1.7535487775236234,1.6264809813576118
395,train,1,0,1,0.0,-841.740985670072,0.0,-87.67245789539984,-118.39531934362056,0.0,-0.5333333333333333,35.80091274021396,0.5,0.7970268730061716,1.450025426053137
395,train,1,2,1,-180.0,-452.1167347446467,0.0,24.815010624965634,-20.40286834966309,-0.3333333333333333,0.26666666666666666,16.66724453141742,0.5,0.7970268730061716,1.450025426053137
396,validation,0,1,1,180.0,722.9567345374207,0.0,-3552.613553062529,0.0,0.0,0.0,0.0,0.5,1.0,1.0
396,validation,0,2,1,120.0,730.3013880400304,0.0,-2269.427543943272,0.0,0.0,0.0,0.0,0.5,1.0,1.0
397,train,0,2,0,240.0,-1132.0866187506717,0.0,0.0,413.7635764879053,0.0,0.0,0.0,0.5,1.7212900536636746,1.4964596321792092
397,train,1,2,0,300.0,-133.36947491254068,0.6666666666666667,0.0,172.11613995204993,0.0,0.0,0.0,0.5,1.7212900536636746,1.4964596321792092
398,train,2,0,1,720.0,1901.5939012178587,-0.06666666666666668,9.776539262452047,-938.4005102302868,0.0,-0.5333333333333332,-1.2482817809196263,0.5,0.6036549982764977,1.4132754935656142
398,train,1,2,0,-240.0,-864.4302896715226,0.0,-51.114697062230334,259.95329055571534,0.0,0.0,-19.528874569965055,0.5,0.6036549982764977,1.4132754935656142
399,train,2,0,1,240.0,240.3967012675048,0.0,0.0,-127.48071082308566,0.0,0.3333333333333333,0.0,0.5,0.8897810716621013,0.890785237996086
399,train,2,1,1,240.0,-738.8259291423192,0.0,0.0,-190.0465984218693,0.0,-0.16666666666666663,-227.82168941763433,0.5,0.8897810716621013,0.890785237996086
400,train,0,2,0,120.0,1155.5931362600973,0.0,-394.722423717968,0.0,0.0,0.6666666666666667,0.0,0.5,1.0,1.0
400,train,1,2,0,0.0,558.7301949726289,0.0,119.59772496403275,0.0,0.0,0.6666666666666667,0.0,0.5,1.0,1.0
401,train,0,1,0,-120.0,446.24559265378684,0.0,0.0,0.0,0.0,1.333333333333333,0.0,0.5,1.2501410885864856,0.6318949281271404
401,train,1,2,1,360.0,115.94908096886411,0.0,0.0,0.0,-1.0,0.0,0.0,0.5,1.2501410885864856,0.6318949281271404
402,train,2,0,1,300.0,454.12492094465597,0.0,0.0,0.0,0.0,0.0,0.0,0.5,1.0,1.0
402,train,2,1,1,0.0,566.8312560116183,0.0,0.0,0.0,0.0,0.0,0.0,0.5,1.0,1.0
403,validation,0,1,0,-60.0,526.5213375096646,0.0,-177.24086859914587,176.1074877050646,0.0,0.0,0.0,0.5,1.8429614788723514,0.6322835326477043
403,validation,2,1,0,60.0,263.8038530379172,0.0,-23.429732370687077,348.33701282630665,0.0,0.0,0.0,0.5,1.8429614788723514,0.6322835326477043
404,test,0,2,0,180.0,526.2020014279269,-0.13333333333333333,396.5410041983981,0.0,0.0,0.6666666666666666,21.452070375822203,0.5,0.8209158388313607,1.1178639396132415
404,test,1,2,0,-60.0,873.7525500463535,-0.06666666666666667,623.9292531165726,0.0,0.2,0.33333333333333337,61.638894734566,0.5,0.8209158388313607,1.1178639396132415
405,test,2,0,1,-180.0,-1992.037321569554,0.0,0.0,47.360739580011796,-0.5,-1.3333333333333333,0.0,0.5,1.3716520300089103,0.8896697155564841
405,test,1,2,0,480.0,2230.0655440920095,0.0,0.0,-47.05322302616145,1.0,1.1666666666666667,0.0,0.5,1.3716520300089103,0.8896697155564841
406,test,0,1,0,-420.0,-601.289082981596,0.3333333333333333,0.0,634.6010939233807,-0.16666666666666666,0.0,0.0,0.5,1.831231794163339,0.6139088739652533
406,test,1,2,1,360.0,-230.28411649901136,-0.3333333333333333,0.0,-300.65031392400215,0.16666666666666666,0.0,0.0,0.5,1.831231794163339,0.6139088739652533
407,test,1,0,1,240.0,716.4708116000379,0.0,-482.359191700646,0.0,0.0,0.0,0.0,0.5,1.0,1.0
407,test,1,2,1,240.0,260.4365737354701,0.0,-1027.4787233037255,0.0,0.0,0.0,0.0,0.5,1.0,1.0
408,train,1,0,0,-300.0,76.75219302685628,0.0,-84.60454326818319,0.0,0.3333333333333333,0.0,0.0,0.5,1.0,1.0
408,train,2,0,0,-300.0,-141.12474375230977,0.0,690.8929372419561,0.0,0.0,0.0,0.0,0.5,1.0,1.0
409,train,2,0,1,180.0,-305.11535520487087,-0.16666666666666666,-325.7488692216853,-484.3518094881279,0.0,0.0,0.0,0.5,1.32379824947849,0.8123169843119086
409,train,1,2,0,180.0,1959.5312198559282,0.5,698.3777329014981,331.97709825261677,0.0,0.0,0.0,0.5,1.32379824947849,0.8123169843119086
410,test,0,1,1,-180.0,-915.8996464193597,-0.16666666666666666,0.0,0.0,0.0,0.0,100.30177905125751,0.5,0.5023384219089033,1.7347805999098558
410,test,2,0,0,60.0,604.4270966255799,0.0,0.0,0.0,0.3333333333333333,0.0,-190.55313102033247,0.5,0.5023384219089033,1.7347805999098558
411,train,2,0,1,0.0,-378.5924654592154,-0.42857142857142855,105.41289680148549,-132.5958488242856,0.19047619047619047,0.14285714285714285,-149.18968302930088,0.5,1.375272807615155,0.7799731747128156
411,train,1,2,0,240.0,292.55477167818754,0.2857142857142857,-8.979019128651544,203.92843916060295,-0.19047619047619047,-0.23809523809523808,93.5839006014856,0.5,1.375272807615155,0.7799731747128156
412,validation,2,0,1,240.0,-716.576969107683,0.0,0.0,35.816390623261356,0.0,-0.30000000000000004,0.0,0.5,0.5249234153064778,1.0598194892082378
412,validation,1,2,0,-180.0,-564.9529183949176,0.4,0.0,62.03382256738266,-0.2,0.19999999999999996,0.0,0.5,0.5249234153064778,1.0598194892082378
413,train,2,0,1,60.0,639.2298358984531,0.1,-133.19990198080478,0.0,0.0,-1.2,0.0,0.5,1.9757838593440016,1.1014529415598107
413,train,1,2,0,0.0,488.5612915190868,-0.2,31.04592996212733,0.0,0.4,0.40000000000000013,0.0,0.5,1.9757838593440016,1.1014529415598107
414,test,1,0,0,120.0,63.03918111897838,0.0,0.0,0.0,0.0,0.0,0.0,0.5,1.0,1.0
414,test,0,2,1,-120.0,-843.1617904824698,0.0,0.0,0.0,0.0,0.0,0.0,0.5,1.0,1.0
415,test,0,2,0,-360.0,419.39034035555596,0.13333333333333333,-57.905934775929,100.92701476005938,0.26666666666666666,0.0,198.79049317909906,0.5,0.7750913975987802,0.624007948095296
415,test,2,1,1,540.0,500.4636591187882,-0.13333333333333333,-17.142834936216545,16.35708861217416,-0.26666666666666666,0.0,-83.98542238500129,0.5,0.7750913975987802,0.624007948095296
416,train,2,0,1,-60.0,435.3204682371197,0.0,0.0,0.0,-1.0,0.0,0.0,0.5,0.6118958836367925,1.0744383883633644
416,train,2,1,1,-540.0,-2221.716696666972,0.0,0.0,0.0,0.0,0.0,0.0,0.5,0.6118958836367925,1.0744383883633644
417,train,0,1,1,-180.0,10.901715062302173,0.0,0.0,-175.41258708669352,0.0,0.0,-23.31564285214091,0.5,1.9700300116596796,0.5467157348614016
417,train,0,2,1,-300.0,-811.4361555800633,0.16666666666666666,0.0,-66.47769274231973,0.0,0.0,3.913155344062247,0.5,1.9700300116596796,0.5467157348614016
418,test,0,2,0,-180.0,7.615041421054684,0.0,9.784457588789621,137.8866788130301,0.0,-0.4000000000000001,5.269492620682946,0.5,1.0,1.0
418,test,2,1,1,180.0,404.32032117719336,0.0,214.06140773343571,-159.53092159695262,0.0,-0.3999999999999999,-3.504173402541994,0.5,1.0,1.0
419,train,0,1,0,300.0,83.31451544008041,0.0,-140.93853076756315,0.0,0.0,0.0,108.35880420442744,0.5,1.8452908138398099,1.212120627796474
419,train,2,1,0,120.0,592.1115053957378,0.0,107.077147547312,0.0,0.0,0.0,169.86337395135564,0.5,1.8452908138398099,1.212120627796474
420,validation,0,2,0,60.0,107.86506040917811,0.0,302.9652633374603,0.0,-0.16666666666666666,0.0,120.71627107961315,0.5,1.8162494518181782,1.1542015025286858
420,validation,2,1,1,300.0,-1649.4812351209084,0.0,9.508577327914736,0.0,0.0,0.0,-120.0248921043944,0.5,1.8162494518181782,1.1542015025286858
421,train,2,0,1,60.0,441.65571760493003,0.1,-578.8703393288565,-115.89736915737285,0.0,0.0,-88.93379409009034,0.5,1.0,1.0
421,train,2,1,1,60.0,296.85823139248987,-0.20000000000000004,-447.8348217989149,-72.08925050695296,0.0,0.0,127.70257085010252,0.5,1.0,1.0
422,train,1,0,0,0.0,-145.61916495757168,0.0,0.0,0.0,0.0,0.0,0.0,0.5,1.0,1.0
422,train,2,0,0,660.0,173.14211815040153,0.0,0.0,0.0,0.0,0.0,0.0,0.5,1.0,1.0
423,train,2,0,1,-60.0,-150.12932968882842,0.0,5.3323555676416845,-126.18963021842133,-0.4,0.0,5.429586317308065,0.5,1.13767266887252,1.6626324116880955
423,train,2,1,1,-120.0,-738.5285211174883,-0.06666666666666667,-29.226249196914623,-258.1348453615537,-0.2,0.0,61.7187497306381,0.5,1.13767266887252,1.6626324116880955
424,test,1,0,0,120.0,-79.98559694433334,0.0,0.0,0.0,0.0,0.0,0.0,0.5,1.0,1.0
424,test,0,2,1,-360.0,251.38174753328167,0.0,0.0,0.0,0.0,0.0,0.0,0.5,1.0,1.0
425,train,0,2,0,660.0,785.558833246143,0.0,0.0,0.0,0.0,0.0,0.0,0.5,1.0,1.0
425,train,1,2,0,480.0,1374.5410113720582,0.0,0.0,0.0,0.0,0.0,0.0,0.5,1.0,1.0
426,test,2,0,1,-360.0,223.1326648805134,-1.0,0.0,0.0,0.0,0.0,0.0,0.5,0.7176255853150687,0.6605236875703212
426,test,2,1,1,0.0,857.9549557641585,-1.0,0.0,0.0,0.0,0.0,0.0,0.5,0.7176255853150687,0.6605236875703212
427,train,2,0,1,360.0,-322.1746318713931,-1.0,0.0,0.0,0.0,0.0,0.0,0.5,1.6506120535840563,0.6757872913777204
427,train,1,2,0,-420.0,-1041.5774378614233,1.0,0.0,0.0,0.0,0.0,0.0,0.5,1.6506120535840563,0.6757872913777204
428,train,0,2,0,360.0,2705.438038283787,0.0,0.0,311.47837491009227,0.5333333333333334,2.9999999999999996,-35.434280149690906,0.5,0.9368809462751095,0.6699368497522622
428,train,1,2,0,120.0,-656.3195666088159,-0.06666666666666667,0.0,63.79614688329478,0.8,0.3333333333333335,-79.00164032098522,0.5,0.9368809462751095,0.6699368497522622
429,test,1,0,1,-600.0,-473.563645838869,0.0,-54.605984412835966,9.860226630355925,-0.19047619047619047,-0.7142857142857144,69.21021557902898,0.5,0.7581172966150704,0.7722511528128442
429,test,1,2,1,120.0,947.1665974284724,0.14285714285714285,-129.6425862321415,6.604208546937997,-0.38095238095238093,0.9523809523809523,-20.891304160385005,0.5,0.7581172966150704,0.7722511528128442
430,train,1,0,0,180.0,-89.73329842708608,0.0,10.36715196371506,0.0,-0.3333333333333333,0.0,0.0,0.5,1.5269916493955928,1.8721411303127626
430,train,2,0,0,-120.0,-492.2188436149504,0.5,-94.89130653642064,0.0,-0.6666666666666666,0.0,0.0,0.5,1.5269916493955928,1.8721411303127626
431,validation,1,0,1,0.0,-1319.2521439339375,0.0,0.0,0.0,0.0,0.0,0.0,0.5,1.0,1.0
431,validation,2,1,0,300.0,2257.3033449577247,0.0,0.0,0.0,0.0,0.0,0.0,0.5,1.0,1.0
432,train,1,0,0,60.0,-405.58932958241985,0.0,0.0,0.0,0.0,0.0,0.0,0.5,1.0,1.0
432,train,0,2,1,-120.0,1562.5548388007073,0.0,0.0,0.0,0.0,0.0,0.0,0.5,1.0,1.0
433,train,0,1,0,600.0,2984.3725527428705,0.0,175.86629694227344,295.9461678343993,0.0,-0.33333333333333326,-6.006032942647746,0.5,0.9595682311094706,1.851187897271653
433,train,1,2,1,-480.0,616.0159415987937,0.0,-24.222148043375967,76.69359082988737,0.0,-1.3333333333333335,-53.06404637706443,0.5,0.9595682311094706,1.851187897271653
434,train,2,0,1,-120.0,-2244.8589795753915,-0.49999999999999994,0.0,0.0,-2.0,1.3333333333333335,0.0,0.5,0.8309171499950225,0.8829137114688546
434,train,1,2,0,360.0,1574.5028310995158,-0.16666666666666666,0.0,0.0,1.0,-2.0,0.0,0.5,0.8309171499950225,0.8829137114688546
435,train,0,1,0,-480.0,729.8713244097835,0.5,228.58745410281176,0.0,-0.3333333333333333,0.0,0.0,0.5,1.0860339602619653,1.9889590126877466
435,train,2,1,0,-300.0,-1592.5034436369779,0.5,-134.5002204272887,0.0,0.0,0.0,0.0,0.5,1.0860339602619653,1.9889590126877466
436,train,0,2,0,-120.0,202.22871789498276,1.0,32.03134050717685,-5.8988884877503125,0.0,-1.0000000000000002,0.0,0.5,0.620924057598967,1.286277741155144
436,train,2,1,1,-120.0,-99.31628360293598,-0.3333333333333333,101.83942055425013,-455.8137374955725,0.0,0.8000000000000003,0.0,0.5,0.620924057598967,1.286277741155144
437,train,1,0,0,240.0,312.86600013165844,0.6000000000000001,-124.79662997018761,255.56772240992777,0.1,0.0,0.0,0.5,1.0,1.0
437,train,2,0,0,60.0,351.6062221686434,0.0,471.5166577067889,109.74958607879162,0.1,0.0,0.0,0.5,1.0,1.0
438,train,0,1,1,600.0,1261.5424734070325,0.0,104.37914078340233,-170.9166719377771,-0.26666666666666666,-0.2,-40.51665857186545,0.5,1.096329346295427,1.2967856990335438
438,train,2,0,0,-300.0,-519.8744545626773,0.0,-95.0029726317106,35.113567952825875,0.13333333333333333,-0.26666666666666666,147.9958817704217,0.5,1.096329346295427,1.2967856990335438
439,train,2,0,1,-600.0,-2100.3125117559593,-0.8571428571428571,-36.90065399254362,-107.8595665436091,0.0,0.0,74.79100287640696,0.5,1.3033468983608056,0.9432073791575116
439,train,2,1,1,-360.0,-1323.8272456866944,-0.2857142857142857,-24.985103299990215,2.4023421316317766,-0.09523809523809523,0.5714285714285714,12.569609387386492,0.5,1.3033468983608056,0.9432073791575116
440,train,1,0,1,-120.0,198.28176126135077,-0.38095238095238093,-1054.122910023693,-49.63456241175129,0.0,0.38095238095238093,-7.500766478395121,0.5,1.0,1.0
440,train,2,1,0,-60.0,-310.16616022882226,0.0,566.03382473766,-126.03901502181643,-0.2857142857142857,0.2857142857142856,-0.597528853829882,0.5,1.0,1.0
441,train,1,0,0,-240.0,-226.0182708447278,-0.14285714285714285,484.6819613875752,-7.482474879848574,-0.19047619047619047,0.09523809523809523,7.27538451334604,0.5,1.0,1.0
441,train,2,0,0,0.0,-234.15589927671908,-0.14285714285714285,467.2259515378458,7.124898479585198,-0.19047619047619047,0.2857142857142857,-20.67576379019069,0.5,1.0,1.0
442,train,0,1,1,-300.0,-1653.3260413734893,0.0,0.0,-1.9093633379583537,-0.5,0.0,25.41215132911966,0.5,1.001255365173253,1.564943648816401
442,train,0,2,1,-120.0,-744.2913596426247,0.0,0.0,133.48880878991224,-0.5,0.0,-21.19657137050379,0.5,1.001255365173253,1.564943648816401
443,train,1,0,1,-60.0,279.5154007191759,-0.30000000000000004,0.0,-97.86344392010079,0.0,0.7999999999999998,51.429106515204936,0.5,0.563395619451325,1.6679789275778527
443,train,1,2,1,-360.0,-926.5757551743441,-0.1,0.0,16.118602717896295,0.0,0.3999999999999999,51.429106515204936,0.5,0.563395619451325,1.6679789275778527
444,train,0,2,0,-60.0,-459.99937173975695,0.0,0.0,0.0,0.0,0.0,-11.945150454601375,0.5,0.6225629163837704,1.2071670802228789
444,train,1,2,0,180.0,-498.47058448335565,0.0,0.0,0.0,0.0,0.0,-5.000601798735147,0.5,0.6225629163837704,1.2071670802228789
445,train,0,1,1,-60.0,-35.2370755100269,0.0,-26.78738224638017,6.240022248274387,0.0,-0.4761904761904761,43.017308591224186,0.5,0.7597468565734448,0.7736358103953386
445,train,2,0,0,60.0,-125.42800510063034,0.5714285714285714,31.243673805478196,-4.449725250932202,0.0,-0.23809523809523808,-3.8768840374236007,0.5,0.7597468565734448,0.7736358103953386
446,test,2,0,1,-480.0,-2147.951319238885,0.0,0.0,-62.727786516081835,0.0,0.0,-203.55439959118155,0.5,1.0803000742733453,1.4476729278027862
446,test,1,2,0,120.0,124.81983597661474,0.0,0.0,39.79386086323893,0.0,0.0,153.04138013812423,0.5,1.0803000742733453,1.4476729278027862
447,validation,1,0,0,60.0,198.52533234235216,0.0,0.0,136.17244045264428,1.3333333333333335,0.0,0.0,0.5,0.9375442351387235,1.0524031306934383
447,validation,2,0,0,-60.0,-822.5151473091373,0.0,0.0,291.17905737433205,-0.6666666666666666,0.0,0.0,0.5,0.9375442351387235,1.0524031306934383
448,train,1,0,0,0.0,1118.2897582585747,0.0,102.80574759195952,0.0,-0.6666666666666667,2.0,0.0,0.5,0.7250720780732374,1.4158197156375734
448,train,2,0,0,420.0,-145.58607051032504,0.0,-9.367876980238066,0.0,-0.33333333333333337,0.0,0.0,0.5,0.7250720780732374,1.4158197156375734
449,test,1,0,0,0.0,-1663.630235165324,0.0,0.0,0.0,0.0,0.0,0.0,0.5,1.0,1.0
449,test,2,0,0,120.0,855.4105350737427,0.0,0.0,0.0,0.0,0.0,0.0,0.5,1.0,1.0
450,validation,1,0,0,-120.0,-253.8685948561506,0.0,-73.42424891021244,0.0,0.0,0.0,0.0,0.5,0.6565383134833552,1.2626346935351664
450,validation,2,0,0,-240.0,691.4325825152259,0.0,5.270986273319181,0.0,1.3333333333333333,0.0,0.0,0.5,0.6565383134833552,1.2626346935351664
451,train,0,1,1,120.0,-1020.1191556556928,0.0,0.0,0.0,0.0,-2.0,0.0,0.5,1.117918439623559,0.506420158745301
451,train,0,2,1,-240.0,-2387.3063685914753,0.0,0.0,0.0,0.0,-1.0,0.0,0.5,1.117918439623559,0.506420158745301
452,train,2,0,1,-60.0,0.0,0.0,0.0,0.0,0.0,0.0,0.0,0.5,1.0,1.0
452,train,1,2,0,120.0,0.0,0.0,0.0,0.0,0.0,0.0,0.0,0.5,1.0,1.0
453,train,1,0,1,-360.0,-203.08422003146734,0.0,0.0,0.0,0.0,0.0,0.0,0.5,1.0,1.0
453,train,2,1,0,180.0,76.52872811955967,0.0,0.0,0.0,0.0,0.0,0.0,0.5,1.0,1.0
454,validation,0,1,1,-60.0,-1395.228563503817,0.0,26.60218632759137,-626.4778664639235,0.0,0.0,45.69856773607547,0.5,1.1613958784158707,0.8468736193668013
454,validation,2,0,0,60.0,227.50437113359203,0.5333333333333334,-150.9682153467441,219.74936407952362,0.0,-0.06666666666666665,75.87406936559177,0.5,1.1613958784158707,0.8468736193668013
455,train,0,1,1,-420.0,-1001.6418774093763,-2.0,0.0,-266.511191456055,0.0,0.0,50.98013007170805,0.5,0.5660854243383421,1.5509116595953703
455,train,0,2,1,60.0,-453.43110674291665,0.0,0.0,-84.15913606961747,0.0,0.0,-69.31215419547691,0.5,0.5660854243383421,1.5509116595953703
456,train,0,1,0,60.0,1467.1946158208439,0.0,0.0,0.0,2.0,0.0,0.0,0.5,0.781978309533331,0.6895557580241697
456,train,1,2,1,-1140.0,-2337.9733791380704,0.0,0.0,0.0,-3.0,0.0,0.0,0.5,0.781978309533331,0.6895557580241697
457,validation,0,1,1,-360.0,-2066.3503553466135,0.2857142857142857,-485.8554734356781,-85.79914807388928,-0.2857142857142857,-0.47619047619047616,-120.93892078589928,0.5,0.9616338077516375,0.8097870146769763
457,validation,0,2,1,-1080.0,-2763.0164700196483,-0.14285714285714285,52.3991847850198,211.75432330036438,-0.8571428571428571,-0.19047619047619047,-64.419702935567,0.5,0.9616338077516375,0.8097870146769763
458,train,0,1,1,-240.0,-1301.2867062559462,0.0,238.92785348552877,-41.04962005223314,0.0,-0.5,0.0,0.5,1.0,1.0
458,train,2,0,0,240.0,1267.385972867909,0.0,-574.0547420853856,-217.54041151975088,0.0,0.5,0.0,0.5,1.0,1.0
459,train,0,2,0,120.0,99.22474060625336,0.6666666666666666,0.0,157.81647853783426,0.0,0.0,0.0,0.5,1.3168235377632265,0.8663205408778244
459,train,1,2,0,300.0,606.3471395654633,1.3333333333333333,0.0,-153.5086736093882,0.0,0.0,0.0,0.5,1.3168235377632265,0.8663205408778244
460,train,2,0,1,-60.0,-842.0190774149796,0.0,0.0,0.0,0.0,0.0,-286.6831374608795,0.5,0.551738800176276,1.487981243054295
460,train,2,1,1,0.0,356.75435637024475,0.0,0.0,0.0,0.0,0.0,-429.96907457251797,0.5,0.551738800176276,1.487981243054295
461,train,1,0,0,1260.0,1139.3450154329012,0.23809523809523808,-45.33425000265299,-11.94673947989827,0.5714285714285714,1.7142857142857144,-132.42836097681015,0.5,0.5567595691102473,1.4466702537238643
461,train,2,0,0,960.0,1293.5135488571768,0.0,67.54124067709176,-49.23485711227444,0.7619047619047619,1.1428571428571432,57.56260041939271,0.5,0.5567595691102473,1.4466702537238643
462,train,0,2,0,-120.0,-508.03616741351016,0.0,0.0,0.0,0.0,0.0,0.0,0.5,1.0,1.0
462,train,1,2,0,360.0,1180.0229533123838,0.0,0.0,0.0,0.0,0.0,0.0,0.5,1.0,1.0
463,validation,2,0,1,60.0,1149.2830172703043,0.0,0.0,0.0,0.0,0.0,0.0,0.5,1.0,1.0
463,validation,2,1,1,-180.0,-70.05936876454052,0.0,0.0,0.0,0.0,0.0,0.0,0.5,1.0,1.0
464,train,0,1,0,180.0,1041.6441849092716,0.0,0.0,0.0,0.0,0.0,0.0,0.5,1.0,1.0
464,train,1,2,1,-240.0,-666.1589541790313,0.0,0.0,0.0,0.0,0.0,0.0,0.5,1.0,1.0
465,validation,1,0,1,-480.0,211.9307769735833,0.0,0.0,9.15171154415691,0.0,0.0,0.0,0.5,0.9799295899823351,1.2587894597716887
465,validation,2,1,0,0.0,-638.2877461207945,0.0,0.0,825.0217883045833,0.0,0.0,0.0,0.5,0.9799295899823351,1.2587894597716887
466,train,1,0,1,60.0,-625.4631831695656,-0.14285714285714285,-42.84509951671512,-54.09672344589781,0.0,-0.9523809523809522,-22.825022277215485,0.5,0.9445267372466285,1.2142822897865733
466,train,2,1,0,60.0,1118.2954066309858,0.047619047619047616,24.360861027645655,447.366412249756,-0.19047619047619047,1.4285714285714284,36.63476770822601,0.5,0.9445267372466285,1.2142822897865733
467,test,1,0,1,-420.0,-1813.4384518249517,0.0,0.0,0.0,0.0,0.0,0.0,0.5,1.0,1.0
467,test,2,1,0,-120.0,-50.370808573694376,0.0,0.0,0.0,0.0,0.0,0.0,0.5,1.0,1.0
468,test,1,0,1,-60.0,963.1232994465863,0.0,0.0,0.0,0.0,0.0,0.0,0.5,1.0,1.0
468,test,2,1,0,-180.0,-773.0066804103781,0.0,0.0,0.0,0.0,0.0,0.0,0.5,1.0,1.0
469,train,1,0,1,0.0,-695.9440013292042,0.0,0.0,0.0,0.0,0.0,0.0,0.5,1.0,1.0
469,train,1,2,1,-120.0,772.4800094335706,0.0,0.0,0.0,0.0,0.0,0.0,0.5,1.0,1.0
470,train,0,1,0,120.0,201.1977119465614,0.0,0.0,0.0,0.0,-0.5,0.0,0.5,1.0418280615411857,0.7222954778338192
470,train,2,1,0,60.0,-59.41838095798721,-0.3333333333333333,0.0,0.0,0.0,1.0,0.0,0.5,1.0418280615411857,0.7222954778338192
471,train,0,1,0,-420.0,-217.13889761895553,0.047619047619047616,135.14762407223094,124.13896139927247,0.0,0.5714285714285714,19.680788317486986,0.5,1.0,1.0
471,train,1,2,1,60.0,-1707.0204124395368,0.09523809523809523,-60.45104822330018,-49.65549360786599,-0.23809523809523803,-0.5714285714285714,-10.506123460336227,0.5,1.0,1.0
472,validation,2,0,1,-600.0,-181.405571264665,0.0,0.0,125.12947624968953,0.0,-1.0,-0.15117130938722134,0.5,1.8240930184265596,0.7387633980038615
472,validation,2,1,1,-300.0,281.75371621430986,0.0,0.0,-422.32978109335676,0.0,-0.5,-40.49303859005987,0.5,1.8240930184265596,0.7387633980038615
473,train,0,1,1,-300.0,16.593716696523643,0.0,-65.60597389822934,0.0,0.0,-0.6,-22.858658289830174,0.5,1.6893884227154654,0.5011816835538827
473,train,0,2,1,-300.0,-681.0569212242922,0.4,-67.58905161602314,0.0,0.0,-0.29999999999999993,18.849249312748704,0.5,1.6893884227154654,0.5011816835538827
474,train,0,2,0,0.0,61.56867972374721,0.1,0.0,-116.73298498555145,0.0,0.6,0.0,0.5,0.7486191143108232,0.951692058577572
474,train,2,1,1,-180.0,-321.9127182662073,-0.2,0.0,141.88272105136815,0.0,-0.6,0.0,0.5,0.7486191143108232,0.951692058577572
475,train,0,1,1,-360.0,-675.6333341667951,0.0,0.0,-175.28528278749496,1.0,0.0,-80.53547233407984,0.5,1.8881002981770498,1.0468918219111054
475,train,0,2,1,0.0,-657.801164118232,0.0,0.0,-135.8763689430753,0.5,0.0,-27.501031697263553,0.5,1.8881002981770498,1.0468918219111054
476,train,1,0,1,-60.0,-4.397528707107995,0.0,0.0,0.0,0.0,0.0,0.0,0.5,1.0,1.0
476,train,2,1,0,120.0,1143.6120999207342,0.0,0.0,0.0,0.0,0.0,0.0,0.5,1.0,1.0
477,validation,1,0,1,240.0,281.49585570217914,-1.0,0.0,0.0,0.0,0.0,0.0,0.5,0.7678325935911715,1.5636531170509116
477,validation,1,2,1,180.0,-120.7200714639016,0.0,0.0,0.0,0.0,0.0,0.0,0.5,0.7678325935911715,1.5636531170509116
478,train,0,2,0,1080.0,1298.0665495224994,0.0,0.0,0.0,0.0,0.0,0.0,0.5,1.0,1.0
478,train,1,2,0,720.0,339.4156236854851,0.0,0.0,0.0,0.0,0.0,0.0,0.5,1.0,1.0
479,train,0,1,1,-180.0,-228.34434912743063,0.5,0.0,0.0,0.0,0.0,36.16599001153383,0.5,1.4887692411910551,1.2565677438093434
479,train,0,2,1,-60.0,-897.0150511633633,0.0,0.0,0.0,-0.16666666666666666,0.0,-46.99398631422367,0.5,1.4887692411910551,1.2565677438093434
480,test,0,1,0,180.0,453.36073231426144,0.0,982.84490244316,0.0,0.0,0.0,-8.261579373109697,0.5,0.6823139920210874,0.6571431152900311
480,test,1,2,1,-540.0,-1017.8531945174136,0.0,-514.6570642295851,0.0,-0.4,0.0,-108.41156056318397,0.5,0.6823139920210874,0.6571431152900311
481,train,0,1,1,240.0,2310.1955380010304,0.0,0.0,0.0,0.0,0.0,0.0,0.5,1.0,1.0
481,train,0,2,1,0.0,-222.80827917681927,0.0,0.0,0.0,0.0,0.0,0.0,0.5,1.0,1.0
482,train,0,1,0,300.0,69.67441267220238,0.0,1372.0330161910767,0.0,0.0,0.0,0.0,0.5,1.0,1.0
482,train,2,1,0,-120.0,465.68654567536214,0.0,1412.6314221788627,0.0,0.0,0.0,0.0,0.5,1.0,1.0
483,train,0,1,0,60.0,-299.60660789289113,1.2,-201.31505714777433,0.0,0.0,-0.2,-13.27151541624417,0.5,1.8707557608310774,0.7820523256318571
483,train,1,2,1,60.0,-196.2337012881244,-0.6,28.765664083376407,0.0,0.0,-0.4000000000000001,47.87221203107427,0.5,1.8707557608310774,0.7820523256318571
484,train,0,1,0,180.0,908.1132121944215,0.0,0.0,0.0,0.0,0.0,0.0,0.5,1.0,1.0
484,train,1,2,1,-60.0,-511.8430310988133,0.0,0.0,0.0,0.0,0.0,0.0,0.5,1.0,1.0
485,train,2,0,1,180.0,347.46979509646326,-0.19047619047619047,-66.65066661575162,25.94052460502087,0.0,-0.5714285714285714,-23.50434912968715,0.5,1.741350621710131,0.740674059559841
485,train,1,2,0,-60.0,-495.49063436140113,0.047619047619047616,168.84774268092696,64.64339977889895,0.0,0.0,9.961564888873804,0.5,1.741350621710131,0.740674059559841
486,train,0,2,0,180.0,-655.9818213112712,0.0,0.0,384.7469109968236,0.0,0.0,373.49007678004597,0.5,0.6575669882309448,1.0026717736120356
486,train,2,1,1,-60.0,739.6974496360008,0.0,0.0,-217.79886210086715,0.0,0.0,-382.28147133820784,0.5,0.6575669882309448,1.0026717736120356
487,train,0,2,0,-300.0,1165.2581662086131,-0.2857142857142857,280.76817606761574,0.1442286740951566,0.7142857142857142,0.2857142857142857,26.36413183443461,0.5,1.1347675608388565,0.7406927483957498
487,train,2,1,1,360.0,-700.1824098592542,-0.8571428571428571,-117.06279137860747,-9.165309293574623,-0.47619047619047616,0.2857142857142857,-60.48199935880958,0.5,1.1347675608388565,0.7406927483957498
488,train,1,0,0,0.0,-126.40991209208505,0.0,254.9633057460946,54.70769175559272,0.3,0.0,4.102827142944236,0.5,1.0,1.0
488,train,0,2,1,120.0,461.1524862678348,0.0,6.331579875831949,10.47486241935647,-0.3,0.0,15.306971592690804,0.5,1.0,1.0
489,validation,1,0,1,120.0,-1628.9978988119947,-0.20000000000000004,7.775149472635064,158.64362272455102,0.0,0.0,-63.539063637015374,0.5,0.6835557057057974,0.5475882796086587
489,validation,2,1,0,-60.0,301.0902534140905,0.1,172.53063658325038,-248.79092130896072,0.0,0.0,64.5455347255477,0.5,0.6835557057057974,0.5475882796086587
490,train,1,0,0,-120.0,-196.53178798663157,0.0,0.0,0.0,0.0,0.0,0.0,0.5,1.0,1.0
490,train,2,0,0,-60.0,-463.0492173347302,0.0,0.0,0.0,0.0,0.0,0.0,0.5,1.0,1.0
491,test,0,2,0,-60.0,-177.42977348987188,0.5,0.0,0.0,0.0,0.33333333333333337,78.18442039942673,0.5,1.1163693307815465,1.2074500347186707
491,test,2,1,1,0.0,249.20997064094263,0.0,0.0,0.0,0.0,0.0,-44.9230687958267,0.5,1.1163693307815465,1.2074500347186707
492,train,2,0,1,-420.0,-196.4117424031574,0.0,0.0,0.0,0.0,-3.0,0.0,0.5,1.495240744738201,0.760016107856773
492,train,1,2,0,120.0,812.6557457266399,0.0,0.0,0.0,0.0,4.0,0.0,0.5,1.495240744738201,0.760016107856773
493,train,1,0,1,-120.0,-443.9057857823814,0.0,0.0,0.0,1.0,0.0,0.0,0.5,0.7201638547603507,1.6993732285446217
493,train,2,1,0,180.0,-571.9059861660521,0.0,0.0,0.0,0.0,0.0,0.0,0.5,0.7201638547603507,1.6993732285446217
494,train,0,2,0,360.0,651.3337163982756,0.4000000000000001,0.0,42.620755959391424,0.3333333333333333,0.4666666666666666,-73.13880777780349,0.5,0.6941697792979221,0.5486946031734569
494,train,1,2,0,480.0,754.4216920836357,0.0,0.0,25.325636245610937,0.3333333333333333,0.0,11.05080039933381,0.5,0.6941697792979221,0.5486946031734569
495,train,0,1,1,60.0,-686.9921775122953,0.16666666666666666,414.49683971561046,0.0,-0.5,0.0,0.0,0.5,0.6321230552262185,1.5790673320177273
495,train,2,0,0,60.0,296.2120086918544,0.0,-407.68414919002,0.0,0.5,0.0,0.0,0.5,0.6321230552262185,1.5790673320177273
496,train,0,1,0,-180.0,467.9135490886774,0.0,0.0,0.0,0.0,0.0,0.0,0.5,1.0,1.0
496,train,2,1,0,-180.0,-1651.454500923217,0.0,0.0,0.0,0.0,0.0,0.0,0.5,1.0,1.0
497,train,1,0,1,-180.0,-13.367352845616551,0.0,-1321.5675276292914,0.0,0.3333333333333333,0.0,0.0,0.5,1.0,1.0
497,train,2,1,0,0.0,-55.80174060608579,0.0,485.9258046994898,0.0,0.0,0.0,0.0,0.5,1.0,1.0
498,train,1,0,0,0.0,97.74469322994037,0.0,0.0,111.85317900904046,0.0,-0.10000000000000003,79.15377212797611,0.5,1.3266896448766043,1.130424617878859
498,train,0,2,1,-120.0,276.190099609003,0.2,0.0,-247.59905287835826,0.0,0.10000000000000003,9.701865454494495,0.5,1.3266896448766043,1.130424617878859
499,train,0,1,1,-360.0,-968.3533685528587,0.0,0.0,0.0,0.0,0.0,-691.6409936428469,0.5,0.8255113094342403,0.7120928097849194
499,train,0,2,1,-60.0,-326.89311822712125,0.0,0.0,0.0,0.0,0.0,-212.44532579106303,0.5,0.8255113094342403,0.7120928097849194
500,train,1,0,0,-60.0,471.78720183065525,0.14285714285714285,131.90721978600186,-151.92135319885494,0.047619047619047616,0.2857142857142857,-4.172082922695239,0.5,1.034500133898496,1.324409231768876
500,train,0,2,1,0.0,-446.59322097764516,-0.42857142857142855,-107.69937482277457,148.03293792024462,0.0,-0.2857142857142857,4.172082922695239,0.5,1.034500133898496,1.324409231768876
501,test,0,1,0,-120.0,-204.24046555249788,-0.2857142857142857,-12.482618102974413,302.22068090240657,0.0,1.1428571428571428,-16.053359812798718,0.5,0.5501987576921278,0.9591974381757119
501,test,2,1,0,-180.0,223.41017348578316,-0.2857142857142857,-37.02110099657847,188.51931431648939,0.0,0.7142857142857142,-26.698536637663643,0.5,0.5501987576921278,0.9591974381757119
502,train,0,1,0,180.0,-485.5786013820716,0.0,0.0,0.0,0.0,0.0,0.0,0.5,1.0,1.0
502,train,1,2,1,-600.0,-127.83904821294072,0.0,0.0,0.0,0.0,0.0,0.0,0.5,1.0,1.0
503,train,1,0,0,420.0,670.707124137386,0.0,0.0,-22.596182222429036,0.0,0.0,0.0,0.5,0.640218417949933,1.1279440722178058
503,train,0,2,1,-1260.0,-1039.2897428540073,-0.6666666666666666,0.0,317.72227798614455,0.0,0.0,0.0,0.5,0.640218417949933,1.1279440722178058
504,train,0,2,0,120.0,-151.25358172683627,0.0,0.0,-49.06282476533602,0.0,3.9999999999999996,0.0,0.5,0.5961984838382194,0.5012490503100243
504,train,2,1,1,60.0,-605.6562229744968,0.0,0.0,-182.86633635852456,0.0,0.0,0.0,0.5,0.5961984838382194,0.5012490503100243
505,train,1,0,0,660.0,1812.0676801057834,0.0,0.0,0.0,0.0,0.0,0.0,0.5,1.0,1.0
505,train,0,2,1,0.0,-415.5558867995296,0.0,0.0,0.0,0.0,0.0,0.0,0.5,1.0,1.0
506,validation,2,0,1,120.0,284.15527011168615,0.0,-301.7527567902106,0.0,0.0,-0.6666666666666667,0.0,0.5,1.0,1.0
506,validation,1,2,0,120.0,-225.51415060255658,0.0,604.590531160667,0.0,0.0,2.9999999999999996,0.0,0.5,1.0,1.0
507,test,0,1,1,-120.0,-1448.0176946674655,0.0,-17.502337685116515,9.496294577848971,0.0,-0.33333333333333304,0.0,0.5,0.5695586286495216,1.622337694841917
507,test,2,0,0,300.0,1391.8098284089037,0.0,141.35462080770043,694.8880329424981,0.0,-0.3333333333333335,0.0,0.5,0.5695586286495216,1.622337694841917
508,train,1,0,0,180.0,488.4615480204757,0.13333333333333336,434.87105062001484,52.714694656178665,0.0,-0.33333333333333326,0.0,0.5,0.7643265273498161,0.5197739852081323
508,train,0,2,1,-180.0,-777.2410997733532,0.06666666666666667,-102.1050838137246,-14.0040223205352,0.0,0.33333333333333326,-60.7601817462646,0.5,0.7643265273498161,0.5197739852081323
509,train,0,1,0,-120.0,-171.6080167479604,-0.06666666666666667,100.32523963466781,79.46142853910173,0.0,-0.2666666666666666,37.772136116718535,0.5,1.0,1.0
509,train,2,1,0,120.0,-84.54912487645879,0.0,94.81173194617224,227.92984029691803,0.0,-0.5333333333333333,57.729874516797764,0.5,1.0,1.0
510,train,1,0,1,60.0,217.4893560568048,0.0,0.0,0.0,0.0,0.0,0.0,0.5,1.0,1.0
510,train,2,1,0,60.0,-873.8092046182014,0.0,0.0,0.0,0.0,0.0,0.0,0.5,1.0,1.0
511,train,0,1,1,-60.0,-251.47248124893895,-0.5,0.0,0.0,0.0,0.0,-46.602593438415745,0.5,0.5039239876381825,1.425671354420304
511,train,2,0,0,180.0,614.9422264625146,0.5,0.0,0.0,0.0,0.9999999999999999,80.56212866343145,0.5,0.5039239876381825,1.425671354420304
512,train,1,0,1,-120.0,439.6214246004065,0.0,-83.11341749700046,0.0,0.0,0.0,-8.707422177868352,0.5,0.5910077559712582,1.3010059459261192
512,train,1,2,1,-180.0,-886.3135858788119,0.0,71.14192967671556,0.0,0.0,0.0,-66.26257223407447,0.5,0.5910077559712582,1.3010059459261192
513,train,0,1,0,0.0,1521.6234059401359,0.0,0.0,-306.7606570433725,0.0,0.0,0.0,0.5,0.7298996388419675,1.5066948108767007
513,train,1,2,1,-240.0,-1703.4239275782784,0.0,0.0,22.153440313537203,0.0,0.0,0.0,0.5,0.7298996388419675,1.5066948108767007
514,test,0,1,0,0.0,-105.78145787372796,0.47619047619047616,285.27608229129805,-7.702945741456665,-0.2857142857142857,-0.19047619047619047,7.367245603209813,0.5,0.8160661521007522,1.7865400820021622
514,test,2,1,0,180.0,649.7932971393084,0.23809523809523808,154.367844542021,12.889422008217675,0.0,0.19047619047619047,-15.285373285551795,0.5,0.8160661521007522,1.7865400820021622
515,test,1,0,1,180.0,204.00560861690064,0.0,0.0,0.0,0.0,0.0,0.0,0.5,1.0,1.0
515,test,2,1,0,-240.0,-725.7971022152428,0.0,0.0,0.0,0.0,0.0,0.0,0.5,1.0,1.0
516,train,1,0,1,120.0,-643.5808378331176,-0.19047619047619047,101.2775472935449,-27.832130101421,-0.09523809523809523,0.5714285714285713,-137.03696431319133,0.5,0.8129744051676807,0.7381482283679744
516,train,2,1,0,-180.0,181.0920348221125,0.19047619047619047,69.76803723708753,-109.2247880856504,0.047619047619047616,0.0,41.71301470728355,0.5,0.8129744051676807,0.7381482283679744
517,train,0,2,0,180.0,427.9198737430929,-0.4761904761904761,91.67673820283333,34.43220211494139,0.0,0.0,-8.333683221467545,0.5,1.8608284729188285,0.8482485075967146
517,train,1,2,0,60.0,-171.33607253494847,-0.7142857142857142,187.60848947498124,62.39134219852576,0.0,0.0,-14.273376567537829,0.5,1.8608284729188285,0.8482485075967146
518,train,1,0,1,-60.0,-1126.726192333358,0.0,0.0,0.0,0.0,-2.0,-155.23883598276976,0.5,1.4635156588096327,1.1247901628136072
518,train,1,2,1,0.0,-1231.73630227608,0.0,0.0,0.0,0.0,-2.666666666666666,-291.6759044989076,0.5,1.4635156588096327,1.1247901628136072
519,test,1,0,0,240.0,1857.3807984233954,0.2,335.58470471235904,0.0,1.0,0.33333333333333326,8.075542888353866,0.5,1.6078209998171225,0.5757174002169902
519,test,0,2,1,-180.0,-1641.1416908205356,-0.2,-366.12310597781794,0.0,-0.2,-1.333333333333333,104.1887492927011,0.5,1.6078209998171225,0.5757174002169902
520,train,1,0,0,120.0,-465.3990625653573,0.0,0.0,0.0,0.0,0.0,0.0,0.5,0.9398574316714134,1.411329039119972
520,train,2,0,0,120.0,172.3475491231893,0.0,0.0,0.0,0.0,0.0,0.0,0.5,0.9398574316714134,1.411329039119972
521,train,0,2,0,180.0,66.659638415897,0.0,0.0,0.0,0.0,0.0,0.0,0.5,1.0,1.0
521,train,1,2,0,-60.0,-81.43095579806959,0.0,0.0,0.0,0.0,0.0,0.0,0.5,1.0,1.0
522,train,0,2,0,0.0,771.2373564976097,0.0,240.65262025941013,0.0,0.0,0.0,47.765121378923155,0.5,0.5426614133259884,1.052049902429415
522,train,2,1,1,0.0,200.63923735897833,-0.5,-48.99091106924027,0.0,0.0,0.0,6.528710149822146,0.5,0.5426614133259884,1.052049902429415
523,train,0,1,0,-120.0,-737.1114511294891,-0.5714285714285714,10.39809300520858,-2.288190307789769,0.8571428571428571,-0.09523809523809523,-7.2828107829247015,0.5,0.5168588160157692,1.4239674267255717
523,train,1,2,1,120.0,-698.6121642442795,0.5714285714285714,-84.45782979202465,-16.3378016575841,0.0,0.19047619047619047,-30.151356406997436,0.5,0.5168588160157692,1.4239674267255717
524,train,1,0,0,120.0,900.063382235664,0.0,0.0,0.0,1.0,0.0,0.0,0.5,0.6280199087233208,1.8591503239008806
524,train,2,0,0,0.0,-66.22260682462365,0.0,0.0,0.0,1.0,0.0,0.0,0.5,0.6280199087233208,1.8591503239008806
525,train,0,1,1,-120.0,-423.9559077852098,0.0,50.51451844674983,31.546078045153227,0.0,0.0,-32.49385300026379,0.5,1.0,1.0
525,train,0,2,1,-60.0,-17.644309398697033,0.0,-100.02500282756529,-15.06353590390399,0.0,0.2,-44.61626018771744,0.5,1.0,1.0
526,test,0,2,0,60.0,217.60745262143064,0.0,0.0,0.0,0.0,0.0,0.0,0.5,1.0,1.0
526,test,1,2,0,60.0,-625.2349660679383,0.0,0.0,0.0,0.0,0.0,0.0,0.5,1.0,1.0
527,train,2,0,1,-360.0,-1673.2582192289692,0.0,-269.0745629503118,-75.87050530205366,-0.06666666666666667,1.0,-51.400451030777106,0.5,0.6473268587241996,1.0942990838760214
527,train,2,1,1,0.0,-623.4807380925304,0.0,-402.59756199449754,-3.154441396008643,0.06666666666666667,0.0,-211.76052800039554,0.5,0.6473268587241996,1.0942990838760214
528,train,1,0,0,120.0,1926.3088891082034,0.0,0.0,218.6556911264652,1.5,1.6666666666666665,0.0,0.5,1.6945732430670817,1.6616900876071314
528,train,2,0,0,180.0,1802.8760233729554,0.0,0.0,118.38595802088437,0.5,0.0,0.0,0.5,1.6945732430670817,1.6616900876071314
529,test,1,0,1,60.0,-382.9906044489908,0.0,0.0,0.0,-0.6666666666666666,-2.0,0.0,0.5,1.5317853525541747,1.0985172867455104
529,test,1,2,1,420.0,1345.5899717001967,0.0,0.0,0.0,-1.3333333333333333,0.0,0.0,0.5,1.5317853525541747,1.0985172867455104
530,test,0,1,0,120.0,821.9948717086772,0.0,0.0,0.0,1.0,0.0,0.0,0.5,0.5398614452880701,1.5192810897365256
530,test,2,1,0,180.0,1989.566537154029,0.0,0.0,0.0,1.0,0.0,0.0,0.5,0.5398614452880701,1.5192810897365256
531,train,0,2,0,60.0,-430.5905626585177,0.6,-328.41412348410574,0.0,0.0,0.1,-13.22360238179133,0.5,1.0,1.0
531,train,1,2,0,-60.0,-758.1634338186755,0.0,-438.63089151878495,0.0,0.0,0.30000000000000004,-13.807869961699769,0.5,1.0,1.0
532,train,1,0,0,600.0,196.1230979140082,0.0,20.34658460864354,464.64375713340564,0.0,-1.6,0.0,0.5,1.5902907821446397,0.9554281885327525
532,train,2,0,0,240.0,33.93980077930428,0.0,251.73475218030006,229.17996445768375,0.0,-1.2000000000000002,0.0,0.5,1.5902907821446397,0.9554281885327525
533,validation,1,0,1,-300.0,-2690.0303813292003,0.0,0.0,243.67622211528425,0.0,-0.6666666666666665,-23.2113049148443,0.5,1.5203320132197566,0.7684926841680942
533,validation,1,2,1,-240.0,-779.1953318750666,-0.06666666666666668,0.0,129.67795098861413,0.0,0.33333333333333326,10.237084293078823,0.5,1.5203320132197566,0.7684926841680942
534,train,1,0,1,-120.0,206.12626887967235,0.5,302.78745877969993,0.0,0.0,-1.3333333333333333,0.0,0.5,0.593248372493335,0.6726379149761441
534,train,2,1,0,0.0,501.14475801223307,0.5,-135.11285703274336,0.0,0.0,0.0,0.0,0.5,0.593248372493335,0.6726379149761441
535,train,2,0,1,-420.0,-633.2796585149745,0.0,410.3032681017345,0.0,0.0,0.6666666666666667,0.0,0.5,0.9861878535159095,1.2333946002994947
535,train,1,2,0,60.0,14.888971304701045,0.0,277.8305075053247,0.0,0.0,2.666666666666666,0.0,0.5,0.9861878535159095,1.2333946002994947
536,train,0,1,1,-180.0,-589.3026168819474,0.0,37.954829035016644,0.0,-0.6666666666666666,0.0,0.0,0.5,0.523592643043629,0.5593397946024118
536,train,2,0,0,300.0,1795.824341675921,-1.0,210.57305791376072,0.0,0.3333333333333333,0.0,0.0,0.5,0.523592643043629,0.5593397946024118
537,train,1,0,1,60.0,475.6644841705265,-1.3333333333333333,0.0,-111.23070144205207,0.0,0.0,70.82238403147682,0.5,1.810472214336008,0.5324250923968158
537,train,1,2,1,120.0,-432.1400993633665,-0.6666666666666666,0.0,-34.33284032484522,0.0,0.0,-184.48572651497113,0.5,1.810472214336008,0.5324250923968158
538,test,0,1,1,0.0,151.31376485723376,0.0,0.0,0.0,0.0,0.16666666666666674,-102.21458422251331,0.5,1.4754009579777465,1.543075629493194
538,test,0,2,1,-240.0,-357.9190387259032,0.0,0.0,0.0,0.0,0.0,-139.9495965913478,0.5,1.4754009579777465,1.543075629493194
539,train,2,0,1,180.0,272.9138709479994,0.0,0.0,0.0,0.0,0.0,-86.46189462977392,0.5,1.280777019224593,0.5754789054020758
539,train,2,1,1,-360.0,-1867.8106488346812,0.0,0.0,0.0,0.0,-3.666666666666666,-299.7533172529369,0.5,1.280777019224593,0.5754789054020758
540,train,0,1,0,0.0,-356.95270590128985,0.8,0.0,-44.91879482279681,0.2,-0.6000000000000001,0.0,0.5,0.7246393813719615,1.1720431873898063
540,train,1,2,1,0.0,-150.6951787525577,0.4,0.0,72.57520458137387,-0.2,1.5,0.0,0.5,0.7246393813719615,1.1720431873898063
541,train,0,2,0,-180.0,-265.61202787722686,0.0,0.0,0.0,0.0,0.0,105.75436960519136,0.5,0.9018342000097208,1.0353722353996164
541,train,2,1,1,120.0,569.9617146638661,0.0,0.0,0.0,0.0,0.0,-132.75928035401557,0.5,0.9018342000097208,1.0353722353996164
542,validation,0,1,1,0.0,-68.59221992074526,0.0,-873.6402029238402,274.06469664897713,0.0,0.0,0.0,0.5,1.0,1.0
542,validation,2,0,0,240.0,162.44650951598396,0.0,2760.3332664911586,38.653857937190764,0.0,0.0,0.0,0.5,1.0,1.0
543,train,0,1,1,180.0,716.0715497950623,0.0,0.0,0.0,0.0,0.0,0.0,0.5,1.0,1.0
543,train,0,2,1,120.0,1215.922003957874,0.0,0.0,0.0,0.0,0.0,0.0,0.5,1.0,1.0
544,train,1,0,1,840.0,1223.4801546893787,0.0,0.0,-45.441389495157466,0.1,-0.8999999999999999,-24.60552707883849,0.5,0.8088254662140592,0.6279663315199308
544,train,2,1,0,-600.0,111.30657830882319,0.0,0.0,-48.92503982529979,0.6000000000000001,0.6000000000000001,186.23456074642982,0.5,0.8088254662140592,0.6279663315199308
545,test,0,1,0,420.0,3635.2483062656975,0.0,-19.39054458547315,-153.65425157371658,0.06666666666666667,0.0,136.3884592830317,0.5,1.0,1.0
545,test,1,2,1,-420.0,-2464.4200760452923,0.5333333333333334,-322.68156945557666,18.875944796735695,0.0,0.0,-51.19208327427694,0.5,1.0,1.0
546,train,0,1,1,-360.0,-1288.6583421147252,0.1,-172.09011283867483,0.0,-0.4000000000000001,0.0,15.009976740120464,0.5,0.9970574441974006,1.1284949839604768
546,train,0,2,1,0.0,-1374.6844311066852,0.1,-359.2412926229931,0.0,0.2,0.0,114.68057761386474,0.5,0.9970574441974006,1.1284949839604768
547,train,2,0,1,-900.0,-1996.1574169382839,0.0,0.0,0.0,0.0,0.0,0.0,0.5,1.0,1.0
547,train,2,1,1,-480.0,473.23087335323726,0.0,0.0,0.0,0.0,0.0,0.0,0.5,1.0,1.0
548,test,0,1,0,420.0,1263.692855790985,0.3999999999999999,242.65048164934387,0.0,0.0,-0.7999999999999998,-15.059864012012596,0.5,0.8774551557120202,0.6771778304919132
548,test,1,2,1,-60.0,23.24924046630258,0.0,-1168.6697719257786,0.0,0.0,0.7999999999999998,-2.63458345995096,0.5,0.8774551557120202,0.6771778304919132
549,test,0,2,0,-180.0,27.100991187398904,0.0,0.0,0.0,0.0,1.333333333333333,0.0,0.5,1.032931198348502,0.8878607321332009
549,test,2,1,1,60.0,245.56031342368215,-0.3333333333333333,0.0,0.0,0.0,0.0,0.0,0.5,1.032931198348502,0.8878607321332009
550,train,1,0,0,-240.0,-454.32335916183456,0.0,1874.7521574817724,0.0,0.0,0.0,0.0,0.5,1.0,1.0
550,train,2,0,0,-120.0,111.5665153683185,0.0,1918.4588573750166,0.0,0.0,0.0,0.0,0.5,1.0,1.0
551,train,1,0,1,-900.0,-1942.712810527246,0.0,0.0,-355.9065608837901,0.0,0.0,0.0,0.5,1.677175684829856,1.0759436858293407
551,train,2,1,0,360.0,1096.0119180151178,0.0,0.0,552.9073514136414,0.0,0.0,0.0,0.5,1.677175684829856,1.0759436858293407
552,validation,0,1,0,-60.0,653.7233944624359,0.0,116.39417926212492,118.71005720023436,0.0,-0.2857142857142857,79.90957104094241,0.5,0.6832693151337206,1.431449460792226
552,validation,2,1,0,0.0,262.5175282252321,0.2857142857142857,48.499920036325456,88.1691586174002,-0.23809523809523808,-0.19047619047619047,55.999983678332796,0.5,0.6832693151337206,1.431449460792226
553,validation,0,1,1,60.0,91.65794667883529,0.0,-53.34453631681444,-31.52606334839985,0.0,0.06666666666666668,12.969359776444662,0.5,1.0693642392208267,0.8104703691030829
553,validation,0,2,1,60.0,-359.85648730258526,0.0,-98.47185284049743,-54.14233574114651,-0.4,-0.1333333333333333,46.35314304953663,0.5,1.0693642392208267,0.8104703691030829
554,train,0,2,0,60.0,345.4057576968262,-0.2857142857142857,0.7163426905584345,-17.067061135557154,0.09523809523809523,-0.23809523809523814,13.912002051073088,0.5,0.5874424541934513,1.021286702894497
554,train,2,1,1,0.0,-594.6135065513554,-0.8571428571428571,73.38356912734656,13.109901149877857,-0.14285714285714285,-0.47619047619047605,10.673061038072262,0.5,0.5874424541934513,1.021286702894497
555,test,0,1,0,0.0,121.95792507659962,0.0,-42.20272018442486,97.65992774739897,-0.09523809523809523,0.047619047619047616,14.030113578935424,0.5,0.5029990151964586,0.8087872040519706
555,test,2,1,0,60.0,-508.7917628482014,1.1428571428571428,33.699893675847505,-28.348704174482556,0.09523809523809523,0.14285714285714285,2.6850296005636762,0.5,0.5029990151964586,0.8087872040519706
556,validation,2,0,1,-300.0,-1097.3949277629636,0.0,62.235407322708625,-511.3564086788772,0.0,0.0,0.0,0.5,1.0,1.0
556,validation,1,2,0,360.0,-198.06410085502284,0.0,76.57951783899182,414.23157366777775,0.0,0.0,0.0,0.5,1.0,1.0
557,test,0,1,0,60.0,1359.1121288048407,0.23809523809523808,-75.0719766363022,76.51127188946437,0.09523809523809523,0.0,-16.33367826866187,0.5,1.079471004792422,0.7746353825071285
557,test,1,2,1,0.0,238.84833431848892,-0.23809523809523808,149.9041396516534,-15.346171198487017,-0.09523809523809523,0.2857142857142858,-66.67736878743091,0.5,1.079471004792422,0.7746353825071285
558,train,2,0,1,120.0,-114.61654911289634,-0.14285714285714285,18.428452457601878,-2.930638236304013,-0.047619047619047616,-0.23809523809523803,18.435484395142613,0.5,0.8135872877603411,0.8198330202747622
558,train,2,1,1,300.0,-7.838938131297709,0.0,-40.000376203506434,-107.50373700876348,0.0,0.23809523809523808,-26.93298693890464,0.5,0.8135872877603411,0.8198330202747622
559,train,1,0,0,180.0,1023.9456703102924,2.0,0.0,-18.29244125621787,0.0,0.0,0.0,0.5,0.7906064866211334,0.549557222715244
559,train,2,0,0,720.0,2190.75396439463,0.6666666666666666,0.0,133.17560102647337,0.0,0.0,0.0,0.5,0.7906064866211334,0.549557222715244
560,train,0,2,0,780.0,1786.6952827992227,0.0,102.75955190203425,-278.0927595152926,0.0,4.8,155.63733900709605,0.5,0.694003499448219,0.8671470707334704
560,train,2,1,1,-540.0,-2985.0028858508003,0.0,-34.39180979357272,-448.82698355449213,0.0,-3.2,39.82652999583099,0.5,0.694003499448219,0.8671470707334704
561,train,1,0,0,780.0,850.2944220864492,0.0,69.46359206668393,141.46659751607297,0.0,-0.5714285714285716,45.056751519517256,0.5,0.638709990195117,1.6294623642212038
561,train,0,2,1,-360.0,-1331.9642076542668,0.09523809523809523,-27.408186203782037,-16.30596684035524,-0.38095238095238093,0.8571428571428572,0.0,0.5,0.638709990195117,1.6294623642212038
562,train,1,0,1,-180.0,-2058.6545987474756,0.3333333333333333,-170.19723375099437,0.0,-1.5,0.0,0.0,0.5,0.5055173677530063,0.5019869706799691
562,train,1,2,1,-60.0,-80.69425225992973,-0.3333333333333333,157.78149402520827,0.0,-1.0,0.0,0.0,0.5,0.5055173677530063,0.5019869706799691
563,test,0,1,1,-300.0,-1182.5872962634526,0.2,0.0,0.0,0.0,-0.40000000000000036,-68.87994917174917,0.5,0.6120699293786288,1.427889503379874
563,test,2,0,0,-180.0,-200.58454467960883,0.2,0.0,0.0,0.2,0.40000000000000036,83.3902451570181,0.5,0.6120699293786288,1.427889503379874
564,train,0,2,0,720.0,-52.44240073300716,0.0,0.0,0.0,0.0,0.0,0.0,0.5,1.0,1.0
564,train,2,1,1,60.0,729.6867845064253,0.0,0.0,0.0,0.0,0.0,0.0,0.5,1.0,1.0
565,validation,0,1,0,240.0,-251.64491070814347,0.0,0.0,0.0,0.0,0.0,184.68333835612498,0.5,1.253737140781067,0.9769553304052832
565,validation,2,1,0,300.0,519.0687959418501,0.0,0.0,0.0,0.0,0.0,217.31573415294395,0.5,1.253737140781067,0.9769553304052832
566,validation,1,0,0,60.0,735.5418399002347,-0.09523809523809523,217.84713512429272,196.85620844718318,0.19047619047619047,0.047619047619047616,-26.15336575368009,0.5,0.6981855104245988,1.1057125199166362
566,validation,2,0,0,120.0,518.8973558945345,0.0,30.76553160333944,155.5700350421477,0.0,-0.047619047619047616,14.373760781877237,0.5,0.6981855104245988,1.1057125199166362
567,train,1,0,0,240.0,846.8608505041775,0.0,6.888252742449197,8.13026385007963,-0.4,1.2000000000000002,0.0,0.5,0.6150905333725415,1.3259205573240542
567,train,0,2,1,-120.0,-494.69596167539567,0.0,-35.072665023273714,-264.0448062789913,0.8,-0.4,0.0,0.5,0.6150905333725415,1.3259205573240542
568,train,0,1,0,0.0,-11.476755911473902,0.0,0.0,0.0,0.3333333333333333,-1.5,61.96804097996002,0.5,1.2034321112743456,1.9299716980130186
568,train,2,1,0,180.0,398.23219849496536,0.0,0.0,0.0,0.0,-1.5,7.5336491941511525,0.5,1.2034321112743456,1.9299716980130186
569,train,0,1,0,-240.0,222.97390536848184,0.16666666666666666,233.19979908512718,-175.7047442472603,0.0,0.0,0.0,0.5,1.2875339244516635,0.8553722133979382
569,train,1,2,1,240.0,153.58389056880196,-0.16666666666666666,-88.54608048281747,-86.14147168832108,0.0,0.0,0.0,0.5,1.2875339244516635,0.8553722133979382
570,test,2,0,1,0.0,-128.7156937127147,0.0,-40.07883957510407,32.01394408041676,-0.2857142857142857,-1.6666666666666667,10.761409607239408,0.5,0.7251663810464065,0.6276166938930107
570,test,1,2,0,420.0,1972.0168219487605,0.2857142857142857,266.9006462665496,-1.997571344356345,0.5714285714285714,0.23809523809523814,-17.48318546211172,0.5,0.7251663810464065,0.6276166938930107
571,train,1,0,0,60.0,96.86819073123297,0.0,816.7575849814663,308.5446645888992,0.0,0.0,0.0,0.5,1.0,1.0
571,train,0,2,1,-60.0,-305.41708012352865,0.0,-355.2067848614905,-91.78737274056309,0.0,0.0,0.0,0.5,1.0,1.0
572,validation,0,1,0,180.0,117.852870690082,0.0,0.0,0.0,0.0,0.0,0.0,0.5,1.0,1.0
572,validation,2,1,0,60.0,450.0882021965617,0.0,0.0,0.0,0.0,0.0,0.0,0.5,1.0,1.0
573,train,2,0,1,0.0,1034.7725084100111,0.19047619047619047,24.52936663081539,-67.69669827965265,-0.19047619047619047,-0.09523809523809523,4.280080836486519,0.5,1.2414568938534285,0.5946133352135994
573,train,2,1,1,-120.0,523.9024618143321,0.19047619047619047,-109.186415373995,-74.31726895856022,-0.19047619047619047,-0.2857142857142857,-64.02320791446724,0.5,1.2414568938534285,0.5946133352135994
574,train,1,0,1,-360.0,-579.3799298511303,-1.3333333333333333,-697.1596621338704,0.0,0.0,0.0,0.0,0.5,1.528053692978622,1.7896854831109483
574,train,2,1,0,360.0,225.21266246625783,0.6666666666666666,-109.78374791996438,0.0,0.0,0.0,0.0,0.5,1.528053692978622,1.7896854831109483
575,train,1,0,1,-180.0,-1227.5602992952718,0.0,0.0,53.27247684220905,-0.5,-0.3333333333333335,0.0,0.5,0.6992494942760431,1.7400799797764968
575,train,2,1,0,360.0,1331.0702494599718,0.0,0.0,57.81864118141887,0.0,-0.6666666666666665,0.0,0.5,0.6992494942760431,1.7400799797764968
576,train,1,0,0,-60.0,-39.30096647657001,0.0,0.0,85.03367774105541,0.0,2.3333333333333335,0.0,0.5,0.9581486220072007,0.6509838544828486
576,train,2,0,0,0.0,-269.9200576747635,0.0,0.0,461.1593212086637,0.0,0.6666666666666666,0.0,0.5,0.9581486220072007,0.6509838544828486
577,validation,0,1,0,240.0,2150.704542560542,-0.047619047619047616,33.77607311436833,77.61542824179666,0.09523809523809523,0.14285714285714285,-94.47651017719679,0.5,1.0,1.0
577,validation,1,2,1,-300.0,-1615.2531542198913,0.047619047619047616,-137.7310540786944,-57.915104053530555,-0.19047619047619047,-0.28571428571428564,-54.50822587595371,0.5,1.0,1.0
578,train,0,1,1,-240.0,-347.35816086776777,0.047619047619047616,-53.55670941698793,-83.9616322753428,0.0,-0.1428571428571428,-0.6553589595937233,0.5,0.6321759796485787,1.7148929047974355
578,train,2,0,0,360.0,277.23456262226,0.047619047619047616,231.93151668508966,-21.905562360946107,0.0,0.0,19.639529219044668,0.5,0.6321759796485787,1.7148929047974355
579,validation,1,0,1,120.0,650.4734843983401,-1.0,-40.2844259754639,0.0,0.0,0.1333333333333333,-57.924831265712754,0.5,1.9792563756020067,0.5580616149232778
579,validation,1,2,1,60.0,339.77980806575124,-0.3333333333333333,-44.082228157947775,0.0,-0.26666666666666666,0.2666666666666666,-124.40971816960582,0.5,1.9792563756020067,0.5580616149232778
580,train,2,0,1,-120.0,-124.79093013511601,0.0,0.0,0.0,0.0,0.0,-11.185744846479778,0.5,1.1936110496769716,1.025100476297661
580,train,2,1,1,-60.0,-25.028798849852592,0.0,0.0,0.0,-0.6666666666666666,0.0,45.04654456687737,0.5,1.1936110496769716,1.025100476297661
581,train,1,0,1,-120.0,-359.2424968478622,0.0,428.58613345642584,0.0,-0.6666666666666666,0.0,0.0,0.5,1.7813705911765592,1.803083663321101
581,train,1,2,1,120.0,1032.8417249645127,0.0,66.4431910814398,0.0,-0.6666666666666666,0.0,0.0,0.5,1.7813705911765592,1.803083663321101
582,test,0,1,1,60.0,-167.5889475046506,0.13333333333333333,-75.08602865574159,16.427061421630757,0.0,-0.9999999999999998,9.77625618528063,0.5,1.1040205333506241,1.473847986986503
582,test,2,0,0,-120.0,285.95425441725547,0.0,150.6027011619264,-28.236142810801322,0.0,1.3333333333333333,-15.191327604598897,0.5,1.1040205333506241,1.473847986986503
583,train,2,0,1,-60.0,-614.4434437892442,-0.7142857142857142,-167.38332660689446,-137.81951671623523,0.0,-0.047619047619047616,20.682601827955438,0.5,0.5816477849578261,0.6958711550742157
583,train,1,2,0,360.0,874.2214812915963,0.0,192.94439690425537,217.27766966706758,0.19047619047619047,0.09523809523809523,-6.474133340248406,0.5,0.5816477849578261,0.6958711550742157
584,test,0,1,1,-240.0,-707.8474949477836,-1.0,0.0,0.0,0.0,0.0,0.0,0.5,1.2950993293969397,0.6947888680972817
584,test,2,0,0,60.0,55.65779412668826,2.0,0.0,0.0,0.0,0.0,0.0,0.5,1.2950993293969397,0.6947888680972817
585,train,1,0,0,-180.0,-647.0196936538796,0.0,0.0,0.0,0.0,0.0,0.0,0.5,0.6014496102003126,1.5264170968151065
585,train,2,0,0,-120.0,356.8794208673944,3.0,0.0,0.0,0.0,0.0,0.0,0.5,0.6014496102003126,1.5264170968151065
586,train,1,0,0,60.0,-37.16929034839268,0.0,631.292595697527,-79.09958801148943,0.0,0.0,0.0,0.5,1.0,1.0
586,train,0,2,1,-180.0,-917.3345073418072,0.0,-962.1337029628877,-150.28822698866838,0.0,0.0,0.0,0.5,1.0,1.0
587,train,1,0,0,0.0,-1097.5860131458894,0.0,66.33126868331215,0.0,-0.2,-0.13333333333333341,-23.804985502180593,0.5,1.0,1.0
587,train,0,2,1,0.0,-1527.760202817697,-0.8,-311.42477680928323,0.0,0.2,-0.1333333333333333,-13.393156821487388,0.5,1.0,1.0
588,train,1,0,0,360.0,215.84181967268796,0.26666666666666666,-14.771215684704885,6.7032586585212215,-0.06666666666666667,0.9999999999999999,0.0,0.5,0.9713166844468213,1.633388181365029
588,train,2,0,0,240.0,666.0497236898882,0.0,-38.61207560014326,42.90603012058405,0.0,0.33333333333333337,0.0,0.5,0.9713166844468213,1.633388181365029
589,train,2,0,1,180.0,815.8413151465052,0.0,0.0,0.0,0.0,0.0,-387.57495952818556,0.5,1.118410317638392,0.6122772302665738
589,train,2,1,1,-60.0,-803.1613057031223,0.0,0.0,0.0,0.0,0.0,-304.00805797942274,0.5,1.118410317638392,0.6122772302665738
590,train,1,0,1,-60.0,-201.6802201982473,-0.3333333333333333,0.0,0.0,0.0,-2.6666666666666665,0.0,0.5,1.5661694406390938,1.8852092418900352
590,train,2,1,0,60.0,16.883836563803243,0.0,0.0,0.0,0.0,2.0,0.0,0.5,1.5661694406390938,1.8852092418900352
591,train,1,0,1,-960.0,-1347.4839602122534,0.0,0.0,0.0,0.0,0.0,0.0,0.5,1.0,1.0
591,train,2,1,0,600.0,708.007270500812,0.0,0.0,0.0,0.0,0.0,0.0,0.5,1.0,1.0
592,test,1,0,0,180.0,1444.9256641358097,0.0,200.3067391842648,418.0717111771081,0.0,0.0,0.0,0.5,1.6225363208290298,1.506144194542205
592,test,0,2,1,-300.0,-773.1685152936134,0.0,-17.839720434709022,-1160.7778916264638,0.0,0.0,0.0,0.5,1.6225363208290298,1.506144194542205
593,test,0,2,0,0.0,1010.2925179706936,1.1428571428571428,17.131727589623722,-33.223038709111506,0.19047619047619047,0.09523809523809523,-38.04708156089105,0.5,1.9697722348055722,1.39876644852385
593,test,1,2,0,0.0,464.9106977791221,0.2857142857142857,-10.93676005873246,-1.5629163659911,0.19047619047619047,0.14285714285714285,0.13446273938303221,0.5,1.9697722348055722,1.39876644852385
594,train,0,2,0,-300.0,894.449348302277,0.0,0.0,0.0,0.0,0.0,0.0,0.5,1.0,1.0
594,train,2,1,1,180.0,-3368.9147292879297,0.0,0.0,0.0,0.0,0.0,0.0,0.5,1.0,1.0
595,train,2,0,1,120.0,-2543.5414913845366,-0.6000000000000001,-62.71932802740825,0.0,0.0,-1.2000000000000002,-60.6156619757775,0.5,1.2596775676569,0.6773147108948586
595,train,2,1,1,-240.0,-2883.3111016111984,0.0,-167.2028139116286,0.0,0.0,-2.4000000000000004,80.87875240258276,0.5,1.2596775676569,0.6773147108948586
596,validation,1,0,0,0.0,674.3803631975579,0.0,-120.99599982855511,-76.33028193669836,0.0,0.0,0.0,0.5,1.1592244531060467,0.5565397913890848
596,validation,0,2,1,-180.0,-626.4531009317643,-0.1,147.7868419275064,-23.24670761025115,-0.4,0.0,0.0,0.5,1.1592244531060467,0.5565397913890848
597,validation,2,0,1,-600.0,-429.35365345254286,0.0,0.0,-166.3480617898891,0.0,0.0,42.891959666585095,0.5,1.883031147190298,1.4537243393750803
597,validation,1,2,0,240.0,-709.2286470644931,-1.0,0.0,305.1147339621974,0.0,0.0,28.76814291925058,0.5,1.883031147190298,1.4537243393750803
598,train,2,0,1,-60.0,61.22527424731015,0.0,-91.5587260855535,3.626870175601585,-0.2,0.0,0.0,0.5,0.9345359611184705,0.713060682457318
598,train,2,1,1,-120.0,109.43151579211235,0.0,34.74348399118361,20.97185407302079,0.2,-0.6666666666666667,0.0,0.5,0.9345359611184705,0.713060682457318
599,train,1,0,1,-60.0,-3654.6260356565554,0.0,0.0,0.0,0.0,0.0,0.0,0.5,1.0,1.0
599,train,1,2,1,-300.0,-2992.1498385121986,0.0,0.0,0.0,0.0,0.0,0.0,0.5,1.0,1.0
600,test,0,1,1,-120.0,370.94160320602214,-0.2857142857142857,26.59701696508096,-35.749998367834785,-0.2857142857142857,0.19047619047619047,3.440447661290108,0.5,0.5561165688151295,0.5295581598240896
600,test,0,2,1,-60.0,594.9409582266708,-0.42857142857142855,-1.7350970883257162,-124.72837350869148,0.0,0.19047619047619047,-0.9769643469881544,0.5,0.5561165688151295,0.5295581598240896
601,train,1,0,0,300.0,-69.37045964174104,0.0,0.0,0.0,0.0,0.0,0.0,0.5,1.0,1.0
601,train,2,0,0,120.0,1639.9181241776023,0.0,0.0,0.0,0.0,0.0,0.0,0.5,1.0,1.0
602,train,0,1,1,-60.0,-342.0458311422017,0.0,0.0,0.0,0.0,0.0,-131.60860824632366,0.5,1.8648612591787177,0.7516422122669958
602,train,2,0,0,240.0,80.18623566416318,0.0,0.0,0.0,0.0,0.0,182.23732761811291,0.5,1.8648612591787177,0.7516422122669958
603,train,2,0,1,60.0,-255.97950543839033,0.0,0.0,0.0,0.0,0.3333333333333335,-124.8664842389496,0.5,0.700267302805473,1.768051404051824
603,train,1,2,0,480.0,376.22087242299403,0.0,0.0,0.0,0.0,-0.6666666666666665,264.68583654642975,0.5,0.700267302805473,1.768051404051824
604,train,0,1,1,120.0,216.37443076882937,0.0,0.0,0.0,-1.0,0.0,0.0,0.5,0.8439276425880767,1.7202108552516275
604,train,2,0,0,-60.0,-586.5256602816889,0.0,0.0,0.0,0.0,0.0,0.0,0.5,0.8439276425880767,1.7202108552516275
605,train,0,1,0,0.0,-410.05893296980594,0.0,0.0,624.046354570689,0.0,0.0,0.0,0.5,1.272818057312278,0.7101898238175188
605,train,2,1,0,180.0,204.73816035453456,0.0,0.0,1043.4112205460551,0.0,0.0,0.0,0.5,1.272818057312278,0.7101898238175188
606,train,0,1,0,-120.0,-402.4120713189218,0.0,0.0,0.0,0.0,0.0,0.0,0.5,1.0,1.0
606,train,1,2,1,300.0,541.4169643358946,0.0,0.0,0.0,0.0,0.0,0.0,0.5,1.0,1.0
607,train,2,0,1,0.0,122.83104332052972,0.0,0.0,0.0,-0.3333333333333333,-0.6666666666666665,0.0,0.5,1.0956653000623846,0.7823880067324008
607,train,2,1,1,60.0,-325.75008539996134,0.0,0.0,0.0,0.0,-2.0,0.0,0.5,1.0956653000623846,0.7823880067324008
608,train,1,0,1,-60.0,254.81732918834996,-0.13333333333333333,0.0,55.47679689219484,-0.26666666666666666,0.13333333333333336,-92.15946246505484,0.5,0.5019578157188196,1.7491257827403965
608,train,1,2,1,-120.0,117.92891742766642,-0.26666666666666666,0.0,81.26500793663956,0.0,-0.06666666666666665,-66.01129813225403,0.5,0.5019578157188196,1.7491257827403965
609,train,0,1,0,240.0,-1810.4419206197044,0.0,0.0,0.0,0.0,0.0,0.0,0.5,1.0,1.0
609,train,1,2,1,-600.0,525.1769190170444,0.0,0.0,0.0,0.0,0.0,0.0,0.5,1.0,1.0
610,train,1,0,1,-60.0,67.45499399512664,0.0,0.0,0.0,-1.3333333333333333,0.6666666666666666,0.0,0.5,0.9214664374370288,1.7796011131282443
610,train,2,1,0,60.0,-155.36475823059618,0.0,0.0,0.0,1.3333333333333333,0.9999999999999998,0.0,0.5,0.9214664374370288,1.7796011131282443
611,train,0,2,0,60.0,-122.01073524940716,0.0,0.0,69.93646363120413,0.0,0.0,37.42253634790447,0.5,1.460409938438033,1.6667786509240519
611,train,2,1,1,-60.0,-50.16067043896396,0.0,0.0,89.7210343702844,0.0,0.0,-137.1818970860344,0.5,1.460409938438033,1.6667786509240519
612,train,1,0,0,240.0,-227.3558493572482,0.0,0.0,0.0,1.0,0.0,0.0,0.5,1.985162466295297,1.6166917476426652
612,train,2,0,0,60.0,-495.3049878366155,0.0,0.0,0.0,0.0,0.0,0.0,0.5,1.985162466295297,1.6166917476426652
613,validation,0,2,0,120.0,325.7619907623248,0.5714285714285714,393.17783922708406,-72.44558192122835,0.0,0.0,37.0754214377838,0.5,1.5758448577561333,1.4720050016232986
613,validation,2,1,1,-120.0,39.30551454563192,-0.2857142857142857,-134.22564624684833,47.343062175741,0.0,0.0,0.0,0.5,1.5758448577561333,1.4720050016232986
614,train,1,0,0,180.0,709.7514757583922,0.0,242.562362952601,0.0,0.1,-0.20000000000000018,0.0,0.5,1.7633988868266806,0.9746148611539991
614,train,0,2,1,-120.0,-426.9955339976814,0.0,-642.4925519022187,0.0,-0.2,0.40000000000000013,0.0,0.5,1.7633988868266806,0.9746148611539991
615,train,0,2,0,60.0,67.58369459828964,0.0,477.3925775329634,-59.54601307614032,0.1,-0.4000000000000001,0.0,0.5,1.0,1.0
615,train,1,2,0,-60.0,-451.854724071256,0.0,-36.58377106289248,19.740479190274073,0.0,0.0,0.0,0.5,1.0,1.0
616,train,1,0,1,-300.0,-970.350566087377,0.13333333333333336,-622.5273352820046,37.57079936278831,0.0,0.5333333333333334,-70.1613700261766,0.5,0.5479148528567074,1.7324585608288727
616,train,2,1,0,600.0,633.0417167377709,-0.06666666666666668,275.4730264450857,-161.34703122428277,0.0,-0.26666666666666683,153.48036535012565,0.5,0.5479148528567074,1.7324585608288727
617,train,1,0,1,-480.0,-1308.3610292495387,0.0,0.0,-182.6862184824392,0.0,-0.49999999999999994,51.185873589050175,0.5,0.54408557423442,1.439561018505002
617,train,1,2,1,-900.0,-3730.9611880873763,0.0,0.0,-378.95536432250157,0.0,-0.8333333333333333,-98.17114338368339,0.5,0.54408557423442,1.439561018505002
618,train,1,0,0,120.0,-206.4982440813751,0.0,0.0,0.0,0.0,0.0,0.0,0.5,1.0,1.0
618,train,0,2,1,60.0,639.5468242463016,0.0,0.0,0.0,0.0,0.0,0.0,0.5,1.0,1.0
619,train,2,0,1,-180.0,-310.58134752724163,-0.09523809523809523,52.536597716197235,-220.81096752739265,0.14285714285714285,-0.23809523809523792,33.19235608414854,0.5,0.6004544521203402,1.7851423988881758
619,train,1,2,0,-60.0,-672.5443235707635,0.0,85.52450615971028,6.87448416842895,0.2857142857142857,-0.7142857142857143,-5.484568586758556,0.5,0.6004544521203402,1.7851423988881758
620,test,0,1,0,-120.0,-250.70551817917385,0.7999999999999999,-73.96956745592718,0.0,0.0,0.20000000000000007,6.855471141035137,0.5,0.7810477826897722,0.9980283229530246
620,test,2,1,0,-120.0,566.5370205878471,-0.5333333333333333,-256.8666430046907,0.0,0.13333333333333333,0.8000000000000002,112.71863059128509,0.5,0.7810477826897722,0.9980283229530246
621,train,0,2,0,240.0,376.8773448046675,0.0,0.0,0.0,0.0,0.0,-39.06366690695327,0.5,1.3657542962948355,0.9330395137540924
621,train,2,1,1,-60.0,-380.57279871625565,0.0,0.0,0.0,-1.3333333333333333,0.0,-63.613765134588846,0.5,1.3657542962948355,0.9330395137540924
622,train,0,1,0,-60.0,32.20515022024165,0.0,0.0,0.0,0.0,0.0,101.81827065140389,0.5,0.5524768489905743,1.2707228124403331
622,train,2,1,0,180.0,94.704059848003,0.0,0.0,0.0,0.0,0.0,80.18167534539961,0.5,0.5524768489905743,1.2707228124403331
623,train,1,0,1,120.0,-48.96131073299057,0.0,0.0,0.0,0.0,-4.0,0.0,0.5,1.0102660413040057,0.926962757164227
623,train,1,2,1,-240.0,696.204629050309,0.0,0.0,0.0,0.3333333333333333,-2.0,0.0,0.5,1.0102660413040057,0.926962757164227
624,train,1,0,1,-420.0,-1228.4091804431582,-0.8,-433.59433204138304,46.84809907527951,-0.06666666666666667,0.0,49.96359737150297,0.5,1.0,1.0
624,train,2,1,0,660.0,1986.3453558006386,0.26666666666666666,615.190705195268,-52.858476831103985,0.0,0.0,15.672212833835978,0.5,1.0,1.0
625,test,0,1,0,-60.0,597.2798000780185,0.5714285714285714,111.0627161019774,2.6029408686234774,-0.14285714285714285,2.142857142857143,88.11790861517522,0.5,0.8243801724919895,1.436818197167186
625,test,1,2,1,-60.0,-872.2145757769285,-0.5714285714285714,44.10573846664309,-56.520613782732205,0.14285714285714285,-1.6666666666666665,-142.47333155350134,0.5,0.8243801724919895,1.436818197167186
626,train,0,1,0,-360.0,-2481.9821156655908,0.0,0.0,0.0,0.0,0.0,7.98820243451263,0.5,0.9655066380306024,1.9150708868263155
626,train,2,1,0,300.0,-93.43604304911878,0.0,0.0,0.0,1.0,-0.16666666666666674,31.486433361989413,0.5,0.9655066380306024,1.9150708868263155
627,train,2,0,1,-360.0,-1713.6349582285884,-0.8,-831.8467506738102,-88.64163731291185,0.0,-0.6000000000000001,0.0,0.5,1.0,1.0
627,train,1,2,0,300.0,2039.8996337277058,1.2000000000000002,208.7117332408343,67.52105160273257,0.0,-0.5999999999999999,0.0,0.5,1.0,1.0
628,train,1,0,0,420.0,193.90469349612522,0.0,49.13008170720923,171.81853009652235,0.0,0.0,0.0,0.5,0.9687298399976912,0.5676055457998003
628,train,0,2,1,-180.0,1701.8178265690449,-0.5,321.66716140348007,-14.809770459565698,0.0,0.0,0.0,0.5,0.9687298399976912,0.5676055457998003
629,train,0,2,0,-300.0,-1192.8109493355691,0.0,0.0,0.0,0.0,0.0,0.0,0.5,1.0,1.0
629,train,1,2,0,-120.0,-167.96578904510716,0.0,0.0,0.0,0.0,0.0,0.0,0.5,1.0,1.0
630,train,0,1,0,-240.0,235.2954745916304,0.0,-106.30940791813225,240.8953587002669,0.0,0.0,173.12479201789384,0.5,0.5879624384641543,1.5690425304971656
630,train,2,1,0,-300.0,-396.84714034279114,0.0,-99.89917436436767,107.37210583033188,0.0,0.0,196.00664711038158,0.5,0.5879624384641543,1.5690425304971656
631,train,2,0,1,-60.0,-271.19067660115934,0.0,0.0,0.0,0.3,0.6,3.932955868862294,0.5,1.5351516481493772,1.0109688617787658
631,train,2,1,1,60.0,414.810667223436,0.0,0.0,0.0,0.3,0.19999999999999996,16.85278284317406,0.5,1.5351516481493772,1.0109688617787658
632,train,0,1,1,-660.0,-842.5212570510457,0.2,7.466790712660497,104.08920047969659,0.13333333333333333,0.0,-29.070716106722948,0.5,1.3906991227793593,0.6670744331799616
632,train,0,2,1,-180.0,-72.9105387571035,-0.2,-114.81041945777889,163.05909452213217,-0.06666666666666668,0.0,-17.3388353855821,0.5,1.3906991227793593,0.6670744331799616
633,train,0,1,0,60.0,514.0358931303858,0.0,0.0,61.9915138800763,0.0,0.0,-0.07182648289455074,0.5,1.0776106112913315,1.406691045830634
633,train,1,2,1,0.0,-837.6837545100511,0.0,0.0,-263.77369279040107,0.0,0.0,-34.04261396317702,0.5,1.0776106112913315,1.406691045830634
634,test,0,2,0,-180.0,-435.2801806377056,0.0,0.0,0.0,0.0,0.666666666666667,0.0,0.5,0.8269354766593996,0.6917201798204791
634,test,2,1,1,-120.0,488.26659561077395,-1.0,0.0,0.0,0.0,-2.0,0.0,0.5,0.8269354766593996,0.6917201798204791
635,train,1,0,0,-240.0,181.96988675955936,-0.06666666666666667,-63.27480574532936,0.0,0.13333333333333333,-0.20000000000000007,-33.0932738536345,0.5,1.2702255241785199,0.7908478586426441
635,train,0,2,1,-180.0,-816.983195266801,-0.06666666666666668,-325.5744826373185,0.0,0.13333333333333333,0.4000000000000001,-114.61496628379702,0.5,1.2702255241785199,0.7908478586426441
636,train,0,1,1,-60.0,-755.3555317829951,0.0,-19.72487954995418,8.02188946644231,0.0,-0.14285714285714285,-9.72612755093342,0.5,1.3544464676177557,0.5374811189348725
636,train,0,2,1,-300.0,-1535.2198487269193,-0.23809523809523808,-67.79989942154414,-9.37457645050688,-0.5714285714285714,-0.19047619047619047,-40.37465709459171,0.5,1.3544464676177557,0.5374811189348725
637,validation,1,0,0,180.0,548.0070744978561,0.0,182.86544890183347,0.0,0.0,0.6666666666666666,0.0,0.5,1.0,1.0
637,validation,2,0,0,360.0,564.3067690413181,0.0,86.3106382976141,0.0,0.0,2.0,0.0,0.5,1.0,1.0
638,validation,1,0,1,-240.0,-3106.3663855602736,0.0,0.0,0.0,0.0,0.0,0.0,0.5,1.5646418725345446,1.549968967326297
638,validation,1,2,1,-480.0,-2878.9581687123373,0.0,0.0,0.0,0.0,0.0,0.0,0.5,1.5646418725345446,1.549968967326297
639,train,1,0,1,-120.0,-29.463952430119207,0.0,0.0,0.0,0.0,0.0,0.0,0.5,1.0,1.0
639,train,2,1,0,0.0,230.77986671915005,0.0,0.0,0.0,0.0,0.0,0.0,0.5,1.0,1.0
640,validation,1,0,0,-120.0,-555.3134923887878,0.0,0.0,0.0,0.0,0.6666666666666666,-22.02718644011616,0.5,0.5147811614176403,0.5186061608270374
640,validation,2,0,0,60.0,431.1184646084298,0.0,0.0,0.0,0.0,2.0,-36.618045748056545,0.5,0.5147811614176403,0.5186061608270374
641,train,0,1,0,120.0,-815.6442343667313,0.0,161.32306293944202,-30.207857400583578,0.0,-0.06666666666666665,-54.316709981126024,0.5,1.3971422521010954,0.8327638578011437
641,train,1,2,1,-120.0,814.4554750037214,0.0,-122.88726331651753,-62.61796718128063,-0.6666666666666667,0.0,42.965767479122604,0.5,1.3971422521010954,0.8327638578011437
642,validation,1,0,0,300.0,1021.2042245697571,0.6666666666666666,0.0,0.0,0.0,2.0,0.0,0.5,1.9905890417315601,1.047926957433912
642,validation,0,2,1,-240.0,-1207.5920044491322,-0.6666666666666666,0.0,0.0,0.0,-2.0,0.0,0.5,1.9905890417315601,1.047926957433912
643,train,0,2,0,300.0,695.5929204424237,0.09523809523809523,56.07198742592638,-74.89785829146554,0.2857142857142857,0.4761904761904763,51.464262432166336,0.5,0.5544993714096977,1.071873855146559
643,train,2,1,1,-60.0,-692.0413559389385,0.0,-57.56518848794096,99.63470508526852,0.0,-0.7142857142857142,2.1167748505359505,0.5,0.5544993714096977,1.071873855146559
644,train,0,1,0,60.0,550.6773083299308,0.0,-106.94119494148703,0.0,0.5333333333333333,0.0,-51.8955484550891,0.5,1.9489247181553389,1.6453443836737154
644,train,1,2,1,60.0,-97.92878144435326,0.0,119.20146566001318,0.0,-0.26666666666666666,0.13333333333333333,-23.400186458546656,0.5,1.9489247181553389,1.6453443836737154
645,test,0,1,1,-180.0,56.91192586028819,0.0,-209.37486775636737,0.0,0.0,-1.333333333333333,0.0,0.5,1.8054932755393893,1.4552088015739417
645,test,0,2,1,-300.0,-664.7684132580689,0.0,-24.929655282126845,0.0,0.0,-2.666666666666666,0.0,0.5,1.8054932755393893,1.4552088015739417
646,train,0,1,1,360.0,-1193.8203712080349,0.047619047619047616,116.99885350600022,174.83642661906973,0.0,-0.28571428571428564,-49.772729379560346,0.5,0.8930094713868573,1.7921061474912763
646,train,0,2,1,-180.0,925.9784621774779,-0.14285714285714285,153.0038082473933,56.33959601802394,0.0,0.14285714285714285,-7.428509300296206,0.5,0.8930094713868573,1.7921061474912763
647,train,1,0,0,540.0,948.5295721259708,0.0,-1.7642343028986147,0.0,0.3,0.8,102.72923899522027,0.5,0.7169603921549046,1.615423555881987
647,train,2,0,0,-60.0,-177.48211062505925,0.0,-31.411747432368713,0.0,-0.3,0.8,125.17823974121677,0.5,0.7169603921549046,1.615423555881987
648,train,1,0,1,60.0,-403.32554709395663,-0.23809523809523808,-191.5207474775836,48.00462096567034,0.09523809523809523,0.19047619047619047,76.84660839063599,0.5,1.0,1.0
648,train,2,1,0,180.0,-377.4301201814528,-0.23809523809523808,95.37281234323234,33.309694897085535,-0.09523809523809523,-0.09523809523809523,-67.26765012059576,0.5,1.0,1.0
649,train,1,0,0,-60.0,529.6166541609746,0.0,0.0,0.0,0.0,0.0,0.0,0.5,1.0,1.0
649,train,2,0,0,-180.0,299.4896392691958,0.0,0.0,0.0,0.0,0.0,0.0,0.5,1.0,1.0
650,train,0,1,0,360.0,-166.81443665488405,0.0,0.0,0.0,0.0,0.0,0.0,0.5,1.866272096170672,0.507229769735096
650,train,2,1,0,360.0,1048.3233034715372,0.0,0.0,0.0,-1.0,0.0,0.0,0.5,1.866272096170672,0.507229769735096
651,train,0,1,0,-120.0,285.3807185634305,0.19047619047619047,140.49713833962997,-57.90538582116791,0.09523809523809523,-0.2857142857142857,147.5773195567284,0.5,1.3691284294475208,1.2267890783121453
651,train,2,1,0,-180.0,-594.359415629945,0.09523809523809523,108.45757393182882,-78.69078335408398,0.0,0.0,74.31785147724861,0.5,1.3691284294475208,1.2267890783121453
652,train,0,2,0,-180.0,-187.33579642048971,0.0,0.0,0.0,0.0,0.0,0.0,0.5,1.4886463292379448,1.7356722431681804
652,train,1,2,0,0.0,-318.1195775672122,0.6666666666666666,0.0,0.0,0.3333333333333333,0.0,0.0,0.5,1.4886463292379448,1.7356722431681804
653,validation,2,0,1,-660.0,-485.4225181681968,0.0,-5.945882873066395,15.341436739082013,0.0,0.0,0.0,0.5,1.3342453945924027,0.9000200332569652
653,validation,2,1,1,-120.0,-70.21938308085555,0.0,-159.9999991282407,-74.2656813125256,0.0,0.2999999999999998,0.0,0.5,1.3342453945924027,0.9000200332569652
654,train,0,1,0,60.0,106.59451457523346,0.0,0.0,50.24908261185228,0.3333333333333333,0.0,-23.08154179956891,0.5,0.9536540538707946,1.8742522266692212
654,train,1,2,1,-60.0,5.431680734612655,0.0,0.0,-165.5815386899035,0.0,0.0,13.32060066154471,0.5,0.9536540538707946,1.8742522266692212
655,train,0,2,0,-120.0,-1310.8305412912946,0.0,0.0,-21.195001723543832,0.0,0.0,0.0,0.5,1.026150739042899,0.8239524576936003
655,train,1,2,0,60.0,-548.1729243532236,0.6666666666666666,0.0,129.62432731126842,0.0,0.0,0.0,0.5,1.026150739042899,0.8239524576936003
656,train,1,0,0,180.0,1197.5904403759182,0.0,-167.35599184551165,134.06150068108218,0.0,0.0,0.0,0.5,1.0,1.0
656,train,0,2,1,-300.0,-1572.703853331103,0.0,-604.6455839270129,-222.1189056353992,0.0,0.0,0.0,0.5,1.0,1.0
657,train,0,2,0,540.0,882.4897274149589,0.0,0.0,0.0,0.0,0.0,0.0,0.5,0.7330292486175953,1.49738631592616
657,train,1,2,0,300.0,-36.312826599169966,0.0,0.0,0.0,0.0,0.0,0.0,0.5,0.7330292486175953,1.49738631592616
658,train,0,1,1,-180.0,-538.3931242983299,0.0,8.27663626454654,-154.83276814656102,0.0,-0.7999999999999998,-60.8989427099045,0.5,0.7969642710313655,0.5835700472153567
658,train,2,0,0,-120.0,195.57036554011665,1.0,-150.26757114207942,14.614656513485329,0.0,-0.40000000000000013,34.610811154117556,0.5,0.7969642710313655,0.5835700472153567
659,train,1,0,0,720.0,2721.3433991557276,0.0,0.0,0.0,0.0,0.0,0.0,0.5,1.0,1.0
659,train,2,0,0,0.0,2447.7440308793366,0.0,0.0,0.0,0.0,0.0,0.0,0.5,1.0,1.0
660,train,1,0,1,60.0,-3473.963004861216,-0.6666666666666666,0.0,0.0,0.0,-2.0,-332.2975335921012,0.5,0.6121130551513949,1.1701630155730287
660,train,2,1,0,180.0,2243.5678971786747,0.3333333333333333,0.0,0.0,0.0,0.5,0.0,0.5,0.6121130551513949,1.1701630155730287
661,train,1,0,1,0.0,581.8397659605021,0.0,0.0,0.0,0.0,0.0,0.0,0.5,1.0,1.0
661,train,2,1,0,0.0,-541.9263288208172,0.0,0.0,0.0,0.0,0.0,0.0,0.5,1.0,1.0
662,test,1,0,0,-60.0,-530.3277614337776,0.0,84.44697396465313,-20.194426555981558,0.14285714285714285,-0.19047619047619047,-7.729237567650557,0.5,0.950005786314411,1.6785956256200256
662,test,2,0,0,360.0,401.25907869810726,0.5714285714285714,-650.5208074054558,-48.67332848556497,0.2857142857142857,0.3809523809523807,-71.87158280220217,0.5,0.950005786314411,1.6785956256200256
663,train,2,0,1,0.0,1424.9521029089992,0.0,0.0,0.0,0.0,0.0,0.0,0.5,1.0,1.0
663,train,1,2,0,660.0,-310.5969292049667,0.0,0.0,0.0,0.0,0.0,0.0,0.5,1.0,1.0
664,test,0,2,0,120.0,1051.7069596203073,0.5333333333333334,-73.377543152811,76.26169527277942,0.3333333333333333,0.0,0.3407523140980331,0.5,1.074927284951529,0.7799163032125269
664,test,2,1,1,60.0,-646.9438951216207,-0.5333333333333334,-44.89224683517381,-6.995001498830618,-0.3333333333333333,0.0,-16.12488757590124,0.5,1.074927284951529,0.7799163032125269
665,train,0,1,0,-180.0,-600.0365042490043,0.0,250.99005456801808,0.0,0.5,-0.16666666666666674,0.0,0.5,0.7722823277159373,0.8964704584013509
665,train,2,1,0,-180.0,-1166.2424644118337,0.0,38.154558836631736,0.0,0.5,-0.33333333333333337,0.0,0.5,0.7722823277159373,0.8964704584013509
666,train,0,2,0,120.0,-535.1526603190155,0.0,0.0,197.4255642861736,0.3333333333333333,0.0,0.0,0.5,0.6278070794320517,1.0737623698108714
666,train,1,2,0,360.0,-10.47142806210195,0.0,0.0,381.5451708817078,0.3333333333333333,0.0,0.0,0.5,0.6278070794320517,1.0737623698108714
667,train,1,0,1,-180.0,-780.6309843962872,-1.3333333333333333,-539.5407063472514,0.0,0.0,0.0,0.0,0.5,1.0,1.0
667,train,2,1,0,-60.0,-1032.2437799027866,0.3333333333333333,485.19669466222695,0.0,0.0,0.0,0.0,0.5,1.0,1.0
668,train,0,1,0,240.0,78.43717131838457,0.0,66.42251743439743,120.51337664956873,0.0,0.0,0.0,0.5,1.8442343523692346,1.7488444280428004
668,train,2,1,0,360.0,1232.7255489467288,0.0,-134.92527671922937,834.0336857759594,0.0,0.0,0.0,0.5,1.8442343523692346,1.7488444280428004
669,train,1,0,1,1020.0,2462.24117789756,-0.5,504.13581315954036,-545.7651632811536,0.0,0.0,0.0,0.5,0.6744751022112083,0.5443415805699025
669,train,1,2,1,-300.0,561.6514921274174,-1.0,391.3549888884529,-544.5747194727121,0.0,0.0,0.0,0.5,0.6744751022112083,0.5443415805699025
670,train,0,1,1,-60.0,257.7477639475442,-1.0,0.0,-86.20358642069937,0.0,-1.3333333333333333,0.0,0.5,1.0982735080936628,0.699376128934308
670,train,0,2,1,-60.0,-985.9679728969268,0.0,0.0,-192.66073655000042,0.0,-0.6666666666666667,0.0,0.5,1.0982735080936628,0.699376128934308
671,train,2,0,1,-180.0,-2196.5393346393867,0.0,-1250.0232277198706,-34.15187941107098,0.0,-0.6000000000000001,0.0,0.5,1.0,1.0
671,train,2,1,1,0.0,-1080.377776092586,-0.1,-946.427283795141,124.20755953943026,0.0,-0.8,0.0,0.5,1.0,1.0
672,train,0,2,0,900.0,2681.3988617004266,0.0,0.0,428.15721298633935,0.0,2.6666666666666665,0.0,0.5,0.7693162121261877,1.3386765578124376
672,train,1,2,0,60.0,541.5456689899297,0.0,0.0,140.8991935118747,0.0,1.3333333333333335,0.0,0.5,0.7693162121261877,1.3386765578124376
673,validation,1,0,1,-180.0,-478.70468752742545,-0.5333333333333333,-251.9986887885239,-4.372160974034884,-0.2,-0.33333333333333337,0.0,0.5,1.0,1.0
673,validation,1,2,1,0.0,-5.522820657405646,-0.26666666666666666,-200.77755002733926,-27.690439337977384,-0.4,-0.13333333333333333,0.0,0.5,1.0,1.0
674,train,0,1,1,-900.0,-614.6608294551233,0.0,0.0,0.0,0.0,0.0,0.0,0.5,1.0,1.0
674,train,0,2,1,120.0,860.3997336617012,0.0,0.0,0.0,0.0,0.0,0.0,0.5,1.0,1.0
675,train,0,1,1,-180.0,162.1425648851755,0.0,-63.825012709435555,0.0,0.0,-0.33333333333333304,-173.1139594743079,0.5,0.8753301724294962,0.8194767831891647
675,train,0,2,1,-300.0,-1714.0917296729367,0.0,-118.42626616984984,0.0,0.0,1.0,-267.47073404549025,0.5,0.8753301724294962,0.8194767831891647
676,validation,0,1,1,660.0,-399.2536567934367,0.0,-128.61034820167254,203.42470362281045,-0.6000000000000001,-1.1999999999999997,0.0,0.5,1.7139858687132294,1.996589084982188
676,validation,0,2,1,60.0,-2539.5548281562687,0.0,-178.69545299923396,-3.3370339951468395,-0.2,-2.7,0.0,0.5,1.7139858687132294,1.996589084982188
677,train,1,0,1,60.0,23.163448579103488,0.0,0.0,0.0,0.0,0.0,-23.198664468393332,0.5,0.5487499207885923,1.398075691531199
677,train,2,1,0,0.0,144.2348114788997,0.0,0.0,0.0,0.0,0.0,172.7175326677558,0.5,0.5487499207885923,1.398075691531199
678,train,0,1,1,240.0,-613.7735510137127,0.0,12.418202524269446,-16.70547462206862,0.0,-0.2857142857142857,-64.23460601446016,0.5,0.5697520884805276,1.837949790390148
678,train,0,2,1,180.0,289.79443873860646,0.047619047619047616,-218.9910549872917,0.79198422158764,-0.19047619047619047,0.09523809523809523,-71.61353828094289,0.5,0.5697520884805276,1.837949790390148
679,train,1,0,0,480.0,861.6857303902962,0.0,0.0,0.0,0.0,0.0,0.0,0.5,1.0,1.0
679,train,2,0,0,420.0,-340.9197104624318,0.0,0.0,0.0,0.0,0.0,0.0,0.5,1.0,1.0
680,train,0,2,0,0.0,402.0001368663575,0.0,0.0,3.3188705473160356,-0.13333333333333333,1.0,47.83478593563858,0.5,1.1207714038516134,0.5403023980866231
680,train,1,2,0,-60.0,-44.79179505036427,-0.2,0.0,5.231347156614832,-0.13333333333333333,1.0,-38.59615029501906,0.5,1.1207714038516134,0.5403023980866231
681,train,2,0,1,0.0,-2656.552161489548,-2.0,-94.98005578781445,-122.08775284125701,-0.2666666666666667,0.0,94.15746809123397,0.5,1.6859235029858406,1.889992154904918
681,train,1,2,0,180.0,1863.8434865748177,0.3333333333333333,142.15013354717757,219.75678775134182,0.0,0.0,14.42825981490006,0.5,1.6859235029858406,1.889992154904918
682,test,1,0,0,300.0,278.59988708953733,0.0,0.0,0.0,0.0,0.0,0.0,0.5,1.0,1.0
682,test,2,0,0,60.0,183.0693086782794,0.0,0.0,0.0,0.0,0.0,0.0,0.5,1.0,1.0
683,validation,0,1,1,180.0,1427.8478460960896,0.0,0.0,0.0,-2.0,0.0,0.0,0.5,0.5048444554356789,0.5287519330627822
683,validation,0,2,1,420.0,867.526579804191,0.0,0.0,0.0,-1.0,0.0,0.0,0.5,0.5048444554356789,0.5287519330627822
684,train,0,1,0,480.0,-804.727698562991,0.0,0.0,0.0,0.6000000000000001,-0.3999999999999999,-45.46716995632383,0.5,1.083051514377116,0.7191038358497736
684,train,1,2,1,-420.0,512.7819521688743,-0.3,0.0,0.0,-0.6000000000000001,-1.6,47.49544024194293,0.5,1.083051514377116,0.7191038358497736
685,train,0,1,0,0.0,-155.13736125753985,0.47619047619047616,157.98107496718444,32.512842777098285,0.0,0.09523809523809523,-12.173824189443314,0.5,1.0,1.0
685,train,2,1,0,-180.0,-107.61173505281795,0.0,218.6897008259518,28.57826845161732,0.19047619047619047,0.14285714285714285,11.1317395920246,0.5,1.0,1.0
686,test,1,0,1,120.0,-127.2583904983544,0.0,0.0,0.0,0.0,0.0,-121.15049794071808,0.5,0.7388562410098436,1.81601904070778
686,test,2,1,0,-120.0,-462.78031186612816,0.0,0.0,0.0,0.0,0.0,44.50313750320304,0.5,0.7388562410098436,1.81601904070778
687,test,1,0,1,0.0,-931.270640872608,-0.5999999999999999,0.0,-35.92393583991577,-0.1,0.0,0.0,0.5,1.2496328028337724,0.5135735140347273
687,test,2,1,0,60.0,1675.4930297758156,0.0,0.0,208.90962427078887,0.0,0.0,0.0,0.5,1.2496328028337724,0.5135735140347273
688,train,1,0,0,-240.0,-1044.3011342084696,0.0,0.0,0.0,0.0,0.0,0.0,0.5,1.0,1.0
688,train,2,0,0,-60.0,623.7334991869502,0.0,0.0,0.0,0.0,0.0,0.0,0.5,1.0,1.0
689,test,0,1,1,0.0,-801.8793612595491,0.0,38.64366143151949,-2.785788597744073,-0.3,0.0,0.0,0.5,0.5899915148590827,0.5826686387559219
689,test,0,2,1,-120.0,-835.1434578206045,0.0,35.67061376514482,-7.683859227384744,-0.3,0.40000000000000013,0.0,0.5,0.5899915148590827,0.5826686387559219
690,train,1,0,1,540.0,2292.258723983741,0.0,0.0,-250.83290063601152,0.0,0.9999999999999999,-129.94746287539115,0.5,0.6305417262588956,1.0245814175813952
690,train,2,1,0,-540.0,-3260.432267242568,0.0,0.0,43.68104723567515,0.0,-0.16666666666666652,74.30813732202803,0.5,0.6305417262588956,1.0245814175813952
691,test,0,1,0,540.0,428.34625064037846,0.19047619047619047,-1.3076376264616272,202.99816747501072,0.0,-1.0,4.714632908814149,0.5,1.6808512683003698,0.8654963058103062
691,test,1,2,1,0.0,915.6348853239683,0.38095238095238093,-17.45155406342772,-170.8263260409077,-0.2857142857142857,1.1428571428571428,17.106538549070972,0.5,1.6808512683003698,0.8654963058103062
692,test,0,1,1,-240.0,671.1739382158084,0.0,0.0,0.0,0.0,0.0,0.0,0.5,1.0,1.0
692,test,2,0,0,60.0,205.54284114270376,0.0,0.0,0.0,0.0,0.0,0.0,0.5,1.0,1.0
693,train,1,0,1,-660.0,-710.3129163753601,0.0,0.0,-234.54671576732468,0.2,-1.6666666666666665,-65.79351642378282,0.5,1.0985456597606478,1.544701873063162
693,train,2,1,0,-180.0,94.00719925554586,0.0,0.0,120.51658165118866,-0.2,1.0,0.0,0.5,1.0985456597606478,1.544701873063162
694,train,1,0,0,120.0,558.2173524022073,0.5333333333333333,19.06161465427884,192.04721428459038,1.0,0.0,12.62580977228825,0.5,0.8174494712619105,0.9347547827556818
694,train,2,0,0,420.0,1003.2207487202459,0.26666666666666666,28.456369082828886,89.2118870557375,0.3333333333333333,0.0,-2.0588708163353004,0.5,0.8174494712619105,0.9347547827556818
695,train,2,0,1,60.0,-63.242320078466946,0.2,0.0,-192.6887490971346,0.0,1.1999999999999997,0.0,0.5,0.7505569644966957,0.5369406533906744
695,train,1,2,0,480.0,1217.345972879073,-0.2,0.0,93.95825791039496,-0.1,-0.2999999999999998,0.0,0.5,0.7505569644966957,0.5369406533906744
696,train,2,0,1,-240.0,-435.0472413689249,0.0,0.0,0.0,-1.0,0.0,0.0,0.5,0.5624285774390712,1.2401907617699468
696,train,2,1,1,-360.0,-3268.951219412469,0.0,0.0,0.0,-2.0,0.0,0.0,0.5,0.5624285774390712,1.2401907617699468
697,test,0,2,0,0.0,381.9134220958081,0.0,0.0,0.0,0.0,0.0,0.0,0.5,1.0,1.0
697,test,1,2,0,180.0,1026.8712047768104,0.0,0.0,0.0,0.0,0.0,0.0,0.5,1.0,1.0
698,train,1,0,1,180.0,289.66559460227745,0.0,0.0,0.0,0.0,0.0,0.0,0.5,1.0,1.0
698,train,2,1,0,300.0,607.3517132937868,0.0,0.0,0.0,0.0,0.0,0.0,0.5,1.0,1.0
699,train,0,2,0,60.0,1033.4391321604166,0.0,0.0,0.0,-0.6666666666666666,0.0,9.777980233083952,0.5,0.5961706692449258,1.135954063011816
699,train,1,2,0,180.0,933.3208758525784,0.0,0.0,0.0,-0.3333333333333333,0.0,-66.92756097247062,0.5,0.5961706692449258,1.135954063011816
700,train,1,0,0,-240.0,523.4265175745445,0.0,115.60053921468628,-71.2470109013287,0.0,0.0,29.036272749560354,0.5,1.3030168978603203,1.3325005647792536
700,train,2,0,0,-120.0,190.5164955295627,-0.09523809523809523,-24.317765076619196,-45.6548987538416,0.047619047619047616,0.0,80.58505764685833,0.5,1.3030168978603203,1.3325005647792536
701,train,1,0,0,0.0,357.871700235185,-0.2857142857142857,-103.85473350852794,194.65229443385226,0.5714285714285714,0.2857142857142857,50.58183510134543,0.5,1.1070971733842525,1.0072700428933568
701,train,0,2,1,-180.0,-482.28548889549256,-0.2857142857142857,55.47062147656885,-172.5996690974804,-0.38095238095238093,-0.19047619047619047,-11.417519606424506,0.5,1.1070971733842525,1.0072700428933568
702,validation,1,0,1,-720.0,-1654.099191430806,0.0,0.0,0.0,-3.0,0.0,0.0,0.5,0.7001737391991693,0.9418957488328439
702,validation,1,2,1,-420.0,388.8394961522017,0.0,0.0,0.0,-1.0,0.0,0.0,0.5,0.7001737391991693,0.9418957488328439
703,test,1,0,1,0.0,103.23122356000022,-0.047619047619047616,-92.12813810056642,-50.858789990956396,-0.2857142857142857,0.0,97.10534746274011,0.5,0.8574129164198054,0.672619140183565
703,test,1,2,1,60.0,807.7802195430727,-0.09523809523809523,-119.76612938307645,-26.244865552947743,0.0,0.2857142857142857,93.41949907427187,0.5,0.8574129164198054,0.672619140183565
704,validation,0,1,1,300.0,1096.3195862118328,0.0,0.0,0.0,0.0,0.0,0.0,0.5,1.0,1.0
704,validation,0,2,1,0.0,-1127.3638745024273,0.0,0.0,0.0,0.0,0.0,0.0,0.5,1.0,1.0
705,train,1,0,1,-180.0,56.3383226746937,-0.5714285714285714,67.51678670361031,-56.099144715191585,0.23809523809523808,-0.14285714285714285,13.578810435368304,0.5,0.5772858155338352,1.0371866900063083
705,train,2,1,0,-300.0,-211.83013346167445,0.5714285714285714,31.436289460070725,9.287607204350138,0.0,0.09523809523809523,-47.532700429540064,0.5,0.5772858155338352,1.0371866900063083
706,train,2,0,1,240.0,-328.803598478029,-0.4285714285714285,-450.8650041895962,-16.47346067255307,0.0,-0.19047619047619047,91.43696463463624,0.5,1.0,1.0
706,train,2,1,1,-240.0,-312.72793855518194,-0.14285714285714285,218.42911839920617,-59.129889663822766,0.0,-0.09523809523809523,-86.82526797010809,0.5,1.0,1.0
707,train,0,2,0,-180.0,272.78378936195077,0.0,0.0,0.0,0.0,0.0,0.0,0.5,1.0,1.0
707,train,2,1,1,-180.0,-822.5215782405194,0.0,0.0,0.0,0.0,0.0,0.0,0.5,1.0,1.0
708,test,1,0,1,-60.0,-366.575031699153,0.0,50.69251274848227,-174.33752176961056,0.09523809523809523,-0.2857142857142857,7.860092791217183,0.5,1.8993719629871484,1.2492515399701365
708,test,1,2,1,-420.0,-1041.107218437859,0.14285714285714285,-79.60634640105098,-81.72563647503364,0.0,-1.1428571428571428,-2.015282295939545,0.5,1.8993719629871484,1.2492515399701365
709,train,1,0,0,60.0,449.8015316058618,0.0,337.0245159047192,0.0,0.0,0.0,256.4150107866116,0.5,1.2495916450503814,0.5628913054207623
709,train,0,2,1,-240.0,-1191.387187075221,0.0,-196.251172064039,0.0,0.0,0.0,-549.9926190070166,0.5,1.2495916450503814,0.5628913054207623
710,train,0,1,1,120.0,1421.2193667644415,0.0,0.0,0.0,-0.6666666666666666,-1.9999999999999998,0.0,0.5,1.4615317132642156,1.8200881475975768
710,train,0,2,1,-300.0,1268.0275164048371,0.0,0.0,0.0,-1.3333333333333333,-0.33333333333333326,0.0,0.5,1.4615317132642156,1.8200881475975768
711,train,1,0,0,60.0,128.164784127649,0.0,0.0,0.0,0.0,0.0,511.382055794304,0.5,1.0868138640586347,0.9182968357816952
711,train,2,0,0,300.0,-1153.5341167150773,0.0,0.0,0.0,0.0,0.0,287.135760404711,0.5,1.0868138640586347,0.9182968357816952
712,train,0,2,0,0.0,86.31474906444464,0.0,0.0,0.0,0.0,0.0,47.38515282486543,0.5,1.2767173078411458,0.5653276690526555
712,train,1,2,0,-60.0,369.44961618585967,0.0,0.0,0.0,0.0,-1.3333333333333333,28.027940632061316,0.5,1.2767173078411458,0.5653276690526555
713,train,1,0,0,420.0,2145.6594120788013,0.0,0.0,0.0,0.0,0.0,0.0,0.5,1.0,1.0
713,train,2,0,0,840.0,2281.4858649008183,0.0,0.0,0.0,0.0,0.0,0.0,0.5,1.0,1.0
714,validation,1,0,0,60.0,1748.897560636064,-0.6666666666666666,0.0,0.0,0.0,0.0,136.7017433599527,0.5,1.7717828401459628,1.0366254231905105
714,validation,2,0,0,-120.0,530.8592385726174,1.3333333333333335,0.0,0.0,0.0,0.0,45.2790740216152,0.5,1.7717828401459628,1.0366254231905105
715,test,2,0,1,60.0,527.8436463324169,0.0,0.0,0.0,0.0,0.0,0.0,0.5,1.0,1.0
715,test,1,2,0,60.0,8.655043763372305,0.0,0.0,0.0,0.0,0.0,0.0,0.5,1.0,1.0
716,train,0,2,0,540.0,160.49331554289893,0.5,33.79091280842363,0.0,0.0,0.0,0.0,0.5,1.2295808306478564,0.9320027916814615
716,train,2,1,1,60.0,423.9386264463792,1.0,300.5347874445679,0.0,-1.3333333333333333,0.0,0.0,0.5,1.2295808306478564,0.9320027916814615
717,train,1,0,1,180.0,331.89568429402243,-0.3333333333333333,0.0,0.0,0.0,0.0,0.0,0.5,1.0802047988708638,0.6838832664351083
717,train,1,2,1,480.0,721.2594421308559,-1.0,0.0,0.0,-0.6666666666666666,0.0,0.0,0.5,1.0802047988708638,0.6838832664351083
718,test,0,1,1,0.0,-1148.6511885426198,0.0,-324.3741269956481,48.830274727208355,0.0,-0.26666666666666666,0.0,0.5,1.0648678250335237,1.6026124955086807
718,test,0,2,1,-180.0,-1950.0880772856117,-0.3333333333333333,-23.86488493533915,69.85991216049992,-0.2,0.0,0.0,0.5,1.0648678250335237,1.6026124955086807
719,train,0,1,1,-60.0,0.0,0.0,0.0,0.0,0.0,0.0,-45.440141982526626,0.5,1.5457367275323302,0.7477733297594428
719,train,0,2,1,-120.0,-246.6475928839211,0.0,0.0,0.0,0.0,0.0,-2.61745852756205,0.5,1.5457367275323302,0.7477733297594428
720,test,2,0,1,-240.0,-819.4027708645467,-0.09523809523809523,-246.43539035528397,4.85966853511146,0.0,-0.4285714285714285,4.382746193300585,0.5,0.5658835100464814,0.5551784775642823
720,test,2,1,1,0.0,251.34396959573814,0.0,155.12817353267462,-58.85251884438977,-0.2857142857142857,-0.2857142857142857,-5.338879187762336,0.5,0.5658835100464814,0.5551784775642823
721,train,0,1,1,-120.0,-515.0852172619825,0.0,-42.49052827948652,-8.700843015775561,0.0,-0.8571428571428571,0.0,0.5,0.9983786348653209,1.0456902095152125
721,train,2,0,0,120.0,237.39608384565554,0.0,22.880362868600763,-17.123453395912318,0.14285714285714285,0.2857142857142857,69.4781110567925,0.5,0.9983786348653209,1.0456902095152125
722,train,0,1,0,180.0,1680.8052658034903,0.0,0.0,0.0,0.0,0.0,514.3524996949506,0.5,0.7833458264586328,0.7263083668450526
722,train,2,1,0,360.0,914.4219209166195,0.0,0.0,0.0,0.0,0.0,620.005507905232,0.5,0.7833458264586328,0.7263083668450526
723,train,1,0,0,0.0,-2108.042771100825,0.0,0.0,0.0,0.0,1.6666666666666665,0.0,0.5,1.0902072519464485,1.2600376996311045
723,train,2,0,0,720.0,-828.484946613451,0.0,0.0,0.0,0.6666666666666667,2.3333333333333335,0.0,0.5,1.0902072519464485,1.2600376996311045
724,train,1,0,0,-60.0,673.1736074021605,0.0,0.0,0.0,0.3333333333333333,0.0,0.0,0.5,1.934892650938828,1.7035468490405647
724,train,2,0,0,-120.0,663.022739546931,0.6666666666666666,0.0,0.0,0.0,0.0,0.0,0.5,1.934892650938828,1.7035468490405647
725,train,0,1,1,-840.0,-1208.1061701537947,0.0,0.0,0.0,0.0,1.0,0.0,0.5,0.8145157262827155,1.6793298742682192
725,train,2,0,0,840.0,1152.8243575624383,0.0,0.0,0.0,0.0,1.0,0.0,0.5,0.8145157262827155,1.6793298742682192
726,train,2,0,1,-60.0,-15.872835803777434,0.0,0.0,0.0,0.0,0.0,-90.90199861311461,0.5,1.1402959105781352,1.6026707454220996
726,train,2,1,1,60.0,274.19775993515077,0.6666666666666666,0.0,0.0,0.0,0.0,11.26463088837098,0.5,1.1402959105781352,1.6026707454220996
727,test,2,0,1,60.0,-1365.8191000197376,0.4,-62.67431322014028,-58.411595973764946,0.0,0.0,47.22756091947872,0.5,0.8835361251480117,0.8809908557600296
727,test,1,2,0,420.0,777.4931185877667,-0.8,257.84570750475535,-47.643660908782515,0.0,0.0,-47.53011313958518,0.5,0.8835361251480117,0.8809908557600296
728,test,2,0,1,-540.0,-761.2432626673435,0.0,-59.85093172363088,-49.28802593967103,0.0,0.1333333333333333,14.281972257273225,0.5,1.0,1.0
728,test,1,2,0,180.0,-621.3659520419355,0.0,-92.06078287432081,68.0883096238006,0.4,0.06666666666666671,6.54773113339958,0.5,1.0,1.0
729,train,1,0,1,360.0,895.8555216612986,-0.9523809523809523,-81.8228963352011,25.739916280327378,-0.2857142857142857,0.38095238095238093,27.49634325686022,0.5,0.5665560855842364,1.8889890578064277
729,train,1,2,1,60.0,1569.8544901527412,-0.47619047619047616,21.355858893545737,89.15698490015077,-0.2857142857142857,-0.19047619047619047,30.138157648280668,0.5,0.5665560855842364,1.8889890578064277
730,validation,0,2,0,60.0,1601.3487123791547,0.38095238095238093,87.64370705687006,89.47057567798798,-0.19047619047619047,0.7142857142857144,39.63481840023556,0.5,1.1852504278268177,1.4706440426193077
730,validation,2,1,1,300.0,331.37976318748133,0.0,-4.157314204197718,-10.50415042514281,-0.19047619047619047,0.23809523809523814,-77.08349826664158,0.5,1.1852504278268177,1.4706440426193077
731,train,1,0,0,60.0,122.01340102225822,0.0,91.33607508539325,0.0,0.0,1.0,43.93892435860383,0.5,1.8151565184438685,1.026251031756314
731,train,0,2,1,-300.0,-342.5728026348256,0.0,-312.0250576554963,0.0,0.0,0.5,-63.98469915871371,0.5,1.8151565184438685,1.026251031756314
732,train,0,2,0,60.0,556.1773331228474,-0.047619047619047616,44.565584936112884,-47.08356321147648,0.2857142857142857,0.5714285714285714,1.1715244191957517,0.5,1.9076552571616108,1.0846776983372857
732,train,2,1,1,120.0,443.5444305848614,-0.047619047619047616,159.05014779834067,-84.82001143469984,-0.2857142857142857,-0.7142857142857142,16.078974826897948,0.5,1.9076552571616108,1.0846776983372857
733,train,1,0,1,-60.0,136.9929619689119,0.0,0.0,0.0,0.0,0.0,0.0,0.5,1.0,1.0
733,train,1,2,1,-540.0,72.50725365871494,0.0,0.0,0.0,0.0,0.0,0.0,0.5,1.0,1.0
734,train,1,0,0,-60.0,51.02195766204477,-0.06666666666666667,429.6204284732302,-85.20331573430045,0.0,0.6000000000000001,0.0,0.5,1.0,1.0
734,train,0,2,1,-60.0,-939.8953409718943,-0.33333333333333337,-402.50910961165636,21.654621207485206,0.0,-0.19999999999999996,0.0,0.5,1.0,1.0
735,validation,0,2,0,-120.0,3014.259744089579,0.0,0.0,0.0,0.5999999999999999,1.6,52.96054509745451,0.5,1.9496588689759227,1.1212420834140373
735,validation,2,1,1,-240.0,-1790.1481057220226,0.4000000000000001,0.0,0.0,-0.5999999999999999,-0.7999999999999998,-86.26221306853972,0.5,1.9496588689759227,1.1212420834140373
736,train,2,0,1,60.0,816.1189264971517,0.0,0.0,0.0,0.0,0.0,0.0,0.5,1.0,1.0
736,train,2,1,1,120.0,816.1189264971517,0.0,0.0,0.0,0.0,0.0,0.0,0.5,1.0,1.0
737,validation,0,1,0,300.0,572.8237396377058,-0.19047619047619047,63.342011688668556,-29.42269720990548,0.0,-0.7142857142857143,43.68970649344877,0.5,1.156473443100647,1.1784841925027947
737,validation,1,2,1,-180.0,489.72613751826793,0.38095238095238093,10.370702742454114,129.80925280914227,-0.47619047619047616,0.5714285714285714,-93.1737820723747,0.5,1.156473443100647,1.1784841925027947
738,train,1,0,0,300.0,761.3594623394424,-0.6666666666666666,0.0,0.0,0.0,0.0,0.0,0.5,1.4229882368844522,0.8541836734603473
738,train,2,0,0,0.0,1088.9030187199874,0.0,0.0,0.0,0.3333333333333333,0.0,0.0,0.5,1.4229882368844522,0.8541836734603473
739,train,0,1,0,240.0,0.0,0.0,0.0,-77.84176939639619,0.0,2.0,0.0,0.5,0.5123571955984355,1.2566127754419274
739,train,1,2,1,0.0,-284.5668641388861,0.0,0.0,-83.9757474647262,0.0,-1.3333333333333333,0.0,0.5,0.5123571955984355,1.2566127754419274
740,test,2,0,1,-240.0,-696.451636691053,0.0,0.0,60.3926136288452,0.0,0.0,0.0,0.5,0.6871852859265676,0.6472991902949972
740,test,2,1,1,-420.0,-770.231644128236,0.0,0.0,43.07141614199372,0.0,0.0,0.0,0.5,0.6871852859265676,0.6472991902949972
741,train,1,0,0,180.0,374.9017444553933,0.5,244.2391124517968,0.0,0.0,0.0,-27.908977724285723,0.5,0.8779890286842549,1.137347336655848
741,train,0,2,1,-120.0,-503.75487619124215,0.0,-101.31570177453062,0.0,0.0,0.0,-20.960308389208887,0.5,0.8779890286842549,1.137347336655848
742,validation,1,0,1,-60.0,-1741.7638929454788,-0.3333333333333333,0.0,0.0,0.0,-4.0,20.629259287931973,0.5,1.5004618228739817,0.587962554953269
742,validation,1,2,1,-240.0,-1153.2117569989796,-1.3333333333333333,0.0,0.0,0.0,-5.0,87.6142627548647,0.5,1.5004618228739817,0.587962554953269
743,train,0,1,1,-480.0,-774.5902758865045,0.0,-261.15983170413506,0.0,0.0,0.0,-59.611780943000475,0.5,1.0,1.0
743,train,2,0,0,180.0,342.71639033273095,0.0,517.7873635583946,0.0,0.0,0.16666666666666666,74.75826878533638,0.5,1.0,1.0
744,train,1,0,0,0.0,-185.9441655189712,0.0,42.9850775627242,0.0,0.0,0.0,0.0,0.5,1.0,1.0
744,train,0,2,1,60.0,689.8018092753741,0.0,183.72033152457487,0.0,0.0,0.0,0.0,0.5,1.0,1.0
745,train,0,1,0,-300.0,1438.6251367480527,0.0,0.0,419.89574852679766,0.0,0.0,0.0,0.5,1.9759920691862798,1.665171653301262
745,train,1,2,1,-360.0,-1577.6971107025965,0.0,0.0,-1182.0970718284145,0.0,0.0,0.0,0.5,1.9759920691862798,1.665171653301262
746,test,1,0,0,-120.0,674.5184030524078,0.0,0.0,0.0,0.0,0.0,0.0,0.5,1.0,1.0
746,test,2,0,0,-60.0,636.0178656008857,0.0,0.0,0.0,0.0,0.0,0.0,0.5,1.0,1.0
747,train,0,1,1,-60.0,-906.720666849722,-1.0,0.0,0.0,0.0,0.0,0.0,0.5,1.333091231828284,0.9287041331270703
747,train,0,2,1,0.0,-702.7740752509399,-3.0,0.0,0.0,0.0,0.0,0.0,0.5,1.333091231828284,0.9287041331270703
748,test,0,1,1,-300.0,-4959.711566610261,0.0,0.0,0.0,0.0,0.0,0.0,0.5,1.0,1.0
748,test,0,2,1,-180.0,-2595.9261572802743,0.0,0.0,0.0,0.0,0.0,0.0,0.5,1.0,1.0
749,train,2,0,1,240.0,1910.0503314989946,-0.1,0.0,0.0,-0.2,-3.2,126.54916631903097,0.5,1.286013479558951,0.7906425444231189
749,train,1,2,0,-120.0,335.5633407268897,0.30000000000000004,0.0,0.0,0.4,0.3999999999999999,-97.61268903923352,0.5,1.286013479558951,0.7906425444231189
750,train,2,0,1,-180.0,-270.4416517944519,0.0,-402.1334720103844,0.0,0.0,-4.0,0.0,0.5,0.7983188478992871,0.7552408120729079
750,train,1,2,0,-60.0,19.831046746260654,0.0,1.4197876881546563,0.0,0.0,2.666666666666666,0.0,0.5,0.7983188478992871,0.7552408120729079
751,test,1,0,1,-240.0,-1325.4976226342042,-0.2857142857142857,-527.5285252890051,-296.02507024307374,0.047619047619047616,-0.7142857142857143,-26.184917384725384,0.5,1.0,1.0
751,test,2,1,0,60.0,746.9285461831478,0.0,-39.53173288780525,81.42087016188174,-0.09523809523809523,0.7142857142857143,66.7012902257491,0.5,1.0,1.0
752,test,0,2,0,-360.0,-222.72196137038645,0.0,0.0,371.4367961538046,0.0,-0.6666666666666667,0.0,0.5,1.2929029503937002,1.8099180416046836
752,test,2,1,1,180.0,-57.62083009644721,0.0,0.0,-697.9209218187317,0.0,0.6666666666666667,0.0,0.5,1.2929029503937002,1.8099180416046836
753,train,1,0,0,180.0,-72.46945166438309,0.0,0.0,0.0,0.0,0.0,33.266740635015424,0.5,0.7463013260935109,1.5040062799555591
753,train,0,2,1,-120.0,-205.54496780391173,0.0,0.0,0.0,0.0,0.0,28.140636061541898,0.5,0.7463013260935109,1.5040062799555591
754,train,1,0,0,180.0,1194.8075753664048,0.0,0.0,0.0,0.0,0.0,0.0,0.5,1.0,1.0
754,train,0,2,1,-60.0,-338.49999935369533,0.0,0.0,0.0,0.0,0.0,0.0,0.5,1.0,1.0
755,validation,2,0,1,60.0,-1099.5800636146769,-1.3333333333333333,-258.7873094996733,-43.153738968420456,0.14285714285714285,-0.2857142857142858,60.631998759752555,0.5,0.6038977275197334,0.8389855752935238
755,validation,1,2,0,-60.0,918.9870229339158,-0.19047619047619047,1.7670065790983358,-40.41397606160996,0.2857142857142857,0.0,-27.78854252753311,0.5,0.6038977275197334,0.8389855752935238
756,train,0,1,0,120.0,343.88611021400357,0.0,563.527605470848,1.179684232937035,0.0,0.0,34.57875335652291,0.5,1.0,1.0
756,train,1,2,1,-60.0,-157.35965896137077,0.0,117.91141266756176,24.743936979761656,0.0,0.0,-45.0048672885943,0.5,1.0,1.0
757,train,2,0,1,-240.0,339.18626383253877,0.0,-74.54453240442315,-0.5414285806371879,0.3,-0.8,0.0,0.5,1.2606748532938616,0.5109341953498528
757,train,2,1,1,60.0,29.49738299052933,0.0,35.092194551862455,-168.01974690272107,-0.3,-1.0000000000000002,0.0,0.5,1.2606748532938616,0.5109341953498528
758,test,1,0,1,-360.0,-334.41271981746377,0.0,-134.44742916094341,-301.7644535775524,0.0,-0.30000000000000027,58.1070787849344,0.5,0.7778357872282017,1.1628512432229143
758,test,1,2,1,-360.0,-507.5628750713131,0.0,-17.807939663697724,-230.39749590237582,0.0,0.8999999999999999,-45.1858072846959,0.5,0.7778357872282017,1.1628512432229143
759,test,1,0,1,-180.0,1065.6612240385657,0.0,0.0,0.0,0.0,0.0,0.0,0.5,1.0,1.0
759,test,1,2,1,-60.0,1231.45878028288,0.0,0.0,0.0,0.0,0.0,0.0,0.5,1.0,1.0
760,train,0,1,1,60.0,692.0093216309924,0.0,-243.9970459188845,0.0,0.0,1.0,0.0,0.5,0.553916636883075,1.8139086214310693
760,train,0,2,1,-60.0,570.6183008383141,0.16666666666666666,-292.28070042280115,0.0,0.0,0.5,0.0,0.5,0.553916636883075,1.8139086214310693
761,train,0,1,0,0.0,-1144.5817980845377,0.0,0.0,0.0,0.0,0.0,0.0,0.5,1.0,1.0
761,train,2,1,0,60.0,-1893.4486652018977,0.0,0.0,0.0,0.0,0.0,0.0,0.5,1.0,1.0
762,test,0,1,0,-180.0,-1074.983238670764,0.0,0.0,0.0,0.0,2.0,0.0,0.5,0.8485340687443198,1.7685313852842242
762,test,2,1,0,-240.0,-1144.502160988156,0.0,0.0,0.0,0.0,5.0,0.0,0.5,0.8485340687443198,1.7685313852842242
763,train,1,0,1,-540.0,-1365.7562107726399,0.0,0.0,-363.93321750560636,0.0,-5.333333333333333,0.0,0.5,0.8014606270797978,0.7334018780524877
763,train,2,1,0,360.0,1911.4695785815939,0.0,0.0,135.53084739869,0.0,0.666666666666667,0.0,0.5,0.8014606270797978,0.7334018780524877
764,train,0,2,0,-60.0,-627.6894712472422,0.0,0.0,185.07631510073315,0.0,0.0,0.0,0.5,0.7475725759230867,0.5597769622019658
764,train,1,2,0,-240.0,-960.8855456740002,0.0,0.0,570.2508794948085,0.0,0.0,0.0,0.5,0.7475725759230867,0.5597769622019658
765,test,2,0,1,-60.0,78.89053915578143,-0.2,-225.31206560988477,0.0,0.0,-0.3999999999999999,0.0,0.5,1.50352147940865,1.5301583031407473
765,test,1,2,0,-60.0,-388.4963856448894,0.2,49.222463421752025,0.0,0.0,0.3999999999999999,0.0,0.5,1.50352147940865,1.5301583031407473
766,train,0,2,0,180.0,681.141243630188,0.1,48.0462567829058,0.0,1.2000000000000002,0.5999999999999999,0.0,0.5,1.1088983732292645,1.5435837945418203
766,train,2,1,1,-300.0,-763.9310092548026,0.0,-276.22302792506855,0.0,0.0,-0.3,0.0,0.5,1.1088983732292645,1.5435837945418203
767,train,1,0,0,-120.0,-141.27056767586078,0.0,-28.653467782984734,0.0,0.0,0.0,1.7477921455732925,0.5,0.9023156840741886,1.066812426716957
767,train,0,2,1,120.0,103.31374425248555,0.0,98.71319366575926,0.0,0.0,0.0,-30.430561840432368,0.5,0.9023156840741886,1.066812426716957
768,train,1,0,1,-480.0,-1430.3667104146157,-1.0,-83.0785600528153,-58.19700053751089,0.0,-0.19999999999999998,-28.32005138316572,0.5,1.0,1.0
768,train,1,2,1,-180.0,-1577.1140646217386,-0.4,-256.96265036487233,-38.12482174127666,0.0,-0.13333333333333333,-3.6656319835704636,0.5,1.0,1.0
769,train,0,1,0,120.0,867.4163628548231,0.0,0.0,0.0,0.0,0.0,0.0,0.5,1.0,1.0
769,train,1,2,1,0.0,-207.29387489025703,0.0,0.0,0.0,0.0,0.0,0.0,0.5,1.0,1.0
770,train,2,0,1,0.0,693.1313328673523,0.0,48.31629705754813,-57.22687791876018,0.0,-0.19047619047619047,8.383088160094054,0.5,1.0,1.0
770,train,2,1,1,-60.0,-502.702304428969,0.0,-108.63896124341005,-13.044306342208284,0.2857142857142857,-0.9523809523809523,-63.26743068744508,0.5,1.0,1.0
771,train,0,1,1,-60.0,-814.1168492631491,-0.2666666666666667,0.0,-4.041664145686433,-0.13333333333333333,-0.3999999999999999,92.42009725574384,0.5,0.6822267159091255,1.7657967318691443
771,train,2,0,0,60.0,748.839193664599,-0.26666666666666666,0.0,18.169094381149883,0.0,0.3999999999999999,-64.29458633782568,0.5,0.6822267159091255,1.7657967318691443
772,train,1,0,1,120.0,968.8683327137242,0.0,0.0,0.0,0.0,0.0,0.0,0.5,1.0,1.0
772,train,2,1,0,360.0,-868.4838250388666,0.0,0.0,0.0,0.0,0.0,0.0,0.5,1.0,1.0
773,train,0,1,0,-540.0,101.13925441593346,0.6666666666666666,0.0,0.0,-0.6666666666666667,0.0,0.0,0.5,0.5848250292914201,1.0062308168606662
773,train,2,1,0,-420.0,570.167362235461,2.0,0.0,0.0,-0.33333333333333337,0.0,0.0,0.5,0.5848250292914201,1.0062308168606662
774,train,2,0,1,-60.0,392.4783400060801,0.0,-387.05915481641705,0.0,0.0,0.3333333333333333,0.0,0.5,1.0,1.0
774,train,2,1,1,120.0,97.88685305571289,0.0,-548.5911853395058,0.0,0.16666666666666666,-1.3333333333333333,0.0,0.5,1.0,1.0
775,train,0,1,1,-480.0,1253.8473520067237,-0.2,0.0,4.79364478373266,0.0,-2.4000000000000004,-48.34783608483065,0.5,0.5805080441657618,0.6101713536834078
775,train,0,2,1,0.0,1242.1782386044088,0.0,0.0,14.128111353269034,0.0,-1.6,-27.439429773260144,0.5,0.5805080441657618,0.6101713536834078
776,train,2,0,1,120.0,143.40572866598086,-0.3333333333333333,0.0,0.0,0.3333333333333333,0.0,0.0,0.5,0.9953029089106473,1.1062416704167448
776,train,1,2,0,540.0,109.32970791599928,1.0,0.0,0.0,0.0,3.0,0.0,0.5,0.9953029089106473,1.1062416704167448
777,validation,2,0,1,180.0,-204.60511922270598,0.0,0.0,0.0,0.0,0.0,0.0,0.5,1.0,1.0
777,validation,2,1,1,0.0,-420.92225508202137,0.0,0.0,0.0,0.0,0.0,0.0,0.5,1.0,1.0
778,train,2,0,1,-360.0,-1244.0994397656254,0.0,14.404301818817281,-5.988198485932514,0.0,-0.6666666666666667,61.3408956748149,0.5,1.518661553095352,0.9361929163797102
778,train,2,1,1,-960.0,-2046.6432283030358,-0.26666666666666666,-80.08229549281458,1.2165933129316215,0.0,-0.5333333333333333,61.3408956748149,0.5,1.518661553095352,0.9361929163797102
779,train,0,1,0,120.0,161.77802663841703,0.4,0.0,250.22543596656345,0.0,0.4,-26.269308593120684,0.5,0.5713399543746877,1.013361534059867
779,train,1,2,1,0.0,384.00945742206477,-0.2,0.0,-110.68342142643083,0.26666666666666666,-0.13333333333333333,5.004118865196343,0.5,0.5713399543746877,1.013361534059867
780,train,0,1,1,60.0,168.5300071598781,0.0,0.0,0.0,0.0,0.0,0.0,0.5,1.582620679026339,1.5656533746643642
780,train,2,0,0,120.0,139.52700332491895,0.0,0.0,0.0,0.0,0.0,0.0,0.5,1.582620679026339,1.5656533746643642
781,train,1,0,1,0.0,-644.2440301513266,0.0,0.0,0.0,0.0,0.0,0.0,0.5,1.0,1.0
781,train,2,1,0,-60.0,-467.3611262252293,0.0,0.0,0.0,0.0,0.0,0.0,0.5,1.0,1.0
782,train,2,0,1,-240.0,85.48639009451881,0.0,0.0,0.0,-0.5,0.3333333333333335,0.0,0.5,1.2677340992566979,0.7282204449254451
782,train,1,2,0,240.0,87.57150732078617,0.33333333333333337,0.0,0.0,0.0,-0.6666666666666667,0.0,0.5,1.2677340992566979,0.7282204449254451
783,train,1,0,1,120.0,215.44643525144238,0.0,0.0,0.0,0.0,0.0,0.0,0.5,1.0,1.0
783,train,1,2,1,-180.0,1054.8993625316089,0.0,0.0,0.0,0.0,0.0,0.0,0.5,1.0,1.0
784,validation,0,2,0,600.0,481.1089325708126,0.0,-47.47234302014351,0.0,0.0,0.0,0.0,0.5,1.0,1.0
784,validation,2,1,1,180.0,81.05224424208336,0.0,-234.68291132215268,0.0,0.0,0.0,0.0,0.5,1.0,1.0
785,train,0,2,0,540.0,674.4017969850702,0.0,0.0,0.0,0.0,0.0,499.75326503271856,0.5,1.8444318604832615,0.9036556471162145
785,train,1,2,0,60.0,-1416.5223329655664,0.0,0.0,0.0,0.0,0.0,615.1358524400574,0.5,1.8444318604832615,0.9036556471162145
786,train,1,0,1,-120.0,-1473.4031280808213,0.0,0.0,0.0,0.0,0.0,0.0,0.5,1.0,1.0
786,train,1,2,1,180.0,-986.1013150747322,0.0,0.0,0.0,0.0,0.0,0.0,0.5,1.0,1.0
787,test,0,2,0,60.0,977.8052694214102,0.0,116.83447390149031,0.0,-0.4,0.9,0.0,0.5,1.7350752222580552,1.7254382997274618
787,test,2,1,1,180.0,-1672.4331427544048,-0.4,-146.2188887222399,0.0,0.2,-1.1999999999999997,0.0,0.5,1.7350752222580552,1.7254382997274618
788,train,1,0,0,780.0,1648.649177068629,0.0,0.0,0.0,0.0,0.0,0.0,0.5,1.0,1.0
788,train,0,2,1,60.0,336.31262219340806,0.0,0.0,0.0,0.0,0.0,0.0,0.5,1.0,1.0
789,train,0,1,1,-240.0,-1063.9215195404454,0.0,-178.0909645358881,0.0,0.2,-0.3333333333333333,-32.26015907654089,0.5,1.7659584497266199,1.7273545205743857
789,train,0,2,1,-60.0,-319.9157020894263,-0.3333333333333333,39.257685297708946,0.0,0.2,-0.2,-65.36862768169586,0.5,1.7659584497266199,1.7273545205743857
790,train,1,0,0,180.0,1310.5905990590572,0.0,0.0,0.0,0.0,0.0,0.0,0.5,1.0,1.0
790,train,2,0,0,1260.0,2067.3152496991515,0.0,0.0,0.0,0.0,0.0,0.0,0.5,1.0,1.0
791,train,1,0,0,300.0,34.482799898709345,0.0,0.0,0.0,0.0,0.0,0.0,0.5,1.0,1.0
791,train,2,0,0,120.0,254.19988705193555,0.0,0.0,0.0,0.0,0.0,0.0,0.5,1.0,1.0
792,test,1,0,0,-240.0,-868.9166054405778,0.0,0.0,0.0,0.0,0.0,0.0,0.5,0.792256033041224,0.6725999590621927
792,test,0,2,1,480.0,320.72927603309836,0.6666666666666666,0.0,0.0,0.0,0.0,-191.9236210006498,0.5,0.792256033041224,0.6725999590621927
793,test,1,0,0,180.0,321.5367275282415,0.6,0.0,99.12863045968663,0.0,0.3999999999999999,0.0,0.5,1.543313979532922,1.852492244398298
793,test,0,2,1,-240.0,112.75545702788895,0.0,0.0,19.41351520708319,0.0,-0.8000000000000003,0.0,0.5,1.543313979532922,1.852492244398298
794,train,2,0,1,0.0,-1080.2142773582118,0.0,0.0,0.0,0.0,0.0,-136.38717425970913,0.5,0.9937044051782552,1.0049290960866346
794,train,1,2,0,-60.0,1360.6861459736028,0.0,0.0,0.0,-0.6666666666666666,0.0,345.0464113369176,0.5,0.9937044051782552,1.0049290960866346
795,train,1,0,0,-60.0,1349.9093126207854,0.0,0.0,0.0,0.0,0.0,0.0,0.5,1.0,1.0
795,train,0,2,1,-240.0,264.8493230096374,0.0,0.0,0.0,0.0,0.0,0.0,0.5,1.0,1.0
796,train,1,0,1,-360.0,-1616.6829601439567,0.3333333333333333,-201.44945361524674,-339.32755357837544,0.0,0.5333333333333332,-6.095149989503817,0.5,0.5107473769006868,0.8988313885674437
796,train,2,1,0,60.0,636.8302345915963,-0.26666666666666666,288.2737334368506,-16.821395432434002,0.0,-1.6,65.48536038238977,0.5,0.5107473769006868,0.8988313885674437
797,validation,0,1,0,60.0,636.024072741212,0.0,0.0,0.0,0.0,0.0,0.0,0.5,1.0,1.0
797,validation,2,1,0,120.0,543.0605291774809,0.0,0.0,0.0,0.0,0.0,0.0,0.5,1.0,1.0
798,test,1,0,0,-60.0,324.5621800601971,0.0,0.0,0.0,0.0,0.0,-58.598360346401975,0.5,1.6589008196765593,1.890101581207622
798,test,0,2,1,0.0,454.8116481240886,0.0,0.0,0.0,0.0,0.0,-144.04873738013464,0.5,1.6589008196765593,1.890101581207622
799,validation,1,0,1,-120.0,-408.3331700975932,-0.5714285714285714,-182.9100458525454,-46.683606704526206,-0.2857142857142857,0.19047619047619047,-16.856710831621914,0.5,0.5385741463991927,1.2277528943393485
799,validation,1,2,1,-180.0,-856.3798447926538,-0.38095238095238093,-191.71113475174695,-33.857866046721206,0.0,0.09523809523809523,7.8931810291828395,0.5,0.5385741463991927,1.2277528943393485
800,test,0,2,0,-180.0,-386.8597639435957,0.0,0.0,245.02837600005773,0.0,0.0,0.0,0.5,1.1858899869203132,1.209984751363841
800,test,2,1,1,0.0,219.16159819593304,0.0,0.0,-454.29276213384884,0.0,0.0,0.0,0.5,1.1858899869203132,1.209984751363841
801,test,1,0,1,600.0,613.2752785179573,0.0,0.0,0.0,0.0,0.0,0.0,0.5,1.0,1.0
801,test,2,1,0,-420.0,960.0321156530317,0.0,0.0,0.0,0.0,0.0,0.0,0.5,1.0,1.0
802,train,0,1,1,480.0,1207.6550037630632,-0.3,0.0,0.0,0.0,-0.6,-92.07853277020737,0.5,1.2939418450439786,1.586882672661059
802,train,2,0,0,-300.0,-738.5169256605272,0.0,0.0,0.0,-0.1,1.2000000000000002,103.95309774825269,0.5,1.2939418450439786,1.586882672661059
803,train,0,1,1,-120.0,-1036.5482475406584,0.0,0.0,-1192.3407162565027,0.0,0.0,0.0,0.5,1.0794730831017953,0.5064872417188305
803,train,2,0,0,720.0,154.55707291801582,0.0,0.0,146.9628304721208,0.0,0.0,0.0,0.5,1.0794730831017953,0.5064872417188305
804,train,2,0,1,-840.0,-26.23448640758852,0.0,0.0,-101.38079124122186,0.0,0.0,-129.69597689899996,0.5,1.0909798698148345,1.4374375461927025
804,train,1,2,0,120.0,616.2523902730245,0.0,0.0,27.918690412695412,0.0,0.0,206.36538989457574,0.5,1.0909798698148345,1.4374375461927025
805,train,0,2,0,1080.0,1998.0723995972694,0.0,0.0,478.8450892388117,0.19999999999999998,0.5333333333333332,-31.215927739953315,0.5,1.1702469154572273,0.9078211759684194
805,train,1,2,0,-60.0,-2099.992548568216,0.0,0.0,130.0434945471498,0.0,0.7999999999999998,-47.84624983015759,0.5,1.1702469154572273,0.9078211759684194
806,test,2,0,1,-240.0,-1647.3412798521613,0.0,-263.53698423164536,-361.35952280797574,-0.2,0.0,63.29009402345371,0.5,0.5787091154550998,1.6334770549135522
806,test,1,2,0,240.0,81.21973090711253,0.3333333333333333,-139.89410076400358,440.8140894249085,0.06666666666666667,0.0,79.68355903693208,0.5,0.5787091154550998,1.6334770549135522
807,train,0,2,0,-60.0,-313.71111004022623,0.8999999999999999,0.0,-81.7697150389171,0.2,0.19999999999999996,0.0,0.5,0.5125204943223419,0.9367481140315925
807,train,1,2,0,0.0,676.5905456965161,0.6,0.0,431.3714992995273,0.0,0.3999999999999999,0.0,0.5,0.5125204943223419,0.9367481140315925
808,train,0,1,1,-60.0,-526.6210217195066,0.0,0.0,0.0,0.0,0.0,0.0,0.5,1.0,1.0
808,train,2,0,0,-240.0,-31.95533321804487,0.0,0.0,0.0,0.0,0.0,0.0,0.5,1.0,1.0
809,train,0,1,0,120.0,-139.5767974076516,0.0,0.0,0.0,0.0,0.0,0.0,0.5,1.0,1.0
809,train,2,1,0,60.0,-149.664491272365,0.0,0.0,0.0,0.0,0.0,0.0,0.5,1.0,1.0
810,validation,2,0,1,-300.0,-161.85407276838487,0.0,63.21884494779147,0.0,0.0,0.09999999999999998,0.0,0.5,0.6633549233777079,0.7625258102536443
810,validation,1,2,0,660.0,1024.501490675245,0.2,-276.9439433060463,0.0,0.8000000000000002,-0.30000000000000004,0.0,0.5,0.6633549233777079,0.7625258102536443
811,train,1,0,1,-180.0,-41.3578879593324,0.0,0.0,0.0,0.0,0.0,0.0,0.5,1.916392960954197,1.737204301685453
811,train,1,2,1,-300.0,-390.5891600423788,0.3333333333333333,0.0,0.0,0.0,0.0,0.0,0.5,1.916392960954197,1.737204301685453
812,train,0,2,0,180.0,1258.5295322559023,-0.6666666666666667,0.0,-6.554155848642964,0.5,0.0,0.0,0.5,1.0586386789892155,0.609668052491253
812,train,1,2,0,60.0,625.3310833865949,-0.33333333333333337,0.0,87.01241769097695,0.0,0.0,0.0,0.5,1.0586386789892155,0.609668052491253
813,train,1,0,1,-360.0,-235.26460035287255,0.0,-17.598394486121705,-75.90824991015288,0.0,0.0,23.47321181505594,0.5,0.504270459717898,1.9334816723938046
813,train,2,1,0,0.0,254.5695726231529,0.0,5.4837170523432235,-35.4478460917301,0.3,0.0,-20.540332197857943,0.5,0.504270459717898,1.9334816723938046
814,train,0,1,0,-300.0,-132.76140166378627,0.0,0.0,0.0,0.0,0.0,0.0,0.5,1.0,1.0
814,train,2,1,0,0.0,2356.2084926913512,0.0,0.0,0.0,0.0,0.0,0.0,0.5,1.0,1.0
815,validation,1,0,1,-360.0,451.67365139499816,0.0,0.0,0.0,0.0,0.0,0.0,0.5,1.0,1.0
815,validation,1,2,1,-480.0,1644.5856617199206,0.0,0.0,0.0,0.0,0.0,0.0,0.5,1.0,1.0
816,train,2,0,1,-60.0,-456.15013351146445,0.0,0.0,109.74390407595641,0.0,0.0,-121.476852401922,0.5,0.9303904354712889,0.6306098662288737
816,train,2,1,1,60.0,-118.04699516652045,0.0,0.0,115.73476581931988,0.0,0.0,-218.3895737474996,0.5,0.9303904354712889,0.6306098662288737
817,train,2,0,1,360.0,725.0348883833758,0.19047619047619047,-0.5266172758206835,-148.9409591843285,-0.047619047619047616,0.0,-31.290049766257066,0.5,1.0,1.0
817,train,2,1,1,360.0,587.2763694151777,-0.19047619047619047,193.4182956496267,-32.12976471256631,0.0,-0.14285714285714285,-22.150607793480326,0.5,1.0,1.0
818,train,1,0,0,120.0,1091.9168033143642,-0.1,0.0,88.4559570589087,0.0,2.4000000000000004,47.381358910916695,0.5,1.6165095264926959,1.5740345367545308
818,train,2,0,0,180.0,1521.3049815330496,0.0,0.0,148.72555586706858,0.0,0.8,162.85295284481865,0.5,1.6165095264926959,1.5740345367545308
819,train,0,1,1,-960.0,-4504.839438317593,0.0,-1079.1859188394058,-584.8362756498927,0.0,0.0,0.0,0.5,1.4474246002874838,0.7006205489897148
819,train,2,0,0,180.0,2016.379358891456,0.0,-549.3962057217265,1212.993959748988,0.0,0.0,0.0,0.5,1.4474246002874838,0.7006205489897148
820,test,2,0,1,0.0,-415.34062413189804,-0.33333333333333337,-901.4416768979527,0.0,0.0,0.0,71.50507501871651,0.5,1.0,1.0
820,test,2,1,1,-300.0,-1195.881441638663,0.0,-568.4307669082776,0.0,0.0,0.0,-161.0079800948135,0.5,1.0,1.0
821,train,0,1,0,-240.0,-1045.4231771726163,0.0,-631.1023988116034,0.0,0.6666666666666666,0.0,0.0,0.5,1.0,1.0
821,train,1,2,1,120.0,-22.041545197733285,0.0,684.6485808881114,0.0,-1.3333333333333333,0.3333333333333333,0.0,0.5,1.0,1.0
822,test,1,0,1,240.0,582.6434392150986,-1.0,0.0,0.0,0.0,0.0,0.0,0.5,1.0631187125124792,0.9908941101554288
822,test,2,1,0,-180.0,417.19270296395143,0.0,0.0,0.0,0.0,0.0,0.0,0.5,1.0631187125124792,0.9908941101554288
823,train,2,0,1,-180.0,-662.9151176596024,0.0,-95.12935467362422,-0.08039732016683132,0.0,0.6666666666666667,0.0,0.5,1.0,1.0
823,train,1,2,0,120.0,377.98214673984967,0.0,327.3269695958265,35.02047648100673,0.06666666666666667,-0.1333333333333333,52.16501681604637,0.5,1.0,1.0
824,train,2,0,1,-60.0,207.5287207725287,0.0,69.75703512716507,-146.5085837468257,0.23809523809523808,0.38095238095238093,-14.323791098403596,0.5,0.6681741522072716,1.4918448003876614
824,train,1,2,0,60.0,722.1781669846296,0.42857142857142855,182.14573941604726,132.82841475139548,0.0,0.38095238095238093,2.7525544563557602,0.5,0.6681741522072716,1.4918448003876614
825,train,1,0,1,-240.0,-782.5290411051719,0.0,0.0,0.0,0.0,0.0,0.0,0.5,1.0,1.0
825,train,2,1,0,180.0,1893.0258787490193,0.0,0.0,0.0,0.0,0.0,0.0,0.5,1.0,1.0
826,train,1,0,0,60.0,592.2257232622196,0.0,-160.74328270399707,20.205088688325844,0.0,0.8,98.49785481620452,0.5,1.7381265028856436,0.7327463687083503
826,train,2,0,0,-180.0,371.91855223449465,-0.13333333333333333,-37.628297164585604,-75.39630906212989,0.0,0.5333333333333334,34.115505364867445,0.5,1.7381265028856436,0.7327463687083503
827,train,1,0,1,-480.0,-1066.7405223389414,0.0,257.9313930035462,-224.758027455459,0.0,0.0,-62.919294506495945,0.5,1.0,1.0
827,train,1,2,1,-480.0,-545.8979119838286,0.0,382.7388116692507,-59.452256406467825,0.0,0.0,-26.8526388871693,0.5,1.0,1.0
828,train,0,1,1,-720.0,99.16469489085102,0.0,0.0,0.0,0.0,0.0,0.0,0.5,1.0,1.0
828,train,2,0,0,180.0,392.58464827924945,0.0,0.0,0.0,0.0,0.0,0.0,0.5,1.0,1.0
829,train,2,0,1,-240.0,-124.42246443878639,0.0,-32.848141504526154,15.569335305685229,0.0,0.0,0.0,0.5,1.3981028295530766,1.1483981665200325
829,train,2,1,1,0.0,82.67808163069185,-0.8999999999999999,-31.067798725104637,-24.360047011545632,0.0,0.0,0.0,0.5,1.3981028295530766,1.1483981665200325
830,train,1,0,0,0.0,391.4084936801105,0.0,0.0,0.0,0.0,0.0,0.0,0.5,1.0,1.0
830,train,2,0,0,240.0,582.9487056577932,0.0,0.0,0.0,0.0,0.0,0.0,0.5,1.0,1.0
831,train,0,1,0,0.0,-216.9196212003328,0.19047619047619047,11.371442480215137,20.223132600562366,0.2857142857142857,0.0,-25.115817075816064,0.5,0.8149364375724466,1.07999201950674
831,train,1,2,1,60.0,286.292889543261,-0.38095238095238093,39.56328597780505,-1.210204053760707,-0.5714285714285714,0.7142857142857142,28.869668011216014,0.5,0.8149364375724466,1.07999201950674
832,train,2,0,1,-60.0,199.7016440080365,0.23809523809523808,110.32345354698265,7.085679288973664,0.2857142857142857,0.19047619047619047,-55.817701226095494,0.5,1.1886234204298887,0.9227126827047879
832,train,1,2,0,0.0,-491.3098180045813,0.0,-100.37605381711626,15.906453409112748,0.0,-0.09523809523809523,60.47588794054961,0.5,1.1886234204298887,0.9227126827047879
833,train,2,0,1,-180.0,134.22303938336654,-0.14285714285714285,-79.41224167937597,28.689197117663717,0.14285714285714285,-0.2857142857142857,-37.40387921263553,0.5,0.803604805645188,0.9847013040403968
833,train,2,1,1,0.0,-308.5092519778832,-0.047619047619047616,-14.047686749352806,-52.803908724858914,0.0,-0.38095238095238093,-40.967329773097504,0.5,0.803604805645188,0.9847013040403968
834,test,2,0,1,-180.0,-5.170011985892415,-0.6666666666666666,156.62512493243366,0.0,0.0,0.0,-27.875575770762836,0.5,1.0,1.0
834,test,2,1,1,-240.0,-1116.434894138174,-0.6666666666666666,-219.8652007206896,0.0,0.0,0.0,-18.848785149663243,0.5,1.0,1.0
835,train,1,0,1,-180.0,40.909440712645846,0.2,-83.72108236419214,-545.6953915348348,-0.26666666666666666,0.0,19.32796920148796,0.5,0.8288405458088031,0.9148287173243679
835,train,2,1,0,300.0,-70.12763236240426,0.4000000000000001,-56.79625080336835,156.7505621631298,0.0,0.0,-32.7107850515658,0.5,0.8288405458088031,0.9148287173243679
836,validation,0,2,0,0.0,765.3679960239806,0.06666666666666667,50.42255522503524,0.0,0.26666666666666666,1.0,-0.76572796233134,0.5,1.6524329816200778,1.2642490850339585
836,validation,2,1,1,-660.0,-1024.536059553242,0.06666666666666667,53.34655956883495,0.0,0.26666666666666666,-1.3333333333333333,21.98131493134053,0.5,1.6524329816200778,1.2642490850339585
837,train,0,1,0,540.0,786.0250600511836,0.5714285714285714,87.69248790211435,-4.667176043154683,0.19047619047619047,-0.4761904761904763,-18.338877444002996,0.5,1.9108286846836586,1.0502431760995623
837,train,1,2,1,60.0,274.1060673591728,-0.5714285714285714,133.82863744374419,27.785374575524553,0.0,-0.47619047619047605,-26.013168074311594,0.5,1.9108286846836586,1.0502431760995623
838,train,1,0,1,-420.0,-1097.0317610356115,-2.0,-265.70454809540627,0.0,0.0,0.0,0.0,0.5,1.8292461679497962,1.1590045664898831
838,train,2,1,0,-60.0,-651.6870648542181,1.3333333333333333,282.6766974047797,0.0,0.0,0.0,0.0,0.5,1.8292461679497962,1.1590045664898831
839,train,2,0,1,-360.0,-716.5047812654134,0.0,-5.541269870781434,-192.97930289398712,-0.2,0.4,0.0,0.5,1.0,1.0
839,train,2,1,1,-420.0,-887.9803983877596,0.0,322.34913123785697,-73.17923027845501,0.0,0.29999999999999993,0.0,0.5,1.0,1.0
840,train,1,0,0,-180.0,142.15429467098056,0.0,0.0,0.0,0.3333333333333333,0.0,269.9298997841755,0.5,1.5594113933756053,1.0349620205194687
840,train,0,2,1,120.0,150.79738632018007,0.0,0.0,0.0,-0.3333333333333333,0.0,-310.28641829875625,0.5,1.5594113933756053,1.0349620205194687
841,train,0,1,0,240.0,1148.8500224071026,0.0,-22.43802096005487,0.0,0.4,2.4,2.6995318536401314,0.5,1.051921540736832,0.966008884365494
841,train,1,2,1,-120.0,-1549.9870821153577,0.0,22.889554736909417,0.0,-0.4,-3.0,-5.545161260722857,0.5,1.051921540736832,0.966008884365494
842,train,2,0,1,60.0,291.41255389400885,0.0,0.0,0.0,0.0,0.16666666666666663,-37.632195731238355,0.5,0.7378491197445843,0.5437680259553773
842,train,1,2,0,600.0,692.8646447705914,0.0,0.0,0.0,0.0,0.8333333333333334,46.65470191626969,0.5,0.7378491197445843,0.5437680259553773
843,test,1,0,0,-60.0,88.81746350400044,0.0,0.0,144.4290541376178,0.1,0.0,89.96884035935457,0.5,0.7243796117225533,1.416837260202468
843,test,2,0,0,120.0,2093.6245448589125,0.3,0.0,202.69179829361264,0.1,0.0,136.0862126020384,0.5,0.7243796117225533,1.416837260202468
844,validation,1,0,1,0.0,371.30344931437,0.0,0.0,0.0,-0.3333333333333333,0.0,-38.69616640067619,0.5,1.503321051544415,0.9847918234179573
844,validation,1,2,1,-60.0,-108.20629998551885,0.0,0.0,0.0,0.0,0.0,-62.357721581963204,0.5,1.503321051544415,0.9847918234179573
845,train,0,1,1,-480.0,-405.40611716693184,0.0,0.0,0.0,0.0,0.0,0.0,0.5,1.0,1.0
845,train,0,2,1,-660.0,-1958.870404448765,0.0,0.0,0.0,0.0,0.0,0.0,0.5,1.0,1.0
846,validation,2,0,1,120.0,-875.6606059925184,0.0,0.0,0.0,0.0,-1.5,-167.2517079021819,0.5,0.5233758243539187,1.615689716964061
846,validation,2,1,1,0.0,-676.3352231042331,0.0,0.0,0.0,0.0,-0.3,-110.82645271885946,0.5,0.5233758243539187,1.615689716964061
847,train,1,0,0,180.0,360.2852574003241,0.0,0.0,212.67729296776443,0.0,0.0,0.0,0.5,0.909798300243424,1.0262740665166104
847,train,0,2,1,-300.0,-1086.6371655291332,0.0,0.0,-55.286912757744766,0.0,0.0,-334.142481274151,0.5,0.909798300243424,1.0262740665166104
848,train,0,1,0,120.0,1499.3613943560931,0.6666666666666666,0.0,-4.776634713646558,0.0,0.0,70.60914150417807,0.5,0.9472289378706858,0.5196189209022453
848,train,2,1,0,180.0,1294.8276279213524,0.3333333333333333,0.0,127.80669690394298,0.0,0.0,304.2492919441049,0.5,0.9472289378706858,0.5196189209022453
849,train,2,0,1,-600.0,359.72497177771675,0.0,-92.98870593176616,0.0,0.0,0.0,-320.748170741285,0.5,0.603223383316513,1.0676577112158576
849,train,1,2,0,0.0,-670.4699158348117,0.0,-418.09995710495815,0.0,0.0,0.0,242.5300156195351,0.5,0.603223383316513,1.0676577112158576
850,train,0,1,1,60.0,16.256373122117566,0.0,0.0,0.0,-1.0,0.0,0.0,0.5,0.8848435353526062,0.5716508271827261
850,train,0,2,1,0.0,-550.8873978305214,0.0,0.0,0.0,-1.0,0.0,0.0,0.5,0.8848435353526062,0.5716508271827261
851,train,0,1,1,300.0,-1095.072072160352,0.0,0.0,26.105168000598944,0.26666666666666666,-1.0666666666666667,-63.99711412633529,0.5,1.7634704055440233,0.7205107429053363
851,train,0,2,1,60.0,-1087.6150302638207,0.0,0.0,1.5233496898811794,0.13333333333333333,-1.5999999999999999,-23.075344745601527,0.5,1.7634704055440233,0.7205107429053363
852,train,1,0,0,-240.0,1336.2152548590802,0.3,289.4959827496142,140.65565296815535,0.0,1.2000000000000006,0.0,0.5,0.959540975291841,1.3108555010282605
852,train,0,2,1,60.0,-962.6932922337965,0.3,-168.3826749845242,-46.05118988129829,0.0,0.0,0.0,0.5,0.959540975291841,1.3108555010282605
853,train,0,1,0,-240.0,-2031.8380597170508,-0.19047619047619047,-105.44749568216561,84.48970874475992,-0.14285714285714285,-0.47619047619047605,-95.74789815790999,0.5,0.5824369617895994,0.5430355170410771
853,train,1,2,1,-420.0,264.9402678128263,0.0,60.975812883350756,-116.69838015998408,0.0,0.23809523809523814,173.42622079973896,0.5,0.5824369617895994,0.5430355170410771
854,validation,0,2,0,-300.0,-422.8525703622813,0.0,0.0,0.0,0.6666666666666666,0.0,-30.107342746404754,0.5,0.865204753541489,1.2808752325397468
854,validation,1,2,0,60.0,897.9956836867577,0.0,0.0,0.0,0.3333333333333333,0.0,51.956943646005186,0.5,0.865204753541489,1.2808752325397468
855,train,1,0,1,-180.0,-1841.711864299892,0.0,-1460.1638316712322,0.0,0.0,0.0,-59.65906341501163,0.5,1.0,1.0
855,train,1,2,1,-240.0,-1972.065016704535,0.0,-1830.1630889614778,0.0,0.0,0.0,-321.5853302331836,0.5,1.0,1.0
856,train,1,0,0,0.0,-318.4239515006334,0.0,0.0,0.0,0.0,2.0,0.0,0.5,1.5201051846170204,0.7599040497231024
856,train,0,2,1,-120.0,-1847.1433266141403,0.0,0.0,0.0,0.0,-3.0,0.0,0.5,1.5201051846170204,0.7599040497231024
857,validation,0,1,0,-60.0,1990.8913146786986,0.0,0.0,0.0,0.0,0.0,0.0,0.5,1.0,1.0
857,validation,2,1,0,-120.0,953.7929295269055,0.0,0.0,0.0,0.0,0.0,0.0,0.5,1.0,1.0
858,train,0,1,0,-60.0,453.7060992185002,0.0,0.0,0.0,0.0,1.0,0.0,0.5,1.0809339269003284,0.6923809341543811
858,train,2,1,0,240.0,770.0279735294994,0.0,0.0,0.0,0.0,2.0,0.0,0.5,1.0809339269003284,0.6923809341543811
859,validation,1,0,1,-120.0,245.4267397982901,0.0,34.74881132269826,0.0,-0.3333333333333333,-0.06666666666666667,88.71420644968417,0.5,0.5324586404510353,1.5431665659418703
859,validation,1,2,1,-60.0,474.9065327871349,0.13333333333333333,-0.7677078812881319,0.0,-0.3333333333333333,-0.06666666666666667,16.389567985189032,0.5,0.5324586404510353,1.5431665659418703
860,train,0,1,0,180.0,1725.1184055390731,0.23809523809523808,8.01182517974891,-43.556602413446555,0.2857142857142857,0.047619047619047616,74.83717654809358,0.5,1.0040653729676028,1.4528677863173225
860,train,2,1,0,240.0,577.6092191784173,0.0,277.34429866617575,-4.652604803625913,0.0,0.09523809523809523,-64.28535645618886,0.5,1.0040653729676028,1.4528677863173225
861,train,1,0,0,420.0,1904.092221033654,0.4,277.1381357372778,1885.2191685702187,0.0,0.0,-86.17347510207588,0.5,1.4115472456100184,1.053551857012374
861,train,0,2,1,120.0,-616.7969196187951,-0.2,-138.81526640243987,-174.93590265343022,0.0,0.0,4.004343404253419,0.5,1.4115472456100184,1.053551857012374
862,train,2,0,1,60.0,-117.58197481033403,0.0,0.0,-181.55081922703675,0.0,0.0,0.0,0.5,1.5072955518196554,0.7702921859848703
862,train,1,2,0,-60.0,831.3124695643014,0.3333333333333333,0.0,717.6801671114066,0.0,0.0,0.0,0.5,1.5072955518196554,0.7702921859848703
863,validation,0,2,0,-60.0,372.8537098144466,0.0,174.16623466118187,0.0,0.0,0.0,352.0437058794969,0.5,0.8893590243869235,1.193616141117144
863,validation,2,1,1,-600.0,-898.8355793088995,0.0,-382.21843287089087,0.0,0.0,0.0,-129.81240064410207,0.5,0.8893590243869235,1.193616141117144
864,train,2,0,1,-120.0,-596.849898303104,0.0,0.0,0.0,0.0,0.0,0.0,0.5,1.0,1.0
864,train,1,2,0,60.0,194.69121499046742,0.0,0.0,0.0,0.0,0.0,0.0,0.5,1.0,1.0
865,train,0,1,1,-360.0,-352.5268483092168,-0.6666666666666666,561.912673230772,0.0,0.0,0.0,0.0,0.5,1.0,1.0
865,train,0,2,1,-180.0,-530.408181392203,-0.3333333333333333,-990.4920308710628,0.0,0.0,0.0,0.0,0.5,1.0,1.0
866,train,2,0,1,-300.0,-54.615004039744235,-0.30000000000000004,-4.420957825721587,0.0,0.0,0.09999999999999998,-135.97932017780565,0.5,0.8182310279177953,1.6843765808490745
866,train,1,2,0,300.0,1015.4479229689023,-0.29999999999999993,297.22967755344973,0.0,0.0,0.5,11.392823680855928,0.5,0.8182310279177953,1.6843765808490745
867,train,1,0,1,-660.0,-1208.690636948465,-0.2666666666666667,147.05714153712177,-360.34545953482166,0.26666666666666666,-1.3333333333333335,0.0,0.5,0.8125200007692198,0.6120218892411573
867,train,2,1,0,360.0,754.6642328378894,0.06666666666666668,-310.27233761166156,205.96650583296682,-0.13333333333333333,0.3333333333333335,0.0,0.5,0.8125200007692198,0.6120218892411573
868,validation,1,0,1,-1140.0,-1909.0444139825086,-0.9999999999999999,0.0,0.0,-0.5,-2.666666666666667,0.0,0.5,0.6560829417734209,0.83142939622848
868,validation,1,2,1,-120.0,-225.64039388570563,-0.33333333333333337,0.0,0.0,0.5,-1.3333333333333333,0.0,0.5,0.6560829417734209,0.83142939622848
869,validation,1,0,1,0.0,62.613210344452455,0.0,0.0,0.0,0.0,0.0,0.0,0.5,1.8021070843407718,0.6933945994449671
869,validation,1,2,1,-300.0,-829.0129536838567,0.0,0.0,0.0,-1.0,0.0,0.0,0.5,1.8021070843407718,0.6933945994449671
870,train,0,1,0,180.0,-235.8380516351208,0.0,0.0,0.0,0.0,0.0,0.0,0.5,1.0,1.0
870,train,2,1,0,180.0,168.71355996452166,0.0,0.0,0.0,0.0,0.0,0.0,0.5,1.0,1.0
871,validation,0,1,0,180.0,1011.7949032187362,-0.29999999999999993,70.5146599287884,144.37391147351178,0.0,0.0,0.0,0.5,0.8797070680632098,1.6314332952306758
871,validation,2,1,0,60.0,-115.19393847226365,0.0,-1.1406859278067998,48.82775640937473,0.0,-0.40000000000000013,0.0,0.5,0.8797070680632098,1.6314332952306758
872,train,1,0,1,-480.0,-316.6265743790668,0.0,32.86388604938725,24.017217767462057,0.0,0.0,0.0,0.5,0.790613087694292,1.035038776554127
872,train,2,1,0,240.0,-49.4671955122335,0.0,245.34969615373356,-167.23254105431687,0.0,0.0,0.0,0.5,0.790613087694292,1.035038776554127
873,validation,1,0,0,-60.0,-155.22947161224374,0.0,0.0,0.0,0.0,0.0,95.88517292662483,0.5,0.8420855995695539,0.6068232529084194
873,validation,2,0,0,300.0,1097.7020138032235,0.0,0.0,0.0,1.3333333333333333,0.0,104.0442626082988,0.5,0.8420855995695539,0.6068232529084194
874,train,1,0,0,240.0,516.1361224394541,0.09523809523809523,6.283297530201338,77.12720457883393,-0.047619047619047616,-1.1428571428571426,35.59692005550192,0.5,0.5448438800983403,0.6684024443879526
874,train,0,2,1,-180.0,-593.8179842670961,0.0,-3.7204200241942544,-375.1493141042184,0.0,1.1428571428571426,-215.28713573868444,0.5,0.5448438800983403,0.6684024443879526
875,validation,2,0,1,-540.0,270.79246893801064,0.6666666666666666,65.04094026497064,-196.89715715030349,-0.2,0.0,97.28667371935069,0.5,1.1036628063844478,1.451026571483995
875,validation,1,2,0,60.0,-437.9081078346326,0.0,42.15387386907409,480.4685515010595,0.6000000000000001,0.0,-46.538414078262896,0.5,1.1036628063844478,1.451026571483995
876,test,0,1,1,60.0,-245.87581092233177,0.3333333333333333,0.0,0.0,-0.16666666666666666,0.0,-157.41095160159188,0.5,0.8122174230936745,0.7838947414297555
876,test,2,0,0,-60.0,-675.1974492200466,-0.3333333333333333,0.0,0.0,0.3333333333333333,0.0,237.14736450199774,0.5,0.8122174230936745,0.7838947414297555
877,train,2,0,1,0.0,-323.2759722688588,0.0,0.0,0.0,0.0,0.33333333333333337,88.5523196631733,0.5,0.8035372040677365,1.183958234536752
877,train,2,1,1,-300.0,-435.8564131006369,0.0,0.0,0.0,0.0,0.16666666666666669,-62.26644588862072,0.5,0.8035372040677365,1.183958234536752
878,validation,1,0,0,-360.0,548.0720445343063,0.0,-35.88344705901852,135.14254041537248,0.0,0.0,12.687855227016385,0.5,1.1110035669722744,0.7068447546157061
878,validation,0,2,1,120.0,-707.2663452633801,0.0,-56.28858266534252,-230.0474043144393,0.0,0.0,-42.84864316448221,0.5,1.1110035669722744,0.7068447546157061
879,train,1,0,1,-120.0,1808.4472966242938,0.0,0.0,0.0,0.0,0.0,0.0,0.5,1.0,1.0
879,train,1,2,1,0.0,512.7804903517244,0.0,0.0,0.0,0.0,0.0,0.0,0.5,1.0,1.0
880,train,2,0,1,-120.0,0.0,0.0,-277.8295859559122,8.854210247926417,0.0,-0.29999999999999993,0.0,0.5,1.0,1.0
880,train,1,2,0,300.0,222.14551196399702,0.0,174.36544856909433,37.358732044965365,0.0,0.29999999999999993,0.0,0.5,1.0,1.0
881,test,1,0,0,240.0,-103.58144226690365,0.0,0.0,-155.11418451053714,0.0,-0.6666666666666665,84.27566185824469,0.5,0.6155363223479604,0.7680053376794639
881,test,0,2,1,60.0,-95.57587633400817,0.06666666666666668,0.0,-16.874971421281543,-0.5333333333333333,-1.0,83.82558968013825,0.5,0.6155363223479604,0.7680053376794639
882,train,2,0,1,-180.0,626.9596381176689,0.0,0.0,0.0,0.0,-5.333333333333334,-135.70437983650413,0.5,0.5160646159162616,1.0108274719495065
882,train,1,2,0,240.0,513.8071028075565,0.0,0.0,0.0,0.0,3.3333333333333335,-71.37784394360528,0.5,0.5160646159162616,1.0108274719495065
883,train,2,0,1,-420.0,19.52431470852207,0.06666666666666667,345.92182062829295,-10.523726692802285,0.0,-1.333333333333333,29.277288955217255,0.5,0.5179671634516959,1.6608742833913652
883,train,2,1,1,-60.0,-1282.667485477382,0.06666666666666667,-130.81638560299496,-131.1117356627444,0.0,-1.6666666666666665,-168.47838496326565,0.5,0.5179671634516959,1.6608742833913652
884,train,1,0,1,60.0,644.3328065034202,0.0,-186.7796634062017,0.0,0.0,0.0,10.853911656532667,0.5,1.3253600326133228,0.5400734040848846
884,train,2,1,0,-120.0,-255.96458855512947,0.4,-34.77903809679762,0.0,0.3,0.0,-21.42533004936947,0.5,1.3253600326133228,0.5400734040848846
885,train,0,1,1,0.0,-332.21233773054155,0.0,0.0,0.0,0.0,0.0,0.0,0.5,1.0,1.0
885,train,0,2,1,0.0,-2135.6389311007515,0.0,0.0,0.0,0.0,0.0,0.0,0.5,1.0,1.0
886,test,1,0,1,-240.0,894.6480763534109,0.3333333333333333,-289.34289632660403,-116.17500574209821,0.0,0.0,0.0,0.5,1.0,1.0
886,test,1,2,1,-180.0,-876.6943489474452,-2.333333333333333,-1407.5645580277044,-97.58018522473814,0.0,0.0,0.0,0.5,1.0,1.0
887,train,0,1,0,240.0,-171.1827777665062,0.0,64.08464814221762,0.0,0.5,0.0,123.34352770439845,0.5,1.7133621146437052,0.6052672942014062
887,train,1,2,1,-60.0,-1026.700094521315,0.0,-9.372495791521288,0.0,-0.5,0.0,-53.320484228750765,0.5,1.7133621146437052,0.6052672942014062
888,train,1,0,0,120.0,980.5861642191921,-0.16666666666666666,0.0,0.0,0.0,2.0,223.74882130647956,0.5,0.7533351617630323,1.1850147042756174
888,train,2,0,0,-180.0,1012.4933562577144,-0.16666666666666666,0.0,0.0,0.0,0.0,140.99128246258707,0.5,0.7533351617630323,1.1850147042756174
889,train,0,1,0,180.0,-343.22891728157447,1.6,0.0,-306.3354944466892,0.0,1.7999999999999998,35.235292437949596,0.5,0.7299956751704848,1.0735874869861628
889,train,1,2,1,-720.0,-585.9282385811384,-1.2000000000000002,0.0,460.73329289657477,0.0,-1.5,-108.99755537236653,0.5,0.7299956751704848,1.0735874869861628
890,train,2,0,1,-120.0,87.77027271418228,0.0,0.0,0.0,0.0,0.0,0.0,0.5,1.0,1.0
890,train,2,1,1,0.0,276.50865282456925,0.0,0.0,0.0,0.0,0.0,0.0,0.5,1.0,1.0
891,train,2,0,1,-480.0,159.71809989553913,0.0,159.36431082227134,-305.84460867660636,-0.2857142857142857,-0.2857142857142857,1.4755141543315915,0.5,1.1509664743149253,1.7610182854437535
891,train,2,1,1,-1200.0,-2819.6873160913674,-0.5714285714285714,112.76959554125897,-307.7270027233972,0.0,-0.19047619047619035,-113.3195919796667,0.5,1.1509664743149253,1.7610182854437535
892,train,0,1,1,0.0,632.4062340078508,0.0,0.0,0.0,0.0,0.0,0.0,0.5,0.8194804490467172,1.2101501600174485
892,train,2,0,0,-120.0,-61.34596838153902,0.0,0.0,0.0,1.0,0.0,0.0,0.5,0.8194804490467172,1.2101501600174485
893,train,1,0,0,-120.0,1416.8928122946018,1.3333333333333333,0.0,231.8868581105384,0.0,0.0,0.0,0.5,1.7375478847402568,1.5714004641496935
893,train,2,0,0,120.0,-843.3926530639974,0.0,0.0,64.15211079473448,0.0,-0.5,0.0,0.5,1.7375478847402568,1.5714004641496935
894,validation,0,1,1,300.0,-74.13382444066883,0.0,-672.7634680999618,0.0,0.0,0.0,0.0,0.5,1.0,1.0
894,validation,0,2,1,0.0,-167.04402499051866,0.0,-1295.7242462857103,0.0,0.0,0.0,0.0,0.5,1.0,1.0
895,train,0,1,0,240.0,1327.5934586006688,0.0,-314.72058858488674,211.435626826563,0.0,0.0,229.65889077439385,0.5,0.6028763724382038,1.3922385504909136
895,train,1,2,1,-180.0,-990.5769867959625,0.0,142.25194677091878,-212.6387114658902,0.0,0.0,-110.3888231368818,0.5,0.6028763724382038,1.3922385504909136
896,validation,0,1,1,-540.0,-1128.4386809147554,0.0,-535.3404126548123,-129.25053165861718,0.0,-0.6000000000000001,29.159528888433773,0.5,1.0,1.0
896,validation,2,0,0,60.0,615.3535627395968,0.0,24.96462194602327,236.94913754515332,0.0,0.0,-11.367817803962602,0.5,1.0,1.0
897,train,0,2,0,360.0,404.7208853153952,0.0,804.3368726873466,0.0,0.0,0.0,0.0,0.5,1.0,1.0
897,train,1,2,0,0.0,-645.556206589069,0.0,810.1679704060878,0.0,0.0,0.0,0.0,0.5,1.0,1.0
898,train,1,0,0,300.0,2634.343661269421,0.0,171.09421847802116,267.486490791919,0.4,0.4,0.0,0.5,1.0,1.0
898,train,2,0,0,-180.0,1365.2336649838721,-0.5333333333333333,488.9574079017961,200.42486454150597,0.4,0.06666666666666668,0.0,0.5,1.0,1.0
899,train,2,0,1,-360.0,-956.2764947335436,0.0,0.0,-444.56159928226293,0.0,0.0,0.0,0.5,0.5460982161528928,0.6372894505787371
899,train,1,2,0,0.0,-354.4848353587431,0.0,0.0,-257.8809157133844,0.0,0.0,0.0,0.5,0.5460982161528928,0.6372894505787371
900,validation,1,0,0,-300.0,361.0817567357267,0.2,34.76302259822987,0.0,0.0,0.30000000000000004,0.0,0.5,0.7123168367530527,1.9559844194513818
900,validation,0,2,1,0.0,-492.45817287489353,-0.4,-3.1862493421272973,0.0,0.0,0.0,0.0,0.5,0.7123168367530527,1.9559844194513818
901,train,0,1,0,180.0,436.7628288905662,0.0,-125.92916552553618,66.83955223927883,0.0,-0.8,40.59520686751716,0.5,1.9175056030144033,0.8138229604232508
901,train,2,1,0,0.0,-1404.3282459191469,0.0,-274.5830264937407,4.493583360700242,0.3333333333333333,-1.0,79.98558105943385,0.5,1.9175056030144033,0.8138229604232508
902,train,1,0,1,-240.0,170.08246855702828,0.42857142857142855,-3.3485959304936443,196.70709906093552,0.0,-0.09523809523809523,-23.65723992326151,0.5,0.7771110185023348,1.6440466449979154
902,train,1,2,1,-420.0,-948.7485539211407,0.42857142857142855,-262.39406257094913,-9.511360658586511,0.0,-0.14285714285714285,-34.06401771106661,0.5,0.7771110185023348,1.6440466449979154
903,train,1,0,1,-480.0,-922.1890591581268,-0.10000000000000003,0.0,-407.0192699537839,0.0,-0.19999999999999996,183.595632772984,0.5,1.0470498284896865,1.751921062289049
903,train,2,1,0,-180.0,157.61339885889174,0.4000000000000001,0.0,55.406685532187865,0.0,-0.20000000000000018,110.0391275792947,0.5,1.0470498284896865,1.751921062289049
904,train,2,0,1,-360.0,-1267.7688235576397,-0.20000000000000004,258.3726621618468,-335.49059681688385,-1.4999999999999998,0.0,0.0,0.5,1.7835609688408622,1.190131272547204
904,train,2,1,1,-900.0,-705.1851260004496,-0.20000000000000004,-56.32059613286805,-26.639730185300948,0.3,0.0,0.0,0.5,1.7835609688408622,1.190131272547204
905,train,0,2,0,120.0,301.885814884261,0.0,0.0,0.0,0.0,0.0,0.0,0.5,1.0,1.0
905,train,1,2,0,180.0,924.7965616768302,0.0,0.0,0.0,0.0,0.0,0.0,0.5,1.0,1.0
906,train,0,1,0,0.0,78.44198196940215,0.0,0.0,0.0,0.5,0.3333333333333333,0.0,0.5,1.7791213454225387,0.7418167470059887
906,train,2,1,0,-120.0,-627.5855990189416,0.0,0.0,0.0,0.5,0.49999999999999994,0.0,0.5,1.7791213454225387,0.7418167470059887
907,train,1,0,1,-240.0,-508.13413842910813,0.0,432.5334939879529,-252.58578849956282,-0.4,0.0,22.65444786293682,0.5,1.9525643142494784,1.4399015867532214
907,train,2,1,0,240.0,1162.9167648425018,0.0,6.0302658045083035,305.53993843893375,0.0,0.0,12.886317249559731,0.5,1.9525643142494784,1.4399015867532214
908,test,2,0,1,-120.0,407.9975182897115,0.0,0.0,0.0,0.0,0.0,0.0,0.5,1.0,1.0
908,test,1,2,0,420.0,320.45940708041326,0.0,0.0,0.0,0.0,0.0,0.0,0.5,1.0,1.0
909,validation,0,1,1,-60.0,-1365.8538460034715,-0.8,-43.40773735596551,0.0,0.0,0.0,-51.87935787447188,0.5,1.440691945183902,0.5624383320353482
909,validation,0,2,1,60.0,-2219.9801258595226,0.0,-256.59807387418726,0.0,0.0,0.0,-79.53632974775428,0.5,1.440691945183902,0.5624383320353482
910,train,0,2,0,-120.0,790.681266122916,0.0,0.0,41.63690046953059,0.3333333333333333,0.0,218.97988881135703,0.5,0.848788861868317,0.7588320943074313
910,train,2,1,1,-240.0,-2045.8932305268627,0.0,0.0,85.906457369939,-0.6666666666666667,0.0,-122.0624626302135,0.5,0.848788861868317,0.7588320943074313
911,train,1,0,1,120.0,260.1889856448488,-0.2,0.0,-133.09364974972146,0.13333333333333333,0.0,31.85769871771841,0.5,1.9987495415345193,0.5461530747042395
911,train,1,2,1,240.0,155.25981432981553,-0.6000000000000001,0.0,-136.5822042806119,0.0,1.6666666666666667,-24.368925153144122,0.5,1.9987495415345193,0.5461530747042395
912,train,1,0,1,0.0,-1235.2526086651164,-0.3333333333333333,0.0,-140.49421334980622,0.0,0.0,20.764385783979744,0.5,0.5706543353223735,1.5492869021895046
912,train,2,1,0,180.0,1558.0654620567461,0.6666666666666666,0.0,245.35615462485737,0.0,0.0,-51.67563774987599,0.5,0.5706543353223735,1.5492869021895046
913,validation,1,0,0,300.0,-301.3808962522462,0.0,-455.18165363571916,0.0,0.0,0.0,0.0,0.5,1.0,1.0
913,validation,0,2,1,0.0,143.11085632546656,0.0,51.958649365183646,0.0,0.0,0.0,0.0,0.5,1.0,1.0
914,train,2,0,1,-540.0,-2381.610870957178,0.2857142857142857,117.48437840986486,-150.2326056658683,0.0,-0.23809523809523814,123.14021202733822,0.5,0.9928383525560562,1.7491347219113682
914,train,2,1,1,-420.0,-3428.3980253234677,0.2857142857142857,79.68699089384168,-45.69608027246059,-0.2857142857142857,0.9523809523809521,-167.10810992131283,0.5,0.9928383525560562,1.7491347219113682
915,train,2,0,1,360.0,-1327.639492965356,0.0,-512.908461232331,0.0,0.0,0.0,0.0,0.5,1.0,1.0
915,train,1,2,0,-300.0,-91.22548967495459,0.3333333333333333,-695.3234702372233,0.0,0.0,0.0,0.0,0.5,1.0,1.0
916,test,0,1,1,0.0,-700.1713319239034,0.0,-61.7627477765522,8.37275514289059,0.0,0.1428571428571428,-94.5462868668994,0.5,1.0,1.0
916,test,0,2,1,60.0,228.92267451668977,0.0,-71.76695324857712,-35.97047092837595,0.0,0.0,-61.32267105674482,0.5,1.0,1.0
917,train,1,0,1,-480.0,-775.6492719353027,0.0,0.0,0.0,-1.0,0.0,0.0,0.5,1.6637861559127645,0.6625219028529507
917,train,1,2,1,-120.0,-388.88639089100434,0.0,0.0,0.0,0.0,0.0,0.0,0.5,1.6637861559127645,0.6625219028529507
918,train,0,1,1,120.0,20.270614699034468,0.0,132.988229626992,130.76401909782328,0.0,0.0,0.0,0.5,1.0025464402767064,0.7204329390287234
918,train,0,2,1,-180.0,-360.91307034270267,0.0,41.420253084624306,21.038781523831688,0.0,0.0,0.0,0.5,1.0025464402767064,0.7204329390287234
919,validation,1,0,0,360.0,1779.9691963616478,0.0,0.0,0.0,-0.3333333333333333,2.6666666666666665,0.0,0.5,0.5113082080602621,1.1865277290454583
919,validation,0,2,1,-780.0,-891.8403053954089,-0.5,0.0,0.0,-0.16666666666666669,-1.0,0.0,0.5,0.5113082080602621,1.1865277290454583
920,validation,2,0,1,360.0,-1406.7444693130183,0.0,0.0,-709.6730117611444,0.0,0.0,0.0,0.5,0.9830526668283809,1.702027449009428
920,validation,2,1,1,180.0,-1423.6458637744827,0.0,0.0,-613.9077391500816,0.0,0.0,0.0,0.5,0.9830526668283809,1.702027449009428
921,train,1,0,0,120.0,285.41257101813335,0.0,167.86598514348677,45.860038467227255,0.2857142857142857,0.19047619047619047,-3.900143953043383,0.5,1.5615477409758984,0.8322520260262459
921,train,0,2,1,-240.0,-1097.029253200557,0.0,19.148363219640174,50.03866967106302,0.0,-0.19047619047619047,5.46502107536044,0.5,1.5615477409758984,0.8322520260262459
922,train,0,2,0,180.0,1126.0891199519883,0.0,0.0,0.0,0.0,0.0,0.0,0.5,1.0,1.0
922,train,1,2,0,120.0,-204.34093820954513,0.0,0.0,0.0,0.0,0.0,0.0,0.5,1.0,1.0
923,train,2,0,1,-120.0,-755.1795430451202,-0.20000000000000007,0.0,-972.7061936831393,0.0,-0.30000000000000004,124.15177832865326,0.5,0.9570725374311114,1.1892395791335202
923,train,2,1,1,-840.0,-1932.00481446928,0.4,0.0,-302.93962400616596,0.0,-0.20000000000000007,10.636905842291213,0.5,0.9570725374311114,1.1892395791335202
924,train,0,2,0,420.0,949.3278443648796,0.0,0.0,0.0,0.0,0.0,0.0,0.5,1.0,1.0
924,train,1,2,0,180.0,379.52466737091345,0.0,0.0,0.0,0.0,0.0,0.0,0.5,1.0,1.0
925,train,1,0,0,180.0,67.95317609693348,-0.19047619047619047,-87.0733330663862,13.154110890499954,-0.19047619047619047,0.2857142857142857,24.230231453774113,0.5,1.0545830207765832,0.5753942753952076
925,train,0,2,1,0.0,81.01483792293993,0.2857142857142857,82.37699350586679,-26.957074499715304,0.19047619047619047,0.0,-58.43458343206192,0.5,1.0545830207765832,0.5753942753952076
926,train,1,0,0,0.0,-650.2378645378858,-0.047619047619047616,-324.9216626775223,7.010200343010261,0.09523809523809523,0.2857142857142857,43.6126496614278,0.5,1.0,1.0
926,train,0,2,1,0.0,204.0340974483429,0.047619047619047616,149.88346827010923,-37.81111131900547,0.0,-0.2857142857142857,-28.12365771880617,0.5,1.0,1.0
927,validation,0,1,1,480.0,508.26595132488364,0.0,147.4859646016376,0.0,0.0,-2.3333333333333335,-335.23920659757823,0.5,1.041786856388256,0.7159663837469062
927,validation,2,0,0,-660.0,-185.12360003327558,0.0,-276.22073294161737,0.0,0.0,1.6666666666666665,131.7587228181572,0.5,1.041786856388256,0.7159663837469062
928,train,1,0,0,120.0,-244.38646285973118,0.0,25.14454755924362,0.0,0.0,0.0,0.0,0.5,1.0,1.0
928,train,2,0,0,120.0,-213.56935259160946,0.0,1685.8138952802365,0.0,0.0,0.0,0.0,0.5,1.0,1.0
929,train,0,1,1,-60.0,-637.7211217345871,0.0,-13.807547933904829,-3.8605696724407252,0.0,0.5714285714285713,5.4274347916352,0.5,0.5760653489481933,1.4513526050797967
929,train,0,2,1,-180.0,-1653.8822932820794,-0.19047619047619047,-265.5746252674878,-50.01205998655002,-0.19047619047619047,-0.2857142857142858,7.6573898345998614,0.5,0.5760653489481933,1.4513526050797967
930,train,0,1,1,-360.0,34.81562779906017,0.0,2.9368213383590387,306.8478052871187,-0.7142857142857142,0.857142857142857,-76.60081037205335,0.5,0.6154649988469576,0.849718195388062
930,train,0,2,1,0.0,-946.1743182887667,0.09523809523809523,-103.66645156811217,251.95815340608598,-0.23809523809523808,-1.1428571428571428,-21.749637923794285,0.5,0.6154649988469576,0.849718195388062
931,train,0,1,1,-600.0,-259.7129861407593,0.0,0.0,0.0,-0.6666666666666666,0.0,85.12460172391212,0.5,1.181511918246161,0.7991460328910677
931,train,0,2,1,60.0,359.9174921061858,0.0,0.0,0.0,-0.6666666666666666,0.0,29.299570685112172,0.5,1.181511918246161,0.7991460328910677
932,train,0,2,0,480.0,292.0353102225922,0.0,0.0,0.0,0.0,0.0,0.0,0.5,1.0,1.0
932,train,1,2,0,-60.0,28.881311939129773,0.0,0.0,0.0,0.0,0.0,0.0,0.5,1.0,1.0
933,train,0,1,0,480.0,793.8719540306138,0.0,0.0,0.0,0.0,3.0,0.0,0.5,0.6407906346114259,1.5586926385028397
933,train,1,2,1,-240.0,-260.79793892831367,0.0,0.0,0.0,0.0,-6.0,0.0,0.5,0.6407906346114259,1.5586926385028397
934,train,1,0,1,180.0,970.7201117049076,0.0,-98.69740705451437,0.0,-0.3333333333333333,0.0,2.691626027361611,0.5,0.7139533949321318,1.4614656038573084
934,train,2,1,0,180.0,152.06387913445406,-0.6000000000000001,83.05754006067286,0.0,0.3333333333333333,0.0,18.8315311920838,0.5,0.7139533949321318,1.4614656038573084
935,validation,0,2,0,180.0,-253.50859215786613,0.0,-224.67457176567024,0.0,0.8,0.8000000000000002,0.0,0.5,0.9226314540434508,0.565456255401421
935,validation,1,2,0,-60.0,297.37916266427555,-0.2,-121.71676390626934,0.0,0.4,0.0,0.0,0.5,0.9226314540434508,0.565456255401421
936,train,1,0,1,-120.0,-190.82183395914717,0.0,0.0,4.015052459994358,-0.26666666666666666,0.2,-0.2725287562468175,0.5,1.7476041816899284,1.8504239753049643
936,train,2,1,0,120.0,245.6867863069615,0.0,0.0,76.07604009119467,0.26666666666666666,0.0,11.955977778961078,0.5,1.7476041816899284,1.8504239753049643
937,train,1,0,1,540.0,-644.3401646831226,-1.5,0.0,0.0,-0.3333333333333333,0.0,-74.9001480568381,0.5,0.6148030957851386,1.7534859075340368
937,train,1,2,1,300.0,-1949.7644283963182,0.0,0.0,0.0,-0.3333333333333333,0.0,-56.16476747122644,0.5,0.6148030957851386,1.7534859075340368
938,train,0,1,1,0.0,-457.9566493829593,0.0,0.0,-245.58881037456564,0.0,0.0,0.0,0.5,1.165013224134878,1.8669735147655295
938,train,2,0,0,120.0,764.3356832288569,0.0,0.0,-33.72186283083913,0.0,-1.3333333333333335,0.0,0.5,1.165013224134878,1.8669735147655295
939,train,0,1,1,-540.0,-2046.4727341419716,0.0,-480.79474527292314,-69.42009578779121,0.0,0.0,0.0,0.5,1.0,1.0
939,train,2,0,0,-180.0,112.88865573879866,0.0,605.5930651087444,145.2569634528065,0.0,0.0,0.0,0.5,1.0,1.0
940,train,0,1,1,180.0,-534.8851829241144,0.0,0.0,-108.59078223219055,0.0,0.0,0.0,0.5,0.6744675842356378,1.1271977053053914
940,train,0,2,1,-840.0,-1970.253758854928,0.0,0.0,-683.0561169637057,0.0,0.0,0.0,0.5,0.6744675842356378,1.1271977053053914
941,train,1,0,0,-120.0,-482.6441071764866,0.0,17.38273625781673,-4.542227007803831,-0.2,0.0,112.17841312287317,0.5,0.7529300915535104,0.8857421933682235
941,train,0,2,1,-60.0,-178.44153274903783,0.0,-89.94959222276205,-6.635342931287344,0.2,0.0,-80.11778778200289,0.5,0.7529300915535104,0.8857421933682235
942,train,1,0,1,-300.0,-181.51533948762608,0.0,0.0,-252.0511024226031,0.0,0.40000000000000013,0.0,0.5,0.6176761108951183,1.3941158301434102
942,train,2,1,0,120.0,625.9165366055895,0.0,0.0,397.1630824618493,-0.2,-0.40000000000000013,171.7415424999592,0.5,0.6176761108951183,1.3941158301434102
943,train,0,2,0,360.0,1787.2673195523048,1.5,0.0,12.716089001947651,-0.16666666666666666,0.0,0.0,0.5,1.585820972868855,1.177645657784117
943,train,2,1,1,-240.0,-33.47641308602033,0.0,0.0,1.5178501319713007,0.0,0.0,0.0,0.5,1.585820972868855,1.177645657784117
944,train,0,1,1,-240.0,-192.2016251977584,0.0,0.0,0.0,0.0,0.0,-17.339302645196994,0.5,1.3399272044692334,0.79873304002368
944,train,2,0,0,60.0,-300.2409947121082,0.0,0.0,0.0,0.0,0.0,-63.84318668203153,0.5,1.3399272044692334,0.79873304002368
945,train,0,1,0,-60.0,-335.59049688373034,0.0,0.0,0.0,0.0,0.0,0.0,0.5,1.0,1.0
945,train,1,2,1,-60.0,179.4377038437092,0.0,0.0,0.0,0.0,0.0,0.0,0.5,1.0,1.0
946,train,0,1,0,120.0,1850.3057458856956,-0.42857142857142855,359.2771335537921,61.95012121975709,0.0,0.0,33.812626020316905,0.5,0.9673160532382862,0.7298031551946379
946,train,1,2,1,60.0,137.10136602393504,0.2857142857142857,33.62772814975432,-2.586462275754478,-0.23809523809523808,0.2857142857142856,-11.420204336847252,0.5,0.9673160532382862,0.7298031551946379
947,train,0,1,0,-60.0,-173.96815567600697,-0.14285714285714285,-6.862902846576333,97.61198204107308,0.7142857142857142,-1.3333333333333335,-5.9357591525766225,0.5,1.0876195534946609,1.108490904259306
947,train,2,1,0,240.0,897.0789019451613,0.14285714285714285,-78.9319455194993,-55.16326426592639,0.47619047619047616,-0.3809523809523814,40.09737356183086,0.5,1.0876195534946609,1.108490904259306
948,train,0,1,1,-480.0,-1046.1294486235383,0.0,-290.2190875355613,0.0,0.0,0.0,159.18636552522787,0.5,0.6557293741966842,1.270180139263829
948,train,0,2,1,-60.0,35.72608417149195,0.0,20.278418954001268,0.0,0.0,0.0,94.81004827588445,0.5,0.6557293741966842,1.270180139263829
949,validation,1,0,0,-60.0,-364.4484494100193,0.0,0.0,0.0,0.0,0.0,0.0,0.5,1.0,1.0
949,validation,2,0,0,-180.0,-614.9795548959214,0.0,0.0,0.0,0.0,0.0,0.0,0.5,1.0,1.0
950,train,1,0,0,-60.0,-266.5780522617147,-0.1,292.32177035307336,0.0,0.0,-0.4,0.0,0.5,1.171780593254528,0.6204833779264227
950,train,2,0,0,60.0,435.16213555486,-0.1,241.39358270528172,0.0,0.0,0.40000000000000013,0.0,0.5,1.171780593254528,0.6204833779264227
951,train,1,0,0,480.0,988.3657391988309,0.0,0.0,1196.7566326453848,0.0,0.16666666666666652,11.620026531957741,0.5,1.1761041080350174,0.5394978964250798
951,train,0,2,1,-360.0,-3837.874612914693,0.0,0.0,-1040.179178921774,0.0,-0.8333333333333333,-419.1163304254157,0.5,1.1761041080350174,0.5394978964250798
952,train,0,1,0,540.0,635.0348459620991,0.0,179.91387348415913,105.77796544791352,0.0,0.0,0.0,0.5,0.7558243440785885,0.7043930417083124
952,train,2,1,0,60.0,843.4643926323597,0.0,361.5401733181217,74.60324335165956,0.4,0.0,69.70509976003467,0.5,0.7558243440785885,0.7043930417083124
953,train,0,1,1,-60.0,-659.5307334012819,0.2857142857142857,-95.27386522279005,-78.52990956721068,-0.19047619047619047,0.09523809523809523,16.770458132599078,0.5,1.473635960411396,1.8192673079377968
953,train,2,0,0,360.0,1645.3995352053607,0.8571428571428571,-24.920984824702316,278.045388668349,0.19047619047619047,-0.09523809523809523,13.158367674451782,0.5,1.473635960411396,1.8192673079377968
954,test,1,0,1,-60.0,-438.77587712753893,0.0,0.0,21.940208015601787,-0.3333333333333333,0.0,0.0,0.5,1.121794173301562,1.3567644492390436
954,test,1,2,1,0.0,0.0,0.0,0.0,1.5994080183864767,-0.3333333333333333,-1.0,0.0,0.5,1.121794173301562,1.3567644492390436
955,train,0,1,1,-60.0,-282.4158842441075,0.0,203.64776186914662,86.55766416661046,0.0,0.0,0.0,0.5,1.0,1.0
955,train,0,2,1,-240.0,-1086.3516454223263,0.0,-298.755268153352,-126.07689825849508,0.3333333333333333,0.0,0.0,0.5,1.0,1.0
956,train,0,2,0,540.0,468.13554517649027,0.0,0.0,0.0,0.0,0.0,0.0,0.5,1.0,1.0
956,train,1,2,0,120.0,-1021.6375497712188,0.0,0.0,0.0,0.0,0.0,0.0,0.5,1.0,1.0
957,train,0,1,1,0.0,-792.271156170701,0.0,113.61652615162129,-221.47280680108463,0.0,0.047619047619047616,-29.040638177294653,0.5,0.8571306489766356,1.5502211758844893
957,train,2,0,0,0.0,121.52894682953774,0.0,-119.04316953370795,100.27832755127974,0.23809523809523808,-0.19047619047619047,3.0872234929882865,0.5,0.8571306489766356,1.5502211758844893
958,train,2,0,1,-60.0,490.62716474228773,0.0,0.0,0.0,0.0,0.0,0.0,0.5,0.5116926915444671,1.120189410340718
958,train,2,1,1,-120.0,1329.1953517692655,0.0,0.0,0.0,0.0,0.0,0.0,0.5,0.5116926915444671,1.120189410340718
959,train,0,1,1,120.0,-458.99574792727026,0.0,-34.421452097556696,0.0,0.3333333333333333,0.20000000000000007,-14.288823805520957,0.5,1.3286746783455525,1.428130372405623
959,train,0,2,1,120.0,231.41943276991378,0.0,-66.3914326795627,0.0,-0.3333333333333333,-0.19999999999999996,-48.88437765318691,0.5,1.3286746783455525,1.428130372405623
960,test,0,1,0,-120.0,-524.7920044503189,0.6666666666666666,-61.89988665142735,105.58253458834292,0.0,0.0,0.0,0.5,0.5001883191365586,1.4899837977538057
960,test,2,1,0,-120.0,858.4427819873126,0.6666666666666666,245.27944255027288,30.402628634950815,0.0,0.0,0.0,0.5,0.5001883191365586,1.4899837977538057
961,train,0,1,1,-120.0,-73.58807384711326,0.0,-105.3162257683586,85.77685597295542,-0.14285714285714285,-0.09523809523809523,68.99287249514633,0.5,0.6439216824248452,0.6003125965148304
961,train,0,2,1,-60.0,587.2478918699871,-0.09523809523809523,92.24699886561538,-12.6903713613045,0.0,-0.047619047619047616,-54.92715324711985,0.5,0.6439216824248452,0.6003125965148304
962,train,0,1,0,420.0,1443.8345152701331,1.5,0.0,0.0,0.0,1.3333333333333335,0.0,0.5,0.7613304587915279,0.7880376675846651
962,train,1,2,1,-420.0,-253.58440627319578,-1.0,0.0,0.0,0.0,-0.6666666666666665,0.0,0.5,0.7613304587915279,0.7880376675846651
963,train,0,1,0,180.0,558.8679360174565,0.0,0.0,0.0,0.0,0.0,0.0,0.5,1.0,1.0
963,train,1,2,1,60.0,-150.61082801952216,0.0,0.0,0.0,0.0,0.0,0.0,0.5,1.0,1.0
964,validation,0,2,0,420.0,-2387.618300354622,0.0,0.0,0.0,0.0,0.0,-15.54940454252818,0.5,1.034137719024394,1.0313488024193451
964,validation,2,1,1,0.0,2843.2905497512966,0.0,0.0,0.0,0.0,0.0,-130.37358891978982,0.5,1.034137719024394,1.0313488024193451
965,train,2,0,1,-60.0,-207.07620141546067,-0.30000000000000004,0.0,-77.67284077219702,0.0,0.0,0.0,0.5,0.6206551397088811,1.7634975256525374
965,train,2,1,1,120.0,-871.0017496239443,0.0,0.0,-295.86685004396537,-0.4,-0.4000000000000001,0.0,0.5,0.6206551397088811,1.7634975256525374
966,train,0,2,0,120.0,669.7429304443758,0.0,0.0,0.0,0.0,0.0,0.0,0.5,1.0,1.0
966,train,1,2,0,0.0,187.52757733706358,0.0,0.0,0.0,0.0,0.0,0.0,0.5,1.0,1.0
967,validation,2,0,1,-60.0,-1571.4867027805603,0.0,-917.6371490943084,0.0,0.0,0.0,0.0,0.5,1.0,1.0
967,validation,2,1,1,300.0,-624.4687305251064,0.0,-1290.022824064954,0.0,0.0,0.0,0.0,0.5,1.0,1.0
968,validation,0,1,1,0.0,-80.53707333669263,0.0,-59.49532917827935,24.48623396722006,-0.2857142857142857,-0.5714285714285714,-58.56223011351358,0.5,1.3656621367815904,1.6740805809886983
968,validation,0,2,1,-60.0,385.906911634625,-0.09523809523809523,-147.66992371689264,-51.01463649724215,-0.5714285714285714,0.19047619047619047,-41.042891052130216,0.5,1.3656621367815904,1.6740805809886983
969,train,0,1,0,60.0,547.3232705532146,-0.2,0.0,-13.3384855270549,0.0,0.20000000000000007,134.09584687057398,0.5,1.1496676533953032,1.04117285785316
969,train,2,1,0,240.0,324.3888592735743,-0.2,0.0,58.882213193959274,0.0,0.20000000000000007,110.28478396829526,0.5,1.1496676533953032,1.04117285785316
970,test,2,0,1,300.0,-187.72250594636625,0.5714285714285714,32.911661047669725,-95.49281427519851,-0.14285714285714285,0.2857142857142857,13.447964110322964,0.5,0.8644537735971594,0.9443698048483027
970,test,2,1,1,240.0,-1542.6984418127695,0.2857142857142857,-87.98817198125855,-44.572451101417826,-0.047619047619047616,0.2857142857142857,-90.84599929055062,0.5,0.8644537735971594,0.9443698048483027
971,test,0,1,1,-900.0,1026.881658395262,0.0,177.87037448481595,363.0139002902165,-0.26666666666666666,1.2000000000000002,11.303686311532367,0.5,1.8653058745958826,0.7846861821731274
971,test,2,0,0,0.0,641.4132507921267,0.0,108.81006324471156,191.7078749979853,0.0,-0.40000000000000036,62.04240323498065,0.5,1.8653058745958826,0.7846861821731274
972,train,2,0,1,0.0,-283.99850488437096,0.0,0.0,56.781962697085646,-0.8,-0.09999999999999998,-103.40350149852738,0.5,1.3783592071949986,0.6136063266439018
972,train,1,2,0,-360.0,-1527.4072796248483,0.0,0.0,121.7601802576211,0.4,-0.5,114.43997708426745,0.5,1.3783592071949986,0.6136063266439018
973,train,2,0,1,-60.0,-2091.0871595192284,0.09523809523809523,-422.7044028084828,-90.64111910618487,0.2857142857142857,-0.38095238095238093,0.0,0.5,1.0,1.0
973,train,2,1,1,-120.0,-1469.0536215205166,0.0,-538.1002952173878,-27.71014744042258,-0.14285714285714285,-0.19047619047619047,0.0,0.5,1.0,1.0
974,validation,1,0,0,-60.0,-519.7065090683823,0.0,0.0,16.96760855756989,0.26666666666666666,0.0,35.64432827258844,0.5,1.2518010001043323,0.7010082461655611
974,validation,2,0,0,-120.0,-604.1952495889805,0.0,0.0,41.68566261584687,0.5333333333333333,0.0,-7.926367988305799,0.5,1.2518010001043323,0.7010082461655611
975,test,1,0,1,-1260.0,-1226.1105153028402,0.09523809523809523,111.642404770253,-180.56501296994537,0.47619047619047616,-0.4285714285714284,-275.62594123608824,0.5,1.1645884330699503,1.8911955565918863
975,test,2,1,0,0.0,839.423839234445,0.0,-118.03484558908059,-147.4530822405596,0.23809523809523803,-0.8571428571428572,260.1427517625132,0.5,1.1645884330699503,1.8911955565918863
976,train,0,1,0,240.0,-471.7248258008667,0.0,-85.22056746427126,-129.2502333191744,0.0,0.40000000000000013,-51.49015572231364,0.5,1.1829302012246903,0.5170825884133343
976,train,2,1,0,300.0,-213.1722672679589,0.0,5.189663022008517,-324.9435453578661,0.0,0.20000000000000018,86.26590138086365,0.5,1.1829302012246903,0.5170825884133343
977,train,2,0,1,0.0,608.3301254630751,0.0,76.10466111379247,13.308865045757159,-0.3,0.0,0.0,0.5,0.5386587711618459,1.9215802396197252
977,train,2,1,1,-60.0,300.8728523515588,0.4,-87.49241098042367,-124.67483894252757,-0.3,0.0,0.0,0.5,0.5386587711618459,1.9215802396197252
978,train,2,0,1,-240.0,72.53954884939594,0.0,-160.4463058272404,0.0,0.0,0.6666666666666667,0.0,0.5,1.0,1.0
978,train,1,2,0,60.0,357.7362638218965,0.0,144.07306939874275,0.0,0.0,-0.33333333333333337,0.0,0.5,1.0,1.0
979,test,1,0,1,-60.0,-457.99105131385204,0.0,0.0,0.0,-1.3333333333333333,-0.33333333333333326,0.0,0.5,1.0346862958287246,0.7858863098610538
979,test,2,1,0,60.0,-547.6316900474599,0.0,0.0,0.0,0.6666666666666666,0.0,0.0,0.5,1.0346862958287246,0.7858863098610538
980,train,0,1,0,540.0,316.63488939140507,-0.3333333333333333,-71.29754567129635,0.0,0.0,0.0,236.78527466332747,0.5,0.8372778984708029,1.4986425160894201
980,train,2,1,0,600.0,-200.6579588402642,0.0,-65.50823863569377,0.0,0.0,0.0,216.3877025941122,0.5,0.8372778984708029,1.4986425160894201
981,train,0,1,1,-420.0,-182.23279788902983,-1.3333333333333333,0.0,0.0,0.0,0.6666666666666667,0.0,0.5,0.9527803996515556,0.8963403932538899
981,train,0,2,1,-60.0,507.1446853235434,-1.3333333333333333,0.0,0.0,0.0,0.6666666666666667,0.0,0.5,0.9527803996515556,0.8963403932538899
982,test,1,0,1,-120.0,-365.45625018152896,0.0,0.0,-77.62427606494916,0.0,0.0,-43.50720336445002,0.5,0.7169652849038926,1.3200840928075162
982,test,2,1,0,60.0,-51.43538727625969,0.3333333333333333,0.0,-19.521055508266727,0.0,0.0,71.37058173694822,0.5,0.7169652849038926,1.3200840928075162
983,test,2,0,1,-60.0,-213.61541979606955,0.0,0.0,-211.65847890362352,0.0,0.0,0.0,0.5,1.6883940721955684,1.29766302526704
983,test,2,1,1,0.0,-164.4312717267576,0.0,0.0,-992.2375948293018,0.0,0.0,0.0,0.5,1.6883940721955684,1.29766302526704
984,train,2,0,1,120.0,-704.5346589103956,0.0,24.877432020800683,-32.26798777551761,0.0,-1.6666666666666667,-56.31699649056294,0.5,1.5228019691432761,1.6756171181421826
984,train,1,2,0,-240.0,-63.829622369935805,0.26666666666666666,69.29578691679026,68.06571599654748,0.0,0.6666666666666667,51.435476777187006,0.5,1.5228019691432761,1.6756171181421826
985,train,0,2,0,60.0,-74.40335990529184,0.0,0.0,0.0,0.0,0.0,0.0,0.5,1.0,1.0
985,train,1,2,0,180.0,365.0065719539866,0.0,0.0,0.0,0.0,0.0,0.0,0.5,1.0,1.0
986,train,2,0,1,-60.0,-340.9139346869906,-0.33333333333333337,0.0,0.0,0.0,0.0,0.0,0.5,1.2568869347945348,1.3173803445509211
986,train,1,2,0,600.0,180.74928253539838,-0.3333333333333333,0.0,0.0,1.3333333333333335,0.0,0.0,0.5,1.2568869347945348,1.3173803445509211
987,test,0,2,0,540.0,-67.52553568878557,0.0,0.0,0.0,0.0,0.0,-35.80473639348932,0.5,0.9148567777147096,0.7293762114778497
987,test,1,2,0,180.0,867.8081351537239,0.0,0.0,0.0,0.0,0.0,74.620332528456,0.5,0.9148567777147096,0.7293762114778497
988,train,1,0,0,-180.0,-794.4759731810768,0.0,95.13613076980212,-146.18749575863933,0.0,0.0,0.0,0.5,1.2828277770738747,0.7509853306516036
988,train,2,0,0,-180.0,-685.3478438055367,0.0,183.27321760579565,-112.97658641927072,0.0,0.0,0.0,0.5,1.2828277770738747,0.7509853306516036
989,train,1,0,0,-120.0,328.4817846660935,0.0,289.34313973643873,-83.99479363309479,0.6666666666666666,2.4,0.0,0.5,0.7511961984485589,0.9492781710014493
989,train,0,2,1,-60.0,-69.70591562160644,0.0,-414.97342216715623,27.59127649810229,0.0,0.5333333333333332,0.0,0.5,0.7511961984485589,0.9492781710014493
990,train,0,2,0,-60.0,444.3461731997918,0.0,0.0,82.88825463679154,0.16666666666666666,-0.33333333333333326,0.0,0.5,0.9035191232399229,1.5824635276300025
990,train,2,1,1,-60.0,-990.1581454025136,0.0,0.0,-168.86381104647475,0.0,-0.6666666666666665,0.0,0.5,0.9035191232399229,1.5824635276300025
991,validation,2,0,1,-120.0,-925.3354072792677,0.13333333333333333,13.453691394703753,0.0,-0.06666666666666667,0.0,-115.39201896271172,0.5,1.7827449714971169,0.5843364604111588
991,validation,1,2,0,60.0,422.78327036648807,-0.26666666666666666,-78.4057179941785,0.0,0.13333333333333333,0.0,136.42897995458452,0.5,1.7827449714971169,0.5843364604111588
992,test,1,0,0,120.0,-31.795679044987537,0.0,-16.26807676971608,1.97108179439266,0.19047619047619047,-0.8571428571428571,3.099584457845019,0.5,0.7986241698718402,1.175396622884322
992,test,0,2,1,-120.0,-1014.4177099913959,-0.2857142857142857,-76.86720900934824,17.235104870403433,0.0,0.2857142857142858,-4.412071328802039,0.5,0.7986241698718402,1.175396622884322
993,train,0,2,0,-120.0,-94.45872978725038,0.0,0.0,0.0,0.0,0.0,498.0287011816299,0.5,0.848042596760251,0.5729390771183618
993,train,2,1,1,-420.0,-1431.093134165074,0.0,0.0,0.0,0.0,0.0,-571.7239451084876,0.5,0.848042596760251,0.5729390771183618
994,validation,0,1,1,-240.0,118.7079482536301,0.0,0.0,0.0,0.0,0.0,0.0,0.5,1.0,1.0
994,validation,0,2,1,-120.0,534.1771627559351,0.0,0.0,0.0,0.0,0.0,0.0,0.5,1.0,1.0
995,train,0,2,0,120.0,1407.865539905009,0.0,144.25490538407786,0.0,0.0,0.0,25.741177826637767,0.5,1.9111687552927472,1.0837222243619276
995,train,2,1,1,60.0,-478.88391259769014,0.0,317.59558890567496,0.0,-0.4,0.0,-33.867827129948694,0.5,1.9111687552927472,1.0837222243619276
996,train,1,0,0,480.0,753.2177458770884,2.0,0.0,0.0,0.0,0.0,0.0,0.5,0.7418175416610261,1.7652741167461194
996,train,0,2,1,-120.0,-685.3202066893855,-1.0,0.0,0.0,0.0,0.0,0.0,0.5,0.7418175416610261,1.7652741167461194
997,train,2,0,1,-360.0,-582.2609821474762,0.0,252.55077395387679,50.52537890484825,0.13333333333333336,-0.19999999999999996,0.0,0.5,1.0,1.0
997,train,1,2,0,60.0,425.242115315471,0.0,2.3977480975556205,48.32091374461979,-0.06666666666666668,0.6000000000000001,84.93220769388763,0.5,1.0,1.0
998,train,0,1,0,60.0,787.3864755086133,0.0,0.0,0.0,0.0,3.3333333333333335,0.0,0.5,0.9044368061868181,1.199214679975306
998,train,1,2,1,-480.0,-450.38544905410254,0.0,0.0,0.0,0.0,-2.6666666666666665,0.0,0.5,0.9044368061868181,1.199214679975306
999,test,2,0,1,60.0,183.79380157258447,0.0,-249.424809991093,0.0,0.0,0.16666666666666669,-10.176584551283547,0.5,1.0,1.0
999,test,1,2,0,60.0,-145.93885431961826,0.0,136.3987192271997,0.0,0.0,0.0,-0.3290002777424448,0.5,1.0,1.0
1000,test,0,2,0,-60.0,-532.8622422580202,0.2857142857142857,-22.28459326267199,13.53264731266313,0.0,0.7142857142857142,-30.735217249679337,0.5,1.4961073446548012,0.7220951348603899
1000,test,1,2,0,180.0,538.5647421157937,1.1428571428571428,-134.53833447925848,77.93276230786441,0.0,1.1904761904761902,-68.29963853552663,0.5,1.4961073446548012,0.7220951348603899
1001,train,0,1,1,180.0,943.1387616596826,0.0,0.0,0.0,0.0,0.0,0.0,0.5,1.0,1.0
1001,train,2,0,0,0.0,-434.144334467283,0.0,0.0,0.0,0.0,0.0,0.0,0.5,1.0,1.0
1002,train,1,0,0,-60.0,-347.14731662827876,0.0,0.0,0.0,1.0,0.0,0.0,0.5,0.9521336275258934,1.9312852318756972
1002,train,2,0,0,0.0,-393.1117851011677,0.0,0.0,0.0,0.0,0.0,0.0,0.5,0.9521336275258934,1.9312852318756972
1003,validation,1,0,1,-60.0,7.201527369626547,0.0,41.11630198927031,-5.106898526514554,0.38095238095238093,-0.14285714285714285,-34.37699972998032,0.5,1.7707391574433269,0.6351872740679056
1003,validation,2,1,0,60.0,-61.3451592033407,0.09523809523809523,-12.701398783884713,0.9803716165984326,-0.19047619047619047,-0.14285714285714285,65.13851136987284,0.5,1.7707391574433269,0.6351872740679056
1004,train,2,0,1,-180.0,-1885.6958487540278,0.09523809523809523,-993.0948956944301,40.24565846509604,0.38095238095238093,-0.09523809523809523,-91.53424669204412,0.5,1.0,1.0
1004,train,1,2,0,240.0,1000.3063542753571,-0.2857142857142857,474.0522708015598,293.5349991004849,-0.38095238095238093,0.047619047619047616,68.05632507663128,0.5,1.0,1.0
1005,train,1,0,1,-240.0,-939.4422767034957,-0.14285714285714285,-92.6658690111941,-32.297200393307776,0.0,-1.1904761904761905,42.53920535157844,0.5,0.585450736841417,0.5146716624480236
1005,train,2,1,0,240.0,-729.0235532457195,0.09523809523809523,-210.81044591833276,-1.7192895336595484,0.14285714285714285,-0.23809523809523814,-17.286117551084807,0.5,0.585450736841417,0.5146716624480236
1006,test,1,0,1,-180.0,25.314915601711164,0.13333333333333333,124.02098070035987,-103.66025240955283,0.0,0.0,-90.76626184562335,0.5,0.7221392435921431,1.4892080253268623
1006,test,1,2,1,-60.0,-1132.5560726877497,0.0,-204.71924193316505,-73.76238067276988,0.13333333333333333,0.0,-15.502815229836699,0.5,0.7221392435921431,1.4892080253268623
1007,train,2,0,1,-180.0,-2191.368548226864,-0.23809523809523808,-474.92433120851445,-136.53623024776516,0.0,0.2857142857142857,-52.34227478211805,0.5,1.0,1.0
1007,train,2,1,1,-540.0,-1143.044763340763,0.23809523809523808,-476.5552584444298,-35.58681998471921,-0.19047619047619047,-0.5714285714285714,-53.273448530349704,0.5,1.0,1.0
1008,train,0,1,1,120.0,911.5227882998679,0.0,-39.892806063442265,0.0,-0.1,-0.5999999999999999,1.1612489455359167,0.5,1.7984976779182176,0.5119238908610103
1008,train,2,0,0,120.0,-277.7189518658065,0.0,-4.827852438275073,0.0,0.1,0.5999999999999999,0.5420225582747165,0.5,1.7984976779182176,0.5119238908610103
1009,train,0,1,0,420.0,-190.38125452900385,0.10000000000000003,0.0,0.0,-0.2,2.4,181.08451664345844,0.5,0.9785801391009568,1.5719866811373389
1009,train,2,1,0,120.0,-280.7528902824042,-0.1,0.0,0.0,-0.2,2.8,231.82412392463291,0.5,0.9785801391009568,1.5719866811373389
1010,train,1,0,0,60.0,360.47962403964175,0.0,46.32445746246748,0.0,0.0,-0.6666666666666667,0.0,0.5,1.0,1.0
1010,train,0,2,1,-120.0,-18.227482328474252,0.0,-639.589366190169,0.0,0.0,0.0,0.0,0.5,1.0,1.0
1011,train,0,2,0,-120.0,-1003.4812702531899,0.0,0.0,0.0,0.0,0.6666666666666666,-23.894587184102697,0.5,1.2766743213677085,0.675622785577152
1011,train,2,1,1,-60.0,590.3074359441075,0.0,0.0,0.0,0.0,-0.6666666666666666,29.518179561166708,0.5,1.2766743213677085,0.675622785577152
1012,train,1,0,0,-180.0,149.7473510805653,0.0,14.012441591628658,0.0,0.4,0.8,32.60945329307954,0.5,0.5235542108263392,1.1062565097683263
1012,train,0,2,1,240.0,-747.3835778314983,0.0,-349.81538072785617,0.0,-0.4,-0.2,-22.341736662688376,0.5,0.5235542108263392,1.1062565097683263
1013,train,0,1,1,60.0,1319.4393701246954,0.3333333333333333,0.0,-57.96163429315167,-0.2,-0.2666666666666667,33.491630551409116,0.5,0.7209025249730856,0.6969368660920356
1013,train,2,0,0,-240.0,-899.120437806052,-0.3333333333333333,0.0,50.67422434552012,0.6000000000000001,0.0,-37.795337634712006,0.5,0.7209025249730856,0.6969368660920356
1014,train,0,2,0,-60.0,84.98885441054472,0.26666666666666666,-85.24142599395857,0.0,0.6000000000000001,0.6666666666666667,14.10382842479815,0.5,0.6179682620241798,1.3169353882338275
1014,train,2,1,1,-120.0,74.92108285725317,-0.5333333333333333,-17.178223043846415,0.0,-0.2,0.33333333333333326,-42.6776771439294,0.5,0.6179682620241798,1.3169353882338275
1015,train,0,2,0,360.0,740.2270401610449,0.0,118.5238403778412,-22.361648005946716,0.0,0.06666666666666668,58.273513817532205,0.5,1.7738584909400215,0.8756622513808597
1015,train,2,1,1,60.0,-156.12389110096228,0.0,-40.965931587723475,25.240731101877273,0.0,0.0,-104.2023170204047,0.5,1.7738584909400215,0.8756622513808597
1016,train,0,2,0,60.0,604.6200247120692,0.3333333333333333,-38.681775006737666,0.0,0.0,0.0,86.40185710118104,0.5,1.0019923631508303,0.819745293833734
1016,train,1,2,0,360.0,1093.398811422252,-0.3333333333333333,335.807417224791,0.0,0.0,0.0,118.6471065109978,0.5,1.0019923631508303,0.819745293833734
1017,train,1,0,1,-120.0,-1705.0850322303113,0.0,-361.49992032991577,0.0,0.0,0.0,0.0,0.5,1.0,1.0
1017,train,1,2,1,-120.0,-1538.2204301125748,0.0,-454.76850023325505,0.0,0.0,0.0,0.0,0.5,1.0,1.0
1018,train,2,0,1,840.0,603.6781725314013,0.0,0.0,-14.328587911893209,-0.4,0.0,5.995336118749975,0.5,0.727740124712574,1.1943687534272485
1018,train,1,2,0,-720.0,260.57782940504603,0.0,0.0,324.1214237868911,0.20000000000000004,-0.20000000000000018,175.57794301072613,0.5,0.727740124712574,1.1943687534272485
1019,train,0,1,1,60.0,-251.57457143570764,-0.13333333333333336,0.0,-70.3035793938541,0.0,0.06666666666666665,-25.069123313091197,0.5,1.107339235754014,0.5342374721960758
1019,train,2,0,0,300.0,417.0955954458409,0.0,0.0,106.09749713106201,-0.3333333333333333,0.0,142.71494144113396,0.5,1.107339235754014,0.5342374721960758
1020,train,1,0,0,240.0,810.1825940916556,0.0,0.0,0.0,0.0,0.0,0.0,0.5,1.0,1.0
1020,train,0,2,1,-120.0,-581.6966856766417,0.0,0.0,0.0,0.0,0.0,0.0,0.5,1.0,1.0
1021,test,1,0,1,-300.0,-466.6348007879071,-0.23809523809523808,-215.26678222317884,26.56505522111096,0.0,0.19047619047619047,16.15275396715184,0.5,0.6424447385182255,0.5291817463962535
1021,test,1,2,1,60.0,39.672602067946855,-0.23809523809523808,-91.38108441609435,20.849489490071207,0.0,0.14285714285714285,17.900850073306174,0.5,0.6424447385182255,0.5291817463962535
1022,validation,0,1,0,120.0,1015.8768042278757,0.0,0.0,0.0,0.0,0.0,0.0,0.5,1.0,1.0
1022,validation,2,1,0,0.0,318.2511599885106,0.0,0.0,0.0,0.0,0.0,0.0,0.5,1.0,1.0
1023,test,1,0,0,120.0,749.0951479687383,0.0,0.0,-136.17188115106785,0.0,0.5,0.0,0.5,0.8817508130448244,0.5203369779582164
1023,test,2,0,0,180.0,66.07514142327364,0.0,0.0,-51.45803961188463,0.0,0.16666666666666666,0.0,0.5,0.8817508130448244,0.5203369779582164
1024,validation,1,0,0,120.0,992.027527176509,-0.19047619047619047,340.8698788410684,23.686371749623568,0.2857142857142857,0.4761904761904763,-52.6185688853434,0.5,1.0,1.0
1024,validation,2,0,0,-180.0,-319.51744629615496,0.0,61.86421042416856,57.71189044069201,0.0,0.23809523809523814,-3.0464586405349294,0.5,1.0,1.0
1025,train,0,1,1,-120.0,-403.78612695356696,0.0,0.0,-24.072043688572286,-0.5,0.3333333333333333,0.0,0.5,0.8463884748061556,1.0045026893745255
1025,train,2,0,0,120.0,398.9722716455167,0.0,0.0,-25.481371523211543,0.0,0.3333333333333333,0.0,0.5,0.8463884748061556,1.0045026893745255
1026,train,0,1,0,600.0,2342.742084247875,0.9000000000000001,17.343636961636776,0.0,0.0,-0.4,0.0,0.5,1.0,1.0
1026,train,1,2,1,-360.0,-1722.136185084496,0.6,-878.3902006780554,0.0,-0.4,0.4,0.0,0.5,1.0,1.0
1027,train,0,1,1,120.0,861.1705330508548,0.0,0.0,0.0,0.0,0.0,0.0,0.5,0.9658919563107293,1.5399823265340506
1027,train,0,2,1,-180.0,-111.10116907884276,-1.0,0.0,0.0,0.0,0.0,0.0,0.5,0.9658919563107293,1.5399823265340506
1028,train,0,1,0,-60.0,-41.778074785086574,0.0,0.0,0.0,0.0,1.0,0.0,0.5,1.6581660347002092,0.5513850879813041
1028,train,1,2,1,0.0,379.3287485880642,0.0,0.0,0.0,0.0,0.0,0.0,0.5,1.6581660347002092,0.5513850879813041
1029,train,1,0,0,180.0,-531.8424643179706,0.0,0.0,0.0,0.0,0.0,0.0,0.5,1.0,1.0
1029,train,2,0,0,-180.0,-990.4150004496737,0.0,0.0,0.0,0.0,0.0,0.0,0.5,1.0,1.0
1030,train,1,0,0,120.0,-809.0891113480784,0.5999999999999999,0.0,-53.02078864688272,0.0,-0.20000000000000007,178.19611160799727,0.5,0.9345668743589675,0.9111742165005585
1030,train,0,2,1,-120.0,833.3817408843593,0.3,0.0,52.61309606374532,0.0,0.30000000000000004,-8.483243515764329,0.5,0.9345668743589675,0.9111742165005585
1031,train,0,2,0,60.0,-6.033137462919058,0.0,0.0,228.61173765559357,0.0,0.0,-26.400471279200662,0.5,1.369092607462501,1.0276592232758697
1031,train,1,2,0,180.0,665.3346208236217,0.0,0.0,16.460617857610558,0.0,0.0,-18.16257875157886,0.5,1.369092607462501,1.0276592232758697
1032,test,1,0,0,360.0,766.1617457960974,0.3333333333333333,19.20183921022715,0.0,0.0,1.5,0.0,0.5,0.7938455125105448,0.6419423956894375
1032,test,0,2,1,0.0,-1732.4848714096543,-0.3333333333333333,-464.6071349911442,0.0,0.0,1.0,0.0,0.5,0.7938455125105448,0.6419423956894375
1033,train,0,1,0,60.0,263.250211748561,0.0,-193.3064547598384,0.0,1.0,0.0,35.4632542192962,0.5,0.5226283295619408,1.7475101565552542
1033,train,2,1,0,-60.0,394.43584942891357,0.0,-23.789061285066907,0.0,0.0,0.0,0.0,0.5,0.5226283295619408,1.7475101565552542
1034,train,2,0,1,0.0,1186.3018064144558,0.0,0.0,0.0,0.0,0.0,0.0,0.5,1.0,1.0
1034,train,2,1,1,60.0,378.5833849090386,0.0,0.0,0.0,0.0,0.0,0.0,0.5,1.0,1.0
1035,test,2,0,1,-240.0,-2954.0054354475515,0.0,0.0,-74.4755421579946,0.0,-1.3333333333333335,0.0,0.5,0.978714459989056,0.9172292521842861
1035,test,2,1,1,0.0,-876.5692821646944,0.0,0.0,-508.21049957141634,0.0,-0.6666666666666665,0.0,0.5,0.978714459989056,0.9172292521842861
1036,train,0,1,1,-240.0,-217.63803910015395,0.0,0.0,0.0,0.0,0.0,0.0,0.5,1.0,1.0
1036,train,0,2,1,-360.0,-69.1023187718938,0.0,0.0,0.0,0.0,0.0,0.0,0.5,1.0,1.0
1037,validation,0,1,0,1080.0,2220.8020823322677,0.19047619047619047,56.234124409743046,43.26828311977888,0.2857142857142857,0.1428571428571428,101.05332451939468,0.5,1.4321784897929655,0.653200389387127
1037,validation,2,1,0,300.0,1389.3257144882791,0.47619047619047616,-25.368522928361777,-3.902333212992076,-0.2857142857142857,-0.4285714285714286,76.88135411476104,0.5,1.4321784897929655,0.653200389387127
1038,train,1,0,1,120.0,-366.0118890655099,0.0,0.0,0.0,0.0,-3.9999999999999996,99.85501783259443,0.5,1.68082217847846,0.5581598633138859
1038,train,2,1,0,-240.0,-685.8137981390323,0.0,0.0,0.0,0.0,2.0,-59.69161929965345,0.5,1.68082217847846,0.5581598633138859
1039,train,1,0,0,480.0,305.5381539610862,0.0,875.710882027993,-326.9353903160301,0.0,0.8333333333333333,0.0,0.5,1.0,1.0
1039,train,0,2,1,-360.0,389.6233994821632,0.0,-741.219450286113,436.4680722536068,0.0,-1.0,0.0,0.5,1.0,1.0
1040,train,2,0,1,-60.0,-862.3328823646671,0.0,0.0,0.0,-0.5,0.3333333333333335,-23.529489657800283,0.5,0.5222355201724158,0.5235509933802339
1040,train,2,1,1,-600.0,-1145.782828603249,0.0,0.0,0.0,-0.5,0.0,0.4413716980493163,0.5,0.5222355201724158,0.5235509933802339
1041,train,0,1,1,-240.0,-1870.1136545989184,0.0,-685.3551911232257,0.0,0.0,0.6666666666666665,0.0,0.5,1.2428926629320898,1.719736747938572
1041,train,0,2,1,-240.0,265.0729393394877,0.0,-429.8138728871482,0.0,0.0,0.6666666666666665,0.0,0.5,1.2428926629320898,1.719736747938572
1042,train,0,1,0,0.0,-661.9634787681143,0.0,-283.784317052184,0.0,0.0,3.333333333333333,0.0,0.5,0.8543045745638921,0.5785902354857575
1042,train,2,1,0,180.0,42.07283520385363,0.0,-136.67606824870393,0.0,0.0,5.333333333333333,0.0,0.5,0.8543045745638921,0.5785902354857575
1043,test,0,1,0,240.0,125.02857172295262,0.0,0.0,0.0,0.0,0.0,0.0,0.5,1.0,1.0
1043,test,2,1,0,-180.0,-368.19694466587407,0.0,0.0,0.0,0.0,0.0,0.0,0.5,1.0,1.0
1044,train,2,0,1,0.0,419.0779375032862,0.2,183.67316389216654,7.275004738776687,-0.4,0.0,0.0,0.5,1.7105946356470556,0.7932174086559344
1044,train,1,2,0,-120.0,1169.4983115092073,0.4,509.47588149946773,-41.59806216879632,0.8,0.0,0.0,0.5,1.7105946356470556,0.7932174086559344
1045,validation,0,2,0,1440.0,2235.824512281466,0.0,96.63327653348045,429.1549993121761,-0.06666666666666667,-0.2666666666666666,103.10785417114631,0.5,1.3911320946787058,0.862418836436311
1045,validation,1,2,0,1620.0,2998.45584362879,0.0,499.369419900376,-90.31231536100555,-0.06666666666666667,0.7999999999999998,-12.96361165897639,0.5,1.3911320946787058,0.862418836436311
1046,test,0,2,0,360.0,559.9743434466773,0.0,0.0,0.0,0.0,4.0,0.0,0.5,1.3153908336825528,0.7388854588501563
1046,test,1,2,0,180.0,-243.42856752058378,0.0,0.0,0.0,0.0,3.0,0.0,0.5,1.3153908336825528,0.7388854588501563
1047,test,2,0,1,-240.0,-171.49592352694526,-0.2,0.0,0.0,0.0,1.6,0.0,0.5,0.9192806106242327,1.176601098114639
1047,test,1,2,0,180.0,-581.9436479418491,0.2,0.0,0.0,-0.1,-1.6,135.61814690298004,0.5,0.9192806106242327,1.176601098114639
1048,train,1,0,1,0.0,-474.4805779958433,0.0,0.0,0.0,1.0,-0.6666666666666665,0.14160746197351415,0.5,1.5491352594638341,1.197558806265105
1048,train,1,2,1,-240.0,-946.0901696079181,0.0,0.0,0.0,0.0,-0.33333333333333326,-12.729446652464354,0.5,1.5491352594638341,1.197558806265105
1049,train,1,0,0,60.0,-278.996376767891,0.6666666666666667,0.0,81.53529281399113,0.0,0.0,0.0,0.5,1.2723901347173316,0.8706190825238505
1049,train,0,2,1,-60.0,-221.53374436588,0.0,0.0,-214.43677836272997,0.0,0.0,0.0,0.5,1.2723901347173316,0.8706190825238505
1050,validation,2,0,1,-240.0,-110.57105746402067,0.0,-865.9783554752662,0.0,0.0,0.0,0.0,0.5,1.0,1.0
1050,validation,1,2,0,0.0,2607.7905600025815,0.0,853.1745311927668,0.0,0.0,0.0,0.0,0.5,1.0,1.0
1051,validation,2,0,1,-540.0,-731.9670191527966,0.0,0.0,0.0,0.0,0.0,0.0,0.5,1.0,1.0
1051,validation,1,2,0,1020.0,-232.02671599518817,0.0,0.0,0.0,0.0,0.0,0.0,0.5,1.0,1.0
1052,train,1,0,1,-300.0,-44.486439156341476,0.0,0.0,-44.34734568107629,0.0,0.33333333333333326,-244.99547317363394,0.5,0.5242136685223218,0.6057311785208384
1052,train,2,1,0,240.0,-101.64637402944663,0.0,0.0,407.00367705012,0.0,-0.33333333333333326,88.37094787402559,0.5,0.5242136685223218,0.6057311785208384
1053,test,0,2,0,240.0,313.4970517660722,0.0,441.6404826573741,38.936535021096375,0.0,2.7,19.73350091782941,0.5,1.0,1.0
1053,test,2,1,1,-240.0,-757.6902700780229,0.0,-167.66882712316914,46.02685093629805,0.0,-0.5999999999999999,10.014748794271465,0.5,1.0,1.0
1054,train,0,2,0,420.0,1023.0288568212263,0.0,0.0,0.0,0.0,4.0,227.62435173183007,0.5,0.7796089319934284,1.4201204211987122
1054,train,1,2,0,300.0,325.26628707975397,0.0,0.0,0.0,0.0,3.333333333333333,-12.898298051240134,0.5,0.7796089319934284,1.4201204211987122
1055,validation,1,0,0,240.0,-462.1386588642663,0.0,0.0,0.0,0.0,0.0,0.0,0.5,1.0,1.0
1055,validation,2,0,0,420.0,1325.2356172040936,0.0,0.0,0.0,0.0,0.0,0.0,0.5,1.0,1.0
1056,train,0,1,0,-60.0,595.9319285064676,-1.0,0.0,0.0,0.0,0.0,0.0,0.5,1.323641601909933,1.7160064514556825
1056,train,1,2,1,-180.0,-1840.3511797799292,1.0,0.0,0.0,0.0,0.0,0.0,0.5,1.323641601909933,1.7160064514556825
1057,train,0,1,0,-60.0,1162.7905051556681,0.0,0.0,0.0,0.0,4.0,0.0,0.5,1.51207464048262,1.1283515401657482
1057,train,1,2,1,-120.0,273.12132426078733,0.0,0.0,0.0,0.0,-5.0,0.0,0.5,1.51207464048262,1.1283515401657482
1058,train,0,1,1,-120.0,-5242.588188252218,-0.5333333333333333,-14.134846455792967,-136.044970320522,0.0,-1.0666666666666669,-80.12240822593219,0.5,1.0,1.0
1058,train,0,2,1,120.0,-1821.3297390577718,0.26666666666666666,-467.835718089651,-134.8305064538372,0.0,-0.4,-31.305328393015387,0.5,1.0,1.0
1059,train,2,0,1,-240.0,-346.38286221378166,-0.8,0.0,-13.106096367104648,0.0,1.333333333333333,-94.49802229710113,0.5,0.885225483728542,1.0648612544354261
1059,train,1,2,0,60.0,517.0531106729659,0.8,0.0,-20.094241336786794,0.13333333333333333,1.666666666666667,184.59129151613976,0.5,0.885225483728542,1.0648612544354261
1060,train,0,1,1,-240.0,-493.96332394894716,0.0,0.0,0.0,0.0,0.0,0.0,0.5,1.0,1.0
1060,train,0,2,1,-180.0,-296.19768867681387,0.0,0.0,0.0,0.0,0.0,0.0,0.5,1.0,1.0
1061,train,0,2,0,720.0,1246.1906191358812,0.0,48.90591731311372,64.57669805808669,0.14285714285714285,0.5714285714285714,2.8142247704929026,0.5,0.6908857170288123,0.8265284376401798
1061,train,1,2,0,-60.0,35.724542517448754,0.2857142857142857,136.12575462883348,-18.583452446549394,0.14285714285714285,0.19047619047619047,-4.105339527574877,0.5,0.6908857170288123,0.8265284376401798
1062,validation,2,0,1,0.0,-119.16611692965671,-0.4,-157.82301776816348,-44.492519424296944,0.0,0.2,0.0,0.5,1.9891616155729472,0.8541586114623969
1062,validation,1,2,0,120.0,270.4108647474218,0.0,34.247317310894914,12.947636300985934,0.0,0.20000000000000007,0.0,0.5,1.9891616155729472,0.8541586114623969
1063,test,1,0,1,120.0,2476.2547941158145,0.0,0.0,-753.7003429345708,0.0,0.0,346.4070341127226,0.5,1.179958181063466,0.5898493583595612
1063,test,2,1,0,-60.0,-2830.117799442698,0.0,0.0,724.3094143227671,0.16666666666666666,0.0,-67.15148187103273,0.5,1.179958181063466,0.5898493583595612
1064,validation,0,1,1,-60.0,-254.4839643449618,0.0,0.0,0.0,0.0,0.0,0.0,0.5,1.0,1.0
1064,validation,0,2,1,-120.0,-475.97764546489407,0.0,0.0,0.0,0.0,0.0,0.0,0.5,1.0,1.0
1065,train,0,1,0,-360.0,-426.9167388733031,0.0,-69.27255816383449,439.22067217987296,0.38095238095238093,0.7142857142857142,9.598214590844947,0.5,0.5650053730885475,1.7003315229169054
1065,train,2,1,0,-60.0,257.8481953528626,-0.19047619047619047,296.6291862811207,68.47086905547732,-0.19047619047619047,0.0,-22.214544432052907,0.5,0.5650053730885475,1.7003315229169054
1066,train,0,1,0,180.0,589.6111743247898,0.4,0.0,212.92959475932085,0.0,-0.8000000000000002,-53.54414011299995,0.5,1.9608601863262562,1.1200630080535574
1066,train,1,2,1,-300.0,395.0318003483271,0.0,0.0,7.802866110129969,0.0,0.40000000000000013,-69.66648215076957,0.5,1.9608601863262562,1.1200630080535574
1067,validation,0,2,0,240.0,1325.3735250775885,0.0,0.0,0.0,0.0,-1.0,0.0,0.5,0.5050383293571533,0.6027685513376563
1067,validation,2,1,1,0.0,-172.51153651716913,0.0,0.0,0.0,0.0,0.0,0.0,0.5,0.5050383293571533,0.6027685513376563
1068,train,0,1,0,0.0,16.370161380443278,0.0,29.737140206912443,21.3564124628505,0.0,0.0,-60.271859506196996,0.5,1.7962243456385296,0.7549726421822273
1068,train,1,2,1,0.0,607.640729213394,0.0,-124.76851233943223,-59.77876689859755,0.4,0.0,-36.02831377016346,0.5,1.7962243456385296,0.7549726421822273
1069,test,0,2,0,240.0,1054.3132256836388,0.0,0.0,0.0,0.0,0.0,0.0,0.5,1.0,1.0
1069,test,2,1,1,-120.0,-891.721807354384,0.0,0.0,0.0,0.0,0.0,0.0,0.5,1.0,1.0
1070,train,1,0,1,180.0,-187.20755527587517,-0.2,-7.488341314186968,-77.23091516495654,-0.3333333333333333,-0.13333333333333336,0.0,0.5,1.3829469104508199,0.9547131575265533
1070,train,1,2,1,-360.0,-867.0930828012447,-0.2,49.67143478361044,-144.58040090389406,0.0,-0.5333333333333334,0.0,0.5,1.3829469104508199,0.9547131575265533
1071,train,0,2,0,300.0,-743.6878110895273,1.0,17.979073776344194,25.538331108994555,0.0,-1.6,49.461490361220946,0.5,0.7426175573492655,0.8498205177141718
1071,train,1,2,0,60.0,544.7723960827807,0.0,132.39806769051722,151.91386322916858,0.0,-0.8,78.96417719723277,0.5,0.7426175573492655,0.8498205177141718
1072,validation,0,2,0,60.0,503.11441258850573,0.2857142857142857,12.316083578992984,26.80311431765606,0.0,0.5714285714285714,0.0,0.5,0.7006380740443618,0.5029727825397763
1072,validation,1,2,0,-180.0,121.74526819837092,0.0,1.3296500701114624,146.3860853392925,0.19047619047619047,0.14285714285714285,26.079385746553832,0.5,0.7006380740443618,0.5029727825397763
1073,train,0,1,1,240.0,-499.3913408523845,0.0,-121.46781290168002,70.63754662615028,0.0,-1.0,0.0,0.5,1.0222135001229773,0.8676974729218289
1073,train,2,0,0,-60.0,1693.814448230573,0.0,82.18503934454856,-142.88417266466894,0.0,2.0,0.0,0.5,1.0222135001229773,0.8676974729218289
1074,train,0,1,0,0.0,-178.66454151118296,0.0,-98.93708125346507,231.35608119934548,0.0,0.0,0.0,0.5,1.5208071656970856,1.1457579483116906
1074,train,1,2,1,60.0,103.71969549726464,0.0,-112.56030823938147,-86.93405223333974,0.0,0.0,0.0,0.5,1.5208071656970856,1.1457579483116906
1075,train,1,0,0,60.0,-1399.088517105416,0.0,0.0,179.04892639095607,0.0,-1.333333333333333,0.0,0.5,0.8799081167953727,1.2730831542641712
1075,train,0,2,1,-180.0,753.3926689027539,0.0,0.0,-112.67508413392088,0.0,-0.3333333333333335,0.0,0.5,0.8799081167953727,1.2730831542641712
1076,train,1,0,1,-120.0,-491.93831415056684,0.0,-1352.8389500841301,0.0,0.0,0.0,0.0,0.5,1.0,1.0
1076,train,1,2,1,120.0,211.88671940145468,0.0,-1531.324722458273,0.0,0.0,0.0,0.0,0.5,1.0,1.0
1077,train,1,0,0,180.0,660.5243438460602,0.0,-108.44574352921381,0.0,0.0,0.0,254.76853992683348,0.5,0.8970179936134198,0.7484706086868143
1077,train,0,2,1,120.0,132.21066424915534,0.0,-19.930275199392668,0.0,0.0,0.0,-369.2456755884492,0.5,0.8970179936134198,0.7484706086868143
1078,test,0,1,0,0.0,457.0654306960896,0.0,862.1579169920317,0.0,0.0,0.0,45.48256085402616,0.5,1.0,1.0
1078,test,2,1,0,-120.0,435.3498790643944,0.3333333333333333,272.9370836248643,0.0,0.0,0.0,77.99011100926302,0.5,1.0,1.0
1079,train,2,0,1,-120.0,918.2857741379316,-0.16666666666666666,0.0,0.0,-0.3333333333333333,-3.0,0.0,0.5,1.5555889625690376,0.7903213282340906
1079,train,1,2,0,0.0,-486.8227162819344,0.0,0.0,0.0,0.0,1.0,0.0,0.5,1.5555889625690376,0.7903213282340906
1080,train,0,2,0,0.0,514.7577483420905,0.0,0.0,26.089320876953337,0.3333333333333333,0.0,0.0,0.5,1.795659238065884,0.5843135980498355
1080,train,2,1,1,120.0,-975.8156843219463,0.0,0.0,-72.63721258686559,-0.6666666666666666,0.0,0.0,0.5,1.795659238065884,0.5843135980498355
1081,validation,0,2,0,300.0,105.31668343262754,0.2666666666666667,-55.06016662615198,-120.06473482573656,0.26666666666666666,0.19999999999999998,0.0,0.5,1.0,1.0
1081,validation,2,1,1,60.0,428.36619309887374,-0.13333333333333333,53.892244242755766,188.0555663745404,-0.26666666666666666,-0.5333333333333333,0.0,0.5,1.0,1.0
1082,train,0,1,0,-60.0,352.4949608378374,0.0,0.0,1635.466984888522,0.0,0.0,0.0,0.5,0.7080960505821181,0.7244301843160355
1082,train,2,1,0,240.0,-137.12437888559907,0.0,0.0,698.946857185293,0.0,0.0,0.0,0.5,0.7080960505821181,0.7244301843160355
1083,train,1,0,1,0.0,-558.7236185758538,0.0,-1.7793795098918963,-228.78302434223167,0.047619047619047616,-0.4285714285714285,-85.84096388556365,0.5,0.8086850074518879,1.9942477188076364
1083,train,1,2,1,-840.0,-1433.8992281130504,0.2857142857142857,-58.569340316891186,-128.19613240420506,0.047619047619047616,0.0,-48.93446009016492,0.5,0.8086850074518879,1.9942477188076364
1084,test,2,0,1,-60.0,-1526.2690128233862,0.0,0.0,0.0,0.0,-1.333333333333333,0.0,0.5,1.5214282564433501,0.5403760344280025
1084,test,2,1,1,-60.0,351.4899612925701,0.0,0.0,0.0,0.0,-0.33333333333333326,0.0,0.5,1.5214282564433501,0.5403760344280025
1085,train,2,0,1,-360.0,-286.30726596303884,-0.13333333333333333,-196.4492014497747,42.878255768001985,0.4,0.0,-100.7979889867049,0.5,1.0,1.0
1085,train,1,2,0,300.0,569.9748133728863,0.2666666666666667,689.7069343056239,5.320372574673016,0.0,0.0,69.167327534436,0.5,1.0,1.0
1086,train,1,0,1,-180.0,-301.9145693072105,0.0,0.0,0.0,0.0,0.0,0.0,0.5,1.0,1.0
1086,train,2,1,0,180.0,-371.13245886425375,0.0,0.0,0.0,0.0,0.0,0.0,0.5,1.0,1.0
1087,validation,0,1,1,0.0,-285.133668858341,0.0,-429.2522188059821,0.0,0.0,0.0,0.0,0.5,1.0,1.0
1087,validation,0,2,1,-240.0,-645.2702816646847,0.0,102.30754553958292,0.0,-0.3333333333333333,0.0,0.0,0.5,1.0,1.0
1088,validation,0,2,0,-60.0,948.7519091552567,0.19047619047619047,-5.481339328833229,78.10514728054416,0.0,0.7619047619047619,0.0,0.5,1.7712489257421744,0.6836728579197476
1088,validation,1,2,0,180.0,913.7657595956362,0.09523809523809523,15.796313939395745,100.86273543600724,0.0,1.7142857142857142,27.60586317293521,0.5,1.7712489257421744,0.6836728579197476
1089,train,2,0,1,-60.0,223.27880047287636,0.0,0.0,0.0,0.0,0.0,0.0,0.5,0.897277514017157,0.6225999919850601
1089,train,2,1,1,-300.0,390.6278581590677,0.0,0.0,0.0,0.0,0.0,0.0,0.5,0.897277514017157,0.6225999919850601
1090,train,1,0,0,-180.0,-43.81156070020552,0.0,0.0,0.0,1.0,0.0,0.0,0.5,1.0735472896556493,0.5372015037814668
1090,train,0,2,1,120.0,-498.50720761138473,0.0,0.0,0.0,0.0,0.0,0.0,0.5,1.0735472896556493,0.5372015037814668
1091,validation,0,1,1,-180.0,-544.5806912799403,0.0,163.8497334675178,-54.96660210321123,0.0,-0.38095238095238093,37.467051530115285,0.5,1.70501964055237,1.6942801533418874
1091,validation,0,2,1,-180.0,-54.89837378367565,0.0,153.99608729079512,7.647849608943206,-0.47619047619047616,-0.19047619047619047,5.016451488353724,0.5,1.70501964055237,1.6942801533418874
1092,validation,1,0,1,120.0,989.2040494677212,0.0,0.0,0.0,-2.0,0.0,0.0,0.5,1.7607018763292648,1.3219651589841341
1092,validation,2,1,0,60.0,258.3185370787987,0.0,0.0,0.0,1.0,0.0,0.0,0.5,1.7607018763292648,1.3219651589841341
1093,validation,1,0,0,-240.0,163.28577908627904,0.0,219.7684693656542,-16.969720080930557,0.0,0.8,88.01271676604698,0.5,1.0,1.0
1093,validation,2,0,0,-60.0,-48.02717476476391,-0.13333333333333333,598.1343633225533,-41.69073535579088,0.0,1.0666666666666667,22.648688003724857,0.5,1.0,1.0
1094,train,2,0,1,0.0,-110.8489927380283,0.0,0.0,0.0,0.0,0.0,111.81181512475791,0.5,1.0366232524771695,1.9199219627548036
1094,train,1,2,0,0.0,-158.96206096912442,0.0,0.0,0.0,0.0,0.0,-171.40473957152773,0.5,1.0366232524771695,1.9199219627548036
1095,train,0,1,0,300.0,-226.45428299847526,0.4,-161.90854393490838,0.0,0.1,0.0,0.0,0.5,0.7248381671738096,1.6917966926393118
1095,train,2,1,0,180.0,-952.1335824578682,0.0,13.553170487951945,0.0,0.0,0.30000000000000004,0.0,0.5,0.7248381671738096,1.6917966926393118
1096,train,0,1,0,-300.0,-1349.1967226161755,0.047619047619047616,6.287954840661499,95.56149783943422,0.23809523809523808,-0.19047619047619047,-30.04996554852096,0.5,0.5637914789662947,0.7670288681697788
1096,train,1,2,1,-300.0,985.362468417582,0.0,-7.937355319430893,24.096137961249013,-0.23809523809523808,-0.7619047619047619,86.70184459848979,0.5,0.5637914789662947,0.7670288681697788
1097,train,2,0,1,60.0,342.18707326949607,0.0,-101.6937089383005,9.104326558262507,0.0,0.23809523809523803,-2.3800055560929927,0.5,1.4553530410435735,1.8263430292391003
1097,train,1,2,0,-120.0,171.45273504798297,0.0,-44.450603852982695,121.42172729590709,0.0,-0.4761904761904761,4.315584335005294,0.5,1.4553530410435735,1.8263430292391003
1098,train,1,0,1,-300.0,-1489.0996901971885,0.0,0.0,0.0,0.0,0.0,-369.72435684561657,0.5,0.5287729099980323,0.6969199381513002
1098,train,2,1,0,0.0,683.4680189404244,1.0,0.0,0.0,0.0,0.0,350.84809513230755,0.5,0.5287729099980323,0.6969199381513002
1099,train,0,1,0,-60.0,316.26848572452354,0.9523809523809523,135.92659681113963,-20.362833464244847,0.0,0.23809523809523814,-17.288444497730723,0.5,1.0,1.0
1099,train,2,1,0,240.0,810.6860907652349,0.5714285714285714,137.52738840303095,10.605472301931734,0.0,1.6666666666666667,-12.2238454310775,0.5,1.0,1.0
1100,train,0,1,1,0.0,-2013.2054966879741,0.0,0.0,0.0,0.0,0.0,-654.8933485071088,0.5,0.5329673380276488,0.8544192770230113
1100,train,2,0,0,-60.0,814.4955449126992,0.0,0.0,0.0,0.0,0.0,695.7640969699855,0.5,0.5329673380276488,0.8544192770230113
1101,validation,0,1,1,60.0,109.10519697346126,-0.4,0.0,60.756414819289816,-0.1,-0.4000000000000001,0.0,0.5,0.5002117013198283,0.5759950940635699
1101,validation,0,2,1,0.0,282.0584711106335,0.0,0.0,41.35744022263855,0.1,-0.2,0.0,0.5,0.5002117013198283,0.5759950940635699
1102,train,0,2,0,480.0,454.22408888844757,-0.1,-111.27331867775109,134.16296453514988,0.0,0.19999999999999996,0.0,0.5,1.0,1.0
1102,train,2,1,1,120.0,696.7226951949588,-0.30000000000000004,181.47173706292233,-70.418988933929,0.0,-0.19999999999999996,0.0,0.5,1.0,1.0
1103,train,1,0,0,-60.0,1120.9595778349408,0.0,0.0,105.47887126834601,-0.3333333333333333,-1.0,0.0,0.5,1.293205483077114,1.463270527345715
1103,train,0,2,1,300.0,413.43285123949727,0.0,0.0,-75.69290764235096,0.3333333333333333,0.5,0.0,0.5,1.293205483077114,1.463270527345715
1104,train,1,0,1,-120.0,-1086.2396747072276,-2.0,0.0,0.0,0.0,0.0,0.0,0.5,0.7566176334106738,0.7918327697118612
1104,train,2,1,0,180.0,14.711461727464211,1.0,0.0,0.0,0.0,0.0,0.0,0.5,0.7566176334106738,0.7918327697118612
1105,validation,1,0,0,-240.0,-416.5600985586075,0.6666666666666666,-315.5975331366357,0.0,0.0,-0.3333333333333333,0.0,0.5,1.0,1.0
1105,validation,0,2,1,0.0,-389.93114410844964,-0.16666666666666666,220.2764695112122,0.0,0.0,-0.6666666666666667,0.0,0.5,1.0,1.0
1106,train,1,0,0,0.0,-361.04874106679836,0.0,0.0,0.0,0.0,0.0,0.0,0.5,1.0,1.0
1106,train,0,2,1,0.0,-1714.2917539311866,0.0,0.0,0.0,0.0,0.0,0.0,0.5,1.0,1.0
1107,train,2,0,1,-60.0,-902.9603715819921,0.0,0.0,0.0,0.0,0.0,0.0,0.5,1.0,1.0
1107,train,2,1,1,-480.0,288.10441974540845,0.0,0.0,0.0,0.0,0.0,0.0,0.5,1.0,1.0
1108,train,1,0,0,540.0,1536.1556240777636,0.5714285714285714,-84.79666999347353,261.15640677947874,0.09523809523809523,0.19047619047619047,-17.802521043615375,0.5,1.0,1.0
1108,train,2,0,0,120.0,329.5552640058804,0.19047619047619047,-259.52984682478933,13.46661084719807,0.0,0.19047619047619047,13.147122619933313,0.5,1.0,1.0
1109,train,0,1,1,0.0,-65.63824848182912,0.0,0.0,0.0,0.0,0.0,-349.19520570792645,0.5,1.3270570494956309,1.124871764529058
1109,train,0,2,1,60.0,-517.7565135409409,0.0,0.0,0.0,0.0,0.0,-186.01136487094536,0.5,1.3270570494956309,1.124871764529058
1110,validation,0,1,1,120.0,232.36919272873365,0.0,0.0,-2.5091375210897127,0.0,0.0,-139.60886408965033,0.5,1.9193941927654843,1.527795288256023
1110,validation,0,2,1,180.0,158.7852769589831,0.0,0.0,-73.80396237812928,0.0,0.0,-80.43418872574892,0.5,1.9193941927654843,1.527795288256023
1111,train,1,0,0,-60.0,21.547884364617175,0.0,0.0,0.0,0.0,0.0,73.40540262789378,0.5,1.1986457625940992,0.755999415135019
1111,train,0,2,1,60.0,-352.47018097614864,0.0,0.0,0.0,0.0,0.0,4.913546587379301,0.5,1.1986457625940992,0.755999415135019
1112,train,1,0,1,-300.0,-5.470045877562825,0.0,0.0,-48.12507451711788,0.0,0.0,-124.96560958163764,0.5,0.5545210774243924,0.606053534831702
1112,train,2,1,0,60.0,369.7526413065134,0.0,0.0,72.71629543627172,0.3333333333333333,0.0,-26.70925344787601,0.5,0.5545210774243924,0.606053534831702
1113,test,1,0,0,360.0,4.114777741924627,0.3333333333333333,-267.2214883805873,0.0,0.0,0.0,0.0,0.5,1.0,1.0
1113,test,0,2,1,-240.0,-710.5734086549901,-1.3333333333333333,306.9451797385418,0.0,0.0,0.0,0.0,0.5,1.0,1.0
1114,train,2,0,1,180.0,-1909.3477922111006,0.19047619047619047,-325.19375165041254,-198.21028892171833,-0.14285714285714285,0.0,0.0,0.5,1.0021426581557773,1.0521392992608796
1114,train,2,1,1,180.0,-723.7785635554137,0.19047619047619047,-89.81426846720004,-109.26320859851651,0.0,0.0,-13.045002061524245,0.5,1.0021426581557773,1.0521392992608796
1115,validation,0,1,0,60.0,652.9556205243598,0.19047619047619047,156.09512286385166,-7.762002084265603,-0.047619047619047616,0.19047619047619047,-6.829887918384543,0.5,1.1244241913238637,0.7385766636256788
1115,validation,1,2,1,-300.0,-982.833870120221,0.0,-74.18896438060813,10.073739443770606,0.0,-0.9523809523809523,22.736482575774986,0.5,1.1244241913238637,0.7385766636256788
1116,validation,2,0,1,240.0,-383.24193174083484,0.0,-247.16816639174635,0.0,0.2,-0.7,-8.845787781028534,0.5,1.0,1.0
1116,validation,1,2,0,0.0,-609.2628810172537,0.0,266.10190274108095,0.0,-0.2,0.10000000000000003,13.201408901805024,0.5,1.0,1.0
1117,train,0,1,1,-120.0,-51.48623516720227,0.0,-21.71520429041908,-161.0727030488518,0.0,0.0,3.5373553352505382,0.5,1.6516833703307419,1.277239103063927
1117,train,0,2,1,-240.0,-703.8869561807942,0.0,-89.47244587566877,-231.32596442787275,0.2,0.0,56.64735107492982,0.5,1.6516833703307419,1.277239103063927
1118,train,1,0,1,180.0,1810.5706476256328,0.0,-134.98229401753724,0.0,0.0,0.5,0.0,0.5,1.8278811320965724,0.9417270568009009
1118,train,1,2,1,-420.0,2507.9687096739262,0.5,-548.709281626494,0.0,0.0,1.3333333333333335,0.0,0.5,1.8278811320965724,0.9417270568009009
1119,test,1,0,1,600.0,40.168952531490504,0.0,0.0,0.0,0.0,0.0,0.0,0.5,1.0,1.0
1119,test,2,1,0,180.0,-142.0166970420596,0.0,0.0,0.0,0.0,0.0,0.0,0.5,1.0,1.0
1120,train,0,2,0,720.0,398.3766653574785,-0.6000000000000001,0.0,-361.28984908593895,0.1,0.7999999999999998,0.0,0.5,1.1631688387918242,0.6159373582029175
1120,train,1,2,0,540.0,-774.4168942832594,-0.6000000000000001,0.0,-4.700976434389474,0.5,1.6000000000000005,0.0,0.5,1.1631688387918242,0.6159373582029175
1121,validation,1,0,1,-120.0,-71.54420826398564,0.0,-745.1295689138678,-96.6292329503516,-0.26666666666666666,-1.5999999999999999,64.5155460441118,0.5,1.0,1.0
1121,validation,2,1,0,240.0,3565.4878458677504,0.0,502.85121260885217,9.43213052430957,0.0,2.9333333333333336,-221.59206439733657,0.5,1.0,1.0
1122,train,1,0,0,-120.0,-92.02083249061616,0.06666666666666667,-116.49614428295229,0.0,0.26666666666666666,-0.1333333333333333,-7.179335272570592,0.5,1.073950948632936,1.7439860260584752
1122,train,0,2,1,60.0,537.7970052277196,0.0,179.03524532287926,0.0,-0.26666666666666666,0.1333333333333333,-55.71323101080752,0.5,1.073950948632936,1.7439860260584752
1123,train,1,0,0,-120.0,-1443.825909170595,-0.14285714285714285,-64.88946003519558,193.1832934392511,0.0,0.0,78.26533633630874,0.5,1.0669863798464483,1.1680537786821887
1123,train,2,0,0,-360.0,-1593.799952039631,0.5714285714285714,-78.70605265798521,113.94316260677108,-0.19047619047619047,-0.19047619047619047,81.59841682097206,0.5,1.0669863798464483,1.1680537786821887
1124,test,2,0,1,-1200.0,-3836.6377653505388,-0.047619047619047616,-996.8304389415172,-123.04699038481976,0.0,-1.4285714285714284,-191.66100177932694,0.5,1.0,1.0
1124,test,1,2,0,780.0,3796.678276228573,0.2857142857142857,479.78348360818654,25.967723452910207,-0.38095238095238093,2.380952380952381,0.0,0.5,1.0,1.0
1125,train,1,0,0,420.0,772.4446610649538,0.0,403.1178372141979,0.0,0.0,0.0,-64.47622462947736,0.5,1.0,1.0
1125,train,0,2,1,60.0,252.6572455647538,0.0,-507.8549445943698,0.0,-0.3333333333333333,0.0,64.47622462947736,0.5,1.0,1.0
1126,train,1,0,0,600.0,85.16715723494463,0.0,0.0,0.0,0.0,0.0,0.0,0.5,1.0,1.0
1126,train,0,2,1,-480.0,-126.71174594274589,0.0,0.0,0.0,0.0,0.0,0.0,0.5,1.0,1.0
1127,train,1,0,1,240.0,24.643069672981255,0.0,0.0,-253.18603637534733,0.0,-1.333333333333333,0.0,0.5,0.7255601443474093,1.1978918568118189
1127,train,1,2,1,0.0,-968.8206681319598,0.0,0.0,-457.02601743094186,0.0,-0.33333333333333326,0.0,0.5,0.7255601443474093,1.1978918568118189
1128,validation,0,1,1,180.0,839.9775706339033,0.0,0.0,0.0,0.0,-0.6666666666666665,-81.81633956792412,0.5,0.7727934414233351,1.4721173591535317
1128,validation,0,2,1,-420.0,157.30995277472357,0.0,0.0,0.0,0.0,-1.333333333333333,-262.15573191906503,0.5,0.7727934414233351,1.4721173591535317
1129,train,1,0,1,60.0,-198.5496948773589,0.0,0.0,0.0,0.0,-1.0,0.0,0.5,1.7077602655599893,0.738215351487721
1129,train,1,2,1,-180.0,-1244.7970020790435,0.0,0.0,0.0,0.0,-2.0,0.0,0.5,1.7077602655599893,0.738215351487721
1130,train,0,1,1,-240.0,658.6743670052256,0.0,0.0,0.0,0.0,0.0,0.0,0.5,1.0,1.0
1130,train,0,2,1,-300.0,876.0158701595701,0.0,0.0,0.0,0.0,0.0,0.0,0.5,1.0,1.0
1131,train,0,1,0,480.0,840.3966800976523,0.0,0.0,0.0,1.3333333333333335,0.0,83.64988703873316,0.5,1.8312497489816981,1.9214818907073625
1131,train,2,1,0,360.0,2211.9355408123383,0.0,0.0,0.0,0.6666666666666666,0.0,221.55854308339008,0.5,1.8312497489816981,1.9214818907073625
1132,validation,2,0,1,360.0,-694.7100514911608,-1.3333333333333335,0.0,0.0,0.0,0.0,-160.84043315139397,0.5,1.4874901769294981,1.1357204021712246
1132,validation,2,1,1,-60.0,-3583.225403128302,-1.3333333333333335,0.0,0.0,0.0,0.0,163.60116459230412,0.5,1.4874901769294981,1.1357204021712246
1133,test,1,0,0,180.0,-408.99830679800925,0.5333333333333334,57.83757431951392,-59.88769460023292,0.13333333333333333,0.0,0.0,0.5,1.5456620071146552,0.8711084601798706
1133,test,0,2,1,180.0,-50.34964002595461,0.0,-16.773666788249557,-6.297413990634098,0.0,-0.3333333333333335,0.0,0.5,1.5456620071146552,0.8711084601798706
1134,test,0,2,0,0.0,727.7477555553037,0.0,0.0,661.8154170176049,0.0,0.0,5.767959815929993,0.5,1.4810341334108077,0.8282448083283187
1134,test,1,2,0,180.0,784.8627949016959,0.0,0.0,201.48763959274268,0.0,0.0,0.0,0.5,1.4810341334108077,0.8282448083283187
1135,train,0,2,0,-60.0,-677.9535267117699,0.0,-926.803255306655,0.0,0.0,0.0,386.1032045706212,0.5,1.0996924041700231,0.5938540345109586
1135,train,1,2,0,-60.0,-1598.2913353623326,0.0,-477.4683584910442,0.0,0.0,0.0,445.2794092184994,0.5,1.0996924041700231,0.5938540345109586
1136,train,0,1,1,-300.0,-518.1332097754275,0.0,0.0,67.42851744108401,-0.5333333333333334,0.6666666666666667,-158.03271542615497,0.5,0.7679597431143176,1.033319631305597
1136,train,0,2,1,-960.0,282.6804257391541,0.0,0.0,151.11837462314253,0.26666666666666666,0.8,-254.22022139199328,0.5,0.7679597431143176,1.033319631305597
1137,train,0,2,0,0.0,-1214.8663856409612,0.5333333333333334,0.0,-41.56142881544886,0.0,0.2,38.988063415193395,0.5,0.7226144621668229,1.1206351509618278
1137,train,1,2,0,-60.0,-1001.5717355780203,0.26666666666666666,0.0,112.88495475894153,-0.3333333333333333,0.13333333333333336,63.908107976434366,0.5,0.7226144621668229,1.1206351509618278
1138,validation,1,0,1,120.0,-351.78455241630763,0.0,0.0,0.0,0.0,0.0,0.0,0.5,1.0,1.0
1138,validation,2,1,0,60.0,1030.5569692160316,0.0,0.0,0.0,0.0,0.0,0.0,0.5,1.0,1.0
1139,train,1,0,0,360.0,-403.35726979254287,0.0,-28.84234707714444,0.0,0.0,-1.0,0.0,0.5,1.8446161414040716,0.7014760921153048
1139,train,2,0,0,720.0,-121.82123602310003,0.0,-249.41601063229683,0.0,-0.3333333333333333,0.0,0.0,0.5,1.8446161414040716,0.7014760921153048
1140,train,2,0,1,-420.0,-859.9744843680724,0.0,0.0,0.0,0.0,0.0,0.0,0.5,1.0,1.0
1140,train,2,1,1,-240.0,-1600.5272974595255,0.0,0.0,0.0,0.0,0.0,0.0,0.5,1.0,1.0
1141,test,1,0,0,-60.0,281.95914331512176,-0.3333333333333333,-106.27734346504349,152.8828410214607,0.0,0.0,0.0,0.5,1.0,1.0
1141,test,0,2,1,-240.0,-124.46933099694343,0.0,432.2552749201079,-209.26299643918134,0.0,0.0,0.0,0.5,1.0,1.0
1142,validation,0,1,0,240.0,1609.7987025490656,0.0,-12.229352432251332,81.47982035040054,0.0,0.2857142857142857,-12.61522083261849,0.5,1.7913860375825335,0.7990801841793509
1142,validation,2,1,0,600.0,1544.812331145009,0.38095238095238093,0.07959240339999951,-8.195526661582072,0.0,0.8571428571428571,-35.130588982299855,0.5,1.7913860375825335,0.7990801841793509
1143,train,0,1,0,-240.0,539.5846871874,0.0,60.87611882705042,40.962199599925086,0.0,0.7142857142857142,50.120294975587186,0.5,1.101594630867921,1.1283358010348106
1143,train,1,2,1,420.0,494.04585979975855,0.0,10.553011735870854,-9.80318190280054,-0.19047619047619047,-0.23809523809523814,-7.640261645204032,0.5,1.101594630867921,1.1283358010348106
1144,train,0,2,0,180.0,365.7403632127998,0.0,0.0,0.0,0.0,0.0,0.0,0.5,1.0,1.0
1144,train,1,2,0,0.0,359.21675997110106,0.0,0.0,0.0,0.0,0.0,0.0,0.5,1.0,1.0
1145,train,1,0,1,60.0,1004.6128972805363,0.0,-609.8141754159491,142.83648688774613,0.0,-1.4000000000000001,0.0,0.5,1.0,1.0
1145,train,1,2,1,180.0,54.93724592129456,0.0,-612.1089080448415,19.590478423756906,0.3,-1.0,0.0,0.5,1.0,1.0
1146,train,0,1,0,-120.0,-275.39078183084985,0.0,0.0,0.0,-0.3333333333333333,0.16666666666666674,-23.592910887996833,0.5,1.2020578611730495,0.8796553565829942
1146,train,1,2,1,120.0,186.05414297900734,0.0,0.0,0.0,0.0,0.8333333333333333,-183.99044792520692,0.5,1.2020578611730495,0.8796553565829942
1147,test,1,0,1,-60.0,668.5148553210602,0.0,0.0,0.0,0.0,0.0,-35.7140960290338,0.5,1.5479070236723949,1.2594501971922227
1147,test,1,2,1,0.0,109.77846343822648,0.0,0.0,0.0,0.0,-2.0,26.22695526589226,0.5,1.5479070236723949,1.2594501971922227
1148,train,0,2,0,120.0,136.3436729238274,-0.4,114.00652898557595,0.0,0.3,0.0,0.0,0.5,1.7199668570396698,1.0469111250094048
1148,train,1,2,0,0.0,181.16021403969853,-0.4,-63.82173816877447,0.0,0.0,0.09999999999999998,0.0,0.5,1.7199668570396698,1.0469111250094048
1149,test,1,0,0,180.0,571.7761547209475,0.0,0.0,0.0,0.0,3.0,0.0,0.5,1.520412570230432,0.753751077911643
1149,test,0,2,1,-840.0,-1407.7795143042922,0.0,0.0,0.0,0.0,-5.0,0.0,0.5,1.520412570230432,0.753751077911643
1150,train,0,1,1,-60.0,-565.1305695624437,-0.2,-57.745707534003145,-17.16760422998074,0.0,-0.26666666666666666,-36.5512620939426,0.5,1.3165286279634256,1.5161553709866387
1150,train,2,0,0,240.0,-84.75557471042202,0.0,67.99353749887584,18.840751662722994,0.0,0.06666666666666667,57.15064099617818,0.5,1.3165286279634256,1.5161553709866387
1151,train,1,0,0,-360.0,-136.80781404093887,-0.26666666666666666,3.1155384721053565,64.63600327226263,-0.2,0.0,125.84737195594307,0.5,0.538211597682876,1.6436282735144283
1151,train,2,0,0,120.0,-278.96807941563293,0.2666666666666667,-80.38905436861135,195.00104367329797,0.0,0.0,67.15605271017017,0.5,0.538211597682876,1.6436282735144283
1152,validation,0,1,1,60.0,-1039.283189854961,0.0,0.0,0.0,0.0,-2.0,0.0,0.5,0.7498047055045167,0.6247821001719261
1152,validation,0,2,1,0.0,-235.3710685030876,0.0,0.0,0.0,0.0,-1.3333333333333333,0.0,0.5,0.7498047055045167,0.6247821001719261
1153,test,0,2,0,-240.0,-510.1625208229898,0.0,0.0,0.0,1.0,0.0,0.0,0.5,0.9312334757291146,1.476710311812149
1153,test,2,1,1,0.0,825.9421062784404,0.0,0.0,0.0,0.0,0.0,0.0,0.5,0.9312334757291146,1.476710311812149
1154,train,2,0,1,0.0,203.62367793267595,0.0,-15.575965912462294,-32.23055988919858,0.0,0.8000000000000002,0.0,0.5,1.5690796511862912,0.9513624568981177
1154,train,2,1,1,-300.0,-1128.6568166804532,0.0,-147.25145348013362,-30.527121928722174,-0.6666666666666666,-0.5999999999999999,-64.36762588201132,0.5,1.5690796511862912,0.9513624568981177
1155,test,0,1,0,300.0,2720.9979865363584,0.0,-7.820561203951712,103.45202030233663,0.0,0.47619047619047616,10.505670483098514,0.5,1.7737283616710173,0.5547621753473273
1155,test,2,1,0,360.0,672.6698928571759,0.14285714285714285,-74.17725733758112,-39.123907770420516,0.19047619047619047,0.047619047619047616,7.789815444535147,0.5,1.7737283616710173,0.5547621753473273
1156,train,0,2,0,-240.0,241.2141319082766,0.0,222.50472305013096,0.0,2.0,-0.30000000000000004,99.66748295809194,0.5,0.6154692490412367,0.9333842734227823
1156,train,2,1,1,360.0,299.77912745476533,0.0,-118.86345100131064,0.0,-0.8,0.6000000000000001,-14.179028139860435,0.5,0.6154692490412367,0.9333842734227823
1157,train,1,0,0,540.0,1193.323981159398,0.0,-230.9821489385181,0.0,0.0,0.0,0.0,0.5,1.0,1.0
1157,train,2,0,0,-120.0,-62.83322542788483,0.0,821.8043896051956,0.0,0.0,0.0,0.0,0.5,1.0,1.0
1158,train,1,0,0,-300.0,-206.42481272640998,0.13333333333333333,400.75297988027427,0.0,0.2,-0.3333333333333333,0.0,0.5,0.7861565619321526,1.6343957623579333
1158,train,2,0,0,-120.0,922.2239605748664,0.0,668.2236543682254,0.0,0.0,-0.3333333333333333,174.14828129147872,0.5,0.7861565619321526,1.6343957623579333
1159,test,1,0,1,-60.0,-279.49874737898244,-0.23809523809523808,-16.07723916282943,-3.575001869862348,-0.19047619047619047,0.0,-41.05486521486298,0.5,1.019597608056358,1.1879821112798477
1159,test,2,1,0,60.0,1368.4407457634547,0.0,50.41623962562424,1.9095580171045299,0.0,0.19047619047619047,29.77204583551579,0.5,1.019597608056358,1.1879821112798477
1160,train,1,0,0,60.0,592.8117152902796,-0.6666666666666666,512.4277766492446,0.0,0.0,-0.3999999999999999,-38.97414449508244,0.5,0.5014294112874077,0.6845679136052009
1160,train,0,2,1,120.0,-690.4462644967562,-0.33333333333333337,-709.2892262117507,0.0,0.0,-0.6000000000000001,-39.86523876913712,0.5,0.5014294112874077,0.6845679136052009
1161,train,2,0,1,-60.0,215.65330932415554,0.0,113.66041714327083,-44.78778398090223,0.0,0.0,10.177007321184853,0.5,1.0571364496367353,1.5143499770775324
1161,train,2,1,1,-180.0,-324.55091670513366,0.0,143.20820090659134,-126.42330839674786,-0.6666666666666666,0.0,-5.069463447508872,0.5,1.0571364496367353,1.5143499770775324
1162,train,1,0,1,-360.0,-1161.5782085071587,0.20000000000000004,0.0,0.0,-0.8,-1.2,-23.84135188253483,0.5,1.9255015236046678,1.4847916322038002
1162,train,2,1,0,-120.0,1365.8968230772448,-0.20000000000000004,0.0,0.0,0.0,1.8,60.35229115313961,0.5,1.9255015236046678,1.4847916322038002
1163,train,2,0,1,60.0,-915.1543683993928,0.13333333333333333,0.0,-236.38628497698636,0.0,-0.26666666666666666,-33.15016780569988,0.5,0.5094274296757907,1.2373324270630153
1163,train,1,2,0,-180.0,-461.23533033953026,0.0,0.0,238.69782772325095,0.0,-0.2,-41.100716976936766,0.5,0.5094274296757907,1.2373324270630153
1164,test,2,0,1,180.0,749.4560843868567,-0.8,-82.68013799537286,-140.00453573661358,0.0,0.0,-31.189930337345015,0.5,0.6379452447748362,0.8326272790452004
1164,test,2,1,1,-120.0,-1492.2597698858208,0.0,-173.2477216088228,132.11941193310787,-0.13333333333333336,0.0,-64.3195120549177,0.5,0.6379452447748362,0.8326272790452004
1165,train,1,0,0,-180.0,-1794.6322445119945,0.0,0.0,0.0,0.0,0.0,0.0,0.5,0.8467061727332555,1.003173483505897
1165,train,2,0,0,-60.0,844.3404422883759,0.0,0.0,0.0,0.0,3.0,0.0,0.5,0.8467061727332555,1.003173483505897
1166,train,0,1,0,-420.0,-208.87583801941673,0.0,-37.93190995960299,-52.29112777544353,0.0,-0.1333333333333333,122.53501935436466,0.5,0.6594129149185266,0.6298485074935317
1166,train,2,1,0,-180.0,-259.6993667522538,0.0,-129.52986376150596,154.88135262497946,-0.13333333333333333,0.6666666666666666,114.6164190600385,0.5,0.6594129149185266,0.6298485074935317
1167,train,0,2,0,-300.0,-265.20185886187573,0.6000000000000001,0.0,56.1346915032147,0.7999999999999999,0.4666666666666667,26.165476663117403,0.5,1.2409027926258953,1.7769081984181798
1167,train,1,2,0,300.0,482.97242817828646,0.0,0.0,293.41479388004007,-0.26666666666666666,0.6,91.1298801151923,0.5,1.2409027926258953,1.7769081984181798
1168,train,1,0,0,420.0,-1423.8419555057717,0.0,0.0,0.0,0.0,0.0,0.0,0.5,1.0,1.0
1168,train,0,2,1,-120.0,843.4318323036841,0.0,0.0,0.0,0.0,0.0,0.0,0.5,1.0,1.0
1169,test,1,0,1,60.0,731.4490553328997,-0.8333333333333334,-697.5964197968576,0.0,0.0,-0.5,0.0,0.5,1.058000524250167,0.9980360722438607
1169,test,1,2,1,420.0,683.4566631425714,0.0,-854.3985609873389,0.0,0.0,-1.0,0.0,0.5,1.058000524250167,0.9980360722438607
1170,test,2,0,1,120.0,761.7577026902391,0.0,0.0,0.0,0.0,-4.0,-222.6312012251509,0.5,1.4608991129264401,0.5171415513460282
1170,test,1,2,0,-540.0,-2010.408888742496,0.0,0.0,0.0,0.0,0.666666666666667,26.617641769438308,0.5,1.4608991129264401,0.5171415513460282
1171,train,2,0,1,300.0,24.09378920909694,-0.6666666666666667,224.97541171368624,-164.12806307322842,0.0,-1.6,-36.847795282663654,0.5,1.5793558758883137,1.7274627866177337
1171,train,1,2,0,360.0,424.5899063910547,1.3333333333333333,-405.91166147814744,-415.9803397046947,0.0,-1.0666666666666664,40.34949860240933,0.5,1.5793558758883137,1.7274627866177337
1172,validation,0,1,0,60.0,2628.508624743343,0.0,40.215013563739376,0.0,0.8,0.29999999999999993,247.43738556034762,0.5,0.8174700820808035,1.8855707128044479
1172,validation,1,2,1,-60.0,-1688.5764878139144,0.0,96.07265669091333,0.0,0.0,0.20000000000000007,-137.98245928417657,0.5,0.8174700820808035,1.8855707128044479
1173,validation,0,1,0,360.0,781.5613109289607,0.0,0.0,0.0,0.0,5.0,0.0,0.5,1.2543963579257034,0.8321710666905081
1173,validation,1,2,1,-300.0,-180.68991144402025,0.0,0.0,0.0,0.0,1.0,0.0,0.5,1.2543963579257034,0.8321710666905081
1174,train,1,0,1,180.0,830.5889315066852,0.0,0.0,138.70174315202013,0.16666666666666666,-0.6666666666666665,0.0,0.5,1.2209341471010458,0.6769761335825762
1174,train,1,2,1,0.0,560.0872832473683,0.0,0.0,-7.465526484326915,-0.16666666666666666,0.0,0.0,0.5,1.2209341471010458,0.6769761335825762
1175,test,2,0,1,-240.0,-750.0924740425044,0.0,-37.843071112976645,-43.29396333964635,0.0,0.0,-1.8041696491245296,0.5,1.4983111588933278,0.7428503799624585
1175,test,2,1,1,-60.0,24.324263783769766,0.26666666666666666,146.6264179318138,21.016848608099394,-0.3333333333333333,0.0,-21.355165129978268,0.5,1.4983111588933278,0.7428503799624585
1176,validation,0,1,1,120.0,364.7271500685274,0.0,-420.20232872978465,0.0,0.0,0.0,0.0,0.5,1.0,1.0
1176,validation,2,0,0,-60.0,353.5238381862855,0.0,1403.2524483691002,0.0,0.6666666666666666,0.0,0.0,0.5,1.0,1.0
1177,validation,1,0,0,-60.0,810.4228931428624,0.0,0.0,0.0,0.0,0.0,0.0,0.5,1.0,1.0
1177,validation,2,0,0,-60.0,2022.982522203938,0.0,0.0,0.0,0.0,0.0,0.0,0.5,1.0,1.0
1178,test,1,0,0,720.0,380.46675453353873,0.0,401.95571301449394,196.66086572150434,0.16666666666666666,0.0,0.0,0.5,1.2022786092106408,0.9570902107865582
1178,test,2,0,0,420.0,-143.65277795513612,0.0,641.6396001142834,-22.27988716151188,0.16666666666666666,0.0,0.0,0.5,1.2022786092106408,0.9570902107865582
1179,validation,0,1,0,60.0,251.3584416691706,0.0,0.0,130.73997896956632,0.0,0.0,0.0,0.5,1.0618798482783194,1.414250271855938
1179,validation,2,1,0,-120.0,487.482088179303,0.0,0.0,422.25934242851747,2.0,0.0,0.0,0.5,1.0618798482783194,1.414250271855938
1180,train,2,0,1,-120.0,-354.20504792249267,-0.06666666666666667,9.26650345615991,-271.32992391480315,0.0,-0.5333333333333333,-24.05231947418136,0.5,1.0122877330476308,1.0665706624076803
1180,train,1,2,0,120.0,49.42894003067249,0.0,205.60790193709096,-81.95609426794067,0.0,1.3333333333333335,-56.53309845838287,0.5,1.0122877330476308,1.0665706624076803
1181,test,0,1,0,120.0,0.0,0.0,0.0,0.0,0.0,0.0,0.0,0.5,1.0,1.0
1181,test,2,1,0,120.0,400.30440416100055,0.0,0.0,0.0,0.0,0.0,0.0,0.5,1.0,1.0
1182,train,0,1,1,-120.0,-497.47306581183557,0.0,-751.8187498390413,0.0,0.0,0.0,0.0,0.5,1.0,1.0
1182,train,2,0,0,60.0,845.3110784234705,0.0,1226.6246044468871,0.0,0.0,0.0,0.0,0.5,1.0,1.0
1183,train,0,1,1,-60.0,1.8479231534690825,0.0,0.0,0.0,0.0,0.0,-204.70288410716364,0.5,1.294083706851625,0.823264869294243
1183,train,0,2,1,-120.0,-502.07101543681506,0.0,0.0,0.0,0.0,0.0,-190.24380476240535,0.5,1.294083706851625,0.823264869294243
1184,test,0,1,0,360.0,813.1319624861139,0.0,834.360200047149,0.0,0.0,0.0,0.0,0.5,1.0,1.0
1184,test,1,2,1,120.0,750.1921430962357,0.0,-809.60067948447,0.0,0.0,0.0,0.0,0.5,1.0,1.0
1185,train,0,1,0,300.0,2204.2447761968087,0.0,0.0,443.3568971777688,0.0,0.0,-69.22776955824278,0.5,1.3401394032454848,0.5412152549593954
1185,train,1,2,1,60.0,-3133.8217901125054,0.0,0.0,-1200.6898766257805,0.0,0.0,122.84092125824247,0.5,1.3401394032454848,0.5412152549593954
1186,train,1,0,1,-360.0,-1588.4109560053357,0.0,0.0,0.0,0.0,-0.8333333333333333,-240.96760606110337,0.5,0.6560572158625995,1.2256758248494226
1186,train,2,1,0,1080.0,1440.083220472351,0.0,0.0,0.0,1.0,0.0,-191.7316631790008,0.5,0.6560572158625995,1.2256758248494226
1187,train,1,0,0,300.0,744.1782594236265,3.0,0.0,0.0,0.0,0.0,0.0,0.5,0.6031664977453035,1.5826484224896287
1187,train,0,2,1,-660.0,-1139.962009303188,-4.0,0.0,0.0,0.0,0.0,0.0,0.5,0.6031664977453035,1.5826484224896287
1188,train,2,0,1,-180.0,-1952.4765036915633,0.0,0.0,-211.75593107397836,0.0,-2.4,0.0,0.5,1.3972743790780995,1.8066501417466578
1188,train,1,2,0,60.0,110.50931437335203,0.0,0.0,62.16958842615489,0.0,0.7999999999999998,0.0,0.5,1.3972743790780995,1.8066501417466578
1189,train,0,1,1,-120.0,155.2653856042125,0.0,39.85321219897003,-53.21729053167418,0.26666666666666666,-1.4,7.597421796927447,0.5,1.0,1.0
1189,train,2,0,0,-60.0,-495.9629610788361,0.0,400.08568817556807,-20.198380570215477,-0.26666666666666666,0.6,-21.94415936843466,0.5,1.0,1.0
1190,train,0,1,0,60.0,180.96089778665328,0.0,0.0,-94.45576137744831,0.0,0.0,-8.516317148045502,0.5,1.7467312861632383,0.6838470411962905
1190,train,2,1,0,0.0,-195.9792635356805,0.0,0.0,-44.76592461074857,0.0,0.0,6.95108525619403,0.5,1.7467312861632383,0.6838470411962905
1191,train,0,2,0,-120.0,1479.8367799642892,0.0,0.0,0.0,0.0,0.0,0.0,0.5,1.0,1.0
1191,train,1,2,0,0.0,2763.515090675721,0.0,0.0,0.0,0.0,0.0,0.0,0.5,1.0,1.0
1192,train,2,0,1,-1140.0,-2665.8455494924056,-0.13333333333333336,0.0,3.1456780641604922,-0.4,-2.133333333333333,-146.65306553672926,0.5,1.052415714376082,0.8599734932554478
1192,train,1,2,0,0.0,1398.6485438211457,-0.13333333333333333,0.0,-19.535300240579026,0.6000000000000001,1.3333333333333333,295.4002767063862,0.5,1.052415714376082,0.8599734932554478
1193,train,1,0,1,-600.0,-98.61421373583198,0.0,0.0,0.0,0.0,0.0,0.0,0.5,1.0,1.0
1193,train,1,2,1,-180.0,-676.0715607639781,0.0,0.0,0.0,0.0,0.0,0.0,0.5,1.0,1.0
1194,train,0,2,0,-240.0,952.891502038141,0.0,0.0,0.0,0.0,14.0,0.0,0.5,0.9003235622201837,1.4414454201146412
1194,train,2,1,1,-840.0,-1153.9033801476917,0.0,0.0,0.0,0.0,-2.0,0.0,0.5,0.9003235622201837,1.4414454201146412
1195,train,0,1,0,420.0,290.6364617628087,0.0,521.6345682137137,0.0,-0.33333333333333326,0.0,0.0,0.5,1.0,1.0
1195,train,2,1,0,540.0,1499.0037855949458,0.0,0.32982949556094354,0.0,-0.33333333333333326,0.0,0.0,0.5,1.0,1.0
1196,train,0,2,0,-60.0,-176.9532876053663,0.0,0.0,0.0,0.0,0.0,0.0,0.5,1.0,1.0
1196,train,2,1,1,120.0,1036.0166995153231,0.0,0.0,0.0,0.0,0.0,0.0,0.5,1.0,1.0
1197,train,0,2,0,-120.0,1873.4995185556636,0.0,-266.7581155992825,0.0,0.6666666666666667,0.0,0.0,0.5,1.0,1.0
1197,train,2,1,1,0.0,-1738.5167001990512,0.0,-1151.2826263212683,0.0,0.3333333333333333,0.0,0.0,0.5,1.0,1.0
1198,train,0,1,1,-240.0,-1436.2546378908755,-0.23809523809523808,-1.8710617863402206,-303.4658684962159,0.0,-0.19047619047619047,-39.758130899721124,0.5,1.8389798927130547,0.9237950089334016
1198,train,2,0,0,60.0,1857.52761236073,0.0,204.9592892198049,179.83614291531953,-0.047619047619047616,0.5714285714285714,59.7682327233254,0.5,1.8389798927130547,0.9237950089334016
1199,train,0,2,0,-180.0,-374.851334358259,0.0,0.0,549.3828710759592,0.0,0.0,0.0,0.5,0.6547910892820729,1.9123234848147679
1199,train,2,1,1,300.0,-16.84854014850407,0.0,0.0,-256.7354296376511,0.0,0.0,0.0,0.5,0.6547910892820729,1.9123234848147679
1200,train,0,1,0,-120.0,70.41585303754164,-0.3333333333333333,0.0,0.0,0.0,0.6666666666666667,0.0,0.5,0.8860891689391686,1.0851612200724214
1200,train,2,1,0,60.0,730.4995451439609,-0.16666666666666666,0.0,0.0,0.0,0.33333333333333326,0.0,0.5,0.8860891689391686,1.0851612200724214
1201,train,1,0,1,-60.0,-79.48225546406684,0.0,-795.3954670293667,-39.45432519626553,0.0,0.6666666666666667,0.0,0.5,1.0,1.0
1201,train,2,1,0,480.0,2415.416756601325,0.0,143.31560270432396,-46.815527330701514,0.0,0.33333333333333326,0.0,0.5,1.0,1.0
1202,train,0,1,0,0.0,166.6627701405596,0.0,0.0,-87.23186741689436,0.0,-0.3333333333333333,51.677072928745446,0.5,0.957170003852868,1.32963557573146
1202,train,2,1,0,-60.0,149.47757563138703,0.0,0.0,-51.67806362254224,0.0,0.33333333333333337,30.235233959007104,0.5,0.957170003852868,1.32963557573146
1203,validation,0,1,1,-960.0,-885.3822377640272,0.0,0.0,0.0,0.0,-3.0,0.0,0.5,0.7990238571927175,0.8299874076772635
1203,validation,2,0,0,720.0,2080.6927736687803,0.0,0.0,0.0,0.0,3.0,0.0,0.5,0.7990238571927175,0.8299874076772635
1204,train,1,0,0,120.0,-501.93489891231366,0.0,0.0,0.0,0.0,0.0,0.0,0.5,1.0,1.0
1204,train,0,2,1,120.0,1304.289058493323,0.0,0.0,0.0,0.0,0.0,0.0,0.5,1.0,1.0
1205,test,2,0,1,-480.0,-1133.8325744378262,0.0,37.933581723582975,-378.2734411811283,0.4,0.30000000000000027,0.0,0.5,0.7218644122982482,0.7054659321036778
1205,test,1,2,0,240.0,2357.300553594191,0.0,202.3938898953333,636.3204534863172,0.0,0.5999999999999996,0.0,0.5,0.7218644122982482,0.7054659321036778
1206,train,1,0,0,1260.0,591.9459133930013,0.0,668.204235150823,0.0,0.0,0.0,0.0,0.5,1.0,1.0
1206,train,0,2,1,-960.0,-211.28929056612105,0.0,-3054.6004822649033,0.0,0.0,0.0,0.0,0.5,1.0,1.0
1207,train,0,2,0,180.0,1415.312047139173,0.16666666666666669,138.43020695594953,15.889234027228952,0.0,0.0,0.0,0.5,0.5305563527228807,0.8439632205539119
1207,train,1,2,0,-60.0,530.0493250961154,-0.16666666666666666,694.8186355340077,-100.87840233761585,0.0,0.0,0.0,0.5,0.5305563527228807,0.8439632205539119
1208,train,0,1,1,-60.0,-288.8831679791033,0.0,-16.933894530259337,27.3754512243691,0.0,-0.19047619047619047,26.226073729421763,0.5,1.2099489087752535,0.7059018545000311
1208,train,0,2,1,60.0,-151.4149753522247,0.0,7.845206371875236,51.268032925439734,-0.23809523809523808,-0.09523809523809523,19.738885149177552,0.5,1.2099489087752535,0.7059018545000311
1209,test,0,2,0,120.0,-186.51058908630193,0.0,-198.62614121610756,-2.2426769827002033,0.4,-0.20000000000000007,0.0,0.5,0.8471408494563318,0.6642612559282202
1209,test,2,1,1,0.0,471.2751413896658,0.0,306.4009047726688,-46.18025412445172,-0.8,0.20000000000000007,0.0,0.5,0.8471408494563318,0.6642612559282202
1210,train,1,0,0,300.0,-255.6232698098329,0.0,0.0,-31.778180128828414,1.2,0.0,72.76627797459108,0.5,0.7696122150995363,1.0782822462921036
1210,train,0,2,1,-240.0,-669.9866152205504,-0.3,0.0,-45.722314054723455,0.4,0.0,-70.21334694790701,0.5,0.7696122150995363,1.0782822462921036
1211,train,0,1,1,0.0,-232.43690355668514,0.0,0.0,-149.99524364475764,-0.3333333333333333,0.16666666666666663,0.0,0.5,1.3074615352474404,0.7288286138716985
1211,train,2,0,0,300.0,720.3002668556455,0.0,0.0,111.67630263028455,-0.3333333333333333,-0.8333333333333333,0.0,0.5,1.3074615352474404,0.7288286138716985
1212,train,2,0,1,-180.0,-957.3833892489033,0.0,29.21152938374965,-340.05681321683204,0.0,0.0,43.45777384475844,0.5,0.8891313013103017,0.8628127861532682
1212,train,1,2,0,180.0,-102.96631412852912,0.0,-46.200745631452946,349.69285573118077,0.0,0.0,-100.0992281554544,0.5,0.8891313013103017,0.8628127861532682
1213,train,1,0,0,0.0,-39.98616407891541,0.0,0.0,0.0,0.0,0.0,0.0,0.5,1.7413802645440717,1.9834386671201363
1213,train,2,0,0,-240.0,136.28536132820864,1.0,0.0,0.0,0.0,0.0,0.0,0.5,1.7413802645440717,1.9834386671201363
1214,train,0,1,1,-300.0,-668.1105639414213,0.047619047619047616,-65.4658390257149,-21.06873460490011,-0.23809523809523808,0.09523809523809523,-26.61943011063005,0.5,0.7213447415643808,1.0251625095804149
1214,train,2,0,0,180.0,500.65083963742154,0.047619047619047616,-130.87919185387852,13.1874109098942,0.47619047619047616,-0.09523809523809523,-21.687014288478796,0.5,0.7213447415643808,1.0251625095804149
1215,test,0,1,1,120.0,-14.992187422301413,-0.5,0.0,-42.61063558833807,0.0,0.0,1.5911621244922216,0.5,0.6074389668236178,0.891479364627946
1215,test,0,2,1,0.0,-542.1455417284687,-0.5,0.0,90.99946068804036,0.0,0.0,19.057597434237035,0.5,0.6074389668236178,0.891479364627946
1216,train,1,0,1,-180.0,-1281.7615144237793,0.0,0.0,0.0,0.0,0.0,0.0,0.5,1.0,1.0
1216,train,2,1,0,240.0,963.2584560724754,0.0,0.0,0.0,0.0,0.0,0.0,0.5,1.0,1.0
1217,validation,0,1,0,60.0,11.520138454708103,0.0,0.0,0.0,0.0,0.6666666666666665,0.0,0.5,0.6160805759060215,0.6364844911798059
1217,validation,2,1,0,480.0,2452.8832743131597,0.0,0.0,0.0,0.3333333333333333,3.3333333333333335,0.0,0.5,0.6160805759060215,0.6364844911798059
1218,train,1,0,0,360.0,651.702007113905,-0.3333333333333333,0.0,0.0,0.0,0.0,20.481412272577217,0.5,0.6975914910819092,1.75773332515957
1218,train,0,2,1,-300.0,-1969.8271175021073,-0.3333333333333333,0.0,0.0,0.0,0.0,-153.79440831180327,0.5,0.6975914910819092,1.75773332515957
1219,train,0,1,1,-240.0,-4.208900199907475,-0.2857142857142857,-5.675178148937654,-14.13303967024029,0.0,0.0,22.510384242960402,0.5,0.7456957238625607,0.5835079233017614
1219,train,0,2,1,-60.0,119.92055333760618,0.0,-30.993060587803704,-11.232027193232412,-0.23809523809523808,0.2857142857142857,-5.868551966387944,0.5,0.7456957238625607,0.5835079233017614
1220,validation,1,0,1,-180.0,-92.46414653703596,-0.047619047619047616,71.4052097446311,-93.44787347562256,0.0,-0.38095238095238093,-40.713085147149165,0.5,0.8997689562385772,0.7126854945653768
1220,validation,2,1,0,-180.0,-377.6773078558963,0.14285714285714285,-24.459101842096118,-22.169431724894096,0.2857142857142857,-0.5714285714285714,-28.085345384155936,0.5,0.8997689562385772,0.7126854945653768
1221,validation,0,1,0,-420.0,-916.8028612139392,0.0,0.0,0.0,0.0,2.0,0.0,0.5,1.4647022519465678,1.9661718032806779
1221,validation,1,2,1,240.0,402.1351321565562,0.0,0.0,0.0,0.16666666666666666,-3.0,0.0,0.5,1.4647022519465678,1.9661718032806779
1222,train,1,0,1,-60.0,268.2879221698372,0.0,286.1951761101496,0.0,-0.4,-0.9,2.9313987231290533,0.5,1.0,1.0
1222,train,1,2,1,-420.0,-143.51833862436797,0.0,56.13776794630377,0.0,0.0,-0.9,-23.308158293805715,0.5,1.0,1.0
1223,train,0,1,0,-120.0,440.1106103350153,0.0,437.87542377927656,-17.83806606673923,0.26666666666666666,0.19999999999999996,25.578485156014985,0.5,1.59643157276016,1.7225094190256962
1223,train,1,2,1,0.0,-1607.6013017922337,0.0,-303.010619894183,-5.22003539697689,-0.26666666666666666,-0.3999999999999999,36.82812559039439,0.5,1.59643157276016,1.7225094190256962
1224,train,1,0,0,120.0,489.6585091677821,0.0,0.0,0.0,-0.3333333333333333,3.3333333333333335,0.0,0.5,0.653776647985655,0.8582303131457689
1224,train,0,2,1,-540.0,-100.49227482160268,0.0,0.0,0.0,0.0,-2.6666666666666665,0.0,0.5,0.653776647985655,0.8582303131457689
1225,validation,0,1,0,-120.0,-830.3033145145027,-0.4,64.12164406523016,106.26263415987543,-0.13333333333333333,0.0,4.17140881078571,0.5,1.0,1.0
1225,validation,2,1,0,-60.0,-126.96594912987712,-0.2,-45.36707800538812,58.13709110975646,0.4,0.0,-5.370030535875415,0.5,1.0,1.0
1226,train,1,0,1,60.0,-386.8250188308475,0.0,-279.0944424928676,0.0,-0.6666666666666666,0.0,0.0,0.5,0.6351786038753,0.504202579475561
1226,train,2,1,0,-120.0,-433.00561129169546,0.0,51.186420905468026,0.0,0.6666666666666666,0.0,0.0,0.5,0.6351786038753,0.504202579475561
1227,train,1,0,1,-240.0,10.06274506100408,0.0,0.0,0.0,0.0,0.0,0.0,0.5,1.0,1.0
1227,train,2,1,0,480.0,595.4265563505983,0.0,0.0,0.0,0.0,0.0,0.0,0.5,1.0,1.0
1228,test,2,0,1,300.0,642.2311113290607,0.0,-878.8024875368765,0.0,0.0,0.0,0.0,0.5,0.7444275988769323,0.60812916341618
1228,test,2,1,1,180.0,438.8963273844756,0.0,-1085.0817555511446,0.0,0.0,0.0,0.0,0.5,0.7444275988769323,0.60812916341618
1229,train,2,0,1,-60.0,-1352.4180040069386,0.0,-632.2524613145622,-233.64403503388792,0.3333333333333333,0.0,0.0,0.5,1.5005736784615225,0.7167568881575846
1229,train,2,1,1,-660.0,-1524.282847733799,0.0,-290.02481709938013,378.4681544673093,0.0,0.0,0.0,0.5,1.5005736784615225,0.7167568881575846
1230,train,1,0,0,540.0,3128.165578528723,0.0,0.0,0.0,0.0,0.0,0.0,0.5,1.0,1.0
1230,train,0,2,1,-780.0,-1294.9150896217807,0.0,0.0,0.0,0.0,0.0,0.0,0.5,1.0,1.0
1231,train,1,0,0,420.0,946.3624815455096,-0.2857142857142857,168.87174991256245,-36.88765922928759,0.0,0.9523809523809523,22.886430202129716,0.5,1.0,1.0
1231,train,2,0,0,360.0,615.1961152539152,-0.14285714285714285,-256.0112009523671,-14.947952794798312,0.19047619047619047,0.2857142857142857,131.4328585907386,0.5,1.0,1.0
1232,train,0,1,1,-240.0,-432.8023262227316,-1.0,0.0,0.0,0.0,0.0,0.0,0.5,1.7942491179826565,1.2731571647093465
1232,train,0,2,1,-120.0,495.85293233173115,-1.0,0.0,0.0,0.0,0.0,0.0,0.5,1.7942491179826565,1.2731571647093465
1233,test,0,1,1,-240.0,-644.7866633470039,0.0,0.0,-99.84368245254484,0.06666666666666667,0.0,26.071222699983405,0.5,1.5772390265942255,1.207254831714156
1233,test,0,2,1,-180.0,-412.0344022804643,0.3333333333333333,0.0,-24.0601262287222,0.06666666666666667,-0.4,-76.3984702942081,0.5,1.5772390265942255,1.207254831714156
1234,test,2,0,1,-420.0,-489.188381626941,0.0,0.0,0.0,0.0,0.0,0.0,0.5,1.0,1.0
1234,test,1,2,0,360.0,1055.5179254576733,0.0,0.0,0.0,0.0,0.0,0.0,0.5,1.0,1.0
1235,train,0,1,1,0.0,-953.8534322685914,0.0,0.0,0.0,0.0,0.0,0.0,0.5,1.0,1.0
1235,train,2,0,0,300.0,1897.9777197633061,0.0,0.0,0.0,0.0,0.0,0.0,0.5,1.0,1.0
1236,validation,2,0,1,-60.0,-172.2115823063791,0.0,0.0,0.0,0.0,-0.6666666666666666,0.0,0.5,1.5924618808336244,0.6732173317103948
1236,validation,1,2,0,180.0,473.05398198382954,1.3333333333333333,0.0,0.0,0.0,0.6666666666666666,0.0,0.5,1.5924618808336244,0.6732173317103948
1237,train,1,0,0,-180.0,-460.27021057200636,0.2,271.09029942352845,-22.612108493804897,0.0,0.1,0.0,0.5,1.0,1.0
1237,train,2,0,0,60.0,171.00875730543976,-0.2,197.42357186207437,211.78150951040857,0.0,0.30000000000000004,0.0,0.5,1.0,1.0
1238,train,0,1,1,360.0,215.71904517552503,0.0,89.30011649303117,-621.5952829918579,0.1,0.0,194.50071757117308,0.5,0.6610858024604076,1.9072809839648797
1238,train,2,0,0,-600.0,-1778.3077477465931,0.0,-94.11800571022988,531.3828182448077,-0.1,0.0,-75.48577932904811,0.5,0.6610858024604076,1.9072809839648797
1239,train,0,2,0,0.0,-133.8200568027396,0.0,0.0,0.0,0.0,0.0,-99.21551217053619,0.5,1.844821581121199,0.6303113524818101
1239,train,2,1,1,-60.0,169.68388490183634,0.0,0.0,0.0,0.0,-1.3333333333333333,30.620326075075766,0.5,1.844821581121199,0.6303113524818101
1240,train,0,2,0,180.0,223.83723879092054,0.26666666666666666,45.26456640316931,0.0,0.0,0.0,22.954483396552405,0.5,0.5737816572744907,0.9698543781938218
1240,train,2,1,1,-180.0,124.03726402743428,-0.26666666666666666,-47.43904124263993,0.0,0.0,0.20000000000000007,-9.882717664131448,0.5,0.5737816572744907,0.9698543781938218
1241,validation,2,0,1,-420.0,-716.7082012223759,0.0,-1415.9081658992427,0.0,0.0,0.0,0.0,0.5,1.0,1.0
1241,validation,2,1,1,-360.0,-815.6249214950681,0.0,-445.9404053949843,0.0,0.0,0.0,0.0,0.5,1.0,1.0
1242,validation,1,0,1,0.0,-431.8423182394058,0.3333333333333333,0.0,-378.5490113378394,0.0,0.0,0.0,0.5,0.9789488122751874,0.7714009178931789
1242,validation,1,2,1,60.0,-679.6855619083399,0.0,0.0,88.93657270584058,0.0,0.0,0.0,0.5,0.9789488122751874,0.7714009178931789
1243,train,1,0,1,-180.0,-1431.1927053327536,0.0,0.0,0.0,0.0,0.0,0.0,0.5,1.0,1.0
1243,train,1,2,1,-180.0,-1217.812238229244,0.0,0.0,0.0,0.0,0.0,0.0,0.5,1.0,1.0
1244,train,1,0,1,0.0,481.8686122145832,0.6666666666666666,0.0,86.55442414403427,0.0,0.0,-15.995362130036067,0.5,1.0966651862182233,0.9838679824892901
1244,train,1,2,1,0.0,77.18712095069895,0.6666666666666666,0.0,129.2394436780175,0.0,0.0,-148.40203147463615,0.5,1.0966651862182233,0.9838679824892901
1245,train,1,0,0,120.0,124.751027117376,0.09523809523809523,23.09171737006058,-5.113689690535125,0.5714285714285714,0.47619047619047616,17.996527138467073,0.5,1.3498724109668327,0.9639513049546746
1245,train,0,2,1,-60.0,-344.1857716124664,0.09523809523809523,-5.466682854872452,1.093160403038695,-0.14285714285714285,-0.23809523809523803,-57.854751839141564,0.5,1.3498724109668327,0.9639513049546746
1246,test,1,0,1,120.0,-663.4469530572469,0.0,0.0,0.0,0.0,0.0,-22.190020440786938,0.5,0.7771634386838494,1.871859584864472
1246,test,2,1,0,-60.0,-401.7951609449965,0.0,0.0,0.0,0.0,0.0,405.45316477067195,0.5,0.7771634386838494,1.871859584864472
1247,train,2,0,1,-60.0,-643.224108708841,-0.16666666666666666,-597.3270335578178,45.82407831127247,0.0,0.0,0.0,0.5,1.0,1.0
1247,train,1,2,0,120.0,530.1631352840423,0.3333333333333333,194.35968959465947,-53.098512206132966,0.0,0.0,0.0,0.5,1.0,1.0
1248,validation,0,1,1,120.0,552.0680982299309,0.0,0.0,0.0,0.0,0.0,-274.32718772697854,0.5,0.7174932662149458,1.2015252187513752
1248,validation,2,0,0,-60.0,93.69561851468825,0.0,0.0,0.0,0.3333333333333333,0.0,770.1968548989663,0.5,0.7174932662149458,1.2015252187513752
1249,train,1,0,1,180.0,-32.97143508543195,0.0,34.671529191735814,-222.96728289099542,0.0,0.5333333333333333,-21.75398283541344,0.5,1.4014810060595837,0.5022794616754217
1249,train,2,1,0,-180.0,113.67444420930406,0.0,26.63832771360569,-107.041977925368,0.26666666666666666,0.2666666666666666,80.16409083641089,0.5,1.4014810060595837,0.5022794616754217
1250,test,2,0,1,-600.0,-754.4208416399761,0.0,0.0,0.0,0.0,-0.6666666666666665,66.51914350690824,0.5,1.5848383012665985,1.332427311699073
1250,test,2,1,1,-60.0,-972.6406627345059,0.0,0.0,0.0,0.0,-1.333333333333333,-33.942663705350014,0.5,1.5848383012665985,1.332427311699073
1251,train,2,0,1,60.0,-159.92735885894717,0.2,176.9800191982893,-22.714523674871113,-0.5333333333333333,-0.5333333333333333,0.0,0.5,1.0,1.0
1251,train,2,1,1,-60.0,244.98754138964614,0.0,-31.04589828479476,11.911081323231604,-0.26666666666666666,-0.2,0.0,0.5,1.0,1.0
1252,train,0,2,0,600.0,385.04528203366135,0.14285714285714285,154.68920300354452,30.287874779034638,-0.14285714285714285,1.4285714285714284,41.24023479369305,0.5,1.6894583579701814,0.5089020385696127
1252,train,1,2,0,240.0,532.2317118142419,0.42857142857142855,223.4943707686136,200.25329253773216,0.0,1.714285714285714,40.748380803636095,0.5,1.6894583579701814,0.5089020385696127
1253,train,1,0,0,600.0,4013.6159113564045,0.4,833.0509712453295,148.09759498170752,0.0,0.0,0.0,0.5,0.8234025095518188,0.628369139930901
1253,train,0,2,1,-540.0,-4484.83910805881,0.4,-1225.540476766543,-16.542437005770736,0.0,0.0,0.0,0.5,0.8234025095518188,0.628369139930901
1254,test,0,1,1,-180.0,1313.5193428054326,0.0,0.0,0.0,0.0,0.0,0.0,0.5,0.5391059047010707,1.1275770446326283
1254,test,2,0,0,-180.0,-1249.5834986459831,0.0,0.0,0.0,2.0,0.0,0.0,0.5,0.5391059047010707,1.1275770446326283
1255,test,1,0,1,240.0,360.327353263388,0.0,-252.83672774249538,0.0,0.0,0.0,0.0,0.5,1.0,1.0
1255,test,2,1,0,-60.0,149.86600599899475,0.0,711.5581662373829,0.0,0.0,0.0,0.0,0.5,1.0,1.0
1256,train,1,0,0,300.0,4371.384034345414,0.0,0.0,436.05988182682387,0.8333333333333333,0.0,47.90921767978952,0.5,1.8901699315135738,0.7111579544109156
1256,train,2,0,0,1560.0,3070.1702111548366,0.0,0.0,1185.459786016348,0.5,0.0,109.09536898039639,0.5,1.8901699315135738,0.7111579544109156
1257,train,2,0,1,-180.0,-721.8953532300429,0.0,293.2399527668108,0.0,0.0,0.0,-136.0230110166347,0.5,1.0,1.0
1257,train,2,1,1,-1020.0,-1113.5497016063919,0.0,-406.8282720142465,0.0,0.0,0.0,-85.18756261394596,0.5,1.0,1.0
1258,train,1,0,1,-60.0,297.05786203269554,0.0,-598.9303197415948,0.0,0.0,0.0,0.0,0.5,1.0,1.0
1258,train,2,1,0,120.0,953.5269874572305,0.0,606.1079550508875,0.0,0.0,0.0,0.0,0.5,1.0,1.0
1259,train,2,0,1,-900.0,-410.8015139628751,-1.0666666666666667,-654.2368513447459,243.28898797922682,-0.3333333333333333,-0.20000000000000007,0.0,0.5,1.8852554875638234,1.112042928549702
1259,train,1,2,0,1260.0,1768.7401679344111,-0.2666666666666666,254.26860730801315,-62.46618787031986,0.6666666666666666,-0.1333333333333333,0.0,0.5,1.8852554875638234,1.112042928549702
1260,train,0,1,1,-360.0,541.389256715885,0.0,0.0,0.0,0.0,0.0,0.0,0.5,1.0,1.0
1260,train,0,2,1,-360.0,-507.3777790120748,0.0,0.0,0.0,0.0,0.0,0.0,0.5,1.0,1.0
1261,test,1,0,1,-120.0,-388.45731815845465,0.0,4.899842899190915,-169.79119836213144,0.3,-1.2000000000000002,0.0,0.5,0.5759995086307207,0.6829276781475809
1261,test,2,1,0,-180.0,-266.7102258242803,0.0,53.714440061660284,-118.75738520019968,-0.3,0.3999999999999999,0.0,0.5,0.5759995086307207,0.6829276781475809
1262,train,1,0,0,-180.0,-664.8060902381603,0.0,276.1758678411368,-98.01958854661581,0.0,0.0,121.57984750860692,0.5,1.8843522109806135,1.6924465675702585
1262,train,0,2,1,240.0,1133.7351565723511,0.0,-388.28778888434454,69.25918225928177,0.0,0.0,-14.170000566672101,0.5,1.8843522109806135,1.6924465675702585
1263,train,0,1,0,300.0,507.53656342229897,0.2857142857142857,73.87096772096506,19.03714961979982,0.0,-0.23809523809523808,-33.13000170296537,0.5,0.9307751300620747,1.0452222096095312
1263,train,1,2,1,-240.0,117.87573327500468,0.2857142857142857,-59.695168329940074,51.45109850591307,0.0,0.14285714285714285,-14.106128005410397,0.5,0.9307751300620747,1.0452222096095312
1264,train,2,0,1,-120.0,-531.8918149160581,0.0,0.0,-291.607349832767,0.0,0.2666666666666667,0.13420479402264363,0.5,0.9857110603819189,1.1826633388317183
1264,train,2,1,1,60.0,225.17836341842758,0.0,0.0,70.22237167700689,0.0,-0.1333333333333333,-11.23641631770533,0.5,0.9857110603819189,1.1826633388317183
1265,train,1,0,1,120.0,-593.65870600585,0.0,0.0,-290.8582209806432,0.0,-1.2000000000000002,0.0,0.5,0.7046577776798904,0.5194474283278248
1265,train,1,2,1,180.0,-859.4599176732863,0.0,0.0,-504.2840069066175,-0.2,-2.0,0.0,0.5,0.7046577776798904,0.5194474283278248
1266,validation,0,1,0,360.0,665.9965729404939,0.0,303.3774061148662,0.0,0.0,0.0,0.0,0.5,1.0,1.0
1266,validation,1,2,1,-180.0,-566.2507627924788,0.0,-1012.7931707870388,0.0,0.0,0.0,0.0,0.5,1.0,1.0
1267,train,0,1,0,0.0,-466.05034135559526,0.0,0.0,0.0,0.0,0.0,0.0,0.5,0.6143039331583546,1.8810375253772191
1267,train,2,1,0,0.0,70.71744923740516,0.0,0.0,0.0,3.0,0.0,0.0,0.5,0.6143039331583546,1.8810375253772191
1268,train,0,1,1,120.0,-470.70079346369585,0.0,0.0,0.0,0.0,0.0,0.0,0.5,1.0,1.0
1268,train,2,0,0,-180.0,-24.025053782064788,0.0,0.0,0.0,0.0,0.0,0.0,0.5,1.0,1.0
1269,test,0,2,0,1140.0,1859.9292121299804,0.0,0.0,0.0,0.0,0.0,187.52466076801107,0.5,0.6112484741494761,1.5871588858430006
1269,test,1,2,0,120.0,920.5768205025297,0.0,0.0,0.0,0.0,0.0,96.61512670749573,0.5,0.6112484741494761,1.5871588858430006
1270,train,0,2,0,120.0,-891.1500008518251,0.0,0.0,6.34256913381148,0.0,0.0,0.0,0.5,1.0842840943089431,1.1075851737947595
1270,train,1,2,0,240.0,-803.6664333353824,-0.3333333333333333,0.0,117.11417757491276,0.0,0.0,0.0,0.5,1.0842840943089431,1.1075851737947595
1271,train,1,0,0,240.0,738.8339629238326,0.0,0.0,146.38490020268569,0.0,1.5,122.85293750269003,0.5,0.5403094787188456,1.7635941652007066
1271,train,2,0,0,60.0,1113.8420054367052,0.0,0.0,-43.619299549049174,0.0,1.5,0.0,0.5,0.5403094787188456,1.7635941652007066
1272,train,1,0,0,-60.0,-930.1512467721368,0.0,326.9122364397706,0.0,0.0,0.0,0.0,0.5,1.0,1.0
1272,train,2,0,0,-360.0,-288.5855780310385,0.0,362.9417698624295,0.0,0.0,0.0,0.0,0.5,1.0,1.0
1273,test,1,0,1,300.0,-612.1819010101881,-1.0,0.0,0.0,0.0,0.0,0.0,0.5,1.7071173093846808,0.5903600474875326
1273,test,1,2,1,240.0,759.9489026658052,-2.0,0.0,0.0,0.0,0.0,0.0,0.5,1.7071173093846808,0.5903600474875326
1274,test,0,2,0,180.0,695.9454068721925,0.0,0.0,270.7691268326864,0.0,0.0,0.0,0.5,0.892555107985364,1.3961706559758633
1274,test,2,1,1,-300.0,-431.8088361862665,0.0,0.0,-30.304128663196096,0.0,0.0,0.0,0.5,0.892555107985364,1.3961706559758633
1275,train,1,0,0,-240.0,809.1278023955842,0.0,210.89460762546307,-27.309906801379498,0.06666666666666667,0.0,48.06991329348712,0.5,0.6195045508953513,1.6586946989679994
1275,train,2,0,0,60.0,1143.106082356779,0.0,520.4774647144667,-18.92296737511802,0.0,0.5333333333333333,69.34569517961963,0.5,0.6195045508953513,1.6586946989679994
1276,train,1,0,1,-180.0,-331.1663187854256,0.14285714285714285,-58.48924308750307,-207.07692901948388,0.38095238095238093,-0.14285714285714285,-69.11317496474231,0.5,0.7723091610748307,0.7040475414745768
1276,train,1,2,1,-180.0,-1298.0182730264933,0.0,-8.96610887489166,-227.49131055797562,0.0,-0.19047619047619047,20.75158700429907,0.5,0.7723091610748307,0.7040475414745768
1277,train,0,1,0,720.0,1054.42154377543,0.0,593.4541679067424,-55.467291895416906,-0.26666666666666666,2.2,0.0,0.5,1.2514147169509033,0.8021310232546341
1277,train,1,2,1,60.0,1173.2095009790737,-0.3333333333333333,-157.6012843287687,16.42792878772154,0.4,-0.4,0.0,0.5,1.2514147169509033,0.8021310232546341
1278,test,0,1,1,-60.0,-526.4016360147871,0.0,0.0,0.0,0.0,0.0,0.0,0.5,1.0,1.0
1278,test,2,0,0,0.0,-703.5406708178398,0.0,0.0,0.0,0.0,0.0,0.0,0.5,1.0,1.0
1279,test,0,1,0,120.0,364.6336147316624,0.0,380.4140955940557,0.0,0.0,0.0,107.40071649776849,0.5,1.0,1.0
1279,test,2,1,0,-240.0,-1201.464377660719,0.0,717.41384530362,0.0,0.0,0.0,86.5501386051925,0.5,1.0,1.0
1280,train,0,2,0,-180.0,252.3556721905743,0.0,0.0,811.9241173176242,0.0,-0.33333333333333326,-108.04517436638349,0.5,0.605370961922136,1.8261009729638824
1280,train,2,1,1,-120.0,-633.7596791382584,0.0,0.0,-238.0685058388699,0.0,0.4999999999999999,59.21768832014439,0.5,0.605370961922136,1.8261009729638824
1281,validation,0,1,0,180.0,904.2762279612552,0.2,0.0,176.57320717632146,-0.3333333333333333,0.0,-24.659780848095238,0.5,1.5622807066418736,0.7970074760677344
1281,validation,2,1,0,180.0,1610.825859932238,0.2,0.0,114.94162312332256,0.3333333333333333,0.26666666666666666,-46.34154981111203,0.5,1.5622807066418736,0.7970074760677344
1282,train,2,0,1,-240.0,-77.55763331391017,0.0,0.0,-77.3763666704935,-0.6666666666666666,0.0,0.0,0.5,0.5037821918053522,0.8356198743051855
1282,train,2,1,1,0.0,-135.63841467816883,0.0,0.0,30.540389914626232,-1.3333333333333333,0.0,0.0,0.5,0.5037821918053522,0.8356198743051855
1283,train,0,1,1,-300.0,-974.4466526278638,0.0,34.16638332972511,68.9979987464776,0.0,0.0,-106.87789543072687,0.5,0.7436325402724073,1.0916500816743746
1283,train,0,2,1,-180.0,227.77340931598428,0.0,169.51591239776872,85.56601502105991,0.0,-0.8999999999999999,-120.2129816734839,0.5,0.7436325402724073,1.0916500816743746
1284,train,1,0,0,240.0,806.2648399085956,0.0,0.0,0.0,0.6666666666666666,0.0,0.0,0.5,1.431640464975365,0.5627073186143058
1284,train,2,0,0,-180.0,-369.2364794144196,0.0,0.0,0.0,0.6666666666666666,0.0,0.0,0.5,1.431640464975365,0.5627073186143058
1285,validation,0,1,0,180.0,246.10438657066152,1.0,0.0,0.0,0.0,-0.3333333333333335,171.64276958125322,0.5,1.1136722292464187,0.800710363258461
1285,validation,2,1,0,120.0,-303.0053740927633,0.5,0.0,0.0,0.0,1.6666666666666665,16.1254407272461,0.5,1.1136722292464187,0.800710363258461
1286,train,1,0,1,-660.0,-1917.1563825879311,0.0,0.0,0.0,0.0,0.0,0.0,0.5,1.0,1.0
1286,train,1,2,1,-420.0,-1861.1529825276793,0.0,0.0,0.0,0.0,0.0,0.0,0.5,1.0,1.0
1287,train,1,0,0,0.0,774.0685137819446,0.0,-64.47418072331135,177.7020631126608,-0.19047619047619047,-0.5714285714285714,-25.98339069747464,0.5,0.6003485246130074,1.3819960538263392
1287,train,0,2,1,-180.0,-539.1886315130087,-0.14285714285714285,-9.516639609816252,84.40230955742182,0.19047619047619047,-0.8571428571428572,10.940332316250185,0.5,0.6003485246130074,1.3819960538263392
1288,train,2,0,1,-180.0,137.74135616439162,0.0,0.0,0.0,0.0,2.0,0.0,0.5,1.6260245602790167,1.4917969781349285
1288,train,1,2,0,60.0,3531.739255742572,0.0,0.0,0.0,0.0,3.0,0.0,0.5,1.6260245602790167,1.4917969781349285
1289,train,0,1,1,-480.0,-197.21857672228543,0.0,0.0,0.0,0.0,0.0,0.0,0.5,1.0,1.0
1289,train,2,0,0,420.0,391.26963160158175,0.0,0.0,0.0,0.0,0.0,0.0,0.5,1.0,1.0
1290,train,0,1,0,120.0,-266.8983874706728,-0.16666666666666666,0.0,244.1264383394826,0.0,2.0,0.0,0.5,0.7333660009348782,1.3114802124942524
1290,train,1,2,1,0.0,1530.9213003995046,0.0,0.0,38.32285454925815,0.0,-1.5,0.0,0.5,0.7333660009348782,1.3114802124942524
1291,test,0,2,0,180.0,257.6166251364316,0.0,0.0,0.0,0.0,0.0,-90.2526577358545,0.5,1.1932612426569453,0.9569847214493005
1291,test,1,2,0,120.0,101.17993682525776,0.0,0.0,0.0,0.0,0.0,109.89506172623298,0.5,1.1932612426569453,0.9569847214493005
1292,validation,2,0,1,-60.0,180.24944509248053,-1.0,404.41870533311294,0.0,0.0,-1.3333333333333333,0.0,0.5,1.0,1.0
1292,validation,2,1,1,60.0,466.486914010864,-1.3333333333333333,335.030985381331,0.0,0.0,-0.8333333333333333,0.0,0.5,1.0,1.0
1293,train,2,0,1,120.0,-227.72105781120285,0.0,-250.44070114737778,0.0,0.0,0.0,-20.5863371089833,0.5,1.8653959288241204,1.8891547153778432
1293,train,1,2,0,-180.0,0.0,0.1,308.955833260767,0.0,0.0,0.2,-0.08951375646794446,0.5,1.8653959288241204,1.8891547153778432
1294,train,2,0,1,-600.0,-2001.4791915841815,0.0,0.0,0.0,0.0,0.0,0.0,0.5,1.0,1.0
1294,train,2,1,1,-300.0,-2021.1981954246357,0.0,0.0,0.0,0.0,0.0,0.0,0.5,1.0,1.0
1295,validation,1,0,1,-360.0,285.1667375780462,0.0,-721.7183771838038,-175.36019548982802,0.0,0.0,0.0,0.5,0.5267897486765816,0.8583931999504091
1295,validation,1,2,1,120.0,20.356182151386747,0.0,-304.0004085055571,-689.1927069004256,0.0,0.0,0.0,0.5,0.5267897486765816,0.8583931999504091
1296,test,0,1,0,300.0,1313.7294240325627,0.0,-122.1500377764196,57.404191413953995,0.0,0.0,0.0,0.5,1.0,1.0
1296,test,1,2,1,180.0,142.4718456947012,0.0,-480.42975069281476,-54.47541329028698,0.0,0.33333333333333326,0.0,0.5,1.0,1.0
1297,train,0,2,0,-120.0,-841.8560327876435,0.0,0.0,0.0,0.0,0.0,0.0,0.5,1.0,1.0
1297,train,1,2,0,120.0,350.83829937901464,0.0,0.0,0.0,0.0,0.0,0.0,0.5,1.0,1.0
1298,train,1,0,1,180.0,-180.0770524318009,0.0,0.0,0.0,0.0,0.0,0.0,0.5,1.0,1.0
1298,train,2,1,0,-240.0,330.07186746364096,0.0,0.0,0.0,0.0,0.0,0.0,0.5,1.0,1.0
1299,train,2,0,1,-180.0,-495.81093258586907,0.0,0.0,0.0,0.0,0.0,0.0,0.5,1.0,1.0
1299,train,2,1,1,-300.0,-1222.785551798253,0.0,0.0,0.0,0.0,0.0,0.0,0.5,1.0,1.0
1300,train,2,0,1,-420.0,-1325.1773846315132,-0.6666666666666666,0.0,0.0,0.0,-0.6666666666666665,0.0,0.5,0.7422981162986972,1.0900610069768082
1300,train,1,2,0,360.0,2086.172459985904,0.0,0.0,0.0,0.0,1.333333333333333,0.0,0.5,0.7422981162986972,1.0900610069768082
1301,train,1,0,1,0.0,-852.3807248208805,0.2857142857142857,18.869374522637784,-109.49640902800319,0.0,-0.2857142857142857,-143.47645661875524,0.5,0.8554618933874703,1.3759534400881248
1301,train,2,1,0,0.0,-266.11963210664317,-0.8571428571428571,-12.831295177565082,1.4029917538422048,0.0,0.19047619047619047,20.78850545445753,0.5,0.8554618933874703,1.3759534400881248
1302,train,1,0,0,120.0,-292.2286578677458,0.0,274.71949229720644,-161.610452553532,0.0,0.0,0.0,0.5,1.0,1.0
1302,train,2,0,0,-60.0,286.8990364223155,0.0,1044.53749953868,-213.33647719627402,0.0,0.0,0.0,0.5,1.0,1.0
1303,train,2,0,1,120.0,1394.535035235609,0.0,0.0,0.0,0.0,0.0,0.0,0.5,1.0,1.0
1303,train,1,2,0,480.0,-302.5774443510136,0.0,0.0,0.0,0.0,0.0,0.0,0.5,1.0,1.0
1304,train,1,0,1,-240.0,-734.7048021233927,-0.5999999999999999,0.0,-32.77873384173302,0.4,0.0,7.607254317871828,0.5,0.5761157471907541,0.6021200375439391
1304,train,1,2,1,-120.0,-970.3872194914825,-0.3,0.0,-47.31246249131788,0.4,0.0,-6.680588304390362,0.5,0.5761157471907541,0.6021200375439391
1305,train,1,0,1,-300.0,-113.98686448130957,0.0,0.0,107.27621350641974,0.0,-0.9000000000000001,0.0,0.5,1.0529081040376407,1.4302981739711524
1305,train,1,2,1,-120.0,228.45489880551486,0.0,0.0,-9.046183426244085,0.8,-1.4999999999999998,0.0,0.5,1.0529081040376407,1.4302981739711524
1306,test,1,0,0,480.0,975.376674246686,0.33333333333333337,-10.752609591665987,0.0,1.0,0.0,0.0,0.5,1.821408767390315,0.6250974300108687
1306,test,0,2,1,-360.0,-2657.7880773468196,-0.5,130.48051021449584,0.0,-1.0,0.0,0.0,0.5,1.821408767390315,0.6250974300108687
1307,train,2,0,1,60.0,-160.42642394102586,-0.19047619047619047,-106.55812349715097,-31.503566917740635,-0.47619047619047616,0.3333333333333333,-16.835714040532054,0.5,1.0,1.0
1307,train,2,1,1,-180.0,-403.47130805340294,-0.19047619047619047,-7.901533860003951,-41.600624016126865,-0.23809523809523808,0.2857142857142857,-43.87376413110868,0.5,1.0,1.0
1308,train,1,0,1,-60.0,0.0,0.0,0.0,0.0,0.0,0.0,0.0,0.5,0.7453294401554927,1.1287221816726145
1308,train,2,1,0,60.0,63.008520587382236,0.0,0.0,0.0,0.0,0.0,0.0,0.5,0.7453294401554927,1.1287221816726145
1309,train,0,1,1,-60.0,272.0029119982423,-0.2,-482.8736272309826,-39.022697261352086,0.0,0.30000000000000004,0.0,0.5,1.0,1.0
1309,train,2,0,0,240.0,994.2335607086579,0.2,760.8900965181733,46.913316340102504,0.0,1.2,0.0,0.5,1.0,1.0
1310,train,1,0,1,60.0,-331.932493857822,0.0,0.0,0.0,0.0,0.0,0.0,0.5,1.0,1.0
1310,train,1,2,1,120.0,1154.6386403746938,0.0,0.0,0.0,0.0,0.0,0.0,0.5,1.0,1.0
1311,train,2,0,1,-180.0,-1635.042236855846,0.0,0.0,0.0,0.0,-0.3333333333333335,-102.729558489124,0.5,1.6825107676181852,0.7480691937415275
1311,train,2,1,1,-60.0,-1134.0651612910424,0.0,0.0,0.0,0.0,-0.6666666666666665,-169.48725142947018,0.5,1.6825107676181852,0.7480691937415275
1312,validation,0,2,0,360.0,2611.204435465392,0.0,85.30118383432227,62.02310655290408,0.0,0.7142857142857142,0.0,0.5,0.7541154856883878,0.6114971143425451
1312,validation,2,1,1,-120.0,-260.31402155473506,-0.19047619047619047,-5.4779429028612725,-84.52214920915902,-1.4285714285714284,0.0,-83.51636063267634,0.5,0.7541154856883878,0.6114971143425451
1313,train,2,0,1,-180.0,-148.83699326968508,0.0,0.0,0.0,0.0,0.0,-153.3890591536557,0.5,0.8656572307609934,1.462874841995025
1313,train,2,1,1,-840.0,-843.3651522572836,0.0,0.0,0.0,0.0,0.0,-98.28835645314041,0.5,0.8656572307609934,1.462874841995025
1314,train,2,0,1,0.0,-1265.1209329085204,0.0,0.0,0.0,0.0,-4.0,0.0,0.5,0.9722684868502548,0.5899484819598423
1314,train,2,1,1,-60.0,-1174.3460250873177,0.0,0.0,0.0,0.0,-1.0,0.0,0.5,0.9722684868502548,0.5899484819598423
1315,train,1,0,0,180.0,1776.0567053615987,0.0,0.0,0.0,0.0,0.0,0.0,0.5,1.0,1.0
1315,train,2,0,0,1020.0,-142.0624094971863,0.0,0.0,0.0,0.0,0.0,0.0,0.5,1.0,1.0
1316,train,1,0,1,-480.0,516.4645477385602,0.0,0.0,0.0,0.0,0.0,0.0,0.5,1.0,1.0
1316,train,1,2,1,-480.0,149.3926177594185,0.0,0.0,0.0,0.0,0.0,0.0,0.5,1.0,1.0
1317,validation,1,0,1,-60.0,2.289095440115034,0.0,0.0,0.0,0.0,-3.0,0.0,0.5,0.551728298771273,0.6511605715376272
1317,validation,1,2,1,60.0,-219.49497049680167,0.0,0.0,0.0,0.0,-3.0,0.0,0.5,0.551728298771273,0.6511605715376272
1318,train,0,2,0,720.0,2295.2243866761974,0.0,-9.739492254096149,314.22025890060036,0.19047619047619047,0.0,43.214319616108284,0.5,1.0,1.0
1318,train,2,1,1,-480.0,-1968.3036422285732,0.0,-587.8493636542142,-430.0958753377845,-0.38095238095238093,-0.09523809523809523,-24.41355507215108,0.5,1.0,1.0
1319,train,0,1,1,240.0,-790.3877563472888,0.0,0.0,0.0,0.0,0.0,0.0,0.5,1.13645453792359,1.532968069021018
1319,train,2,0,0,-60.0,3499.2801372274726,0.0,0.0,0.0,0.0,10.0,0.0,0.5,1.13645453792359,1.532968069021018
1320,train,0,2,0,-60.0,-370.3131208516902,0.0,0.0,273.2779010153419,0.3333333333333333,0.0,0.0,0.5,1.1271962045307438,1.5482083683678365
1320,train,1,2,0,0.0,-1.6283047365909624,0.0,0.0,-3.0771605622977916,0.16666666666666666,-0.33333333333333337,0.0,0.5,1.1271962045307438,1.5482083683678365
1321,train,1,0,0,180.0,330.6151481345796,0.0,498.35097086719986,0.0,1.0,0.0,-21.820698452807022,0.5,1.251967181692328,1.5539162655785912
1321,train,0,2,1,0.0,-310.39430373667983,0.0,268.35532588487735,0.0,0.0,0.0,-13.23940476476156,0.5,1.251967181692328,1.5539162655785912
1322,train,0,1,0,180.0,776.6862434699124,0.3,0.0,29.181828455508764,0.0,0.0,-44.27545615919007,0.5,1.5599430542724682,1.1240103417517595
1322,train,1,2,1,-120.0,-360.1538368251313,0.0,0.0,19.056823871581237,-0.1,0.0,13.419714433392727,0.5,1.5599430542724682,1.1240103417517595
1323,train,0,1,1,120.0,409.36576363840913,0.0,-2.0406311415035816,-179.2702229803533,0.047619047619047616,0.47619047619047616,41.24431954106616,0.5,1.5941643993412589,0.9208276017218335
1323,train,0,2,1,120.0,-651.7026624651348,-0.2857142857142857,18.85777630566608,-125.86473707550802,0.0,0.0,6.6999713220942,0.5,1.5941643993412589,0.9208276017218335
1324,train,0,1,1,180.0,-300.87890100020286,0.0,-9.806132845388106,67.03374288775572,-0.1,-0.8999999999999999,0.0,0.5,1.4475051356219262,0.9535406305482942
1324,train,2,0,0,180.0,2610.9030993488313,0.0,567.1334071521281,514.6649420647025,0.2,1.2000000000000002,0.0,0.5,1.4475051356219262,0.9535406305482942
1325,train,1,0,0,-240.0,-779.7561226767502,0.0,337.27534727283125,170.90227947243798,0.1,-0.6000000000000001,0.0,0.5,0.5438827507461403,1.3467068726259224
1325,train,0,2,1,-540.0,-1239.2188492899877,0.0,-319.1158791391603,-183.8886512915079,-0.1,0.30000000000000027,0.0,0.5,0.5438827507461403,1.3467068726259224
1326,validation,0,2,0,60.0,996.6267313102062,1.3333333333333333,0.0,1.1564562679008645,0.0,0.0,0.0,0.5,1.1593652778877845,1.773180643995373
1326,validation,2,1,1,-480.0,-806.0486646914505,-1.3333333333333333,0.0,41.26672652158821,0.0,0.0,0.0,0.5,1.1593652778877845,1.773180643995373
1327,train,0,1,1,-60.0,-1318.8440821632666,-7.0,0.0,0.0,0.0,0.0,0.0,0.5,0.636597368708476,1.8621044812770349
1327,train,2,0,0,-120.0,754.8687248622864,4.0,0.0,0.0,0.0,0.0,0.0,0.5,0.636597368708476,1.8621044812770349
1328,train,1,0,1,60.0,1943.0113031724336,0.0,-17.835589215889286,-170.9186552640329,-0.47619047619047616,0.047619047619047616,-56.61731331434024,0.5,1.0,1.0
1328,train,2,1,0,-120.0,-217.885436890434,-0.19047619047619047,-98.53987523791062,165.66491964018837,0.0,0.09523809523809523,75.97998291660555,0.5,1.0,1.0
1329,train,0,2,0,180.0,1338.1188117040028,0.0,0.0,0.0,0.0,0.0,0.0,0.5,1.0,1.0
1329,train,1,2,0,0.0,1505.4121809458866,0.0,0.0,0.0,0.0,0.0,0.0,0.5,1.0,1.0
1330,train,1,0,0,0.0,209.21987005731626,0.0,199.83221680475623,21.067867346865626,-0.09523809523809523,-0.9523809523809523,72.41985170460437,0.5,1.0052846512248073,0.6128099312839327
1330,train,0,2,1,-240.0,-2267.1049555071386,0.0,-143.1584484747146,-232.7207382315636,-0.09523809523809523,-1.3333333333333333,-56.12263571606019,0.5,1.0052846512248073,0.6128099312839327
1331,train,0,1,1,-300.0,-321.99145996932066,0.0,0.0,0.0,0.0,0.0,0.0,0.5,1.0147690693987075,0.6556595031811238
1331,train,0,2,1,-300.0,-150.61435585824393,-1.0,0.0,0.0,0.0,0.0,0.0,0.5,1.0147690693987075,0.6556595031811238
1332,test,0,2,0,300.0,524.4710945666511,0.0,0.0,361.0105176565336,0.0,0.0,0.0,0.5,1.6484920292974974,0.6276065742726102
1332,test,2,1,1,0.0,644.6038712789009,0.0,0.0,-217.88166392070582,0.0,0.0,0.0,0.5,1.6484920292974974,0.6276065742726102
1333,train,2,0,1,-660.0,279.67940264699337,0.5999999999999999,32.366826002268226,0.0,-0.2,0.0,-116.28830124127134,0.5,0.5131509267532992,0.9542469402808097
1333,train,1,2,0,120.0,474.6103758290237,-0.5999999999999999,230.0597769594068,0.0,0.1,0.0,-74.66633304352656,0.5,0.5131509267532992,0.9542469402808097
1334,validation,2,0,1,-780.0,-199.4492145967206,0.0,-317.18065674265154,0.0,0.0,0.0,0.0,0.5,1.0,1.0
1334,validation,2,1,1,-420.0,-181.4268334324106,0.0,-558.6197800168395,0.0,0.0,0.0,0.0,0.5,1.0,1.0
1335,test,1,0,1,-360.0,-959.5692493831166,0.09523809523809523,404.39012888036984,31.099522164678334,-0.23809523809523803,-2.857142857142857,88.8024210478615,0.5,1.9905651673599252,1.4697008079117224
1335,test,2,1,0,420.0,-32.57893638020505,-0.09523809523809523,-139.6089727192392,-30.434488220304345,-0.23809523809523808,1.1428571428571428,81.03396562509575,0.5,1.9905651673599252,1.4697008079117224
1336,test,0,2,0,0.0,-585.1849235236086,0.0,0.0,1540.34530947496,0.0,0.0,0.0,0.5,0.7161350555923187,0.6384926699640354
1336,test,1,2,0,120.0,874.9352054046512,0.0,0.0,2160.0639809764098,0.0,0.0,0.0,0.5,0.7161350555923187,0.6384926699640354
1337,test,0,1,1,60.0,439.3869940504369,0.0,0.0,179.8045936271886,-0.16666666666666666,-1.5,0.0,0.5,1.2964056936915613,1.3214747179200979
1337,test,2,0,0,60.0,-365.29233154481744,0.0,0.0,-235.42080161444414,0.0,2.5,0.0,0.5,1.2964056936915613,1.3214747179200979
1338,train,2,0,1,-240.0,516.6489478064682,0.0,0.0,0.0,0.0,0.0,0.0,0.5,1.0,1.0
1338,train,2,1,1,-420.0,178.51226733292424,0.0,0.0,0.0,0.0,0.0,0.0,0.5,1.0,1.0
1339,validation,0,2,0,300.0,1546.8251984257613,-0.047619047619047616,-153.412376748163,156.3724376876346,0.0,0.38095238095238093,52.67654334027557,0.5,1.9329253432413542,1.554688805653917
1339,validation,1,2,0,360.0,1477.9398553884066,-0.047619047619047616,46.62885648988339,-83.39720468506569,0.2857142857142857,0.19047619047619047,82.05564769001991,0.5,1.9329253432413542,1.554688805653917
1340,train,0,1,1,-360.0,-224.39020785453067,0.0,-253.20149164537054,-3.8033252140235305,0.0,-0.8,-46.472543834488825,0.5,1.0,1.0
1340,train,0,2,1,-180.0,70.49953865774751,-0.06666666666666667,-359.0249445322089,-153.82600743837332,0.0,0.5333333333333334,-72.53016841114368,0.5,1.0,1.0
1341,validation,0,1,1,240.0,392.9437219040892,0.0,-143.39675491241883,-988.6236286640178,0.33333333333333337,0.0,0.0,0.5,1.0,1.0
1341,validation,2,0,0,-480.0,-1128.4244312610072,0.0,575.0564147695294,118.4370889203795,-0.33333333333333337,0.0,0.0,0.5,1.0,1.0
1342,train,0,1,0,-60.0,-127.35848813750545,0.14285714285714285,107.8485685777376,8.766754678568901,0.0,0.2857142857142857,-0.48913830100891076,0.5,0.5813361439360191,0.9267387472349702
1342,train,2,1,0,60.0,41.8824901134758,-0.14285714285714285,90.3207437572304,-44.86948249138847,0.0,1.1428571428571428,7.044635371012886,0.5,0.5813361439360191,0.9267387472349702
1343,train,0,1,0,60.0,-875.862933268309,0.0,0.0,0.0,0.0,2.666666666666667,0.0,0.5,0.5813863508399241,0.9798710177954638
1343,train,2,1,0,180.0,-308.80253096926936,0.0,0.0,0.0,0.0,1.9999999999999998,0.0,0.5,0.5813863508399241,0.9798710177954638
1344,test,1,0,0,-240.0,-347.7825797277592,0.3333333333333333,291.3903507954656,-234.1036819492779,0.0,0.19999999999999996,52.05380854818808,0.5,0.6865675906942016,1.8747131105311161
1344,test,0,2,1,120.0,308.5084256529617,-0.6666666666666666,-474.1544951746245,106.77953971831636,0.0,0.06666666666666671,-45.733919428777895,0.5,0.6865675906942016,1.8747131105311161
1345,train,1,0,1,-60.0,-1146.6552983278452,0.0,0.0,0.0,0.0,0.0,0.0,0.5,1.0,1.0
1345,train,1,2,1,60.0,-602.9885555506835,0.0,0.0,0.0,0.0,0.0,0.0,0.5,1.0,1.0
1346,train,1,0,1,0.0,-129.4190949991248,0.0,0.0,0.0,-1.0,0.0,0.0,0.5,0.5289601216802545,1.3959750094080714
1346,train,2,1,0,-120.0,54.35717116880369,0.0,0.0,0.0,1.0,0.0,0.0,0.5,0.5289601216802545,1.3959750094080714
1347,train,0,2,0,0.0,464.12762421550906,-0.2857142857142857,31.905703509494117,55.573242080449084,0.09523809523809523,-0.1428571428571428,1.3254839962521459,0.5,1.5515554606129092,1.705582879435779
1347,train,1,2,0,360.0,1890.4818934568011,0.5714285714285714,-93.09740210429715,211.1378179153268,0.19047619047619047,0.4285714285714286,-5.4459740659155695,0.5,1.5515554606129092,1.705582879435779
1348,test,1,0,0,-120.0,117.89736151690659,0.0,0.0,722.5761879342853,0.0,0.0,0.0,0.5,1.5153651994978274,0.9338196625876009
1348,test,2,0,0,-120.0,367.51326006556565,0.0,0.0,487.17731688419974,0.0,0.0,0.0,0.5,1.5153651994978274,0.9338196625876009
1349,train,0,1,1,-300.0,-2434.806147779748,0.0,-450.80220697417883,0.0,-0.5,0.0,-27.07230151474819,0.5,1.2277141946697276,1.060875608254916
1349,train,0,2,1,-420.0,-1904.3202637757308,0.0,-517.3509425792731,0.0,-1.0,0.0,34.5783854813351,0.5,1.2277141946697276,1.060875608254916
1350,train,1,0,0,180.0,-358.72171333937786,0.0,0.0,1097.6348332611094,0.0,0.0,0.0,0.5,1.892474616279155,1.62811113076231
1350,train,0,2,1,0.0,530.5305731888498,0.0,0.0,-437.77794902574067,0.0,0.0,0.0,0.5,1.892474616279155,1.62811113076231
1351,train,0,1,1,-120.0,-1334.9342495740075,0.0,0.0,0.0,0.0,0.0,0.0,0.5,1.0,1.0
1351,train,2,0,0,300.0,-16.39231673937047,0.0,0.0,0.0,0.0,0.0,0.0,0.5,1.0,1.0
1352,test,1,0,1,0.0,437.77974771685695,-0.13333333333333336,-245.60036329341807,-44.913564686670234,0.0,0.0,13.723988696625355,0.5,1.0,1.0
1352,test,1,2,1,240.0,325.6268461096615,-0.06666666666666667,-504.31844523169565,-20.08216164403529,0.0,0.40000000000000013,77.59663138748114,0.5,1.0,1.0
1353,train,0,2,0,420.0,421.9662992773001,0.26666666666666666,-6.485611406928456,-10.435199446549404,0.0,0.0,6.739493600382266,0.5,1.7743330180106232,1.977691193805929
1353,train,2,1,1,60.0,608.5317495758254,0.0,80.65318495025227,-51.81240090072029,0.0,0.0,-169.62901930316576,0.5,1.7743330180106232,1.977691193805929
1354,test,2,0,1,-420.0,668.7329816035681,-0.3333333333333333,-754.8032126272283,0.0,0.3333333333333333,0.0,0.0,0.5,1.0,1.0
1354,test,1,2,0,-60.0,-1101.3091889856032,0.0,891.6747755054732,0.0,-0.3333333333333333,0.0,0.0,0.5,1.0,1.0
1355,test,1,0,1,0.0,-630.5917540352257,-0.4761904761904761,-198.29871058279028,54.47926712232923,0.0,-0.19047619047619047,24.350505840577185,0.5,0.6619892122961132,1.055517477940461
1355,test,1,2,1,-720.0,-2682.9775387413574,-0.23809523809523808,-360.0030621912408,-12.541890010434187,0.2857142857142857,0.5714285714285714,-34.99319870310478,0.5,0.6619892122961132,1.055517477940461
1356,test,0,2,0,-540.0,1625.6951701940743,0.0,827.7133018750429,0.0,0.0,0.6000000000000001,-25.774251122145387,0.5,1.0,1.0
1356,test,2,1,1,-120.0,-37.74455664264224,0.0,-297.6843961688545,0.0,-0.1,-0.40000000000000013,-30.64215772459093,0.5,1.0,1.0
1357,validation,0,1,0,120.0,700.2584486321975,0.0,-18.90585092593919,114.97902203296573,0.0,-0.20000000000000018,39.26749986465998,0.5,0.5528829941805995,0.7134996659637415
1357,validation,2,1,0,300.0,386.30344519169194,0.0,101.22450463137268,37.5919356829468,0.0,0.0,96.4453071703341,0.5,0.5528829941805995,0.7134996659637415
1358,train,0,1,0,60.0,504.9598900677024,0.0,27.033989101654385,27.811611655426717,0.0,-0.9999999999999999,0.0,0.5,1.9286222830894326,1.6835907724371275
1358,train,1,2,1,-180.0,-301.22384855500786,0.0,-45.672365962023065,-71.53081477381389,-0.06666666666666667,1.3333333333333333,0.0,0.5,1.9286222830894326,1.6835907724371275
1359,train,2,0,1,-60.0,-42.65143634595188,0.0,219.9715361856288,32.29469032559012,0.0,0.0,-47.1546196960742,0.5,0.7998043071944435,0.7246763814712962
1359,train,2,1,1,-120.0,-422.70544627244453,0.0,236.03386527774217,-46.08583210534207,0.0,0.0,-36.83816685096364,0.5,0.7998043071944435,0.7246763814712962
1360,train,0,2,0,-180.0,-1440.2638073203398,1.3333333333333335,401.3877458145711,0.0,0.0,0.0,0.0,0.5,0.6290452035993961,0.696740532025586
1360,train,1,2,0,60.0,-2220.82551254626,0.0,27.508394982920095,0.0,0.0,0.0,0.0,0.5,0.6290452035993961,0.696740532025586
1361,test,0,1,0,120.0,551.5527723168811,0.5,60.01828578762024,0.0,0.0,0.6666666666666665,0.0,0.5,1.900703874943744,1.3973381538790361
1361,test,1,2,1,-240.0,-586.4341008435399,-0.5,42.11775441289967,0.0,0.0,0.6666666666666667,0.0,0.5,1.900703874943744,1.3973381538790361
1362,validation,1,0,1,-300.0,-1572.348490902842,0.0,0.0,0.0,0.0,0.0,0.0,0.5,1.9661602254415327,1.3548150580321043
1362,validation,2,1,0,60.0,1463.8425163361153,0.0,0.0,0.0,0.0,-1.0,0.0,0.5,1.9661602254415327,1.3548150580321043
1363,train,1,0,0,-1080.0,-315.2829342712239,1.3333333333333335,0.0,0.0,0.0,-1.9999999999999998,0.0,0.5,0.5894300220170987,0.7593181950728356
1363,train,0,2,1,420.0,-765.5522869944853,0.0,0.0,0.0,0.0,-1.3333333333333335,0.0,0.5,0.5894300220170987,0.7593181950728356
1364,train,1,0,1,180.0,-785.1517786239747,-1.0,0.0,0.0,0.0,0.0,0.0,0.5,1.0383487971198164,1.6188226570754083
1364,train,1,2,1,60.0,-1279.8556022435414,-1.0,0.0,0.0,0.0,0.0,0.0,0.5,1.0383487971198164,1.6188226570754083
1365,train,2,0,1,-420.0,-2405.954099000618,0.0,0.0,0.0,0.0,0.0,0.0,0.5,1.0,1.0
1365,train,2,1,1,-120.0,1750.0446649997284,0.0,0.0,0.0,0.0,0.0,0.0,0.5,1.0,1.0
1366,validation,0,1,0,120.0,146.7019536362959,0.0,0.0,0.0,0.0,0.0,0.0,0.5,1.0,1.0
1366,validation,1,2,1,0.0,105.68029494058874,0.0,0.0,0.0,0.0,0.0,0.0,0.5,1.0,1.0
1367,train,1,0,0,120.0,-664.3208263614797,0.14285714285714285,-284.7822571758658,19.974594140841077,0.38095238095238093,-0.23809523809523814,-187.01804902456527,0.5,1.0,1.0
1367,train,0,2,1,-300.0,214.853081678958,-0.047619047619047616,-329.2895368618058,-14.994117954723677,0.0,-0.4761904761904763,79.70576455461578,0.5,1.0,1.0
1368,train,1,0,1,60.0,151.39861263752164,-1.2000000000000002,0.0,-43.83457240615925,0.0,-0.1,21.967952772948387,0.5,0.5491198011239868,1.34001524664874
1368,train,1,2,1,-60.0,107.82549016770918,0.0,0.0,40.7910745101027,0.0,-0.5,9.004132662220584,0.5,0.5491198011239868,1.34001524664874
1369,train,0,1,1,240.0,1132.4562905959847,0.0,0.0,0.0,0.0,0.0,0.0,0.5,1.0,1.0
1369,train,2,0,0,-180.0,-755.9550671057063,0.0,0.0,0.0,0.0,0.0,0.0,0.5,1.0,1.0
1370,test,2,0,1,-300.0,-639.3334552211281,0.0,0.0,-145.2621044623474,0.0,-2.0,0.0,0.5,1.2389381782676137,0.7641346393894981
1370,test,1,2,0,420.0,1493.2494119267621,0.0,0.0,-122.7040390950575,0.0,1.6666666666666665,0.0,0.5,1.2389381782676137,0.7641346393894981
1371,train,0,1,0,-240.0,-71.48599574180389,0.0,-314.86488208918485,131.0908069031105,0.0,0.0,-45.691875618902856,0.5,0.6491779003559391,0.862121071520362
1371,train,1,2,1,180.0,604.2286534484219,0.0,127.72286441024761,-302.9450406013131,0.0,0.0,77.74098534673467,0.5,0.6491779003559391,0.862121071520362
1372,train,0,1,1,-180.0,5.189210540243039,0.0,78.47586426594887,0.0,-1.3333333333333333,0.0,0.0,0.5,1.4683429753723258,1.0526393979849464
1372,train,0,2,1,-420.0,-1369.3181836140056,0.0,39.76066241064132,0.0,-0.6666666666666666,0.0,0.0,0.5,1.4683429753723258,1.0526393979849464
1373,train,1,0,0,120.0,-72.83813555200459,0.0,380.43764236858783,278.8639826979019,0.0,-0.16666666666666663,0.0,0.5,1.1930807527151255,1.6371781962771204
1373,train,2,0,0,360.0,636.0176687110643,0.0,367.02797235150376,251.41442810019288,0.0,0.16666666666666663,0.0,0.5,1.1930807527151255,1.6371781962771204
1374,validation,1,0,0,180.0,282.15730789811505,0.0,-108.47546466773599,14.432110513035,0.0,0.3333333333333333,0.0,0.5,1.0,1.0
1374,validation,0,2,1,-180.0,-52.11178104505461,0.0,154.3756219509949,-0.3824764231142126,0.0,-0.3333333333333333,0.0,0.5,1.0,1.0
1375,test,0,1,0,0.0,151.83534501505392,-0.047619047619047616,27.66341147228897,66.29948794771602,0.23809523809523808,-0.2857142857142857,-6.919637619831796,0.5,0.6337051850164324,1.719641247233375
1375,test,2,1,0,-120.0,-566.1009490410734,-0.047619047619047616,107.725969805719,88.76554453628226,0.47619047619047616,-0.09523809523809523,-43.113850818995594,0.5,0.6337051850164324,1.719641247233375
1376,train,0,1,0,0.0,-175.39946024292703,0.0,-235.35728570288768,0.0,0.0,0.0,0.0,0.5,1.0,1.0
1376,train,1,2,1,60.0,7.44501642030491,0.0,-773.435517214685,0.0,0.0,0.0,0.0,0.5,1.0,1.0
1377,test,0,1,1,-240.0,130.0691608119564,0.0,68.60405763860604,0.0,0.1,0.0,-34.93470637447164,0.5,1.7373622478383755,0.5622359614907119
1377,test,0,2,1,0.0,-88.25016079256238,-0.4,164.47754772998547,0.0,0.0,0.0,12.689768290643205,0.5,1.7373622478383755,0.5622359614907119
1378,validation,0,1,1,180.0,484.63155071288384,0.0,0.0,0.0,0.0,0.0,20.506269825821555,0.5,0.8695806475221918,0.9078805266538166
1378,validation,0,2,1,0.0,-639.653390230797,0.0,0.0,0.0,0.6666666666666666,0.0,-125.23441828292755,0.5,0.8695806475221918,0.9078805266538166
1379,train,0,1,1,-60.0,-1680.702186196857,0.0,0.0,0.0,-1.0,0.0,0.0,0.5,0.7754610349379386,0.8583956815485472
1379,train,0,2,1,180.0,-1095.411074028034,0.0,0.0,0.0,-4.0,0.0,0.0,0.5,0.7754610349379386,0.8583956815485472
1380,validation,0,2,0,600.0,1046.6169875479409,0.0,0.0,0.0,0.0,7.333333333333333,0.0,0.5,1.365402268623444,0.6375132094584484
1380,validation,1,2,0,540.0,1034.410738949493,0.33333333333333337,0.0,0.0,0.0,5.333333333333333,0.0,0.5,1.365402268623444,0.6375132094584484
1381,validation,0,2,0,660.0,2941.9036612135733,-0.2,417.87459607856783,0.0,-0.6666666666666666,0.4,-8.125715974422182,0.5,1.400701588674795,0.5790564387831456
1381,validation,2,1,1,-360.0,-1044.3345027964451,0.0,122.02033687626658,0.0,0.0,-0.6666666666666666,2.6019351361052365,0.5,1.400701588674795,0.5790564387831456
1382,validation,1,0,1,-180.0,-1147.6951985269961,0.0,-295.4970087366018,-41.2511474768215,-0.2857142857142857,0.2857142857142857,0.0,0.5,0.649025202424973,1.2383442574040728
1382,validation,2,1,0,60.0,729.5441585418184,0.38095238095238093,322.19064540790333,142.60460903031634,0.14285714285714285,-0.19047619047619047,2.4861080997257843,0.5,0.649025202424973,1.2383442574040728
1383,test,1,0,1,60.0,234.61544628220327,0.0,0.0,0.0,0.0,0.0,0.0,0.5,1.0,1.0
1383,test,1,2,1,120.0,12.464961635689633,0.0,0.0,0.0,0.0,0.0,0.0,0.5,1.0,1.0
1384,validation,0,1,1,-120.0,75.9807103945891,0.5,-74.25858458535384,0.0,-0.16666666666666666,0.0,0.0,0.5,1.4178388911030664,1.4931671571300904
1384,validation,0,2,1,-420.0,-1091.47751837358,0.0,-159.23665383049365,0.0,-0.3333333333333333,0.0,0.0,0.5,1.4178388911030664,1.4931671571300904
1385,train,0,1,0,-60.0,-535.048010842741,0.0,0.0,0.0,0.0,0.0,0.0,0.5,1.0,1.0
1385,train,2,1,0,-180.0,1117.66328714081,0.0,0.0,0.0,0.0,0.0,0.0,0.5,1.0,1.0
1386,train,2,0,1,-300.0,-46.44838119636279,0.0,-30.424749568169005,12.767711770232038,0.23809523809523808,-0.14285714285714285,-2.4179335922929397,0.5,1.7516664079938187,1.5145642157780717
1386,train,1,2,0,60.0,672.5475708799186,0.0,36.51768089365562,13.762310060655393,0.23809523809523808,0.42857142857142855,33.31404287897549,0.5,1.7516664079938187,1.5145642157780717
1387,train,2,0,1,60.0,-243.5282909141015,0.0,-513.8493896890994,-24.75118721039948,0.0,0.10000000000000009,0.8021945442403862,0.5,1.0,1.0
1387,train,1,2,0,0.0,403.85430404462613,0.0,154.99866681815843,35.47356946126945,0.0,0.0,19.978814843912062,0.5,1.0,1.0
1388,train,0,2,0,-60.0,150.14938593705028,1.0,0.0,0.0,0.0,0.0,0.0,0.5,0.7950439467502523,1.835505727385666
1388,train,1,2,0,-60.0,149.98010943237068,1.0,0.0,0.0,0.0,0.0,0.0,0.5,0.7950439467502523,1.835505727385666
1389,test,1,0,1,600.0,-1430.333109054709,0.0,150.56069620542416,-994.2421746326805,0.0,-1.666666666666667,0.0,0.5,0.8043835615044854,1.166863313982589
1389,test,1,2,1,600.0,1081.0199517561414,0.0,-126.60341841516669,-657.7665706247002,0.0,-1.0,0.0,0.5,0.8043835615044854,1.166863313982589
1390,train,1,0,0,180.0,276.8607001767614,2.0,0.0,0.0,0.0,0.0,0.0,0.5,0.8985268381192993,0.8920523614967928
1390,train,2,0,0,60.0,-139.7868510775388,2.0,0.0,0.0,0.0,0.0,0.0,0.5,0.8985268381192993,0.8920523614967928
1391,train,1,0,0,60.0,131.00602135285953,0.0,0.0,0.0,0.0,0.0,0.0,0.5,1.0,1.0
1391,train,2,0,0,-120.0,-261.3964451122815,0.0,0.0,0.0,0.0,0.0,0.0,0.5,1.0,1.0
1392,train,0,1,1,-300.0,-1422.226468533323,0.0,0.0,0.0,0.0,0.0,0.0,0.5,1.0,1.0
1392,train,0,2,1,300.0,-419.9219071571488,0.0,0.0,0.0,0.0,0.0,0.0,0.5,1.0,1.0
1393,train,0,2,0,120.0,1405.291742881645,0.0,0.0,0.0,0.0,0.0,0.0,0.5,1.0,1.0
1393,train,2,1,1,-60.0,-1041.7926422777268,0.0,0.0,0.0,0.0,0.0,0.0,0.5,1.0,1.0
1394,train,1,0,1,-840.0,-1704.366976203206,-0.4,-599.6165300292689,-19.05813780668916,0.0,-0.7999999999999998,0.0,0.5,1.6259162939115193,0.7867760258548326
1394,train,1,2,1,-360.0,658.5620538616613,-0.4,-86.63814185027928,-330.7467527393651,-0.13333333333333333,0.8,0.0,0.5,1.6259162939115193,0.7867760258548326
1395,test,0,1,1,-960.0,-2365.2017532461177,-0.2,-790.4238429116282,0.0,0.0,-0.19999999999999996,-141.8128108577596,0.5,1.0,1.0
1395,test,0,2,1,-240.0,-1396.0506268937106,-0.4000000000000001,-300.01873752046833,0.0,0.0,0.10000000000000003,36.455818690044275,0.5,1.0,1.0
1396,validation,1,0,0,540.0,395.4716697142021,0.0,-19.098079495897736,9.024439595826546,0.5999999999999999,1.2000000000000002,0.0,0.5,0.9304748250897295,0.5648640757346426
1396,validation,2,0,0,60.0,-797.3055403991593,0.0,-39.197987376587236,103.70064927033381,1.2,1.6,0.0,0.5,0.9304748250897295,0.5648640757346426
1397,test,2,0,1,120.0,-309.35015061074773,0.0,0.0,-518.5939793066568,0.0,0.0,0.0,0.5,0.595404702110604,0.7061475842138428
1397,test,2,1,1,240.0,-83.58703407688336,0.0,0.0,-477.61175037468763,0.0,0.0,0.0,0.5,0.595404702110604,0.7061475842138428
1398,validation,0,1,0,-60.0,-178.5982132748527,0.0,0.0,-23.077358022509515,0.0,0.0,81.1119962073506,0.5,1.5988360511660178,0.8719314604976189
1398,validation,2,1,0,0.0,-17.027802851699107,0.0,0.0,-95.38249099572893,0.0,0.0,6.044662298965918,0.5,1.5988360511660178,0.8719314604976189
1399,train,1,0,1,240.0,1665.8958359246085,0.09523809523809523,-120.3776307015932,3.82150462911477,0.0,-0.2857142857142857,42.48443790911687,0.5,0.6541615430523611,0.960695597976684
1399,train,2,1,0,-180.0,-189.43691539601787,0.0,106.63960998833102,8.408238391283277,0.0,0.2857142857142857,71.48713663145935,0.5,0.6541615430523611,0.960695597976684
1400,train,1,0,0,780.0,1186.879667470117,0.0,215.75442006183118,-174.58712190290916,0.42857142857142855,0.0,31.500256431915957,0.5,1.1140138563651254,0.7988880535794642
1400,train,0,2,1,-600.0,-2694.6833514835835,-0.047619047619047616,186.1999782218765,185.44324559694263,-0.2857142857142857,-0.7142857142857144,57.893338473525674,0.5,1.1140138563651254,0.7988880535794642
1401,train,0,2,0,240.0,604.3894679198092,0.0,-101.15352157456923,125.3560332512304,0.13333333333333333,-1.0,-92.3897395141444,0.5,1.5821344658945775,0.9162116178285207
1401,train,2,1,1,120.0,-359.15438405229634,0.0,122.06854763312381,-63.50264077967767,0.0,-1.3333333333333333,25.218459206493264,0.5,1.5821344658945775,0.9162116178285207
1402,validation,0,1,1,0.0,29.701831326938645,-0.23809523809523808,-3.447003760173729,-88.71348354510455,0.0,-0.19047619047619047,-6.962588439739335,0.5,1.2051978375102625,0.5923114627019979
1402,validation,0,2,1,-360.0,-429.13745549364467,-0.47619047619047616,16.59981080990349,-85.65017171072371,0.0,0.09523809523809523,-11.486756515710894,0.5,1.2051978375102625,0.5923114627019979
1403,train,0,2,0,60.0,-1408.9436961979727,0.0,0.0,0.0,0.0,0.0,0.0,0.5,1.0,1.0
1403,train,1,2,0,240.0,-982.4723914850392,0.0,0.0,0.0,0.0,0.0,0.0,0.5,1.0,1.0
1404,validation,0,1,0,60.0,-1037.6429763545725,0.0,292.91361454970377,0.0,0.0,0.0,-13.172700349183303,0.5,1.6316833789774579,1.9270405679631444
1404,validation,2,1,0,0.0,-1013.012233939327,0.0,-221.04210804545804,0.0,0.0,0.0,176.72955422044808,0.5,1.6316833789774579,1.9270405679631444
1405,train,0,1,1,-240.0,-453.5599744877104,0.0,0.0,0.0,0.0,-0.5,-47.3348641150501,0.5,1.045699290115732,1.5872824954725067
1405,train,2,0,0,60.0,136.7115288572811,0.0,0.0,0.0,0.3333333333333333,0.5,0.0,0.5,1.045699290115732,1.5872824954725067
1406,train,2,0,1,-180.0,-96.27853327963476,-0.38095238095238093,-47.928116428023635,18.644438735368468,-0.23809523809523808,-0.5714285714285714,-2.8986466191581286,0.5,1.3596087043766871,1.1135295011375443
1406,train,2,1,1,-60.0,250.44948964718606,-0.38095238095238093,-16.022351262809913,-262.78938560522556,0.0,-0.5714285714285714,0.0,0.5,1.3596087043766871,1.1135295011375443
1407,train,0,1,1,-120.0,-367.42400394925926,-0.3333333333333333,143.71222099159536,0.0,0.0,-1.0,0.0,0.5,1.7480785167704274,0.6074744614700642
1407,train,0,2,1,-420.0,-969.9525698541361,-0.5,-456.0752855688015,0.0,0.0,-0.5,0.0,0.5,1.7480785167704274,0.6074744614700642
1408,train,1,0,0,360.0,426.1389812783509,-0.2,153.23506379265592,-5.026051870410797,0.26666666666666666,0.0,45.53218074276285,0.5,1.392674346698936,0.8354455458280663
1408,train,0,2,1,-60.0,-1275.9688067338548,0.2,-131.3942510844997,-80.24526305186912,0.0,0.0,-9.694934655421076,0.5,1.392674346698936,0.8354455458280663
1409,train,0,1,1,240.0,323.81221146066946,0.0,0.0,0.0,-1.0,0.33333333333333337,0.0,0.5,1.6235729390384162,1.7479465979275992
1409,train,2,0,0,300.0,-1.6967291207356539,-0.3333333333333333,0.0,0.0,0.0,0.16666666666666652,0.0,0.5,1.6235729390384162,1.7479465979275992
1410,train,1,0,0,-240.0,-1283.6385017203138,0.0,-423.81648515901423,397.3973163750803,0.0,-0.6666666666666667,30.001225549825847,0.5,1.036647477339063,0.9651387077923134
1410,train,0,2,1,-360.0,669.3847810577354,-0.7999999999999999,373.6565444120494,-67.07654181943536,0.0,0.0,19.56634960074149,0.5,1.036647477339063,0.9651387077923134
1411,train,1,0,0,-60.0,-495.1963669273241,0.0,0.0,30.219217269329306,0.0,0.0,-85.69694105841936,0.5,1.6453254377895894,1.4845299771590765
1411,train,2,0,0,60.0,184.45889072168075,0.0,0.0,63.24928610033635,0.3333333333333333,0.0,-17.52209886759681,0.5,1.6453254377895894,1.4845299771590765
1412,test,0,1,1,180.0,384.4662629395789,0.0,0.0,-193.25854643696323,0.0,0.0,20.59165596257695,0.5,1.1445943528240585,0.7552449022312715
1412,test,2,0,0,360.0,366.78849911387624,0.0,0.0,208.583568118696,0.0,-0.6666666666666666,-79.44825791499267,0.5,1.1445943528240585,0.7552449022312715
1413,train,2,0,1,-60.0,-806.6608191500372,0.0,-1164.9826825875978,-367.41157991522755,0.0,0.0,0.0,0.5,1.0,1.0
1413,train,1,2,0,360.0,-55.26329590935984,0.0,-190.29185947914198,20.439887338064153,0.0,0.0,0.0,0.5,1.0,1.0
1414,train,0,1,1,-240.0,2130.8062373927733,0.0,-584.2554259267798,0.0,0.6666666666666666,0.0,0.0,0.5,1.0,1.0
1414,train,0,2,1,420.0,1603.994812579289,-0.33333333333333337,-222.93167523686407,0.0,0.0,0.0,0.0,0.5,1.0,1.0
1415,train,0,1,1,240.0,-1206.6431923177379,0.0,0.0,0.0,-0.3333333333333333,0.0,-223.64511265383905,0.5,1.429328435277003,1.592486644684156
1415,train,0,2,1,360.0,-409.0227611350738,0.0,0.0,0.0,0.0,0.0,-292.50588560379504,0.5,1.429328435277003,1.592486644684156
1416,train,0,2,0,0.0,-558.389853505882,0.5714285714285714,143.94613620798992,8.311698490476843,0.0,0.09523809523809523,-6.007756033402043,0.5,0.8237763393602093,0.7816602838590315
1416,train,1,2,0,0.0,-53.504113362353564,0.0,129.38688582897748,202.6243493379711,0.19047619047619047,-0.09523809523809523,-6.007756033402043,0.5,0.8237763393602093,0.7816602838590315
1417,train,1,0,0,0.0,-120.4837519628527,-0.16666666666666666,38.683167189710616,0.0,0.0,0.0,147.69391039641178,0.5,1.5624317443639988,0.8901399597663013
1417,train,0,2,1,240.0,32.56575722174148,0.0,-298.0425550394374,0.0,0.0,0.0,48.04800555441389,0.5,1.5624317443639988,0.8901399597663013
1418,train,1,0,0,120.0,342.1434120494598,0.06666666666666667,156.24250372247,-90.95148623133747,0.0,-0.2,0.0,0.5,1.9694862958872938,1.431332232127175
1418,train,0,2,1,-60.0,-476.9674207756932,-0.06666666666666667,-0.11194080573750398,26.64980722980883,-0.13333333333333333,0.2,0.0,0.5,1.9694862958872938,1.431332232127175
1419,validation,2,0,1,-300.0,-365.5407403861677,-0.06666666666666667,-54.43603306409496,-147.88089490454072,0.0,-0.3333333333333333,-27.20755554725058,0.5,0.5301472209137,0.9794339202779563
1419,validation,1,2,0,300.0,1789.295023769375,0.2,170.340898681383,51.94833812871889,0.0,1.0,-5.567389312036688,0.5,0.5301472209137,0.9794339202779563
1420,train,1,0,0,-540.0,47.073169027609765,0.0,-84.73981003095591,0.0,0.0,1.3333333333333335,188.45043839335972,0.5,1.0634401106003792,1.7794279757729736
1420,train,0,2,1,480.0,378.4459636075271,0.0,163.0940652476135,0.0,0.0,-1.0,-107.52971699950464,0.5,1.0634401106003792,1.7794279757729736
1421,test,0,2,0,-480.0,703.8968368323958,0.0,366.7878747998881,0.0,0.0,0.3333333333333335,0.0,0.5,1.0,1.0
1421,test,2,1,1,540.0,-1183.5377154218695,-0.16666666666666666,18.241799956261616,0.0,0.0,-1.6666666666666665,0.0,0.5,1.0,1.0
1422,validation,0,1,0,0.0,-22.40109933864187,0.0,0.0,385.77829535949706,0.6666666666666666,0.0,0.0,0.5,1.3525412329614581,0.8375681951305698
1422,validation,1,2,1,-120.0,669.8304733414143,-0.5,0.0,-87.62273066665364,-0.16666666666666666,0.0,0.0,0.5,1.3525412329614581,0.8375681951305698
1423,train,0,1,0,-60.0,1068.758852939307,1.2000000000000002,-140.48455258664075,0.0,-0.3,0.0,38.74952013902504,0.5,1.0247907228303907,1.6186828200043866
1423,train,2,1,0,0.0,18.712517329710863,0.4,-109.06041087989811,0.0,-0.6,0.0,20.672030150659168,0.5,1.0247907228303907,1.6186828200043866
1424,test,1,0,0,600.0,835.3359874246426,0.0,-21.050912305840725,-57.622630110482106,0.0,0.0,37.69912253475947,0.5,0.6108321376073034,1.3530725100195307
1424,test,0,2,1,-120.0,-589.8269624258801,-0.26666666666666666,25.80665719541686,-305.1223815401938,0.0,0.2666666666666667,9.747702791873508,0.5,0.6108321376073034,1.3530725100195307
1425,train,2,0,1,60.0,351.4712846014554,0.0,-46.85961203514398,22.676802866216086,0.0,0.0,0.0,0.5,1.0,1.0
1425,train,2,1,1,-60.0,17.61893337347101,0.0,-146.68524178111358,-11.457198934760314,0.0,0.0,0.0,0.5,1.0,1.0
1426,train,0,1,1,-120.0,-1205.776613670033,0.0,-342.79197501597,-21.442754627690363,-0.3333333333333333,-0.19999999999999996,0.6134542527872178,0.5,1.5890601033950356,0.6772011412822757
1426,train,0,2,1,-180.0,175.88130955218594,0.0,-98.36377244771876,46.831889501824065,-0.6666666666666666,0.4,17.37009680304423,0.5,1.5890601033950356,0.6772011412822757
1427,train,0,2,0,900.0,114.41016597649832,0.0,0.0,0.0,0.0,0.33333333333333304,-61.89065670843195,0.5,0.589409613973907,1.156754544685642
1427,train,2,1,1,60.0,-773.2084438600168,0.0,0.0,0.0,0.0,0.0,-293.23379208139704,0.5,0.589409613973907,1.156754544685642
1428,train,1,0,1,-120.0,-948.0796576559587,-0.13333333333333333,-25.40396623476522,-2.7764716433875734,0.2,0.0,-79.53607597339797,0.5,1.1495016426650149,1.0873132466474715
1428,train,2,1,0,240.0,456.59885044675,0.0,23.434845951131962,41.88738278705851,0.2,0.0,95.20931267543862,0.5,1.1495016426650149,1.0873132466474715
1429,train,0,1,1,-660.0,-1864.3742567734016,0.0,-764.4558077199897,0.0,-0.4,0.0,-9.47698851544179,0.5,0.5981308924075257,1.296584904825307
1429,train,2,0,0,420.0,950.5561893296754,0.0,-94.81294225820238,0.0,0.8000000000000002,0.20000000000000007,304.48093937640783,0.5,0.5981308924075257,1.296584904825307
1430,validation,1,0,1,-360.0,-885.3988162623523,0.0,0.0,0.0,0.0,0.0,0.0,0.5,1.0,1.0
1430,validation,1,2,1,-180.0,351.95351655454215,0.0,0.0,0.0,0.0,0.0,0.0,0.5,1.0,1.0
1431,test,1,0,1,300.0,-377.3572232146098,0.0,0.0,0.0,0.0,0.0,0.0,0.5,1.0,1.0
1431,test,2,1,0,240.0,1752.5191849006205,0.0,0.0,0.0,0.0,0.0,0.0,0.5,1.0,1.0
1432,validation,0,2,0,0.0,-857.3563994734754,0.0,0.0,0.0,0.0,0.0,0.0,0.5,1.0,1.0
1432,validation,2,1,1,120.0,360.47058747724805,0.0,0.0,0.0,0.0,0.0,0.0,0.5,1.0,1.0
1433,validation,1,0,0,0.0,107.85529310892457,-0.1,0.0,-148.33403753316992,-0.2,0.0,28.742364396536388,0.5,0.5037301950336314,1.070056609703864
1433,validation,0,2,1,0.0,0.0,0.1,0.0,60.37842672131265,0.0,0.0,26.678035552895842,0.5,0.5037301950336314,1.070056609703864
1434,test,1,0,1,180.0,930.2675190164641,0.16666666666666666,0.0,0.0,0.0,0.0,-257.53039255696865,0.5,1.6135468601008351,0.6470483467932174
1434,test,1,2,1,-240.0,-455.5095446355199,-0.16666666666666669,0.0,0.0,0.6666666666666666,0.0,-140.5083188462096,0.5,1.6135468601008351,0.6470483467932174
1435,train,0,1,1,-360.0,-635.6401085394859,0.3,0.0,0.0,0.2,0.0,-164.85668879436247,0.5,1.8756897473052963,0.5096205933688249
1435,train,0,2,1,-240.0,-489.3668776766358,0.3,0.0,0.0,0.2,-0.10000000000000003,-93.32158859093097,0.5,1.8756897473052963,0.5096205933688249
1436,train,2,0,1,0.0,-45.084912709857235,0.0,0.0,0.0,0.0,0.0,0.0,0.5,1.0,1.0
1436,train,1,2,0,360.0,649.7558445629074,0.0,0.0,0.0,0.0,0.0,0.0,0.5,1.0,1.0
1437,test,0,1,1,-300.0,-991.7208640869103,-0.16666666666666666,0.0,0.0,-0.6666666666666666,0.0,-145.5983225111511,0.5,1.071064150639972,1.2969124575594775
1437,test,0,2,1,-60.0,-1502.4853798532122,-0.3333333333333333,0.0,0.0,-0.3333333333333333,0.0,-159.11853736613406,0.5,1.071064150639972,1.2969124575594775
1438,train,0,1,1,-60.0,776.933095665574,0.0,0.0,0.0,0.0,0.0,0.0,0.5,1.0,1.0
1438,train,2,0,0,120.0,705.1507143266876,0.0,0.0,0.0,0.0,0.0,0.0,0.5,1.0,1.0
1439,train,1,0,1,180.0,545.196573602344,0.0,0.0,0.0,0.0,0.0,-204.9060224625817,0.5,0.5451026065563339,0.8721071925151854
1439,train,1,2,1,0.0,-850.0088950657946,0.0,0.0,0.0,0.0,0.0,95.73527878151526,0.5,0.5451026065563339,0.8721071925151854
1440,train,0,1,1,0.0,157.7506168259879,0.6666666666666666,-375.8761698145714,0.0,0.0,0.0,0.0,0.5,1.1368884920381328,1.4609855533046814
1440,train,2,0,0,-60.0,806.5888737090954,0.0,265.85224029218216,0.0,0.0,0.0,0.0,0.5,1.1368884920381328,1.4609855533046814
1441,validation,0,1,1,-180.0,-479.8183435785413,-1.9999999999999998,0.0,0.0,0.0,0.0,46.368968874351026,0.5,0.5158920411019321,0.6614842607967628
1441,validation,2,0,0,300.0,-241.2412996631556,0.0,0.0,0.0,0.0,0.0,-10.077228712526704,0.5,0.5158920411019321,0.6614842607967628
1442,train,1,0,0,-120.0,-606.1868381135228,0.0,94.77986298382422,-95.69969402864832,0.0,0.5999999999999999,0.0,0.5,0.6914271144620183,0.7559505733395215
1442,train,0,2,1,-180.0,-69.96578888517524,-0.8,-36.109170975981534,43.01040384203493,0.0,-0.5999999999999999,0.0,0.5,0.6914271144620183,0.7559505733395215
1443,test,0,1,0,-180.0,-397.84914529371554,0.0,-370.90572373735324,172.43575644193504,0.0,0.0,12.374553455286705,0.5,1.0,1.0
1443,test,2,1,0,-180.0,-420.8934875818377,0.0,16.430321237710018,125.17798376902375,0.0,0.29999999999999993,3.7062541187225726,0.5,1.0,1.0
1444,train,0,1,1,420.0,946.754640463294,0.0,0.0,-7.869025973130547,0.0,0.6666666666666666,-106.99752634560058,0.5,0.8363099745983352,1.7872258354256554
1444,train,0,2,1,360.0,1145.018272402348,0.0,0.0,-7.047271445844274,0.0,-0.6666666666666667,-112.1553691172505,0.5,0.8363099745983352,1.7872258354256554
1445,train,0,1,0,-240.0,-1190.0294788951114,0.0,-212.13970254602816,31.858635492809114,0.2,-0.8,18.676598138404486,0.5,1.9251631124238566,0.8010981905866081
1445,train,1,2,1,360.0,1239.3251202868132,0.0,228.07456711614225,-226.6328691055756,0.0,0.0,3.2891191227439833,0.5,1.9251631124238566,0.8010981905866081
1446,train,0,1,0,0.0,904.2044079185962,0.0,0.0,0.0,0.0,0.0,0.0,0.5,1.0,1.0
1446,train,2,1,0,-120.0,732.1149801673155,0.0,0.0,0.0,0.0,0.0,0.0,0.5,1.0,1.0
1447,train,1,0,1,120.0,370.7849801944508,0.0,86.6175279563331,0.0,0.0,0.0,0.0,0.5,1.0,1.0
1447,train,2,1,0,-120.0,-246.9276702107477,0.0,769.5196478294056,0.0,0.0,0.0,0.0,0.5,1.0,1.0
1448,train,2,0,1,-180.0,-308.82958382252446,-0.6000000000000001,24.074917482549438,0.0,0.13333333333333333,-0.3333333333333333,8.60087446605331,0.5,0.976174225888075,1.232776698429276
1448,train,1,2,0,60.0,124.19483410032353,0.0,-26.833006690055782,0.0,0.0,1.6666666666666665,1.3454472439482377,0.5,0.976174225888075,1.232776698429276
1449,validation,2,0,1,0.0,-405.5950889895189,0.2,30.354372618217276,-1.034247029462776,0.0,0.0,-1.946000072651291,0.5,0.6606785113885928,0.8601869590029576
1449,validation,2,1,1,-660.0,-1107.9872923341445,0.0,-47.75216308923444,-99.52227314223299,-0.26666666666666666,0.0,14.939133175031326,0.5,0.6606785113885928,0.8601869590029576
1450,train,0,1,0,120.0,1054.9549959655715,-0.2,-185.14877297759773,0.0,1.2000000000000002,-0.2999999999999998,0.0,0.5,1.0971341282842912,0.8665724200433218
1450,train,1,2,1,-540.0,-2241.6035021594853,0.2,30.481915166580677,0.0,0.0,0.2999999999999998,0.0,0.5,1.0971341282842912,0.8665724200433218
1451,train,0,2,0,180.0,663.0787439888504,0.0,0.0,0.0,0.0,-0.6666666666666665,21.94779838591988,0.5,1.4924662183883417,0.5018921569777725
1451,train,2,1,1,-60.0,-238.42803418193807,0.0,0.0,0.0,0.0,-0.6666666666666665,86.42479027383993,0.5,1.4924662183883417,0.5018921569777725
1452,validation,0,1,0,540.0,1586.3015510550304,0.0,-185.3083088595313,0.0,0.0,0.0,0.0,0.5,1.612001294506672,0.5336691218799497
1452,validation,1,2,1,-540.0,-1762.9296647477759,-2.0,-139.84044038624916,0.0,-0.3333333333333333,0.0,0.0,0.5,1.612001294506672,0.5336691218799497
1453,train,2,0,1,180.0,-380.06088509600113,0.19047619047619047,-86.96339028241374,-0.514019290629907,-0.23809523809523808,-0.09523809523809523,-0.542944121565716,0.5,1.700005823831024,0.5257272511659598
1453,train,2,1,1,300.0,126.5356427091001,0.19047619047619047,1.7514906206440486,1.1892404674684975,-0.23809523809523808,0.0,4.067889557861659,0.5,1.700005823831024,0.5257272511659598
1454,train,1,0,0,180.0,627.3601634747629,0.09523809523809523,-1.2311647314784153,-107.64581864544671,0.0,0.2857142857142857,-52.88517410352541,0.5,1.7470470994097427,0.9002161349399397
1454,train,0,2,1,60.0,-59.178319664395985,0.09523809523809523,39.311974437135575,48.94290845267632,0.0,-0.42857142857142855,9.514709467860413,0.5,1.7470470994097427,0.9002161349399397
1455,train,1,0,1,-120.0,-668.5169925108794,0.0,0.0,-89.39663795576122,0.0,0.0,0.0,0.5,1.4330712030892991,1.3672913904842519
1455,train,2,1,0,180.0,697.7258668256027,0.0,0.0,260.989401507604,0.0,1.333333333333333,0.0,0.5,1.4330712030892991,1.3672913904842519
1456,validation,1,0,0,-300.0,-819.1726826405147,0.0,1051.7596651310128,0.0,0.0,0.0,0.0,0.5,1.0,1.0
1456,validation,0,2,1,-480.0,-1297.0636287978868,0.0,-805.2301674860528,0.0,0.0,0.0,0.0,0.5,1.0,1.0
1457,train,0,1,0,120.0,583.9255659121,-0.1,-116.6784949594317,53.75311637639602,0.0,0.6000000000000001,0.0,0.5,1.0,1.0
1457,train,1,2,1,-60.0,-1388.216825186093,-0.1,182.90643723433902,-79.89236441123525,0.0,0.0,0.0,0.5,1.0,1.0
1458,train,0,1,0,300.0,12.44336039718928,0.0,0.0,0.0,0.0,0.0,0.0,0.5,1.0,1.0
1458,train,2,1,0,480.0,-406.6497206261729,0.0,0.0,0.0,0.0,0.0,0.0,0.5,1.0,1.0
1459,validation,0,1,1,120.0,841.5684160185119,0.19047619047619047,-7.623693042415823,-141.3894728234526,0.19047619047619047,-0.5714285714285714,42.876770600650865,0.5,1.4142961240368699,0.9742671296225548
1459,validation,2,0,0,-60.0,-567.2936186134211,-0.19047619047619047,-35.20465029189266,163.9956714751931,-0.19047619047619047,1.1428571428571428,-27.56263329644443,0.5,1.4142961240368699,0.9742671296225548
1460,train,1,0,1,-300.0,558.5464868659492,-0.16666666666666666,0.0,-114.75707124869929,0.0,0.0,83.06393642468123,0.5,1.498987171927836,0.5660455840106144
1460,train,1,2,1,0.0,-198.3401506151249,-0.5,0.0,-260.8635728094585,0.0,0.0,-73.2121599804565,0.5,1.498987171927836,0.5660455840106144
1461,test,0,2,0,660.0,3806.861103562027,0.0,0.0,0.0,0.0,0.0,0.0,0.5,1.0,1.0
1461,test,1,2,0,120.0,631.8974567272562,0.0,0.0,0.0,0.0,0.0,0.0,0.5,1.0,1.0
1462,train,0,1,1,600.0,-238.21483324561268,-2.6666666666666665,0.0,122.85100394956805,0.0,0.0,0.0,0.5,0.7146287742209357,1.6437400451321746
1462,train,2,0,0,-420.0,1452.4121884289725,1.3333333333333335,0.0,159.39769838779637,0.0,0.0,0.0,0.5,0.7146287742209357,1.6437400451321746
1463,train,0,1,0,240.0,1232.890021987274,0.0,-202.57885626954487,0.0,0.0,0.6666666666666665,0.0,0.5,1.0,1.0
1463,train,1,2,1,300.0,-335.8580716735478,0.0,137.85114181547817,0.0,0.0,0.33333333333333326,0.0,0.5,1.0,1.0
1464,train,1,0,1,420.0,1092.6074434248212,0.0,0.0,0.0,0.0,0.0,0.0,0.5,1.0,1.0
1464,train,1,2,1,-480.0,-714.4806242956947,0.0,0.0,0.0,0.0,0.0,0.0,0.5,1.0,1.0
1465,train,0,1,0,-60.0,810.1111360482769,0.0,344.5034833834422,173.3118950589074,-0.13333333333333333,0.0,30.514310890926538,0.5,1.0,1.0
1465,train,1,2,1,240.0,44.83436049499005,-0.26666666666666666,-129.60039958035833,-47.83344478439169,0.06666666666666667,0.0,0.7068734491877038,0.5,1.0,1.0
1466,train,0,1,0,180.0,1086.562505462649,0.2,78.88503227381403,114.20101389346605,0.0,1.6666666666666667,36.32639715558463,0.5,0.641357282171776,0.5557789505710713
1466,train,1,2,1,0.0,149.17832670854114,0.0,-645.3823861732826,-79.91458024120034,0.0,1.0,-17.434599608652803,0.5,0.641357282171776,0.5557789505710713
1467,validation,0,1,1,120.0,1088.4548141468208,0.0,-430.4186893336032,0.0,0.3333333333333333,0.0,0.0,0.5,1.0,1.0
1467,validation,2,0,0,-240.0,-41.17529064144264,0.0,754.4968005235039,0.0,0.3333333333333333,0.0,0.0,0.5,1.0,1.0
1468,train,0,1,0,-420.0,-574.3396672004646,0.0,0.0,0.0,0.0,0.0,263.0073372005922,0.5,0.8830971420664796,1.2602480822301438
1468,train,1,2,1,540.0,448.03067095795905,0.0,0.0,0.0,0.0,0.0,-311.12929129604845,0.5,0.8830971420664796,1.2602480822301438
1469,train,0,1,1,300.0,169.42170773916132,-0.13333333333333336,-153.07220740255386,-198.9467681725564,0.0,-0.6666666666666665,0.0,0.5,0.9254514509802553,0.9913220910339714
1469,train,2,0,0,-300.0,-654.3421150165295,0.06666666666666667,33.06369952846816,2.2081707554072096,0.2666666666666667,1.333333333333333,0.0,0.5,0.9254514509802553,0.9913220910339714
1470,train,0,2,0,-60.0,891.7819987179055,0.0,0.0,0.0,0.0,0.0,0.0,0.5,1.0,1.0
1470,train,1,2,0,0.0,1551.4953241299072,0.0,0.0,0.0,0.0,0.0,0.0,0.5,1.0,1.0
1471,validation,0,1,0,60.0,-611.2916615858758,0.23809523809523808,-298.9369796381114,-29.67944608262195,0.2857142857142857,-0.28571428571428564,-18.662865686350422,0.5,1.0526768878142876,1.9637085684887652
1471,validation,1,2,1,-360.0,-391.15437453056984,-0.4761904761904761,-174.7985108060223,83.3106807416743,0.0,-0.2857142857142858,20.457652327226654,0.5,1.0526768878142876,1.9637085684887652
1472,train,1,0,1,-540.0,-2503.9586438837205,0.0,0.0,-190.70831551040203,-0.6000000000000001,0.1333333333333333,12.088247907348034,0.5,1.4843925586473892,0.7059943520807853
1472,train,1,2,1,-480.0,-130.178913154783,0.06666666666666667,0.0,209.65439691563807,-0.6000000000000001,-0.1333333333333333,-50.90800093942416,0.5,1.4843925586473892,0.7059943520807853
1473,train,1,0,1,-240.0,-935.8242351392737,0.0,0.0,0.0,0.0,0.0,0.0,0.5,1.0,1.0
1473,train,1,2,1,-120.0,-1733.9994317730889,0.0,0.0,0.0,0.0,0.0,0.0,0.5,1.0,1.0
1474,train,0,1,0,240.0,691.3205861645952,0.26666666666666666,48.83326213612031,-23.614292886196726,0.0,0.0,13.594402155461978,0.5,1.0,1.0
1474,train,2,1,0,180.0,909.2603522087616,0.13333333333333333,291.4838611463238,-31.75591772846462,0.0,0.4,57.03058614868115,0.5,1.0,1.0
1475,train,1,0,0,420.0,1107.7996340277818,0.0,0.0,0.0,0.0,0.0,493.23272126931073,0.5,0.9545557341295288,1.8304656874711362
1475,train,0,2,1,-420.0,-393.3228150870341,0.0,0.0,0.0,0.0,0.0,13.052027310516678,0.5,0.9545557341295288,1.8304656874711362
1476,train,0,2,0,-180.0,-640.1610899867283,0.0,186.4500830943992,-101.12442188942279,0.0,-0.3333333333333333,0.0,0.5,0.5252222863842709,0.5259011269303057
1476,train,2,1,1,180.0,-11.247886748139535,0.0,-250.37646317483916,-245.86106005647315,0.0,-0.33333333333333337,0.0,0.5,0.5252222863842709,0.5259011269303057
1477,train,0,1,0,180.0,1049.547984857366,0.5999999999999999,279.05160964032507,67.44633441589323,-0.4,0.0,0.0,0.5,1.1703928548594487,0.9986323408192997
1477,train,1,2,1,-480.0,-1875.3644438899082,-0.5999999999999999,-65.09388752024509,24.9561336952804,0.8,0.0,0.0,0.5,1.1703928548594487,0.9986323408192997
1478,train,2,0,1,360.0,-755.6712740432658,0.0,0.0,-32.29591463645007,-0.8,-0.9000000000000001,0.0,0.5,1.7983244808610588,1.5517404089205284
1478,train,2,1,1,180.0,-206.666940224909,-0.2,0.0,1.4449228313913807,-0.4,0.0,0.0,0.5,1.7983244808610588,1.5517404089205284
1479,validation,0,1,0,120.0,350.67625250742867,0.0,0.0,0.0,0.0,0.0,0.0,0.5,1.0,1.0
1479,validation,2,1,0,120.0,434.6167657883675,0.0,0.0,0.0,0.0,0.0,0.0,0.5,1.0,1.0
1480,validation,0,1,0,240.0,388.94079252591246,0.0,6.899715386086388,43.80085136827712,0.0,-0.38095238095238093,29.828191494909102,0.5,1.851546249399306,1.700416358178334
1480,validation,1,2,1,-240.0,-840.8426834068264,0.0,-70.11372314273599,-16.481793479431467,-0.14285714285714285,0.9523809523809523,19.15862503058652,0.5,1.851546249399306,1.700416358178334
1481,train,2,0,1,-420.0,724.064656621993,-1.0,-104.48628109900062,0.0,0.0,0.0,-29.669498503932672,0.5,1.9980965452279078,1.6319125914870198
1481,train,1,2,0,240.0,-583.1024130532505,0.5,510.6391706754699,0.0,0.0,0.0,47.0751946768339,0.5,1.9980965452279078,1.6319125914870198
1482,train,0,2,0,180.0,-679.1699844868226,0.0,0.0,0.0,0.0,0.0,0.0,0.5,1.0,1.0
1482,train,1,2,0,240.0,-752.0626746105472,0.0,0.0,0.0,0.0,0.0,0.0,0.5,1.0,1.0
1483,test,0,2,0,-240.0,-508.0852306426186,0.0,0.0,662.1203566571379,0.0,0.0,0.0,0.5,1.9549350371371745,0.9656755845670523
1483,test,1,2,0,360.0,-5.9900808544553,0.0,0.0,568.1376023769275,0.0,0.0,0.0,0.5,1.9549350371371745,0.9656755845670523
1484,train,0,1,0,-300.0,-571.077122308975,0.38095238095238093,251.81545237037164,4.161390352700771,0.0,0.8571428571428571,-37.79387156020741,0.5,1.1919042332676568,0.6715827583683833
1484,train,1,2,1,60.0,218.46713391709,-0.19047619047619047,-133.495121727457,-24.582238779555333,0.047619047619047616,-1.4285714285714284,86.09140289781855,0.5,1.1919042332676568,0.6715827583683833
1485,test,0,2,0,-120.0,423.7449643572663,0.0,18.089884705371105,0.0,0.0,-0.3333333333333333,0.0,0.5,1.0,1.0
1485,test,2,1,1,0.0,-1202.9849571160316,0.0,592.8589975832057,0.0,0.0,0.0,0.0,0.5,1.0,1.0
1486,train,1,0,1,-60.0,-611.2460655181144,-0.3,-123.06442146156002,-86.36258990023572,0.0,0.8,0.0,0.5,1.2334030537180052,0.7443010873910468
1486,train,2,1,0,360.0,532.4042312266761,-0.3,58.15914947041233,164.66892703711792,0.0,0.8000000000000003,0.0,0.5,1.2334030537180052,0.7443010873910468
1487,train,0,2,0,240.0,1350.9367496071895,0.0,0.0,0.0,0.8,0.09999999999999998,54.334520843485734,0.5,0.547636356006743,0.6400462117739709
1487,train,1,2,0,0.0,1098.4183297052882,-0.2,0.0,0.0,1.2000000000000002,-0.4,0.687144076145259,0.5,0.547636356006743,0.6400462117739709
1488,train,0,1,0,240.0,-756.6349761116544,0.0,0.0,102.57473908057301,0.0,-1.0,0.0,0.5,0.9874202297475742,1.211040062383445
1488,train,1,2,1,0.0,112.34325333433026,-0.5,0.0,-342.21377292046105,0.0,0.6666666666666665,0.0,0.5,0.9874202297475742,1.211040062383445
1489,train,0,1,0,-300.0,-175.91351386897804,1.333333333333333,0.0,0.0,0.3333333333333333,0.0,0.0,0.5,0.5571043111685694,1.2060368463973132
1489,train,2,1,0,-300.0,-14.387824188768718,2.0,0.0,0.0,1.6666666666666665,0.0,0.0,0.5,0.5571043111685694,1.2060368463973132
1490,train,2,0,1,-720.0,-1793.4525806936044,0.0,-221.77844374454185,-202.21851024823886,0.0,-2.333333333333333,-2.287759628026448,0.5,0.7045187767346808,0.5618185989965632
1490,train,1,2,0,-180.0,455.6717779246683,0.0,-32.480543259463445,-16.20690928000364,0.26666666666666666,0.6666666666666667,26.047805665709312,0.5,0.7045187767346808,0.5618185989965632
1491,train,1,0,1,0.0,-88.77059742223491,0.0,0.0,82.12757621090735,0.0,-0.6666666666666666,0.0,0.5,1.6543023806341355,1.7662839515277464
1491,train,2,1,0,120.0,-255.50807889780208,0.0,0.0,102.87184263819881,0.0,0.9999999999999999,0.0,0.5,1.6543023806341355,1.7662839515277464
1492,train,0,1,1,600.0,865.7694500908892,0.0,0.0,0.0,0.0,0.0,-273.08791174642005,0.5,0.5378289179401929,1.2909317506288256
1492,train,0,2,1,420.0,-622.2771839963034,0.0,0.0,0.0,0.0,0.0,-435.9260171171099,0.5,0.5378289179401929,1.2909317506288256
1493,train,1,0,1,-240.0,734.4442068506742,0.0,0.0,0.0,0.0,0.0,0.0,0.5,1.0,1.0
1493,train,1,2,1,60.0,-889.3120907267667,0.0,0.0,0.0,0.0,0.0,0.0,0.5,1.0,1.0
1494,train,1,0,0,-180.0,-563.6625942000214,0.0,-159.92364841412405,0.0,0.0,0.0,139.60522710683287,0.5,0.8275142612164081,0.7259631008511441
1494,train,0,2,1,60.0,-11.083917400571409,0.0,351.44986551237656,0.0,0.0,0.0,-213.63624161215756,0.5,0.8275142612164081,0.7259631008511441
1495,test,2,0,1,-60.0,-116.44991288548454,0.0,-495.35344683427456,0.0,0.0,0.0,0.0,0.5,1.0,1.0
1495,test,2,1,1,-120.0,-536.4170878708433,0.3333333333333333,-973.5080278360925,0.0,0.0,0.0,0.0,0.5,1.0,1.0
1496,train,0,1,0,180.0,1374.0799388808127,0.6000000000000001,-216.530395562105,-38.72230102477123,0.0,1.0666666666666667,30.398604818273675,0.5,1.0,1.0
1496,train,2,1,0,180.0,219.92178750075072,0.0,-71.28022098071233,-10.503632512355075,0.0,2.133333333333333,65.57408379109584,0.5,1.0,1.0
1497,train,1,0,0,60.0,-589.5487681286809,0.0,-55.88018444965485,0.0,0.16666666666666666,0.0,-11.382318638626998,0.5,1.0,1.0
1497,train,2,0,0,0.0,-72.59637659779673,0.0,-270.64382458518605,0.0,0.3333333333333333,0.0,77.37778328927917,0.5,1.0,1.0
1498,train,0,2,0,420.0,1772.8754281985707,0.19047619047619047,96.49414029158505,298.6080907200945,0.09523809523809523,0.9523809523809522,18.034535932104056,0.5,1.1577078666854939,1.1048281741076638
1498,train,1,2,0,360.0,1956.224946732273,0.38095238095238093,213.9834672435676,-34.415907250312024,0.0,0.9523809523809522,-5.757649843553521,0.5,1.1577078666854939,1.1048281741076638
1499,train,0,2,0,60.0,347.13501364228796,0.0,0.0,0.0,0.0,0.0,0.0,0.5,1.0951229300468428,1.8246894124528923
1499,train,1,2,0,480.0,908.891252823717,1.0,0.0,0.0,0.0,0.0,0.0,0.5,1.0951229300468428,1.8246894124528923
1500,train,0,1,1,-60.0,-501.7182740275839,0.0,-485.9027603938927,-112.88954365477312,-0.06666666666666667,-0.2666666666666667,0.0,0.5,1.0,1.0
1500,train,0,2,1,240.0,319.3560273670828,-0.2,-167.90829123883594,-274.42071678318536,0.0,-0.13333333333333341,0.0,0.5,1.0,1.0
1501,train,2,0,1,-660.0,-880.295682087246,0.0,0.0,-427.678293560391,0.0,0.0,0.0,0.5,1.026714443429999,0.8341233418827778
1501,train,2,1,1,60.0,588.4885327945449,0.0,0.0,-201.3626217168752,0.0,0.0,0.0,0.5,1.026714443429999,0.8341233418827778
1502,train,0,1,0,480.0,51.5881178459249,0.33333333333333337,376.82962430530915,0.0,0.13333333333333333,-0.40000000000000013,-6.151772284646564,0.5,0.9930688181958567,0.8025287494449973
1502,train,1,2,1,-60.0,-47.776365479748165,0.6666666666666666,-60.68578565382103,0.0,-0.5333333333333333,-0.3999999999999999,-9.650104412323165,0.5,0.9930688181958567,0.8025287494449973
1503,train,0,1,0,1440.0,594.0501583872556,-2.5,1265.3214395802918,0.0,0.0,0.0,-34.23776638469403,0.5,0.6924314416134344,0.8618473062579578
1503,train,1,2,1,-540.0,-3128.5556275542112,2.0,-1722.578837312615,0.0,0.0,0.0,65.18578657164676,0.5,0.6924314416134344,0.8618473062579578
1504,train,1,0,1,240.0,-729.5796826579017,0.0,-84.68767448602893,0.0,-0.20000000000000004,-0.6,-24.584558859794072,0.5,0.9283645535636809,1.10273963731262
1504,train,1,2,1,480.0,713.4608617367653,0.0,-358.59338518564255,0.0,0.0,-0.4,51.46842532094492,0.5,0.9283645535636809,1.10273963731262
1505,train,2,0,1,-60.0,-710.7571149278633,-0.23809523809523808,52.788318506170924,2.753679677944021,0.14285714285714285,0.0,-29.35244985612814,0.5,1.9096897826084533,0.7755135621423324
1505,train,2,1,1,0.0,-315.70895470180267,-0.23809523809523808,3.909654813962959,28.998305355637857,0.14285714285714285,0.2857142857142857,-47.80730495395725,0.5,1.9096897826084533,0.7755135621423324
1506,train,0,1,1,-540.0,-847.4426038963684,-0.8,-240.6860776058978,0.0,0.0,0.0,15.563089164657725,0.5,0.7955096866493937,1.813512020692356
1506,train,0,2,1,-60.0,-134.14506998029265,0.4,-413.74398759270537,0.0,0.2,0.0,-16.906281677725005,0.5,0.7955096866493937,1.813512020692356
1507,train,0,1,0,420.0,2067.3896262117896,0.0,0.0,181.1786399229477,0.0,0.0,460.00891008280314,0.5,0.7710278050251973,1.1709973684708344
1507,train,1,2,1,-360.0,-1410.5574264287316,0.0,0.0,170.15060907436362,0.0,0.0,-314.6754517696912,0.5,0.7710278050251973,1.1709973684708344
1508,train,0,1,1,-60.0,-866.1691622005033,0.0,-156.81361053706428,-110.93924098604265,0.0,-0.2,-137.36924519705173,0.5,1.0,1.0
1508,train,2,0,0,60.0,-215.36297328271257,0.13333333333333333,17.37773399932985,32.95875141333001,0.0,-0.13333333333333336,86.06200434874746,0.5,1.0,1.0
1509,validation,0,2,0,480.0,-1305.1077266172474,0.0,-96.40614648721245,170.38710008939378,-0.19047619047619047,0.1428571428571429,45.791609707604906,0.5,0.5757512551894644,0.8470455565892441
1509,validation,1,2,0,-60.0,-765.0340512933963,0.0,-39.82798299495522,0.1928128177764279,-0.19047619047619047,0.7142857142857142,-6.018755620756831,0.5,0.5757512551894644,0.8470455565892441
1510,train,1,0,1,-420.0,-1827.478439379271,-0.16666666666666666,0.0,13.293008165057529,0.0,0.0,0.0,0.5,0.7006242336916236,1.4460177929455487
1510,train,1,2,1,-120.0,-972.914004835909,-0.33333333333333337,0.0,103.32403135126808,0.0,0.0,0.0,0.5,0.7006242336916236,1.4460177929455487
1511,train,2,0,1,-360.0,-1262.390488354532,0.0,-328.8493603356055,29.76176316231402,-0.5714285714285714,0.2857142857142856,-113.34208632815877,0.5,0.693668647176162,0.685357368450876
1511,train,1,2,0,420.0,1133.0084278442337,0.38095238095238093,9.202951639335879,-58.97469353478995,0.0,-0.1428571428571428,-5.83300737967604,0.5,0.693668647176162,0.685357368450876
1512,train,0,1,1,60.0,178.67387557663778,-0.2,-89.33672889120206,0.0,-0.26666666666666666,0.2,0.0,0.5,1.0732586683591447,1.9936732291411976
1512,train,2,0,0,0.0,-1226.7889519510472,0.0,-0.7839618059071256,0.0,0.0,-0.4,123.31465807139531,0.5,1.0732586683591447,1.9936732291411976
1513,test,2,0,1,-120.0,18.314191820737506,-1.2000000000000002,0.0,-71.30975672876984,0.6000000000000001,0.0,-12.344529937136755,0.5,1.424235657000024,0.8241155359799998
1513,test,1,2,0,180.0,-312.6451092683974,2.0,0.0,10.939902854081424,-0.4000000000000001,0.0,-98.94375293922093,0.5,1.424235657000024,0.8241155359799998
1514,validation,1,0,0,0.0,1322.6983154912841,0.0,37.83034461943433,331.70067720457973,0.0,0.40000000000000013,0.0,0.5,1.5862241601331177,0.5022461750744278
1514,validation,2,0,0,-360.0,-148.6762072235315,0.0,16.283021906649736,-12.457323739232834,0.2,2.0,0.0,0.5,1.5862241601331177,0.5022461750744278
1515,test,1,0,0,360.0,-473.2644503303236,-0.047619047619047616,150.49452868555903,274.7998406146264,0.0,0.23809523809523792,314.53122634525835,0.5,1.4937095837541186,0.8745360635044181
1515,test,2,0,0,180.0,994.2901691480001,0.0,-32.51765495245513,15.62494693615929,0.14285714285714285,0.9523809523809523,199.04711031463233,0.5,1.4937095837541186,0.8745360635044181
1516,train,2,0,1,120.0,-232.33717130079094,0.0,-274.72269971949265,0.0,0.0,0.0,0.0,0.5,1.0,1.0
1516,train,2,1,1,180.0,270.0017273865478,0.0,119.8077806878864,0.0,0.0,0.0,0.0,0.5,1.0,1.0
1517,train,1,0,0,-60.0,463.39359766690086,0.0,-87.8638518645929,49.21563434663824,0.0,0.0,15.35187137359307,0.5,1.151786559996357,0.8917938495719726
1517,train,2,0,0,0.0,1364.892982646621,0.5333333333333333,-99.79011325638393,73.2250340743289,0.4,0.0,-42.420510436762456,0.5,1.151786559996357,0.8917938495719726
1518,train,0,2,0,0.0,-416.4446600349929,0.0,1093.0039323451113,-32.30881962292628,0.0,0.0,-322.27462153891247,0.5,1.0,1.0
1518,train,2,1,1,240.0,800.9851388678017,0.0,-1099.5735219524045,-109.23953229541058,0.0,0.0,4.289790378733471,0.5,1.0,1.0
1519,validation,0,2,0,420.0,646.6102774078659,0.0,295.4249617443628,35.44513697928409,-0.3,0.40000000000000013,0.0,0.5,0.7578218979238102,1.0880251415938411
1519,validation,1,2,0,-60.0,-343.3216789846733,0.0,43.85482674322523,7.727728003666348,-0.3,0.40000000000000013,0.0,0.5,0.7578218979238102,1.0880251415938411
1520,train,0,1,0,540.0,-79.68334598675483,0.26666666666666666,-144.4976578208448,142.97244204535832,0.0,0.0,108.86410429227726,0.5,0.6539595812210199,1.8604252355608524
1520,train,2,1,0,-180.0,-955.7143581453738,0.0,-113.37079565376138,354.25303785282546,0.0,0.0,-50.15754967104825,0.5,0.6539595812210199,1.8604252355608524
1521,train,1,0,0,60.0,-6.990447842244521,0.0,-13.538428322323256,-13.534354244008384,0.1,0.0,64.78336227660228,0.5,0.8672390354744381,1.5546927003479767
1521,train,2,0,0,60.0,-50.00884032013937,0.0,152.72172874713178,45.83410673502843,0.1,0.0,54.304878108173504,0.5,0.8672390354744381,1.5546927003479767
1522,validation,2,0,1,120.0,1311.8544727779295,0.0,0.0,219.68289446321586,0.0,0.9999999999999998,-35.45597866999074,0.5,0.6113705317086725,0.89022042639958
1522,validation,2,1,1,180.0,1450.9371381434207,0.0,0.0,-127.86221687785473,0.0,1.6666666666666665,-55.07896275499081,0.5,0.6113705317086725,0.89022042639958
1523,train,0,1,1,-180.0,-770.6272963208339,0.0,0.0,-90.51865112336014,0.0,0.0,0.0,0.5,0.7068606527977176,0.7438854464935796
1523,train,0,2,1,-180.0,-2268.8065496936897,0.0,0.0,-618.9963911625766,0.0,0.0,0.0,0.5,0.7068606527977176,0.7438854464935796
1524,train,1,0,0,0.0,-698.2921191658297,0.0,0.0,67.87371279350438,0.0,1.3333333333333333,0.0,0.5,0.8425492225366498,1.182997344111967
1524,train,0,2,1,-60.0,177.17151340094642,0.0,0.0,-319.4404093920068,0.0,0.0,0.0,0.5,0.8425492225366498,1.182997344111967
1525,train,0,1,1,-600.0,-2605.788074289345,0.0,-1855.6950794709528,0.0,-0.6666666666666666,0.0,0.0,0.5,1.0,1.0
1525,train,2,0,0,240.0,-257.97215531330767,0.0,-92.04845492181903,0.0,0.0,0.0,0.0,0.5,1.0,1.0
1526,test,1,0,1,360.0,245.08995591843723,0.0,-366.9787058104084,-182.94905556739093,-0.3,0.30000000000000004,0.0,0.5,0.7008170443821337,0.8464970808305151
1526,test,2,1,0,-60.0,-172.74163303380465,0.0,474.81666663703936,468.9379093291217,0.8999999999999999,-0.8,0.0,0.5,0.7008170443821337,0.8464970808305151
1527,train,0,2,0,120.0,356.25499660682135,0.0,0.0,0.0,0.0,0.0,0.0,0.5,1.0,1.0
1527,train,2,1,1,-180.0,-406.9937853466481,0.0,0.0,0.0,0.0,0.0,0.0,0.5,1.0,1.0
1528,validation,0,1,1,300.0,1220.429250421451,0.0,0.0,0.0,0.0,0.0,0.0,0.5,1.0,1.0
1528,validation,2,0,0,60.0,675.9064076225741,0.0,0.0,0.0,0.0,0.0,0.0,0.5,1.0,1.0
1529,train,1,0,1,60.0,-465.56087985383783,0.0,0.0,0.0,0.0,0.0,-111.49967935240113,0.5,0.7538824934935675,1.4273936789983623
1529,train,2,1,0,-120.0,-205.57852819144682,0.0,0.0,0.0,0.0,0.0,81.12145651796902,0.5,0.7538824934935675,1.4273936789983623
1530,train,0,1,0,-60.0,21.460751349603697,-0.09523809523809523,41.24772295333246,-7.570891135714035,0.0,0.2857142857142857,-2.395239728127873,0.5,0.8950345487408741,0.7640147950120791
1530,train,2,1,0,60.0,411.03259391792085,-0.09523809523809523,85.69914112073766,65.26140675551896,-0.19047619047619047,0.2857142857142857,-9.323957863907523,0.5,0.8950345487408741,0.7640147950120791
1531,train,1,0,0,180.0,-209.53024028702976,0.0,0.0,0.0,0.0,1.9999999999999998,0.0,0.5,1.901589348100069,1.0848507637035407
1531,train,0,2,1,-180.0,-812.9631502358934,0.0,0.0,0.0,-0.3333333333333333,-0.6666666666666667,0.0,0.5,1.901589348100069,1.0848507637035407
1532,test,1,0,1,60.0,208.72712084755995,0.0,0.0,0.0,0.0,0.0,0.0,0.5,1.0,1.0
1532,test,2,1,0,120.0,509.2637474122339,0.0,0.0,0.0,0.0,0.0,0.0,0.5,1.0,1.0
1533,train,2,0,1,-540.0,-1862.5584961682443,-0.26666666666666666,-122.7590551056461,-67.7953646494071,-0.2,1.333333333333333,0.0,0.5,1.2900711208264362,1.8247199553006743
1533,train,2,1,1,-720.0,-1322.2636755619633,-0.6666666666666666,-184.58274952567604,-29.594080726215715,0.0,-1.0,0.0,0.5,1.2900711208264362,1.8247199553006743
1534,train,1,0,0,360.0,1248.888552606326,0.3333333333333333,0.0,0.0,0.0,0.0,0.0,0.5,0.749719079186527,0.6049358533417488
1534,train,0,2,1,-360.0,-1548.9587292399838,0.0,0.0,0.0,0.0,-0.33333333333333326,-253.33754346730205,0.5,0.749719079186527,0.6049358533417488
1535,train,0,1,1,-180.0,331.8769879969309,0.0,0.0,-110.02990982395283,0.0,0.3333333333333335,0.0,0.5,1.599231312845473,1.154641186799309
1535,train,0,2,1,-240.0,-188.1111246662499,0.0,0.0,-135.02232213203962,-0.16666666666666666,0.0,0.0,0.5,1.599231312845473,1.154641186799309
1536,train,2,0,1,0.0,-448.1566316166318,-0.5,238.05542538753025,0.0,0.0,0.0,-88.76940605130486,0.5,0.72846066093311,0.5988778014456324
1536,train,2,1,1,240.0,308.8933819720587,-1.0,-29.993356305735233,0.0,0.0,0.0,-119.71627479697392,0.5,0.72846066093311,0.5988778014456324
1537,train,0,1,0,300.0,103.23942082238545,0.0,0.0,0.0,0.0,0.0,0.0,0.5,1.0,1.0
1537,train,1,2,1,-120.0,-330.7865250856312,0.0,0.0,0.0,0.0,0.0,0.0,0.5,1.0,1.0
1538,train,0,1,1,-960.0,-965.0353709090468,0.0,0.0,14.629045687604517,1.6666666666666665,0.0,-282.4699565160432,0.5,0.835956064364547,0.6827239558744138
1538,train,0,2,1,-60.0,-1774.3004810455832,0.0,0.0,7.6214827127917175,0.6666666666666665,0.0,-436.02683838914334,0.5,0.835956064364547,0.6827239558744138
1539,train,2,0,1,-180.0,-616.953532642427,-0.5,-557.7747793107507,0.0,0.0,0.0,-53.758125385231544,0.5,1.2950712189585933,0.5168762002041979
1539,train,2,1,1,-60.0,-919.1839323736408,-0.5,199.27039325186215,0.0,0.0,0.0,-13.25431101966742,0.5,1.2950712189585933,0.5168762002041979
1540,train,2,0,1,120.0,349.7084910128324,0.0,-268.78917307626205,8.048738399066515,0.0,0.0,80.02934540247443,0.5,1.4871782457094302,0.8330690674367387
1540,train,1,2,0,0.0,62.8640593050427,0.0,57.511062904497464,88.44595710948099,0.0,0.0,8.839641005831822,0.5,1.4871782457094302,0.8330690674367387
1541,train,1,0,0,60.0,768.6401960655639,1.0,0.0,0.0,-0.5,0.0,61.391459470045675,0.5,0.6692914333044956,1.243927608007024
1541,train,0,2,1,60.0,-652.1857183581405,-0.3333333333333333,0.0,0.0,0.0,0.0,-89.24603349353188,0.5,0.6692914333044956,1.243927608007024
1542,validation,1,0,0,0.0,661.6536363042742,2.0,0.0,0.0,0.0,0.33333333333333304,0.0,0.5,1.1235167101265888,0.7134853568766979
1542,validation,0,2,1,-360.0,874.0475145759619,-0.6666666666666666,0.0,0.0,0.0,0.6666666666666667,0.0,0.5,1.1235167101265888,0.7134853568766979
1543,train,0,2,0,360.0,1324.3082570495449,0.0,721.879027128389,0.0,0.0,0.0,0.0,0.5,1.0,1.0
1543,train,1,2,0,480.0,1146.5046111694614,0.0,-144.68403060702076,0.0,0.0,0.0,0.0,0.5,1.0,1.0
1544,test,2,0,1,-240.0,-1035.206153075841,0.19047619047619047,-287.0909061840888,13.332760386531358,-0.09523809523809523,0.0,-13.847571446952044,0.5,1.0,1.0
1544,test,1,2,0,540.0,1549.2868261993726,-0.38095238095238093,844.8608076368395,86.444372196321,0.19047619047619047,0.0,19.047386683017535,0.5,1.0,1.0
1545,validation,1,0,0,360.0,146.51274206728613,-0.4,224.6926771912839,0.0,0.1,0.0,226.96870650904387,0.5,0.5074509261293391,1.6361514878095111
1545,validation,2,0,0,600.0,-398.45649317877906,-0.4,-166.43091060337497,0.0,0.0,0.0,135.00928312091992,0.5,0.5074509261293391,1.6361514878095111
1546,validation,0,1,1,60.0,-83.26012408251609,0.13333333333333333,-167.7264043423176,202.44339662174625,-0.13333333333333333,0.0,-62.231078149325775,0.5,1.5948388141455991,0.5468754690743501
1546,validation,0,2,1,240.0,-14.819940770807989,0.0,-153.8723771011948,166.69818820383733,-0.26666666666666666,0.0,-52.40348570145627,0.5,1.5948388141455991,0.5468754690743501
1547,train,0,1,0,-60.0,630.0945764758171,0.0,0.0,140.9693297188447,-0.2,0.0,42.50968386462313,0.5,0.5698349609631859,1.7839771408680778
1547,train,2,1,0,-240.0,-858.0791764099372,0.8999999999999999,0.0,45.90546434844251,-0.2,0.0,19.688677199007856,0.5,0.5698349609631859,1.7839771408680778
1548,test,1,0,1,-180.0,-366.06349178195524,0.3333333333333333,0.0,0.0,0.0,0.0,-206.62357091865854,0.5,1.3922700582631335,0.9788381337174292
1548,test,1,2,1,-60.0,-1817.330834866414,0.3333333333333333,0.0,0.0,0.0,0.0,-136.75238676884962,0.5,1.3922700582631335,0.9788381337174292
1549,validation,2,0,1,-900.0,502.1821775346816,0.0,-390.99150253866384,77.3230803338478,0.2,0.0,6.815102762086541,0.5,0.5950789545767714,1.1802719414131797
1549,validation,2,1,1,-300.0,-1103.2171617156655,0.0,-471.76503758351834,-151.01969663806608,0.0,0.2666666666666666,0.27419530053077423,0.5,0.5950789545767714,1.1802719414131797
1550,train,1,0,0,-240.0,-386.1552030315552,0.0,0.0,0.0,0.0,0.0,0.0,0.5,1.0,1.0
1550,train,2,0,0,-120.0,-454.01245297035075,0.0,0.0,0.0,0.0,0.0,0.0,0.5,1.0,1.0
1551,train,0,2,0,-300.0,-1132.24707281486,0.0,0.0,0.0,0.0,0.0,0.0,0.5,1.0,1.0
1551,train,2,1,1,120.0,168.08387189102723,0.0,0.0,0.0,0.0,0.0,0.0,0.5,1.0,1.0
1552,train,1,0,0,120.0,1226.0108621058757,0.0,156.1995303633313,43.16093767338312,-0.09523809523809523,0.09523809523809523,75.48351271703353,0.5,0.6755350340742158,0.612675342725373
1552,train,0,2,1,0.0,-944.9784707441977,0.19047619047619047,-55.12645747793066,-198.4721338248503,0.09523809523809523,-0.19047619047619047,-115.67877960614996,0.5,0.6755350340742158,0.612675342725373
1553,train,0,1,1,-360.0,-2334.4298059965495,-0.13333333333333333,0.0,-256.74062588594114,0.2,0.8,1.5194872728701299,0.5,0.9244488939900894,1.2445882843463991
1553,train,0,2,1,-240.0,-431.1090771627523,0.13333333333333333,0.0,-443.56792186039695,0.0,1.0666666666666667,8.291953932086724,0.5,0.9244488939900894,1.2445882843463991
1554,validation,1,0,1,-840.0,-1198.7519085136946,0.0,0.0,508.7478438488188,0.0,0.0,0.0,0.5,1.7567988339492624,0.9001528732633596
1554,validation,1,2,1,-180.0,-622.5735075963121,0.0,0.0,23.353533510062334,0.0,0.0,0.0,0.5,1.7567988339492624,0.9001528732633596
1555,train,0,1,0,60.0,-259.5487365579902,0.0,-4.994197799863002,0.0,0.0,-0.30000000000000004,46.2994628753836,0.5,1.6442735702058573,1.6828423676438178
1555,train,2,1,0,120.0,639.2955509651256,0.0,-318.93933942806126,0.0,0.0,0.19999999999999996,-4.119097473115981,0.5,1.6442735702058573,1.6828423676438178
1556,test,0,1,0,-120.0,653.6378988720967,0.0,326.90934474214987,0.0,0.0,0.0,121.46918811291427,0.5,1.0,1.0
1556,test,2,1,0,-180.0,1426.9820274186254,0.0,593.2349087705145,0.0,0.0,0.0,65.09618895295127,0.5,1.0,1.0
1557,validation,0,1,0,60.0,-618.5514644841446,0.0,0.0,0.0,0.0,1.3333333333333333,-0.42142760904285126,0.5,1.6049627245616065,0.6651642894618143
1557,validation,2,1,0,120.0,-552.9974187582434,0.0,0.0,0.0,0.0,4.666666666666667,21.253573108846624,0.5,1.6049627245616065,0.6651642894618143
1558,train,1,0,0,0.0,523.5317769811118,0.0,0.0,0.0,1.0,0.0,0.0,0.5,1.2871002470747117,1.2021103473862622
1558,train,2,0,0,180.0,742.4907352505188,0.0,0.0,0.0,2.0,0.0,0.0,0.5,1.2871002470747117,1.2021103473862622
1559,train,1,0,0,360.0,1090.4548322019482,0.0,0.0,0.0,1.0,0.0,0.0,0.5,0.6350685076110342,0.7408985333215051
1559,train,0,2,1,-540.0,-2422.81203921985,0.0,0.0,0.0,-1.0,0.0,0.0,0.5,0.6350685076110342,0.7408985333215051
1560,train,0,1,1,60.0,-631.2681209619268,0.0,0.0,0.0,0.0,0.0,-247.39407695036107,0.5,1.0546181603525164,0.7890057738046699
1560,train,2,0,0,120.0,710.3521317190616,0.0,0.0,0.0,0.0,0.0,369.9481244517475,0.5,1.0546181603525164,0.7890057738046699
1561,validation,0,2,0,0.0,-194.51272668391994,0.0,1205.701675882928,-108.6216610259149,0.0,0.0,0.0,0.5,1.0,1.0
1561,validation,2,1,1,180.0,895.5275765737938,0.0,-917.4446451547581,-39.90676276645314,0.0,0.0,0.0,0.5,1.0,1.0
1562,validation,1,0,0,180.0,-248.25972059231935,0.0,158.96951307739482,0.0,0.4,1.0,-42.74992901113066,0.5,1.1026807480757825,1.0674759540911425
1562,validation,2,0,0,60.0,-1358.0286875803454,0.0,358.56935208327354,0.0,0.4,1.0,-14.041300453848592,0.5,1.1026807480757825,1.0674759540911425
1563,test,1,0,1,-60.0,246.39555537446768,-0.38095238095238093,105.14305618412494,-50.41898994006718,-0.2857142857142857,-0.047619047619047616,-26.932987777437077,0.5,1.8060702218384097,0.5460013282317443
1563,test,2,1,0,300.0,-700.1614856844803,0.0,-59.4805685246003,290.47774139662783,0.14285714285714285,-0.09523809523809523,-70.71402313722048,0.5,1.8060702218384097,0.5460013282317443
1564,train,1,0,0,300.0,1565.456980758976,0.0,685.330518166583,0.0,0.0,0.0,20.048644352024795,0.5,1.1302041281419213,1.4073705535791692
1564,train,0,2,1,-420.0,-2267.7995492848577,0.0,-108.21705148794388,0.0,0.0,0.0,71.4982504318362,0.5,1.1302041281419213,1.4073705535791692
1565,validation,0,1,0,360.0,-137.48317649926685,0.0,0.0,340.4380280322619,0.0,0.0,0.0,0.5,0.5269567190777376,1.642787309206436
1565,validation,1,2,1,60.0,737.8268194226503,0.0,0.0,-326.13191940598307,0.0,0.0,0.0,0.5,0.5269567190777376,1.642787309206436
1566,train,1,0,0,-300.0,-1039.4184045708216,0.1,140.7650442468887,56.270023742944645,0.8,0.0,0.0,0.5,1.8378806895931092,0.6206362589194866
1566,train,0,2,1,240.0,1169.5232992634765,-0.1,472.6602398032331,-497.6335264001489,0.0,0.0,0.0,0.5,1.8378806895931092,0.6206362589194866
1567,train,0,1,1,60.0,-612.8780878151188,0.0,-102.37442579045154,0.0,0.0,0.0,-91.66037754532609,0.5,0.5307208098687316,0.517909806620371
1567,train,0,2,1,-360.0,-600.3567595960158,0.0,23.49395837887839,0.0,0.0,0.0,-64.44495840284537,0.5,0.5307208098687316,0.517909806620371
1568,train,0,1,1,-60.0,164.7985356171348,-0.4,103.856535013871,-59.641728628198386,0.3,0.0,0.0,0.5,1.4329744735149423,1.1597486273884583
1568,train,0,2,1,-660.0,-1621.2506858646211,-0.4,127.8979938029027,-30.680204118585486,0.0,0.0,0.0,0.5,1.4329744735149423,1.1597486273884583
1569,test,0,1,1,-120.0,80.5312915618324,0.0,0.0,0.0,0.0,0.0,0.0,0.5,1.0,1.0
1569,test,2,0,0,600.0,-186.0889587678612,0.0,0.0,0.0,0.0,0.0,0.0,0.5,1.0,1.0
1570,train,0,1,0,360.0,-417.1917437750644,0.0,103.85119171026372,11.240026620966773,-0.2857142857142857,-0.14285714285714285,107.65012905471417,0.5,1.7550264092516343,0.8228517865078115
1570,train,1,2,1,60.0,915.6690865740347,0.09523809523809523,3.3105225549905413,79.7827210451469,0.0,0.0,-31.349089151314075,0.5,1.7550264092516343,0.8228517865078115
1571,train,0,1,0,-420.0,-26.39529464176394,0.0,-160.72147039753702,-52.223362801461406,0.0,0.16666666666666663,0.0,0.5,1.0,1.0
1571,train,1,2,1,420.0,-855.8240170008703,0.0,-268.63034028155175,-98.68671509987928,0.0,-0.33333333333333337,0.0,0.5,1.0,1.0
1572,test,0,1,0,0.0,408.9903742404367,0.0,0.0,0.0,0.0,0.3333333333333333,2.4200310176253694,0.5,0.5612268053764526,1.4491507285069458
1572,test,2,1,0,-180.0,187.47543134917123,0.0,0.0,0.0,0.5,0.3333333333333333,-35.7058542008346,0.5,0.5612268053764526,1.4491507285069458
1573,train,1,0,1,0.0,151.5119279786561,0.0,76.20267038554576,0.0,0.0,-1.0,0.0,0.5,1.0677078340973096,1.455302945736153
1573,train,2,1,0,180.0,881.4340406393344,-0.3333333333333333,-91.54335596896465,0.0,0.0,1.0,0.0,0.5,1.0677078340973096,1.455302945736153
1574,train,1,0,1,180.0,22.012862606587987,0.3333333333333333,0.0,0.0,-1.3333333333333333,0.0,0.0,0.5,0.5539826322211863,0.7324623787652059
1574,train,2,1,0,60.0,1258.6105663379676,0.6666666666666667,0.0,0.0,0.6666666666666666,0.0,0.0,0.5,0.5539826322211863,0.7324623787652059
1575,train,0,1,0,180.0,941.7291602627497,0.0,0.0,0.0,0.0,2.5,-3.454368443925432,0.5,0.9362689728924337,0.6475769013220714
1575,train,1,2,1,-120.0,-934.7724782507225,0.0,0.0,0.0,-0.6666666666666666,-0.5,-10.79313461045777,0.5,0.9362689728924337,0.6475769013220714
1576,validation,1,0,0,180.0,1484.226003720115,0.0,0.0,1417.9169476960813,0.0,0.0,0.0,0.5,1.2076379606734946,0.6015965090717711
1576,validation,0,2,1,-1020.0,-3026.435090226986,0.0,0.0,-650.7735908346542,0.0,0.0,0.0,0.5,1.2076379606734946,0.6015965090717711
1577,train,1,0,0,0.0,-426.9320318548853,0.0,773.7892159599162,0.0,0.0,-0.3333333333333335,0.0,0.5,1.0,1.0
1577,train,2,0,0,120.0,204.1436672828404,0.0,276.56770231370064,0.0,0.0,0.6666666666666665,0.0,0.5,1.0,1.0
1578,train,0,2,0,120.0,1116.1628404966232,0.0,0.0,0.0,1.0,1.333333333333333,0.0,0.5,1.1065830453907601,1.799481992395187
1578,train,1,2,0,60.0,-345.52744412487846,0.0,0.0,0.0,0.5,0.0,84.02816811761389,0.5,1.1065830453907601,1.799481992395187
1579,train,0,1,1,-180.0,-548.6239925562227,-0.5,0.0,-113.82777485613359,0.0,0.0,0.0,0.5,0.6113940324941868,0.7748627197375642
1579,train,2,0,0,0.0,-189.07965200998024,0.0,0.0,123.32523860060452,0.0,0.0,0.0,0.5,0.6113940324941868,0.7748627197375642
1580,train,0,1,1,60.0,202.2328831611958,0.0,86.06853312585147,-260.9913492805993,0.6,0.0,32.945067952931225,0.5,1.582514233643706,1.198092913187056
1580,train,0,2,1,-60.0,-485.1111288313232,0.0,-39.85151661809155,-14.036781734935516,0.0,0.0,29.69048639843298,0.5,1.582514233643706,1.198092913187056
1581,test,1,0,1,-1080.0,-1812.1541561919657,0.0,-217.45940646183396,135.799033618381,-1.6,-1.2,0.0,0.5,0.8250399193286507,0.9469586424546224
1581,test,2,1,0,-180.0,-1398.6003472591638,0.0,-196.18804752690264,421.0936667351721,1.2000000000000002,0.3999999999999999,0.0,0.5,0.8250399193286507,0.9469586424546224
1582,train,2,0,1,-60.0,-2891.2312972308227,0.0,-270.9233283189883,-9.369399502565457,0.0,-0.5999999999999999,75.05140426288571,0.5,1.0,1.0
1582,train,2,1,1,-480.0,-2258.926564864645,0.0,-295.5991438332517,-52.56442418786271,0.0,-1.4999999999999998,75.05140426288571,0.5,1.0,1.0
1583,test,0,2,0,-60.0,4016.0273297384665,0.0,0.0,0.0,0.0,0.0,0.0,0.5,1.0,1.0
1583,test,2,1,1,60.0,-1603.03884223149,0.0,0.0,0.0,0.0,0.0,0.0,0.5,1.0,1.0
1584,train,0,2,0,420.0,767.0832883745643,0.2,0.0,79.79359436783932,0.0,-0.30000000000000004,0.0,0.5,0.5498629433155625,0.60839711681187
1584,train,1,2,0,120.0,440.42704759701064,0.6000000000000001,0.0,42.43015090890778,0.0,-0.6000000000000001,106.05656283914328,0.5,0.5498629433155625,0.60839711681187
1585,train,0,1,1,-720.0,2145.6353350472227,0.0,0.0,0.0,0.0,0.0,0.0,0.5,1.0,1.0
1585,train,0,2,1,-480.0,-608.9480778831539,0.0,0.0,0.0,0.0,0.0,0.0,0.5,1.0,1.0
1586,test,0,2,0,-180.0,544.7247651228272,-0.14285714285714285,-23.746678139767496,124.5470057611351,0.47619047619047616,0.0,0.22164082274739627,0.5,0.785854320833741,1.914716502274943
1586,test,2,1,1,0.0,-1107.6611653319442,0.14285714285714285,-118.64367724049066,-89.42957883719205,-0.47619047619047616,-0.6666666666666666,-21.96736010079985,0.5,0.785854320833741,1.914716502274943
1587,test,0,1,1,-60.0,-619.3045619899908,0.0,0.0,0.0,0.0,0.0,0.0,0.5,1.0,1.0
1587,test,2,0,0,-60.0,-179.1543392908593,0.0,0.0,0.0,0.0,0.0,0.0,0.5,1.0,1.0
1588,validation,1,0,0,-60.0,-896.4132380119586,0.0,0.0,291.26006360223334,0.0,0.0,0.0,0.5,0.6614904951534923,1.0198296158392006
1588,validation,0,2,1,120.0,576.5465521814267,0.0,0.0,-195.2391078762501,0.0,-1.3333333333333335,0.0,0.5,0.6614904951534923,1.0198296158392006
1589,test,2,0,1,-420.0,-477.77482862359193,0.0,0.0,0.0,0.0,0.0,0.0,0.5,0.7341349171996616,1.0161265807264854
1589,test,1,2,0,0.0,193.28016500256308,2.0,0.0,0.0,0.0,0.0,0.0,0.5,0.7341349171996616,1.0161265807264854
1590,train,0,2,0,-120.0,3189.844676468844,0.0,475.60927465761824,595.7655668825258,-0.33333333333333337,0.0,0.0,0.5,1.1685202084887636,0.5904275745827703
1590,train,2,1,1,-420.0,-2645.5369255717114,0.0,-270.2260523724732,266.9645395469497,-1.333333333333333,0.0,0.0,0.5,1.1685202084887636,0.5904275745827703
1591,train,0,1,1,0.0,323.2302646198664,-1.0,0.0,0.0,0.0,0.0,0.0,0.5,0.7440749256155514,1.0118233713282379
1591,train,0,2,1,120.0,414.2364274748452,0.0,0.0,0.0,0.0,0.0,0.0,0.5,0.7440749256155514,1.0118233713282379
1592,test,0,1,0,-120.0,1026.3866121557421,0.0,0.0,0.0,0.0,0.0,0.0,0.5,1.0,1.0
1592,test,2,1,0,0.0,1995.8257218247663,0.0,0.0,0.0,0.0,0.0,0.0,0.5,1.0,1.0
1593,train,1,0,0,240.0,240.0258868227038,0.0,-64.59537271068308,0.0,0.0,-1.0,-10.140817301786864,0.5,0.5826043541486661,1.25098312326841
1593,train,2,0,0,180.0,379.5792770044318,0.0,-1.8520876128932855,0.0,0.0,-1.5,-33.5233191970063,0.5,0.5826043541486661,1.25098312326841
1594,validation,0,2,0,-240.0,-951.3485906471851,2.0,0.0,0.0,0.0,0.0,0.0,0.5,0.7875380461778241,1.3718583084548586
1594,validation,1,2,0,300.0,492.8520867407633,0.0,0.0,0.0,0.0,0.0,0.0,0.5,0.7875380461778241,1.3718583084548586
1595,test,0,2,0,-360.0,709.8727227759973,0.0,382.1677158760177,1113.440393482152,1.0666666666666667,-0.20000000000000018,-1.6239790902290991,0.5,0.9584458624984096,0.6819682835885696
1595,test,2,1,1,900.0,-148.32899105020442,0.0,-518.4090404042594,-388.90276898861566,-1.0666666666666667,0.0,0.19426260363798775,0.5,0.9584458624984096,0.6819682835885696
1596,train,2,0,1,60.0,91.81008327340987,0.0,0.0,0.0,0.0,0.0,0.0,0.5,1.0,1.0
1596,train,1,2,0,240.0,560.070819167745,0.0,0.0,0.0,0.0,0.0,0.0,0.5,1.0,1.0
1597,train,0,2,0,-60.0,163.67983336820043,0.0,0.0,24.93555172303806,0.0,4.5,0.0,0.5,1.4247831815784668,1.1924217694079433
1597,train,2,1,1,-60.0,632.4993730973051,0.0,0.0,1.4130609448224902,0.0,-0.5,0.0,0.5,1.4247831815784668,1.1924217694079433
1598,validation,0,2,0,-120.0,-653.1972620562324,0.0,0.0,0.0,0.0,0.0,0.0,0.5,1.0,1.0
1598,validation,2,1,1,-60.0,1280.197179960961,0.0,0.0,0.0,0.0,0.0,0.0,0.5,1.0,1.0
1599,train,0,2,0,-180.0,1032.571040149293,1.3333333333333333,572.573904174451,0.0,0.0,0.0,0.0,0.5,1.4104400895314926,1.1341431876625996
1599,train,2,1,1,0.0,-1352.4409912814613,-0.6666666666666666,-254.96038532881727,0.0,0.0,0.0,0.0,0.5,1.4104400895314926,1.1341431876625996
1600,test,2,0,1,-120.0,-1151.2651316118681,0.0,96.78860510163341,-99.34981553648186,0.0,-0.26666666666666666,0.0,0.5,1.8353274669448445,1.1427087773123181
1600,test,1,2,0,120.0,1033.4758781669489,0.0,-216.00136717546485,120.17067326343513,0.0,0.6666666666666667,0.0,0.5,1.8353274669448445,1.1427087773123181
1601,validation,0,1,0,780.0,1561.2065269263794,0.0,-145.0780993917491,142.32299642512658,-0.047619047619047616,0.19047619047619047,178.9553896445875,0.5,1.5551374261199382,1.0152507680394371
1601,validation,2,1,0,120.0,-23.831655337542088,0.2857142857142857,21.11643201977313,-12.930712669702494,0.0,0.19047619047619047,0.0,0.5,1.5551374261199382,1.0152507680394371
1602,validation,2,0,1,960.0,1767.0281497477936,-3.0,282.1730720281605,-72.83140186846362,0.0,0.0,0.0,0.5,0.5926975397888271,1.74769171536404
1602,validation,1,2,0,-780.0,567.6832488804239,0.0,-442.13142106382,990.4206069271637,0.0,0.0,0.0,0.5,0.5926975397888271,1.74769171536404
1603,train,0,1,1,-60.0,-724.3991869028955,-1.0,0.0,0.0,0.0,0.0,0.0,0.5,0.5725442949487382,0.7887945837156491
1603,train,0,2,1,120.0,500.3147989017384,-1.0,0.0,0.0,0.0,0.0,0.0,0.5,0.5725442949487382,0.7887945837156491
1604,train,2,0,1,-60.0,728.9416789920997,0.0,0.0,0.0,0.0,0.0,0.0,0.5,1.0,1.0
1604,train,2,1,1,-240.0,-1119.3645141991528,0.0,0.0,0.0,0.0,0.0,0.0,0.5,1.0,1.0
1605,test,0,1,0,60.0,493.0334542312935,0.8571428571428571,-18.5849892648084,9.422007566708587,0.0,-0.2857142857142857,10.408386709002398,0.5,1.065292519179397,0.796934821058253
1605,test,2,1,0,-180.0,8.379963331045019,1.1428571428571428,136.3345703540201,11.717781389582925,0.0,0.0,0.0,0.5,1.065292519179397,0.796934821058253
1606,train,0,2,0,120.0,295.4629136303165,0.0,-78.37508809278066,-100.44024833911303,0.14285714285714285,0.5714285714285714,9.064171981449228,0.5,0.8083784420692094,0.645046871679573
1606,train,2,1,1,0.0,-79.2341837550548,-0.19047619047619047,87.7762714181791,42.35055345388355,0.0,-1.1428571428571428,-1.6430040475657819,0.5,0.8083784420692094,0.645046871679573
1607,train,2,0,1,-120.0,1182.2338648515206,0.0,0.0,0.0,0.0,0.0,0.0,0.5,1.0,1.0
1607,train,1,2,0,300.0,637.0908550328941,0.0,0.0,0.0,0.0,0.0,0.0,0.5,1.0,1.0
1608,train,0,1,1,-300.0,-58.87915915996291,-0.1,-246.80069355599193,0.0,0.4000000000000001,-4.000000000000001,0.0,0.5,1.3964105747099154,0.9045466182834232
1608,train,2,0,0,600.0,1008.2255849171725,0.1,205.08552426420658,0.0,0.3999999999999999,0.40000000000000013,0.0,0.5,1.3964105747099154,0.9045466182834232
1609,test,0,1,1,-120.0,393.33221201592596,0.0,-309.42804095009603,5.084969111321115,0.0,0.0,0.0,0.5,1.0,1.0
1609,test,2,0,0,60.0,-17.07561180795392,0.0,-19.495643162114504,58.94253693836005,0.4,-0.10000000000000003,0.0,0.5,1.0,1.0
1610,train,0,2,0,60.0,-395.83507590041836,0.3333333333333333,361.79072016334976,0.0,0.0,0.0,0.0,0.5,1.0,1.0
1610,train,2,1,1,0.0,278.5495015401698,0.3333333333333333,-403.34359448848295,0.0,0.0,-0.16666666666666674,0.0,0.5,1.0,1.0
1611,train,2,0,1,60.0,703.8927928528096,0.0,198.8430415560689,-0.9533338685283894,-0.23809523809523808,0.2857142857142857,-60.954014603615946,0.5,1.4691763794903312,1.2663387260654633
1611,train,1,2,0,-120.0,80.320581890006,0.5714285714285714,131.18965788566607,64.91400367553399,0.0,0.0,70.54388321163681,0.5,1.4691763794903312,1.2663387260654633
1612,train,1,0,0,0.0,49.80428232195072,0.3333333333333333,370.3602833287764,0.0,0.0,0.0,27.45505293262649,0.5,1.0,1.0
1612,train,0,2,1,-240.0,-1184.964629928867,0.0,-733.3757562327983,0.0,0.0,0.0,-61.797694692957535,0.5,1.0,1.0
1613,train,2,0,1,-240.0,760.3586854144078,0.0,0.0,0.0,0.0,0.0,0.0,0.5,1.0,1.0
1613,train,1,2,0,-60.0,-938.3867575702334,0.0,0.0,0.0,0.0,0.0,0.0,0.5,1.0,1.0
1614,validation,1,0,1,-60.0,102.58026850299166,0.06666666666666667,-155.14789782571057,0.0,-0.5333333333333333,-0.13333333333333336,-9.979343360525874,0.5,1.0,1.0
1614,validation,2,1,0,240.0,608.6184409247758,-0.13333333333333333,563.8391318981387,0.0,0.26666666666666666,0.0,-37.070670433166505,0.5,1.0,1.0
1615,validation,0,1,1,0.0,-568.5912858119946,0.0,0.0,0.0,0.0,0.0,0.0,0.5,1.0739945819476802,0.979164987877781
1615,validation,2,0,0,0.0,168.6678484442814,0.0,0.0,0.0,0.0,0.0,382.7050085344338,0.5,1.0739945819476802,0.979164987877781
1616,train,1,0,0,300.0,204.3306087480005,-0.26666666666666666,-56.44415169231192,561.3932670867632,0.6666666666666666,0.0,-45.62404494331622,0.5,1.891233107579285,1.6025173122640135
1616,train,0,2,1,-60.0,-917.1738531856045,0.0,44.319110183178225,-426.1510225273415,0.0,0.0,17.093719816780336,0.5,1.891233107579285,1.6025173122640135
1617,train,0,2,0,-180.0,1757.3406736059933,0.8000000000000002,0.0,250.62748115058974,0.0,0.0,107.56498215087316,0.5,0.9466414405307292,1.0916326818238509
1617,train,1,2,0,-120.0,1053.822845138944,1.2000000000000002,0.0,-143.80984937120664,0.2,0.0,48.07102091362657,0.5,0.9466414405307292,1.0916326818238509
1618,validation,0,1,0,60.0,427.8849694608971,0.6666666666666667,0.0,19.44839251579826,0.0,0.6000000000000001,131.20605857512015,0.5,0.9582651606714916,0.5348403415634361
1618,validation,1,2,1,-180.0,-661.1894616769287,-0.3333333333333333,0.0,-25.823246001707837,-0.13333333333333333,0.0,-99.23587671123636,0.5,0.9582651606714916,0.5348403415634361
1619,train,1,0,0,-180.0,30.5814754887856,-0.2,30.930325287244614,-32.10236783611424,0.0,0.0,44.17434801439104,0.5,1.23692922054397,0.9689881810217784
1619,train,2,0,0,60.0,1207.501213483447,-0.13333333333333336,-78.1884837155674,153.9843600892643,0.0,1.0666666666666667,-17.292468968301833,0.5,1.23692922054397,0.9689881810217784
1620,train,2,0,1,-240.0,-97.67139849956402,0.0,0.0,0.0,0.0,-1.0,0.0,0.5,1.7214418405930634,0.7396480919227191
1620,train,2,1,1,-180.0,-631.7670124412289,0.0,0.0,0.0,0.0,-2.0,0.0,0.5,1.7214418405930634,0.7396480919227191
1621,train,2,0,1,120.0,556.8427217987432,0.0,61.85800968963028,-55.03113621672264,0.0,0.0,-52.41079312711015,0.5,1.336677690373929,1.6915803291330245
1621,train,2,1,1,60.0,-106.23863365130228,0.0,-157.76607572481345,15.204543533376764,0.0,-0.30000000000000004,-138.83319738111376,0.5,1.336677690373929,1.6915803291330245
1622,train,1,0,1,-120.0,1225.9710627162858,0.0,0.0,0.0,0.0,0.0,0.0,0.5,1.0,1.0
1622,train,1,2,1,-780.0,-364.4616727390221,0.0,0.0,0.0,0.0,0.0,0.0,0.5,1.0,1.0
1623,train,1,0,0,120.0,-196.4740244659256,0.4,-119.56107433280215,264.16453954625354,0.0,-0.4,-0.16128341829728043,0.5,1.3831814332582018,1.208714635359027
1623,train,2,0,0,300.0,907.2436458353218,0.0,431.4720184774567,355.3405093237808,0.0,-0.6666666666666667,35.24465713445689,0.5,1.3831814332582018,1.208714635359027
1624,validation,0,1,1,180.0,58.96034083862105,-0.5,0.0,0.0,0.0,0.0,-105.925311794429,0.5,0.8091542192037466,1.169919572798899
1624,validation,2,0,0,-360.0,-62.626204083154335,2.0,0.0,0.0,0.16666666666666669,0.0,92.72448140844591,0.5,0.8091542192037466,1.169919572798899
1625,test,1,0,1,-360.0,-462.7190212330497,0.0,61.61350618945421,69.55140416953455,0.0,-0.3999999999999999,-20.04774653359045,0.5,1.7865798847593224,0.9970189732998658
1625,test,1,2,1,-60.0,76.67040024351672,0.0,-61.97242417786117,186.9598476060051,0.0,0.0,-118.46004923809275,0.5,1.7865798847593224,0.9970189732998658
1626,train,1,0,1,240.0,736.760485200235,0.4,302.73593985427954,-67.98539363942528,0.0,0.0,-40.75264722033285,0.5,1.2153911203160626,0.7209733457776544
1626,train,1,2,1,180.0,1425.0721450933256,-0.4,30.446658229061654,-58.196227036697465,0.0,0.0,7.706761387321073,0.5,1.2153911203160626,0.7209733457776544
1627,train,0,1,1,-1320.0,-538.9392208113668,0.0,1048.497313725143,0.0,-0.6666666666666666,-0.5,0.0,0.5,1.0,1.0
1627,train,2,0,0,360.0,2248.5816395927914,0.0,-427.8321499319568,0.0,0.3333333333333333,0.5,0.0,0.5,1.0,1.0
1628,train,2,0,1,360.0,435.8765117193275,-0.09523809523809523,36.6036687528135,-174.94281105303028,0.14285714285714285,1.1428571428571428,-19.105788713981987,0.5,0.5593827340155599,0.5858942534290632
1628,train,1,2,0,-300.0,262.3526074741808,0.19047619047619047,-32.38957730474829,94.56909979941591,-0.14285714285714285,-0.9523809523809523,-42.48616662437121,0.5,0.5593827340155599,0.5858942534290632
1629,test,0,2,0,480.0,2632.903219768973,0.0,455.1047533894043,28.037008569988046,0.0,0.0,93.24922287435585,0.5,1.0,1.0
1629,test,1,2,0,180.0,123.7336933703391,0.0,-159.1856871081269,370.21757469466877,0.3,0.0,94.09217856553585,0.5,1.0,1.0
1630,train,0,1,1,-360.0,-1255.1561034631163,0.23809523809523808,-4.416664698864139,15.54456298439436,-0.19047619047619047,-0.2857142857142857,-12.612640227680917,0.5,1.5740712919903035,1.5306968797570761
1630,train,2,0,0,0.0,604.6956935585349,0.4761904761904761,-15.595175314561189,-12.567316544165237,0.0,0.0,183.52546476005665,0.5,1.5740712919903035,1.5306968797570761
1631,test,0,1,1,-120.0,-90.74562768285296,0.0,0.0,0.0,0.0,0.0,0.0,0.5,1.0,1.0
1631,test,2,0,0,120.0,301.73219116825476,0.0,0.0,0.0,0.0,0.0,0.0,0.5,1.0,1.0
1632,validation,0,1,1,-240.0,-2045.5943066839836,0.6000000000000001,0.0,-349.9757241089984,-0.2,-1.2000000000000002,0.0,0.5,0.5278152530937656,1.3758581036992776
1632,validation,0,2,1,-420.0,-684.1982818341194,0.19999999999999996,0.0,110.8896386189073,0.0,-0.8000000000000002,0.0,0.5,0.5278152530937656,1.3758581036992776
1633,test,0,2,0,60.0,581.2610294281935,0.0,0.0,0.0,0.3333333333333333,1.0,0.0,0.5,0.5076623393492745,1.0666170775994839
1633,test,2,1,1,-180.0,-884.1789303822902,-0.16666666666666666,0.0,0.0,-0.6666666666666666,-0.5,0.0,0.5,0.5076623393492745,1.0666170775994839
1634,train,1,0,0,-180.0,-752.6790719304945,0.0,0.0,0.0,0.0,0.0,0.0,0.5,1.0,1.0
1634,train,2,0,0,-60.0,-1094.2591748901064,0.0,0.0,0.0,0.0,0.0,0.0,0.5,1.0,1.0
1635,train,0,1,0,420.0,951.5415198834312,0.0,0.0,0.0,0.0,0.0,0.0,0.5,1.0,1.0
1635,train,2,1,0,300.0,-16.62561197786954,0.0,0.0,0.0,0.0,0.0,0.0,0.5,1.0,1.0
1636,train,1,0,1,60.0,54.327991637954256,0.0,55.39382884656827,24.407891134151665,-0.6666666666666666,0.5333333333333333,-48.46015737548458,0.5,1.3280790276880516,1.7321010040512166
1636,train,1,2,1,-180.0,-955.6394204169014,0.0,-148.10210930878546,12.474005910459645,0.0,0.0,-174.9787600555978,0.5,1.3280790276880516,1.7321010040512166
1637,train,0,1,1,120.0,-67.93009711214654,0.0,-344.4179836476746,0.0,0.0,0.0,18.673912581949693,0.5,1.0,1.0
1637,train,2,0,0,-60.0,230.2463443370666,0.3333333333333333,5.096074348420714,0.0,0.0,0.0,-11.660211995751666,0.5,1.0,1.0
1638,validation,0,1,0,0.0,-583.7567076253499,0.2,-461.0347672119876,-13.276773820338327,0.0,-0.33333333333333337,18.05102309213038,0.5,1.0847718986409884,0.8748536298885718
1638,validation,1,2,1,0.0,214.9643668260269,-0.2,191.49570036428156,30.030665773806255,0.0,-0.6666666666666665,-7.421988268774911,0.5,1.0847718986409884,0.8748536298885718
1639,train,0,1,1,-120.0,-458.33541674884964,0.0,-421.6963743426513,64.18096767054772,0.0,0.0,0.0,0.5,0.6149605340170817,1.408933858289095
1639,train,2,0,0,60.0,69.04361108265039,0.0,586.4204921502326,211.95202397792968,0.0,0.0,0.0,0.5,0.6149605340170817,1.408933858289095
1640,train,0,1,0,-120.0,655.2766983642764,-0.3333333333333333,0.0,0.0,0.0,0.0,236.7441130237103,0.5,1.1510610688996725,1.7569210484623827
1640,train,1,2,1,-60.0,-526.1715939689971,-0.3333333333333333,0.0,0.0,0.0,0.0,-73.11829001428444,0.5,1.1510610688996725,1.7569210484623827
1641,test,2,0,1,120.0,2199.603962098441,0.0,0.0,-1877.73980218552,0.0,0.0,0.0,0.5,0.5152030876457316,1.321368455926773
1641,test,1,2,0,-660.0,-2127.502872711386,0.0,0.0,837.792226688179,0.0,0.0,0.0,0.5,0.5152030876457316,1.321368455926773
1642,validation,0,2,0,-660.0,252.87108792542585,0.0,1318.780311925185,0.0,0.0,0.0,0.0,0.5,1.0,1.0
1642,validation,1,2,0,-540.0,-491.019615327109,0.0,1276.589937995953,0.0,0.0,0.0,0.0,0.5,1.0,1.0
1643,train,1,0,0,0.0,851.8591913138853,0.3333333333333333,0.0,0.0,0.0,0.0,117.95490701080948,0.5,1.1751328309207174,1.7038336384605195
1643,train,0,2,1,0.0,488.06057302621775,0.0,0.0,0.0,0.0,0.0,-95.4645575147965,0.5,1.1751328309207174,1.7038336384605195
1644,test,1,0,0,60.0,698.6270911204492,0.0,0.0,0.0,0.0,0.0,0.0,0.5,1.0,1.0
1644,test,0,2,1,-420.0,-1181.0007739086013,0.0,0.0,0.0,0.0,0.0,0.0,0.5,1.0,1.0
1645,train,2,0,1,180.0,634.0074362443584,0.0,0.0,-53.024048929000315,-0.6666666666666666,0.0,0.0,0.5,0.6520903708112537,0.8085899733544099
1645,train,1,2,0,480.0,151.14928296992548,0.0,0.0,216.48311543116984,0.3333333333333333,0.0,0.0,0.5,0.6520903708112537,0.8085899733544099
1646,train,0,2,0,60.0,-403.7941231914174,0.2857142857142857,-32.318945456774784,-83.98995864757126,0.0,1.4285714285714286,-84.05190684096277,0.5,0.6051886007779702,0.6337515505977035
1646,train,1,2,0,-180.0,-1728.939358866975,0.09523809523809523,-7.35182819295845,-149.05160796587035,0.7619047619047619,0.42857142857142855,45.61620245492091,0.5,0.6051886007779702,0.6337515505977035
1647,validation,2,0,1,-60.0,98.56463453941569,0.0,0.0,-18.106464202090464,-0.6666666666666666,-0.13333333333333333,-39.5636753848131,0.5,1.088812772492052,0.8859952789045225
1647,validation,1,2,0,60.0,481.63436165602434,0.06666666666666667,0.0,67.38934193436152,0.3333333333333333,0.4,80.22412138751028,0.5,1.088812772492052,0.8859952789045225
1648,train,1,0,0,180.0,577.0519445099962,0.0,411.3931566140361,-0.8630503898036839,-0.2,1.8666666666666667,8.299937662941403,0.5,1.0,1.0
1648,train,2,0,0,120.0,-524.6412417946153,0.0,119.66249805751318,64.30517756095247,0.2,0.26666666666666666,-5.743329995038749,0.5,1.0,1.0
1649,train,0,1,1,-180.0,-1236.8982359684223,0.0,0.0,0.0,0.0,0.0,0.0,0.5,1.0,1.0
1649,train,0,2,1,-240.0,-1835.5992380759017,0.0,0.0,0.0,0.0,0.0,0.0,0.5,1.0,1.0
1650,train,0,1,1,0.0,1245.3861723704777,0.0,-74.62295164935273,-59.124007749894616,0.0,0.0,26.716044428836483,0.5,1.0,1.0
1650,train,0,2,1,-60.0,939.1064395034136,-0.09523809523809523,-127.47949768587023,-34.27250810506107,0.0,0.23809523809523814,19.64399819016925,0.5,1.0,1.0
1651,train,2,0,1,60.0,882.6149527508537,0.0,-173.88685573946498,0.0,0.0,0.0,-6.3172989373736925,0.5,1.0,1.0
1651,train,2,1,1,-180.0,981.9797663432669,0.0,-252.08786227134408,0.0,0.0,0.0,-27.85355066274866,0.5,1.0,1.0
1652,test,1,0,0,-60.0,25.890993885092485,0.0,0.0,0.0,0.0,0.0,0.0,0.5,0.9841400748947132,0.8676246814399239
1652,test,0,2,1,-60.0,427.0059432009966,0.0,0.0,0.0,0.0,0.0,0.0,0.5,0.9841400748947132,0.8676246814399239
1653,validation,1,0,1,-180.0,27.44881848188561,0.0,-834.400334997968,58.687725385987534,0.0,0.0,-233.33952849437455,0.5,1.0,1.0
1653,validation,1,2,1,240.0,453.3247000734591,0.0,-1157.5839961729544,155.80415092617284,0.0,0.0,37.01348866382196,0.5,1.0,1.0
1654,train,1,0,1,60.0,-975.5094932603411,0.0,-155.24446403673886,-13.809652266802672,-0.4,0.0,14.256070057793067,0.5,0.8503222561201029,0.95978291534763
1654,train,2,1,0,-120.0,122.42953922877177,0.0,141.6518245323229,308.2716831763808,0.0,0.0,3.506826531608368,0.5,0.8503222561201029,0.95978291534763
1655,train,1,0,1,-60.0,792.9745307071798,0.0,0.0,0.0,0.0,0.0,0.0,0.5,1.0,1.0
1655,train,1,2,1,-540.0,-3135.7313231216403,0.0,0.0,0.0,0.0,0.0,0.0,0.5,1.0,1.0
1656,train,0,2,0,0.0,-707.1832474994185,0.0,15.304237617145418,257.88324155651145,0.0,0.0,92.76848503004123,0.5,0.8577827282904953,0.5034019816029172
1656,train,2,1,1,60.0,809.2898514920071,0.0,-0.685475223780486,-75.38995063442111,0.0,0.0,10.997466326672967,0.5,0.8577827282904953,0.5034019816029172
1657,validation,1,0,1,120.0,-1840.8165561376518,0.0,-138.9348258244806,-294.67157927757455,-0.23809523809523808,0.1428571428571428,-22.969649038176883,0.5,0.5504998313687012,1.1897129332692997
1657,validation,2,1,0,-180.0,321.96885872159055,0.5714285714285714,121.04009469225164,72.24140081618668,0.23809523809523808,-0.1428571428571428,-5.759415931795425,0.5,0.5504998313687012,1.1897129332692997
1658,validation,0,1,0,180.0,1200.5465454016107,0.0,0.0,330.1311862677408,0.0,0.0,0.0,0.5,0.713055743539743,0.8584635697821579
1658,validation,1,2,1,-180.0,-903.6620916523952,0.0,0.0,-777.714377944098,0.0,0.0,0.0,0.5,0.713055743539743,0.8584635697821579
1659,train,1,0,0,-540.0,1980.3537088843004,0.13333333333333336,231.97078633873792,359.4098133909241,0.0,-0.3333333333333335,0.0,0.5,0.5999919544945875,0.7411448399447376
1659,train,0,2,1,180.0,-1799.8344782845697,0.13333333333333333,-247.54350707615345,-336.37621009821305,0.0,1.3333333333333333,0.0,0.5,0.5999919544945875,0.7411448399447376
1660,train,1,0,0,300.0,1294.9603397782894,-1.0,0.0,0.0,0.16666666666666666,0.0,116.36273604923954,0.5,1.2558846237805976,1.6395417228863012
1660,train,2,0,0,240.0,278.1934224769975,-0.6666666666666667,0.0,0.0,0.0,0.0,213.07180557828528,0.5,1.2558846237805976,1.6395417228863012
1661,train,1,0,1,0.0,256.2111571177402,0.0,0.0,0.0,0.0,0.0,0.0,0.5,1.0,1.0
1661,train,1,2,1,0.0,-336.05615810488234,0.0,0.0,0.0,0.0,0.0,0.0,0.5,1.0,1.0
1662,train,1,0,1,-60.0,-2130.1107424919846,-2.0,0.0,0.0,0.0,0.0,0.0,0.5,0.7709391684040798,1.0036404981739147
1662,train,1,2,1,-240.0,-936.6900800145168,-1.0,0.0,0.0,0.0,0.0,0.0,0.5,0.7709391684040798,1.0036404981739147
1663,train,1,0,1,-660.0,-1366.9208852004977,0.3333333333333333,0.0,-843.1979047994264,0.0,0.0,0.0,0.5,0.5601766452339333,0.9056292609703891
1663,train,1,2,1,-420.0,-1366.9208852004977,-0.6666666666666666,0.0,-2831.6050100064513,0.0,0.0,0.0,0.5,0.5601766452339333,0.9056292609703891
1664,train,0,1,1,-360.0,-1602.403739130229,0.0,-74.2573792077128,60.47817770206194,0.0,0.5999999999999999,0.0,0.5,1.4982845702734318,0.963816923834759
1664,train,0,2,1,-240.0,-1866.906170469435,0.0,-80.23047697905315,-301.1213825338293,-0.29999999999999993,-0.19999999999999996,0.0,0.5,1.4982845702734318,0.963816923834759
1665,train,0,2,0,300.0,798.1006109269947,0.0,0.0,1244.1498666552184,0.0,0.0,0.0,0.5,1.8479460665754723,1.908599958925951
1665,train,2,1,1,420.0,-189.26838490348837,0.0,0.0,-804.7032704295751,0.0,0.0,0.0,0.5,1.8479460665754723,1.908599958925951
1666,train,1,0,1,60.0,230.2766430419888,0.0,0.0,0.0,0.0,0.0,-368.30050846710645,0.5,0.5781043195129144,0.983413214127627
1666,train,1,2,1,-480.0,1228.506314790081,0.0,0.0,0.0,0.0,0.0,-263.29027832634523,0.5,0.5781043195129144,0.983413214127627
1667,train,0,1,0,0.0,778.8505544470263,0.0,223.20555605817538,0.0,0.0,0.0,24.726514334047735,0.5,1.588955620537984,0.8578665574262303
1667,train,2,1,0,0.0,832.3824327358388,0.0,131.65015522277048,0.0,0.0,0.0,203.74294599220434,0.5,1.588955620537984,0.8578665574262303
1668,train,2,0,1,60.0,27.482824411761612,0.0,0.0,0.0,0.0,0.0,0.0,0.5,1.0,1.0
1668,train,2,1,1,-180.0,428.01903074643724,0.0,0.0,0.0,0.0,0.0,0.0,0.5,1.0,1.0
1669,validation,0,2,0,60.0,177.85465594686002,0.6666666666666666,77.82839890297755,1.2984584767757852,-0.2,0.0,0.0,0.5,1.0648628899228991,1.0215822266672243
1669,validation,1,2,0,360.0,696.947557522175,0.0,53.666180024236226,-20.31011748791275,0.0,-0.2666666666666666,0.0,0.5,1.0648628899228991,1.0215822266672243
1670,train,0,1,1,0.0,-582.5420540249224,0.0,84.20545109544264,-17.69144678695922,0.0,0.0,-19.979267478922992,0.5,0.7374228221256225,0.6207178350633034
1670,train,0,2,1,-240.0,-825.3111613466913,0.0,-1.962472990842116,-79.34539715649055,-1.2000000000000002,0.0,-30.21151982276004,0.5,0.7374228221256225,0.6207178350633034
1671,validation,1,0,0,120.0,488.53983067365925,0.5714285714285714,161.931247869745,161.14801693611363,0.0,0.0,4.441168900010151,0.5,0.6548325238777364,1.6084878045992594
1671,validation,0,2,1,-120.0,-889.4244338494168,-0.19047619047619047,-12.968175489302439,-43.820629473632614,0.0,-0.14285714285714285,-29.0534314997218,0.5,0.6548325238777364,1.6084878045992594
1672,train,1,0,0,-60.0,44.55744242511173,0.0,-22.209986431916533,218.67257945508203,0.4761904761904761,0.0,-7.753878291316713,0.5,1.9440688101704897,0.588740460769201
1672,train,2,0,0,240.0,170.12579336089584,0.14285714285714285,-28.60939602030524,26.292210386055192,-0.23809523809523808,-0.2857142857142857,21.149565360391932,0.5,1.9440688101704897,0.588740460769201
1673,train,0,1,0,-240.0,-771.6210466085058,0.0,0.0,0.0,0.0,2.0,108.33503482821257,0.5,1.163204506671641,0.70342840268654
1673,train,2,1,0,120.0,685.1609535885827,0.0,0.0,0.0,0.0,0.666666666666667,101.97629870098496,0.5,1.163204506671641,0.70342840268654
1674,train,0,2,0,120.0,360.11310434177403,0.0,0.0,0.0,0.16666666666666666,0.0,121.4243385291831,0.5,1.1038674823007852,0.8274287007679644
1674,train,2,1,1,60.0,-775.905098808455,0.0,0.0,0.0,0.16666666666666666,0.33333333333333337,-143.6980056173569,0.5,1.1038674823007852,0.8274287007679644
1675,validation,0,2,0,-60.0,-1334.9683647058782,0.4761904761904761,75.43337499017557,-105.14557931888086,0.0,-0.47619047619047616,-3.6100387440946413,0.5,1.2058873493605946,1.0671805840965045
1675,validation,2,1,1,60.0,666.7363117065079,0.0,-56.089135984746946,-67.70887598482321,-0.09523809523809523,-0.2857142857142857,-46.92167182521332,0.5,1.2058873493605946,1.0671805840965045
1676,train,0,1,1,-60.0,-1671.025981145016,-1.0,0.0,0.0,0.0,0.0,0.0,0.5,1.4036201387937353,0.845884807923774
1676,train,2,0,0,540.0,1904.121180239792,-0.33333333333333337,0.0,0.0,0.0,-1.333333333333334,0.0,0.5,1.4036201387937353,0.845884807923774
1677,train,0,2,0,60.0,2783.318476473728,0.0,160.42708768728582,149.46816860895103,0.0,0.7142857142857142,31.70947637969517,0.5,0.5200981804440606,0.6347372841466283
1677,train,1,2,0,180.0,841.2441461441749,0.2857142857142857,103.714924983027,44.69471477224424,0.38095238095238093,0.5714285714285714,-9.164419185716778,0.5,0.5200981804440606,0.6347372841466283
1678,train,0,2,0,60.0,-79.25298497536187,0.0,0.0,0.0,0.0,0.0,0.0,0.5,1.0,1.0
1678,train,2,1,1,120.0,-673.8143988227166,0.0,0.0,0.0,0.0,0.0,0.0,0.5,1.0,1.0
1679,test,2,0,1,60.0,139.94137878114452,0.0,0.0,-966.2969276815221,0.0,0.0,0.0,0.5,0.6562884415066963,1.3478609568929252
1679,test,1,2,0,60.0,89.8906492655924,0.0,0.0,2216.794743922073,0.0,0.0,0.0,0.5,0.6562884415066963,1.3478609568929252
1680,train,2,0,1,-360.0,956.966270882212,0.0,-48.47181378965183,-8.664189670832009,0.0,0.19999999999999996,0.0,0.5,1.0,1.0
1680,train,2,1,1,-420.0,634.0443943910404,0.0,14.904607923424237,-110.85002491505017,0.0,0.19999999999999996,0.0,0.5,1.0,1.0
1681,train,0,1,0,360.0,1092.5988014113645,0.2,105.84449177709746,81.06297042155742,0.0,0.0,0.0,0.5,1.508612316657113,0.5179144208012817
1681,train,2,1,0,0.0,884.6247530911423,0.0,5.99517509023724,89.18136892956855,0.0,0.0,105.77064736664698,0.5,1.508612316657113,0.5179144208012817
1682,train,1,0,1,-180.0,-96.90398085575998,0.0,76.38261802932391,228.49268549076712,0.16666666666666666,0.0,0.0,0.5,0.8147566594912372,0.564541752667264
1682,train,1,2,1,0.0,-710.0672720533253,0.0,-36.45653522962061,79.59054930483148,0.0,0.0,0.0,0.5,0.8147566594912372,0.564541752667264
1683,test,1,0,1,-240.0,-1172.0821777975807,0.0,207.2275291160417,92.82633314969313,-0.13333333333333336,-1.866666666666667,109.87872412831102,0.5,0.9478926205951728,0.8601494094461243
1683,test,2,1,0,60.0,1726.297809110767,0.0,108.02973287348556,-28.073746694435002,0.0,0.5333333333333334,-1.3848069740447357,0.5,0.9478926205951728,0.8601494094461243
1684,train,1,0,0,120.0,699.2697568458534,-0.26666666666666666,983.2016414251366,-32.35083064392006,0.0,1.8,246.12443208155688,0.5,0.8101448136241904,0.9802110008142588
1684,train,2,0,0,360.0,12.909251395042702,-0.26666666666666666,142.9618085195915,-120.57521673817597,0.0,1.4000000000000001,145.75986864775325,0.5,0.8101448136241904,0.9802110008142588
1685,train,1,0,1,-600.0,-1031.865461348516,0.0,0.0,0.0,0.3333333333333333,-2.0,0.0,0.5,1.5091879016194902,0.8178732971855032
1685,train,1,2,1,-420.0,-2357.174689111336,0.0,0.0,0.0,-0.6666666666666666,-4.0,0.0,0.5,1.5091879016194902,0.8178732971855032
1686,train,2,0,1,-60.0,-1687.0733051657771,0.0,0.0,0.0,-1.0,0.0,0.0,0.5,0.5432481352637152,1.957410247609982
1686,train,2,1,1,-180.0,-1040.9632492086366,0.0,0.0,0.0,-3.0,0.0,0.0,0.5,0.5432481352637152,1.957410247609982
1687,validation,0,2,0,300.0,571.6113157215382,0.0,0.0,0.0,0.0,0.0,0.0,0.5,1.0,1.0
1687,validation,2,1,1,-480.0,-1150.2228977999189,0.0,0.0,0.0,0.0,0.0,0.0,0.5,1.0,1.0
1688,train,2,0,1,-300.0,-872.5704201713256,0.0,0.0,0.0,0.0,0.0,0.0,0.5,1.0,1.0
1688,train,2,1,1,-360.0,-702.1549043900559,0.0,0.0,0.0,0.0,0.0,0.0,0.5,1.0,1.0
1689,train,0,1,0,-180.0,-753.6494675007589,0.0,-75.80823152080463,12.563109579337159,0.0,1.2,-56.92896213908422,0.5,0.6429866929799558,0.594801450396736
1689,train,1,2,1,-180.0,-1053.3985909391267,0.0,-1.6452805278715061,33.133085648785816,-0.3333333333333333,-0.6000000000000001,-64.10599564324619,0.5,0.6429866929799558,0.594801450396736
1690,train,0,1,1,-480.0,349.67876043901424,0.0,0.0,-67.91355647227724,-0.8,0.1,37.36670705836407,0.5,0.8156519033773306,0.6819411538458747
1690,train,0,2,1,-240.0,45.6189007911662,0.0,0.0,-54.3309864547595,0.0,-0.2,31.98883230030431,0.5,0.8156519033773306,0.6819411538458747
1691,train,1,0,1,0.0,-651.493202726308,0.0,-833.8681828413324,0.0,0.0,0.0,0.0,0.5,1.0,1.0
1691,train,2,1,0,-60.0,44.07896169355308,0.0,100.6826198932913,0.0,0.0,0.0,0.0,0.5,1.0,1.0
1692,train,0,1,1,60.0,-179.24078890733472,-0.4,160.17604254469734,-48.113790472480616,-0.06666666666666667,0.2666666666666666,0.0,0.5,1.0,1.0
1692,train,2,0,0,60.0,-482.32301149444856,0.0,-298.88443390397015,76.09775616244909,0.13333333333333333,0.8,0.0,0.5,1.0,1.0
1693,train,0,1,0,540.0,745.0103698876146,0.0,0.0,0.0,0.0,0.0,0.0,0.5,1.0,1.0
1693,train,1,2,1,-240.0,-1813.982717118456,0.0,0.0,0.0,0.0,0.0,0.0,0.5,1.0,1.0
1694,validation,0,1,0,420.0,1261.7518829318824,0.0,153.0616750510943,0.0,0.0,0.0,25.68178909674375,0.5,1.5481321277795,0.5382675120870326
1694,validation,1,2,1,-60.0,-911.9335400470563,0.0,-315.3516409876173,0.0,-1.0,0.0,11.375617766367059,0.5,1.5481321277795,0.5382675120870326
1695,validation,0,1,1,-180.0,-614.8907314845719,0.0,0.0,0.0,0.0,-0.666666666666667,-172.1721958724687,0.5,0.7926296044675395,1.470977626750277
1695,validation,0,2,1,120.0,-517.8964986214105,0.0,0.0,0.0,0.0,0.0,-107.59542999828994,0.5,0.7926296044675395,1.470977626750277
1696,train,1,0,0,360.0,2253.474268450528,0.6666666666666666,0.0,0.0,0.0,0.666666666666667,0.0,0.5,0.603763302191167,0.628369876183355
1696,train,0,2,1,-240.0,399.4562775535337,-0.6666666666666666,0.0,0.0,0.0,0.6666666666666665,0.0,0.5,0.603763302191167,0.628369876183355
1697,train,0,2,0,-60.0,340.5035448289609,0.0,-148.46288313298746,0.0,0.0,0.6666666666666666,24.564855596144014,0.5,1.0512649309844517,1.1081263733265576
1697,train,1,2,0,60.0,-257.41799941970294,0.2,-33.29314855730419,0.0,0.5333333333333333,2.0,-0.03922735729714155,0.5,1.0512649309844517,1.1081263733265576
1698,train,0,1,0,120.0,357.0701732590164,0.19047619047619047,116.50139101419279,-1.1269435006007171,-0.14285714285714285,0.5714285714285713,8.596461640695647,0.5,1.6047982326483177,1.6714986736836985
1698,train,2,1,0,-180.0,495.8821788682503,0.0,-454.40130543135865,22.765291712218584,0.42857142857142855,0.2857142857142857,-3.9852021449223365,0.5,1.6047982326483177,1.6714986736836985
1699,train,0,1,1,60.0,-465.61080094873296,0.19047619047619047,160.25344253292607,-53.24997744256242,-0.47619047619047616,-0.09523809523809523,-39.63757766060034,0.5,1.0,1.0
1699,train,2,0,0,120.0,518.278558729136,-0.09523809523809523,-47.50083987156381,27.03368985249623,0.0,0.0,-42.48707307011612,0.5,1.0,1.0
1700,test,0,2,0,-60.0,-417.91144585708935,0.0,-55.64767462483144,280.97129694174237,0.0,0.0,-3.7105651875377674,0.5,1.4620652412085198,1.1152672845521383
1700,test,2,1,1,120.0,-799.7097860441363,-0.8999999999999999,-28.654130248906654,-200.58756348497113,0.0,0.0,-3.3265981678949217,0.5,1.4620652412085198,1.1152672845521383
1701,train,0,2,0,300.0,512.4925785182504,0.3,-76.52578430310396,3.7262360447712553,0.0,0.0,0.0,0.5,1.2299511444329345,1.5217709212074126
1701,train,2,1,1,-240.0,-177.1980145304492,-0.3,44.084974593078556,-191.28820159990337,0.0,0.0,0.0,0.5,1.2299511444329345,1.5217709212074126
1702,train,0,1,1,-480.0,-567.710487384019,0.0,0.0,0.0,0.0,0.0,0.0,0.5,1.0,1.0
1702,train,2,0,0,-60.0,-207.6721491946514,0.0,0.0,0.0,0.0,0.0,0.0,0.5,1.0,1.0
1703,train,0,1,0,480.0,-110.18201761077671,-0.5,0.0,0.0,0.5,0.0,0.0,0.5,0.7418697831433917,1.0957842563628528
1703,train,1,2,1,-660.0,-1178.234485650134,0.33333333333333337,0.0,0.0,0.0,-1.3333333333333335,0.0,0.5,0.7418697831433917,1.0957842563628528
1704,train,0,2,0,120.0,311.3730637308131,0.0,-165.20541976363774,0.0,0.0,0.0,87.57649248621236,0.5,1.0,1.0
1704,train,2,1,1,-60.0,-334.04462649211973,0.0,-131.4886759895491,0.0,-0.2,0.0,-50.641807898653425,0.5,1.0,1.0
1705,train,1,0,0,240.0,2418.5065583864143,-0.3,327.5438924602716,0.0,0.1,0.0,-75.89732639473576,0.5,0.7093466014054346,0.9800896581863251
1705,train,0,2,1,-420.0,-2105.3843420351814,-0.3,-176.5767330573525,0.0,0.0,0.0,144.45579867116075,0.5,0.7093466014054346,0.9800896581863251
1706,train,2,0,1,-60.0,-65.85404138546437,0.0,0.0,0.0,0.0,0.0,0.0,0.5,1.0,1.0
1706,train,1,2,0,-60.0,485.325557921984,0.0,0.0,0.0,0.0,0.0,0.0,0.5,1.0,1.0
1707,train,0,1,0,660.0,3266.790574752482,0.0,584.4257133756714,0.0,0.0,0.6666666666666667,0.0,0.5,1.0,1.0
1707,train,1,2,1,-180.0,-2552.925826753022,0.0,388.29683298590624,0.0,0.0,-1.9999999999999998,0.0,0.5,1.0,1.0
1708,validation,0,1,1,-360.0,-601.8035418533509,0.0,-218.24420541659347,82.50850797352737,0.0,0.0,0.0,0.5,0.8970621170558689,1.5288888226750734
1708,validation,0,2,1,180.0,-1077.3719070158777,0.0,-465.0116328645378,29.671589055384857,0.0,0.0,0.0,0.5,0.8970621170558689,1.5288888226750734
1709,train,2,0,1,-240.0,257.59616833294194,0.0,-48.49232568584307,0.0,0.0,0.0,0.0,0.5,1.0,1.0
1709,train,1,2,0,120.0,-827.8676490868988,0.0,54.27792057292072,0.0,0.0,0.0,0.0,0.5,1.0,1.0
1710,train,2,0,1,-180.0,-882.6295416754965,0.0,0.0,0.0,0.0,0.0,0.0,0.5,1.0,1.0
1710,train,1,2,0,-120.0,-719.5096536928477,0.0,0.0,0.0,0.0,0.0,0.0,0.5,1.0,1.0
1711,train,1,0,0,-120.0,-574.4500808711509,0.0,0.0,0.0,0.0,0.0,0.0,0.5,1.8610789637570977,0.6007955220988894
1711,train,2,0,0,-120.0,-343.35925563833416,0.0,0.0,0.0,0.0,0.0,0.0,0.5,1.8610789637570977,0.6007955220988894
1712,test,1,0,0,180.0,288.323788656955,0.5714285714285714,255.93008102306845,0.19295703982731993,-0.38095238095238093,-0.047619047619047616,-6.353282455300757,0.5,0.5818072450051439,0.7530034030463025
1712,test,2,0,0,120.0,412.5800063370798,0.5714285714285714,-227.34792731103283,136.44369664309266,-0.5714285714285714,0.09523809523809523,55.030314258574585,0.5,0.5818072450051439,0.7530034030463025
1713,train,0,1,1,-60.0,-253.6688847352582,0.0,0.0,0.0,0.0,0.0,-50.87678369691731,0.5,1.877929690550682,0.9758684380884705
1713,train,2,0,0,240.0,-55.632914032410326,0.0,0.0,0.0,0.0,0.0,-62.84054617785994,0.5,1.877929690550682,0.9758684380884705
1714,validation,1,0,1,-120.0,1315.5586390855624,0.0,0.0,0.0,0.0,0.0,0.0,0.5,1.0,1.0
1714,validation,2,1,0,540.0,-2393.122857229084,0.0,0.0,0.0,0.0,0.0,0.0,0.5,1.0,1.0
1715,train,0,1,1,60.0,469.04944874400826,0.0,-156.66356575486134,0.0,0.0,0.0,0.0,0.5,1.0,1.0
1715,train,0,2,1,-600.0,-117.29881894052687,0.0,-151.0005846429899,0.0,0.0,0.0,0.0,0.5,1.0,1.0
1716,validation,0,1,1,-60.0,-576.4853864062461,-0.19047619047619047,-85.61993801364572,-25.20542692206822,0.0,0.5714285714285713,0.9879018047003345,0.5,0.5650656309216292,1.3106177077438754
1716,validation,0,2,1,-60.0,-520.6236406018038,-0.5714285714285714,-30.355712508786254,-37.046492035523336,0.0,-0.2857142857142858,0.9879018047003345,0.5,0.5650656309216292,1.3106177077438754
1717,validation,0,1,0,-360.0,-729.3719218373808,0.0,254.3191782925947,-135.09470286724712,0.0,2.0,0.0,0.5,0.6238431681522423,1.7119434411531307
1717,validation,1,2,1,-420.0,-2727.1112436040157,0.0,-467.21232272190446,-70.89838600331234,0.0,-0.5,0.0,0.5,0.6238431681522423,1.7119434411531307
1718,train,2,0,1,-120.0,-1407.28380226208,-0.23809523809523808,2.661030288087659,-176.87605403707235,-0.5714285714285714,-1.2857142857142856,-8.221576911771841,0.5,1.1846196874779218,0.584056429896687
1718,train,2,1,1,240.0,1192.2146662431837,0.0,17.693083011639374,-131.46250729186113,-0.2857142857142857,-0.8571428571428572,9.709315686757723,0.5,1.1846196874779218,0.584056429896687
1719,train,0,1,0,120.0,-703.0830857859078,0.0,35.54860645619476,1.8912139324034172,0.0,0.0,-1.5239637800151824,0.5,1.0,1.0
1719,train,2,1,0,420.0,-93.63416392476893,0.0,234.6243788695441,276.6393789535353,0.0,0.8999999999999999,8.357110353293175,0.5,1.0,1.0
1720,train,0,1,1,60.0,534.1687345138844,0.0,0.0,0.0,0.0,0.0,0.0,0.5,1.0,1.0
1720,train,0,2,1,60.0,-552.5418110916135,0.0,0.0,0.0,0.0,0.0,0.0,0.5,1.0,1.0
1721,train,2,0,1,-480.0,-2644.5323097208047,0.0,0.0,-256.0706276034314,0.0,0.0,77.69332776506718,0.5,0.5352652242235141,1.3212994052175298
1721,train,1,2,0,-60.0,-718.9367746448579,0.0,0.0,10.137964122870727,0.0,0.0,326.9776378611477,0.5,0.5352652242235141,1.3212994052175298
1722,train,1,0,1,0.0,-965.7209881966337,0.0,-724.6710650999394,71.41325343843232,0.0,0.0,-8.464169540185367,0.5,1.0,1.0
1722,train,1,2,1,-780.0,-1071.4422531348282,0.0,-267.40910744281075,69.17765749592078,0.0,0.0,10.898618374124254,0.5,1.0,1.0
1723,train,1,0,1,-180.0,561.1306337979968,0.09523809523809523,-229.63713596918998,-39.54079549502134,0.0,0.38095238095238093,-156.76418064184682,0.5,0.7228140191103078,0.7177059281453683
1723,train,2,1,0,180.0,-412.41827240136536,-0.09523809523809523,398.90028915612857,-117.09537831509796,0.047619047619047616,0.0,144.13115555508728,0.5,0.7228140191103078,0.7177059281453683
1724,test,2,0,1,60.0,134.2222372651031,0.0,-201.47625346221048,0.0,0.0,0.0,-35.540745807565244,0.5,1.0,1.0
1724,test,1,2,0,0.0,630.1488700794166,0.0,471.54572191520947,0.0,0.0,0.0,7.0013809549924275,0.5,1.0,1.0
1725,train,0,2,0,240.0,2094.9763583441418,0.2,0.0,242.76934270630213,0.0,2.8,-75.93806374840115,0.5,0.743914801291422,0.5681429994297345
1725,train,1,2,0,120.0,890.4337609143663,0.30000000000000004,0.0,199.298919870451,0.0,0.8,-97.62788762897308,0.5,0.743914801291422,0.5681429994297345
1726,train,1,0,1,60.0,-906.8378185622742,0.0,0.0,-1251.766146227067,0.0,0.0,0.0,0.5,1.4610047100738333,1.5972075867133042
1726,train,2,1,0,-240.0,225.68790628978695,0.0,0.0,294.6837867428234,0.0,0.0,0.0,0.5,1.4610047100738333,1.5972075867133042
1727,train,0,2,0,60.0,524.9808443688275,0.0,304.60650890533265,0.0,0.0,0.6666666666666666,0.0,0.5,1.0,1.0
1727,train,1,2,0,-60.0,0.0,0.0,-20.501612173495175,0.0,0.0,0.0,0.0,0.5,1.0,1.0
1728,test,1,0,1,0.0,-336.93969828459103,0.6666666666666667,126.30757663133974,-410.41830899456704,0.0,0.0,0.0,0.5,0.7988644104935472,0.9600762205163365
1728,test,1,2,1,-120.0,-218.8819249842345,0.6666666666666667,-34.15108788706172,-388.335685074519,0.0,0.0,0.0,0.5,0.7988644104935472,0.9600762205163365
1729,train,0,2,0,60.0,398.47480796553145,0.06666666666666668,-81.16132716044336,-55.746173483289,0.3333333333333333,0.0,63.91970060890625,0.5,1.2732680373317797,1.5432530938135265
1729,train,2,1,1,0.0,325.11308123045,0.0,291.25113141808043,4.902779844063403,-0.6666666666666666,0.0,-48.04285111547559,0.5,1.2732680373317797,1.5432530938135265
1730,validation,2,0,1,-60.0,794.7987231015495,0.0,0.0,0.0,0.0,0.0,0.0,0.5,1.0,1.0
1730,validation,2,1,1,60.0,957.0906374515062,0.0,0.0,0.0,0.0,0.0,0.0,0.5,1.0,1.0
1731,train,0,1,1,60.0,-42.94527977523103,0.0,0.0,0.0,0.0,0.0,-207.92875676094866,0.5,1.9405367908286637,0.8405833067119516
1731,train,2,0,0,180.0,-290.21112771420667,0.0,0.0,0.0,0.0,0.0,521.5734049014716,0.5,1.9405367908286637,0.8405833067119516
1732,train,2,0,1,180.0,-433.36619990524514,0.047619047619047616,-261.0599488441344,-276.19033506685594,0.0,-0.23809523809523803,3.3698068773750762,0.5,1.3552586078923954,1.3322167544531205
1732,train,2,1,1,-120.0,-830.1013751861533,-0.09523809523809523,-14.668137519054426,157.19754417405062,0.14285714285714285,-1.1904761904761902,-9.124432158200747,0.5,1.3552586078923954,1.3322167544531205
1733,test,1,0,1,-240.0,-683.9596086954848,0.0,0.0,0.0,0.0,0.0,-32.677072533200864,0.5,0.6187272594530078,0.7613946239329112
1733,test,2,1,0,120.0,-219.48602695934915,0.0,0.0,0.0,0.0,0.6666666666666667,114.20872399864527,0.5,0.6187272594530078,0.7613946239329112
1734,train,2,0,1,-120.0,369.5909522885677,0.0,0.0,0.0,0.0,-2.6666666666666665,6.852661765530229,0.5,0.5271454529700773,0.5405715185137608
1734,train,2,1,1,-300.0,-284.01497855403295,0.0,0.0,0.0,0.0,-2.6666666666666665,93.8117368967846,0.5,0.5271454529700773,0.5405715185137608
1735,validation,1,0,0,300.0,-163.91637229890694,0.0,0.0,0.0,0.0,3.0,0.0,0.5,1.2410404566150997,0.8548716848587434
1735,validation,2,0,0,-60.0,119.71361547781089,0.0,0.0,0.0,0.0,7.0,0.0,0.5,1.2410404566150997,0.8548716848587434
1736,train,1,0,1,-120.0,-442.1657016540835,0.0,57.14647494731042,-7.279719031173693,0.09523809523809523,-0.38095238095238093,-20.607662884648114,0.5,1.0,1.0
1736,train,1,2,1,-120.0,-401.89786753682347,0.0,50.892182322854865,-38.540298580170926,0.19047619047619047,-0.19047619047619047,-49.85396083853687,0.5,1.0,1.0
1737,train,0,1,0,600.0,1530.1042374745039,0.0,64.58542973566219,376.1125625977038,0.0,1.2000000000000002,-17.059551307487887,0.5,1.146029031408726,0.6726655328806409
1737,train,1,2,1,60.0,745.9798792755555,0.0,-460.9063078817953,-265.08894969514216,0.0,0.5999999999999999,-51.59084299141055,0.5,1.146029031408726,0.6726655328806409
1738,train,0,2,0,-180.0,-102.10776855842823,0.0,-96.38628106192277,0.0,0.0,0.0,10.925272092599187,0.5,0.963786893024925,0.5467953528116879
1738,train,2,1,1,120.0,-993.12687975469,0.0,-289.98462302409644,0.0,0.0,0.0,-38.1551354494901,0.5,0.963786893024925,0.5467953528116879
1739,train,1,0,0,0.0,-331.57069052040333,0.0,0.0,0.0,0.0,2.0,0.0,0.5,0.8649622435514197,0.5300978248097463
1739,train,0,2,1,240.0,-305.0720449262908,0.0,0.0,0.0,0.0,-3.0,0.0,0.5,0.8649622435514197,0.5300978248097463
1740,test,0,1,1,420.0,-322.01908263211317,-0.2,0.0,-119.72780073600394,-0.3333333333333333,0.06666666666666665,-58.733481519487775,0.5,0.5399590406589759,0.9346095301197775
1740,test,0,2,1,300.0,-893.9949205871526,-0.4,0.0,-15.104173989053209,-0.3333333333333333,0.06666666666666665,-90.11946801790526,0.5,0.5399590406589759,0.9346095301197775
1741,validation,0,1,0,120.0,-1164.5609918427635,0.4,0.0,0.0,1.2,-1.6,21.645496130443185,0.5,0.8187705328742283,0.9689617882804012
1741,validation,2,1,0,-60.0,-135.9765087808746,0.8,0.0,0.0,1.2,1.1999999999999997,76.23874802935657,0.5,0.8187705328742283,0.9689617882804012
1742,test,2,0,1,60.0,-899.9247906179598,-0.06666666666666667,131.1495252880666,-156.8781416309685,0.0,0.5333333333333334,-96.0993042017603,0.5,1.9686815237431023,0.9915477471822421
1742,test,2,1,1,-300.0,-1006.879418579002,0.0,172.44490390130193,-138.77332065654497,0.0,-0.5333333333333332,-147.35905265495168,0.5,1.9686815237431023,0.9915477471822421
1743,train,0,2,0,300.0,929.2283648957782,0.0,-25.50704454762905,4.438821755505007,0.0,-0.2857142857142857,3.8130400145103627,0.5,0.8555696845537527,0.8074496170089432
1743,train,1,2,0,180.0,1008.9270742869139,0.5714285714285714,37.3297035488152,122.53404922956582,0.0,0.1428571428571428,7.767108703502903,0.5,0.8555696845537527,0.8074496170089432
1744,train,1,0,0,60.0,653.277351651368,0.0,0.0,743.6216741837893,0.0,0.0,-41.626513671809505,0.5,1.230720020831576,0.9248857192481299
1744,train,0,2,1,-300.0,326.91472060784963,0.0,0.0,-266.33573267597666,0.0,0.0,28.150665506745895,0.5,1.230720020831576,0.9248857192481299
1745,test,0,2,0,300.0,1102.0211996635667,0.0,348.55902256972195,0.0,0.0,0.0,0.0,0.5,1.0,1.0
1745,test,1,2,0,-60.0,-180.08491155441152,0.0,173.55471735068147,0.0,0.0,0.0,0.0,0.5,1.0,1.0
1746,train,0,1,0,600.0,1046.4129427168327,0.0,0.0,0.0,0.0,0.0,149.0974082748649,0.5,0.6839089852455709,0.5017358788235803
1746,train,1,2,1,-60.0,-706.1285335702205,0.0,0.0,0.0,0.0,0.0,-27.000793972236256,0.5,0.6839089852455709,0.5017358788235803
1747,train,0,1,0,0.0,-32.896016856376264,0.0,0.0,11.877878120516584,0.0,0.5,34.955803566630294,0.5,1.2945220881127668,0.6632455322002608
1747,train,1,2,1,-900.0,-1333.1257532603522,0.0,0.0,246.9596440309016,0.0,-2.0,-224.43875559892348,0.5,1.2945220881127668,0.6632455322002608
1748,train,1,0,0,-60.0,-194.2657488511286,0.0,0.0,1460.0013145791368,0.0,0.0,0.0,0.5,0.5179634638016901,0.9753068746950169
1748,train,2,0,0,-240.0,1164.7772700311925,0.0,0.0,497.44733560514527,0.0,0.0,0.0,0.5,0.5179634638016901,0.9753068746950169
1749,test,1,0,1,-60.0,221.1840894920192,0.0,0.0,0.0,0.0,0.0,0.0,0.5,1.0,1.0
1749,test,1,2,1,-360.0,-432.7327482470969,0.0,0.0,0.0,0.0,0.0,0.0,0.5,1.0,1.0
1750,train,2,0,1,-240.0,359.34813866653076,0.0,144.87648891697026,0.0,0.0,0.0,-120.00079298503834,0.5,0.836923036673454,0.6853960621015833
1750,train,1,2,0,60.0,303.04625356500856,0.0,-117.47927774101026,0.0,0.0,-1.0,129.20482885115908,0.5,0.836923036673454,0.6853960621015833
1751,train,1,0,0,0.0,945.2901472605758,0.0,0.0,0.0,0.0,0.0,422.7410672874999,0.5,0.9925014265511649,0.5584903165466754
1751,train,2,0,0,120.0,1739.3692231116788,0.0,0.0,0.0,0.0,0.0,565.0892429172951,0.5,0.9925014265511649,0.5584903165466754
1752,test,0,1,0,780.0,716.6929824626432,0.0,0.0,0.0,0.0,0.0,0.0,0.5,1.0,1.0
1752,test,1,2,1,-420.0,-721.481703973479,0.0,0.0,0.0,0.0,0.0,0.0,0.5,1.0,1.0
1753,train,0,2,0,540.0,895.1648011343282,0.0,9.240935363141602,32.899407536156545,0.2,0.0,51.390117266967195,0.5,0.9141534071330162,0.5866721433984864
1753,train,2,1,1,-420.0,-825.9073112757974,-0.26666666666666666,10.570350303818884,-44.14526039209403,-0.2,0.0,-17.227778926506303,0.5,0.9141534071330162,0.5866721433984864
1754,train,1,0,1,-180.0,49.76479206228032,0.0,-445.2066361190729,0.0,-0.16666666666666666,0.0,0.0,0.5,1.0,1.0
1754,train,1,2,1,-540.0,-920.2830816589312,0.0,-1079.2110198204591,0.0,0.0,-0.33333333333333326,0.0,0.5,1.0,1.0
1755,train,0,1,0,360.0,605.8966474820272,0.0,7.448442680863764,0.0,0.0,0.0,0.0,0.5,1.0,1.0
1755,train,2,1,0,180.0,630.2486037491399,0.0,349.7173559138739,0.0,0.0,0.0,0.0,0.5,1.0,1.0
1756,train,0,2,0,-180.0,1222.5667178245371,0.0,0.0,1949.37660170064,0.0,0.0,0.0,0.5,0.6827942081109017,1.3273576996144918
1756,train,2,1,1,-420.0,-1787.7788740105957,0.0,0.0,-1320.9488956758373,0.0,0.0,0.0,0.5,0.6827942081109017,1.3273576996144918
1757,train,0,1,0,60.0,-157.4242801554583,0.1,392.3343150258369,0.0,0.3,0.0,0.0,0.5,1.0,1.0
1757,train,1,2,1,-180.0,-1360.3924547157667,0.0,-803.3292840176974,0.0,0.3,0.40000000000000013,0.0,0.5,1.0,1.0
1758,train,1,0,0,-120.0,474.6667319623616,0.0,138.83336064762466,0.0,0.0,0.0,272.02222756142004,0.5,1.2927862336107927,0.7611583531009563
1758,train,2,0,0,60.0,946.2227352589234,0.0,-58.595694167883835,0.0,0.0,0.0,102.62064763575576,0.5,1.2927862336107927,0.7611583531009563
1759,train,0,1,1,0.0,631.3095688962949,0.0,125.5037041821127,-309.9868150590147,0.0,0.0,0.0,0.5,0.6221514953484139,0.5579920543605605
1759,train,0,2,1,0.0,729.5693653886215,0.0,-97.7531990944795,-213.24864972581722,0.0,0.0,0.0,0.5,0.6221514953484139,0.5579920543605605
1760,train,1,0,1,0.0,-713.955123067788,0.0,-7.454049986040133,-26.52211324720151,0.0,-1.2000000000000002,-68.20487491888171,0.5,1.4095034689080128,0.8991404397383451
1760,train,2,1,0,-60.0,255.66402331533845,0.0,20.113573861881918,31.061155477882828,0.0,0.8000000000000002,27.981850218522595,0.5,1.4095034689080128,0.8991404397383451
1761,train,1,0,0,0.0,524.3977924618894,0.3,5.402786047041673,99.21746600098548,0.2,0.0,0.0,0.5,1.315609356028125,1.1652592729328255
1761,train,0,2,1,-660.0,-1151.054539711367,-1.5,-51.967779173421576,-366.75482413542034,0.0,0.0,0.0,0.5,1.315609356028125,1.1652592729328255
1762,train,1,0,1,-240.0,-902.1103530542077,0.2,-161.11126903075922,-144.5646196556642,0.0,0.8999999999999999,0.0,0.5,1.0,1.0
1762,train,2,1,0,-60.0,-0.3151731721700344,0.0,233.13901710753885,-42.22415877637488,0.0,0.0,0.0,0.5,1.0,1.0
1763,train,0,1,1,0.0,656.4904730580511,0.0,132.97685719942254,105.01292344198237,-0.23809523809523808,-0.047619047619047616,-2.825962758930143,0.5,1.2198191190591376,1.0114602014920648
1763,train,2,0,0,240.0,-367.6629087507754,0.2857142857142857,-201.41585314945485,-29.680154690747344,0.0,0.19047619047619047,57.687800256362785,0.5,1.2198191190591376,1.0114602014920648
1764,test,0,1,0,300.0,633.977154301756,1.7142857142857142,-60.4002100804104,107.39233993902263,0.19047619047619047,0.0,45.25126796124522,0.5,1.996411413761005,1.3413128221252286
1764,test,2,1,0,660.0,144.82979774566684,0.5714285714285714,-97.24127556309233,334.3199984092446,0.0,-0.047619047619047616,32.796222330016185,0.5,1.996411413761005,1.3413128221252286
1765,train,1,0,0,-180.0,138.06317814502836,0.0,0.0,-1.430492493060651,0.0,0.5999999999999999,0.0,0.5,0.8303895259818915,1.2768811882150704
1765,train,0,2,1,-60.0,-779.8388750146682,0.0,0.0,-30.267614471840186,0.0,-0.8999999999999999,0.0,0.5,0.8303895259818915,1.2768811882150704
1766,train,0,2,0,-60.0,-576.616608616926,0.0,-132.2438520118609,440.01802339350877,0.0,-0.16666666666666674,0.0,0.5,1.2802395207738841,0.5904442252933166
1766,train,1,2,0,0.0,-243.46571596656486,0.0,-137.92323084112934,122.44998514921295,0.0,-0.6666666666666666,0.0,0.5,1.2802395207738841,0.5904442252933166
1767,test,0,1,0,720.0,2404.6682916203135,0.0,0.0,0.0,0.0,0.0,0.0,0.5,1.726923924108358,1.4822337192045327
1767,test,1,2,1,-120.0,303.3130715150146,0.0,0.0,0.0,-1.0,0.0,0.0,0.5,1.726923924108358,1.4822337192045327
1768,train,0,1,1,-120.0,-352.4011986224955,0.0,0.0,0.0,0.0,0.0,0.0,0.5,1.0,1.0
1768,train,2,0,0,60.0,-49.27609854460479,0.0,0.0,0.0,0.0,0.0,0.0,0.5,1.0,1.0
1769,train,0,1,1,-1980.0,-2801.7486031673325,-0.5333333333333334,-31.590779441301933,67.28260562735093,0.2,0.2666666666666666,0.0,0.5,1.426228863832308,1.0012113521494364
1769,train,2,0,0,0.0,-35.76454155285137,1.0666666666666667,-72.6575711271212,229.62883403450826,0.0,-0.1333333333333333,0.0,0.5,1.426228863832308,1.0012113521494364
1770,train,1,0,0,900.0,539.175230610741,0.3333333333333333,0.0,0.0,0.0,0.0,0.0,0.5,1.7547940818355812,0.5623880917385907
1770,train,2,0,0,840.0,-117.74954466975396,0.0,0.0,0.0,-1.3333333333333333,0.0,0.0,0.5,1.7547940818355812,0.5623880917385907
1771,validation,0,1,0,-60.0,-540.4672314812424,0.0,0.0,266.91642838442294,0.0,-0.16666666666666652,317.8481097593379,0.5,0.6313779971306859,0.9185765078713912
1771,validation,2,1,0,120.0,-326.43353324228974,0.0,0.0,305.0708849500192,0.0,-0.6666666666666665,157.17230472506492,0.5,0.6313779971306859,0.9185765078713912
1772,test,0,1,0,60.0,-649.6827310015042,0.0,0.0,0.0,0.0,0.0,0.0,0.5,0.8755686428890982,1.0228372087720652
1772,test,2,1,0,-480.0,-372.8399843144671,0.0,0.0,0.0,0.0,2.0,0.0,0.5,0.8755686428890982,1.0228372087720652
1773,train,0,1,0,180.0,989.634082055929,0.0,0.0,0.0,0.0,0.0,0.0,0.5,1.0,1.0
1773,train,1,2,1,-60.0,-444.2847917053955,0.0,0.0,0.0,0.0,0.0,0.0,0.5,1.0,1.0
1774,test,1,0,0,540.0,310.89544041880436,-0.2,0.0,0.0,0.4,-0.3,96.7730141391623,0.5,1.4969255760436182,0.5225361645465405
1774,test,0,2,1,-420.0,-355.65008160897287,-0.2,0.0,0.0,-0.4,-0.20000000000000007,-66.70939676194794,0.5,1.4969255760436182,0.5225361645465405
1775,train,0,1,1,-60.0,-1206.2437782197549,0.19047619047619047,-142.47324418167636,-105.448459639028,0.0,0.2857142857142857,-23.394147645486235,0.5,1.0,1.0
1775,train,2,0,0,-180.0,356.06321954362875,0.19047619047619047,187.9035941548844,-97.43139450642482,0.0,-0.7142857142857142,4.582717636997599,0.5,1.0,1.0
1776,test,0,1,0,120.0,998.9824569193429,0.0,130.63529330617996,0.0,0.0,0.0,0.0,0.5,1.0,1.0
1776,test,1,2,1,-240.0,-439.44127330951324,0.0,-10.72135570343039,0.0,-0.3333333333333333,0.0,0.0,0.5,1.0,1.0
1777,train,0,2,0,180.0,603.4786246529511,0.0,0.0,0.0,0.5,1.0,23.216413674777712,0.5,1.433559767535313,0.627749597310755
1777,train,1,2,0,240.0,656.2498842418913,0.0,0.0,0.0,0.5,-0.33333333333333337,48.797799923847435,0.5,1.433559767535313,0.627749597310755
1778,test,1,0,1,360.0,2477.174676461321,0.33333333333333326,585.9713220201709,0.0,0.0,0.0,-262.0799689739725,0.5,1.0743800249665008,1.2121786678951343
1778,test,2,1,0,420.0,379.1799078872391,-0.6666666666666666,-220.13740752357756,0.0,0.0,0.0,172.7861688653615,0.5,1.0743800249665008,1.2121786678951343
1779,validation,1,0,1,600.0,-780.5025048972975,0.0,211.39195615356863,-467.02258551936126,-0.4,-0.26666666666666666,0.0,0.5,0.6845560092153176,1.4962170314837537
1779,validation,2,1,0,-360.0,1651.9154692380598,-0.3333333333333333,-75.07916186459366,249.755951606766,0.4,0.4666666666666666,0.0,0.5,0.6845560092153176,1.4962170314837537
1780,train,0,1,1,-480.0,-947.3880950553144,-1.3333333333333333,0.0,0.0,0.3333333333333333,-1.0,0.0,0.5,1.03193584348031,1.124590229036458
1780,train,0,2,1,-60.0,-348.35795460415966,0.0,0.0,0.0,0.3333333333333333,-1.0,0.0,0.5,1.03193584348031,1.124590229036458
1781,validation,2,0,1,120.0,-803.1946133267943,0.0,0.0,0.0,0.0,0.0,0.0,0.5,1.5384482820953613,0.7404933994713616
1781,validation,1,2,0,-120.0,1079.7999166257855,0.0,0.0,0.0,0.3333333333333333,0.0,0.0,0.5,1.5384482820953613,0.7404933994713616
1782,validation,0,2,0,900.0,889.7542811456433,0.0,0.0,0.0,0.0,0.0,0.0,0.5,1.0,1.0
1782,validation,2,1,1,-420.0,-2780.9306809308628,0.0,0.0,0.0,0.0,0.0,0.0,0.5,1.0,1.0
1783,test,1,0,0,180.0,53.17070876568869,0.0,-251.1032697066289,-78.1375009219708,0.0,2.6999999999999997,-66.4579057909041,0.5,1.0,1.0
1783,test,0,2,1,-60.0,495.60861594631933,0.0,430.9575192859486,-43.234656690673404,0.0,-1.1999999999999997,-123.20837591010792,0.5,1.0,1.0
1784,test,0,1,1,-60.0,-73.47310600788569,0.047619047619047616,-239.9617377796332,-111.63490420021644,0.0,-0.7142857142857142,19.34966614214327,0.5,1.0,1.0
1784,test,2,0,0,-60.0,-325.42984746070215,-0.047619047619047616,-61.95716134571303,113.44724154896626,0.19047619047619047,-0.4761904761904761,-12.09468317687763,0.5,1.0,1.0
1785,train,0,2,0,120.0,712.4928243225722,0.4,0.0,80.69353968407539,0.0,-0.3999999999999999,-28.86717028343628,0.5,0.6480856212413574,1.405391754039175
1785,train,1,2,0,120.0,962.8558456981077,0.4,0.0,108.51198796239926,0.0,0.20000000000000018,-6.093105784763914,0.5,0.6480856212413574,1.405391754039175
1786,train,1,0,1,0.0,763.4431537676778,0.0,402.14545199968256,-16.104132010174652,0.0,0.0,52.86440161664783,0.5,1.0,1.0
1786,train,2,1,0,0.0,-728.6625960790789,0.47619047619047616,-494.8245676217897,78.05155493401443,0.0,0.2857142857142857,-15.438848058864814,0.5,1.0,1.0
1787,train,0,1,1,300.0,-1219.7833115569933,-0.13333333333333336,191.94845989830128,-19.72131626215374,0.0,-0.8,-99.41259826292853,0.5,1.252200847800221,1.5979653032505927
1787,train,0,2,1,180.0,-874.903647180025,0.26666666666666666,320.55944271686946,-124.08829661308624,0.0,-3.2,74.998041462971,0.5,1.252200847800221,1.5979653032505927
1788,train,1,0,0,1020.0,1882.1520745352054,0.20000000000000007,0.0,229.6149801906824,-0.2,0.0,-184.89762096864058,0.5,1.418609757659002,1.7257383651361389
1788,train,0,2,1,-1320.0,-1118.5629139220591,0.0,0.0,70.5836969832987,0.30000000000000004,0.0,78.82385869766551,0.5,1.418609757659002,1.7257383651361389
1789,train,0,1,0,180.0,207.49587632237308,0.0,0.0,303.2043169952904,0.0,0.0,0.0,0.5,1.8155085551971943,0.5484376054968007
1789,train,1,2,1,-420.0,-569.459040074742,0.0,0.0,-833.1510184819451,0.0,0.0,0.0,0.5,1.8155085551971943,0.5484376054968007
1790,train,0,2,0,120.0,2176.5474127931607,0.0,179.5041601128212,-108.35129596888977,0.19047619047619047,0.0,34.859807203477914,0.5,0.9070973010289393,0.9889268049638331
1790,train,1,2,0,60.0,1039.740819221835,-0.23809523809523808,285.82373961123324,-29.469714169272237,0.09523809523809523,0.23809523809523808,-50.50349844612022,0.5,0.9070973010289393,0.9889268049638331
1791,test,0,1,1,120.0,0.0,0.0,0.0,0.0,0.0,0.0,-175.43259451858071,0.5,0.5751562821845279,1.1718204355335065
1791,test,2,0,0,120.0,264.5601986388592,0.0,0.0,0.0,0.0,0.0,231.71072738373397,0.5,0.5751562821845279,1.1718204355335065
1792,train,1,0,1,-240.0,-183.3465806763552,0.5714285714285714,190.3250903877414,140.2376174326152,-0.38095238095238093,-1.0,-2.531607509625294,0.5,0.8605353191956068,0.7562675391576084
1792,train,2,1,0,300.0,44.08712160823143,0.0,-50.40630860590221,212.996774121487,0.19047619047619047,0.0,23.616292208757486,0.5,0.8605353191956068,0.7562675391576084
1793,train,1,0,0,120.0,264.98612069381034,0.0,214.94545643164952,0.0,0.0,-0.30000000000000004,0.0,0.5,1.0,1.0
1793,train,2,0,0,300.0,1214.6262559087863,-0.1,1158.3688143312052,0.0,0.4000000000000001,2.4,0.0,0.5,1.0,1.0
1794,train,1,0,1,180.0,389.83327652294247,0.0,-168.6210573698869,4.776068310881094,0.0,0.19047619047619047,1.9120233605719523,0.5,0.8143729065509505,1.0564355179550884
1794,train,1,2,1,60.0,584.5780970421079,0.14285714285714285,-179.60834477200302,-38.0884646481942,0.0,0.09523809523809523,-5.425368340195161,0.5,0.8143729065509505,1.0564355179550884
1795,train,2,0,1,-180.0,931.8807198684044,0.0,0.0,-98.01590985852938,0.3,0.0,-81.47289423092714,0.5,0.7739048371685786,1.05243973507445
1795,train,1,2,0,-240.0,-617.7981725362151,-0.1,0.0,34.732760716254504,0.0,0.0,98.41795283012726,0.5,0.7739048371685786,1.05243973507445
1796,train,0,1,0,0.0,-353.94466986596444,0.0,0.0,0.0,0.0,1.0,0.0,0.5,1.5193012357808626,1.390330001870708
1796,train,1,2,1,-60.0,160.93784174588382,0.0,0.0,0.0,0.0,-2.0,0.0,0.5,1.5193012357808626,1.390330001870708
1797,train,1,0,1,360.0,965.1811299642895,0.0,0.0,-174.92077854473806,-0.6666666666666667,0.0,0.0,0.5,1.301919945882793,1.1119010451296814
1797,train,1,2,1,-540.0,-2265.764041378292,-1.0,0.0,-36.30779913086303,-0.6666666666666667,0.0,0.0,0.5,1.301919945882793,1.1119010451296814
1798,train,0,1,1,-540.0,-775.8156902291703,0.0,0.0,0.0,0.6666666666666666,0.0,-632.0323963979353,0.5,0.7920384643817605,0.5781186607877694
1798,train,2,0,0,-240.0,-2228.6004569585893,0.0,0.0,0.0,-0.6666666666666666,0.0,428.48735643024764,0.5,0.7920384643817605,0.5781186607877694
1799,train,0,1,0,240.0,969.1136707828814,0.0,0.0,117.81524810786956,0.0,0.0,111.51507927819155,0.5,0.6182947303281272,0.6198409968425923
1799,train,1,2,1,-60.0,-570.6135406783987,0.0,0.0,-146.79401407483007,0.0,0.0,0.0,0.5,0.6182947303281272,0.6198409968425923
1800,train,0,1,0,300.0,1684.3884920386622,0.0,864.9200381562904,234.74988622629917,0.0,-0.4,-8.30480216536614,0.5,1.0,1.0
1800,train,1,2,1,-240.0,-743.075962312585,0.0,-161.75856598638282,-59.42624785279949,0.0,0.6000000000000001,25.66141908483399,0.5,1.0,1.0
1801,train,1,0,1,0.0,289.7203799634435,0.0,58.8667338806589,0.0,0.0,0.3333333333333335,0.0,0.5,1.0,1.0
1801,train,2,1,0,-60.0,156.2365883202301,0.0,1388.9695052738443,0.0,0.0,-1.0,0.0,0.5,1.0,1.0
1802,train,0,1,1,420.0,1057.3498529909339,0.0,-1170.9686694128166,0.0,0.0,0.33333333333333326,0.0,0.5,1.0,1.0
1802,train,0,2,1,360.0,863.6143769940954,0.0,-892.1085037027722,0.0,0.0,0.0,0.0,0.5,1.0,1.0
1803,train,0,1,0,60.0,-18.54652542105896,-0.16666666666666666,0.0,-11.570930667589018,0.0,1.6666666666666667,0.0,0.5,1.9317143771149232,1.2312314423981077
1803,train,1,2,1,-60.0,-526.1111746136112,0.0,0.0,-94.63324414223342,0.0,-0.3333333333333333,0.0,0.5,1.9317143771149232,1.2312314423981077
1804,train,1,0,1,-120.0,-1812.5163261934022,-0.30000000000000004,25.621439268416538,-73.40901413295447,0.0,0.0,-267.85456025554765,0.5,1.159492542992936,1.4946152103697694
1804,train,2,1,0,120.0,-650.8169961411895,0.1,551.6146244876135,2.0807253170113285,0.0,0.0,143.79826932201686,0.5,1.159492542992936,1.4946152103697694
1805,train,0,1,0,300.0,382.7967965439966,0.42857142857142855,-130.16939048721915,78.77153287946648,0.23809523809523808,-0.2857142857142857,141.04575904467995,0.5,1.5945151406507159,0.9857697726882513
1805,train,2,1,0,360.0,-600.1901711181554,-0.14285714285714285,-141.76041097878533,63.66956055705204,0.23809523809523808,-0.2857142857142857,203.05310655939167,0.5,1.5945151406507159,0.9857697726882513
1806,train,0,1,1,-240.0,-297.0206639885432,-0.09523809523809523,11.620074635308196,33.69161180649522,0.0,-0.7142857142857143,-22.67369626460483,0.5,0.7548486555367697,1.9976844753397114
1806,train,2,0,0,-60.0,-7.0137989875693165,0.0,-18.705861182890335,-64.74825116288844,0.0,0.47619047619047616,-15.286158871964437,0.5,0.7548486555367697,1.9976844753397114
1807,train,1,0,1,-180.0,-226.6341906174348,0.0,0.0,0.0,0.0,0.0,0.0,0.5,1.9560815955216917,0.884286925658566
1807,train,2,1,0,120.0,225.7958788424653,0.0,0.0,0.0,1.0,0.0,0.0,0.5,1.9560815955216917,0.884286925658566
1808,test,1,0,1,0.0,-5.922528323719689,0.0,0.0,-1.005953752606871,0.3333333333333333,0.0,0.0,0.5,0.6426130689872,0.5187901936917899
1808,test,2,1,0,60.0,356.80776600977197,0.0,0.0,189.4141013563701,-0.3333333333333333,0.0,0.0,0.5,0.6426130689872,0.5187901936917899
1809,train,0,1,1,0.0,-1097.4197093747666,0.0,0.0,0.0,-1.3333333333333333,0.0,0.0,0.5,1.630228504215185,1.8295268883312796
1809,train,0,2,1,-120.0,-1001.3991023631775,0.0,0.0,0.0,-1.3333333333333333,-0.33333333333333326,0.0,0.5,1.630228504215185,1.8295268883312796
1810,test,0,2,0,-420.0,-1507.9906684987618,0.0,0.0,301.5954948717404,0.0,0.0,0.0,0.5,0.8141145054437937,1.6551760074484483
1810,test,1,2,0,-240.0,-71.47490767399177,0.0,0.0,1852.702485431566,0.0,0.0,0.0,0.5,0.8141145054437937,1.6551760074484483
1811,train,0,1,0,180.0,744.7605411113714,0.0,1867.5783505488946,0.0,0.0,0.0,0.0,0.5,1.0,1.0
1811,train,2,1,0,180.0,190.4663492677323,0.0,400.25569262612885,0.0,0.0,0.0,0.0,0.5,1.0,1.0
1812,validation,0,1,0,120.0,1086.9912758538135,-0.6666666666666666,0.0,-4.071543493099364,0.0,0.5333333333333334,35.80762188150836,0.5,1.1463172049058383,0.548014144769611
1812,validation,2,1,0,540.0,1382.3700899860023,0.0,0.0,-3.6512467315178725,0.26666666666666666,0.2666666666666666,0.0,0.5,1.1463172049058383,0.548014144769611
1813,train,0,1,1,-540.0,-908.664697932847,-5.0,0.0,0.0,0.0,0.0,0.0,0.5,0.7112911771503083,0.5372409823247738
1813,train,0,2,1,-240.0,754.9241446478336,-2.0,0.0,0.0,0.0,0.0,0.0,0.5,0.7112911771503083,0.5372409823247738
1814,train,0,1,1,-300.0,-450.5746742603742,0.0,164.79292646685684,0.0,0.0,0.0,-218.46259659487524,0.5,1.0,1.0
1814,train,2,0,0,360.0,1552.025708623717,0.0,-16.258701894087608,0.0,0.0,0.0,67.09846971355137,0.5,1.0,1.0
1815,test,1,0,1,-60.0,17.26678546958601,0.0,0.0,-56.6650582959358,-0.1,0.0,-117.725824389192,0.5,1.7340008706989802,1.6440025872266883
1815,test,2,1,0,420.0,1394.4245431894365,0.0,0.0,24.14049346277944,0.1,0.7999999999999998,17.52969966738451,0.5,1.7340008706989802,1.6440025872266883
1816,test,1,0,1,-60.0,-102.25743821807828,0.0,0.0,0.0,0.0,0.0,0.0,0.5,1.364924678532174,0.8012594919432883
1816,test,2,1,0,480.0,1104.4922640618543,0.0,0.0,0.0,0.0,3.0,0.0,0.5,1.364924678532174,0.8012594919432883
1817,train,2,0,1,120.0,-441.96851534257985,-0.8571428571428571,-89.1868253406843,-139.776928214264,-0.047619047619047616,-0.47619047619047616,86.33553750831068,0.5,0.9179108506193628,0.5110995607732599
1817,train,2,1,1,180.0,-42.663677854417074,-0.2857142857142857,-60.88534439189982,-35.868773137332596,-0.09523809523809523,-2.3809523809523805,65.32055133939777,0.5,0.9179108506193628,0.5110995607732599
1818,train,1,0,1,0.0,-216.74229324228963,-0.6666666666666666,0.0,0.0,0.0,0.0,-16.597867188691794,0.5,0.6763824032564197,1.491168729671641
1818,train,2,1,0,240.0,264.0127789085918,0.6666666666666666,0.0,0.0,0.0,0.0,156.20198852809943,0.5,0.6763824032564197,1.491168729671641
1819,train,0,2,0,120.0,-77.26158744899476,0.8,-180.1002955289024,-5.687592005157327,-0.3333333333333333,-0.26666666666666666,0.0,0.5,1.899793665287425,0.6798606663557416
1819,train,1,2,0,300.0,1320.2386634524983,0.26666666666666666,-63.617368435051844,11.337774227199795,0.0,0.7999999999999999,0.0,0.5,1.899793665287425,0.6798606663557416
1820,train,1,0,1,-120.0,-937.6833404407362,-0.16666666666666666,-198.74015726165266,-156.53264973594924,0.0,0.0,0.0,0.5,1.0,1.0
1820,train,1,2,1,-180.0,-715.828067691566,-0.16666666666666666,-94.57359913723059,-31.406520664537112,0.0,0.0,0.0,0.5,1.0,1.0
1821,train,1,0,1,0.0,2127.235082768193,0.0,-691.1406403743872,0.0,0.0,0.0,0.0,0.5,1.0,1.0
1821,train,1,2,1,540.0,4874.013290096348,0.0,-1480.8079007704769,0.0,0.0,0.0,0.0,0.5,1.0,1.0
1822,test,0,2,0,540.0,1643.992628363364,0.7142857142857142,53.3718481268301,-12.29400911765255,0.14285714285714285,0.0,-77.03701101095876,0.5,0.7679284547309707,1.2092655087215285
1822,test,1,2,0,300.0,1172.980650589834,0.9523809523809523,251.34593207575966,-40.49680459523374,0.42857142857142855,0.14285714285714285,-41.50753839883379,0.5,0.7679284547309707,1.2092655087215285
1823,test,0,1,1,-60.0,-526.0699300707372,-0.6,0.0,-40.50579740121586,0.0,-1.6,-45.3875659374749,0.5,0.5980344071224134,0.675644789607697
1823,test,0,2,1,-120.0,-791.0811894078513,0.0,0.0,-71.99617145460874,0.0,-0.4,-2.780720839470127,0.5,0.5980344071224134,0.675644789607697
1824,train,1,0,0,720.0,630.0669495469701,0.0,-338.7315969947265,0.0,0.0,0.0,0.0,0.5,1.1408350465442672,1.4102195662601738
1824,train,2,0,0,0.0,158.7687934671676,0.0,-697.8727448750424,0.0,0.0,1.3333333333333335,0.0,0.5,1.1408350465442672,1.4102195662601738
1825,validation,0,1,1,-120.0,-574.2673344578575,0.0,283.6711323815914,0.0,0.0,-0.6000000000000001,-61.16989190577272,0.5,1.0,1.0
1825,validation,2,0,0,180.0,-511.88529201941355,0.0,-310.7806903444143,0.0,0.0,-0.20000000000000007,-0.6780452195933684,0.5,1.0,1.0
1826,test,0,1,1,0.0,409.84352226365945,0.0,0.0,0.0,0.0,0.0,0.0,0.5,1.0,1.0
1826,test,2,0,0,60.0,427.32138854807636,0.0,0.0,0.0,0.0,0.0,0.0,0.5,1.0,1.0
1827,train,2,0,1,-180.0,-557.3861688408597,-0.14285714285714285,-114.1013997738593,-33.565571490978186,0.0,-0.4285714285714285,-15.158581715788337,0.5,1.2635134350666195,0.5798305846463204
1827,train,1,2,0,120.0,257.43879430845845,0.0,132.2582295820961,-189.00309260842326,0.19047619047619047,0.0,-33.35630638356354,0.5,1.2635134350666195,0.5798305846463204
1828,train,0,1,1,-60.0,-767.8568365527344,-0.16666666666666669,325.0233826869786,0.0,-0.6666666666666666,0.0,0.0,0.5,1.0,1.0
1828,train,2,0,0,120.0,1389.3433327694547,-0.3333333333333333,407.33731245083845,0.0,0.0,0.0,0.0,0.5,1.0,1.0
1829,validation,0,2,0,60.0,275.8506929655018,0.0,0.0,27.54333067959618,0.0,-0.5,134.04220772859003,0.5,0.5195779074466883,1.4458554298719375
1829,validation,1,2,0,240.0,1367.6035645324632,0.0,0.0,270.2585213775608,0.0,0.0,100.18153366724528,0.5,0.5195779074466883,1.4458554298719375
1830,train,1,0,1,-360.0,-1015.4284194016927,0.0,-59.04071916101361,-20.378029432225333,-0.13333333333333333,-1.0666666666666667,0.0,0.5,0.5355117985308443,1.5459743050661794
1830,train,2,1,0,180.0,1230.4734127875709,0.6666666666666666,472.97736800991913,82.60973022123267,0.0,1.0666666666666667,0.0,0.5,0.5355117985308443,1.5459743050661794
1831,validation,1,0,1,-60.0,-275.4416113833213,0.0,0.0,0.0,0.0,0.0,0.0,0.5,1.0,1.0
1831,validation,1,2,1,-120.0,473.55906550307236,0.0,0.0,0.0,0.0,0.0,0.0,0.5,1.0,1.0
1832,validation,0,1,1,120.0,779.1906720541606,0.0,0.0,0.0,0.0,0.20000000000000004,-54.20882837206983,0.5,1.5348306045664175,1.5249626757425856
1832,validation,0,2,1,-60.0,100.88540798282747,0.0,0.0,0.0,0.0,-0.09999999999999998,-105.1722094676517,0.5,1.5348306045664175,1.5249626757425856
1833,validation,1,0,0,300.0,914.3496463284628,0.0,0.0,0.0,0.0,1.0,36.45364706413331,0.5,0.5361010297602082,0.7433862389833515
1833,validation,2,0,0,240.0,1687.4414642512502,1.2000000000000002,0.0,0.0,0.0,-0.3999999999999999,36.53031420654565,0.5,0.5361010297602082,0.7433862389833515
1834,validation,1,0,1,-180.0,-1173.3155069016893,0.0,0.0,-138.65326222522688,0.0,0.0,0.0,0.5,0.900892656372093,1.1047253561734225
1834,validation,1,2,1,-120.0,-486.53525017883294,0.0,0.0,-189.79671813006664,0.0,0.0,0.0,0.5,0.900892656372093,1.1047253561734225
1835,train,2,0,1,60.0,-667.0436785320317,0.0,0.0,0.0,0.0,0.0,0.0,0.5,1.0,1.0
1835,train,2,1,1,-120.0,-468.16650565118744,0.0,0.0,0.0,0.0,0.0,0.0,0.5,1.0,1.0
1836,test,1,0,1,-180.0,-283.40669144537424,0.0,0.0,0.0,0.0,0.0,-88.3976354885784,0.5,0.5695059852047568,0.9705956301558971
1836,test,2,1,0,-240.0,-132.34472647249004,0.0,0.0,0.0,0.0,0.0,163.08617823220973,0.5,0.5695059852047568,0.9705956301558971
1837,test,0,2,0,300.0,2031.4264683874462,0.0,-112.0745273212832,-102.18501619817056,0.0,0.0,303.618138805204,0.5,0.6559502414270496,0.894004138737575
1837,test,2,1,1,240.0,-140.19217226170804,0.0,429.523709166425,-18.593135048821352,0.0,0.0,-206.0399251869284,0.5,0.6559502414270496,0.894004138737575
1838,validation,0,1,0,540.0,818.9515166603978,0.0,0.0,0.0,0.0,0.0,0.0,0.5,1.9745476302572762,0.5155261333543877
1838,validation,1,2,1,-180.0,-48.10409628934303,0.0,0.0,0.0,0.0,0.0,0.0,0.5,1.9745476302572762,0.5155261333543877
1839,train,0,1,0,420.0,72.79635190617682,-0.2,245.58307134176425,0.0,-0.26666666666666666,1.3333333333333333,79.8689966364359,0.5,1.476370618160537,0.8414296246706354
1839,train,1,2,1,0.0,-997.8312471849895,-0.1333333333333333,-533.1482866342094,0.0,0.26666666666666666,-3.333333333333333,-3.754748731166602,0.5,1.476370618160537,0.8414296246706354
1840,train,0,1,0,180.0,1215.1317272548777,0.13333333333333336,0.0,-7.7496030249547125,0.26666666666666666,1.0,-80.31085380986967,0.5,1.0349293542536646,1.4841025604302107
1840,train,2,1,0,60.0,1096.0286622588283,0.06666666666666667,0.0,75.89633350156646,0.8,0.8,-42.00308169523692,0.5,1.0349293542536646,1.4841025604302107
1841,validation,0,2,0,120.0,369.50503424912495,0.6000000000000001,0.0,149.99754321646242,0.0,0.0,36.30171846233608,0.5,1.5015068237717386,0.6270419133119608
1841,validation,1,2,0,60.0,1282.1920521434104,0.2,0.0,119.97707443464213,0.0,0.0,43.05065438210994,0.5,1.5015068237717386,0.6270419133119608
1842,test,0,1,0,-360.0,-407.45269964014915,0.0,0.0,0.0,0.0,0.0,330.50687231823457,0.5,0.7240658835779076,0.7291380185768704
1842,test,2,1,0,-540.0,-503.98827789663665,0.0,0.0,0.0,0.0,0.0,251.89752358655667,0.5,0.7240658835779076,0.7291380185768704
1843,train,1,0,0,-300.0,700.8141364121939,0.0,537.4518229758169,0.0,0.26666666666666666,0.0,-64.8311571004302,0.5,1.0511113713115898,0.6209270125198457
1843,train,0,2,1,180.0,298.19856805585823,-0.4,85.38946168064689,0.0,-0.06666666666666667,-2.0,-98.81466450331364,0.5,1.0511113713115898,0.6209270125198457
1844,train,1,0,0,360.0,281.80384101542586,0.0,0.0,20.25925390697185,-0.5,0.0,0.0,0.5,0.6346973077483749,0.7372248869756856
1844,train,0,2,1,-480.0,-409.4241661740434,0.0,0.0,-192.15276717678313,0.0,0.0,0.0,0.5,0.6346973077483749,0.7372248869756856
1845,train,1,0,0,180.0,527.2061878156132,0.0,-79.11247749611726,294.85590916661715,0.26666666666666666,-0.06666666666666668,7.814870743112891,0.5,1.0196014430265097,0.9179947875680798
1845,train,0,2,1,0.0,-0.19550830032858357,0.0,101.21078515340093,-111.7594727837311,-0.26666666666666666,-0.06666666666666665,15.391666417701913,0.5,1.0196014430265097,0.9179947875680798
1846,train,2,0,1,60.0,160.8909562175013,0.5714285714285714,-194.2389199408878,-16.448403356037485,-0.09523809523809523,0.0,30.586629200506252,0.5,0.9808166315832216,1.501659918327855
1846,train,2,1,1,0.0,623.1033364342898,0.2857142857142857,-54.28328567015417,-11.475248352191482,0.0,0.19047619047619047,-4.27324725589758,0.5,0.9808166315832216,1.501659918327855
1847,test,0,1,1,-120.0,-1218.574836945102,-2.0,0.0,0.0,0.0,0.0,0.0,0.5,1.0426357215024755,0.5954226629160205
1847,test,2,0,0,600.0,1278.8972489010002,1.0,0.0,0.0,0.0,0.0,0.0,0.5,1.0426357215024755,0.5954226629160205
1848,train,0,2,0,0.0,-241.97373395862178,0.0,-93.09337294374401,10.253986065394571,-0.047619047619047616,0.0,-13.022239556677302,0.5,1.5891260251386174,0.7793430003175148
1848,train,2,1,1,60.0,514.6706965713256,0.0,173.8212762998341,-170.71467438446524,0.0,-0.38095238095238093,0.4167598765738276,0.5,1.5891260251386174,0.7793430003175148
1849,train,0,2,0,300.0,896.8374029767674,0.0,0.0,0.0,0.0,0.0,0.0,0.5,1.0,1.0
1849,train,1,2,0,600.0,-307.97211458183483,0.0,0.0,0.0,0.0,0.0,0.0,0.5,1.0,1.0
1850,train,1,0,0,-540.0,-730.763846311047,0.0,2192.7187860920817,0.0,0.0,0.0,-32.53571694060577,0.5,1.0,1.0
1850,train,0,2,1,-540.0,-1805.2960454193144,0.0,-3329.889745333983,0.0,0.0,0.0,59.2506987256869,0.5,1.0,1.0
1851,train,0,1,1,0.0,-277.3310789195175,-0.2857142857142857,-16.79627676553173,8.77443567347946,-0.38095238095238093,0.2857142857142857,-12.077594939933071,0.5,1.034829865265339,0.582986103160062
1851,train,2,0,0,180.0,30.00714411288527,0.42857142857142855,5.765323218534853,-23.595286541761286,0.0,0.2857142857142857,-58.1779927613053,0.5,1.034829865265339,0.582986103160062
1852,train,1,0,0,180.0,175.75211173084608,0.0,0.0,0.0,0.0,0.0,0.0,0.5,1.0,1.0
1852,train,0,2,1,-60.0,-162.90956957293156,0.0,0.0,0.0,0.0,0.0,0.0,0.5,1.0,1.0
1853,train,1,0,1,-360.0,-68.64211728625241,0.0,0.0,0.0,0.0,0.0,0.0,0.5,1.0,1.0
1853,train,2,1,0,120.0,473.5730064420659,0.0,0.0,0.0,0.0,0.0,0.0,0.5,1.0,1.0
1854,test,2,0,1,-120.0,61.90041822847934,-0.2,44.48602809519977,-3.382485585411672,-0.13333333333333333,0.0,-69.03442342528058,0.5,1.0,1.0
1854,test,1,2,0,-60.0,-135.13008262233325,0.6000000000000001,255.44804587121746,-8.32145750719705,0.0,0.0,100.00236971330904,0.5,1.0,1.0
1855,train,0,2,0,0.0,213.45217204108167,0.0,-71.8921329881199,131.17900136362707,0.6666666666666666,0.2666666666666666,2.019152159823907,0.5,1.9050059254830332,0.9650216500750021
1855,train,2,1,1,-180.0,-1665.8850760660857,0.0,45.94622546487511,-84.93257982312639,-1.0,-0.5333333333333332,-12.612588027440584,0.5,1.9050059254830332,0.9650216500750021
1856,validation,0,1,0,-180.0,-863.139795632449,0.0,-96.08266644500532,47.129368011136876,0.6666666666666666,0.0,0.0,0.5,1.9308644380913114,0.5090692060349279
1856,validation,2,1,0,60.0,-833.9114054248143,0.0,-219.8202003690763,629.5458269123827,0.3333333333333333,0.0,0.0,0.5,1.9308644380913114,0.5090692060349279
1857,train,0,2,0,-120.0,-1165.016274163423,0.0,0.0,331.6698925876474,0.0,0.0,0.0,0.5,1.9307333541069078,0.8165704664867514
1857,train,2,1,1,-60.0,-729.4032543417316,0.0,0.0,-257.0717642075721,0.0,0.0,0.0,0.5,1.9307333541069078,0.8165704664867514
1858,train,1,0,1,0.0,759.5160628555368,0.0,0.0,0.0,0.0,0.0,0.0,0.5,1.0,1.0
1858,train,2,1,0,840.0,1335.4050696844506,0.0,0.0,0.0,0.0,0.0,0.0,0.5,1.0,1.0
1859,test,0,1,0,0.0,-51.72332664505825,0.0,0.0,0.0,0.0,0.0,0.0,0.5,1.0131036945167107,1.8530252895949004
1859,test,2,1,0,180.0,829.396309252757,0.0,0.0,0.0,0.6666666666666666,0.0,0.0,0.5,1.0131036945167107,1.8530252895949004
1860,test,0,1,0,360.0,-123.57566708838294,0.0,50.70708626446984,-239.2610199101559,0.0,0.0,55.35803088141447,0.5,0.6183696767375682,0.5720726007178805
1860,test,2,1,0,480.0,1237.423245488821,0.0,32.87482249016617,-97.64074997782359,0.0,0.0,121.96477159637644,0.5,0.6183696767375682,0.5720726007178805
1861,train,0,2,0,240.0,348.69575511898756,0.0,49.00849208833535,23.01683409064105,0.5333333333333333,0.0,-21.270405438465925,0.5,0.9921979814958388,0.8189310734453144
1861,train,2,1,1,-180.0,-685.1123011241907,-0.3333333333333333,-12.702406777697846,-64.84218880655766,0.0,0.0,-3.651874851619908,0.5,0.9921979814958388,0.8189310734453144
1862,train,0,1,0,0.0,569.6848011161755,0.33333333333333337,0.0,0.0,-0.5,-0.33333333333333326,0.0,0.5,1.259163154134564,1.235543883346268
1862,train,2,1,0,240.0,1460.8807053415612,0.33333333333333337,0.0,0.0,1.0,-0.33333333333333326,0.0,0.5,1.259163154134564,1.235543883346268
1863,train,0,1,1,-180.0,-579.160880363163,0.0,0.0,0.0,0.0,0.0,-185.3144080707634,0.5,1.603431282089503,0.6256471787102835
1863,train,2,0,0,120.0,841.8377654101137,0.0,0.0,0.0,0.0,0.0,169.58771302939533,0.5,1.603431282089503,0.6256471787102835
1864,train,1,0,1,-240.0,478.11753778776347,0.0,0.0,0.0,0.0,-1.0,0.0,0.5,1.550888893751102,0.7171547798240874
1864,train,1,2,1,-180.0,-267.1373376865722,0.0,0.0,0.0,0.0,0.0,0.0,0.5,1.550888893751102,0.7171547798240874
1865,test,2,0,1,0.0,-1135.1859772307298,-0.09523809523809523,-141.32704485583469,0.47853593654622273,-0.5714285714285714,0.047619047619047616,28.001696743207464,0.5,1.127891997046779,1.8848337749351467
1865,test,1,2,0,60.0,203.56781922315804,0.19047619047619047,-132.1097312677813,-86.4089517758428,0.8571428571428571,-0.09523809523809523,7.791794681865834,0.5,1.127891997046779,1.8848337749351467
1866,train,0,2,0,-600.0,1197.1970508575923,0.0,0.0,75.89817524006409,0.26666666666666666,-0.33333333333333326,53.39409408606223,0.5,1.703332442414367,0.8482467879785716
1866,train,1,2,0,-540.0,-604.5254120104564,-0.06666666666666667,0.0,-58.62869634324006,0.0,0.6666666666666667,55.37019568249,0.5,1.703332442414367,0.8482467879785716
1867,train,0,1,1,180.0,761.0344061730193,-0.13333333333333333,0.0,7.89332941442602,-0.6666666666666666,-0.2666666666666666,43.72361105885379,0.5,1.0273901235374676,1.2822964362579974
1867,train,0,2,1,-60.0,-411.2017815311292,0.0,0.0,31.444121841185,-1.0,-0.5333333333333332,2.7723758928756013,0.5,1.0273901235374676,1.2822964362579974
1868,train,0,1,1,-60.0,-1120.1093064633378,0.0,0.0,0.0,0.0,0.0,0.0,0.5,1.0,1.0
1868,train,2,0,0,180.0,934.1658648794883,0.0,0.0,0.0,0.0,0.0,0.0,0.5,1.0,1.0
1869,train,1,0,1,120.0,317.36833607452445,0.0,-368.90666268399775,-58.48696522432438,-0.3,0.0,0.0,0.5,1.0,1.0
1869,train,2,1,0,120.0,168.83586233534425,0.0,997.5970176205722,6.934141249824371,-0.3,0.0,0.0,0.5,1.0,1.0
1870,train,0,1,1,-360.0,-71.950773058511,0.0,0.0,0.0,0.0,-2.0,0.0,0.5,1.824288565905492,0.7788558407628526
1870,train,2,0,0,720.0,1000.2911533233728,0.0,0.0,0.0,0.0,3.0,0.0,0.5,1.824288565905492,0.7788558407628526
1871,train,1,0,0,-60.0,-69.34480493775618,0.0,45.15778512503442,34.24146235421355,0.0,0.5999999999999999,20.53104879168378,0.5,1.0,1.0
1871,train,0,2,1,60.0,-204.92729933387773,0.0,-191.45545553142802,4.254732581122809,0.0,-0.5999999999999999,-2.8525151614632733,0.5,1.0,1.0
1872,train,0,1,0,-180.0,755.8248153912818,0.0,0.0,-55.892657707135925,0.0,0.2666666666666666,-76.08606979705036,0.5,1.8911023721078426,1.914579192136896
1872,train,1,2,1,120.0,-1381.8092397175842,-0.26666666666666666,0.0,-36.619099211049985,-0.13333333333333333,-0.6666666666666666,11.434708097106366,0.5,1.8911023721078426,1.914579192136896
1873,validation,0,2,0,300.0,-39.158097642636676,-0.5333333333333334,0.0,-28.3873093836808,0.0,-0.19999999999999996,24.480616888075964,0.5,1.5207910528372848,1.9044478375151073
1873,validation,1,2,0,-120.0,-752.4301044462663,-0.5333333333333334,0.0,-54.93831250731186,1.3333333333333333,-0.6000000000000001,-7.454802276398241,0.5,1.5207910528372848,1.9044478375151073
1874,train,0,1,1,-60.0,-1429.290218619315,0.0,0.0,0.0,-0.6666666666666666,0.0,-79.19131111246907,0.5,1.5279009620570325,0.5861439078244058
1874,train,0,2,1,0.0,-1209.257634610135,0.0,0.0,0.0,-0.3333333333333333,0.0,45.34001443573672,0.5,1.5279009620570325,0.5861439078244058
1875,train,1,0,0,120.0,185.27337572150236,0.14285714285714285,-55.702947642022025,-22.192796393255932,0.047619047619047616,0.0,-28.13797306075148,0.5,0.7250555770059914,1.9425773237569282
1875,train,2,0,0,120.0,-1180.3667654386836,0.14285714285714285,34.69179471571459,-71.12780100323498,0.0,0.23809523809523803,-1.4054229491003625,0.5,0.7250555770059914,1.9425773237569282
1876,train,0,2,0,180.0,681.8821975151081,0.0,502.430558044185,-1.6587218379663113,0.0,0.0,0.0,0.5,1.0,1.0
1876,train,1,2,0,240.0,1135.2854348935325,0.0,185.43700311862312,195.54933167209074,0.0,0.0,0.0,0.5,1.0,1.0
1877,test,0,1,0,-180.0,-630.7907798769984,0.20000000000000007,0.0,239.936529225008,-0.13333333333333333,0.2,0.0,0.5,1.0706164883097204,0.9014965604467268
1877,test,1,2,1,60.0,87.07242776500425,-0.20000000000000007,0.0,-377.5851904996525,-0.26666666666666666,-0.39999999999999997,-148.5682844793003,0.5,1.0706164883097204,0.9014965604467268
1878,test,2,0,1,0.0,211.20367964630623,0.0,-107.39609493733792,50.95521255693956,0.0,0.0,-112.64478250678955,0.5,0.7011748619172192,1.3252676405639783
1878,test,2,1,1,-60.0,-653.2681862483978,0.0,17.731706424351685,-59.26069514375063,0.0,0.0,-68.78603557407041,0.5,0.7011748619172192,1.3252676405639783
1879,train,1,0,1,-60.0,22.167048890340993,0.0,-34.63419359800639,-180.05672599350055,-1.2000000000000002,0.0,16.85259091807325,0.5,0.7827288454626561,0.7730454599572015
1879,train,1,2,1,-120.0,641.7953747994416,0.0,210.998733385043,22.20474374029901,-0.4,0.0,-22.035006958347243,0.5,0.7827288454626561,0.7730454599572015
1880,validation,0,1,0,240.0,1125.7088130613515,-0.6666666666666666,0.0,0.0,0.0,0.0,194.32932523051488,0.5,0.740123269546189,0.7895257455480024
1880,validation,2,1,0,60.0,602.2842349712964,0.0,0.0,0.0,0.0,0.0,97.78453937223011,0.5,0.740123269546189,0.7895257455480024
1881,validation,0,1,0,-540.0,-537.8356223052156,0.3333333333333333,-82.67947303649066,0.0,0.0,0.0,19.545214484048586,0.5,1.3620996341305134,0.5073322202334061
1881,validation,1,2,1,420.0,221.92007014746514,-0.3333333333333333,87.78268675583246,0.0,0.0,0.0,-69.02528167809282,0.5,1.3620996341305134,0.5073322202334061
1882,train,1,0,1,-240.0,-369.959095455205,0.0,0.0,0.0,-2.0,0.0,0.0,0.5,1.2312001967216744,0.5164895244532767
1882,train,1,2,1,240.0,310.5235026538876,0.0,0.0,0.0,-1.0,0.0,0.0,0.5,1.2312001967216744,0.5164895244532767
1883,train,2,0,1,60.0,12.74193789981473,0.0,759.4366556118849,0.0,-1.3333333333333333,0.0,0.0,0.5,1.680729062983371,0.9634829196757665
1883,train,1,2,0,0.0,94.25091260649515,0.0,-673.0639310516226,0.0,0.6666666666666666,0.0,0.0,0.5,1.680729062983371,0.9634829196757665
1884,test,0,1,0,0.0,-87.69800100014527,0.0,0.0,0.0,0.0,2.0,0.0,0.5,1.6506907426996422,1.700308933932535
1884,test,2,1,0,720.0,635.6944391344687,0.0,0.0,0.0,0.6666666666666666,2.6666666666666665,0.0,0.5,1.6506907426996422,1.700308933932535
1885,test,0,1,0,-60.0,72.60746006298814,-0.2,0.0,-195.55606101546118,0.2,0.0,57.45592575235334,0.5,1.9533936869713007,1.6314623545561235
1885,test,1,2,1,-300.0,-1142.7723069606836,0.0,0.0,-258.7599540264446,0.0,0.0,-152.7384520372363,0.5,1.9533936869713007,1.6314623545561235
1886,train,0,1,0,180.0,741.6600696289258,-0.09523809523809523,12.816389176505027,-16.49429733160793,0.2857142857142857,0.38095238095238093,-8.893084407392031,0.5,0.8562351246428208,1.26302494721143
1886,train,2,1,0,60.0,19.682201802226473,0.0,87.75488484913103,32.94371345183978,0.2857142857142857,0.38095238095238093,10.62173216673657,0.5,0.8562351246428208,1.26302494721143
1887,test,0,1,1,-240.0,740.900946408633,0.19047619047619047,-63.68632020278761,42.06797620405409,-0.23809523809523808,0.5714285714285714,24.012024549301174,0.5,1.5876778592353415,0.8773681209118226
1887,test,2,0,0,660.0,38.27344644275672,-0.19047619047619047,4.223160696870934,48.93515206414514,0.47619047619047616,-1.4285714285714284,19.295081246260438,0.5,1.5876778592353415,0.8773681209118226
1888,validation,0,2,0,120.0,410.27377868936765,0.0,0.0,0.0,0.0,0.0,0.0,0.5,1.1208420123770841,1.2660629159295667
1888,validation,2,1,1,-300.0,-514.3780455032538,0.0,0.0,0.0,0.0,-3.0,0.0,0.5,1.1208420123770841,1.2660629159295667
1889,train,0,1,1,-180.0,-1027.9978243477244,0.0,-98.44188095034184,0.0,0.0,0.0,0.0,0.5,1.922001410567277,0.770228500854774
1889,train,0,2,1,-180.0,-457.3511814395006,0.6666666666666666,-471.1862269534698,0.0,0.0,0.0,0.0,0.5,1.922001410567277,0.770228500854774
1890,train,1,0,0,60.0,106.71885978951832,0.0,0.0,0.0,0.0,0.0,0.0,0.5,1.0,1.0
1890,train,0,2,1,-60.0,112.07677430356034,0.0,0.0,0.0,0.0,0.0,0.0,0.5,1.0,1.0
1891,train,1,0,1,-540.0,-1188.8237266951546,0.0,0.0,-1303.8925093188225,0.0,0.0,0.0,0.5,0.639821791175379,0.5686663011687398
1891,train,1,2,1,-1080.0,-1127.616799765975,0.0,0.0,-556.7003364630443,0.0,0.0,0.0,0.5,0.639821791175379,0.5686663011687398
1892,train,1,0,0,-120.0,330.4693109820091,0.0,402.975544213764,0.0,0.0,0.0,-7.7931359769326045,0.5,1.0,1.0
1892,train,0,2,1,-180.0,-459.40896459879514,0.0,-416.7103666112574,0.0,0.0,0.16666666666666663,-214.4196526901632,0.5,1.0,1.0
1893,validation,2,0,1,-1800.0,-3445.3127850545943,0.0,0.0,0.0,0.0,0.0,0.0,0.5,1.0,1.0
1893,validation,2,1,1,-480.0,-123.26867234397469,0.0,0.0,0.0,0.0,0.0,0.0,0.5,1.0,1.0
1894,train,2,0,1,-120.0,121.22120081075536,0.0,0.0,-27.85050242034984,0.0,0.0,0.0,0.5,0.9582260457542545,0.7187489963033152
1894,train,1,2,0,0.0,-221.6721037664372,-0.5,0.0,10.177746181170285,0.6666666666666666,0.0,0.0,0.5,0.9582260457542545,0.7187489963033152
1895,validation,1,0,1,-60.0,-149.7098901725617,-0.3333333333333333,0.0,0.0,-0.6666666666666666,0.0,0.0,0.5,1.8578145842388019,1.8202367048007015
1895,validation,1,2,1,120.0,239.96928286502293,0.0,0.0,0.0,0.0,0.0,0.0,0.5,1.8578145842388019,1.8202367048007015
1896,validation,1,0,1,0.0,-554.0128446014073,-0.19047619047619047,16.557973428462788,-246.30499506749203,-0.047619047619047616,0.0,23.388996517119125,0.5,1.0443407198983146,0.8925132185344054
1896,validation,1,2,1,-60.0,486.3022150497436,0.0,176.4997966411994,-42.8953451853732,0.047619047619047616,-0.1428571428571428,13.602102657247151,0.5,1.0443407198983146,0.8925132185344054
1897,train,1,0,0,240.0,724.5236537727023,-0.09523809523809523,4.287336363019698,-0.7309066212620934,0.0,1.5714285714285714,62.27680466913889,0.5,1.2200593310956753,1.803205635714031
1897,train,2,0,0,180.0,259.08483929470685,-0.09523809523809523,-25.504085715670136,-30.65915634439986,0.0,0.42857142857142855,39.09423493196877,0.5,1.2200593310956753,1.803205635714031
1898,train,0,1,1,-180.0,462.7918527958186,0.0,-313.3367059578328,-12.735823181303981,0.0,0.0,-10.622744620783891,0.5,1.0237350931311526,0.6302502736998615
1898,train,2,0,0,-180.0,-991.240270659318,0.0,137.8169192506327,37.16131876639925,0.0,0.3999999999999999,-20.073555856286326,0.5,1.0237350931311526,0.6302502736998615
1899,train,0,2,0,60.0,640.4661288247935,-0.6,-426.16018049519516,0.0,0.0,-0.3999999999999999,31.946658713202062,0.5,1.0,1.0
1899,train,2,1,1,-360.0,-1325.263451227691,-0.29999999999999993,-482.01380994844976,0.0,0.0,0.7,-41.751259268000844,0.5,1.0,1.0
1900,train,0,2,0,180.0,698.1126987474227,0.0,0.0,0.0,0.0,0.0,127.99311073479257,0.5,0.8224556101726593,1.835674477162252
1900,train,2,1,1,-180.0,-748.9730306928695,0.0,0.0,0.0,0.0,0.0,78.08685686830168,0.5,0.8224556101726593,1.835674477162252
1901,train,1,0,0,-180.0,-73.43884071466346,0.0,0.0,0.0,0.0,0.0,0.0,0.5,1.0,1.0
1901,train,2,0,0,-300.0,-313.84658094048655,0.0,0.0,0.0,0.0,0.0,0.0,0.5,1.0,1.0
1902,train,0,2,0,-60.0,-187.94452543814805,0.0,0.0,0.0,0.0,0.0,0.0,0.5,1.0,1.0
1902,train,2,1,1,-240.0,-974.361166973014,0.0,0.0,0.0,0.0,0.0,0.0,0.5,1.0,1.0
1903,test,0,2,0,0.0,-364.4980204352305,-0.5000000000000001,-33.13679298482697,275.6167750434706,0.0,0.0,55.94240996276753,0.5,1.815764528976491,0.635097884730099
1903,test,2,1,1,-120.0,244.97449048554608,0.6000000000000001,52.4499655241641,47.496924955608115,0.0,0.0,-201.3586972611879,0.5,1.815764528976491,0.635097884730099
1904,train,0,1,1,-240.0,-234.63056331725875,0.0,-187.61820411410883,0.0,0.0,0.0,0.0,0.5,1.0,1.0
1904,train,2,0,0,180.0,402.27165575361505,-0.3333333333333333,501.4990552947256,0.0,0.0,0.0,0.0,0.5,1.0,1.0
1905,train,2,0,1,-240.0,-427.5047531277496,0.0,0.0,0.0,0.0,0.0,0.0,0.5,1.0,1.0
1905,train,1,2,0,540.0,-128.93772305700713,0.0,0.0,0.0,0.0,0.0,0.0,0.5,1.0,1.0
1906,train,1,0,1,-540.0,-1026.7907775898857,0.0,0.0,-298.77503957660906,0.0,0.0,0.0,0.5,0.5197655663404939,1.0932388315556723
1906,train,2,1,0,600.0,119.28546233705902,0.0,0.0,51.14510577461283,0.0,0.0,0.0,0.5,0.5197655663404939,1.0932388315556723
1907,train,0,1,1,-60.0,-37.11773568980243,0.0,0.0,0.0,0.0,0.0,0.0,0.5,1.0,1.0
1907,train,2,0,0,120.0,0.0,0.0,0.0,0.0,0.0,0.0,0.0,0.5,1.0,1.0
1908,train,1,0,1,60.0,1577.243216693695,0.09523809523809523,294.75713913313683,4.626956499236172,-0.09523809523809523,-1.1428571428571428,-105.69248809897606,0.5,1.4148495384463906,0.7131144911996152
1908,train,2,1,0,180.0,-749.0610283571023,0.0,-211.4951896990707,118.65177620776936,-0.047619047619047616,2.2857142857142856,146.25510397310876,0.5,1.4148495384463906,0.7131144911996152
1909,train,0,2,0,-720.0,-892.3075927478903,0.0,0.0,0.0,1.0,0.0,0.0,0.5,1.2053242281109127,0.5523001380558219
1909,train,2,1,1,420.0,-1087.2659453415763,0.0,0.0,0.0,-3.0,0.0,0.0,0.5,1.2053242281109127,0.5523001380558219
1910,test,2,0,1,0.0,102.11856973468275,-0.3333333333333333,26.95565195200814,39.27425523613626,0.0,0.0,-29.986473474474344,0.5,1.0014395865220267,0.5246665811123761
1910,test,2,1,1,0.0,610.6881174856726,-0.6666666666666666,59.75208571515108,-39.20173273162035,0.0,0.13333333333333333,-1.2336328556996825,0.5,1.0014395865220267,0.5246665811123761
1911,train,0,1,0,-60.0,-1169.4257520558767,0.0,0.0,54.29901293298269,0.0,0.0,0.0,0.5,1.8461614580895884,0.5902278502775642
1911,train,1,2,1,0.0,314.9324461921833,0.0,0.0,-278.6547456907611,0.0,0.0,0.0,0.5,1.8461614580895884,0.5902278502775642
1912,validation,1,0,1,-300.0,-967.2289248790707,0.0,0.0,-301.3934528477261,0.33333333333333337,-0.2666666666666667,18.67269583830722,0.5,1.4407458747444468,0.8311048427663427
1912,validation,2,1,0,60.0,1294.9749707595583,0.4,0.0,60.96521805909369,0.0,0.2666666666666667,20.228891705871796,0.5,1.4407458747444468,0.8311048427663427
1913,train,1,0,0,0.0,751.9630824571177,0.0,0.0,201.58318686641326,0.16666666666666666,2.0,0.0,0.5,0.6488077223032512,0.7882802481614829
1913,train,2,0,0,120.0,261.7775384459683,0.0,0.0,50.37933872577866,0.0,2.0,0.0,0.5,0.6488077223032512,0.7882802481614829
1914,train,1,0,1,-60.0,-2693.7684756401877,-0.5,0.0,0.0,0.16666666666666666,-1.0,0.0,0.5,1.0966161389045486,0.7865995136994081
1914,train,2,1,0,60.0,-14.929822497681926,0.0,0.0,0.0,0.0,1.0,0.0,0.5,1.0966161389045486,0.7865995136994081
1915,train,1,0,0,120.0,-207.18737067274378,0.0,0.0,-125.05350229422527,0.0,0.0,0.0,0.5,1.5888460642285973,1.0651394656313071
1915,train,2,0,0,300.0,-215.42026645358283,0.0,0.0,11.71974621176534,0.0,-1.3333333333333335,0.0,0.5,1.5888460642285973,1.0651394656313071
1916,train,1,0,0,60.0,224.09566347476402,0.0,13.869189771358037,-7.068454534506559,-0.047619047619047616,0.5714285714285714,21.18796267689084,0.5,1.0,1.0
1916,train,0,2,1,0.0,330.8163280958847,0.14285714285714285,-17.938343866230923,-25.222245486116936,0.09523809523809523,-0.19047619047619047,-28.224765240387264,0.5,1.0,1.0
1917,validation,0,1,0,660.0,1678.0963321242361,0.0,0.0,-115.1273812623324,0.5333333333333333,1.3333333333333333,42.09232665075747,0.5,0.8572412108093216,1.511030293539635
1917,validation,1,2,1,60.0,512.647893174119,0.06666666666666667,0.0,126.81907974872928,-0.8,0.33333333333333326,10.289896089497987,0.5,0.8572412108093216,1.511030293539635
1918,train,2,0,1,120.0,213.51390325851662,0.09523809523809523,-42.38762144877853,-173.34992737813906,0.047619047619047616,-0.7142857142857142,63.0682962851228,0.5,0.7018769270301293,0.5229849996650819
1918,train,2,1,1,-120.0,119.71488690398837,0.19047619047619047,146.2688633895987,-12.342142802996264,0.0,-0.1428571428571428,52.643406499731626,0.5,0.7018769270301293,0.5229849996650819
1919,train,2,0,1,-60.0,-504.8538059802622,0.0,41.862544102911386,-233.65446945932175,0.0,0.23809523809523803,-48.461888261812334,0.5,0.5136720886204982,1.9946008604589747
1919,train,2,1,1,60.0,-128.47460600520617,0.0,-31.222812818760588,-83.28407552609494,0.0,0.0,-17.852236164475627,0.5,0.5136720886204982,1.9946008604589747
1920,train,1,0,1,-600.0,-878.416756547038,-1.6666666666666665,0.0,0.0,0.16666666666666666,1.0,0.0,0.5,0.6393907427179343,1.4034456728244677
1920,train,1,2,1,-420.0,-1103.6658800574369,-0.3333333333333333,0.0,0.0,0.16666666666666666,-2.0,0.0,0.5,0.6393907427179343,1.4034456728244677
1921,test,0,1,0,-60.0,-104.63337071178739,0.0,454.6795290885851,0.0,-0.5333333333333333,-0.19999999999999996,20.88524978329709,0.5,1.0,1.0
1921,test,1,2,1,-60.0,-46.612207835379195,0.13333333333333333,-215.0661110892123,0.0,0.26666666666666666,-0.40000000000000013,-55.98384542491606,0.5,1.0,1.0
1922,test,1,0,0,840.0,2815.1669851261076,1.0,79.29246492630566,0.0,0.0,0.0,315.127344916934,0.5,1.364343960536488,1.524038980675515
1922,test,2,0,0,1740.0,3122.26658727855,0.0,488.38140043973135,0.0,0.0,0.0,732.1020254752149,0.5,1.364343960536488,1.524038980675515
1923,train,1,0,1,-420.0,-1390.3325257760198,0.0,-468.8279525759691,-243.86571445566392,0.0,-0.29999999999999993,-281.50380255295033,0.5,1.3710198942337635,1.578339732744806
1923,train,1,2,1,-840.0,-1193.5378690460857,0.0,200.15222480848672,-87.0002127715467,0.0,-0.09999999999999998,-174.07449520981953,0.5,1.3710198942337635,1.578339732744806
1924,train,0,1,0,360.0,890.5705637060018,0.0,0.0,0.0,0.0,0.0,0.0,0.5,1.0,1.0
1924,train,1,2,1,-300.0,-81.92765092719492,0.0,0.0,0.0,0.0,0.0,0.0,0.5,1.0,1.0
1925,train,0,2,0,-60.0,-209.31403574888463,0.0,0.0,0.0,0.0,1.0,0.0,0.5,1.0280647970370735,1.1157761098320471
1925,train,2,1,1,420.0,535.8098335712948,0.0,0.0,0.0,0.0,0.0,0.0,0.5,1.0280647970370735,1.1157761098320471
1926,train,0,2,0,180.0,1051.6220847639602,0.19047619047619047,-16.03646259715582,52.86577057006698,0.0,1.1904761904761905,13.916730954531342,0.5,0.8370458394377757,0.6137136817961625
1926,train,1,2,0,300.0,751.5660209146686,0.19047619047619047,22.849965724812762,72.70430406348981,-0.2857142857142857,1.6666666666666665,32.79365528945702,0.5,0.8370458394377757,0.6137136817961625
1927,train,0,1,1,60.0,-907.1290289034546,-0.19047619047619047,-46.44144893125943,-97.16303970833464,0.14285714285714285,0.23809523809523814,-30.642686833209442,0.5,0.8155617903009177,1.8040366937070391
1927,train,0,2,1,-60.0,-1068.963295024224,-0.19047619047619047,-68.59542928037297,-104.03290118527701,0.2857142857142857,0.9523809523809523,1.4340983662419455,0.5,0.8155617903009177,1.8040366937070391
1928,train,0,1,0,120.0,511.7843863327307,0.0,828.2364237058173,0.0,-0.3333333333333333,0.0,0.0,0.5,1.0,1.0
1928,train,2,1,0,480.0,2223.6657170551352,0.0,101.70515466603564,0.0,0.3333333333333333,0.0,0.0,0.5,1.0,1.0
1929,train,0,2,0,-240.0,-370.8071441142333,0.0,0.0,0.0,0.0,0.0,0.0,0.5,1.0,1.0
1929,train,1,2,0,-120.0,-86.24009851807205,0.0,0.0,0.0,0.0,0.0,0.0,0.5,1.0,1.0
1930,train,0,2,0,-420.0,-1061.3727021161653,0.20000000000000004,-25.691191597196166,259.5182583054512,0.0,0.0,-11.175559439917336,0.5,1.5079882611022217,0.6264373398664018
1930,train,2,1,1,-60.0,180.8834640952973,0.0,5.39242675944115,30.7143030540546,0.0,0.0,-120.76195791121663,0.5,1.5079882611022217,0.6264373398664018
1931,train,0,2,0,600.0,1308.6065730199953,-0.6666666666666666,0.0,0.0,0.0,1.5,138.52262431880166,0.5,0.81138709698322,1.1618121469074292
1931,train,2,1,1,-180.0,-262.877870756487,0.33333333333333326,0.0,0.0,0.0,-2.5,-161.62100592720523,0.5,0.81138709698322,1.1618121469074292
1932,validation,0,1,0,-180.0,1002.1756463536558,0.0,0.0,0.0,0.0,0.0,0.0,0.5,1.0,1.0
1932,validation,1,2,1,-60.0,-1115.6458286724273,0.0,0.0,0.0,0.0,0.0,0.0,0.5,1.0,1.0
1933,test,1,0,0,720.0,234.86803090507783,0.4,0.0,53.753460348885056,-0.2,0.0,-7.349933302578648,0.5,1.8593015208015482,1.1190583174040118
1933,test,0,2,1,0.0,42.607384904774335,0.0,0.0,-83.99489819815878,0.2,0.0,-19.431485327201926,0.5,1.8593015208015482,1.1190583174040118
1934,train,0,2,0,300.0,854.5185840193881,0.0,0.0,0.0,0.3333333333333333,2.666666666666667,0.0,0.5,1.464226197837842,1.99969336453161
1934,train,1,2,0,240.0,611.6122772820304,0.0,0.0,0.0,0.0,1.9999999999999998,0.0,0.5,1.464226197837842,1.99969336453161
1935,validation,0,2,0,180.0,2957.991304920667,-1.2,-13.752395467157157,216.5299806206037,0.8,0.0,0.0,0.5,0.8595035366152477,1.1327880379447184
1935,validation,2,1,1,-480.0,-1882.378144540352,1.5,-85.55463231617361,-114.42054523030188,-0.4,0.0,0.0,0.5,0.8595035366152477,1.1327880379447184
1936,validation,2,0,1,-600.0,-65.93426821295543,-0.42857142857142855,0.8020318640248831,47.357094904291515,-0.2857142857142857,-0.09523809523809523,-228.6864477361564,0.5,0.6252809856148873,1.8417028625196068
1936,validation,1,2,0,960.0,-974.243111028607,0.0,-3.8483871780618983,-49.11179501082921,0.2857142857142857,-0.2857142857142857,210.98052082412437,0.5,0.6252809856148873,1.8417028625196068
1937,train,0,1,1,-300.0,-1442.7243338677436,-3.3333333333333335,0.0,0.0,0.0,0.0,-131.92687788933836,0.5,1.709943509268865,0.6852556201189773
1937,train,2,0,0,480.0,1403.7872017383143,2.0,0.0,0.0,0.0,0.0,153.5816754668878,0.5,1.709943509268865,0.6852556201189773
1938,test,0,1,0,-180.0,329.54878169513313,0.0,0.0,0.0,0.0,0.0,0.0,0.5,1.0,1.0
1938,test,1,2,1,120.0,-431.6424778895621,0.0,0.0,0.0,0.0,0.0,0.0,0.5,1.0,1.0
1939,train,0,1,1,-600.0,-1244.7990693040329,0.2857142857142857,-597.3986596452369,-249.8460059860469,0.0,0.09523809523809523,67.3364253387365,0.5,0.9144651672834088,1.2061521710273733
1939,train,2,0,0,-60.0,761.5518042786243,-0.14285714285714285,165.77998335397584,67.88924412113175,0.0,0.19047619047619047,160.94459496512872,0.5,0.9144651672834088,1.2061521710273733
1940,train,0,1,1,60.0,111.19348222455028,0.0,0.0,0.0,0.0,0.0,0.0,0.5,1.0,1.0
1940,train,0,2,1,-120.0,-852.6494700396674,0.0,0.0,0.0,0.0,0.0,0.0,0.5,1.0,1.0
1941,train,1,0,0,300.0,-409.0721518997443,0.0,0.0,0.0,0.0,0.0,0.0,0.5,1.0,1.0
1941,train,2,0,0,-60.0,-742.9424981464385,0.0,0.0,0.0,0.0,0.0,0.0,0.5,1.0,1.0
1942,test,0,2,0,600.0,2176.7874606021883,0.2857142857142857,129.82008908142637,-26.265293172083723,0.2857142857142857,1.1904761904761902,23.09629895925606,0.5,0.5554603416727474,1.167497436353592
1942,test,1,2,0,300.0,1149.0539179706489,0.14285714285714285,60.34418578932336,86.49417183343593,0.0,0.47619047619047616,1.908685898324548,0.5,0.5554603416727474,1.167497436353592
1943,train,1,0,0,600.0,2590.1753227962554,0.0,122.17871113499905,33.690718706442595,0.0,0.0,0.0,0.5,0.6796887310332999,1.3164058510777865
1943,train,2,0,0,480.0,2145.136546806696,0.0,-39.635867560771544,349.8051123580102,1.0,0.0,0.0,0.5,0.6796887310332999,1.3164058510777865
1944,validation,1,0,0,240.0,846.9750410401266,0.0,0.0,0.0,0.0,0.0,210.71667741368893,0.5,1.5646136710306116,1.4874658179021214
1944,validation,2,0,0,-300.0,-347.5399676545676,0.0,0.0,0.0,0.0,0.0,145.26639214653292,0.5,1.5646136710306116,1.4874658179021214
1945,train,1,0,0,-60.0,390.75223763928034,0.2,-49.21824289663482,167.03268128226424,0.4,0.0,0.0,0.5,1.6654069425334246,0.5355683397502179
1945,train,0,2,1,0.0,146.90439483317732,-0.2,-102.65663135789072,-211.00726113140635,0.0,0.0,0.0,0.5,1.6654069425334246,0.5355683397502179
1946,test,0,1,0,360.0,3727.9291218301114,0.0,0.0,0.0,0.0,0.0,1134.7196716376927,0.5,0.5814860549541737,0.9682626926776744
1946,test,2,1,0,780.0,216.6340627389418,0.0,0.0,0.0,0.0,0.0,0.0,0.5,0.5814860549541737,0.9682626926776744
1947,validation,1,0,0,60.0,-414.03933794917066,0.0,0.0,0.0,1.0,0.0,0.0,0.5,0.6354171451385142,1.0690153098758393
1947,validation,2,0,0,0.0,858.2263201399464,0.0,0.0,0.0,3.0,0.0,0.0,0.5,0.6354171451385142,1.0690153098758393
1948,test,1,0,0,0.0,-23.90634079521169,0.0,0.0,0.0,0.0,0.0,226.31645637417535,0.5,0.6557297164930701,1.9223548093166072
1948,test,0,2,1,-120.0,483.17435878918786,0.0,0.0,0.0,0.0,0.0,-188.48223903182222,0.5,0.6557297164930701,1.9223548093166072
1949,test,1,0,0,-120.0,354.99899342468234,0.26666666666666666,-111.30207050427319,0.0,0.06666666666666667,-0.2,25.821496972425656,0.5,1.0,1.0
1949,test,2,0,0,-120.0,-91.68912520407866,1.0666666666666667,-79.71034912908596,0.0,0.0,0.6,7.36242440837453,0.5,1.0,1.0
1950,test,2,0,1,-300.0,1415.0737520426474,-0.19047619047619047,159.28166952920765,-247.79926224955395,0.14285714285714285,-0.2857142857142857,-149.88471919013304,0.5,0.5557867976473546,1.3020673130014668
1950,test,1,2,0,300.0,-1309.8189565954463,0.0,-108.3255551507026,120.4494125101472,0.14285714285714285,0.23809523809523803,148.26469538644878,0.5,0.5557867976473546,1.3020673130014668
1951,train,0,1,0,300.0,1641.265675262705,0.047619047619047616,282.65660645981677,-25.400731960379506,0.0,0.23809523809523803,-85.14397213075041,0.5,1.648695872152887,1.1626316484141899
1951,train,1,2,1,180.0,-357.79174308660913,0.0,-356.6327006074738,48.86478339342924,-0.14285714285714285,0.23809523809523808,85.14397213075041,0.5,1.648695872152887,1.1626316484141899
1952,train,2,0,1,180.0,-2282.7112198845334,-0.33333333333333337,-456.02971367490863,-430.06039361267085,0.0,0.0,0.0,0.5,1.0,1.0
1952,train,1,2,0,-960.0,-414.25501850927685,0.0,945.3876306015927,140.30873562737645,0.0,0.0,0.0,0.5,1.0,1.0
1953,train,0,1,1,-480.0,272.0199734358016,0.0,0.0,0.0,0.0,0.0,0.0,0.5,1.0,1.0
1953,train,0,2,1,-300.0,87.86041631674198,0.0,0.0,0.0,0.0,0.0,0.0,0.5,1.0,1.0
1954,train,0,1,1,-480.0,-307.11765903597006,0.0,-205.201859004563,13.455131676863488,-0.19047619047619047,0.0,64.07062692669476,0.5,1.0,1.0
1954,train,2,0,0,300.0,-980.4362216928798,-0.23809523809523808,105.29470902520717,12.996245900754838,0.19047619047619047,-0.28571428571428564,-24.411557354359743,0.5,1.0,1.0
1955,train,2,0,1,-120.0,-95.90962817646141,0.0,0.0,0.0,0.0,0.0,-109.30955238226878,0.5,1.9549441416079167,0.9747647818345465
1955,train,1,2,0,120.0,-24.959638567386264,0.0,0.0,0.0,0.0,0.0,57.23180129053216,0.5,1.9549441416079167,0.9747647818345465
1956,train,1,0,1,-60.0,14.018616228875544,0.0,0.0,19.014674584204197,0.0,0.0,19.785496786225053,0.5,0.5404591755887349,0.7537860921559467
1956,train,1,2,1,0.0,-567.5833430942325,0.0,0.0,1.6416343573972512,0.0,-0.19999999999999996,-10.802070501162024,0.5,0.5404591755887349,0.7537860921559467
1957,validation,0,1,0,240.0,-93.97112361782229,0.0,0.0,0.0,1.0,0.0,0.0,0.5,0.5768844475333861,1.0791156602060021
1957,validation,2,1,0,60.0,688.8076775955315,0.0,0.0,0.0,1.0,0.0,0.0,0.5,0.5768844475333861,1.0791156602060021
1958,train,2,0,1,240.0,599.4273230128265,0.0,0.0,117.31780927173838,0.0,-1.2000000000000002,-103.68945745759588,0.5,1.761105498736971,0.5868948406949379
1958,train,2,1,1,-60.0,1946.5368661595758,0.4,0.0,142.0246691467492,0.0,-0.2,-246.75573098835665,0.5,1.761105498736971,0.5868948406949379
1959,train,2,0,1,-120.0,-1536.872815836221,0.0,0.0,0.0,0.0,0.0,0.0,0.5,1.0,1.0
1959,train,1,2,0,540.0,3129.616475610498,0.0,0.0,0.0,0.0,0.0,0.0,0.5,1.0,1.0
1960,train,1,0,0,360.0,2164.9686043526217,0.0,284.5587485733293,197.99369428123836,0.0,0.2857142857142857,-68.43618252490394,0.5,1.7281889547215388,1.39306299998443
1960,train,2,0,0,0.0,-695.9951769430195,0.19047619047619047,276.29226227510736,-22.564885200873704,0.09523809523809523,0.09523809523809523,59.011366910011674,0.5,1.7281889547215388,1.39306299998443
1961,train,0,1,1,60.0,248.5726076478104,0.4,36.925015231219575,-116.04801546250847,0.0,0.0,-37.91703760085804,0.5,1.611296468480264,1.2028627638093374
1961,train,2,0,0,0.0,-453.1691427859837,0.0,67.76799197100284,-68.87321244819586,0.0,0.0,-4.5113559030652866,0.5,1.611296468480264,1.2028627638093374
1962,train,2,0,1,-60.0,-1577.7376043308614,0.0,0.0,0.0,-0.3333333333333333,-4.0,0.0,0.5,0.5058532568163719,1.1518605578771728
1962,train,2,1,1,-60.0,-365.83100099142484,0.0,0.0,0.0,-0.3333333333333333,-2.0,0.0,0.5,0.5058532568163719,1.1518605578771728
1963,train,2,0,1,-300.0,-723.8234258172674,0.047619047619047616,1.2213953287208597,34.14876456286775,0.0,-0.23809523809523803,19.466136553430538,0.5,1.4215515117175506,1.5757386551661126
1963,train,2,1,1,-120.0,-321.1834480321709,-0.09523809523809523,-126.3941871219266,14.276929463126713,0.0,0.0,35.03831122727595,0.5,1.4215515117175506,1.5757386551661126
1964,train,1,0,1,-600.0,-2282.5856056733273,-1.4999999999999998,76.03404098960459,-237.39003387290688,0.0,-2.4,0.0,0.5,0.5997583524955313,1.2390949086025793
1964,train,1,2,1,-300.0,-719.7485427417396,0.0,22.950136753641743,-105.04208997028682,0.0,-0.3999999999999999,0.0,0.5,0.5997583524955313,1.2390949086025793
1965,train,0,1,1,-660.0,-47.88306484744862,-0.09523809523809523,-24.03033543279267,-147.32031033732864,0.0,-1.0,-95.86009516337622,0.5,0.785730630702576,1.0397291336143912
1965,train,2,0,0,480.0,-1361.2084819405964,0.0,38.25634971362551,204.56745198510401,0.47619047619047616,0.2857142857142858,117.91039209913842,0.5,0.785730630702576,1.0397291336143912
1966,validation,1,0,0,240.0,-237.6263476930544,0.0,0.0,0.0,0.0,0.6666666666666665,162.80693131862003,0.5,1.412587693736489,1.101502949019015
1966,validation,2,0,0,300.0,-195.78318076174583,0.0,0.0,0.0,0.0,-0.33333333333333326,203.67002896958957,0.5,1.412587693736489,1.101502949019015
1967,validation,0,1,1,-240.0,-2105.2983758422447,0.0,-627.9652766317306,0.0,0.0,-1.6666666666666665,0.0,0.5,1.0,1.0
1967,validation,0,2,1,-120.0,101.01904894640757,0.0,58.30236887890101,0.0,0.0,-1.3333333333333335,0.0,0.5,1.0,1.0
1968,train,1,0,0,240.0,394.71956751717744,0.0,0.0,0.0,0.0,0.0,0.0,0.5,1.0,1.0
1968,train,0,2,1,-120.0,470.50653342092255,0.0,0.0,0.0,0.0,0.0,0.0,0.5,1.0,1.0
1969,train,2,0,1,-420.0,-527.7500344598857,0.0,-22.2236967455963,-37.880984473972376,0.6666666666666666,0.0,0.0,0.5,0.5597110467273333,1.1969936772666891
1969,train,2,1,1,-60.0,-761.9561334547484,0.0,-169.7510452623545,-260.13573082115056,0.3333333333333333,0.0,0.0,0.5,0.5597110467273333,1.1969936772666891
1970,train,2,0,1,-120.0,-1251.6765126158634,0.0,0.0,-865.630018047423,0.16666666666666666,-0.9999999999999998,0.0,0.5,0.6161597084499142,1.668746363848973
1970,train,2,1,1,-180.0,-382.4825288661009,0.0,0.0,-77.05593442072944,0.16666666666666666,-0.9999999999999998,0.0,0.5,0.6161597084499142,1.668746363848973
1971,train,1,0,0,-60.0,-321.1543737098318,0.2857142857142857,-101.86676114847532,42.6404213693501,-0.09523809523809523,0.0,2.7553360637493256,0.5,1.1415562218933817,1.3221366415995934
1971,train,0,2,1,120.0,-183.1057509472107,-0.2857142857142857,123.92819535907151,-27.279890942039856,0.0,-0.7619047619047619,-33.13409416917152,0.5,1.1415562218933817,1.3221366415995934
1972,validation,0,1,0,480.0,1210.7451460737961,0.0,0.0,0.0,0.0,0.0,0.0,0.5,0.7667410448414986,0.5165124541382493
1972,validation,2,1,0,300.0,128.17174629008514,0.0,0.0,0.0,0.0,0.0,0.0,0.5,0.7667410448414986,0.5165124541382493
1973,train,0,2,0,240.0,236.4825646704321,0.0,38.53386601766845,189.18643103962128,0.4,0.4,-49.607427842211,0.5,0.9679852216599066,1.1925576484379476
1973,train,2,1,1,180.0,42.60104569244777,0.0,-140.4546217856758,-83.94992000894052,-0.2,-0.4,41.49500701565451,0.5,0.9679852216599066,1.1925576484379476
1974,train,0,1,1,180.0,-464.48898586912037,0.0,0.0,0.0,0.0,0.0,0.0,0.5,1.0,1.0
1974,train,2,0,0,-120.0,-39.96112382427873,0.0,0.0,0.0,0.0,0.0,0.0,0.5,1.0,1.0
1975,test,1,0,1,-240.0,-134.18367660735794,0.0,0.0,0.0,0.0,0.0,0.0,0.5,1.2470209216487773,1.0114179591749979
1975,test,1,2,1,-300.0,-1057.9941973637938,0.0,0.0,0.0,0.0,-1.0,0.0,0.5,1.2470209216487773,1.0114179591749979
1976,train,0,2,0,180.0,375.2933767938821,0.0,0.0,0.0,0.0,0.0,0.0,0.5,1.0,1.0
1976,train,1,2,0,420.0,80.44387509518128,0.0,0.0,0.0,0.0,0.0,0.0,0.5,1.0,1.0
1977,train,0,2,0,180.0,522.4041674303335,0.0,-125.49392826361236,0.0,0.0,0.0,0.0,0.5,1.0,1.0
1977,train,2,1,1,-180.0,-709.4118474494853,0.0,-290.59610288559475,0.0,0.0,0.0,0.0,0.5,1.0,1.0
1978,train,1,0,0,240.0,618.4915533078401,0.0,-20.648955465901636,7.656260238412216,0.0,0.09523809523809523,132.46118167925,0.5,0.5471983814223909,0.5663308482393895
1978,train,2,0,0,-60.0,424.17136671978915,0.5714285714285714,-33.690764447601524,-48.87466757381216,0.7142857142857142,-0.2857142857142857,120.81711303341791,0.5,0.5471983814223909,0.5663308482393895
1979,train,1,0,0,0.0,-192.4175050799663,1.3333333333333333,0.0,129.20587638850242,0.0,0.0,0.0,0.5,0.7433816987319964,0.7374680987554609
1979,train,0,2,1,-120.0,-335.9048977812263,-2.6666666666666665,0.0,167.23106198357885,0.0,0.0,0.0,0.5,0.7433816987319964,0.7374680987554609
1980,validation,2,0,1,420.0,607.9942579066656,-1.0,0.0,-17.237359917360436,0.0,0.0,0.0,0.5,0.5586520803535003,0.7011549721191431
1980,validation,1,2,0,1080.0,3364.7178872376253,1.3333333333333333,0.0,1202.03068931506,0.0,0.0,0.0,0.5,0.5586520803535003,0.7011549721191431
1981,validation,0,1,1,-60.0,-1069.9455635697745,0.0,-658.2888512142641,0.0,0.0,0.0,0.0,0.5,1.0,1.0
1981,validation,0,2,1,180.0,-422.5181519099515,0.0,-327.489706560708,0.0,0.0,0.0,0.0,0.5,1.0,1.0
1982,train,0,2,0,240.0,662.7103809960822,0.0,0.0,61.82323268249547,0.1,0.6,-38.23028638863415,0.5,1.6047669478147955,1.7705684646345745
1982,train,1,2,0,60.0,194.80350911012783,0.0,0.0,131.21188079247017,0.1,0.6,-21.645539615468913,0.5,1.6047669478147955,1.7705684646345745
1983,train,0,1,0,-120.0,-601.0497266829761,1.3333333333333333,220.17405858309186,0.0,0.0,0.0,0.0,0.5,1.764034994532836,1.3275397631945347
1983,train,1,2,1,60.0,216.110587571392,-1.3333333333333333,-296.6037668148474,0.0,0.0,0.0,0.0,0.5,1.764034994532836,1.3275397631945347
1984,train,1,0,0,60.0,0.0,0.47619047619047616,-60.346506361260964,19.162966001743627,0.0,0.5714285714285714,-8.355072231417768,0.5,1.0688375454324133,0.9005413333181665
1984,train,2,0,0,-60.0,0.0,0.23809523809523808,-88.40672393674994,33.53367994119871,0.0,0.2857142857142857,-15.821072533778441,0.5,1.0688375454324133,0.9005413333181665
1985,test,2,0,1,360.0,-389.74440523244084,0.3333333333333333,0.0,37.70717937639924,-1.0,0.0,0.0,0.5,0.813513119034805,1.1015197366853962
1985,test,1,2,0,60.0,1351.2213861602177,0.0,0.0,87.80835262908721,0.5,0.0,0.0,0.5,0.813513119034805,1.1015197366853962
1986,train,0,2,0,120.0,570.7966291284374,0.09523809523809523,214.41500465638995,-23.315138571333122,0.14285714285714285,-0.38095238095238093,-33.03018218398488,0.5,1.222290043075932,0.9883286465637372
1986,train,1,2,0,300.0,1522.935744516676,-0.047619047619047616,57.71365497473147,-2.36490904092787,0.0,0.09523809523809523,39.80855919876563,0.5,1.222290043075932,0.9883286465637372
1987,train,2,0,1,-300.0,-187.85067991279925,0.0,0.0,0.0,0.0,1.3333333333333335,0.0,0.5,1.428430980445483,0.61324313322486
1987,train,2,1,1,-120.0,-226.1421763977521,0.0,0.0,0.0,0.0,0.6666666666666667,0.0,0.5,1.428430980445483,0.61324313322486
1988,train,0,1,1,-240.0,-1851.8799705940082,0.0,0.0,0.0,-2.6666666666666665,0.0,0.0,0.5,1.3117863472771585,0.5452274085676737
1988,train,0,2,1,-120.0,-1151.4154355927876,-0.6666666666666666,0.0,0.0,0.0,0.0,0.0,0.5,1.3117863472771585,0.5452274085676737
1989,train,1,0,0,420.0,856.629618065952,0.0,363.53325082224916,41.44508546269353,-0.14285714285714285,0.9523809523809523,-40.452379614070345,0.5,1.0,1.0
1989,train,0,2,1,120.0,58.11496511551468,0.047619047619047616,-184.53565770571305,-237.1521478927433,0.14285714285714285,-0.9523809523809523,7.661600598711793,0.5,1.0,1.0
1990,train,0,1,0,0.0,-1028.7055900614132,0.0,0.0,0.0,0.0,0.0,0.0,0.5,1.0,1.0
1990,train,2,1,0,360.0,553.8723348423855,0.0,0.0,0.0,0.0,0.0,0.0,0.5,1.0,1.0
1991,validation,2,0,1,0.0,-456.1007286402846,0.0,-43.43893916571863,0.0,-0.33333333333333337,0.5,0.0,0.5,0.6389071737100201,0.8391511740466013
1991,validation,1,2,0,-120.0,284.84881337223806,0.0,232.8282045328271,0.0,-0.3333333333333333,0.5,0.0,0.5,0.6389071737100201,0.8391511740466013
1992,train,2,0,1,60.0,-584.4232416374434,0.0,0.0,0.0,0.0,0.0,0.0,0.5,1.0,1.0
1992,train,2,1,1,0.0,487.33432263936174,0.0,0.0,0.0,0.0,0.0,0.0,0.5,1.0,1.0
1993,train,2,0,1,-120.0,-1200.933383998472,-1.0,0.0,0.0,0.0,0.0,0.0,0.5,1.059388230040492,1.4486217426347252
1993,train,1,2,0,240.0,890.7725865479752,0.0,0.0,0.0,0.0,0.0,0.0,0.5,1.059388230040492,1.4486217426347252
1994,train,1,0,0,120.0,-501.71822396741936,0.0,0.0,0.0,0.0,0.0,0.0,0.5,1.0,1.0
1994,train,0,2,1,0.0,-1018.5491123222464,0.0,0.0,0.0,0.0,0.0,0.0,0.5,1.0,1.0
1995,train,2,0,1,-60.0,-603.813919650752,-0.19047619047619047,-0.6631120938021837,-26.50246886101032,0.0,0.5714285714285714,0.0,0.5,1.4616916424830813,0.8895490988616381
1995,train,2,1,1,-180.0,-645.5289088958532,0.0,-71.45854541425595,-3.4471669433956613,-0.23809523809523808,0.7142857142857142,-53.808933632053794,0.5,1.4616916424830813,0.8895490988616381
1996,test,1,0,1,-180.0,-457.4742392016974,0.0,0.0,0.0,0.0,0.0,0.0,0.5,1.0,1.0
1996,test,2,1,0,120.0,238.2006720599561,0.0,0.0,0.0,0.0,0.0,0.0,0.5,1.0,1.0
1997,train,0,1,1,0.0,-624.061303470618,0.0,166.57873712520353,0.0,0.0,-2.666666666666666,0.0,0.5,1.9452847060346117,1.2239932770337274
1997,train,2,0,0,0.0,-129.1276644689724,0.0,-242.18264838873108,0.0,0.0,-1.3333333333333335,0.0,0.5,1.9452847060346117,1.2239932770337274
1998,train,0,1,1,0.0,-159.89056163564373,0.0,0.0,0.0,0.0,0.0,0.0,0.5,1.0,1.0
1998,train,2,0,0,60.0,142.16957309037025,0.0,0.0,0.0,0.0,0.0,0.0,0.5,1.0,1.0
1999,train,2,0,1,-180.0,-1802.3803736198088,-0.42857142857142855,-43.882243329981975,-91.01802996247088,0.0,-0.09523809523809523,-103.9282970293059,0.5,0.7809986246546222,1.507597535807743
1999,train,2,1,1,-60.0,-398.2152314634732,-0.42857142857142855,22.710965566305333,-60.48635850228556,0.0,0.09523809523809523,-7.912426373643712,0.5,0.7809986246546222,1.507597535807743
2000,validation,0,1,0,120.0,282.43045941381934,0.0,0.0,0.0,0.0,1.3333333333333335,-57.18537145588246,0.5,0.7071725170532531,0.8719160498723625
2000,validation,1,2,1,120.0,10.319195970549117,0.0,0.0,0.0,0.0,1.3333333333333333,9.316706851790059,0.5,0.7071725170532531,0.8719160498723625
2001,train,1,0,0,60.0,639.0331708202104,-0.2,0.0,17.548693764963772,0.0,1.6,-4.971366808747868,0.5,0.592517371584435,0.6321072040704696
2001,train,0,2,1,-300.0,-504.6584707146992,-0.2,0.0,-49.22223734234732,0.0,-0.4,-18.677813423373614,0.5,0.592517371584435,0.6321072040704696
2002,train,0,1,0,300.0,439.8275998264644,-0.2,210.20629260414245,-6.8181519477810895,0.26666666666666666,0.0,203.30904962751657,0.5,1.309443017495452,0.952058762718522
2002,train,2,1,0,180.0,-809.524761301891,-0.4,163.45122859035968,18.449470139422292,0.26666666666666666,0.0,68.13370642840302,0.5,1.309443017495452,0.952058762718522
2003,train,0,1,1,-180.0,-910.0064274269671,-0.13333333333333333,0.0,-231.7313848314302,-0.8,0.0,-181.88048626413368,0.5,1.5558356565339835,1.7636013621760043
2003,train,2,0,0,-420.0,312.45186255564386,0.4,0.0,-43.79354358442856,0.0,-0.26666666666666666,85.33707827228626,0.5,1.5558356565339835,1.7636013621760043
2004,validation,1,0,0,420.0,-173.66527734282863,0.0,7.185970975090001,-0.056399029296756,0.0,-0.2666666666666666,-30.703844538232005,0.5,0.6245312982961113,1.1538600060921311
2004,validation,0,2,1,120.0,624.8330973410466,0.0,17.640151418337496,31.701253425525934,-0.3333333333333333,0.5333333333333332,45.23967927766098,0.5,0.6245312982961113,1.1538600060921311
2005,train,0,2,0,180.0,1216.3759539960297,0.4000000000000001,-20.140582596135005,252.3412971589638,0.0,0.0,22.68643369039497,0.5,1.0,1.0
2005,train,1,2,0,0.0,-43.35782950483235,0.2,-12.841586130053997,245.86386643393757,0.0,0.0,-1.2753840687963702,0.5,1.0,1.0
2006,test,0,2,0,60.0,-635.4698241296774,0.0,1116.163681183259,227.03801392839176,0.0,0.0,0.0,0.5,1.0,1.0
2006,test,1,2,0,240.0,-21.45922096347931,0.0,1442.106138298187,-23.708425821871117,0.0,0.0,0.0,0.5,1.0,1.0
2007,test,2,0,1,180.0,-455.6221681702391,-0.6666666666666667,-542.8146780844183,-178.53901383686727,0.0,0.0,0.0,0.5,1.0,1.0
2007,test,2,1,1,-240.0,-2195.5149609923546,0.0,-1909.6894335357697,-680.9528212973036,0.0,0.0,0.0,0.5,1.0,1.0
2008,train,2,0,1,180.0,56.21862759307078,0.0,55.766385286352715,0.0,0.0,-1.9999999999999998,-41.91479701077811,0.5,1.0,1.0
2008,train,1,2,0,240.0,663.6731821540816,0.0,569.1454085351475,0.0,0.0,1.0,56.45199153670687,0.5,1.0,1.0
2009,validation,2,0,1,60.0,123.63875404345981,0.0,72.0629820670921,0.0,0.0,0.0,0.0,0.5,1.0,1.0
2009,validation,1,2,0,120.0,311.57861518713844,0.0,1036.8279130768383,0.0,0.0,0.0,0.0,0.5,1.0,1.0
2010,train,1,0,0,120.0,523.1083487936703,0.0,0.0,0.0,0.0,0.0,0.0,0.5,1.0,1.0
2010,train,2,0,0,0.0,-23.637442337172615,0.0,0.0,0.0,0.0,0.0,0.0,0.5,1.0,1.0
2011,train,1,0,0,180.0,663.8769335277439,0.0,184.35869743358768,0.0,0.0,0.0,-6.843550242847478,0.5,0.533534924315099,0.6150349796433803
2011,train,2,0,0,300.0,1156.263683564658,0.0,466.2710021986763,0.0,0.0,0.0,-30.680712466952308,0.5,0.533534924315099,0.6150349796433803
2012,train,0,1,0,180.0,-92.9349298356019,0.0,0.0,0.0,0.0,-1.0,0.0,0.5,1.5632206049916961,1.2571549001692808
2012,train,1,2,1,-420.0,340.33879799337046,0.0,0.0,0.0,0.0,-0.6666666666666665,0.0,0.5,1.5632206049916961,1.2571549001692808
2013,train,1,0,0,0.0,-534.9307773409478,0.0,-151.50394783381694,0.0,0.0,0.0,0.0,0.5,1.0,1.0
2013,train,2,0,0,-60.0,-270.7736469042543,0.0,-187.86839841046208,0.0,0.0,0.0,0.0,0.5,1.0,1.0
2014,validation,2,0,1,-780.0,-1074.2658323589749,-1.0,0.0,-29.51514791076623,0.26666666666666666,-0.8,124.4790187811001,0.5,1.2118008267795723,1.6154789294783927
2014,validation,2,1,1,-180.0,-952.7705918358242,-0.2,0.0,-11.714656352337848,-0.13333333333333336,-1.5999999999999999,-36.701935298021866,0.5,1.2118008267795723,1.6154789294783927
2015,train,2,0,1,-240.0,-2162.360405727044,0.0,0.0,0.0,0.0,-5.0,0.0,0.5,1.5354759020001192,0.6532937757235295
2015,train,2,1,1,-360.0,-3088.439793488774,0.0,0.0,0.0,0.0,-4.0,0.0,0.5,1.5354759020001192,0.6532937757235295
2016,train,0,2,0,180.0,1191.758705990348,0.0,0.0,49.22617214103305,0.6000000000000001,0.2666666666666666,-39.149403623379115,0.5,1.6835932105720244,0.7856977247874338
2016,train,1,2,0,180.0,1420.2421988631222,-0.5333333333333333,0.0,-40.9322083390544,0.4000000000000001,-0.13333333333333336,-39.149403623379115,0.5,1.6835932105720244,0.7856977247874338
2017,test,2,0,1,-120.0,449.8135795458702,-0.3333333333333333,-105.39278208584426,-89.95303639242151,0.0,0.0,0.0,0.5,1.0,1.0
2017,test,2,1,1,-60.0,-366.3173706269022,0.0,-86.83937140454066,-99.25477983274551,0.0,0.0,0.0,0.5,1.0,1.0
2018,train,2,0,1,-120.0,335.51815030486796,0.0,0.0,0.0,0.0,0.0,0.0,0.5,1.0,1.0
2018,train,1,2,0,300.0,1272.5025698117115,0.0,0.0,0.0,0.0,0.0,0.0,0.5,1.0,1.0
2019,validation,0,2,0,-120.0,-590.7502298223162,0.0,55.87418923188005,101.33594548589218,0.0,0.0,107.11142903422946,0.5,0.6198730638930926,1.7657141177426825
2019,validation,2,1,1,-240.0,-2346.7986926581534,0.0,-17.075685388235115,-591.9639825900989,0.0,0.0,-136.10081609329532,0.5,0.6198730638930926,1.7657141177426825
2020,test,0,1,0,-60.0,1591.125543812187,0.0,521.6577806073742,33.77014851423357,0.0,1.2000000000000002,0.0,0.5,0.5470019998638492,0.6739610670311642
2020,test,1,2,1,420.0,525.0876263279406,0.0,-365.40094582695815,29.210349773967256,-0.6,0.0,0.0,0.5,0.5470019998638492,0.6739610670311642
2021,train,0,1,0,60.0,-323.0895443945842,-0.3333333333333333,0.0,0.0,0.0,0.0,71.53835377353626,0.5,1.5889476563077136,1.0695124908111544
2021,train,1,2,1,-240.0,450.8891770945402,0.3333333333333333,0.0,0.0,0.0,-0.16666666666666663,-114.75235073377239,0.5,1.5889476563077136,1.0695124908111544
2022,train,0,1,0,0.0,531.9458918425844,0.8,-32.102484558777746,0.0,-0.2,0.0,21.889337006904746,0.5,1.243473223317707,0.7039939608927824
2022,train,1,2,1,60.0,363.14416257855964,0.0,18.84355578614381,0.0,0.1,0.0,49.454918730857905,0.5,1.243473223317707,0.7039939608927824
2023,train,0,2,0,0.0,1201.7772112961402,0.0,0.0,-75.54872996298607,0.0,1.5,-129.30087047401324,0.5,0.5224582818103019,0.5961461301546594
2023,train,1,2,0,0.0,184.82865240386036,0.0,0.0,-78.66606263706825,0.0,1.5,-64.43945991810978,0.5,0.5224582818103019,0.5961461301546594
2024,train,2,0,1,-180.0,-2203.275299245639,0.0,0.0,0.0,0.0,0.0,0.0,0.5,1.0,1.0
2024,train,1,2,0,540.0,1305.1710133743836,0.0,0.0,0.0,0.0,0.0,0.0,0.5,1.0,1.0
2025,train,0,1,1,0.0,-404.9994012690818,0.0,0.0,0.0,0.0,0.0,0.0,0.5,0.7228919282117692,0.9311677760447595
2025,train,0,2,1,120.0,191.26577627135885,0.0,0.0,0.0,0.0,0.0,0.0,0.5,0.7228919282117692,0.9311677760447595
2026,test,0,1,1,60.0,-516.8743571323594,-0.14285714285714285,-536.64791801298,-408.3310709561512,-0.2857142857142857,0.4285714285714286,2.7282256242155576,0.5,1.6232662877493864,1.5825134479572633
2026,test,2,0,0,300.0,525.3883823294209,0.09523809523809523,275.0483096092946,91.22662404810504,0.8571428571428571,-0.2857142857142858,-2.7282256242155576,0.5,1.6232662877493864,1.5825134479572633
2027,train,0,2,0,-60.0,428.7068489848434,3.0,0.0,0.0,0.0,0.0,0.0,0.5,0.8455558765324707,1.3631834341400373
2027,train,2,1,1,-180.0,-261.1337750509583,0.0,0.0,0.0,0.0,0.0,0.0,0.5,0.8455558765324707,1.3631834341400373
2028,train,0,1,1,-240.0,748.2246658100703,-0.6666666666666666,0.0,0.0,0.0,0.0,51.91886764408707,0.5,1.0376897690418618,1.6794837246828882
2028,train,0,2,1,-240.0,-64.08274054884532,-0.3333333333333333,0.0,0.0,0.0,0.0,-48.64736240645982,0.5,1.0376897690418618,1.6794837246828882
2029,train,0,1,1,-120.0,-713.7299303425493,0.0,0.0,0.0,0.0,0.0,0.0,0.5,1.0,1.0
2029,train,2,0,0,0.0,364.90519631522784,0.0,0.0,0.0,0.0,0.0,0.0,0.5,1.0,1.0
2030,train,0,1,0,-120.0,177.06199887158164,0.0,0.0,0.0,0.0,5.333333333333333,0.0,0.5,1.5657166067911183,1.5293888865444634
2030,train,2,1,0,180.0,732.2816000484045,0.3333333333333333,0.0,0.0,0.0,4.0,0.0,0.5,1.5657166067911183,1.5293888865444634
2031,validation,0,2,0,60.0,27.69065484213661,0.3333333333333333,477.1538927081888,0.0,0.0,0.0,-20.703060205896634,0.5,0.7801371091192859,0.5174412345601348
2031,validation,1,2,0,120.0,258.79805696344374,0.0,600.0224760994436,0.0,0.0,0.0,180.60075536025448,0.5,0.7801371091192859,0.5174412345601348
2032,validation,0,2,0,-180.0,-115.81099899324909,0.0,-15.628838478087076,-31.04440640610835,-0.2857142857142857,-0.1428571428571429,-3.2352305958324585,0.5,0.983416214390682,0.5149406580154631
2032,validation,1,2,0,60.0,239.03521162274637,0.0,34.90436271224681,-2.3467521408015557,0.2857142857142857,-0.2857142857142857,10.693921875501982,0.5,0.983416214390682,0.5149406580154631
2033,test,0,1,0,-60.0,383.6157917652704,0.0,0.0,185.83690691297176,0.0,0.0,0.0,0.5,0.8699684078800538,1.0357973803393603
2033,test,2,1,0,0.0,358.82063300183427,0.2,0.0,-4.795917690676561,0.1,0.0,80.40944866331887,0.5,0.8699684078800538,1.0357973803393603
2034,train,0,1,0,-120.0,-231.61524542603593,0.0,166.34704964395812,159.02893932013527,-0.06666666666666667,0.1333333333333333,-68.22683074924576,0.5,0.5213213184879216,1.6424245696126907
2034,train,1,2,1,60.0,719.0056325430069,0.0,27.246994177730926,-60.31180259909658,0.06666666666666667,-0.5333333333333333,15.899504389532169,0.5,0.5213213184879216,1.6424245696126907
2035,train,0,2,0,420.0,1108.7661072750598,0.0,184.49011770018717,83.81113454732088,0.0,-0.19047619047619047,-19.098296010973527,0.5,0.5404387742060983,1.919471596429723
2035,train,2,1,1,120.0,-448.5763544357078,-0.14285714285714285,198.17707632012548,-5.914021636461058,-0.5714285714285714,0.38095238095238093,29.574731553914432,0.5,0.5404387742060983,1.919471596429723
2036,train,0,1,0,300.0,766.0375135806021,-0.19047619047619047,19.20646584893803,262.5736838781376,0.0,0.23809523809523814,-6.592680400968135,0.5,0.8808900951345979,1.4243759807479266
2036,train,2,1,0,240.0,398.93399812536063,0.2857142857142857,-38.83655001775604,-71.53020156323791,0.0,0.9523809523809523,1.7665346272416045,0.5,0.8808900951345979,1.4243759807479266
2037,train,1,0,1,120.0,866.0071767265904,0.0,-330.72410264325015,13.343028587840081,0.0,-0.6,35.77431308961123,0.5,1.0,1.0
2037,train,1,2,1,-180.0,132.6416516016452,0.0,-368.1834075050692,-38.67845747828096,0.0,-1.5,-12.619934324146499,0.5,1.0,1.0
2038,train,0,1,1,180.0,-1357.3511330404249,0.0,0.0,0.0,0.0,0.0,0.0,0.5,1.0,1.0
2038,train,2,0,0,-360.0,-213.08520610763253,0.0,0.0,0.0,0.0,0.0,0.0,0.5,1.0,1.0
2039,train,2,0,1,60.0,-120.45818765244712,0.0,57.89922192741986,82.34464547710996,0.0,0.19047619047619047,-47.02448933803581,0.5,0.6691086362556392,0.84082072993805
2039,train,2,1,1,-300.0,-158.58477624131774,-0.23809523809523808,-36.06356046181327,17.62149337702384,0.19047619047619047,0.14285714285714285,-59.60926553190463,0.5,0.6691086362556392,0.84082072993805
2040,train,0,1,1,-480.0,-1333.3109479583864,-0.9523809523809523,-65.4263596355278,-181.82238363029,0.0,0.0,-48.736955559721515,0.5,1.1313134323379768,0.6548181800069838
2040,train,2,0,0,360.0,-344.64677441149524,-0.19047619047619047,1.4503994787908994,-38.163140514708296,0.09523809523809523,-0.8571428571428571,162.76124137629222,0.5,1.1313134323379768,0.6548181800069838
2041,validation,1,0,0,120.0,-164.32408800585972,0.19047619047619047,6.863913555782901,-136.8328280838694,0.2857142857142857,0.2857142857142857,86.58793698591221,0.5,0.5848580710115467,1.449257764637317
2041,validation,2,0,0,120.0,-414.17893814103536,0.09523809523809523,-20.119118443211647,-39.817873768349116,0.2857142857142857,0.1428571428571428,0.0,0.5,0.5848580710115467,1.449257764637317
2042,train,0,2,0,-60.0,-172.74820583005476,1.0,-206.00996564271696,0.0,0.0,0.0,0.0,0.5,0.6226710674715182,0.6769484643085957
2042,train,1,2,0,-120.0,-527.7395025121989,1.0,-173.9230471825141,0.0,0.0,-0.3333333333333333,0.0,0.5,0.6226710674715182,0.6769484643085957
2043,train,0,1,0,0.0,-958.9897620438142,0.20000000000000004,-325.54610820921084,-359.69482295882625,0.0,0.0,307.20648356427574,0.5,0.6024114116710548,1.4225247000686925
2043,train,1,2,1,-240.0,-846.3147996106145,-0.30000000000000004,-286.40579540369515,297.9977521136839,0.0,0.0,-107.94355931679928,0.5,0.6024114116710548,1.4225247000686925
2044,train,0,2,0,60.0,-280.43200469219846,0.0,0.0,0.0,0.0,0.0,0.0,0.5,1.0,1.0
2044,train,2,1,1,-480.0,-726.5150817745525,0.0,0.0,0.0,0.0,0.0,0.0,0.5,1.0,1.0
2045,train,0,1,1,120.0,424.2587858763236,0.0,0.0,-11.2282623248758,0.0,0.33333333333333337,0.0,0.5,1.892457926079027,0.686800572671037
2045,train,2,0,0,-240.0,-469.4529887456406,0.0,0.0,4.735151327129358,0.3333333333333333,-0.16666666666666669,0.0,0.5,1.892457926079027,0.686800572671037
2046,train,2,0,1,-360.0,-740.4987035124341,-0.5714285714285714,-89.19067780093636,-226.65081611658462,0.0,0.47619047619047616,5.338396484911911,0.5,0.9769027708586497,0.8368024177488953
2046,train,2,1,1,-780.0,-489.692595887429,0.14285714285714285,-46.43170093228528,-202.37987258356915,0.47619047619047616,-0.09523809523809523,-4.501473540642522,0.5,0.9769027708586497,0.8368024177488953
2047,train,2,0,1,180.0,-329.77344728076696,-0.09523809523809523,-270.9915874619684,-6.675245687279499,0.0,-0.38095238095238093,-106.37944123310066,0.5,1.0463849481706198,1.4159031436494314
2047,train,1,2,0,120.0,411.49795424168224,0.0,176.9454866997989,266.0758037168673,0.14285714285714285,-0.19047619047619047,93.11699997076559,0.5,1.0463849481706198,1.4159031436494314
2048,train,0,2,0,480.0,2246.025515670336,0.0,9.362891126418845,-5.388968030403042,0.0,0.7619047619047619,10.21027260349998,0.5,1.3382188704028064,1.2085425088846855
2048,train,1,2,0,120.0,1357.447820511009,0.8571428571428571,251.3124816319799,326.739354085611,0.0,-0.38095238095238093,-25.615236303597523,0.5,1.3382188704028064,1.2085425088846855
2049,train,1,0,0,-60.0,-626.3459261829139,0.2,0.0,-2.5889697439019947,0.0,0.8,0.13471854454137855,0.5,1.9148044371619548,0.6169947326546377
2049,train,2,0,0,-60.0,-463.7093898386538,0.2,0.0,21.37631035007454,0.0,0.8,-8.275408286047703,0.5,1.9148044371619548,0.6169947326546377
2050,validation,1,0,1,60.0,878.3783338355847,-0.19047619047619047,60.415929779938665,-2.3796586808003326,-0.23809523809523808,0.0,29.06776554860727,0.5,1.1710305536013281,0.8874841536517607
2050,validation,2,1,0,60.0,-91.521437388712,0.19047619047619047,-41.60265418587958,-33.52687683883174,0.7142857142857142,0.8571428571428572,-10.732537526026054,0.5,1.1710305536013281,0.8874841536517607
2051,train,0,2,0,180.0,1636.6655270830834,0.0,0.0,171.9867797386014,0.6666666666666666,0.0,0.0,0.5,0.7836327493239428,0.7128288203867397
2051,train,1,2,0,120.0,1374.9858642338668,0.0,0.0,590.9511630247517,1.3333333333333333,0.0,0.0,0.5,0.7836327493239428,0.7128288203867397
2052,train,1,0,0,-60.0,-1137.9258750592885,0.0,813.2468550734095,0.0,0.0,0.0,0.0,0.5,1.0,1.0
2052,train,0,2,1,-240.0,-1268.0253466976728,0.0,-454.9577759347742,0.0,0.0,0.0,0.0,0.5,1.0,1.0
2053,train,1,0,0,300.0,137.03558072843862,0.06666666666666667,-128.35734742274747,3.4779207555615983,0.4,1.0666666666666669,0.0,0.5,1.0,1.0
2053,train,2,0,0,120.0,844.8966266873335,0.13333333333333333,-32.37398301265989,-27.54474650828793,0.0,0.2666666666666667,0.0,0.5,1.0,1.0
2054,train,2,0,1,240.0,-414.19667249549,0.0,0.0,0.0,0.0,0.0,0.0,0.5,1.0,1.0
2054,train,2,1,1,180.0,494.0733316047308,0.0,0.0,0.0,0.0,0.0,0.0,0.5,1.0,1.0
2055,validation,2,0,1,-180.0,-151.67811825025365,0.0,-651.3748239379092,0.0,-0.3333333333333333,-1.3333333333333333,0.0,0.5,1.0,1.0
2055,validation,1,2,0,300.0,1045.2650761510895,0.0,329.00983378125784,0.0,0.0,3.666666666666667,0.0,0.5,1.0,1.0
2056,test,0,1,1,-300.0,-1418.134132332667,0.0,0.0,0.0,0.0,0.0,0.0,0.5,1.0,1.0
2056,test,0,2,1,-480.0,-617.9367036787262,0.0,0.0,0.0,0.0,0.0,0.0,0.5,1.0,1.0
2057,test,0,2,0,60.0,-494.0844009120201,0.2,-4.29834583583596,0.0,0.06666666666666667,0.0,83.25796288908731,0.5,1.1895099785892809,1.2489104977272714
2057,test,1,2,0,-180.0,-378.9390844143718,1.0,-153.18831898192855,0.0,0.13333333333333333,0.2666666666666667,181.83593669527224,0.5,1.1895099785892809,1.2489104977272714
2058,train,1,0,1,-120.0,-109.91643327731504,0.0,0.0,0.0,0.0,0.0,0.0,0.5,1.0,1.0
2058,train,1,2,1,-60.0,-10.907101995221865,0.0,0.0,0.0,0.0,0.0,0.0,0.5,1.0,1.0
2059,validation,0,2,0,480.0,-286.4530829985597,0.0,-139.739007222037,65.10914999053125,0.0,0.0,0.0,0.5,0.8477133375699449,0.9265903450953046
2059,validation,2,1,1,-180.0,583.2563314378049,0.0,312.59500063296696,-355.10289574847025,0.0,0.0,0.0,0.5,0.8477133375699449,0.9265903450953046
2060,validation,1,0,0,-180.0,-358.91074150452005,0.0,0.0,0.0,0.0,2.0,0.0,0.5,1.0354057320378656,0.7265642426528809
2060,validation,0,2,1,60.0,-106.94639633328825,0.0,0.0,0.0,0.0,0.0,0.0,0.5,1.0354057320378656,0.7265642426528809
2061,train,0,1,1,60.0,464.06141438734085,-0.38095238095238093,23.855636000750685,-41.30930698505799,-0.2857142857142857,0.14285714285714285,-3.8420103916532113,0.5,0.9515228688419395,0.7407017184459462
2061,train,0,2,1,-420.0,-808.1949466515057,-0.19047619047619047,19.951163164313172,-34.211710622706306,-1.1428571428571428,-0.14285714285714285,-9.211146330423958,0.5,0.9515228688419395,0.7407017184459462
2062,train,1,0,1,0.0,555.5995824815327,0.0,0.0,0.0,0.0,0.0,0.0,0.5,1.0,1.0
2062,train,2,1,0,-120.0,-111.21688000303584,0.0,0.0,0.0,0.0,0.0,0.0,0.5,1.0,1.0
2063,test,0,2,0,300.0,173.77098117003425,0.0,0.0,25.660962458125937,0.0,0.0,0.0,0.5,0.722720163095678,1.597863378639663
2063,test,2,1,1,-420.0,-1215.7074001407518,0.0,0.0,-29.190863594037694,-0.6666666666666666,0.0,0.0,0.5,0.722720163095678,1.597863378639663
2064,test,2,0,1,60.0,-1411.7228838887063,0.0,0.0,0.0,0.0,0.0,0.0,0.5,1.0,1.0
2064,test,1,2,0,-240.0,854.8762185393739,0.0,0.0,0.0,0.0,0.0,0.0,0.5,1.0,1.0
2065,validation,1,0,0,-240.0,552.0465027336554,0.0,269.3177485625186,86.37583454360741,0.13333333333333333,1.6666666666666667,52.505785216027185,0.5,0.5151012938897938,0.5632895656912916
2065,validation,0,2,1,120.0,-504.3063596708648,0.0,-240.9513282778019,-184.89562664307556,-0.06666666666666667,-1.3333333333333333,-27.352228101063524,0.5,0.5151012938897938,0.5632895656912916
2066,test,0,2,0,-60.0,-108.31740025495992,0.0,0.0,0.0,0.0,0.0,0.0,0.5,1.0,1.0
2066,test,1,2,0,120.0,432.34822772058897,0.0,0.0,0.0,0.0,0.0,0.0,0.5,1.0,1.0
2067,train,1,0,1,-420.0,-713.1281218219665,0.0,-1053.6373258722797,0.0,0.0,0.0,0.0,0.5,1.0,1.0
2067,train,1,2,1,-60.0,708.2149701397611,0.0,-1773.7481952184057,0.0,0.0,0.0,0.0,0.5,1.0,1.0
2068,train,1,0,0,-120.0,600.6125161032896,0.0,0.0,0.0,0.0,0.0,449.8631893336209,0.5,1.163091175823882,1.084901573938632
2068,train,2,0,0,60.0,584.3784081895819,0.0,0.0,0.0,0.0,0.0,1016.9973310191947,0.5,1.163091175823882,1.084901573938632
2069,train,0,2,0,480.0,1284.1689489463724,0.0,12.060213007816571,-324.55687730749764,0.0,2.2857142857142856,61.744101674127705,0.5,1.9796615205425123,0.6621182633598975
2069,train,1,2,0,960.0,1272.5964490350934,0.19047619047619047,44.59711206638633,-111.69493408065262,-0.14285714285714285,1.1428571428571428,50.822297515576565,0.5,1.9796615205425123,0.6621182633598975
2070,train,0,1,1,-120.0,-1054.8022850046482,0.0,0.0,61.42079454702234,-0.2,-0.2,46.052515646227846,0.5,0.8004123762107432,1.0383185805753241
2070,train,0,2,1,-180.0,-1195.9738186157442,0.0,0.0,-76.00726697125384,0.0,-0.4000000000000001,-127.225892933448,0.5,0.8004123762107432,1.0383185805753241
2071,test,0,2,0,-240.0,-83.2577814827946,0.0,-127.01482857387754,35.40188250215306,0.6000000000000001,0.0,-56.48044586031859,0.5,1.0,1.0
2071,test,2,1,1,120.0,-374.9012993769402,0.0,-433.69062131196586,-32.544102686761846,-0.2,0.0,-58.94332917462669,0.5,1.0,1.0
2072,validation,0,1,1,420.0,-75.2614102648331,0.0,-472.017427958839,-426.8686055678601,0.0,0.0,0.0,0.5,0.7017274048595763,1.2327556634902819
2072,validation,0,2,1,360.0,178.42765486683038,0.0,-573.5000675884878,23.137676403262617,0.0,0.0,0.0,0.5,0.7017274048595763,1.2327556634902819
2073,train,0,1,0,-180.0,475.0297731799965,0.0,0.0,67.3523575272045,0.0,0.0,272.3187617336798,0.5,1.9520660310967781,1.5603455619049433
2073,train,1,2,1,-600.0,-350.65598746098294,0.0,0.0,278.09774754452735,0.3333333333333333,0.0,-214.77786652404293,0.5,1.9520660310967781,1.5603455619049433
2074,train,1,0,0,480.0,1288.8842361433535,0.0,2031.8692321765243,0.0,0.0,4.666666666666666,0.0,0.5,1.0,1.0
2074,train,0,2,1,-480.0,-604.0942818222838,0.0,-1068.4902191500332,0.0,0.0,-1.333333333333333,0.0,0.5,1.0,1.0
2075,validation,0,1,1,180.0,-1096.739470780165,-0.9523809523809523,-71.49283738445544,379.42777880484834,0.0,-1.5714285714285714,-37.55160651092377,0.5,1.0114446835472921,0.9912921411092905
2075,validation,0,2,1,-60.0,379.66129864259983,-0.7142857142857142,94.04699534512415,12.334115973151711,0.2857142857142857,-0.14285714285714285,35.12209296702126,0.5,1.0114446835472921,0.9912921411092905
2076,train,1,0,1,-240.0,-94.68780657767775,0.0,0.0,0.0,0.5,-0.16666666666666663,9.381884858381973,0.5,1.6630448851881285,1.9088948962880594
2076,train,1,2,1,-240.0,-598.4972061351887,0.0,0.0,0.0,0.5,0.5,-64.6728706332747,0.5,1.6630448851881285,1.9088948962880594
2077,train,1,0,1,180.0,992.3076050163963,0.0,-602.9099336762258,0.0,0.0,0.0,0.0,0.5,1.0,1.0
2077,train,1,2,1,180.0,444.6885878533867,0.0,-428.29465813010756,0.0,0.0,0.0,0.0,0.5,1.0,1.0
2078,train,0,2,0,-180.0,111.2561630452874,0.6666666666666666,0.0,0.0,0.0,0.0,0.0,0.5,1.2635209171248645,1.7005508901012094
2078,train,1,2,0,300.0,958.5737459942457,1.3333333333333333,0.0,0.0,-0.3333333333333333,0.0,0.0,0.5,1.2635209171248645,1.7005508901012094
2079,train,2,0,1,-120.0,-1138.2140403731946,0.0,-94.17393639129281,-72.28274383348585,0.0,-1.1428571428571428,43.68124101006793,0.5,1.743037497223706,1.370860585730855
2079,train,1,2,0,120.0,398.46621662278176,0.2857142857142857,72.05868996312671,39.99595374442411,0.19047619047619047,0.8571428571428571,-68.38910164323806,0.5,1.743037497223706,1.370860585730855
2080,validation,0,2,0,180.0,614.0641003579481,1.0,0.0,0.0,0.0,0.0,0.0,0.5,0.6415133012937009,0.8562998992580634
2080,validation,1,2,0,120.0,82.71417911361777,0.0,0.0,0.0,0.0,0.0,0.0,0.5,0.6415133012937009,0.8562998992580634
2081,train,0,1,0,-120.0,163.37456878799048,0.0,-30.2948400594305,60.315026413156126,0.0,0.0,0.0,0.5,1.0,1.0
2081,train,1,2,1,-120.0,-871.5311557894047,0.0,233.19896115175237,-155.56919751084712,0.0,0.0,0.0,0.5,1.0,1.0
2082,train,1,0,0,60.0,987.8592421263656,0.0,0.0,79.58850931927526,0.0,0.0,0.0,0.5,0.9817834604650235,1.4702571067916095
2082,train,2,0,0,240.0,131.95308938103153,0.0,0.0,440.56173094533284,0.0,0.0,0.0,0.5,0.9817834604650235,1.4702571067916095
2083,train,0,2,0,60.0,-601.8679898198775,0.0,0.0,-37.89561518194199,0.0,0.0,0.0,0.5,1.235574160514409,1.4151816402175497
2083,train,1,2,0,420.0,374.430889828157,0.0,0.0,352.78187698299257,0.0,0.0,0.0,0.5,1.235574160514409,1.4151816402175497
2084,train,0,1,0,-120.0,13.748244970839096,0.0,0.0,0.0,0.0,0.0,-66.00526512936028,0.5,0.5739673061878838,1.962906558634756
2084,train,2,1,0,-300.0,261.2271077892701,0.0,0.0,0.0,0.0,0.0,114.77104860099716,0.5,0.5739673061878838,1.962906558634756
2085,validation,0,2,0,120.0,393.1992889609828,0.0,798.3745782234735,0.0,0.0,0.0,0.0,0.5,1.0,1.0
2085,validation,2,1,1,60.0,489.7423647823962,0.0,-808.086902246567,0.0,0.0,0.0,0.0,0.5,1.0,1.0
2086,train,0,1,0,180.0,-914.9412236291305,0.0,0.0,0.0,0.0,0.0,17.83499229560425,0.5,0.9760564794133563,0.504264568174116
2086,train,2,1,0,-60.0,-440.39913779520066,0.0,0.0,0.0,0.0,0.0,121.36173411361436,0.5,0.9760564794133563,0.504264568174116
2087,train,1,0,1,300.0,1723.6701402693493,-0.2,0.0,16.524522281971805,0.0,1.0666666666666667,-80.5819753496232,0.5,0.568695496935933,0.8650196443750608
2087,train,1,2,1,60.0,995.9150042911988,0.0,0.0,13.033732965750751,-0.13333333333333333,0.0,1.1791944597005424,0.5,0.568695496935933,0.8650196443750608
2088,test,1,0,1,240.0,-71.99794941575192,0.3,-132.79125435013256,0.0,0.0,0.0,-28.81267906030358,0.5,1.0309144902582006,0.5777730648392022
2088,test,1,2,1,0.0,-1110.657271152058,0.0,-234.74651111453605,0.0,0.0,-0.20000000000000007,-133.65397159333506,0.5,1.0309144902582006,0.5777730648392022
2089,train,2,0,1,0.0,-754.2356545709895,0.0,0.0,0.0,0.0,0.0,0.0,0.5,1.0,1.0
2089,train,2,1,1,300.0,236.9928166294012,0.0,0.0,0.0,0.0,0.0,0.0,0.5,1.0,1.0
2090,train,2,0,1,-60.0,258.0009161767589,0.0,0.0,0.0,0.0,0.0,0.0,0.5,1.0,1.0
2090,train,1,2,0,420.0,1008.3265060699828,0.0,0.0,0.0,0.0,0.0,0.0,0.5,1.0,1.0
2091,train,1,0,1,-60.0,-465.6294296144961,0.0,0.0,0.0,0.0,0.0,0.0,0.5,1.0,1.0
2091,train,2,1,0,-300.0,732.5173787212207,0.0,0.0,0.0,0.0,0.0,0.0,0.5,1.0,1.0
2092,train,1,0,0,120.0,156.2772728596956,0.0,0.0,0.0,0.0,5.0,0.0,0.5,0.7662041744984547,0.5055668590545683
2092,train,0,2,1,420.0,797.827277942104,0.0,0.0,0.0,0.0,-5.0,0.0,0.5,0.7662041744984547,0.5055668590545683
2093,validation,0,1,1,-240.0,158.03511287872516,0.3999999999999999,-13.905223475402352,25.942942771482222,-0.20000000000000004,0.0,0.0,0.5,1.0,1.0
2093,validation,2,0,0,960.0,877.0699186676147,-0.6,519.1380228508993,132.67634716978773,0.1,0.0,0.0,0.5,1.0,1.0
2094,validation,2,0,1,-420.0,-2038.825655987097,0.4,-61.081439527660706,-174.47544505478453,0.0,-0.666666666666667,0.0,0.5,0.7381353351210147,1.3275076751504258
2094,validation,1,2,0,660.0,3555.047943198455,0.0,255.93948146655467,509.87747579014774,-0.2,0.666666666666667,0.0,0.5,0.7381353351210147,1.3275076751504258
2095,validation,0,2,0,-120.0,-180.24814560461164,0.14285714285714285,-24.960286256353612,19.119746051108535,0.2857142857142857,0.47619047619047616,22.04368294931527,0.5,1.8772740051756178,1.6832250617098572
2095,validation,2,1,1,-660.0,39.67722162640666,-0.14285714285714285,-48.17097131711294,-53.661354057547754,-0.2857142857142857,-0.2857142857142857,29.530847826013854,0.5,1.8772740051756178,1.6832250617098572
2096,validation,0,2,0,240.0,632.8042111192867,0.19047619047619047,-147.9036691917437,-1.4445195011634837,-0.047619047619047616,0.4761904761904763,14.035272066211547,0.5,1.0,1.0
2096,validation,1,2,0,180.0,559.6066900855735,0.09523809523809523,31.859112465474254,52.89945660949563,-0.047619047619047616,0.0,1.3704543808861942,0.5,1.0,1.0
2097,train,0,1,0,-60.0,-1150.3356477453008,1.3333333333333335,0.0,0.0,0.0,0.0,77.41681549337937,0.5,0.772643608214589,0.630501353567474
2097,train,2,1,0,-120.0,-1276.0391378623904,0.0,0.0,0.0,0.0,0.0,-31.770152222255632,0.5,0.772643608214589,0.630501353567474
2098,train,0,1,1,-420.0,-44.189179007131315,-0.23809523809523808,-508.12308994128875,65.29569440935344,0.19047619047619047,0.19047619047619047,-54.89924466203448,0.5,1.0,1.0
2098,train,2,0,0,720.0,-484.01234335415575,0.23809523809523808,-36.19655534048496,11.92785862030766,0.0,-0.2857142857142857,-0.45997366954368957,0.5,1.0,1.0
2099,validation,0,2,0,240.0,414.45001822741733,0.0,0.0,0.0,0.0,0.0,0.0,0.5,1.0,1.0
2099,validation,2,1,1,-300.0,-1073.6435188782311,0.0,0.0,0.0,0.0,0.0,0.0,0.5,1.0,1.0
2100,test,0,2,0,420.0,232.65209762607174,0.0,-214.92508109118032,68.99012864396299,0.3333333333333333,-0.6666666666666666,-20.140727655516045,0.5,0.6217258772781573,1.2874128385380932
2100,test,1,2,0,60.0,-228.3018606423666,0.0,164.42526161589478,2.3803534075369086,0.3333333333333333,-0.4,-61.431793099770694,0.5,0.6217258772781573,1.2874128385380932
2101,validation,2,0,1,60.0,748.648111956476,0.3333333333333333,-766.2476880762184,0.0,0.0,0.0,0.0,0.5,1.0,1.0
2101,validation,1,2,0,180.0,600.486618906596,-0.6666666666666666,622.9695495164068,0.0,0.0,0.0,0.0,0.5,1.0,1.0
2102,train,0,1,0,300.0,326.2676973236403,0.19047619047619047,-103.00965522779484,27.261831850161713,0.09523809523809523,0.0,-18.66838735594996,0.5,1.8229048205889429,0.5370535987672816
2102,train,1,2,1,0.0,-811.8460907007984,-0.38095238095238093,-116.89109740264303,11.884521739511769,0.0,-1.714285714285714,0.12352630590124392,0.5,1.8229048205889429,0.5370535987672816
2103,train,0,2,0,300.0,937.2840865414178,0.0,0.0,125.58642978847388,0.0,0.0,0.0,0.5,1.9522575758411604,1.0208354160084068
2103,train,1,2,0,60.0,422.4526795974002,0.0,0.0,92.54466105831295,0.0,0.0,0.0,0.5,1.9522575758411604,1.0208354160084068
2104,train,0,2,0,240.0,223.7633319835595,-0.09523809523809523,19.52463341386681,53.053233810984246,-0.09523809523809523,0.0,4.348546282355159,0.5,1.304282627994537,0.710195660376018
2104,train,1,2,0,420.0,490.4179953304356,-0.09523809523809523,309.533923130127,41.46588882010799,-0.09523809523809523,-0.2857142857142858,-31.76368350268521,0.5,1.304282627994537,0.710195660376018
2105,train,1,0,0,600.0,1361.993803905185,0.5,-640.551450668987,0.0,0.33333333333333337,0.0,0.0,0.5,1.7386922052720581,1.864873497268885
2105,train,0,2,1,-1860.0,-2015.9060225022622,0.5,-42.91710999798761,0.0,-0.5,0.0,0.0,0.5,1.7386922052720581,1.864873497268885
2106,train,0,1,0,1020.0,3694.8301363164182,0.3333333333333333,0.0,1137.8916960091117,1.0,0.0,0.0,0.5,1.0445913128886923,0.8447670888418033
2106,train,1,2,1,-300.0,-1467.5937020290012,-0.16666666666666666,0.0,-530.8154207993862,-1.0,0.0,0.0,0.5,1.0445913128886923,0.8447670888418033
2107,test,1,0,1,-60.0,-351.9146297396287,-0.5,0.0,11.128415278878848,0.0,0.0,-24.50332995239927,0.5,1.8700216005125956,1.1792929176076652
2107,test,1,2,1,-180.0,-196.4772752370568,-1.5,0.0,19.22705202894285,0.0,0.0,-5.765165713386239,0.5,1.8700216005125956,1.1792929176076652
2108,test,1,0,1,300.0,-156.9979895409715,0.0,0.0,-160.93909329208952,0.0,0.0,-82.61824156611294,0.5,1.1183662880641774,1.9553066287977383
2108,test,2,1,0,-120.0,721.8577680736762,0.0,0.0,36.1396588517937,0.0,0.0,-20.14570409108461,0.5,1.1183662880641774,1.9553066287977383
2109,train,0,2,0,540.0,-429.56632471627745,0.3333333333333333,171.86490792718217,220.51800091111173,0.0,0.0,0.0,0.5,1.563439128399208,0.6701718130347729
2109,train,2,1,1,-60.0,-140.59232176422984,-0.3333333333333333,-165.1740584903377,-475.4938873761295,0.0,0.0,0.0,0.5,1.563439128399208,0.6701718130347729
2110,train,0,1,0,-120.0,-1195.326682883117,0.0,6.947309712292565,0.0,0.0,0.0,10.66414866972623,0.5,0.5469282322598262,0.6813588529559013
2110,train,2,1,0,-180.0,-1012.2808312498173,0.0,196.71963372628818,0.0,0.0,0.0,47.65111956914635,0.5,0.5469282322598262,0.6813588529559013
2111,test,1,0,0,120.0,196.1652530459578,0.0,0.0,0.0,0.0,0.0,0.0,0.5,1.0,1.0
2111,test,0,2,1,300.0,572.4885648319541,0.0,0.0,0.0,0.0,0.0,0.0,0.5,1.0,1.0
2112,train,2,0,1,60.0,645.8975714140602,0.0,0.0,0.0,0.0,0.0,-4.437390598307587,0.5,0.7816796874952839,1.6683674469258714
2112,train,2,1,1,180.0,579.9324823337529,0.0,0.0,0.0,0.0,0.33333333333333337,-11.67990091058229,0.5,0.7816796874952839,1.6683674469258714
2113,test,0,1,1,-240.0,366.7284951035699,0.0,0.0,0.0,0.0,0.0,0.0,0.5,1.0,1.0
2113,test,0,2,1,180.0,963.314490139348,0.0,0.0,0.0,0.0,0.0,0.0,0.5,1.0,1.0
2114,validation,2,0,1,540.0,-275.8574125250907,0.0,0.0,0.0,0.0,-4.0,0.0,0.5,0.8472387181357385,1.2086784411727571
2114,validation,2,1,1,720.0,-940.0046908790418,0.0,0.0,0.0,0.0,-4.0,0.0,0.5,0.8472387181357385,1.2086784411727571
2115,test,0,1,1,-60.0,-102.24771588915337,0.0,0.0,0.0,0.0,0.0,0.0,0.5,1.0,1.0
2115,test,0,2,1,60.0,1522.2080552649904,0.0,0.0,0.0,0.0,0.0,0.0,0.5,1.0,1.0
2116,test,0,1,0,-60.0,-540.6156642902738,0.3,-13.654519575349681,0.0,-0.2,0.0,-21.314869282957346,0.5,0.6738434505012563,1.9052980625909273
2116,test,2,1,0,0.0,-817.668049036824,0.6,-27.64867715595861,0.0,-0.2,0.0,-31.76310633073217,0.5,0.6738434505012563,1.9052980625909273
2117,validation,1,0,1,-60.0,-744.969988378059,-0.2857142857142857,-174.14066998226645,-1.916710846909679,-0.14285714285714285,0.09523809523809523,-27.840502097697126,0.5,1.6178552965996804,1.9835160884143235
2117,validation,1,2,1,0.0,-419.05873017498607,0.0,-216.91967460628882,-5.990280480159047,0.0,0.38095238095238093,71.40982179783596,0.5,1.6178552965996804,1.9835160884143235
2118,train,0,1,0,720.0,660.3617448776968,0.0,0.0,0.0,0.0,0.0,0.0,0.5,1.0,1.0
2118,train,2,1,0,300.0,132.3759054812781,0.0,0.0,0.0,0.0,0.0,0.0,0.5,1.0,1.0
2119,train,0,1,1,360.0,28.730146608840187,-0.14285714285714285,-206.55794444956902,132.3786092838138,0.0,0.047619047619047616,-17.6268017714259,0.5,0.8813996690797664,0.5344204774515512
2119,train,2,0,0,-360.0,445.9142008017361,-0.14285714285714285,156.90495411350597,-149.74201924515387,0.5714285714285714,0.23809523809523808,28.564709881744204,0.5,0.8813996690797664,0.5344204774515512
2120,test,0,2,0,0.0,0.0,0.0,0.0,0.0,0.0,0.0,0.0,0.5,1.0,1.0
2120,test,1,2,0,120.0,414.14190405469617,0.0,0.0,0.0,0.0,0.0,0.0,0.5,1.0,1.0
2121,train,0,2,0,120.0,1165.6893055461142,-0.09523809523809523,16.998801485835656,-29.481020562919326,0.5714285714285714,-0.1428571428571428,18.929730135155694,0.5,0.5457671529718575,1.1414459947361644
2121,train,1,2,0,0.0,686.7166926142136,-0.09523809523809523,21.133131839995556,260.14162263793685,0.0,-0.8571428571428571,-73.39950099007196,0.5,0.5457671529718575,1.1414459947361644
2122,validation,1,0,1,60.0,0.36778347031122394,0.0,-271.3991545603801,0.0,0.0,0.0,0.0,0.5,1.0,1.0
2122,validation,2,1,0,0.0,-169.78437092859485,0.0,-53.45316777031087,0.0,0.0,0.0,0.0,0.5,1.0,1.0
2123,train,1,0,1,120.0,686.8753640186651,-0.6666666666666666,0.0,0.0,0.0,0.0,0.0,0.5,1.3421038454450123,0.674733269924925
2123,train,2,1,0,120.0,-137.73031822256553,0.0,0.0,0.0,0.6666666666666666,0.0,0.0,0.5,1.3421038454450123,0.674733269924925
2124,train,2,0,1,-300.0,-1357.8944181263705,0.0,0.0,-29.04312418657861,0.0,0.0,-35.094815045235,0.5,0.7300336025722365,0.8724503584090891
2124,train,2,1,1,-180.0,-1156.1847679181674,0.0,0.0,-524.2126034790701,0.0,0.3333333333333335,44.07390241507606,0.5,0.7300336025722365,0.8724503584090891
2125,train,0,1,1,-120.0,-961.9523073181522,0.0,-4.754352377012765,-64.52510030951035,-0.09523809523809523,-0.857142857142857,0.0,0.5,1.3271762390996056,1.227339033015614
2125,train,2,0,0,120.0,753.4999712295917,0.0,113.33793975645855,-14.271996888266408,0.0,0.5714285714285714,8.611423358857861,0.5,1.3271762390996056,1.227339033015614
2126,test,0,1,1,-120.0,-625.2016347481417,-0.14285714285714285,55.531530243828996,-11.788920676453074,-0.38095238095238093,0.23809523809523814,-16.544471162988902,0.5,1.0,1.0
2126,test,0,2,1,-180.0,-824.1919147795024,0.0,133.4629234341291,-8.863246962759627,0.0,0.47619047619047616,22.79473942815771,0.5,1.0,1.0
2127,train,1,0,0,720.0,2525.1977477379996,0.0,616.2581703414127,0.0,0.0,-0.16666666666666674,-229.85415768080176,0.5,1.637995719734907,0.5516842527859315
2127,train,2,0,0,-120.0,2846.5766583711156,0.0,45.392961036450515,0.0,0.0,-0.6666666666666666,164.85012262316715,0.5,1.637995719734907,0.5516842527859315
2128,train,2,0,1,-60.0,-57.50468005654966,0.2,0.0,-375.6323603615425,-0.4,-0.09999999999999998,0.0,0.5,0.5273068984391445,0.8524647000656409
2128,train,1,2,0,60.0,-942.9489336035831,0.20000000000000007,0.0,89.02739876770329,0.8,0.09999999999999998,0.0,0.5,0.5273068984391445,0.8524647000656409
2129,test,0,2,0,-180.0,-714.4071281370038,0.6666666666666666,0.0,-370.35427175437025,0.16666666666666666,0.0,0.0,0.5,0.8164271226097832,0.5477505134732461
2129,test,1,2,0,-240.0,-443.4601964042672,1.3333333333333333,0.0,247.55704739481575,0.0,0.0,0.0,0.5,0.8164271226097832,0.5477505134732461
2130,train,1,0,1,60.0,-382.6991276537965,0.0,0.0,0.0,0.0,0.0,0.0,0.5,1.0,1.0
2130,train,2,1,0,120.0,-138.97662357755598,0.0,0.0,0.0,0.0,0.0,0.0,0.5,1.0,1.0
2131,train,1,0,1,-180.0,-1290.458856231553,-0.13333333333333333,-120.27138609634136,-154.33636089822937,0.0,-0.33333333333333337,-96.14565701772489,0.5,1.1310970132846567,1.740617582288544
2131,train,2,1,0,60.0,959.6977639619454,0.4,106.7469151343609,354.1907860120608,0.0,-0.06666666666666667,85.01626537137503,0.5,1.1310970132846567,1.740617582288544
2132,train,1,0,0,60.0,480.6040767481245,0.0,0.0,445.28413931775066,0.0,0.0,0.0,0.5,1.8817366602211778,1.114698577108452
2132,train,0,2,1,-120.0,-348.2155335684165,0.0,0.0,-1053.4511614790993,0.0,0.0,0.0,0.5,1.8817366602211778,1.114698577108452
2133,test,0,2,0,240.0,1151.7681526873048,-0.06666666666666667,-69.18076951174626,-26.703261198281638,0.0,2.333333333333333,-4.145537305839842,0.5,0.5397040449104569,1.1198828219044217
2133,test,1,2,0,180.0,385.2441582237834,0.06666666666666667,-21.37256504607373,-242.2603013231534,0.0,0.6666666666666665,82.53694018239527,0.5,0.5397040449104569,1.1198828219044217
2134,train,2,0,1,-240.0,-3514.7150014857425,0.23809523809523808,-398.60949745518,-104.08545702742998,-0.5714285714285714,-0.1428571428571428,-79.18921961368586,0.5,0.656190018946563,1.7404688322640962
2134,train,2,1,1,-300.0,-2696.6034731340606,0.23809523809523808,-225.12029565420454,-248.29608213703767,0.0,0.09523809523809523,-53.2653735185725,0.5,0.656190018946563,1.7404688322640962
2135,validation,0,1,1,-120.0,53.66457687172215,-0.8999999999999999,0.0,-62.34983659974745,-0.4,-0.20000000000000007,0.0,0.5,0.5188730012004683,0.7014775363706227
2135,validation,0,2,1,-240.0,-850.1373171788682,-0.6,0.0,34.86532683051488,0.0,-0.6,0.0,0.5,0.5188730012004683,0.7014775363706227
2136,train,2,0,1,-480.0,1112.289689500507,0.0,0.0,0.0,0.0,2.333333333333333,-253.73646957979253,0.5,0.8800310615133743,0.7669063365843669
2136,train,1,2,0,240.0,-1712.6389456063862,0.0,0.0,0.0,0.0,-0.6666666666666665,228.78991216569193,0.5,0.8800310615133743,0.7669063365843669
2137,train,2,0,1,840.0,-1208.7881401307513,0.0,-137.9888506488373,-165.4903094163823,-0.26666666666666666,-0.06666666666666665,-273.70917521070976,0.5,1.0,1.0
2137,train,1,2,0,-900.0,676.2163634432545,0.0,1001.651387755393,249.61446718021935,-0.26666666666666666,0.0,76.15450560590547,0.5,1.0,1.0
2138,train,1,0,0,120.0,395.47421123510594,0.0,667.1955732991105,0.0,0.0,0.0,0.0,0.5,1.0,1.0
2138,train,2,0,0,300.0,-1194.277773080299,0.0,768.8993530973075,0.0,-0.3333333333333333,0.0,0.0,0.5,1.0,1.0
2139,train,0,2,0,0.0,662.4706970412508,0.0,0.0,0.0,0.0,6.0,-339.3601113559138,0.5,0.9857139232597536,0.5287082544618424
2139,train,1,2,0,180.0,-12.41585397579911,0.0,0.0,0.0,0.0,3.333333333333333,-70.12684111285665,0.5,0.9857139232597536,0.5287082544618424
2140,train,0,1,1,120.0,434.0192417465132,0.0,0.0,0.0,0.0,0.0,0.0,0.5,1.0,1.0
2140,train,0,2,1,180.0,1660.8625038208993,0.0,0.0,0.0,0.0,0.0,0.0,0.5,1.0,1.0
2141,validation,0,2,0,-240.0,1559.5963793000046,0.14285714285714285,450.72756182351037,143.953977479544,0.0,-0.47619047619047583,324.2750656835558,0.5,1.1064897897228174,0.791318922659807
2141,validation,2,1,1,420.0,1518.3250445389585,-0.2857142857142857,122.6266374928091,-246.29846748596356,0.14285714285714285,-0.23809523809523814,-155.31862236333572,0.5,1.1064897897228174,0.791318922659807
2142,train,2,0,1,-180.0,-866.5122387111824,0.0,0.0,0.0,0.0,0.0,0.0,0.5,1.0,1.0
2142,train,2,1,1,0.0,122.37504054455167,0.0,0.0,0.0,0.0,0.0,0.0,0.5,1.0,1.0
2143,test,0,1,0,240.0,249.94221657032494,0.0,0.0,-14.622179637942338,0.0,1.0,0.0,0.5,0.8355404286594058,1.1498616919670013
2143,test,1,2,1,60.0,-15.57495586433106,-0.1,0.0,80.63325430596605,-0.4,-0.20000000000000007,0.0,0.5,0.8355404286594058,1.1498616919670013
2144,train,0,2,0,-240.0,-281.94206721571845,0.0,0.0,0.0,0.0,5.0,0.0,0.5,1.9042931470174977,1.467184137085978
2144,train,2,1,1,300.0,202.19545488360927,0.0,0.0,0.0,0.0,-2.0,0.0,0.5,1.9042931470174977,1.467184137085978
2145,train,1,0,1,-60.0,-1180.8777429595202,0.26666666666666666,0.0,11.585625143536042,-0.2,-1.0,-73.7342320649969,0.5,1.4278006682464364,1.5645660221866022
2145,train,2,1,0,0.0,1700.2108064789809,-0.4,0.0,-22.82249731456799,0.0,2.333333333333333,173.30678825486913,0.5,1.4278006682464364,1.5645660221866022
2146,validation,1,0,0,180.0,518.2717642741254,0.0,19.53051926420744,321.39569413348283,0.2857142857142857,0.47619047619047605,61.087023408375806,0.5,1.7663184192985384,0.8373499868268606
2146,validation,2,0,0,1380.0,1897.6632358791494,-0.047619047619047616,54.682033788530475,-114.4336209150673,0.2857142857142857,-0.23809523809523814,6.8124248750290235,0.5,1.7663184192985384,0.8373499868268606
2147,train,0,1,0,300.0,2184.7334438737944,0.19047619047619047,437.6381414854209,80.83606831925161,0.7142857142857142,-0.047619047619047616,-35.257333278000395,0.5,1.0,1.0
2147,train,2,1,0,420.0,3138.663984321259,0.5714285714285714,18.480068184114316,-31.927583382337218,0.23809523809523808,0.23809523809523808,64.96584386353328,0.5,1.0,1.0
2148,train,1,0,0,-480.0,-2180.219427851591,0.0,-366.4761892527772,0.0,1.3333333333333333,0.0,0.0,0.5,1.0,1.0
2148,train,0,2,1,-60.0,586.4442154698327,0.0,1.6745829157812295,0.0,-2.0,0.0,0.0,0.5,1.0,1.0
2149,validation,0,2,0,60.0,-603.0150503258033,0.0,-16.84173836495347,-193.372225262572,0.0,0.0,48.655476699305765,0.5,1.0,1.0
2149,validation,1,2,0,-60.0,390.286965848878,0.0,557.8768817050803,-91.91427641723712,0.0,0.0,-34.25046727674322,0.5,1.0,1.0
2150,train,0,2,0,120.0,627.3989112832046,0.0,0.0,0.0,-0.3333333333333333,0.0,352.6150744478458,0.5,1.254352487961196,1.526121379279718
2150,train,2,1,1,240.0,432.6308453941301,0.0,0.0,0.0,-0.3333333333333333,0.0,0.0,0.5,1.254352487961196,1.526121379279718
2151,train,1,0,0,-120.0,-1057.176188735274,0.0,-341.52621036773076,306.5300908235939,1.0,0.0,0.0,0.5,1.418772434743922,1.3280003206416482
2151,train,2,0,0,120.0,-840.1323026764876,0.0,-201.11458275920938,-114.52854711890879,0.5,0.0,0.0,0.5,1.418772434743922,1.3280003206416482
2152,train,2,0,1,-480.0,-502.5195803993338,0.0,0.0,-0.40888050453690994,0.0,0.0,0.0,0.5,1.3199531922359613,1.6229145660362447
2152,train,1,2,0,-60.0,87.55391252386926,0.0,0.0,-160.93126890518738,0.0,0.0,0.0,0.5,1.3199531922359613,1.6229145660362447
2153,train,1,0,1,-240.0,-58.03326646285541,-0.47619047619047616,42.03353220964638,33.90779252821333,-0.19047619047619047,0.2857142857142857,-5.200543253610888,0.5,0.6726061773245453,1.6138855878122649
2153,train,1,2,1,-60.0,490.3524128557642,-0.23809523809523808,3.8536543303477515,35.806372711417424,0.0,0.5714285714285714,3.9228333179968775,0.5,0.6726061773245453,1.6138855878122649
2154,train,0,2,0,300.0,873.6108907094076,0.0,0.0,0.0,0.0,3.0,0.0,0.5,0.5024822389028609,0.5137410649146356
2154,train,2,1,1,-300.0,-768.9683604236661,0.0,0.0,0.0,0.0,-4.0,0.0,0.5,0.5024822389028609,0.5137410649146356
2155,test,2,0,1,-420.0,-510.6666955223491,-0.19047619047619047,-81.2234083182557,-122.73003142564616,0.09523809523809523,-0.8571428571428571,-25.185885396894786,0.5,1.4149647386584379,1.8584321311059953
2155,test,2,1,1,-240.0,351.04075907850984,-0.19047619047619047,-212.5048912959109,43.94956954843937,-0.09523809523809523,-0.2857142857142857,-6.977817718971869,0.5,1.4149647386584379,1.8584321311059953
2156,train,0,2,0,120.0,72.06807898307125,0.0,771.3705849370313,0.0,0.0,0.0,0.0,0.5,1.0,1.0
2156,train,1,2,0,420.0,1616.0652841760752,0.0,1245.4595219644689,0.0,0.0,0.0,0.0,0.5,1.0,1.0
2157,train,0,1,0,-60.0,1320.4141767944825,-0.47619047619047616,-96.76342237436303,294.0383920104173,0.047619047619047616,0.7619047619047619,-12.4534152933754,0.5,0.7080683561007343,1.1974332949792166
2157,train,1,2,1,-300.0,-780.895454039291,0.23809523809523808,-104.55344041093588,191.8462841496507,0.0,-0.9523809523809523,-3.3949661131911526,0.5,0.7080683561007343,1.1974332949792166
2158,train,2,0,1,-60.0,82.5446260204294,0.0,0.0,0.0,0.0,0.0,-160.36659036728543,0.5,0.5704079386382968,0.8950297837454135
2158,train,2,1,1,-240.0,-1132.4967539611553,0.0,0.0,0.0,0.0,0.0,-379.7896618209437,0.5,0.5704079386382968,0.8950297837454135
2159,train,0,1,0,-360.0,-1239.4738869355106,0.0,203.01248972670354,31.34382411980195,0.0,0.0,29.53750920770362,0.5,0.5887206823116647,0.8965464932540971
2159,train,1,2,1,300.0,-96.96142938576395,0.0,-542.2618287446319,5.161966494866618,-0.1,0.0,-51.16127356672408,0.5,0.5887206823116647,0.8965464932540971
2160,train,2,0,1,-420.0,411.32335442438034,0.0,0.0,0.0,0.0,0.0,0.0,0.5,1.0,1.0
2160,train,1,2,0,780.0,585.4219304539611,0.0,0.0,0.0,0.0,0.0,0.0,0.5,1.0,1.0
2161,train,0,2,0,-240.0,-334.19423649349756,0.0,0.0,-17.05050853713732,0.2666666666666667,-0.06666666666666665,51.61522500366153,0.5,0.821189889110496,1.8839478593385919
2161,train,1,2,0,180.0,582.2253138280057,-0.26666666666666666,0.0,122.24440897945425,-0.13333333333333333,-0.06666666666666665,84.13340926313464,0.5,0.821189889110496,1.8839478593385919
2162,train,1,0,0,420.0,1940.496383171756,1.2,-259.6334174671582,103.86474683626764,0.0,0.19999999999999996,0.0,0.5,1.0,1.0
2162,train,0,2,1,-300.0,-3171.536629000536,0.3,-482.5954722778131,17.03813535635136,0.0,-0.3999999999999999,0.0,0.5,1.0,1.0
2163,train,0,1,0,600.0,325.0928306740325,1.0,528.3893695841178,0.0,0.3333333333333333,0.0,0.0,0.5,1.0,1.0
2163,train,1,2,1,-240.0,-696.5901856993241,-0.3333333333333333,-72.85706068912395,0.0,-0.16666666666666666,0.0,0.0,0.5,1.0,1.0
2164,test,1,0,1,0.0,1468.8624518221218,0.13333333333333333,0.0,203.30937756100926,-0.2,0.2666666666666667,0.0,0.5,0.6886066694560875,0.733908598762654
2164,test,2,1,0,780.0,39.150587324059416,0.0,0.0,20.47712213974114,-0.2,0.1333333333333333,80.48572263537464,0.5,0.6886066694560875,0.733908598762654
2165,train,0,1,0,-120.0,-81.98219794324677,-0.14285714285714285,3.679263456785229,128.14698399454105,0.0,0.4761904761904761,12.44835045011828,0.5,0.6037938725961428,0.9609756437432585
2165,train,1,2,1,-60.0,-415.5865845624503,-0.14285714285714285,2.805550408022775,-54.18133589172633,0.0,-0.4761904761904761,27.70544643593735,0.5,0.6037938725961428,0.9609756437432585
2166,train,0,2,0,0.0,-226.04639417251155,0.0,0.0,-21.348443029685484,0.0,0.33333333333333337,0.0,0.5,1.023336278881114,0.5940875969265497
2166,train,2,1,1,-300.0,-801.2712535426558,-1.0,0.0,31.754104669570538,0.0,-0.6666666666666666,0.0,0.5,1.023336278881114,0.5940875969265497
2167,validation,0,1,0,-60.0,52.35572265579799,-0.16666666666666666,0.0,0.0,0.0,0.0,60.20469510862229,0.5,0.8989131493821273,0.5419905047112107
2167,validation,1,2,1,0.0,-307.6869195711497,-0.33333333333333337,0.0,0.0,0.0,0.0,-5.269217298927875,0.5,0.8989131493821273,0.5419905047112107
2168,validation,0,1,1,-480.0,-2273.635494814682,-1.1428571428571428,-26.045795615442046,28.41160716114265,-0.19047619047619047,-0.7142857142857144,-0.9399769722010234,0.5,0.731647515831285,0.6522964903266685
2168,validation,0,2,1,-480.0,-192.70743591838163,-1.4285714285714284,-217.46798006561727,18.132769341740335,-0.19047619047619047,0.7142857142857142,17.049940683749547,0.5,0.731647515831285,0.6522964903266685
2169,test,0,1,0,-60.0,2289.4928507200902,0.0,-329.19534738329855,308.95273844341,0.5714285714285714,0.4761904761904763,14.352426552630991,0.5,0.8321756184248593,1.7712448959183946
2169,test,1,2,1,240.0,-1892.311583780247,0.0,170.451844776421,-142.13461088441107,-0.5714285714285714,-0.4761904761904763,-3.288866087291268,0.5,0.8321756184248593,1.7712448959183946
2170,train,0,2,0,240.0,1275.853367783512,0.4,0.0,0.0,1.2,0.0,35.55671261475689,0.5,1.2777434707864654,1.504730954333997
2170,train,1,2,0,180.0,1036.9049112956727,0.0,0.0,0.0,0.8999999999999999,-0.8,11.939461696162677,0.5,1.2777434707864654,1.504730954333997
2171,train,1,0,0,-360.0,-325.1360563265589,0.0,146.31001790838428,33.37392029289539,0.0,1.7999999999999998,73.82666894801149,0.5,1.0,1.0
2171,train,0,2,1,420.0,1070.2995345445315,0.0,349.16959757618054,-4.7183985197314655,0.0,-1.7999999999999998,-128.134408127388,0.5,1.0,1.0
2172,validation,2,0,1,120.0,1059.8007248552403,-0.2857142857142857,244.56722501008312,-241.03806405137965,-0.38095238095238093,0.23809523809523808,3.8113290955318,0.5,1.0,1.0
2172,validation,2,1,1,-780.0,154.0546930341925,-0.2857142857142857,231.69333433933213,-132.17067463274685,-0.19047619047619047,0.047619047619047616,28.79183215765137,0.5,1.0,1.0
2173,train,0,1,0,720.0,732.7872722078505,0.0,0.0,0.0,0.0,0.0,0.0,0.5,0.5685750482628588,1.626757965862866
2173,train,1,2,1,0.0,221.06325855890918,0.0,0.0,0.0,0.0,0.0,0.0,0.5,0.5685750482628588,1.626757965862866
2174,train,0,2,0,-60.0,-248.80630825466983,0.38095238095238093,200.28212169243437,-31.969724042908183,-0.047619047619047616,-0.5714285714285714,-1.5046372611373933,0.5,1.5935478481743457,1.083853899611817
2174,train,2,1,1,0.0,248.09585603268465,0.0,-45.934503481730374,-25.95146458645251,0.047619047619047616,0.0,17.680865987302468,0.5,1.5935478481743457,1.083853899611817
2175,train,0,1,1,-120.0,544.5946014102037,0.0,0.0,0.0,0.0,0.0,0.0,0.5,1.0,1.0
2175,train,0,2,1,180.0,994.0582740247892,0.0,0.0,0.0,0.0,0.0,0.0,0.5,1.0,1.0
2176,train,1,0,0,-240.0,-385.0500727364183,0.0,-27.00170434360112,-111.41389709598332,0.0,0.09523809523809523,8.21999567476468,0.5,0.5261927807887282,0.6363357896055408
2176,train,0,2,1,180.0,57.19854004276385,-0.23809523809523808,-39.1804349743398,53.41664554474973,0.0,-0.14285714285714285,-52.542352068218015,0.5,0.5261927807887282,0.6363357896055408
2177,test,0,2,0,240.0,811.3038760646468,0.0,79.35723608162183,-39.57008555816301,0.0,0.0,17.019112292830258,0.5,0.8236100638435081,0.9802611450737515
2177,test,1,2,0,840.0,1383.3957391387303,0.0,111.86153560543971,-12.280794277585144,0.26666666666666666,0.8,166.62782446220172,0.5,0.8236100638435081,0.9802611450737515
2178,test,0,1,1,-360.0,607.2624031958449,0.0,0.0,-505.42240522611405,0.0,0.5,-48.077599329382544,0.5,0.9475352300396682,0.5330712646956647
2178,test,2,0,0,0.0,-767.0062158405481,0.0,0.0,-179.8164177079666,0.0,-0.5,161.0547548197052,0.5,0.9475352300396682,0.5330712646956647
2179,train,2,0,1,-240.0,-644.2248153728387,-0.3,0.0,0.0,-0.2,-1.6000000000000003,-56.4946717333961,0.5,1.404541356701061,1.0584252534717642
2179,train,2,1,1,-120.0,-299.5312821290245,-0.3,0.0,0.0,0.0,-0.8,23.574816781800326,0.5,1.404541356701061,1.0584252534717642
2180,test,0,1,0,-120.0,770.8852335103079,0.0,0.0,0.0,0.0,0.0,0.0,0.5,1.0,1.0
2180,test,1,2,1,60.0,-524.5451689387037,0.0,0.0,0.0,0.0,0.0,0.0,0.5,1.0,1.0
2181,train,0,1,0,0.0,-1297.5333479261744,1.0666666666666667,0.0,-235.43056239606642,-0.4,-0.13333333333333341,9.151795568688737,0.5,0.5716457888763046,1.7283245461392402
2181,train,2,1,0,300.0,-491.21077117124423,0.26666666666666666,0.0,239.29649055617995,-0.2,-0.13333333333333341,-7.410082726495934,0.5,0.5716457888763046,1.7283245461392402
2182,train,0,1,0,300.0,36.12694062397304,0.0,0.0,-0.6086182331875705,0.2,-0.3333333333333333,-2.173859187667091,0.5,0.5146252613022091,0.5145297891352143
2182,train,1,2,1,60.0,152.6233005241129,0.0,0.0,32.07687388633639,-0.4,-1.6666666666666665,14.847583732265372,0.5,0.5146252613022091,0.5145297891352143
2183,train,0,2,0,-60.0,412.34548228267204,-0.19047619047619047,-0.771751827819628,-14.176970589454235,0.0,0.8571428571428571,-3.0490422944123523,0.5,1.2710989061463684,1.499025943677397
2183,train,1,2,0,-60.0,386.6312877762821,-0.19047619047619047,26.620985450303266,-11.783196647338059,0.0,0.2857142857142857,-3.0544185678060742,0.5,1.2710989061463684,1.499025943677397
2184,test,1,0,0,120.0,1109.0418381979753,0.2857142857142857,688.3680831271433,109.14962281449144,0.09523809523809523,0.1428571428571428,33.27171389314627,0.5,1.0,1.0
2184,test,2,0,0,300.0,2290.26506358772,0.09523809523809523,367.96437443416687,125.56241779546664,-0.09523809523809523,0.1428571428571428,37.390235214638054,0.5,1.0,1.0
2185,validation,0,2,0,-60.0,-226.1566665165019,0.0,0.0,732.7035102172609,0.0,0.0,0.0,0.5,0.6633380948383791,0.6322823819048008
2185,validation,2,1,1,-240.0,393.8425965162987,0.0,0.0,-568.3388968918184,0.0,0.0,0.0,0.5,0.6633380948383791,0.6322823819048008
2186,validation,1,0,1,540.0,-190.12310721764607,0.0,0.0,-25.12615256222125,0.0,-0.6666666666666666,0.0,0.5,1.6207293259417426,0.8346855247881826
2186,validation,1,2,1,360.0,-954.9210201959431,0.0,0.0,-327.5871940813154,0.0,-1.3333333333333335,0.0,0.5,1.6207293259417426,0.8346855247881826
2187,test,2,0,1,-720.0,-74.83542388508795,-0.5333333333333333,72.67861363746945,195.1269096878752,0.0,-1.0666666666666669,19.687745286808052,0.5,1.0348276910269776,1.1085682174884621
2187,test,2,1,1,60.0,-440.31409989385065,-0.4,12.472091335339115,-39.18998988611048,0.0,-1.3333333333333335,-34.249868914151904,0.5,1.0348276910269776,1.1085682174884621
2188,train,1,0,1,300.0,1022.3256656905701,0.0,0.0,-150.36869355887103,-1.5,0.0,0.0,0.5,1.5163296432796494,1.1656083957838066
2188,train,2,1,0,-360.0,-1165.7161693083854,0.0,0.0,93.38146175479947,0.0,0.0,55.80445413195419,0.5,1.5163296432796494,1.1656083957838066
2189,train,2,0,1,120.0,1161.4392101881535,-2.0,0.0,0.0,0.0,0.0,0.0,0.5,0.9477812422464186,1.9294027410705588
2189,train,1,2,0,60.0,-339.3064527461829,1.0,0.0,0.0,0.0,0.0,0.0,0.5,0.9477812422464186,1.9294027410705588
2190,train,1,0,1,480.0,-2078.1007094768793,0.0,0.0,0.0,0.0,0.0,0.0,0.5,1.0,1.0
2190,train,1,2,1,900.0,2689.742615075974,0.0,0.0,0.0,0.0,0.0,0.0,0.5,1.0,1.0
2191,train,2,0,1,60.0,-11.91558527089228,0.0,0.0,0.0,0.0,0.0,0.0,0.5,1.0,1.0
2191,train,1,2,0,-60.0,-5.667706883925348,0.0,0.0,0.0,0.0,0.0,0.0,0.5,1.0,1.0
2192,validation,0,2,0,780.0,2516.6290612223384,1.0,0.0,0.0,0.0,0.0,0.0,0.5,1.9758348449519951,0.941800059286535
2192,validation,1,2,0,1080.0,352.8533573015884,2.0,0.0,0.0,0.0,0.0,0.0,0.5,1.9758348449519951,0.941800059286535
2193,train,0,1,1,-480.0,-1074.6192041681197,-0.6666666666666667,-79.45564572099568,-141.84913457218835,0.8,0.06666666666666676,0.0,0.5,1.0465856712100674,0.631626487570694
2193,train,0,2,1,120.0,578.2182755914391,-0.3333333333333333,-231.79625846507201,-410.09116426804684,0.6000000000000001,0.33333333333333337,0.0,0.5,1.0465856712100674,0.631626487570694
2194,train,0,1,0,420.0,178.7911765666504,0.0,0.0,-13.017747900166313,0.0,0.0,150.75230227948794,0.5,1.9845647706060559,0.8856753425664643
2194,train,1,2,1,-360.0,638.9590181749963,0.0,0.0,72.26801706069158,0.3333333333333333,0.0,-103.67229854802423,0.5,1.9845647706060559,0.8856753425664643
2195,train,2,0,1,240.0,115.01480275828453,0.0,0.0,0.0,0.0,0.0,0.0,0.5,1.0,1.0
2195,train,2,1,1,60.0,-386.7076341003353,0.0,0.0,0.0,0.0,0.0,0.0,0.5,1.0,1.0
2196,test,0,1,1,-60.0,-1544.367372655085,0.06666666666666667,0.0,-67.83894590569213,-0.5333333333333334,-0.6666666666666667,-257.7238628482009,0.5,0.9122997832910628,0.9433371634712225
2196,test,0,2,1,240.0,839.5329070194775,0.06666666666666667,0.0,-30.007751120671287,-0.26666666666666666,-0.5333333333333334,-106.1160827479355,0.5,0.9122997832910628,0.9433371634712225
2197,train,1,0,0,360.0,419.7442543948382,0.0,0.0,0.0,2.0,0.0,0.0,0.5,0.6710781615494693,0.8718510084591178
2197,train,2,0,0,-60.0,-688.0765268005739,0.0,0.0,0.0,0.0,0.0,0.0,0.5,0.6710781615494693,0.8718510084591178
2198,train,0,1,0,-300.0,-46.823720166280054,0.0,12.042691634213583,0.0,0.0,-0.3333333333333335,33.2185391891128,0.5,0.6324585740780342,1.1127941831468022
2198,train,2,1,0,-60.0,1569.6805290369548,0.2,49.89765244661349,0.0,1.0666666666666667,1.0,52.24714995248408,0.5,0.6324585740780342,1.1127941831468022
2199,train,0,1,1,240.0,341.6386440495389,-0.047619047619047616,7.184445622489477,86.92768865951255,-0.09523809523809523,-1.4285714285714284,-29.49423704740324,0.5,0.813957170809415,1.4320328606670252
2199,train,2,0,0,-120.0,-697.0095051381822,0.047619047619047616,-137.28961483631048,14.763988377056961,0.19047619047619047,2.857142857142857,-6.4870550492836765,0.5,0.813957170809415,1.4320328606670252
2200,train,1,0,0,180.0,-21.904363501128955,0.0,0.0,185.94954435536692,0.0,0.0,28.968941139167043,0.5,1.3932564751746621,1.8825846162188564
2200,train,2,0,0,0.0,110.70866090553318,0.0,0.0,-10.277985406975013,0.0,0.0,21.415402642143576,0.5,1.3932564751746621,1.8825846162188564
2201,test,0,2,0,720.0,-25.82468712941227,3.9999999999999996,0.0,0.0,0.0,0.0,-245.15358818068253,0.5,0.9855889447935464,0.7283067157352484
2201,test,2,1,1,0.0,1227.1607280714516,-2.0,0.0,0.0,0.0,0.0,232.55809082529908,0.5,0.9855889447935464,0.7283067157352484
2202,train,0,1,0,120.0,707.8554109400975,0.0,102.84209448907225,32.69042427762621,0.26666666666666666,0.0,-2.366695158930191,0.5,0.5709300424729634,0.9583204444138033
2202,train,1,2,1,-60.0,-554.8213604791677,-0.3333333333333333,-15.704154921179956,-33.82603685924954,-0.5333333333333333,0.0,-40.46623232755041,0.5,0.5709300424729634,0.9583204444138033
2203,train,2,0,1,-360.0,-2166.772649967943,0.0,-41.59928775887897,-94.7296379948241,-0.26666666666666666,-0.5999999999999999,-88.80374314342609,0.5,1.6868501286964246,0.7144881502796223
2203,train,2,1,1,-600.0,-720.117143051245,0.0,126.53241641470936,13.627193197517926,-1.0666666666666667,-0.19999999999999996,-126.89656769898988,0.5,1.6868501286964246,0.7144881502796223
2204,train,2,0,1,240.0,167.2350526966784,-0.6666666666666666,0.0,0.0,0.0,0.0,-362.9098671208769,0.5,0.585916496904206,0.8487622423716096
2204,train,1,2,0,180.0,341.0812884239067,1.3333333333333333,0.0,0.0,0.0,0.0,174.4204050066863,0.5,0.585916496904206,0.8487622423716096
2205,test,0,1,0,0.0,320.2505634085983,0.0,0.0,0.0,0.0,0.0,0.0,0.5,1.0,1.0
2205,test,2,1,0,-120.0,378.5095530724316,0.0,0.0,0.0,0.0,0.0,0.0,0.5,1.0,1.0
2206,train,0,2,0,420.0,1300.0666292285082,0.0,143.19423844469594,409.20602100738716,0.0,1.5,0.0,0.5,0.6457364232744005,1.3184393810778436
2206,train,1,2,0,360.0,1123.8739844873585,0.0,865.0370877359306,96.72211571671156,0.0,4.0,0.0,0.5,0.6457364232744005,1.3184393810778436
2207,train,0,1,0,240.0,971.2568620370903,0.0,348.3024525100387,198.1216946475439,0.3333333333333333,0.0,0.0,0.5,0.512169657964549,0.8081446128098639
2207,train,2,1,0,240.0,315.64095328397343,0.0,83.23921289728882,325.9212464553581,0.3333333333333333,0.0,0.0,0.5,0.512169657964549,0.8081446128098639
2208,train,0,2,0,240.0,2286.5064040989437,-0.42857142857142855,519.8552558479485,457.17253824820546,0.047619047619047616,0.47619047619047616,177.35170882697767,0.5,1.5752554604490294,1.1763092128767882
2208,train,2,1,1,-60.0,-3213.881899425325,0.2857142857142857,-393.7629433934756,-115.49204416554332,-0.09523809523809523,-0.6666666666666666,16.3158292524447,0.5,1.5752554604490294,1.1763092128767882
2209,train,1,0,1,120.0,709.3983436127878,0.0,-46.44700944808142,0.0,0.0,0.6666666666666666,0.0,0.5,1.0,1.0
2209,train,1,2,1,0.0,802.4767343086064,-0.3333333333333333,237.61414776400892,0.0,0.0,0.33333333333333326,0.0,0.5,1.0,1.0
2210,train,0,2,0,0.0,90.41270526856806,0.26666666666666666,54.6866424158742,353.5754500855087,0.0,1.0,30.24681078579729,0.5,0.691161302580512,0.8873802176243989
2210,train,1,2,0,180.0,780.350629094547,0.26666666666666666,12.245372470773916,126.8029700641863,0.0,1.0,106.90801092282241,0.5,0.691161302580512,0.8873802176243989
2211,validation,1,0,0,300.0,972.6064669186921,0.5714285714285714,-9.3445852010286,49.47243899798443,0.0,0.0,-27.794147860524333,0.5,1.819833237762549,0.59784941786353
2211,validation,2,0,0,180.0,1030.274790588785,0.2857142857142857,-15.291542235769,3.5190933088893814,0.23809523809523808,-0.19047619047619047,-30.707292094645553,0.5,1.819833237762549,0.59784941786353
2212,train,1,0,0,240.0,845.4857077589049,0.0,0.0,75.97855655773779,0.3333333333333333,0.0,39.71531041233986,0.5,1.1954387204651282,0.6940309730542062
2212,train,2,0,0,0.0,1045.7253909085694,0.0,0.0,311.1384820416713,0.3333333333333333,0.0,-115.62080697053442,0.5,1.1954387204651282,0.6940309730542062
2213,train,1,0,1,-180.0,-326.20449087767247,-1.3333333333333333,-245.57239654075562,0.0,0.0,0.0,-66.28055137079905,0.5,1.0,1.0
2213,train,2,1,0,240.0,963.866939305899,0.0,-56.00504474354466,0.0,0.0,0.0,-34.7233476726762,0.5,1.0,1.0
2214,train,1,0,0,600.0,-261.435287192543,0.0,0.0,0.0,1.0,0.0,0.0,0.5,0.5841877319930596,1.0850632589471727
2214,train,2,0,0,0.0,-411.4620355333718,0.0,0.0,0.0,2.0,0.0,0.0,0.5,0.5841877319930596,1.0850632589471727
2215,train,0,2,0,360.0,917.0170096870734,-0.6666666666666667,0.0,0.0,0.0,0.0,110.57715946553697,0.5,0.5912409737665111,1.7402510820273376
2215,train,2,1,1,-420.0,-892.9435417570467,0.6666666666666667,0.0,0.0,0.0,0.0,-63.84972452877662,0.5,0.5912409737665111,1.7402510820273376
2216,validation,0,1,0,-180.0,-1066.6866296765597,0.2,40.30126711781412,50.31415188309222,0.3333333333333333,0.0,6.778814865220895,0.5,1.5015733934577513,0.640286840947228
2216,validation,2,1,0,-120.0,-321.9250640670489,0.4,15.396383239530984,24.35407317331348,0.0,0.0,-57.42702836205643,0.5,1.5015733934577513,0.640286840947228
2217,train,0,1,1,60.0,-73.76327792071925,0.0,0.0,-135.62181761970436,0.0,0.5,0.0,0.5,1.4829062326511315,0.5884621830223579
2217,train,2,0,0,-120.0,497.7825261904395,0.0,0.0,53.228674808646915,0.0,-0.5,0.0,0.5,1.4829062326511315,0.5884621830223579
2218,train,0,1,1,60.0,-1504.4964370312146,0.0,0.0,0.0,0.3333333333333333,-1.9999999999999998,0.0,0.5,0.7792966101156147,0.5643408726692561
2218,train,0,2,1,0.0,-1156.7556870622657,0.0,0.0,0.0,0.0,-1.9999999999999998,0.0,0.5,0.7792966101156147,0.5643408726692561
2219,train,1,0,0,0.0,-1237.449521159886,0.0,0.0,275.86454556093474,0.39999999999999997,-0.7999999999999998,-36.273526564212055,0.5,1.8294070316610034,0.74059418694651
2219,train,2,0,0,1320.0,1050.4428257660002,1.0666666666666669,0.0,-604.196600263075,-0.26666666666666666,-0.5999999999999996,1.9978623431234581,0.5,1.8294070316610034,0.74059418694651
2220,validation,2,0,1,60.0,11.350058735291896,0.0,0.0,0.0,0.0,0.0,-119.88254900946288,0.5,1.039774077258478,1.44284666616774
2220,validation,2,1,1,-180.0,-1409.634465294031,0.0,0.0,0.0,0.0,0.0,-171.17218853993194,0.5,1.039774077258478,1.44284666616774
2221,train,1,0,0,840.0,2754.8533168514095,0.0,0.0,0.0,0.0,0.0,0.0,0.5,1.0,1.0
2221,train,2,0,0,720.0,2329.2055005688208,0.0,0.0,0.0,0.0,0.0,0.0,0.5,1.0,1.0
2222,train,1,0,1,0.0,590.0370795433619,0.0,0.0,0.0,0.0,-2.6666666666666665,0.0,0.5,1.1163547420454256,0.7968901726399127
2222,train,1,2,1,-60.0,1069.9229960401476,0.0,0.0,0.0,-0.6666666666666666,-2.6666666666666665,0.0,0.5,1.1163547420454256,0.7968901726399127
2223,train,0,1,0,-180.0,-607.9563552714972,0.8,-198.55295444171782,-56.5703849782654,0.6666666666666666,-0.4666666666666666,0.0,0.5,0.9486049503749969,1.8145682700572372
2223,train,2,1,0,-180.0,-387.86415116168973,0.2,-252.64064507438428,13.28544504484826,1.0,0.0,0.0,0.5,0.9486049503749969,1.8145682700572372
2224,test,0,2,0,600.0,2091.767987548183,0.0,0.0,0.0,0.0,0.0,433.37552176694214,0.5,1.1652836273666798,0.7537189849688639
2224,test,1,2,0,0.0,456.5421973217767,0.0,0.0,0.0,0.0,0.0,533.3890633862305,0.5,1.1652836273666798,0.7537189849688639
2225,validation,2,0,1,0.0,-280.04276060679877,0.0,-30.265558475742694,-52.236543338192675,0.0,0.0,-63.59474602274299,0.5,1.1894241053553616,1.48480197934801
2225,validation,2,1,1,-60.0,-326.6655308945715,0.0,-24.603804133585726,9.291657573643676,0.0,0.0,-0.6533310617891428,0.5,1.1894241053553616,1.48480197934801
2226,train,0,1,1,-180.0,-474.6536951561634,-0.2857142857142857,-286.9706592504488,-30.28581077705128,0.0,-0.09523809523809523,-33.127042721538274,0.5,1.661297343780182,0.8799159774241329
2226,train,0,2,1,-180.0,51.064422851211475,0.0,-287.6301839274853,28.6748107173336,0.0,-0.09523809523809523,-8.33473513745243,0.5,1.661297343780182,0.8799159774241329
2227,test,1,0,0,360.0,-399.2669657373099,0.0,0.0,287.49320647173977,0.5,1.5,0.0,0.5,1.9766569299498202,0.6503533813788931
2227,test,2,0,0,60.0,-242.82617512197794,0.0,0.0,378.83940257635004,-0.5,0.8333333333333333,0.0,0.5,1.9766569299498202,0.6503533813788931
2228,validation,1,0,0,720.0,1260.1957495835609,0.0,0.0,0.0,0.0,0.0,0.0,0.5,1.0,1.0
2228,validation,2,0,0,180.0,989.0366691268741,0.0,0.0,0.0,0.0,0.0,0.0,0.5,1.0,1.0
2229,train,0,1,1,-180.0,388.52692672493777,-2.0,0.0,0.0,0.0,0.0,0.0,0.5,1.1789472838505077,0.9080535739696081
2229,train,0,2,1,-240.0,-1506.9475688103157,-5.0,0.0,0.0,0.0,0.0,0.0,0.5,1.1789472838505077,0.9080535739696081
2230,validation,1,0,0,180.0,940.8878814889331,1.0,0.0,0.0,0.3333333333333333,0.0,-94.67292850345126,0.5,1.1247729607145172,0.8772735406330215
2230,validation,2,0,0,360.0,768.3985703839135,0.5,0.0,0.0,0.3333333333333333,0.0,-94.67292850345126,0.5,1.1247729607145172,0.8772735406330215
2231,train,1,0,1,-120.0,-1113.611916117703,0.0,-41.11851497553448,-370.04323482813504,0.047619047619047616,0.0,-35.53899203737642,0.5,0.9060424858519914,0.5647345120533162
2231,train,1,2,1,-240.0,-1856.629398044408,-0.2857142857142857,36.321007679221594,6.886422475477161,0.047619047619047616,0.8571428571428571,-30.944840507245,0.5,0.9060424858519914,0.5647345120533162
2232,train,0,1,0,180.0,-765.8193216111267,0.0,0.0,0.0,0.16666666666666666,1.0,-20.493048064269615,0.5,1.9610878785169104,1.6454999533046883
2232,train,1,2,1,-120.0,393.67018531236045,0.0,0.0,0.0,-0.16666666666666666,-1.6666666666666665,-129.07052319138046,0.5,1.9610878785169104,1.6454999533046883
2233,train,0,1,1,-360.0,-565.5088817276965,0.0,0.0,0.0,0.0,0.0,8.272719290570876,0.5,0.8269688126994543,0.8657347304298053
2233,train,2,0,0,-300.0,-5.0920384670680505,0.0,0.0,0.0,0.0,0.0,297.61441398733416,0.5,0.8269688126994543,0.8657347304298053
2234,validation,0,1,1,60.0,1810.0655124411733,0.0,-22.74704900942885,-79.70069086800834,0.1333333333333333,0.0,-160.12378197243072,0.5,0.7798838167787054,0.5002590101407842
2234,validation,2,0,0,420.0,1335.043400820865,0.0,35.19324232013699,-3.901022660163335,-0.1333333333333333,1.0666666666666669,-139.9106105964659,0.5,0.7798838167787054,0.5002590101407842
2235,test,0,1,1,180.0,524.7668926666847,-0.8,55.04451238131304,-27.937736833504747,0.0,0.0,0.0,0.5,1.93764477874486,0.8354510733982883
2235,test,2,0,0,-120.0,-1979.983796835863,0.5333333333333333,-43.26044420019073,161.56770636744838,-0.13333333333333333,-1.9999999999999998,0.0,0.5,1.93764477874486,0.8354510733982883
2236,train,1,0,0,180.0,144.98347508418283,0.0,191.9834139779336,0.0,0.0,2.0,0.0,0.5,0.8891005087667964,1.5902452941198169
2236,train,2,0,0,-180.0,1330.5961487529166,0.0,-219.4322100327035,0.0,0.0,4.0,0.0,0.5,0.8891005087667964,1.5902452941198169
2237,train,0,2,0,120.0,662.9457353792905,0.4,0.0,-89.92464050030789,0.0,-2.0,76.72019341647355,0.5,0.723980365969668,0.9285572803261655
2237,train,1,2,0,120.0,352.413164763243,0.8,0.0,-68.65820360902342,0.0,0.0,131.74779301904846,0.5,0.723980365969668,0.9285572803261655
2238,train,1,0,0,720.0,572.2722308197845,-0.23809523809523808,-304.5845676599958,-74.24605922193885,-0.19047619047619047,-0.2857142857142858,112.24005521466032,0.5,1.4818810504198972,1.0073451423930972
2238,train,2,0,0,360.0,2214.12271139524,0.23809523809523808,-262.1321009431502,-54.097397979783125,0.0,-1.1428571428571428,0.0,0.5,1.4818810504198972,1.0073451423930972
2239,train,0,1,0,60.0,-637.9202542355715,0.0,428.49995231321805,0.0,0.4,0.0,9.403825334280924,0.5,1.8460002324200893,1.0358882877028164
2239,train,2,1,0,-240.0,226.7326391054794,0.6,38.663405489574956,0.0,0.0,0.0,-11.953457234795081,0.5,1.8460002324200893,1.0358882877028164
2240,train,1,0,0,-300.0,202.2330033643002,0.2857142857142857,-62.53230106304116,34.36761200867016,0.0,-0.23809523809523814,63.23375574484682,0.5,1.3371514608123618,0.6022431206283233
2240,train,2,0,0,780.0,2382.5943011314903,0.047619047619047616,82.22047505726323,182.59561847043403,-0.09523809523809523,1.1904761904761905,-65.87775918728913,0.5,1.3371514608123618,0.6022431206283233
2241,train,1,0,0,-240.0,-311.21078643166675,0.16666666666666666,423.4050284226582,0.0,-0.3333333333333333,0.0,0.0,0.5,1.0,1.0
2241,train,0,2,1,240.0,-189.7325432445523,0.16666666666666666,-217.67618823244032,0.0,-1.0,0.0,0.0,0.5,1.0,1.0
2242,train,1,0,1,-360.0,492.33867251880156,0.14285714285714285,114.85835280354229,107.11337743773495,0.0,-1.4285714285714286,-20.710308629082533,0.5,0.500574254740414,1.1301357505075411
2242,train,1,2,1,-60.0,1229.4535154551281,0.0,137.19590057225318,95.01006004787949,0.0,0.0,-23.478013621591938,0.5,0.500574254740414,1.1301357505075411
2243,train,1,0,1,-240.0,-35.97281385233964,-1.0,0.0,0.0,0.0,0.0,-79.58550614504897,0.5,0.8921960200872275,1.1910127534243942
2243,train,1,2,1,180.0,1424.7315864518223,0.0,0.0,0.0,0.0,0.0,-79.2427791051496,0.5,0.8921960200872275,1.1910127534243942
2244,test,0,2,0,120.0,444.2177337020662,0.0,0.0,0.0,1.0,0.0,0.0,0.5,1.9231773620233,1.2165035909923294
2244,test,1,2,0,60.0,741.0978087321741,0.0,0.0,0.0,1.0,0.0,0.0,0.5,1.9231773620233,1.2165035909923294
2245,train,0,2,0,-180.0,-134.84452189491913,0.0,0.0,0.0,0.0,0.0,0.0,0.5,0.5320888453930978,0.5318366785097941
2245,train,1,2,0,-60.0,647.9838047040439,0.0,0.0,0.0,0.0,7.0,0.0,0.5,0.5320888453930978,0.5318366785097941
2246,train,0,1,1,-300.0,-1252.3546798022694,0.0,-167.4245628881245,-52.79419188049914,0.26666666666666666,0.0,-73.82603333919101,0.5,1.0,1.0
2246,train,2,0,0,120.0,533.7629303946655,0.2666666666666667,73.89104618438199,12.571124506134746,0.0,0.0,29.485135552849002,0.5,1.0,1.0
2247,test,0,1,1,180.0,362.01042642183165,0.0,176.8064667992232,136.71404580721781,-1.0,0.0,0.0,0.5,1.3733711401207536,0.63540231419343
2247,test,0,2,1,0.0,-1196.568651492612,0.0,-299.8257557582168,49.86764371969062,0.0,0.0,0.0,0.5,1.3733711401207536,0.63540231419343
2248,train,0,1,1,-720.0,-1150.9188977996318,0.0,0.0,0.0,0.0,0.0,0.0,0.5,1.0,1.0
2248,train,2,0,0,180.0,-665.9408077444232,0.0,0.0,0.0,0.0,0.0,0.0,0.5,1.0,1.0
2249,train,0,1,0,420.0,-189.06524052851182,0.2,6.778250732586969,-30.072604316664027,0.4,0.0,0.0,0.5,1.5545743163920294,0.9757458023075826
2249,train,1,2,1,-360.0,710.5622985788114,-0.2,-225.0218504455018,94.85036878178232,-0.4,0.0,0.0,0.5,1.5545743163920294,0.9757458023075826
2250,train,1,0,0,60.0,1385.4907493250157,-0.047619047619047616,149.32084425718287,-74.72254449475652,0.0,0.1428571428571428,10.090769176890618,0.5,0.6944738558497865,0.7372880977282891
2250,train,0,2,1,-240.0,-509.7579168082748,-0.047619047619047616,58.910803833967464,46.458044790251556,0.0,0.4285714285714286,-67.21219724973217,0.5,0.6944738558497865,0.7372880977282891
2251,train,2,0,1,-480.0,-1600.4918585214155,0.06666666666666667,0.0,75.02201088800578,0.26666666666666666,0.6666666666666665,-306.421828700607,0.5,0.5446091784115443,1.2140323326893707
2251,train,1,2,0,240.0,908.5911557069967,0.0,0.0,136.83664219098333,0.7999999999999999,1.666666666666667,-17.886426638502083,0.5,0.5446091784115443,1.2140323326893707
2252,train,0,2,0,180.0,1102.9443595334333,0.0,882.8316061753774,0.0,0.0,0.8333333333333334,52.94582742518102,0.5,1.4655757739166022,0.8146677638988706
2252,train,2,1,1,-240.0,-417.05144289013606,0.0,34.528436081487826,0.0,0.0,-0.16666666666666666,-275.89473479353865,0.5,1.4655757739166022,0.8146677638988706
2253,train,1,0,0,-360.0,503.38954098640534,0.0,0.0,1226.3441704107215,0.0,0.0,0.0,0.5,1.8427848695154523,0.7803980168165316
2253,train,2,0,0,-540.0,-149.7166825283566,0.0,0.0,713.6960557044143,0.0,0.0,0.0,0.5,1.8427848695154523,0.7803980168165316
2254,train,0,2,0,-60.0,-379.66593709699646,0.0,-110.84781953886639,25.424199455569997,0.0,0.5333333333333334,0.940543789313478,0.5,0.5986538350912892,1.092271340492086
2254,train,1,2,0,60.0,220.31861809776456,-0.13333333333333333,7.2140614938413705,93.70140783184166,0.0,1.0666666666666667,2.2065051424502666,0.5,0.5986538350912892,1.092271340492086
2255,test,1,0,1,120.0,355.3019991158394,0.0,-418.8951220742085,0.0,0.0,0.0,-22.267377654349474,0.5,1.0,1.0
2255,test,1,2,1,-60.0,930.2853148621039,0.0,-360.92662946171725,0.0,0.0,0.0,32.011258836682096,0.5,1.0,1.0
2256,train,2,0,1,-60.0,-252.7652858066176,0.0,0.0,-4.707996951109827,-0.4,0.0,-25.195617499204793,0.5,0.8263611025930174,1.6382028517496483
2256,train,2,1,1,60.0,237.76377045189247,0.0,0.0,32.332189526608616,-0.4,-0.6,-75.56770808865711,0.5,0.8263611025930174,1.6382028517496483
2257,train,2,0,1,0.0,-312.1507395607855,0.0,-409.01568052054915,-28.87677101390005,0.0,0.8,0.0,0.5,1.0,1.0
2257,train,2,1,1,0.0,-127.15167556230926,0.0,-250.63512464449536,-11.137876694560756,-0.3,0.6000000000000001,0.0,0.5,1.0,1.0
2258,train,0,1,0,240.0,263.94611310792607,0.0,-15.769748397123408,0.0,-0.16666666666666666,2.5,0.0,0.5,0.8454049486086975,1.632004227106738
2258,train,2,1,0,0.0,-152.619030603586,0.0,-141.08887627924912,0.0,0.0,0.0,0.0,0.5,0.8454049486086975,1.632004227106738
2259,train,0,1,0,-480.0,-1106.0162437011186,0.0,0.0,0.0,0.0,3.0,0.0,0.5,0.7135810152470803,0.5470052156363459
2259,train,1,2,1,-540.0,-2742.125753155893,0.0,0.0,0.0,0.0,0.0,0.0,0.5,0.7135810152470803,0.5470052156363459
2260,train,1,0,1,-60.0,-805.6896850414882,0.0,0.0,0.0,0.0,0.0,-72.66069795988585,0.5,1.0868151297718327,1.0339253854617174
2260,train,1,2,1,-120.0,-411.94635624896955,0.0,0.0,0.0,0.0,0.0,-171.32065578681028,0.5,1.0868151297718327,1.0339253854617174
2261,train,1,0,0,-60.0,-275.39271453154834,-0.2,-82.33655914272958,-118.94900005033594,0.0,0.5,0.0,0.5,0.9758775226803009,0.5942977650582549
2261,train,2,0,0,240.0,2152.5340407979284,0.6000000000000001,510.20137112943405,117.11581405626123,0.0,0.6,0.0,0.5,0.9758775226803009,0.5942977650582549
2262,train,0,2,0,60.0,388.9590323094917,0.0,144.70890809737483,114.96383989593592,0.0,0.0,-67.94068227289993,0.5,0.6381278639103113,0.7683778704429288
2262,train,1,2,0,0.0,458.4734733502992,0.0,185.70452513641663,20.059354780108933,-0.06666666666666667,0.0,-21.750852475661496,0.5,0.6381278639103113,0.7683778704429288
2263,test,2,0,1,-60.0,275.02806736004277,0.2857142857142857,-19.846001900556573,63.18026043212975,-0.7142857142857142,0.0,0.7877846757007472,0.5,0.7437871058510996,0.8528286162838495
2263,test,1,2,0,-60.0,-623.5776461677706,-0.2857142857142857,174.35396506670742,-72.80100784911204,0.23809523809523808,-0.2857142857142857,-11.270757705740882,0.5,0.7437871058510996,0.8528286162838495
2264,validation,2,0,1,-720.0,-1574.3362100611575,-1.7999999999999998,0.0,0.0,-0.4,-0.5,-103.55086090078271,0.5,0.7695045932843536,1.6101484568108575
2264,validation,1,2,0,420.0,333.79677749729854,0.0,0.0,0.0,0.2,0.6,59.55559934201176,0.5,0.7695045932843536,1.6101484568108575
2265,train,0,2,0,360.0,1047.0691045899407,0.26666666666666666,0.0,66.23460175118765,-0.3333333333333333,-0.8,49.445439149066324,0.5,1.3008409395125242,1.9151998328997286
2265,train,2,1,1,-180.0,-1119.0717123880936,-1.3333333333333335,0.0,-99.66519335911337,0.6666666666666666,0.0,-61.78195810694987,0.5,1.3008409395125242,1.9151998328997286
2266,train,0,1,0,-120.0,-1923.800972884093,0.0,-98.92209189485499,-97.5722655606635,0.47619047619047616,-0.09523809523809523,-50.90045300633507,0.5,1.249520832727304,1.4846381664719286
2266,train,1,2,1,-60.0,782.1666474227522,0.0,136.45826034575742,65.7468890931842,-0.47619047619047616,-0.14285714285714285,50.90045300633507,0.5,1.249520832727304,1.4846381664719286
2267,validation,0,1,1,-120.0,-927.0081732760741,0.0,0.0,-23.287884550864263,0.0,-0.8999999999999999,-1.8540163465521484,0.5,0.8287396777490933,0.7557604728415226
2267,validation,2,0,0,-60.0,-105.76180717805642,0.1,0.0,45.61414864453897,0.0,0.3,-4.214208037103532,0.5,0.8287396777490933,0.7557604728415226
2268,validation,0,1,0,-420.0,691.6497839594967,0.0,2.804567069146131,369.00923251555383,0.0,0.6,-60.216670042991375,0.5,0.6029896622781817,0.6167057032418689
2268,validation,2,1,0,-240.0,655.1969035982711,0.0,34.165208686808825,87.6984619144051,-0.06666666666666667,1.0,-11.267409569019115,0.5,0.6029896622781817,0.6167057032418689
2269,train,2,0,1,300.0,-101.579006464558,-0.26666666666666666,-252.10758791910462,-52.58780444917714,-0.2,0.0,0.0,0.5,1.0,1.0
2269,train,1,2,0,60.0,1100.563651015529,0.26666666666666666,660.1803173713058,96.90651299802242,0.4,0.0,37.7748128797536,0.5,1.0,1.0
2270,train,1,0,1,-60.0,290.60035855140995,0.0,0.0,-452.1642983145972,0.0,-1.333333333333333,84.58792058035803,0.5,0.7645815001000887,1.3591886414203709
2270,train,1,2,1,-240.0,-690.3602797821404,0.0,0.0,90.58059829533173,0.0,-0.6666666666666665,3.71883023717902,0.5,0.7645815001000887,1.3591886414203709
2271,test,0,1,0,0.0,94.04054458596056,0.0,576.7953364918767,-4.589128271123599,0.0,0.0,0.0,0.5,1.0,1.0
2271,test,1,2,1,120.0,-495.31062375934016,0.0,-251.15282008486287,-213.3552021293275,0.0,0.0,0.0,0.5,1.0,1.0
2272,train,2,0,1,60.0,-369.193486158154,0.0,363.11273891224687,-41.43738230676615,0.0,-1.9999999999999996,0.0,0.5,1.0,1.0
2272,train,2,1,1,-180.0,-2864.2052626485347,0.0,-1054.2217138903393,303.8149164521762,0.0,0.3333333333333335,0.0,0.5,1.0,1.0
2273,train,0,1,0,-480.0,-916.5429952567711,3.0,0.0,0.0,0.0,0.0,0.0,0.5,0.969861580458655,0.8209678333310193
2273,train,2,1,0,-420.0,-1826.3531093183592,1.0,0.0,0.0,0.0,0.0,0.0,0.5,0.969861580458655,0.8209678333310193
2274,validation,1,0,0,240.0,143.31331091145512,0.0,0.0,-19.634623695571776,0.0,0.0,0.0,0.5,0.9169915067908521,1.4212965826350068
2274,validation,2,0,0,60.0,1015.9072219862255,1.3333333333333333,0.0,-8.949313840728678,0.0,0.0,0.0,0.5,0.9169915067908521,1.4212965826350068
2275,test,1,0,0,120.0,815.7696552095845,0.0,0.0,0.0,0.0,0.0,0.0,0.5,1.0,1.0
2275,test,2,0,0,420.0,802.5150440333023,0.0,0.0,0.0,0.0,0.0,0.0,0.5,1.0,1.0
2276,train,1,0,0,120.0,1666.1798730762239,0.13333333333333333,0.0,42.1064163116701,0.0,1.8666666666666667,-2.8755174396712846,0.5,0.8489395548181407,1.8733072617625495
2276,train,2,0,0,840.0,3839.687026659941,0.0,0.0,33.50452651257851,0.3333333333333333,1.6,-46.04916607852691,0.5,0.8489395548181407,1.8733072617625495
2277,test,0,2,0,-180.0,-73.94029310287578,0.0,0.0,0.0,0.0,0.0,0.0,0.5,1.0,1.0
2277,test,2,1,1,240.0,-103.22770097830198,0.0,0.0,0.0,0.0,0.0,0.0,0.5,1.0,1.0
2278,train,0,1,0,120.0,793.2456187557582,-0.2857142857142857,117.49634494519617,78.74281318886563,0.0,0.42857142857142855,24.058183327594673,0.5,1.396691964242185,0.591498604932691
2278,train,1,2,1,-240.0,-1457.5464951114013,0.0,-140.9479578817975,-127.97831736870286,0.0,-0.42857142857142855,5.772892368549034,0.5,1.396691964242185,0.591498604932691
2279,train,1,0,1,-60.0,-722.391329855308,0.0,0.0,0.0,0.0,0.0,0.0,0.5,1.0,1.0
2279,train,1,2,1,-240.0,1453.2329413586767,0.0,0.0,0.0,0.0,0.0,0.0,0.5,1.0,1.0
2280,train,1,0,1,-360.0,-1204.3767500725562,0.0,-78.38535941888725,0.0,-0.6666666666666666,0.0,0.0,0.5,0.7154678401336563,1.8515136076067447
2280,train,1,2,1,-540.0,147.0920543728589,0.0,-121.67810578002431,0.0,-0.6666666666666666,0.0,0.0,0.5,0.7154678401336563,1.8515136076067447
2281,train,2,0,1,-360.0,-532.8831417204674,-0.5333333333333334,0.0,-267.32472265024296,-0.2666666666666667,0.0,-11.092154618691865,0.5,1.878648994084476,0.9819292278341785
2281,train,1,2,0,0.0,-221.99171859683065,-0.26666666666666666,0.0,293.85931008221604,0.0,0.0,29.888084855818192,0.5,1.878648994084476,0.9819292278341785
2282,train,1,0,1,-420.0,516.8495624705101,-1.3333333333333333,0.0,161.27386972401797,0.0,0.0,0.0,0.5,1.0484897213730808,1.2048482443317894
2282,train,1,2,1,240.0,-791.3069434766021,-1.3333333333333333,0.0,-254.15213391702693,0.0,0.0,0.0,0.5,1.0484897213730808,1.2048482443317894
2283,train,1,0,0,240.0,1122.4399714547367,0.0,-15.566137390995465,-21.005985004803307,0.0,-0.8000000000000002,0.0,0.5,1.8739453447167458,1.561055367218868
2283,train,0,2,1,-300.0,-342.00693993737104,-0.3,6.2464596309596345,-0.25239360162572666,0.0,-0.7999999999999998,0.0,0.5,1.8739453447167458,1.561055367218868
2284,test,0,1,1,-300.0,-544.7086783687773,0.0,-104.67793760288805,0.0,0.3333333333333333,0.0,-61.03198613860235,0.5,1.0,1.0
2284,test,0,2,1,-300.0,-127.977153961147,0.0,-380.56719193383145,0.0,0.16666666666666666,0.0,36.11859820377771,0.5,1.0,1.0
2285,train,0,1,0,480.0,563.7558786800914,-0.23809523809523808,-33.742624110446855,-36.49252928399676,0.09523809523809523,-0.2857142857142857,-3.1816911150734724,0.5,1.7999700098448588,0.5210341225275187
2285,train,2,1,0,420.0,254.29395466734286,0.4761904761904761,-95.25925600202385,71.62005782406419,0.047619047619047616,-0.09523809523809523,72.27516661305224,0.5,1.7999700098448588,0.5210341225275187
2286,train,0,1,1,0.0,-1072.5745093324986,-0.26666666666666666,0.0,-2.1245551850368045,-0.26666666666666666,-0.9999999999999999,-18.647359146665927,0.5,1.457700211070043,0.9673860317922868
2286,train,2,0,0,60.0,781.0151481928747,0.0,0.0,5.57891013097548,0.06666666666666667,0.33333333333333337,69.85866851151991,0.5,1.457700211070043,0.9673860317922868
2287,test,0,1,1,180.0,2133.0788846605137,0.0,0.0,0.0,0.0,0.0,0.0,0.5,1.0,1.0
2287,test,2,0,0,180.0,425.4462043311123,0.0,0.0,0.0,0.0,0.0,0.0,0.5,1.0,1.0
2288,train,1,0,1,-300.0,-651.4272874678732,0.0,-149.22178411536873,-4.350206903190781,-0.2666666666666667,0.0,-18.664585207871596,0.5,1.156832477569108,0.7168317003122295
2288,train,2,1,0,-60.0,1142.5598567363909,0.0,92.61022644725529,21.63365058611376,-0.26666666666666666,-0.33333333333333304,40.682940533262254,0.5,1.156832477569108,0.7168317003122295
2289,train,0,1,0,540.0,654.4315327762379,0.09523809523809523,-353.13252076924005,51.10487539806445,0.0,1.1904761904761902,4.202373322702918,0.5,1.0,1.0
2289,train,1,2,1,-180.0,-402.9767985731896,0.0,49.21783296901481,-11.834129949268316,0.19047619047619047,-0.9523809523809523,10.248364891430482,0.5,1.0,1.0
2290,validation,0,2,0,540.0,425.47210235714556,-0.09523809523809523,-175.02531331306346,151.78815874279567,-0.19047619047619047,0.2857142857142857,38.44601098399642,0.5,0.7825976689468337,1.1352800276449577
2290,validation,1,2,0,180.0,643.6665820635467,-0.047619047619047616,-196.20036545058687,50.61839233393377,0.19047619047619047,0.2857142857142857,79.1619053030857,0.5,0.7825976689468337,1.1352800276449577
2291,train,1,0,0,180.0,1504.663024758609,0.0,0.0,0.0,3.0,0.0,0.0,0.5,0.6883761742747695,0.6582208339537262
2291,train,2,0,0,360.0,-101.25198786397777,0.0,0.0,0.0,0.0,0.0,0.0,0.5,0.6883761742747695,0.6582208339537262
2292,train,2,0,1,-120.0,-94.2113706973405,-0.4,0.0,-470.6368595630489,0.0,0.09999999999999998,-15.505711925427123,0.5,0.6000586940185717,1.494973508732998
2292,train,2,1,1,240.0,241.5101250958096,0.0,0.0,-54.75528361451245,0.0,0.09999999999999998,-166.89952781772936,0.5,0.6000586940185717,1.494973508732998
2293,train,2,0,1,-240.0,-780.5326232313182,0.0,0.0,0.0,0.0,-0.5,-10.802322889281498,0.5,0.96957264368942,0.8764353703511041
2293,train,2,1,1,-60.0,-839.2016167683732,0.0,0.0,0.0,-1.0,0.6666666666666667,98.76663713337983,0.5,0.96957264368942,0.8764353703511041
2294,train,2,0,1,-360.0,-134.94841855528193,0.5714285714285714,-163.80451317588336,-70.622978320532,-0.09523809523809523,-0.7142857142857144,43.46870056941245,0.5,1.0,1.0
2294,train,1,2,0,900.0,1651.9225221345487,0.0,379.5061104129338,-67.99480259256389,0.09523809523809523,1.1904761904761902,-33.60170076333647,0.5,1.0,1.0
2295,train,0,1,0,0.0,-58.66171813122946,0.0,0.0,0.0,0.0,2.0,0.0,0.5,1.8476776243190647,0.8580586324087214
2295,train,2,1,0,-120.0,-651.3532220224147,0.0,0.0,0.0,0.0,1.0,0.0,0.5,1.8476776243190647,0.8580586324087214
2296,train,1,0,1,-540.0,-2014.6426173050932,0.0,-143.77677800276876,0.0,0.0,0.0,-152.3407410727424,0.5,1.8264374829530579,0.6628407478416564
2296,train,1,2,1,180.0,-1314.3737021782754,0.0,32.23106586101812,0.0,0.0,0.0,-259.2413700680212,0.5,1.8264374829530579,0.6628407478416564
2297,train,0,2,0,-60.0,259.8474289284204,-0.33333333333333337,0.0,0.0,0.0,1.0,18.647093506753418,0.5,0.792078133204271,1.1868388600460507
2297,train,2,1,1,60.0,384.12433848640194,0.33333333333333337,0.0,0.0,0.0,-2.5,8.641324830817322,0.5,0.792078133204271,1.1868388600460507
2298,train,0,1,1,-120.0,-294.7130575089268,0.0,132.36486374988286,-68.72954921543226,0.26666666666666666,-1.2,0.0,0.5,1.9331945247822842,1.2679830436607247
2298,train,0,2,1,0.0,765.469108798165,0.0,78.11860267636848,-12.955618189576576,0.0,0.0,0.0,0.5,1.9331945247822842,1.2679830436607247
2299,train,0,1,0,480.0,4075.001840001384,2.0,0.0,0.0,0.0,0.0,161.2930254045612,0.5,1.75560505947132,1.9852493138486997
2299,train,2,1,0,240.0,2472.918029291047,0.6666666666666666,0.0,0.0,0.0,0.0,15.120412025973565,0.5,1.75560505947132,1.9852493138486997
2300,train,0,1,0,-300.0,-168.6873132166611,0.0,-473.18975685917076,7.988513184131968,0.3333333333333333,0.8,-1.0158321863029443,0.5,1.1525422488703543,1.7958090960748752
2300,train,2,1,0,-120.0,-412.20617184620824,0.0,-393.3108659452188,121.9226665283839,0.0,-0.5333333333333332,-4.120928189584159,0.5,1.1525422488703543,1.7958090960748752
2301,train,0,1,1,0.0,616.4817650803734,0.0,0.0,0.0,0.0,0.0,0.0,0.5,1.0,1.0
2301,train,0,2,1,180.0,1335.4244511329716,0.0,0.0,0.0,0.0,0.0,0.0,0.5,1.0,1.0
2302,train,0,2,0,300.0,1356.2396412385551,0.5714285714285714,52.97926219013681,6.148414460996975,0.19047619047619047,0.23809523809523808,-11.647844858263717,0.5,1.3478606753824904,0.5965212607201978
2302,train,1,2,0,-180.0,194.48055760137868,0.0,210.91921945070902,-28.759270964951128,0.09523809523809523,0.19047619047619047,29.156412267407504,0.5,1.3478606753824904,0.5965212607201978
2303,train,0,1,0,60.0,-55.02770204433227,0.0,-120.95695072331097,0.0,0.0,0.0,0.0,0.5,1.0,1.0
2303,train,1,2,1,-300.0,-178.32597308015693,0.0,-393.08276215690944,0.0,0.0,-0.16666666666666669,0.0,0.5,1.0,1.0
2304,train,1,0,0,300.0,794.7965914149236,0.0,0.0,0.0,3.0,0.0,0.0,0.5,0.9281797435051019,1.8869138700057477
2304,train,2,0,0,-60.0,-122.47471976004181,0.0,0.0,0.0,1.0,0.0,0.0,0.5,0.9281797435051019,1.8869138700057477
2305,validation,1,0,0,240.0,-712.6422024202548,0.0,0.0,867.3002492383442,0.0,0.0,0.0,0.5,1.0177251932020708,1.0597740193782776
2305,validation,0,2,1,-420.0,721.4042153517948,0.0,0.0,-399.0824085328425,0.0,0.0,0.0,0.5,1.0177251932020708,1.0597740193782776
2306,validation,0,1,1,-240.0,-839.565828140167,0.0,0.0,0.0,0.0,0.0,0.0,0.5,1.0,1.0
2306,validation,2,0,0,0.0,1549.8671456088987,0.0,0.0,0.0,0.0,0.0,0.0,0.5,1.0,1.0
2307,train,1,0,1,0.0,-269.347709276728,0.0,0.0,-15.574087311177152,-0.3,1.2000000000000002,-44.851273801152125,0.5,0.5366845316400208,0.622736586014418
2307,train,2,1,0,60.0,439.3513241775672,0.0,0.0,-14.054237732193656,0.3,-0.8000000000000003,68.58155945926417,0.5,0.5366845316400208,0.622736586014418
2308,train,0,1,1,-720.0,-1353.0629770698142,0.0,0.0,-656.6128942645975,0.0,0.0,0.0,0.5,1.6832720695142487,0.5165777462670139
2308,train,0,2,1,-480.0,259.15543475990125,0.0,0.0,-664.0139510894093,0.0,0.0,0.0,0.5,1.6832720695142487,0.5165777462670139
2309,train,1,0,1,-600.0,327.33611472192206,0.0,0.0,0.0,0.0,0.0,0.0,0.5,1.0,1.0
2309,train,2,1,0,540.0,287.3514102843519,0.0,0.0,0.0,0.0,0.0,0.0,0.5,1.0,1.0
2310,train,0,1,0,-60.0,-2279.6502634095086,-0.09999999999999998,276.22828827300003,130.2476747277368,0.0,0.0,190.1965334032783,0.5,0.6858777717596144,1.5443188932483414
2310,train,2,1,0,420.0,-1410.0647251696482,-0.30000000000000004,336.35674495677637,156.141343992209,0.0,0.0,47.88512717053233,0.5,0.6858777717596144,1.5443188932483414
2311,train,0,2,0,180.0,337.38081301689544,0.33333333333333337,565.4003511604267,89.26441661746989,0.0,0.0,-24.295237958995713,0.5,1.573167451394762,1.5573153172528253
2311,train,2,1,1,-120.0,-722.8160142185307,0.3333333333333333,-225.42920163301156,-49.48845525594566,0.0,-0.8,14.964653945641517,0.5,1.573167451394762,1.5573153172528253
2312,train,0,1,1,-660.0,-4958.6727419041845,0.0,-302.6047072824863,-222.57739936316096,0.0,0.0,0.0,0.5,1.0,1.0
2312,train,0,2,1,-300.0,-2625.5828925189626,0.0,-3110.6468495068007,-170.88324744895328,0.0,0.0,0.0,0.5,1.0,1.0
2313,test,1,0,1,-540.0,-2956.0954128713347,0.0,223.5028338987741,-500.04995635429134,-0.06666666666666668,-0.6666666666666665,79.79024122300535,0.5,1.4674968266198751,0.5679779923993729
2313,test,1,2,1,-300.0,202.87976725536737,0.0,426.1049672544971,-220.2533131298033,-0.06666666666666668,-1.333333333333333,125.85937601301198,0.5,1.4674968266198751,0.5679779923993729
2314,train,0,1,1,0.0,-349.08302031550556,0.0,0.0,-23.27035519799178,0.0,0.0,-44.60009686104279,0.5,1.2513599137774718,1.5044337253179927
2314,train,2,0,0,0.0,-13.94722795300595,-0.4,0.0,8.776215562063754,0.3,0.0,-3.0025515109606307,0.5,1.2513599137774718,1.5044337253179927
2315,train,0,1,1,-120.0,505.28162451269463,0.0,107.96515484038815,-14.380267111443963,0.0,0.8,0.0,0.5,1.6136283628787673,1.2766635995440734
2315,train,0,2,1,-120.0,-573.3865165568427,-0.3333333333333333,240.04135209303334,-12.294365393086572,-0.13333333333333333,0.0,0.0,0.5,1.6136283628787673,1.2766635995440734
2316,validation,1,0,0,-480.0,-348.5732227936378,0.16666666666666666,0.0,240.313110568136,0.0,1.6666666666666665,0.0,0.5,0.5122838169514948,1.308958368132555
2316,validation,0,2,1,240.0,516.0307640981882,0.0,0.0,-198.5903809447357,0.0,-1.6666666666666665,0.0,0.5,0.5122838169514948,1.308958368132555
2317,train,0,1,1,60.0,273.7720207148859,-0.7142857142857142,-68.066673816795,165.03715994064584,0.0,-1.1428571428571428,-6.330892620784759,0.5,1.3154803422524193,1.6928744233245907
2317,train,0,2,1,0.0,-121.80290331236029,-0.47619047619047616,-59.93242052698986,196.45801439943494,-0.047619047619047616,-0.8571428571428571,-3.4494643663411253,0.5,1.3154803422524193,1.6928744233245907
2318,test,0,1,0,600.0,1904.5834085563429,0.0,0.0,0.0,0.0,0.0,0.0,0.5,1.0,1.0
2318,test,1,2,1,-480.0,-2630.3104294381956,0.0,0.0,0.0,0.0,0.0,0.0,0.5,1.0,1.0
2319,train,2,0,1,420.0,981.9771468330177,-0.2666666666666667,188.12279780619355,0.0,-0.3333333333333333,0.2,-9.736384746205502,0.5,0.8112138946112942,0.5217090676854713
2319,train,1,2,0,-180.0,-1307.510990055287,-0.5333333333333333,-69.49526908577442,0.0,0.3333333333333333,-0.2666666666666667,-6.990263673019516,0.5,0.8112138946112942,0.5217090676854713
2320,train,1,0,0,60.0,-20.630936844687312,0.0,0.0,0.0,0.6666666666666666,0.0,-81.72531524593266,0.5,1.5519808260096513,0.8555021030222542
2320,train,0,2,1,-60.0,290.7046520001718,0.0,0.0,0.0,0.0,0.0,46.91691692243285,0.5,1.5519808260096513,0.8555021030222542
2321,train,2,0,1,-240.0,-59.21099727807996,0.8571428571428571,15.963323196637447,51.29857778317309,-0.38095238095238093,0.0,-42.289635794728724,0.5,1.1044058176340545,1.3192757042243928
2321,train,2,1,1,-240.0,-252.0132356533768,0.2857142857142857,-355.85948119379054,-28.7395564184651,-0.38095238095238093,0.0,-1.1123142011420555,0.5,1.1044058176340545,1.3192757042243928
2322,train,1,0,0,-360.0,438.3867355598604,0.4,232.50509660914435,22.66388999890613,0.0,-0.30000000000000004,0.0,0.5,0.6703033621297074,1.677805876015851
2322,train,2,0,0,-300.0,2151.1946600574647,0.8000000000000002,671.8894758542222,37.8721107150251,0.0,1.1999999999999997,0.0,0.5,0.6703033621297074,1.677805876015851
2323,train,0,1,0,-60.0,-395.0184310379,1.0,0.0,367.4281463900886,0.0,0.0,0.0,0.5,0.6098708892369695,0.6910249224139701
2323,train,1,2,1,0.0,-986.7970017131602,-1.0,0.0,-356.6277620840156,-0.3333333333333333,0.0,0.0,0.5,0.6098708892369695,0.6910249224139701
2324,train,1,0,1,-420.0,-1826.418755665366,0.0,0.0,0.0,-0.6,0.09999999999999998,42.07809567419314,0.5,0.5845523120205498,1.4589774032177252
2324,train,2,1,0,660.0,1820.5248297207581,0.8,0.0,0.0,0.3,0.0,-21.98306639184191,0.5,0.5845523120205498,1.4589774032177252
2325,train,1,0,0,-120.0,-408.7948023949584,-0.6,1023.4764905277973,-49.74668278236531,0.6,0.0,0.0,0.5,1.0,1.0
2325,train,2,0,0,-540.0,-1497.3546700828083,-0.3999999999999999,54.06093764885895,-45.958212929897755,0.6,0.0,0.0,0.5,1.0,1.0
2326,validation,2,0,1,-240.0,140.1584823637063,0.0,-466.35380218842664,0.0,0.0,0.0,0.0,0.5,1.0,1.0
2326,validation,1,2,0,240.0,662.2839143969095,0.0,64.43293633077451,0.0,0.0,0.0,0.0,0.5,1.0,1.0
2327,train,0,2,0,-60.0,-59.973897186877366,0.0,1231.5824660591431,0.0,0.0,0.0,0.0,0.5,1.0,1.0
2327,train,1,2,0,60.0,938.4152194999174,0.0,1780.615722023543,0.0,0.0,0.0,0.0,0.5,1.0,1.0
2328,validation,0,1,1,-180.0,-449.14544809330164,0.1,-34.850302579062415,-277.89246281349074,-0.3,0.0,0.0,0.5,0.7527263147046581,1.3315977879928595
2328,validation,0,2,1,-360.0,-573.507915775624,-0.20000000000000004,-23.324353798314988,-81.64316531930288,0.0,0.0,0.0,0.5,0.7527263147046581,1.3315977879928595
2329,train,0,1,0,360.0,852.9025206122597,-0.047619047619047616,22.480308113861042,37.004142107411326,0.47619047619047616,0.14285714285714285,50.11459684382124,0.5,0.522373193781915,0.8019171090399665
2329,train,2,1,0,60.0,346.4060378082677,-0.09523809523809523,13.870638149970745,-7.241734749487884,0.0,-0.14285714285714285,86.42212008535006,0.5,0.522373193781915,0.8019171090399665
2330,train,0,1,1,-180.0,1363.1357433762696,0.0,0.0,0.0,0.0,0.0,0.0,0.5,1.0,1.0
2330,train,0,2,1,60.0,1603.8163829214013,0.0,0.0,0.0,0.0,0.0,0.0,0.5,1.0,1.0
2331,train,0,2,0,60.0,758.8688087765181,0.0,0.0,0.0,0.0,0.0,0.0,0.5,1.0,1.0
2331,train,2,1,1,-60.0,-221.5027419524149,0.0,0.0,0.0,0.0,0.0,0.0,0.5,1.0,1.0
2332,train,1,0,1,0.0,-217.8992559832509,-0.6,0.0,92.0961655603601,-0.2,0.0,16.336211078807818,0.5,1.0842090065246994,1.2655290078731922
2332,train,1,2,1,-120.0,-143.07358773542637,-0.8999999999999999,0.0,92.9386391600984,0.0,0.0,14.785893375450463,0.5,1.0842090065246994,1.2655290078731922
2333,validation,0,2,0,0.0,-475.58616158842324,-0.09523809523809523,-38.67650783620465,-190.41778591426674,0.23809523809523808,0.5714285714285714,3.5297638304487826,0.5,0.8183290059285779,0.9910074641702176
2333,validation,2,1,1,120.0,-70.61657166420264,0.19047619047619047,-92.28308351558363,241.25793644212033,0.0,-0.19047619047619047,16.51353999843573,0.5,0.8183290059285779,0.9910074641702176
2334,train,0,2,0,-120.0,678.6698633061483,0.0,383.7732828570774,0.0,0.0,0.0,61.60004067981146,0.5,1.0514475546458066,0.7387659983271784
2334,train,2,1,1,-60.0,-896.0134460099011,0.0,-25.89260959904351,0.0,0.0,-2.0,-52.61129183425126,0.5,1.0514475546458066,0.7387659983271784
2335,train,1,0,1,540.0,-32.33156505862007,0.0,112.02593176385153,-113.70703704698988,0.0,0.0,0.0,0.5,1.0,1.0
2335,train,1,2,1,1140.0,1494.525183917408,0.0,-182.7119832210467,-302.76349928572273,0.0,0.0,0.0,0.5,1.0,1.0
2336,validation,2,0,1,-180.0,-761.0909142251603,0.0,0.0,0.0,0.0,-1.6666666666666665,88.25950209874827,0.5,0.8126205288410504,0.8793667642403248
2336,validation,2,1,1,60.0,-58.637106374789255,-0.16666666666666666,0.0,0.0,0.0,0.0,8.000845916376136,0.5,0.8126205288410504,0.8793667642403248
2337,validation,0,1,0,0.0,277.9175139683366,-0.5,-91.99858995185963,0.0,0.0,0.6666666666666665,0.0,0.5,1.0415025299094853,1.6720870622266997
2337,validation,2,1,0,0.0,420.12989091788495,0.0,-25.43049104414314,0.0,0.0,-0.33333333333333326,0.0,0.5,1.0415025299094853,1.6720870622266997
2338,validation,1,0,1,-420.0,-114.67432376121178,-0.20000000000000004,0.0,0.8172653554129852,0.0,-0.2999999999999998,62.03597824477774,0.5,0.9786387834071113,0.7096964484764572
2338,validation,1,2,1,-180.0,-358.89969892704175,-0.4,0.0,30.126022943121242,0.0,0.2999999999999998,37.873664478246894,0.5,0.9786387834071113,0.7096964484764572
2339,test,0,1,0,240.0,1152.8382179985838,-1.0,-203.7611512009277,194.6742688623124,0.5333333333333334,-0.4666666666666666,0.0,0.5,0.6254562429665271,1.3395997167813611
2339,test,2,1,0,120.0,1155.8330749201195,0.33333333333333326,31.092453289791706,-27.71647333148482,0.0,-0.1333333333333333,0.0,0.5,0.6254562429665271,1.3395997167813611
2340,test,1,0,1,-300.0,-364.19484731899956,0.6000000000000001,-244.86187150908893,0.0,0.0,-0.2,-0.5144249541064738,0.5,1.0,1.0
2340,test,2,1,0,300.0,515.443248516035,-0.6000000000000001,779.4489764313437,0.0,0.0,0.7,61.45535452803351,0.5,1.0,1.0
2341,train,0,1,1,-60.0,-643.4339691822615,0.0,0.0,0.0,0.0,0.0,0.0,0.5,1.0,1.0
2341,train,2,0,0,120.0,954.6299251907303,0.0,0.0,0.0,0.0,0.0,0.0,0.5,1.0,1.0
2342,train,1,0,1,-300.0,-120.57744860820458,0.0,0.0,0.0,0.0,0.0,0.0,0.5,1.0,1.0
2342,train,2,1,0,600.0,-631.9094878365877,0.0,0.0,0.0,0.0,0.0,0.0,0.5,1.0,1.0
2343,train,0,1,1,-180.0,-648.1396217869224,-0.13333333333333336,0.0,-153.69952711717042,0.0,0.06666666666666671,-52.16500884858368,0.5,1.6112093641277991,1.0249998446958657
2343,train,0,2,1,-300.0,-1764.3775950497338,0.0,0.0,-0.3623233403599784,0.0,-0.2666666666666666,-152.95894277823692,0.5,1.6112093641277991,1.0249998446958657
2344,train,1,0,1,240.0,837.3246783670143,0.0,-100.19137307373353,38.734732617259006,-0.8571428571428571,0.0,0.0,0.5,1.9394678660477216,0.7443413825887168
2344,train,2,1,0,-60.0,-615.7089725934188,0.0,18.687886833607692,-14.46357714137934,0.2857142857142857,0.0,34.2402793948678,0.5,1.9394678660477216,0.7443413825887168
2345,train,1,0,0,-120.0,240.06794128151796,0.0,0.0,0.0,0.0,0.0,0.0,0.5,1.0,1.0
2345,train,0,2,1,-240.0,674.2566150160637,0.0,0.0,0.0,0.0,0.0,0.0,0.5,1.0,1.0
2346,train,1,0,0,0.0,148.7961839154159,0.0,259.55148336101206,173.06602681728984,0.0,-0.10000000000000003,0.0,0.5,1.5913598695836897,1.4544325564442118
2346,train,2,0,0,180.0,744.0985702223406,0.0,266.6239441055461,253.62257440294255,-0.2,0.19999999999999996,0.0,0.5,1.5913598695836897,1.4544325564442118
2347,train,2,0,1,120.0,-222.47366591116133,0.0,220.15636000642314,-183.99540386260395,-1.5,0.0,0.0,0.5,0.5336172295720575,1.305624968380068
2347,train,1,2,0,300.0,41.80190368112926,0.0,147.85687803023757,-31.706156359450695,1.0,0.0,0.0,0.5,0.5336172295720575,1.305624968380068
2348,validation,0,2,0,420.0,1553.4470852565228,0.0,0.0,0.0,0.0,7.0,373.42842524252234,0.5,1.9315761475705844,0.8413087401578643
2348,validation,1,2,0,360.0,1115.4157283246914,0.0,0.0,0.0,1.0,4.0,0.0,0.5,1.9315761475705844,0.8413087401578643
2349,train,2,0,1,-840.0,-496.8240026814278,0.0,0.0,0.0,0.0,0.0,0.0,0.5,1.0,1.0
2349,train,1,2,0,60.0,-187.57706648501835,0.0,0.0,0.0,0.0,0.0,0.0,0.5,1.0,1.0
2350,train,0,2,0,180.0,483.4253623207974,0.0,0.0,0.0,0.0,-0.6666666666666667,0.0,0.5,1.1998393128333484,0.6716415015255881
2350,train,2,1,1,-420.0,-35.1819178542446,0.0,0.0,0.0,0.0,0.6666666666666667,0.0,0.5,1.1998393128333484,0.6716415015255881
2351,train,0,2,0,360.0,1059.1795728697134,0.0,0.0,0.0,0.0,0.0,0.0,0.5,1.6479561717949383,1.7224242008588626
2351,train,1,2,0,0.0,1577.3588662488528,0.0,0.0,0.0,0.0,0.0,0.0,0.5,1.6479561717949383,1.7224242008588626
2352,train,0,1,0,0.0,-316.84744563275444,0.23809523809523808,-5.230209354164941,-63.4173399924307,0.2857142857142857,-0.14285714285714285,22.875068335832587,0.5,1.5508698026265493,1.3987097872062861
2352,train,1,2,1,0.0,644.5086480725527,-0.23809523809523808,-16.23966476755801,150.77457726522158,0.0,0.14285714285714285,0.0,0.5,1.5508698026265493,1.3987097872062861
2353,train,2,0,1,-420.0,-888.2808079887704,0.0,0.0,0.0,0.0,0.0,0.0,0.5,1.0,1.0
2353,train,1,2,0,240.0,942.5153775988551,0.0,0.0,0.0,0.0,0.0,0.0,0.5,1.0,1.0
2354,train,2,0,1,60.0,-40.86365434390109,0.0,0.0,-38.29278613770461,0.0,-0.6666666666666667,0.0,0.5,1.0112967080809296,1.9678821093782055
2354,train,1,2,0,-60.0,-4.904214511252121,1.0,0.0,67.95628866114306,0.0,0.0,0.0,0.5,1.0112967080809296,1.9678821093782055
2355,train,0,1,0,120.0,-60.23096964426804,-0.3333333333333333,0.0,0.0,0.16666666666666666,0.0,-43.60595961206594,0.5,0.5720755364752916,0.6434537847946824
2355,train,1,2,1,-180.0,60.23096964426804,0.3333333333333333,0.0,0.0,-0.16666666666666666,0.0,-41.12957721331798,0.5,0.5720755364752916,0.6434537847946824
2356,test,0,1,1,-120.0,-473.1319195893275,0.0,0.0,0.0,0.0,0.0,0.0,0.5,1.0,1.0
2356,test,0,2,1,-180.0,1420.7457431319626,0.0,0.0,0.0,0.0,0.0,0.0,0.5,1.0,1.0
2357,train,0,1,0,60.0,335.2555648175994,0.0,361.6952448875427,0.0,0.0,0.3333333333333333,27.760865541509894,0.5,1.0,1.0
2357,train,1,2,1,-240.0,-600.3771606394862,0.0,-174.35139434533426,0.0,0.0,-1.0,-76.28366930458755,0.5,1.0,1.0
2358,train,1,0,0,-60.0,-0.7737986267613906,0.2,56.86872806535128,14.853970795945585,0.0,0.6666666666666667,-2.551215153734738,0.5,1.1584546035401344,0.7764112802747407
2358,train,0,2,1,120.0,50.918051007518216,-0.2,-112.96967248559314,7.3603937710921965,0.0,0.3333333333333333,13.948115864668068,0.5,1.1584546035401344,0.7764112802747407
2359,test,0,2,0,-660.0,-620.4583395307836,1.3333333333333335,0.0,0.0,-0.5,0.0,101.71196631040574,0.5,0.8816364598370945,0.8114014703949072
2359,test,2,1,1,180.0,517.5501278958482,0.0,0.0,0.0,-0.5,0.0,-70.78874749964437,0.5,0.8816364598370945,0.8114014703949072
2360,train,0,2,0,-360.0,-428.0138198013374,0.0,0.0,0.0,0.3333333333333333,2.5,42.03297331131116,0.5,0.6947409482227334,1.7080631519616534
2360,train,2,1,1,300.0,330.5801930436628,0.0,0.0,0.0,-0.3333333333333333,-2.5,-20.3539984686765,0.5,0.6947409482227334,1.7080631519616534
2361,train,0,2,0,180.0,1547.2851298466303,0.2,0.0,0.0,0.4,-0.2999999999999998,52.115379715567144,0.5,0.7678749904100366,1.23757138505899
2361,train,1,2,0,240.0,2837.292616887218,0.0,0.0,0.0,0.6000000000000001,0.2999999999999998,115.89076139380694,0.5,0.7678749904100366,1.23757138505899
2362,train,2,0,1,-600.0,48.22502814190466,0.5333333333333333,4.238822381518418,0.0,0.0,-0.33333333333333326,-18.32884133783906,0.5,1.1616201406458722,1.1898723238843576
2362,train,2,1,1,120.0,-225.64404177826964,0.5333333333333333,-107.81816765519252,0.0,-0.4,-0.33333333333333326,-11.44975696294228,0.5,1.1616201406458722,1.1898723238843576
2363,validation,1,0,0,-420.0,-1013.0009504310951,0.0,0.0,0.0,0.3333333333333333,0.0,0.0,0.5,0.6010554914870103,0.6279144305733312
2363,validation,0,2,1,480.0,437.2490527497989,-1.3333333333333333,0.0,0.0,0.0,0.0,0.0,0.5,0.6010554914870103,0.6279144305733312
2364,validation,1,0,0,180.0,-97.19211413161611,2.0,0.0,0.0,0.0,0.0,0.0,0.5,1.1686685881854781,1.3499024247416114
2364,validation,0,2,1,-120.0,1254.190633369596,-1.0,0.0,0.0,0.0,0.0,0.0,0.5,1.1686685881854781,1.3499024247416114
2365,train,1,0,0,780.0,202.654674992119,0.047619047619047616,216.54533365072604,-8.024368633655968,0.0,-0.23809523809523814,117.77746792059915,0.5,0.5552803114835084,1.943371789221223
2365,train,0,2,1,0.0,269.832527774186,-0.14285714285714285,-69.68130602359275,-56.02865313839099,0.0,-1.1904761904761905,-124.26115686786542,0.5,0.5552803114835084,1.943371789221223
2366,train,0,1,1,-60.0,-252.3151576770424,-2.0,0.0,0.0,0.0,0.0,0.0,0.5,0.856405307338147,0.6712022068953037
2366,train,0,2,1,120.0,-794.4211588387016,-1.0,0.0,0.0,0.0,0.0,0.0,0.5,0.856405307338147,0.6712022068953037
2367,train,2,0,1,-360.0,-587.7469104465376,0.0,-260.9135977959743,24.2183934146652,0.0,-2.0,0.0,0.5,0.6105539372734978,1.5354949663299031
2367,train,1,2,0,300.0,359.76207224361724,0.8999999999999999,155.18251731085792,35.07783379342192,0.0,0.8,0.0,0.5,0.6105539372734978,1.5354949663299031
2368,validation,0,1,1,0.0,-310.30795913466955,0.0,-118.5744221007555,0.0,0.0,-0.6666666666666667,-64.594006361365,0.5,0.6818228891210114,0.8470936655030474
2368,validation,0,2,1,-120.0,-874.7566484186009,0.0,-3.8954659080778526,0.0,0.0,-0.3333333333333333,-102.45434360251727,0.5,0.6818228891210114,0.8470936655030474
2369,train,1,0,1,-240.0,457.09698497901263,0.0,3.827174270310877,-3.7546594566374836,0.0,0.13333333333333336,-6.249968777822495,0.5,0.8518993478784239,1.3340829884240077
2369,train,2,1,0,-60.0,-851.4511064711169,0.0,32.80391662731623,-34.74263129537766,0.0,0.1333333333333333,-6.963350532027706,0.5,0.8518993478784239,1.3340829884240077
2370,test,1,0,1,-120.0,-17.71619123849632,0.0,-138.32018610888602,7.660945031473748,-0.19047619047619047,-0.2857142857142857,-14.036736387417271,0.5,0.5707215696690517,1.6749919023686681
2370,test,2,1,0,240.0,546.0503936919222,0.14285714285714285,-27.58014869245332,-1.952101401385228,0.19047619047619047,0.7619047619047619,11.590245849484596,0.5,0.5707215696690517,1.6749919023686681
2371,test,2,0,1,-840.0,-1763.91855516318,0.0,-124.85108144585708,131.04349863377777,-0.7142857142857142,-0.5714285714285714,-66.87712365591514,0.5,0.5086443169340379,1.1395117022839942
2371,test,2,1,1,-600.0,-1980.183882243642,0.19047619047619047,-300.4485336886753,-161.1066803536059,-0.7142857142857142,-0.7142857142857142,-287.64570371161005,0.5,0.5086443169340379,1.1395117022839942
2372,train,0,1,0,180.0,106.06922594496564,0.0,-120.80395597243339,73.85260822486347,0.0,1.4285714285714284,-12.831137280855803,0.5,1.0,1.0
2372,train,1,2,1,-300.0,-634.52201981602,-0.19047619047619047,79.02342965217247,-0.581600446625103,0.0,-0.23809523809523808,-3.3620933980648573,0.5,1.0,1.0
2373,train,0,1,1,-60.0,-558.089433951182,0.0,0.0,0.0,0.0,0.0,0.0,0.5,1.0,1.0
2373,train,0,2,1,-360.0,-500.18425520669825,0.0,0.0,0.0,0.0,0.0,0.0,0.5,1.0,1.0
2374,train,1,0,1,60.0,623.1821567189609,-0.33333333333333337,0.0,-95.04535997097909,0.0,0.0,0.0,0.5,0.824607726565462,0.8939996979483873
2374,train,2,1,0,0.0,-171.09239214715035,0.0,0.0,170.19191137889473,0.0,-1.0,0.0,0.5,0.824607726565462,0.8939996979483873
2375,train,0,1,0,540.0,710.9461443519403,0.0,0.0,608.4312615649533,0.0,0.0,7.21415145943503,0.5,0.9265312005581506,0.7477754090253458
2375,train,1,2,1,-540.0,-1558.0947844649472,0.0,0.0,-175.88887078328293,0.0,0.0,-2.4777906753149352,0.5,0.9265312005581506,0.7477754090253458
2376,train,1,0,0,300.0,971.8410819475039,0.1,0.0,0.0,0.0,0.8000000000000003,187.36608426336883,0.5,1.6482899120162495,0.8682346180318157
2376,train,2,0,0,-60.0,-353.5125066938954,0.1,0.0,0.0,0.0,2.0,85.98592481064908,0.5,1.6482899120162495,0.8682346180318157
2377,train,0,2,0,360.0,1302.5747757678323,0.0,0.0,0.0,0.0,0.0,0.0,0.5,1.0,1.0
2377,train,1,2,0,120.0,1504.138890320417,0.0,0.0,0.0,0.0,0.0,0.0,0.5,1.0,1.0
2378,train,0,1,1,-120.0,704.4076390677737,0.0,0.0,0.0,0.0,0.0,0.0,0.5,1.0,1.0
2378,train,2,0,0,300.0,-777.1019083534025,0.0,0.0,0.0,0.0,0.0,0.0,0.5,1.0,1.0
2379,test,2,0,1,-180.0,450.51772606690065,0.0,-170.6045080976549,0.0,0.0,0.0,0.0,0.5,0.5785414280554777,1.4696354139404249
2379,test,2,1,1,-360.0,-465.2447460703579,-0.5,-55.37722510610351,0.0,0.0,0.0,0.0,0.5,0.5785414280554777,1.4696354139404249
2380,train,2,0,1,-420.0,-2094.81824969667,-1.0666666666666667,14.417935079336772,-213.8302270577533,-0.06666666666666665,-2.6,0.0,0.5,1.2688185962538792,0.6966364325475918
2380,train,2,1,1,-660.0,-1647.8624275626462,-0.26666666666666666,-446.09932782106654,-503.85256687194413,0.0,-1.0,0.0,0.5,1.2688185962538792,0.6966364325475918
2381,train,0,2,0,-60.0,-963.8593081645417,0.0,0.0,972.3455579402986,0.0,0.0,0.0,0.5,1.8499311360712027,1.6812903482992951
2381,train,1,2,0,120.0,52.807004955850516,0.0,0.0,404.87853957438244,0.0,0.0,0.0,0.5,1.8499311360712027,1.6812903482992951
2382,train,1,0,0,180.0,1049.0889576178306,0.0,0.0,0.0,0.0,0.0,0.0,0.5,1.0,1.0
2382,train,0,2,1,-120.0,-441.0648979168718,0.0,0.0,0.0,0.0,0.0,0.0,0.5,1.0,1.0
2383,validation,1,0,1,-660.0,-1034.9569272425233,0.0,0.0,0.0,0.0,0.0,0.0,0.5,1.0,1.0
2383,validation,2,1,0,-300.0,-2145.849373468839,0.0,0.0,0.0,0.0,0.0,0.0,0.5,1.0,1.0
2384,test,0,2,0,-120.0,710.4331644359586,0.0,358.8024224968686,0.0,0.6666666666666666,0.5,0.0,0.5,1.0,1.0
2384,test,1,2,0,-120.0,-10.665018190447427,0.0,174.0526729448058,0.0,0.0,0.16666666666666666,0.0,0.5,1.0,1.0
2385,train,1,0,1,240.0,266.5840501396824,0.2,0.0,36.870265033916695,-0.4,0.0,-12.73729754016582,0.5,0.516668071363696,0.6202739067505615
2385,train,2,1,0,60.0,-335.45028206703546,0.0,0.0,129.2606013995945,-0.4,0.0,12.385731244814517,0.5,0.516668071363696,0.6202739067505615
2386,train,0,1,0,-240.0,241.06340567728103,0.0,15.870705645970375,117.34164350509576,0.0,0.8,0.0,0.5,0.8498761777979633,1.190121208058285
2386,train,1,2,1,120.0,-396.1833887956627,-0.3333333333333333,-121.8870224918783,-94.5832043638012,0.0,-0.8,0.0,0.5,0.8498761777979633,1.190121208058285
2387,validation,0,2,0,-420.0,-2504.008995398003,-0.2666666666666667,-140.68661239005817,65.51742705716175,0.0,-0.2666666666666667,110.54892474292288,0.5,0.899273455596241,0.6936377632541527
2387,validation,2,1,1,-120.0,983.4736458664629,0.2666666666666667,104.524821268561,-230.83270873428222,0.0,-0.19999999999999996,-115.16242345615296,0.5,0.899273455596241,0.6936377632541527
2388,train,1,0,0,60.0,-1285.202734735089,0.0,0.0,0.0,0.0,0.0,0.0,0.5,1.0,1.0
2388,train,2,0,0,180.0,-1227.9181174078258,0.0,0.0,0.0,0.0,0.0,0.0,0.5,1.0,1.0
2389,train,1,0,0,180.0,437.9263058773927,0.0,6.65182541139518,0.0,0.6666666666666666,0.0,0.0,0.5,1.408104550482755,0.6190305891071972
2389,train,0,2,1,0.0,0.0,0.0,-125.86028370006636,0.0,-0.6666666666666666,0.0,0.0,0.5,1.408104550482755,0.6190305891071972
2390,train,0,1,0,-60.0,-62.567676106124964,0.0,42.926143274721625,221.82790911645793,-0.26666666666666666,0.6666666666666666,0.0,0.5,0.716147082210428,1.4601139150914302
2390,train,1,2,1,-180.0,-721.5051479240788,0.0,-49.018741189646164,-21.263471218069576,-0.2666666666666667,-2.0,-62.658506093403886,0.5,0.716147082210428,1.4601139150914302
2391,test,1,0,1,180.0,-567.6166099434672,0.0,0.0,159.33403801481936,0.0,0.0,-122.57972150362231,0.5,1.315567051368,0.8408457878161235
2391,test,1,2,1,60.0,-434.0791830316339,0.0,0.0,213.56170937984243,0.0,0.0,-74.48183304176337,0.5,1.315567051368,0.8408457878161235
2392,train,1,0,0,60.0,327.66223954305497,1.3333333333333333,0.0,0.0,0.0,0.0,63.5673724083596,0.5,0.8892085551731277,1.8070692252971385
2392,train,0,2,1,-120.0,643.9888180819403,-0.6666666666666666,0.0,0.0,0.0,0.0,29.647475581424942,0.5,0.8892085551731277,1.8070692252971385
2393,train,2,0,1,-60.0,-542.8807449792116,0.0,0.0,-77.88927386171063,0.0,-0.3333333333333335,0.0,0.5,1.3590154168601798,1.458110835931742
2393,train,1,2,0,120.0,906.3485790633649,0.0,0.0,2.782314490684385,0.0,0.3333333333333335,0.0,0.5,1.3590154168601798,1.458110835931742
2394,train,1,0,1,-360.0,-1451.1481309048859,0.0,0.0,0.0,0.0,0.0,0.0,0.5,1.0,1.0
2394,train,2,1,0,180.0,237.50650263241369,0.0,0.0,0.0,0.0,0.0,0.0,0.5,1.0,1.0
2395,test,0,2,0,60.0,85.32766554774935,0.0,0.0,0.0,0.0,0.0,0.0,0.5,1.0,1.0
2395,test,2,1,1,-240.0,-780.5443635249321,0.0,0.0,0.0,0.0,0.0,0.0,0.5,1.0,1.0
2396,train,0,2,0,-180.0,1702.5633113378017,1.0666666666666667,-311.9528753412123,-67.41926128479089,0.0,0.6000000000000001,0.0,0.5,1.4265618852737814,0.6881808296326244
2396,train,2,1,1,-300.0,-771.1570901736204,-0.8,445.96862071695034,47.25917970901233,-0.6666666666666666,-0.40000000000000013,0.0,0.5,1.4265618852737814,0.6881808296326244
2397,train,0,1,1,-120.0,404.677757114036,0.0,0.0,-180.42259348121956,0.0,-0.33333333333333326,0.0,0.5,0.9815036705064311,0.7405999824011587
2397,train,2,0,0,0.0,-99.53520832742743,0.0,0.0,-30.420027565056387,0.0,0.0,0.0,0.5,0.9815036705064311,0.7405999824011587
2398,validation,1,0,1,60.0,915.1137843095162,0.0,0.0,0.0,-1.0,0.0,0.0,0.5,0.927824756496291,0.840922814515312
2398,validation,2,1,0,60.0,-55.85886477914937,0.0,0.0,0.0,1.0,0.0,0.0,0.5,0.927824756496291,0.840922814515312
2399,train,0,1,0,420.0,1612.6674046892222,0.0,-62.18248291043733,0.0,0.0,0.0,0.0,0.5,1.0,1.0
2399,train,2,1,0,240.0,809.4585157634078,0.0,1625.5544479110135,0.0,0.0,0.0,0.0,0.5,1.0,1.0
2400,train,1,0,1,180.0,159.03988628626757,-0.23809523809523808,-24.22482608347798,-319.01894513513616,-0.047619047619047616,0.09523809523809523,-16.046274081525844,0.5,1.0,1.0
2400,train,1,2,1,120.0,596.517546534501,-0.4761904761904761,-309.0236262616571,-108.64534833938696,-0.09523809523809523,0.19047619047619047,-45.63460415347483,0.5,1.0,1.0
2401,train,0,1,1,-540.0,-450.8633806174307,0.0,-290.0073524559306,0.0,-0.6,0.09999999999999998,-167.225397433201,0.5,1.047441773112006,0.9478084950457253
2401,train,2,0,0,480.0,1500.4217387801714,0.0,112.25843463210052,0.0,0.3,0.30000000000000004,-23.458965756636914,0.5,1.047441773112006,0.9478084950457253
2402,test,0,1,0,120.0,940.7388174823818,0.0,12.429737081466897,56.559726232569716,0.09523809523809523,0.9523809523809523,6.063614928886068,0.5,1.5636217402339985,1.1422854976073606
2402,test,2,1,0,0.0,-511.10050740243696,0.23809523809523808,-31.56846620456247,117.43128429966646,0.09523809523809523,0.38095238095238093,12.963448111381105,0.5,1.5636217402339985,1.1422854976073606
2403,train,0,2,0,360.0,1087.8742703313856,1.6,-39.66076326588825,0.0,0.0,0.0,68.05587282816155,0.5,1.0684258135863793,1.7883919555840777
2403,train,1,2,0,900.0,2542.6249641070017,0.8,-168.0347740418414,0.0,-0.1,0.0,164.71000365084555,0.5,1.0684258135863793,1.7883919555840777
2404,train,0,1,1,0.0,424.8375533065773,0.0,0.0,0.0,-1.0,0.0,0.0,0.5,1.7498885956545671,0.7456289760960576
2404,train,0,2,1,-180.0,-63.63816973741723,0.0,0.0,0.0,-0.3333333333333333,-0.666666666666667,0.0,0.5,1.7498885956545671,0.7456289760960576
2405,validation,0,2,0,-240.0,992.9416975529857,-0.40000000000000013,-72.60555281625412,371.4051089371312,-0.3333333333333333,0.0,-21.202685154237596,0.5,0.6126455907200011,1.3625194907093714
2405,validation,1,2,0,60.0,848.1120975961167,-0.6000000000000001,108.0491384769133,80.92243031034667,0.0,0.0,33.36560704820049,0.5,0.6126455907200011,1.3625194907093714
2406,test,0,2,0,120.0,686.4932012836603,0.0,933.2181731638918,0.0,0.0,0.33333333333333326,0.0,0.5,1.0,1.0
2406,test,2,1,1,-840.0,-2343.069852921059,0.0,-1338.1061263784275,0.0,0.0,-1.6666666666666667,0.0,0.5,1.0,1.0
2407,train,0,1,0,540.0,1504.5365275948998,0.0,40.91475125762537,-41.34511954696454,0.14285714285714285,0.23809523809523814,21.40802281659421,0.5,1.8149719204598274,1.4438650201662147
2407,train,2,1,0,240.0,323.05059499127674,0.0,-9.47301789673471,-8.617767471300212,0.0,0.23809523809523814,-45.9779678871204,0.5,1.8149719204598274,1.4438650201662147
2408,validation,0,1,0,360.0,102.82203063037286,0.0,0.0,0.0,0.0,0.0,0.0,0.5,1.0,1.0
2408,validation,2,1,0,180.0,-1436.7088219011393,0.0,0.0,0.0,0.0,0.0,0.0,0.5,1.0,1.0
2409,test,2,0,1,-60.0,-155.8564802587498,0.2,-5.793014851964557,0.0,-0.3333333333333333,0.2666666666666666,-28.48096536827594,0.5,0.7055940270027622,0.5362816888320875
2409,test,2,1,1,-120.0,-499.73180670659394,0.0,-77.96010486716413,0.0,-0.6666666666666666,-0.5333333333333334,-38.65628150123011,0.5,0.7055940270027622,0.5362816888320875
2410,train,0,1,0,0.0,-1078.6110129550698,-0.13333333333333333,-90.4643446525389,40.05149946289144,0.0,-0.6666666666666667,0.0,0.5,1.623058829017654,1.4848012878268464
2410,train,1,2,1,0.0,1463.2692422442442,0.06666666666666667,66.01671127766562,39.45817094317006,0.0,0.0,0.0,0.5,1.623058829017654,1.4848012878268464
2411,train,0,2,0,720.0,1460.5512078355605,0.0,0.0,-15.753480435375138,0.0,0.0,0.0,0.5,1.804150574950867,1.1955986989272664
2411,train,1,2,0,600.0,2788.4870801024235,0.0,0.0,271.59009755420806,0.0,0.0,0.0,0.5,1.804150574950867,1.1955986989272664
2412,validation,0,1,1,180.0,85.75485255821104,0.16666666666666666,0.0,-47.84012387282756,0.0,-2.0,0.0,0.5,1.4219456093629181,1.7289196273242249
2412,validation,0,2,1,0.0,-91.76683457847093,0.0,0.0,-242.35710197809618,0.0,-0.33333333333333326,0.0,0.5,1.4219456093629181,1.7289196273242249
2413,train,0,1,0,-300.0,1370.37378890147,0.0,671.42867278666,-146.70470319964937,-0.16666666666666666,0.0,0.0,0.5,1.0,1.0
2413,train,1,2,1,420.0,182.81278165853928,0.0,-549.8263878546225,395.118764327211,-0.16666666666666666,0.0,0.0,0.5,1.0,1.0
2414,train,0,1,0,780.0,2797.353073927856,1.4285714285714284,275.7601112804864,-78.57527221688173,0.09523809523809523,0.09523809523809523,19.39981586376807,0.5,1.0,1.0
2414,train,2,1,0,-60.0,170.21804047167097,0.9523809523809523,-4.4834882355779655,-209.87837030833552,0.19047619047619047,0.0,69.56439957517695,0.5,1.0,1.0
2415,test,1,0,0,60.0,-303.9131765449938,0.0,0.0,0.0,0.0,0.0,0.0,0.5,1.0,1.0
2415,test,0,2,1,-120.0,-233.6259026046887,0.0,0.0,0.0,0.0,0.0,0.0,0.5,1.0,1.0
2416,validation,0,1,1,0.0,557.2098190777324,0.0,0.0,0.0,0.0,-3.0,0.0,0.5,0.6211583511589575,0.5674344819076719
2416,validation,0,2,1,-180.0,-376.1172681981443,0.0,0.0,0.0,0.0,-1.0,0.0,0.5,0.6211583511589575,0.5674344819076719
2417,train,1,0,0,120.0,1768.1796376090947,0.5,0.0,0.0,0.0,0.0,-25.993019160588318,0.5,0.8319994718060799,1.4375593518061067
2417,train,0,2,1,-420.0,-1629.1403846968574,-0.5,0.0,0.0,0.0,-0.6666666666666667,2.04114342038568,0.5,0.8319994718060799,1.4375593518061067
2418,train,0,1,1,-420.0,-1929.6934880050958,0.06666666666666667,-577.294509822927,149.43288394655775,0.0,0.19999999999999996,-28.60724874376889,0.5,1.0,1.0
2418,train,0,2,1,180.0,5.714648541803399,0.06666666666666667,-613.5653926037508,-40.61774471280813,0.0,0.6000000000000001,-72.37728266205129,0.5,1.0,1.0
2419,train,0,2,0,300.0,199.4660949395527,0.0,0.0,0.0,0.0,0.0,0.0,0.5,1.0,1.0
2419,train,2,1,1,-60.0,-358.0587494233239,0.0,0.0,0.0,0.0,0.0,0.0,0.5,1.0,1.0
2420,validation,1,0,1,-480.0,-759.3046002721339,0.0,0.0,0.0,0.0,0.0,0.0,0.5,0.8822993029939034,0.747742738182456
2420,validation,2,1,0,-60.0,-129.5127398097993,0.0,0.0,0.0,0.0,6.0,0.0,0.5,0.8822993029939034,0.747742738182456
2421,train,1,0,0,120.0,-306.7547364598522,0.5333333333333334,0.0,214.69072794194685,0.13333333333333333,0.40000000000000013,-5.417128684677948,0.5,0.8995141063902237,1.4031776565179666
2421,train,2,0,0,-240.0,-235.7990292569093,0.0,0.0,127.62077712543716,0.0,0.0,-9.615197325166235,0.5,0.8995141063902237,1.4031776565179666
2422,train,2,0,1,180.0,416.5899647239007,-0.23809523809523808,-235.07703432017033,-69.85986020147594,-0.047619047619047616,0.5714285714285714,-13.657649773369268,0.5,1.0,1.0
2422,train,1,2,0,-180.0,-404.93959352342904,0.0,99.74315117946469,65.26993772851932,0.0,-0.14285714285714285,12.256453434790005,0.5,1.0,1.0
2423,train,1,0,0,240.0,301.31277076965534,0.0,0.0,14.458718111766181,0.0,0.0,0.0,0.5,1.2563371915531085,1.6710321968189996
2423,train,2,0,0,0.0,-68.33967685031848,0.0,0.0,64.49791025085827,0.0,0.0,83.28763330340908,0.5,1.2563371915531085,1.6710321968189996
2424,train,0,2,0,-360.0,-594.4080131363244,0.16666666666666669,683.2701951485983,478.5899898159812,0.0,0.0,0.0,0.5,0.7970849555492004,1.3169673457205244
2424,train,2,1,1,900.0,917.7512871381168,-0.49999999999999994,-740.1848409445238,-82.71082341359211,0.0,0.0,0.0,0.5,0.7970849555492004,1.3169673457205244
2425,train,0,2,0,900.0,519.3754409215835,0.19047619047619047,15.054551365460853,56.04287313156706,0.047619047619047616,1.1428571428571428,2.798636576918181,0.5,1.1995981703481278,1.5044905167159879
2425,train,2,1,1,60.0,55.10938602270835,-0.19047619047619047,-98.31948836563217,26.278286106878895,0.0,-0.8571428571428571,-8.641108583115749,0.5,1.1995981703481278,1.5044905167159879
2426,train,0,2,0,60.0,-279.3124671504647,0.0,0.0,-10.592747640668634,0.0,0.0,0.0,0.5,0.9755102056533839,0.9743038222397529
2426,train,1,2,0,-60.0,-92.76003549854045,0.0,0.0,194.6490239497843,0.0,-0.6666666666666666,0.0,0.5,0.9755102056533839,0.9743038222397529
2427,validation,0,2,0,-120.0,496.0767362783604,-0.13333333333333333,16.38651144644713,0.0,0.26666666666666666,0.40000000000000013,105.69907069883904,0.5,0.6978113736304901,0.9275462642717086
2427,validation,2,1,1,60.0,461.4165744696652,-0.13333333333333333,-20.9326109753477,0.0,-0.26666666666666666,-0.20000000000000018,-136.71493579165622,0.5,0.6978113736304901,0.9275462642717086
2428,test,0,1,0,120.0,-409.4178699756719,0.4,0.0,0.0,0.0,0.19999999999999996,26.150518389808617,0.5,1.3459206998954412,1.898094115255233
2428,test,2,1,0,60.0,277.2712340660614,0.4,0.0,0.0,0.3,-0.10000000000000003,-1.8416917485844522,0.5,1.3459206998954412,1.898094115255233
2429,train,1,0,0,360.0,128.8582235728545,0.0,116.6767110513349,94.71806597976396,0.0,0.0,0.0,0.5,1.0,1.0
2429,train,0,2,1,-60.0,-384.6619697824749,0.0,-165.4845545863701,-269.5761570568888,-0.16666666666666666,0.0,0.0,0.5,1.0,1.0
2430,train,0,2,0,0.0,89.4278430784052,0.0,-202.82660054757116,0.0,0.0,0.0,-34.378152380025824,0.5,1.0,1.0
2430,train,1,2,0,-240.0,981.409938643993,0.0,-344.23244945180966,0.0,0.0,0.0,158.5868532827609,0.5,1.0,1.0
2431,validation,0,2,0,-120.0,992.3552354565518,-0.19047619047619047,-193.93677748428735,168.03769065807737,0.14285714285714285,-0.047619047619047616,3.8532286186630387,0.5,1.0,1.0
2431,validation,2,1,1,-840.0,-2134.490577171103,0.19047619047619047,-31.01922428145133,66.03033998338785,-0.14285714285714285,0.14285714285714285,-1.1109092429134506,0.5,1.0,1.0
2432,train,2,0,1,-420.0,-2598.1904337181577,0.0,0.0,79.16980035597524,-0.5,-1.3333333333333335,0.0,0.5,1.8897352814926143,0.6607854414539605
2432,train,2,1,1,-600.0,-2381.0873374388166,0.0,0.0,76.51208565905337,0.5,-0.6666666666666665,0.0,0.5,1.8897352814926143,0.6607854414539605
2433,train,0,2,0,0.0,748.2086051161973,0.6666666666666666,0.0,616.9641533239214,0.0,0.0,0.0,0.5,0.6983494621148877,1.0280682528613512
2433,train,2,1,1,0.0,-257.08034371383656,-0.6666666666666666,0.0,-159.5684423818471,0.0,0.0,0.0,0.5,0.6983494621148877,1.0280682528613512
2434,train,1,0,0,420.0,-1158.1559914700483,-0.09999999999999998,0.0,-61.35075168363244,0.0,2.4000000000000004,297.60998090207335,0.5,1.6030243565036395,0.7983387336217247
2434,train,2,0,0,1320.0,3353.2925954825932,0.0,0.0,600.5916853643839,0.0,4.0,375.4582231006927,0.5,1.6030243565036395,0.7983387336217247
2435,train,1,0,0,120.0,568.3210264489744,0.06666666666666667,9.496882934780487,109.05216788797642,0.0,0.4,-18.70181978096062,0.5,0.6239967112332455,1.6261156879969305
2435,train,0,2,1,-120.0,-513.6738202649876,-0.06666666666666667,10.049871463501546,-115.60973567038121,0.0,-0.8000000000000002,14.007718387143683,0.5,0.6239967112332455,1.6261156879969305
2436,train,1,0,0,180.0,604.0554689607616,0.0,0.0,-74.22818110215577,0.0,0.0,0.0,0.5,1.8164367851600391,0.5558547067959779
2436,train,0,2,1,0.0,-470.85302017041477,0.0,0.0,106.90009380165624,0.0,-1.2,0.0,0.5,1.8164367851600391,0.5558547067959779
2437,validation,0,1,1,60.0,169.81326436032396,-0.13333333333333333,-217.3517704806768,-137.47080381620327,0.0,-0.3333333333333335,0.0,0.5,1.376647804301613,0.7877520452619677
2437,validation,0,2,1,-180.0,-903.040810406299,-0.13333333333333333,-18.055665534768707,-36.49243015685548,-0.8,0.33333333333333326,0.0,0.5,1.376647804301613,0.7877520452619677
2438,train,0,1,0,-60.0,1831.9433754949378,0.10000000000000003,3.2422812189697083,0.0,0.3,0.0,252.63675026869637,0.5,0.5335148838274882,1.1173910770873636
2438,train,2,1,0,120.0,2313.190593731205,0.6000000000000001,364.77643040758375,0.0,0.3,0.0,98.73016360815562,0.5,0.5335148838274882,1.1173910770873636
2439,train,0,2,0,120.0,2007.837777133931,0.0,0.0,0.0,0.0,0.0,0.0,0.5,1.0,1.0
2439,train,2,1,1,-300.0,-1451.3769736190252,0.0,0.0,0.0,0.0,0.0,0.0,0.5,1.0,1.0
2440,train,1,0,0,420.0,865.6705223313688,0.38095238095238093,221.45459858118426,16.756510182782108,0.0,0.23809523809523803,-12.460364659785304,0.5,1.0,1.0
2440,train,0,2,1,-240.0,-360.4020119104375,0.0,6.4516740018997325,24.893295478243225,0.0,-0.7142857142857143,-14.628962124146115,0.5,1.0,1.0
2441,test,0,1,0,0.0,-94.42843923925193,0.2,0.0,62.76347182634865,0.0,1.1999999999999997,32.15619547025934,0.5,1.6646781999605567,1.67370222551448
2441,test,1,2,1,-60.0,320.3518499905049,0.0,0.0,43.64874544981974,0.0,-0.6,5.319068335619647,0.5,1.6646781999605567,1.67370222551448
2442,train,0,2,0,-60.0,-942.6877129195746,0.0,0.0,0.0,2.0,0.0,0.0,0.5,1.4561752797402658,1.2506125478165875
2442,train,1,2,0,240.0,49.20627686041371,0.0,0.0,0.0,0.0,0.0,0.0,0.5,1.4561752797402658,1.2506125478165875
2443,train,0,1,1,240.0,-102.67448084196212,0.0,-96.90760842821567,0.0,0.0,0.33333333333333337,0.0,0.5,0.9083737792762128,1.877675603188209
2443,train,2,0,0,-420.0,1020.5223942690918,0.0,-311.85465923664634,0.0,0.5,-0.6666666666666667,0.0,0.5,0.9083737792762128,1.877675603188209
2444,train,1,0,1,60.0,-1382.6295623488422,0.13333333333333333,-32.26073173532187,-130.89390866221345,-0.8,-0.3333333333333335,0.0,0.5,1.2350281778051115,0.8814890174518124
2444,train,2,1,0,480.0,2300.2660186447674,-0.26666666666666666,65.20679811743867,209.3536914162145,1.3333333333333333,0.3333333333333335,0.0,0.5,1.2350281778051115,0.8814890174518124
2445,train,1,0,1,-240.0,397.7741907819691,-0.6000000000000001,-58.79591644110582,48.65020411193149,0.0,-2.0,0.0,0.5,0.7520364353118811,0.8099340757171304
2445,train,1,2,1,0.0,-248.47254877248724,-0.2,-14.842546791789374,30.761187586671497,-0.26666666666666666,-2.6666666666666665,0.0,0.5,0.7520364353118811,0.8099340757171304
2446,train,0,1,0,-180.0,-501.8998262327177,-0.3333333333333333,113.59029498509307,0.0,-0.2,0.1333333333333333,130.22856710697613,0.5,0.6733219537039276,0.6532844292250712
2446,train,1,2,1,60.0,651.6212781794075,0.0,-346.1862009567315,0.0,0.06666666666666668,0.4,-13.56599266252934,0.5,0.6733219537039276,0.6532844292250712
2447,train,1,0,0,-120.0,138.4445324835233,0.0,121.74464426047501,66.46993834253644,0.0,0.0,31.0770290612726,0.5,0.5018868956444201,1.304475074863732
2447,train,0,2,1,420.0,764.4328844321062,0.0,-156.3073106458486,-268.641404082568,0.26666666666666666,0.20000000000000018,-27.213691852851607,0.5,0.5018868956444201,1.304475074863732
2448,train,1,0,0,-120.0,-904.311683951632,0.0,0.0,0.0,0.0,0.0,0.0,0.5,1.0,1.0
2448,train,0,2,1,-60.0,-64.3743915401592,0.0,0.0,0.0,0.0,0.0,0.0,0.5,1.0,1.0
2449,train,0,2,0,-120.0,-351.69143179312914,0.0,0.0,0.0,0.0,0.0,0.0,0.5,1.0,1.0
2449,train,1,2,0,-120.0,-351.69143179312914,0.0,0.0,0.0,0.0,0.0,0.0,0.5,1.0,1.0
2450,validation,1,0,0,420.0,3123.8472744167993,0.0,531.2466915126026,0.0,0.16666666666666666,-1.0,0.0,0.5,1.3618381816674532,0.5123559892195964
2450,validation,0,2,1,480.0,-3452.1799268969735,0.0,-1276.2368630137826,0.0,-0.33333333333333337,-2.0,0.0,0.5,1.3618381816674532,0.5123559892195964
2451,train,2,0,1,180.0,1263.1033225929718,0.0,48.59021441848927,0.0,0.0,0.0,17.642741352013594,0.5,0.8039404198480239,1.3805087481187024
2451,train,1,2,0,-360.0,-1491.9448903028556,0.8000000000000002,-44.81650772123754,0.0,0.6,0.0,18.76702640959438,0.5,0.8039404198480239,1.3805087481187024
2452,train,0,1,0,60.0,-484.7745775919475,0.0,0.0,0.0,0.0,0.0,0.0,0.5,1.0,1.0
2452,train,2,1,0,660.0,1145.5959153980211,0.0,0.0,0.0,0.0,0.0,0.0,0.5,1.0,1.0
2453,train,0,2,0,180.0,998.5319320227154,0.0,0.0,0.0,0.0,0.0,0.0,0.5,1.0,1.0
2453,train,2,1,1,-240.0,31.65739584435596,0.0,0.0,0.0,0.0,0.0,0.0,0.5,1.0,1.0
2454,test,0,2,0,-60.0,565.1190271008245,0.30000000000000004,-204.8501172841489,-6.327023749812668,0.6,0.0,0.0,0.5,0.5986204921861084,1.373509728283731
2454,test,1,2,0,-60.0,-273.2589896974764,0.2,-149.7843583123631,107.61240490521632,0.0,0.0,0.0,0.5,0.5986204921861084,1.373509728283731
2455,train,1,0,0,-180.0,1117.1446389218881,0.0,-287.5396623778401,-27.562075352374094,0.2,0.0,0.0,0.5,1.0485817772944521,1.7743750675789363
2455,train,0,2,1,60.0,-991.2138311105364,0.0,-216.72613985735939,15.891969517072198,-0.4000000000000001,-1.2000000000000002,0.0,0.5,1.0485817772944521,1.7743750675789363
2456,train,0,1,1,-120.0,-1396.2605210311417,0.0,0.0,0.0,0.0,0.0,0.0,0.5,1.0,1.0
2456,train,2,0,0,300.0,1550.4377593075774,0.0,0.0,0.0,0.0,0.0,0.0,0.5,1.0,1.0
2457,train,1,0,0,60.0,-308.8271041107896,-0.2,0.0,67.72175686155217,-0.1,0.0,53.65853134634668,0.5,1.0242264947512056,0.5902378685756671
2457,train,2,0,0,-300.0,-53.80627794650445,-0.2,0.0,26.592789381333603,-0.1,0.0,105.99610408762867,0.5,1.0242264947512056,0.5902378685756671
2458,train,1,0,1,-120.0,-566.7961871428042,0.0,-69.33107254163923,0.0,0.3,0.0,-123.58124824506206,0.5,1.2390076054118269,1.0103059547290505
2458,train,2,1,0,300.0,1775.5244652001156,0.0,235.80678381332996,0.0,-0.3,0.0,231.02778649748075,0.5,1.2390076054118269,1.0103059547290505
2459,test,0,1,1,-60.0,89.62810607991014,0.0,-129.01545154430795,9.079672845384096,0.0,-0.06666666666666667,-26.13267306005947,0.5,1.1129306185849164,1.525226178769961
2459,test,0,2,1,-180.0,-540.8508388798818,0.0,-54.59948907090126,-62.373631069010926,-0.3333333333333333,-0.4,-24.93917056193492,0.5,1.1129306185849164,1.525226178769961
2460,train,0,1,1,0.0,-1021.3258396063402,0.0,0.0,73.05243681916949,0.3333333333333333,0.0,-64.76138572627528,0.5,1.4350534499227137,0.5923385126559925
2460,train,2,0,0,180.0,864.0128832937762,0.0,0.0,-57.86423982154788,0.3333333333333333,0.0,147.12738179642173,0.5,1.4350534499227137,0.5923385126559925
2461,train,0,1,1,-300.0,-83.19707830717107,0.0,-431.8965375795731,-48.3905944872341,-0.3333333333333333,0.0,0.0,0.5,1.0,1.0
2461,train,0,2,1,60.0,573.6179171206163,0.0,-58.76025441989589,-191.47214196161988,-0.16666666666666666,0.0,0.0,0.5,1.0,1.0
2462,train,0,1,1,-180.0,-844.4278657877658,0.23809523809523808,-318.95750944577105,-28.884068912295184,-0.19047619047619047,-0.047619047619047616,-6.527766921910324,0.5,1.0,1.0
2462,train,0,2,1,180.0,-1630.4490819997422,-0.9523809523809522,-695.0929758199392,-62.944690980511005,0.0,-0.2857142857142857,23.628686984538334,0.5,1.0,1.0
2463,train,1,0,0,360.0,1549.8625740311259,-0.1,0.0,104.48095667813251,0.0,0.3,20.954262336834326,0.5,0.7246628680836796,0.7665159724549306
2463,train,2,0,0,240.0,982.9448130858827,-0.1,0.0,123.31364940694709,0.0,1.2,30.103403763758067,0.5,0.7246628680836796,0.7665159724549306
2464,test,1,0,0,-120.0,859.1899707199727,-0.2,0.0,-93.81977575553887,0.06666666666666667,1.0,19.15393329539124,0.5,1.3562706202240742,0.7827884868248265
2464,test,2,0,0,-240.0,-49.58864380457999,0.2,0.0,-76.75150993284362,0.0,1.0,89.11279056197735,0.5,1.3562706202240742,0.7827884868248265
2465,train,2,0,1,-120.0,-347.44109846157926,0.09523809523809523,-5.1426555125620155,36.3215902407524,-0.23809523809523808,-0.09523809523809523,-24.86222562410199,0.5,1.0,1.0
2465,train,2,1,1,-120.0,-307.010593239268,0.0,-205.14852585878313,-118.48919608587242,0.0,0.0,7.725868434786042,0.5,1.0,1.0
2466,train,0,1,1,-180.0,-1130.2820214421695,-0.6666666666666666,-324.70712859568744,0.0,0.0,0.0,0.0,0.5,1.0,1.0
2466,train,2,0,0,300.0,802.9790491594104,0.3333333333333333,919.6346274376974,0.0,0.0,0.0,0.0,0.5,1.0,1.0
2467,train,1,0,1,-180.0,-1299.5257270658904,0.0,0.0,0.0,-1.0,0.0,0.0,0.5,0.9399593442848114,1.2995533537415669
2467,train,1,2,1,-60.0,-916.4708875024144,0.0,0.0,0.0,0.0,0.0,0.0,0.5,0.9399593442848114,1.2995533537415669
2468,train,1,0,1,420.0,31.842465601527692,0.0,0.0,0.0,-0.2,0.19999999999999996,-113.74974245470617,0.5,0.6403206494280663,0.6226981876465664
2468,train,2,1,0,-420.0,-1284.1561438410017,-0.6,0.0,0.0,0.4,-0.09999999999999998,71.94330362348182,0.5,0.6403206494280663,0.6226981876465664
2469,train,2,0,1,-300.0,-949.6085782989535,0.0,0.0,0.0,-2.0,0.0,0.0,0.5,1.7457137292888922,1.6937516762602889
2469,train,2,1,1,0.0,107.38659981897172,0.0,0.0,0.0,-2.0,0.0,0.0,0.5,1.7457137292888922,1.6937516762602889
2470,train,2,0,1,0.0,-2058.7041877128386,0.0,0.0,-387.7526677200674,0.0,0.0,0.0,0.5,1.6066500377017634,1.26196377966435
2470,train,2,1,1,-660.0,-1478.29382642359,0.0,0.0,-1353.7372425362726,0.0,0.0,0.0,0.5,1.6066500377017634,1.26196377966435
2471,test,2,0,1,-1140.0,-3251.8433926995913,0.09523809523809523,190.54733596519225,-452.0463289029069,-0.23809523809523808,-0.9999999999999999,-7.939514581876153,0.5,1.0,1.0
2471,test,2,1,1,0.0,-41.671144631264724,0.09523809523809523,122.6680110330044,7.977989757102534,-0.09523809523809523,0.1428571428571429,-8.202500155441598,0.5,1.0,1.0
2472,train,1,0,0,-60.0,876.5224792344898,2.2857142857142856,79.4344912263623,53.487248317507664,0.0,0.23809523809523814,86.09950863464705,0.5,0.8737135651320642,0.9726186519810046
2472,train,2,0,0,-360.0,612.9401267436551,1.4285714285714284,-59.3445453847589,76.39703702223999,0.0,0.0,49.22959271316872,0.5,0.8737135651320642,0.9726186519810046
2473,train,0,2,0,540.0,1068.733293870635,0.0,-97.57181077678365,0.0,3.0,0.0,115.26077256011858,0.5,0.7418234273674833,1.087468179721783
2473,train,1,2,0,180.0,467.5294920102433,0.0,26.724392284324097,0.0,0.5,0.0,-20.836492626442677,0.5,0.7418234273674833,1.087468179721783
2474,validation,0,1,0,60.0,323.6794770383076,0.5714285714285714,294.5001327185713,-69.94802817490947,0.0,-0.047619047619047616,26.231251102747116,0.5,0.8667745100230756,0.6761444332806934
2474,validation,1,2,1,240.0,1016.1842094202107,-0.19047619047619047,-78.92205572131508,-78.80146234306332,-0.14285714285714285,0.2857142857142857,8.5747401118743,0.5,0.8667745100230756,0.6761444332806934
2475,test,1,0,0,-180.0,171.70483762771164,0.3333333333333333,631.7657121984039,0.0,0.0,0.0,0.0,0.5,1.0,1.0
2475,test,2,0,0,-180.0,-480.2203596193758,0.3333333333333333,-276.92159943521847,0.0,0.0,0.0,0.0,0.5,1.0,1.0
2476,train,0,2,0,300.0,667.520408119578,0.8,79.91860544087353,0.0,0.0,0.0,24.445688210558796,0.5,1.4571734841175628,1.239897716371666
2476,train,2,1,1,-300.0,93.47909121480461,0.0,208.5088546663353,0.0,0.0,-0.6,-32.52218062269185,0.5,1.4571734841175628,1.239897716371666
2477,train,0,1,0,-120.0,599.9570213777524,0.0,373.5549782439788,0.0,0.0,0.6000000000000001,-5.2705351021732145,0.5,1.0,1.0
2477,train,1,2,1,60.0,-204.68447085716207,0.0,332.3696263981122,0.0,-0.1,-0.30000000000000027,-70.46189105232452,0.5,1.0,1.0
2478,validation,0,2,0,-180.0,-185.6350433756288,0.0,136.51237794989743,0.0,0.6000000000000001,-1.2000000000000002,13.543899470557363,0.5,0.6809614102883446,0.6336896489291921
2478,validation,2,1,1,-180.0,-607.10895772097,0.0,-85.64340627758244,0.0,-0.4,-1.2000000000000002,-99.89732507650288,0.5,0.6809614102883446,0.6336896489291921
2479,train,0,2,0,-60.0,163.8802420395641,0.0,0.0,0.0,0.0,0.0,78.38745846286986,0.5,1.1736235651323137,0.872878043510259
2479,train,2,1,1,-240.0,186.73387018552512,0.0,0.0,0.0,0.0,0.0,-55.87693781623577,0.5,1.1736235651323137,0.872878043510259
2480,validation,1,0,1,120.0,-2293.2238548836312,-0.6000000000000001,0.0,0.0,0.20000000000000004,-1.7999999999999998,-92.46521183273968,0.5,0.6218961185460793,1.3213349066011524
2480,validation,2,1,0,60.0,1778.354016778776,0.8,0.0,0.0,-0.10000000000000003,1.2000000000000002,169.9223880018372,0.5,0.6218961185460793,1.3213349066011524
2481,train,1,0,0,0.0,136.45238178839372,0.0,0.0,0.0,0.0,0.0,0.0,0.5,1.0,1.0
2481,train,2,0,0,420.0,-261.05382648290015,0.0,0.0,0.0,0.0,0.0,0.0,0.5,1.0,1.0
2482,train,0,2,0,60.0,-313.9058882214331,0.0,0.0,0.0,0.0,0.0,0.0,0.5,1.0,1.0
2482,train,2,1,1,-60.0,-102.52094195311656,0.0,0.0,0.0,0.0,0.0,0.0,0.5,1.0,1.0
2483,test,1,0,0,0.0,902.980019756405,0.0,0.0,0.0,0.0,0.0,0.0,0.5,1.0,1.0
2483,test,2,0,0,240.0,840.4435668906258,0.0,0.0,0.0,0.0,0.0,0.0,0.5,1.0,1.0
2484,test,0,1,0,120.0,498.1169417998826,0.0,477.36436231223433,0.0,0.0,0.0,0.0,0.5,1.5921938761418508,0.8317966519823532
2484,test,1,2,1,-120.0,-562.9325971443054,-1.0,-104.28128588922749,0.0,-0.3333333333333333,0.0,0.0,0.5,1.5921938761418508,0.8317966519823532
2485,train,1,0,1,-480.0,393.7437128337624,0.0,-35.41636124285333,0.0,0.0,0.0,0.0,0.5,1.0,1.0
2485,train,1,2,1,-180.0,-784.552744073726,0.0,-1022.6364299049014,0.0,0.0,0.0,0.0,0.5,1.0,1.0
2486,validation,0,1,1,-120.0,-1521.6532665737595,-0.06666666666666667,0.0,71.9224623637662,-0.3333333333333333,-0.4,-40.95060019781527,0.5,1.689844698146083,1.4140909084724647
2486,validation,0,2,1,-240.0,-824.6907009002466,0.0,0.0,123.44534479212948,-0.3333333333333333,0.26666666666666666,-119.03774144874572,0.5,1.689844698146083,1.4140909084724647
2487,train,1,0,0,480.0,2617.8715541399433,0.0,0.0,0.0,1.3333333333333333,0.0,376.6555214228061,0.5,1.5656235007387334,1.1455011569247255
2487,train,2,0,0,60.0,482.37023069042334,0.0,0.0,0.0,0.0,0.0,443.4381785559573,0.5,1.5656235007387334,1.1455011569247255
2488,train,0,1,1,-60.0,296.6818810364066,0.0,0.0,0.0,0.0,0.0,0.0,0.5,1.0,1.0
2488,train,2,0,0,60.0,237.24422910905378,0.0,0.0,0.0,0.0,0.0,0.0,0.5,1.0,1.0
2489,train,0,2,0,120.0,242.62212560429862,-0.8999999999999999,16.619619560146674,0.0,-0.2,0.0,114.11879497987032,0.5,1.6240919899561765,1.2142106485870803
2489,train,1,2,0,60.0,-708.7034400138525,-0.8999999999999999,5.074975416753162,0.0,0.0,0.0,77.75573638779454,0.5,1.6240919899561765,1.2142106485870803
2490,train,1,0,0,0.0,440.3848347333774,0.14285714285714285,21.158267515886024,30.739840005031922,0.0,1.1428571428571428,-12.309521538941155,0.5,0.7924035267030117,0.6925015490313214
2490,train,2,0,0,180.0,359.56581365954617,0.0,36.412213633465,70.75736386907951,0.2857142857142857,0.5714285714285714,-1.768427281976157,0.5,0.7924035267030117,0.6925015490313214
2491,train,0,1,1,-240.0,226.3750165086949,0.0,185.23565246682824,-183.7973303875268,0.0,0.0,0.0,0.5,1.0,1.0
2491,train,2,0,0,0.0,-821.0501904845878,0.0,-596.7662391779206,-89.77889525312285,0.0,0.0,0.0,0.5,1.0,1.0
2492,validation,1,0,0,60.0,-228.17829051604417,0.0,0.0,0.0,0.0,0.0,0.0,0.5,1.0,1.0
2492,validation,2,0,0,120.0,280.2234188703246,0.0,0.0,0.0,0.0,0.0,0.0,0.5,1.0,1.0
2493,train,0,1,1,-120.0,-432.7318390775031,-0.26666666666666666,71.21183529380005,-14.771808214231726,0.0,0.0,-17.7372803961202,0.5,1.0,1.0
2493,train,2,0,0,120.0,1349.8168271463073,0.0,-193.23498877383156,75.88231117957031,0.13333333333333336,0.0,13.032934237107412,0.5,1.0,1.0
2494,train,2,0,1,120.0,-705.7570056638615,0.0,0.0,-27.571335753672102,0.0,-2.0000000000000004,34.907044541176454,0.5,1.4940693394972162,1.6495859799230557
2494,train,2,1,1,-60.0,-1003.2643869854728,0.0,0.0,-24.89711610105384,0.0,-0.8000000000000002,-7.277162764399037,0.5,1.4940693394972162,1.6495859799230557
2495,train,0,2,0,60.0,-128.84332929798074,0.0,115.263742204344,0.0,0.2,0.5,4.9284493959835345,0.5,1.2821056785957512,1.6380042289754793
2495,train,2,1,1,0.0,-404.4510730851125,0.0,20.188045678430512,0.0,0.0,0.10000000000000003,-137.51319225615975,0.5,1.2821056785957512,1.6380042289754793
2496,validation,0,2,0,360.0,-814.3774519061449,0.0,0.0,0.0,0.0,0.0,0.0,0.5,1.0,1.0
2496,validation,2,1,1,-360.0,-226.55604963974565,0.0,0.0,0.0,0.0,0.0,0.0,0.5,1.0,1.0
2497,validation,1,0,1,-240.0,-864.893445403789,-0.6000000000000001,-596.7549078667234,0.0,-0.26666666666666666,0.0,-9.145114517148063,0.5,1.0,1.0
2497,validation,1,2,1,-120.0,-862.5202939115643,0.0,19.32219779709635,0.0,0.0,-1.5999999999999999,-17.637966377829823,0.5,1.0,1.0
2498,train,1,0,1,960.0,1625.081534040065,0.0,0.0,0.0,0.0,-1.0,0.0,0.5,0.7717097145349862,0.7019300256459656
2498,train,2,1,0,-960.0,-225.4311389129798,0.0,0.0,0.0,0.0,2.0,0.0,0.5,0.7717097145349862,0.7019300256459656
2499,test,0,2,0,420.0,2534.5011736566858,0.0,1583.1792551143512,258.6374524409232,0.16666666666666666,0.0,0.0,0.5,1.0,1.0
2499,test,1,2,0,420.0,3076.764282671332,0.0,2258.864935888346,-25.471734770243984,0.33333333333333337,0.0,0.0,0.5,1.0,1.0
2500,train,0,1,0,60.0,352.19048842847087,0.0,0.0,0.0,0.0,0.0,11.226801280761816,0.5,0.7074974902796355,1.1370176176184996
2500,train,2,1,0,240.0,927.5929327267727,0.0,0.0,0.0,0.3333333333333333,0.0,64.14593963929761,0.5,0.7074974902796355,1.1370176176184996
2501,train,0,1,1,0.0,497.21557041806545,-0.19047619047619047,8.465093041465934,-14.545119896921946,-0.47619047619047616,-0.14285714285714285,-54.23823671399106,0.5,1.7827658195747162,1.3476258318126808
2501,train,2,0,0,120.0,510.545067811212,0.19047619047619047,-50.9389265730065,-25.825459344734895,0.0,0.047619047619047616,0.0,0.5,1.7827658195747162,1.3476258318126808
2502,validation,0,1,1,-60.0,617.5220969442184,0.06666666666666667,-148.7710652998982,-53.34274971323885,0.3333333333333333,-1.0000000000000002,0.0,0.5,1.9190414433619483,0.847567593785412
2502,validation,2,0,0,120.0,-737.1079088068263,0.0,282.61145413249824,107.8843613346161,-0.3333333333333333,0.2,0.0,0.5,1.9190414433619483,0.847567593785412
2503,train,0,1,0,900.0,1868.7971010387164,0.0,2039.6502194150416,0.0,0.0,0.0,0.0,0.5,1.0,1.0
2503,train,1,2,1,-60.0,-1298.2557049119341,0.0,-920.5890548184311,0.0,0.0,0.0,0.0,0.5,1.0,1.0
2504,train,1,0,1,60.0,-38.73978745615841,0.0,0.0,0.0,-1.0,0.0,0.0,0.5,0.7279435566917922,1.032966345197478
2504,train,1,2,1,0.0,-269.51905070520706,0.0,0.0,0.0,-2.0,0.0,0.0,0.5,0.7279435566917922,1.032966345197478
2505,train,1,0,0,0.0,266.5974771737233,0.0,0.0,0.0,0.0,1.3333333333333335,-48.96806885598998,0.5,1.0800319090584563,1.628218747942306
2505,train,0,2,1,-120.0,-425.45906167567364,0.0,0.0,0.0,0.0,-1.3333333333333335,-14.300363642062642,0.5,1.0800319090584563,1.628218747942306
2506,train,0,2,0,0.0,-185.99721863550167,0.0,0.0,0.0,0.0,0.0,0.0,0.5,1.0,1.0
2506,train,2,1,1,0.0,137.49393425110338,0.0,0.0,0.0,0.0,0.0,0.0,0.5,1.0,1.0
2507,train,1,0,1,60.0,46.46613468402256,0.0,0.0,0.0,0.0,-0.6666666666666667,0.0,0.5,1.183422622936751,1.0261160512636047
2507,train,1,2,1,-60.0,-179.7212985616634,-0.3333333333333333,0.0,0.0,0.0,-1.9999999999999998,0.0,0.5,1.183422622936751,1.0261160512636047
2508,train,0,1,1,-120.0,-15.96259676681484,0.0,-38.078055246638314,0.0,-0.3333333333333333,-0.6666666666666666,0.0,0.5,1.0,1.0
2508,train,0,2,1,-60.0,-404.33040075897,0.0,-67.26873285076493,0.0,0.0,-0.5,0.0,0.5,1.0,1.0
2509,train,1,0,1,-60.0,-1996.3039104558648,0.0,0.0,-254.42702350169156,-0.5,-0.16666666666666674,0.0,0.5,0.7240551420743068,0.5128341725855502
2509,train,1,2,1,-60.0,-2219.355477514703,0.0,0.0,-282.69515710064496,-1.0,0.6666666666666665,0.0,0.5,0.7240551420743068,0.5128341725855502
2510,train,1,0,0,-60.0,731.292247858426,0.0,730.7419974712484,0.0,0.0,0.3999999999999999,0.0,0.5,1.1584491262970673,0.6649009361097167
2510,train,0,2,1,360.0,-130.81758808088125,-0.20000000000000007,-715.8917717994248,0.0,-0.2,-2.4,0.0,0.5,1.1584491262970673,0.6649009361097167
2511,validation,0,1,1,60.0,-947.8499137494009,0.19047619047619047,-39.43019292351778,-61.881830227360346,-0.047619047619047616,1.1904761904761902,2.5063225221348198,0.5,1.0,1.0
2511,validation,0,2,1,60.0,56.85693355854255,0.38095238095238093,-113.22965244116665,-106.24056654750319,-0.14285714285714285,0.47619047619047605,0.9234623919330893,0.5,1.0,1.0
2512,train,2,0,1,-360.0,-95.58940508242995,0.0,0.0,0.0,-2.0,0.0,0.0,0.5,0.8667453507167545,1.419305884508109
2512,train,1,2,0,240.0,344.7395211418384,0.0,0.0,0.0,0.0,0.0,0.0,0.5,0.8667453507167545,1.419305884508109
2513,train,0,1,1,-60.0,361.3996640705682,-0.47619047619047616,306.5645638143811,-30.6300648558609,0.0,0.14285714285714285,-58.531208760924265,0.5,1.979308179354894,1.974595097247929
2513,train,2,0,0,0.0,-148.26509814525707,0.47619047619047616,-420.370148938176,77.83522104588087,-0.19047619047619047,-0.14285714285714285,99.5057730533293,0.5,1.979308179354894,1.974595097247929
2514,train,0,1,1,-300.0,-215.10933655114695,0.0,0.0,0.0,0.0,0.0,0.0,0.5,1.0,1.0
2514,train,2,0,0,240.0,-93.9422790460003,0.0,0.0,0.0,0.0,0.0,0.0,0.5,1.0,1.0
2515,train,0,1,0,-120.0,-107.91104538867012,0.0,-95.25172857472535,8.462631517786775,0.13333333333333333,0.0,10.13171200990449,0.5,1.3888318363937522,0.7593016208449633
2515,train,2,1,0,60.0,28.188191855221703,0.3333333333333333,-21.398206869028513,-23.524353882475424,0.06666666666666667,0.0,37.46692501291527,0.5,1.3888318363937522,0.7593016208449633
2516,train,0,2,0,360.0,937.9320238314322,0.0,438.537207344355,17.18151849666664,0.06666666666666667,0.0,0.8823890495655462,0.5,1.0,1.0
2516,train,2,1,1,-420.0,-2007.4068978607056,-0.26666666666666666,-494.1020010145694,-89.8380055423184,-0.26666666666666666,0.0,171.43873449303675,0.5,1.0,1.0
2517,train,2,0,1,-240.0,353.5368106157548,0.0,0.0,208.81665340537057,-1.3333333333333333,0.0,0.0,0.5,0.5226560990879721,1.4191142517931659
2517,train,2,1,1,-300.0,-564.7059231246394,0.0,0.0,53.61019588610412,-1.3333333333333333,0.0,0.0,0.5,0.5226560990879721,1.4191142517931659
2518,train,1,0,0,120.0,336.7173099386464,0.0,369.3119583037254,0.0,0.0,0.0,194.62173177237472,0.5,1.0,1.0
2518,train,2,0,0,-60.0,-109.82332899663743,0.0,245.54920744883987,0.0,0.0,0.0,61.972586280229905,0.5,1.0,1.0
2519,test,2,0,1,-60.0,1272.5650820535534,-0.8,-465.7376980625579,37.229985020476775,0.0,0.0,4.581739864033921,0.5,1.0,1.0
2519,test,1,2,0,540.0,-701.5963891370529,0.0,535.235452125609,-2.343764689694609,-0.13333333333333333,0.0,-15.161585873355406,0.5,1.0,1.0
2520,train,0,1,1,-480.0,-1170.3231233299457,0.09523809523809523,-47.586450294945166,-149.11864294806747,-0.19047619047619047,-0.23809523809523814,51.59819410830741,0.5,0.8037220160632994,0.5407236253487486
2520,train,2,0,0,60.0,225.69357913170825,-0.14285714285714285,-62.12403363351487,-61.55102797064586,0.19047619047619047,0.23809523809523814,31.302243354585222,0.5,0.8037220160632994,0.5407236253487486
2521,validation,0,2,0,-120.0,-791.3131565824606,0.0,0.0,47.20401581986762,0.2,0.0,47.19684883671146,0.5,1.287841927049528,0.6060589105224592
2521,validation,2,1,1,60.0,67.76502883924968,0.0,0.0,-64.84424978034552,0.0,-0.2666666666666666,-32.02572795995278,0.5,1.287841927049528,0.6060589105224592
2522,train,1,0,0,60.0,-436.4329521313766,0.0,0.0,0.0,0.0,0.0,0.0,0.5,1.0,1.0
2522,train,2,0,0,60.0,290.34069932224156,0.0,0.0,0.0,0.0,0.0,0.0,0.5,1.0,1.0
2523,train,1,0,1,-60.0,335.85584245489963,0.2,44.831491052405056,-16.867471809966197,0.0,0.0,-20.85259266023408,0.5,1.0,1.0
2523,train,2,1,0,0.0,-432.6090039396872,-0.2,80.37517845198892,32.155320164121314,0.26666666666666666,0.0,46.48287955029788,0.5,1.0,1.0
2524,train,0,2,0,0.0,-817.0178653853818,0.0,217.54264474008744,0.0,0.0,0.0,2.6316046068305976,0.5,0.9040576065580944,0.7904256204866837
2524,train,1,2,0,720.0,158.8765900676808,1.0,350.28947131288544,0.0,0.0,0.0,-4.253654232902813,0.5,0.9040576065580944,0.7904256204866837
2525,train,0,1,0,120.0,251.57866107297468,0.0,0.0,0.0,0.0,0.0,0.0,0.5,0.9173632004833416,1.354005662000568
2525,train,1,2,1,-120.0,-1667.07717608237,0.0,0.0,0.0,-3.0,0.0,0.0,0.5,0.9173632004833416,1.354005662000568
2526,train,0,2,0,-120.0,769.0545507421702,0.0,441.50702355946146,0.0,0.0,-0.6666666666666661,0.0,0.5,1.0694147759458759,1.316605215483468
2526,train,2,1,1,60.0,-178.42755626166945,0.0,-115.60214873804551,0.0,0.0,1.333333333333333,0.0,0.5,1.0694147759458759,1.316605215483468
2527,train,2,0,1,-120.0,-229.18661277654564,0.1,0.0,103.93770167855352,0.0,0.0,-26.949462420517555,0.5,0.5564462192754283,0.5669973111649589
2527,train,1,2,0,-60.0,-19.86679997526926,-0.1,0.0,199.3365905671582,0.0,0.2,-43.71158513727311,0.5,0.5564462192754283,0.5669973111649589
2528,train,1,0,1,1020.0,18.215046288373742,-0.2857142857142857,194.7374637979596,-139.4078143537168,-0.38095238095238093,0.09523809523809523,5.750626444841576,0.5,0.7150265577963844,0.7200863154608032
2528,train,2,1,0,-720.0,249.47488538350262,0.8571428571428571,-56.931488763380855,176.1766070367877,0.38095238095238093,0.2857142857142857,2.8119810589568637,0.5,0.7150265577963844,0.7200863154608032
2529,train,1,0,1,180.0,-242.1221510978703,0.0,0.0,0.0,0.0,-4.0,0.0,0.5,1.0463509048506057,0.9732418611301025
2529,train,1,2,1,-120.0,328.61691513199,0.0,0.0,0.0,0.0,-1.0,0.0,0.5,1.0463509048506057,0.9732418611301025
2530,train,0,2,0,420.0,1154.4066301950288,0.047619047619047616,-276.6388364589487,144.50690052879395,0.0,0.19047619047619024,0.0,0.5,1.8839274652802376,1.4842555793069314
2530,train,1,2,0,480.0,552.8844178269665,0.047619047619047616,-23.65185633004444,110.88526951383957,0.2857142857142857,-0.5714285714285714,38.49879834181961,0.5,1.8839274652802376,1.4842555793069314
2531,train,0,1,1,-600.0,346.6635526294076,0.0,0.0,0.0,0.0,-1.3333333333333333,0.0,0.5,1.440122834423727,0.5628521766455055
2531,train,0,2,1,60.0,390.11964443902707,-0.5,0.0,0.0,0.3333333333333333,-0.8333333333333334,0.0,0.5,1.440122834423727,0.5628521766455055
2532,train,2,0,1,-480.0,-1526.6192069693088,0.0,0.0,0.0,0.0,0.0,-275.84591497355115,0.5,1.188452079032406,0.6648279409141987
2532,train,2,1,1,120.0,314.3313214288496,0.0,0.0,0.0,0.0,0.0,-74.100899928214,0.5,1.188452079032406,0.6648279409141987
2533,train,1,0,0,60.0,534.1200344063286,0.0,432.5188368534549,260.3156353969345,0.0,-0.13333333333333333,-3.6037644397851416,0.5,1.0,1.0
2533,train,2,0,0,0.0,-331.50446979865865,-0.2,73.74608246015606,67.45906184411709,0.0,-0.2,-12.842971552689159,0.5,1.0,1.0
2534,validation,0,2,0,0.0,89.01071717334617,0.0,138.0390252055383,23.173361607644797,-0.13333333333333333,0.13333333333333333,0.0,0.5,1.3667107559139304,0.671620766657178
2534,validation,1,2,0,120.0,318.7604551163149,0.26666666666666666,173.50837667817842,83.39683031636991,-0.13333333333333333,0.19999999999999998,0.0,0.5,1.3667107559139304,0.671620766657178
2535,train,1,0,1,120.0,-866.4957047240723,0.0,0.0,0.0,0.0,1.3333333333333333,-81.6091535970497,0.5,0.7282128969490971,1.3048277270273008
2535,train,2,1,0,120.0,303.3815305153598,0.0,0.0,0.0,0.0,0.0,106.34927759525132,0.5,0.7282128969490971,1.3048277270273008
2536,train,1,0,1,-120.0,-350.24483242295196,0.1,0.0,-26.432455095749816,0.0,0.0,0.0,0.5,1.7456539700111764,1.285990296126716
2536,train,1,2,1,0.0,-351.1459218246712,0.0,0.0,118.23069496503783,-0.6000000000000001,-0.29999999999999993,0.0,0.5,1.7456539700111764,1.285990296126716
2537,train,0,1,1,120.0,281.1649102035117,0.0,-6.747376949055763,0.0,-0.3333333333333333,0.0,-150.01760693858836,0.5,1.4543360153134137,0.6414989421426073
2537,train,0,2,1,60.0,-197.18369209322236,0.0,-187.70427078002393,0.0,-0.16666666666666666,0.0,-173.06957264802028,0.5,1.4543360153134137,0.6414989421426073
2538,train,2,0,1,-120.0,-140.44589764264265,-0.26666666666666666,-40.453172659760085,-34.25632888964638,-0.3333333333333333,0.4000000000000001,0.0,0.5,0.5397898518324818,0.5152251255229384
2538,train,1,2,0,60.0,1100.7262736825342,0.26666666666666666,57.10325717995144,185.52094725626299,0.6666666666666666,0.0,0.0,0.5,0.5397898518324818,0.5152251255229384
2539,train,2,0,1,-420.0,-1610.3561529707476,0.0,-468.5358708875351,-218.35847760819195,-0.6000000000000001,0.0,-14.464742881418577,0.5,1.0,1.0
2539,train,1,2,0,420.0,884.2245743715466,0.0,140.76357171713312,401.53585859295885,0.0,0.0,-28.393258005833797,0.5,1.0,1.0
2540,validation,0,1,0,420.0,-573.2110060078439,0.8,0.0,0.0,0.0,0.19999999999999996,96.29185816898597,0.5,0.6759791781009052,1.5319376745916637
2540,validation,2,1,0,480.0,-928.4586962938101,0.2,0.0,0.0,-0.5999999999999999,0.7,281.00408478479403,0.5,0.6759791781009052,1.5319376745916637
2541,train,0,2,0,60.0,406.28387974969155,0.0,0.0,0.0,0.0,0.0,0.0,0.5,1.0,1.0
2541,train,1,2,0,120.0,688.8014036465111,0.0,0.0,0.0,0.0,0.0,0.0,0.5,1.0,1.0
2542,train,0,1,1,-360.0,-1074.1122348212639,0.0,0.0,-84.67251993721607,0.0,0.0,0.0,0.5,0.6231627001082417,0.869754978987603
2542,train,0,2,1,-420.0,-840.5404468692186,0.0,0.0,-112.69059949206064,0.0,0.0,0.0,0.5,0.6231627001082417,0.869754978987603
2543,test,1,0,1,-120.0,-163.83574059396142,0.0,0.0,0.0,0.0,0.0,0.0,0.5,1.0,1.0
2543,test,1,2,1,-180.0,-1176.5094577851332,0.0,0.0,0.0,0.0,0.0,0.0,0.5,1.0,1.0
2544,train,1,0,0,-120.0,-585.8389491546523,0.047619047619047616,106.41526311995597,249.9059211268288,0.14285714285714285,-0.6666666666666666,-78.91936067889141,0.5,1.5581015529077278,1.2633005683601486
2544,train,0,2,1,-60.0,-1278.2309630307718,-0.19047619047619047,-192.72008196949423,-65.58335244591649,0.14285714285714285,-0.19047619047619047,-20.065560122835237,0.5,1.5581015529077278,1.2633005683601486
2545,test,0,2,0,-60.0,-1987.7138126860336,0.0,0.0,300.41866898966146,0.0,0.0,-15.418570358749207,0.5,0.5406025013463969,1.7463868597559609
2545,test,1,2,0,60.0,-1989.1514541752695,0.0,0.0,285.1741929152505,0.0,0.0,113.97911515152546,0.5,0.5406025013463969,1.7463868597559609
2546,train,0,1,1,-120.0,-37.021105785359396,-0.4,-40.21258248848655,-15.811867809762887,-0.3333333333333333,-0.4,0.0,0.5,0.5300023331728789,0.7823901984856535
2546,train,2,0,0,120.0,-308.6716305013365,0.2,-58.99134950959528,171.6224377203506,0.0,0.13333333333333333,0.0,0.5,0.5300023331728789,0.7823901984856535
2547,train,1,0,0,1260.0,2181.9611006859323,0.0,0.0,0.0,0.0,0.0,94.17735491150707,0.5,0.7029562616199561,0.9176186402636586
2547,train,2,0,0,420.0,3736.1868308990806,0.0,0.0,0.0,-0.6666666666666666,0.0,198.23336670280503,0.5,0.7029562616199561,0.9176186402636586
2548,train,1,0,0,420.0,1897.7188671544777,0.0,0.0,0.0,0.0,0.0,0.0,0.5,1.0,1.0
2548,train,0,2,1,-420.0,-1508.5211714684242,0.0,0.0,0.0,0.0,0.0,0.0,0.5,1.0,1.0
2549,train,0,1,0,-120.0,203.9009849136387,0.0,75.3010324012746,123.5979029261094,0.0,-0.4,17.604598726744538,0.5,0.8868137180813982,1.1772423681288717
2549,train,1,2,1,0.0,-57.818114069965304,0.0,-55.09406511707911,-200.5997653494627,0.0,-0.8,23.993299834218174,0.5,0.8868137180813982,1.1772423681288717
2550,validation,1,0,1,60.0,1141.7573291335293,-0.42857142857142855,359.4394815673145,-33.00759471536125,-0.38095238095238093,0.1428571428571429,3.808853398518688,0.5,1.0,1.0
2550,validation,2,1,0,-600.0,-2212.632158034906,0.2857142857142857,-30.144802925793783,405.4889218632237,0.9523809523809523,-0.3333333333333333,20.64935102174275,0.5,1.0,1.0
2551,validation,1,0,1,0.0,-434.9894885895583,0.0,183.51309232641233,5.921812082573901,0.0,0.0,72.35647584849335,0.5,1.0,1.0
2551,validation,1,2,1,-300.0,-668.1281574081477,0.0,-402.3679728389062,-23.695143537642565,0.0,0.0,-6.2660687542647935,0.5,1.0,1.0
2552,validation,0,2,0,-360.0,-134.9205912553275,1.0,0.0,0.0,0.0,0.0,0.0,0.5,1.0450856773067807,0.7329727611684229
2552,validation,1,2,0,-300.0,227.76320787771692,0.0,0.0,0.0,0.0,0.0,0.0,0.5,1.0450856773067807,0.7329727611684229
2553,validation,1,0,0,-120.0,-2982.338142459331,0.0,0.0,0.0,2.0,0.0,0.0,0.5,1.8716492021143654,1.7163335777153752
2553,validation,2,0,0,1440.0,-2073.3112000635683,0.0,0.0,0.0,2.0,0.0,0.0,0.5,1.8716492021143654,1.7163335777153752
2554,validation,1,0,0,120.0,2442.895571806528,-0.14285714285714285,32.67000743234395,102.98169435800907,0.19047619047619047,-0.09523809523809523,-1.8960941946490948,0.5,0.7769826158926634,1.8035990359307226
2554,validation,0,2,1,60.0,-649.5309793314664,-0.2857142857142857,27.68794196414489,-33.14632938435403,0.0,0.19047619047619047,-15.633025371219617,0.5,0.7769826158926634,1.8035990359307226
2555,train,2,0,1,-60.0,562.1282807570874,0.0,260.89056818601034,94.53301467987312,0.0,-1.9047619047619047,32.016729597863865,0.5,1.0,1.0
2555,train,2,1,1,-180.0,-520.734832034821,-0.047619047619047616,-355.7411364720982,61.36045894121778,0.19047619047619047,-0.47619047619047616,-44.79369137912837,0.5,1.0,1.0
2556,test,0,1,1,-60.0,-64.07211904735277,-0.3333333333333333,0.0,0.0,0.0,0.0,60.32114584359224,0.5,0.7803145201996718,0.8386978771534469
2556,test,0,2,1,-420.0,-852.1958804304704,0.0,0.0,0.0,0.0,0.0,-28.813998122666575,0.5,0.7803145201996718,0.8386978771534469
2557,test,0,1,0,-60.0,-598.0149333046545,0.09523809523809523,22.14353309023695,57.68644466720198,0.14285714285714285,0.2857142857142857,-5.051024170247757,0.5,0.5022781704116599,0.9960116964578003
2557,test,1,2,1,60.0,131.86054734586423,-0.09523809523809523,-41.87086630195021,-1.7579315280283723,-0.14285714285714285,-1.1428571428571428,46.78883384455632,0.5,0.5022781704116599,0.9960116964578003
2558,test,1,0,1,-300.0,307.07404074997976,0.0,0.0,0.0,0.0,0.0,0.0,0.5,0.5751396063649824,1.1894979274524442
2558,test,2,1,0,-420.0,-1441.4673006361245,0.0,0.0,0.0,0.0,2.0,0.0,0.5,0.5751396063649824,1.1894979274524442
2559,train,1,0,0,120.0,1254.9599855121855,0.0,0.0,24.47504578785515,0.0,0.0,0.0,0.5,0.5057497838894522,0.783379437983855
2559,train,0,2,1,-60.0,-1348.1105356147636,0.0,0.0,-681.3017389662151,0.0,0.0,0.0,0.5,0.5057497838894522,0.783379437983855
2560,train,0,2,0,120.0,256.9765460359281,0.0,0.0,0.0,0.0,0.0,0.0,0.5,1.0,1.0
2560,train,1,2,0,300.0,1025.3976262858455,0.0,0.0,0.0,0.0,0.0,0.0,0.5,1.0,1.0
2561,train,2,0,1,-120.0,335.2468387227327,-0.20000000000000007,90.71143165496532,-16.63381022194003,0.0,0.0,-36.9910793837647,0.5,0.5305095790702301,0.8340766157325924
2561,train,2,1,1,60.0,941.6210205603365,0.4,-120.23938642449914,-71.1477464774799,0.0,0.0,-47.551330401641884,0.5,0.5305095790702301,0.8340766157325924
2562,train,1,0,0,240.0,381.8599572167941,-0.3,15.609529979582248,-7.1890624509592485,0.0,0.0,-44.27914313419666,0.5,0.5874255393085659,0.6718911791480392
2562,train,2,0,0,300.0,2094.2328840451682,0.3,67.80554327348443,120.76569146238495,0.0,0.0,92.74667797596346,0.5,0.5874255393085659,0.6718911791480392
2563,train,1,0,0,60.0,645.594773539025,0.5333333333333333,274.41933485883726,61.11314560214136,-0.06666666666666667,0.0,3.2756041980078225,0.5,1.0,1.0
2563,train,0,2,1,-120.0,-753.2367465267935,0.0,-65.83459667233967,-61.13298801711949,-0.06666666666666667,0.0,0.0,0.5,1.0,1.0
2564,test,0,1,1,-300.0,-629.1528760917954,-0.09523809523809523,-178.04433097003474,-220.8920560688941,-0.14285714285714285,-0.857142857142857,9.623934025650815,0.5,1.0325326576138238,0.6216450462935916
2564,test,2,0,0,60.0,680.3892160240484,-0.09523809523809523,33.45998154615418,59.34847449331582,0.0,1.9999999999999998,-19.02133850809451,0.5,1.0325326576138238,0.6216450462935916
2565,train,0,1,1,-720.0,-2202.2211782368113,0.4,-446.3863887149529,-204.25036711989742,0.0,0.0,-99.74005179059341,0.5,1.4532030652177506,1.0738476715128875
2565,train,2,0,0,540.0,1210.5069942947712,0.8000000000000002,93.09345476457747,-239.90667739572314,0.0,0.0,53.372179771699535,0.5,1.4532030652177506,1.0738476715128875
2566,train,0,1,0,300.0,822.5308213172134,0.0,0.0,0.0,0.0,0.0,0.0,0.5,1.0,1.0
2566,train,2,1,0,-120.0,507.8410104043028,0.0,0.0,0.0,0.0,0.0,0.0,0.5,1.0,1.0
2567,train,0,1,0,-180.0,-734.3509323581566,1.0,0.0,0.0,0.0,0.0,0.0,0.5,1.0666352334476716,0.809365957770216
2567,train,1,2,1,-780.0,124.02854764085714,-2.0,0.0,0.0,0.0,0.0,0.0,0.5,1.0666352334476716,0.809365957770216
2568,train,1,0,1,-300.0,-1872.3110105173282,0.0,0.0,0.0,0.0,-5.0,0.0,0.5,0.7874345499865001,0.7495277118313302
2568,train,1,2,1,-60.0,-804.5386349141254,0.0,0.0,0.0,0.0,-2.0,0.0,0.5,0.7874345499865001,0.7495277118313302
2569,train,1,0,0,60.0,87.09437888062484,0.0,-48.76653620353859,-147.78671555724947,0.6666666666666666,0.2666666666666666,14.930226899860052,0.5,1.4987432006359052,1.2879561393039198
2569,train,0,2,1,-180.0,191.49851068555654,0.0,-4.922237432202692,114.71642021423392,0.0,-0.8,-1.7670997274951716,0.5,1.4987432006359052,1.2879561393039198
2570,train,1,0,1,240.0,1048.025308145675,0.0,112.09174348807291,128.4221288365593,0.0,0.0,-232.8501318321417,0.5,0.5794558236903197,1.2292042141258706
2570,train,2,1,0,-600.0,-374.40729182470386,1.4999999999999998,23.287246259487148,-132.96538181808458,0.0,0.0,139.72485349533906,0.5,0.5794558236903197,1.2292042141258706
2571,train,0,1,0,540.0,408.3306898074334,0.0,0.0,0.0,0.0,0.0,-61.334491829244016,0.5,0.7791626088252386,1.6882668706403472
2571,train,2,1,0,180.0,-580.4551041066334,0.0,0.0,0.0,0.0,0.0,139.71264467700905,0.5,0.7791626088252386,1.6882668706403472
2572,train,0,2,0,300.0,1386.6685118787846,0.0,0.0,1085.7534550058758,0.0,0.0,0.0,0.5,0.8847793785440455,0.6320774917534929
2572,train,1,2,0,120.0,1034.1072984529465,0.0,0.0,587.7180521190658,0.0,0.0,0.0,0.5,0.8847793785440455,0.6320774917534929
2573,train,2,0,1,240.0,-481.56465648878566,0.0,0.0,-182.23361941576053,0.0,0.6666666666666666,-1.519397943305476,0.5,0.58734101914007,0.6075181895509596
2573,train,1,2,0,-180.0,-146.93347796239232,0.0,0.0,-53.60074496058814,0.0,0.9999999999999999,-10.367403805350408,0.5,0.58734101914007,0.6075181895509596
2574,train,2,0,1,-120.0,-740.625741481836,0.0,0.0,0.0,0.0,0.0,0.0,0.5,1.0,1.0
2574,train,2,1,1,-300.0,-1346.42781475419,0.0,0.0,0.0,0.0,0.0,0.0,0.5,1.0,1.0
2575,train,0,2,0,0.0,-820.321360096952,0.0,0.0,0.0,0.0,0.0,0.0,0.5,1.0,1.0
2575,train,2,1,1,-120.0,474.3272837840095,0.0,0.0,0.0,0.0,0.0,0.0,0.5,1.0,1.0
2576,train,1,0,1,-60.0,278.9233005436181,0.0,-152.76536936823163,-21.97257302258197,0.0,-0.13333333333333336,2.4036501276826385,0.5,1.0226179180319763,0.7402194691331112
2576,train,1,2,1,-60.0,-514.971659189634,0.0,-169.9249339252191,-74.68893407757163,0.0,-0.13333333333333336,-37.216726744961896,0.5,1.0226179180319763,0.7402194691331112
2577,test,0,1,1,-240.0,-10.788697627855072,0.2,71.17829304993602,-24.110347397486574,0.26666666666666666,-1.6666666666666667,0.0,0.5,1.9108462014482352,1.803723542984012
2577,test,2,0,0,60.0,914.6628284055296,-0.13333333333333336,111.12321161636578,148.83898445429196,-0.5333333333333333,2.333333333333333,0.0,0.5,1.9108462014482352,1.803723542984012
2578,train,0,2,0,-60.0,-705.305560973115,0.13333333333333333,0.0,-19.176746270962063,0.0,0.06666666666666665,18.232977512732386,0.5,0.5299325485359544,0.796834137648255
2578,train,1,2,0,-60.0,-279.700043049912,0.0,0.0,-10.320053241113463,0.26666666666666666,-0.06666666666666668,137.0758368804048,0.5,0.5299325485359544,0.796834137648255
2579,train,2,0,1,-240.0,21.867420133752148,-0.5714285714285714,-447.17264727401675,-60.270410805429876,0.0,0.2857142857142857,90.62419910088715,0.5,0.8223509103729323,0.5664238718203257
2579,train,1,2,0,0.0,-683.8979162615633,0.5714285714285714,13.446408985229908,34.98708706010207,0.0,-0.1428571428571429,-16.423011696262733,0.5,0.8223509103729323,0.5664238718203257
2580,train,0,1,0,660.0,2087.5917236612345,-0.7142857142857142,160.34291957167412,164.7187063464111,-0.047619047619047616,0.38095238095238093,71.81519176776563,0.5,1.0,1.0
2580,train,1,2,1,-240.0,-1319.4056920408443,0.4761904761904761,-626.5769518763316,-134.70332594558002,-0.047619047619047616,0.09523809523809523,-88.9467910786366,0.5,1.0,1.0
2581,train,0,2,0,180.0,-681.3259745677487,0.0,0.0,0.0,0.0,0.0,0.0,0.5,1.0,1.0
2581,train,2,1,1,-660.0,1694.6729796697236,0.0,0.0,0.0,0.0,0.0,0.0,0.5,1.0,1.0
2582,train,2,0,1,-480.0,-1597.2086827834464,-0.4,0.0,35.706455668807735,0.0,-0.20000000000000007,34.46160836695106,0.5,1.615181240102689,1.0946423444793532
2582,train,2,1,1,-420.0,57.22666095719251,-0.8000000000000002,0.0,-73.13801608115767,0.0,-0.09999999999999998,-68.91876950755278,0.5,1.615181240102689,1.0946423444793532
2583,train,0,1,0,60.0,246.30744989011055,0.0,1452.9877980037686,0.0,0.0,0.0,0.0,0.5,1.0,1.0
2583,train,2,1,0,360.0,270.39208749674435,0.0,705.3088867995085,0.0,0.0,0.0,0.0,0.5,1.0,1.0
2584,train,1,0,0,-180.0,-10.134853495424977,1.3333333333333333,0.0,-272.96535273490133,0.0,0.0,0.0,0.5,0.7620958484823805,0.5023257906637074
2584,train,0,2,1,180.0,667.9028417261875,-1.3333333333333333,0.0,275.1175204210657,0.0,0.0,0.0,0.5,0.7620958484823805,0.5023257906637074
2585,train,0,1,1,-60.0,-1056.5666395400735,0.0,-378.20510663608695,-340.65088437372646,0.2,0.0,-15.162237747010506,0.5,1.0,1.0
2585,train,2,0,0,120.0,241.47918334540327,0.0,-86.15616302371939,192.5665148486765,-0.2,0.0,27.325067953366528,0.5,1.0,1.0
2586,train,1,0,0,480.0,855.106164145569,-0.5714285714285714,819.3025334134736,65.18014519532517,0.19047619047619047,-1.714285714285714,-68.08575753132703,0.5,1.302766953187586,1.5957791780932737
2586,train,2,0,0,60.0,-552.330149424025,-0.7142857142857142,605.5745126721179,39.034971799831936,0.38095238095238093,-1.4285714285714284,-10.765632099028373,0.5,1.302766953187586,1.5957791780932737
2587,train,0,1,1,-120.0,374.72150836894707,0.0,0.0,0.0,0.0,0.0,0.0,0.5,1.0,1.0
2587,train,2,0,0,60.0,15.204228440856696,0.0,0.0,0.0,0.0,0.0,0.0,0.5,1.0,1.0
2588,train,0,2,0,120.0,854.8694767529873,-0.4,0.0,-1.3006492643132361,0.2,0.6666666666666665,15.279756838817718,0.5,1.020072545143968,1.5185733573785014
2588,train,1,2,0,-300.0,-688.5534191609245,-0.2666666666666667,0.0,-53.943774287838394,0.2,-0.33333333333333326,49.278535293301445,0.5,1.020072545143968,1.5185733573785014
2589,train,1,0,1,-240.0,434.33233816785014,0.0,311.0076847150009,-14.592271927067348,0.047619047619047616,-0.7142857142857143,-19.052384836031443,0.5,1.0,1.0
2589,train,2,1,0,120.0,93.14209283100809,0.14285714285714285,-210.91588104669216,62.90869854231498,-0.047619047619047616,0.0,-34.8886764571248,0.5,1.0,1.0
2590,test,1,0,0,-60.0,259.7886881461013,0.09523809523809523,4.574984655199131,3.0583930047680283,0.14285714285714285,-0.23809523809523808,-16.464719477181607,0.5,0.6555618404882784,1.160537935270702
2590,test,2,0,0,-120.0,257.511722787724,0.0,-11.976267340815738,-18.207006615959948,0.0,0.0,-20.38077811993847,0.5,0.6555618404882784,1.160537935270702
2591,test,0,1,0,-600.0,2035.4187441382383,-0.1333333333333333,-123.62304209987758,558.365596431636,0.0,0.33333333333333337,0.0,0.5,0.5841295800328925,1.768747342610182
2591,test,1,2,1,480.0,-1635.504066967469,0.0,-417.7304013665389,-797.2189367396952,0.0,0.0,0.0,0.5,0.5841295800328925,1.768747342610182
2592,test,0,2,0,120.0,2.2322519384815678,0.0,0.0,0.0,0.0,0.0,0.0,0.5,1.0,1.0
2592,test,1,2,0,420.0,2137.49062977386,0.0,0.0,0.0,0.0,0.0,0.0,0.5,1.0,1.0
2593,train,1,0,0,0.0,210.74775176040657,0.0,504.13437512847236,0.0,0.0,0.0,0.0,0.5,1.0,1.0
2593,train,0,2,1,-60.0,350.4024012331697,0.0,-447.2724586307513,0.0,0.0,0.0,0.0,0.5,1.0,1.0
2594,test,1,0,0,300.0,-523.5283835395585,0.0,0.0,0.0,0.0,0.0,0.0,0.5,1.0,1.0
2594,test,0,2,1,60.0,427.1466277218515,0.0,0.0,0.0,0.0,0.0,0.0,0.5,1.0,1.0
2595,validation,0,1,0,0.0,788.7360642636722,0.0,842.5120097257741,0.0,0.0,0.3333333333333335,0.0,0.5,0.519870797516379,1.7262524466478288
2595,validation,1,2,1,-180.0,-2698.8232172668095,0.0,95.84729709699695,0.0,0.0,0.33333333333333326,-194.21005736521136,0.5,0.519870797516379,1.7262524466478288
2596,train,0,1,0,240.0,-33.65403511700333,-0.4000000000000001,849.3115505154676,186.89781300740447,-0.4,0.0,0.0,0.5,1.3868063611934505,1.7575900693080528
2596,train,1,2,1,-1020.0,-3670.368261456473,0.0,-514.6963485400933,-18.260581922491326,0.0,0.0,0.0,0.5,1.3868063611934505,1.7575900693080528
2597,train,0,1,0,-60.0,-368.620690326396,0.0,-121.18273873109331,0.0,0.0,0.0,20.763079501704524,0.5,1.0,1.0
2597,train,2,1,0,-120.0,-627.4294410397738,0.0,-35.09108377316443,0.0,0.0,0.0,-6.704949247819222,0.5,1.0,1.0
2598,train,0,1,0,360.0,1528.7273174993215,0.0,75.56251904506851,0.0,0.0,3.0,26.049096868291883,0.5,1.1532966045849922,0.5904027878078075
2598,train,2,1,0,360.0,1463.1023738041458,0.0,81.19017485138986,0.0,0.0,0.0,-76.87590148244868,0.5,1.1532966045849922,0.5904027878078075
2599,train,0,2,0,60.0,172.36353067518348,0.0,77.53707653357739,0.0,0.8,0.5999999999999999,-9.35086303007828,0.5,1.3601577223887242,1.2664788235560913
2599,train,1,2,0,420.0,1397.417451080349,0.0,-78.20120975525332,0.0,0.4,0.30000000000000004,-32.5973061014711,0.5,1.3601577223887242,1.2664788235560913
2600,train,0,1,0,60.0,1084.1121402424756,1.2,0.0,26.256795128353296,0.4,0.0,42.50381972390832,0.5,1.3152674232561528,0.6407151702436475
2600,train,1,2,1,-180.0,-440.9462339576444,-0.3,0.0,20.952614184945354,-0.2,0.0,-22.800274198279904,0.5,1.3152674232561528,0.6407151702436475
2601,test,0,1,1,-420.0,16.252033752093666,0.2666666666666667,0.0,-228.39918633755906,0.0,-1.0666666666666667,-190.65960522370918,0.5,0.7601306928314634,0.8794738202207747
2601,test,0,2,1,-480.0,-1508.1468277990725,0.2666666666666667,0.0,-348.52589964261523,-0.06666666666666667,-0.2666666666666666,0.0,0.5,0.7601306928314634,0.8794738202207747
2602,train,0,2,0,1440.0,2709.5240895067764,0.0,-364.66523385537175,0.0,-0.16666666666666666,0.5,0.0,0.5,0.7712301099651061,1.1830267026430852
2602,train,2,1,1,-780.0,-3623.434253806723,0.0,-377.9496762775051,0.0,-0.49999999999999994,-2.5,0.0,0.5,0.7712301099651061,1.1830267026430852
2603,train,0,2,0,60.0,209.9308820906972,0.13333333333333336,138.12255561068292,319.7187785151315,0.0,0.0,163.8672576378387,0.5,0.6533664206290732,0.7816091266212681
2603,train,2,1,1,0.0,742.468116905909,0.13333333333333333,316.8708846533877,18.037281361178998,0.0,0.0,-154.07923499476277,0.5,0.6533664206290732,0.7816091266212681
2604,train,1,0,0,420.0,-2474.742540770236,0.0,0.0,206.48594548644311,0.0,-1.666666666666666,0.0,0.5,1.1611343971049608,1.6371023147659558
2604,train,2,0,0,-60.0,374.6084414050056,0.0,0.0,506.4003352213073,0.0,-2.9999999999999996,0.0,0.5,1.1611343971049608,1.6371023147659558
2605,test,0,1,0,-240.0,-726.9561623997611,0.0,0.0,0.0,0.0,0.0,170.88859098755594,0.5,1.2454413531343058,0.7586423975822592
2605,test,2,1,0,-300.0,-915.0701621700723,0.0,0.0,0.0,0.0,0.0,287.4443708314668,0.5,1.2454413531343058,0.7586423975822592
2606,train,1,0,1,300.0,-845.1547637577605,-0.7142857142857142,-27.366916159775116,61.066577485350656,-0.5714285714285714,0.2857142857142857,-53.3702003171718,0.5,0.8671891768624803,0.9063089103374946
2606,train,1,2,1,300.0,26.05163944290416,-0.7142857142857142,50.0781404149603,-10.708897601518444,0.0,-0.1428571428571428,-13.57890541768304,0.5,0.8671891768624803,0.9063089103374946
2607,train,0,2,0,120.0,-14.875814161804556,0.0,0.0,0.0,0.0,0.0,0.0,0.5,1.0,1.0
2607,train,2,1,1,-180.0,-755.5868010237746,0.0,0.0,0.0,0.0,0.0,0.0,0.5,1.0,1.0
2608,train,0,1,0,-660.0,-746.3357718647499,0.0,0.0,0.0,0.0,0.0,195.77873040656277,0.5,0.8859076934712441,0.7220532682475748
2608,train,2,1,0,-900.0,-1886.3879265425107,0.0,0.0,0.0,0.0,0.0,337.3028793585212,0.5,0.8859076934712441,0.7220532682475748
2609,validation,1,0,1,-180.0,-133.7900091785059,-1.3333333333333335,-331.5466447111028,0.0,0.16666666666666666,0.0,0.0,0.5,1.0,1.0
2609,validation,2,1,0,300.0,135.62323580229986,0.33333333333333337,-744.3065547007906,0.0,0.33333333333333337,0.0,0.0,0.5,1.0,1.0
2610,train,0,2,0,60.0,271.64110014999824,0.0,0.0,0.0,0.0,0.0,0.0,0.5,1.0,1.0
2610,train,1,2,0,120.0,1446.657256774969,0.0,0.0,0.0,0.0,0.0,0.0,0.5,1.0,1.0
2611,train,0,2,0,660.0,2106.5104385931754,-0.23809523809523808,-66.90949193682121,121.58584190648861,-0.19047619047619047,0.8571428571428572,105.18247830997034,0.5,1.1706747440735055,0.5172080571072057
2611,train,2,1,1,0.0,-629.7435510417836,0.0,25.632264029515966,-44.02422086702793,0.0,0.0,-40.839755473331024,0.5,1.1706747440735055,0.5172080571072057
2612,train,0,1,1,-120.0,1453.1972230453302,0.0,0.0,-415.9745462341115,-1.3333333333333335,0.0,0.0,0.5,0.5781834151409652,0.6192140173323512
2612,train,2,0,0,-600.0,-448.4988240084622,0.0,0.0,-158.9505625892208,0.6666666666666666,0.0,0.0,0.5,0.5781834151409652,0.6192140173323512
2613,train,0,1,0,0.0,-106.09659712021767,0.0,-180.51124776710773,16.59247441243027,-0.1,0.0,0.0,0.5,1.1033081741102466,1.7999379263103215
2613,train,2,1,0,60.0,136.6775910179049,0.4,-253.15496744241153,36.21940881408605,-0.1,0.0,0.0,0.5,1.1033081741102466,1.7999379263103215
2614,test,0,1,1,-60.0,-77.91015596990383,0.0,0.0,0.0,0.0,0.0,0.0,0.5,1.0,1.0
2614,test,0,2,1,-60.0,251.2607107163135,0.0,0.0,0.0,0.0,0.0,0.0,0.5,1.0,1.0
2615,train,0,2,0,180.0,32.862252066983274,0.0,0.0,-33.834307664396846,0.5,0.0,182.98301093184955,0.5,0.5571268789084903,1.1531308665550626
2615,train,1,2,0,-60.0,-340.7568074114183,0.0,0.0,56.80916189559741,0.0,0.0,49.42629144877621,0.5,0.5571268789084903,1.1531308665550626
2616,test,1,0,0,420.0,1397.6221371193124,1.2000000000000002,49.65348282250346,0.0,0.0,0.1,0.0,0.5,0.570982477499286,0.6293497320522051
2616,test,0,2,1,-120.0,-1065.74135949633,-1.2000000000000002,-142.68968176693775,0.0,-0.4,-0.30000000000000004,0.0,0.5,0.570982477499286,0.6293497320522051
2617,test,1,0,0,300.0,459.15012639423,0.0,44.55781627847507,-21.26776028399123,0.0,0.2857142857142857,39.667380358363566,0.5,1.8922766665105144,1.3127651502852047
2617,test,0,2,1,-240.0,-478.0860777009657,0.19047619047619047,-42.23106809842453,-80.94875085033901,-0.09523809523809523,-0.4285714285714285,36.156931954186526,0.5,1.8922766665105144,1.3127651502852047
2618,train,0,1,1,0.0,-25.21206025779884,0.0,0.0,0.0,0.0,0.0,0.0,0.5,0.9310615970520161,1.250736563139924
2618,train,2,0,0,-180.0,327.334259133218,1.0,0.0,0.0,0.0,0.0,0.0,0.5,0.9310615970520161,1.250736563139924
2619,train,1,0,1,-120.0,-1173.54527877091,-1.0,-2068.6327341246824,0.0,0.0,0.0,0.0,0.5,1.0,1.0
2619,train,2,1,0,-60.0,210.96406437566384,0.3333333333333333,522.2194788660552,0.0,0.0,0.0,0.0,0.5,1.0,1.0
2620,validation,0,1,0,-60.0,38.33132733393904,-0.19047619047619047,41.89241261188437,-19.901545992753498,-0.09523809523809523,0.2857142857142856,0.0,0.5,0.9325626419844651,0.9910091119243305
2620,validation,2,1,0,180.0,97.20355216204234,-0.19047619047619047,-90.51097480672733,98.93961366060064,0.0,-1.7142857142857144,17.158332802445816,0.5,0.9325626419844651,0.9910091119243305
2621,train,1,0,0,0.0,-280.5719293770853,0.0,91.41175368524321,-3.667081886684066,0.26666666666666666,0.0,16.700611095696274,0.5,1.0,1.0
2621,train,2,0,0,240.0,340.51681242821405,0.0,-89.06671594529823,2.6198861249393417,0.0,0.0,59.57366356029126,0.5,1.0,1.0
2622,validation,0,1,1,-300.0,-36.79983498428737,0.0,0.0,0.0,0.0,0.0,0.0,0.5,1.0,1.0
2622,validation,2,0,0,60.0,-354.3883046623728,0.0,0.0,0.0,0.0,0.0,0.0,0.5,1.0,1.0
2623,test,0,1,1,-60.0,335.81613642673256,0.0,0.0,-34.90654287234088,-0.16666666666666666,-0.6666666666666667,0.0,0.5,1.2824435886442946,0.673977766718409
2623,test,2,0,0,60.0,-502.6396479648797,0.0,0.0,-42.60308679981799,0.0,1.6666666666666667,0.0,0.5,1.2824435886442946,0.673977766718409
2624,train,1,0,0,0.0,1302.031671541783,-0.19047619047619047,511.5351080584735,35.96197996732139,-0.19047619047619047,0.47619047619047616,-50.68454439917457,0.5,1.3252497215045684,0.520038697549559
2624,train,0,2,1,-360.0,-1008.173038139993,0.2857142857142857,367.8277493433782,-67.03340854148291,0.5714285714285714,-0.2857142857142857,-55.962579993961924,0.5,1.3252497215045684,0.520038697549559
2625,train,0,1,0,840.0,1083.4968250984016,0.0,0.0,0.0,0.3333333333333333,0.0,186.2730324078219,0.5,1.0680764420447137,0.7930471602560515
2625,train,1,2,1,-540.0,-622.54964708953,0.0,0.0,0.0,-0.3333333333333333,0.0,-226.8058281835998,0.5,1.0680764420447137,0.7930471602560515
2626,train,0,1,0,-240.0,-387.97066240694176,0.0,0.0,0.0,0.6666666666666666,0.0,0.0,0.5,0.6391278250098957,1.8678368180690494
2626,train,1,2,1,-180.0,-782.0014144784609,-0.5,0.0,0.0,0.0,1.5,0.0,0.5,0.6391278250098957,1.8678368180690494
2627,train,0,1,1,-60.0,-991.0406680290016,0.0,0.0,0.0,0.0,0.0,0.0,0.5,0.6095910482987505,1.785391207172054
2627,train,0,2,1,360.0,108.30995574897497,-2.0,0.0,0.0,0.0,0.6666666666666665,0.0,0.5,0.6095910482987505,1.785391207172054
2628,train,1,0,1,-60.0,-391.411541312405,-0.30000000000000004,132.4709955568759,-140.43518968381437,0.0,0.0,0.0,0.5,1.0471967188788514,1.633898159842242
2628,train,1,2,1,-240.0,-496.2051713119545,0.20000000000000004,-3.5891295744340255,-25.76838637038577,0.0,0.4,0.0,0.5,1.0471967188788514,1.633898159842242
2629,train,0,2,0,-360.0,-1064.2283243858292,0.0,0.0,1019.6976868320705,0.0,-0.8333333333333333,0.0,0.5,1.2212684172917379,0.6025727855854378
2629,train,2,1,1,120.0,800.4778222671848,0.0,0.0,-1.0234238645179374,0.0,0.6666666666666665,-253.56920362777512,0.5,1.2212684172917379,0.6025727855854378
2630,train,1,0,0,300.0,275.33750437911567,0.0,3024.157217300822,0.0,0.0,0.0,0.0,0.5,1.0,1.0
2630,train,0,2,1,-60.0,702.3175569095656,0.0,-325.3763606919383,0.0,0.0,0.0,0.0,0.5,1.0,1.0
2631,test,0,2,0,-180.0,1670.7810549660262,0.5333333333333334,0.0,-58.57975047191397,-0.13333333333333333,1.6666666666666667,69.75704499442733,0.5,0.5941021060313951,0.5350409919293558
2631,test,1,2,0,-120.0,158.23129535358385,0.26666666666666666,0.0,-116.87643540455956,-0.13333333333333333,1.6666666666666667,36.70648051455573,0.5,0.5941021060313951,0.5350409919293558
2632,train,1,0,0,-60.0,42.4078689085236,0.0,0.0,0.0,0.0,0.0,113.28410020618867,0.5,1.7249056667773752,1.5955774441735238
2632,train,2,0,0,0.0,-713.1517474867533,0.0,0.0,0.0,0.0,0.0,27.115045068993652,0.5,1.7249056667773752,1.5955774441735238
2633,train,2,0,1,-120.0,-449.9833336234683,-1.0,0.0,0.0,0.0,0.0,0.0,0.5,1.3096871328124688,1.1403848992070287
2633,train,1,2,0,120.0,653.3602706998272,0.3333333333333333,0.0,0.0,0.0,0.0,0.0,0.5,1.3096871328124688,1.1403848992070287
2634,train,1,0,1,240.0,231.59936709865997,0.0,0.0,-629.9819851785962,0.0,-1.9999999999999998,0.0,0.5,0.7012671400621856,0.8139040304428916
2634,train,2,1,0,-360.0,-2164.0486489271875,0.0,0.0,184.34139815207158,0.0,1.3333333333333333,0.0,0.5,0.7012671400621856,0.8139040304428916
2635,validation,0,1,0,240.0,-775.450558993045,0.0,0.0,404.4375191755886,0.0,0.0,0.0,0.5,0.8254717333604662,1.9294799390418775
2635,validation,2,1,0,180.0,-851.0161630821713,0.0,0.0,1184.5546014559404,0.0,0.0,0.0,0.5,0.8254717333604662,1.9294799390418775
2636,validation,1,0,1,0.0,-367.5020140202605,0.0,-623.8723348521787,0.0,0.0,0.0,0.0,0.5,1.0,1.0
2636,validation,1,2,1,-240.0,-666.1537205948944,0.0,98.45018999380022,0.0,0.0,0.0,0.0,0.5,1.0,1.0
2637,test,0,1,0,-60.0,909.203449274326,0.23809523809523808,383.2680481326919,-13.438994846250647,-0.14285714285714285,0.38095238095238093,-1.0514165149535852,0.5,1.0,1.0
2637,test,1,2,1,0.0,-234.77836682954694,0.23809523809523808,-206.4680062807978,-2.7442153698600293,0.0,0.0,9.509696300598499,0.5,1.0,1.0
2638,validation,1,0,0,600.0,829.3997607126012,0.0,0.0,0.0,0.0,0.0,433.01106906086017,0.5,1.1684242732023857,0.9972206960787318
2638,validation,0,2,1,60.0,-402.2839761325695,0.0,0.0,0.0,0.0,0.0,-360.4387831784445,0.5,1.1684242732023857,0.9972206960787318
2639,train,1,0,1,300.0,517.9617568206636,0.0,-254.136549508984,0.0,0.0,0.0,0.0,0.5,1.0,1.0
2639,train,1,2,1,60.0,-329.0192331716298,0.0,-201.3338326124865,0.0,0.0,0.0,0.0,0.5,1.0,1.0
2640,test,2,0,1,60.0,161.8887720012208,0.0,0.0,0.0,0.0,0.0,0.0,0.5,1.0,1.0
2640,test,2,1,1,0.0,-620.7940202642894,0.0,0.0,0.0,0.0,0.0,0.0,0.5,1.0,1.0
2641,train,2,0,1,60.0,-276.70754827890823,0.0,0.0,0.0,0.6666666666666666,-1.333333333333333,0.0,0.5,0.9559945224754429,0.5499752253537239
2641,train,2,1,1,-300.0,-481.7005470124345,0.0,0.0,0.0,0.0,-1.6666666666666665,0.0,0.5,0.9559945224754429,0.5499752253537239
2642,train,2,0,1,-60.0,309.2851930411716,0.0,-571.3711757805099,0.0,0.0,0.0,0.0,0.5,1.0,1.0
2642,train,1,2,0,300.0,245.64177286597078,0.0,1211.8036952101563,0.0,0.0,0.0,0.0,0.5,1.0,1.0
2643,test,1,0,0,60.0,-347.98247596182046,0.0,0.0,0.0,0.8333333333333333,2.5,0.0,0.5,0.8772805039304984,0.6657195771355591
2643,test,2,0,0,-300.0,-223.65866806040867,-0.33333333333333337,0.0,0.0,0.3333333333333333,2.0,0.0,0.5,0.8772805039304984,0.6657195771355591
2644,train,0,1,0,120.0,-75.98422984911304,0.0,0.0,0.0,0.0,0.0,0.0,0.5,1.0,1.0
2644,train,2,1,0,300.0,2156.7127023346848,0.0,0.0,0.0,0.0,0.0,0.0,0.5,1.0,1.0
2645,validation,0,2,0,-360.0,1478.6262200396313,0.19047619047619047,259.1041911627777,36.25404832434472,-0.23809523809523808,0.9523809523809523,25.699443062596146,0.5,1.0476329848919979,1.221989851812605
2645,validation,1,2,0,-180.0,907.9828034344373,0.2857142857142857,230.9518298079293,16.626877803252444,-0.23809523809523808,0.5714285714285714,-81.7998548728857,0.5,1.0476329848919979,1.221989851812605
2646,train,1,0,0,-420.0,-2236.3091102439075,0.0,0.0,0.0,1.0,0.0,0.0,0.5,1.501466447728148,0.553648279462723
2646,train,2,0,0,-480.0,-2467.2646318915313,0.0,0.0,0.0,1.0,0.0,0.0,0.5,1.501466447728148,0.553648279462723
2647,train,1,0,0,-60.0,508.77907591644134,0.0,899.452558538678,0.0,0.0,0.0,0.0,0.5,1.9860380710388406,0.6783258724757572
2647,train,0,2,1,-240.0,311.0699542151842,0.0,-111.60280212271115,0.0,0.0,1.0,0.0,0.5,1.9860380710388406,0.6783258724757572
2648,train,0,2,0,0.0,-1054.9932513506697,0.0,128.4365073078726,18.307766748487637,0.0,0.0,0.0,0.5,1.0,1.0
2648,train,1,2,0,-240.0,-1755.5316674364976,0.0,-99.11962592915404,222.06650938385235,0.0,0.0,0.0,0.5,1.0,1.0
2649,train,0,2,0,60.0,-275.89469297304913,2.0,0.0,0.0,0.0,0.0,0.0,0.5,0.766411092694342,0.5083610838154081
2649,train,1,2,0,60.0,38.9796842384867,1.0,0.0,0.0,0.0,0.0,0.0,0.5,0.766411092694342,0.5083610838154081
2650,test,1,0,1,-60.0,924.1206726494038,0.0,0.0,-395.47774578986713,-0.2,-0.9,0.0,0.5,1.3511225402545948,1.836793427776256
2650,test,1,2,1,-720.0,-1813.2758786512513,-0.5000000000000001,0.0,54.30142585352176,0.0,-1.7999999999999998,0.0,0.5,1.3511225402545948,1.836793427776256
2651,test,1,0,0,120.0,1715.2888609435413,0.0,0.0,769.0730799390476,0.0,0.0,0.0,0.5,1.385901284829971,0.915737138299013
2651,test,0,2,1,0.0,-109.14966488528808,0.0,0.0,-191.98042243538387,0.0,0.0,0.0,0.5,1.385901284829971,0.915737138299013
2652,train,0,1,0,180.0,692.0204757065053,0.0,-85.09174269795301,65.79664110301105,0.5714285714285714,-0.047619047619047616,30.138339177139727,0.5,1.8003073404605172,1.9850924034740116
2652,train,2,1,0,0.0,778.5663410701541,0.0,50.367019239229705,-54.36588367735852,0.0,-0.047619047619047616,-48.24854603294371,0.5,1.8003073404605172,1.9850924034740116
2653,validation,0,2,0,120.0,776.8353421386219,0.0,255.6781004413113,0.0,0.0,0.19999999999999996,19.91362455604763,0.5,0.6675504917841771,1.7633523383402925
2653,validation,2,1,1,-240.0,-1596.2811696806712,0.0,-364.9432752501503,0.0,-0.40000000000000013,-0.09999999999999998,41.133774572117375,0.5,0.6675504917841771,1.7633523383402925
2654,train,0,1,0,60.0,-33.25391091750453,0.0,0.0,0.0,0.0,0.0,0.0,0.5,1.0,1.0
2654,train,2,1,0,0.0,460.6121101759727,0.0,0.0,0.0,0.0,0.0,0.0,0.5,1.0,1.0
2655,train,1,0,1,-540.0,-214.96724017332008,-0.2,3.619356560044295,-65.58619197931912,0.0,0.2666666666666666,-46.67932580665499,0.5,1.2481012011438761,0.8343716308599555
2655,train,2,1,0,0.0,-543.6650062796339,0.2,-33.62772987259896,10.816953848664351,0.0,-0.1333333333333333,-153.04400426128973,0.5,1.2481012011438761,0.8343716308599555
2656,train,0,2,0,300.0,419.8397387073287,0.8,69.42685284482548,-65.72547441871477,0.13333333333333333,-0.6666666666666667,0.0,0.5,0.5717543773796603,1.7630302272027674
2656,train,2,1,1,300.0,-1490.9345911175483,-0.8,-204.69887756008495,79.14089016138608,-0.06666666666666667,-1.333333333333333,0.0,0.5,0.5717543773796603,1.7630302272027674
2657,validation,0,1,1,60.0,-217.46849753445758,-0.2857142857142857,-123.4706899461546,-10.03488739187219,0.0,-0.42857142857142855,4.648445674281103,0.5,1.8939516779808614,1.858480888201335
2657,validation,2,0,0,0.0,400.35131828326894,0.5714285714285714,80.01473640760233,26.590354788170274,0.0,0.14285714285714285,-14.456004255357957,0.5,1.8939516779808614,1.858480888201335
2658,train,0,1,1,360.0,116.79296279301434,-1.2,-20.262228713556,0.0,0.10000000000000003,-1.6000000000000003,0.0,0.5,0.9939981609561425,0.609462970576817
2658,train,2,0,0,-420.0,619.23474273796,0.3,-203.13511813550264,0.0,-0.10000000000000003,1.2,0.0,0.5,0.9939981609561425,0.609462970576817
2659,train,0,1,0,540.0,0.0,0.10000000000000003,-536.4938458421161,14.07834185672968,0.0,0.0,406.6105780881399,0.5,1.1660019883084034,1.183691716018099
2659,train,2,1,0,60.0,0.0,0.5,-327.36259881832825,483.8889590461532,0.0,0.0,561.2498485398481,0.5,1.1660019883084034,1.183691716018099
2660,train,0,1,0,120.0,-189.3374845307244,0.0,0.0,0.0,0.0,0.0,0.0,0.5,1.0,1.0
2660,train,2,1,0,180.0,-910.9832150637167,0.0,0.0,0.0,0.0,0.0,0.0,0.5,1.0,1.0
2661,test,0,1,0,-60.0,541.3388728582381,0.20000000000000007,59.6066228796559,0.0,-0.06666666666666667,0.2666666666666667,36.93298706092451,0.5,1.0,1.0
2661,test,1,2,1,-60.0,-1060.2004592857243,0.2,-256.36686882399295,0.0,0.06666666666666667,-0.5333333333333333,0.0,0.5,1.0,1.0
2662,train,0,1,0,240.0,1577.1316507680763,0.8999999999999999,0.0,45.106890495036545,0.0,0.3999999999999999,0.0,0.5,0.6689947525878792,1.1831565439708827
2662,train,1,2,1,-60.0,-672.8172110003147,-0.3,0.0,2.2023656056313916,-0.6000000000000001,0.0,0.0,0.5,0.6689947525878792,1.1831565439708827
2663,validation,0,1,0,180.0,489.7179712593588,0.0,536.5931105356315,0.0,0.0,0.0,0.0,0.5,1.0,1.0
2663,validation,2,1,0,120.0,-293.8770476102918,0.0,63.51264464529845,0.0,0.0,0.6666666666666665,0.0,0.5,1.0,1.0
2664,train,0,2,0,120.0,800.0775644958321,0.6000000000000001,0.0,26.27994829354119,0.0,0.0,11.79675694850102,0.5,0.7751171727772697,0.965886055095543
2664,train,1,2,0,300.0,921.5219352945251,0.0,0.0,-3.0098464753626644,-0.06666666666666667,0.6666666666666666,57.3921994233699,0.5,0.7751171727772697,0.965886055095543
2665,train,0,2,0,-120.0,1085.7476087632267,0.0,0.0,0.0,0.0,0.0,75.311076059897,0.5,1.185325241914662,1.229456395810414
2665,train,2,1,1,-180.0,-1321.3143227043802,0.0,0.0,0.0,0.0,0.0,-574.0245368214489,0.5,1.185325241914662,1.229456395810414
2666,train,2,0,1,60.0,-966.8710784924492,0.0,-135.8296376046962,0.0,-0.1,-0.6,-126.6649204803408,0.5,0.7004413087204869,0.5336061107578145
2666,train,1,2,0,240.0,235.10414082834222,0.0,145.09568079611932,0.0,0.0,0.6,66.49267601271191,0.5,0.7004413087204869,0.5336061107578145
2667,validation,1,0,1,-120.0,-410.48526912908164,0.9333333333333333,11.369041224611522,-432.96815785278125,0.3333333333333333,0.0,-134.39017497955322,0.5,0.5946227637765397,1.4724218604640311
2667,validation,1,2,1,-360.0,1592.3582612637292,0.5333333333333333,10.726143918003544,-342.2866591865127,0.3333333333333333,0.0,-47.72479853300813,0.5,0.5946227637765397,1.4724218604640311
2668,train,0,1,0,240.0,1549.0199940507046,0.0,0.0,0.0,0.0,0.0,0.0,0.5,1.0,1.0
2668,train,2,1,0,1140.0,942.5996550854834,0.0,0.0,0.0,0.0,0.0,0.0,0.5,1.0,1.0
2669,train,0,2,0,0.0,6.566098537120297,0.0,0.0,0.0,-0.3333333333333333,0.0,77.94151855080688,0.5,0.8445162868983539,1.827752534757386
2669,train,2,1,1,-60.0,220.99366942987808,0.0,0.0,0.0,0.6666666666666666,0.0,-142.51192841636643,0.5,0.8445162868983539,1.827752534757386
2670,validation,0,2,0,-120.0,-472.2352151579789,0.0,0.0,0.0,0.0,0.0,17.746530107191155,0.5,0.7438945548539452,1.2068917192561195
2670,validation,2,1,1,-300.0,-476.42763809444295,0.0,0.0,0.0,0.0,0.0,-135.45484449249562,0.5,0.7438945548539452,1.2068917192561195
2671,validation,0,1,1,-240.0,-196.88419765285198,0.0,0.0,0.0,0.0,-0.5,-129.08457910279932,0.5,0.7403404132465664,0.9050778553004576
2671,validation,2,0,0,0.0,-240.41442221681973,0.0,0.0,0.0,1.0,0.6666666666666665,118.88288594283026,0.5,0.7403404132465664,0.9050778553004576
2672,train,0,2,0,60.0,-1425.9268793628453,0.0,223.8318019928251,29.18557116245664,-0.2,0.0,0.0,0.5,0.6828074127099204,0.8806290768733409
2672,train,2,1,1,-180.0,-523.8853533999254,0.0,-960.189622775209,-48.43503354192613,0.0,0.0,0.0,0.5,0.6828074127099204,0.8806290768733409
2673,train,0,1,0,-60.0,772.9129281567166,0.0,0.0,0.0,0.0,6.0,187.94286241785733,0.5,0.5154963191652329,1.6076892523368325
2673,train,1,2,1,-60.0,-648.91073157549,0.0,0.0,0.0,0.0,-2.666666666666667,-8.885010323698333,0.5,0.5154963191652329,1.6076892523368325
2674,train,2,0,1,-420.0,-647.4840882236113,0.0,0.0,0.0,0.0,0.0,0.0,0.5,1.0,1.0
2674,train,1,2,0,660.0,-396.6595692403216,0.0,0.0,0.0,0.0,0.0,0.0,0.5,1.0,1.0
2675,validation,1,0,0,180.0,855.6359396920327,0.0,0.0,792.2627587461271,0.0,0.0,0.0,0.5,0.7629070694212309,1.3345787664927757
2675,validation,2,0,0,-120.0,534.0298048682032,0.0,0.0,34.42658693713071,0.0,0.0,0.0,0.5,0.7629070694212309,1.3345787664927757
2676,train,0,2,0,120.0,17.073168965516743,0.0,0.0,0.0,0.0,0.0,0.0,0.5,1.0,1.0
2676,train,2,1,1,-60.0,-577.0291027758149,0.0,0.0,0.0,0.0,0.0,0.0,0.5,1.0,1.0
2677,train,1,0,1,-540.0,-1146.4541969941702,-0.5,0.0,0.0,-1.5,-0.6666666666666665,0.0,0.5,1.0002938320396766,0.6358176410860009
2677,train,2,1,0,600.0,617.231095544541,0.16666666666666666,0.0,0.0,0.5,-0.3333333333333335,0.0,0.5,1.0002938320396766,0.6358176410860009
2678,train,0,1,0,-60.0,372.406944875735,-1.3333333333333333,208.41547243794054,0.0,0.0,0.0,0.0,0.5,1.4615704164801677,0.6265000962407944
2678,train,1,2,1,-180.0,-875.8501942758676,0.0,-442.1861442131176,0.0,0.0,0.0,0.0,0.5,1.4615704164801677,0.6265000962407944
2679,train,0,1,1,-180.0,-109.02692301020579,0.0,0.0,-184.8473206344862,0.0,-3.0,-79.84124447807585,0.5,1.2804895700021124,1.394941628440985
2679,train,2,0,0,180.0,549.1657802281234,0.0,0.0,45.02121972088412,0.0,0.0,3.2893932738403393,0.5,1.2804895700021124,1.394941628440985
2680,test,0,1,0,120.0,185.07567861545022,0.0,0.0,0.0,0.0,0.0,0.0,0.5,1.0,1.0
2680,test,2,1,0,0.0,152.00169851506098,0.0,0.0,0.0,0.0,0.0,0.0,0.5,1.0,1.0
2681,validation,1,0,0,-60.0,342.7775401970366,-0.2,-53.378090695486776,212.68999259335357,0.0,-0.6000000000000001,0.0,0.5,1.9865419728284088,0.8039205718531327
2681,validation,0,2,1,-60.0,-624.6585911856846,0.1,-5.542697475831687,-132.565298567608,0.0,0.6000000000000001,0.0,0.5,1.9865419728284088,0.8039205718531327
2682,train,0,2,0,240.0,905.891000079102,0.0,0.0,52.09278959683624,0.2,0.6000000000000001,149.5413578347085,0.5,1.0971634706312787,0.6406331854842484
2682,train,1,2,0,-180.0,538.7818930690792,0.0,0.0,83.57756326094766,0.2,0.8999999999999999,67.50210422097716,0.5,1.0971634706312787,0.6406331854842484
2683,validation,2,0,1,-120.0,10.68287177296861,0.0,0.0,0.0,0.0,0.0,0.0,0.5,1.0,1.0
2683,validation,1,2,0,0.0,297.8294887696147,0.0,0.0,0.0,0.0,0.0,0.0,0.5,1.0,1.0
2684,train,1,0,1,120.0,-723.1890988754644,0.0,0.0,-24.33826592688993,-0.5,0.0,-140.07448293480783,0.5,1.960650139394257,1.754221857845853
2684,train,1,2,1,-60.0,-1193.756449809095,0.0,0.0,12.75508658721975,0.0,0.0,-41.431708544710574,0.5,1.960650139394257,1.754221857845853
2685,train,1,0,1,-300.0,-950.6291979091625,0.0,-81.84249763562909,0.0,0.2,0.0,71.1382194087377,0.5,0.8197533718609679,0.5090589626897888
2685,train,1,2,1,120.0,165.64223470712795,0.0,-53.124131771626736,0.0,0.2,0.0,27.395955921711334,0.5,0.8197533718609679,0.5090589626897888
2686,validation,0,2,0,0.0,-352.32883981830446,0.0,58.275848619827116,0.0,0.0,0.0,0.0,0.5,1.0,1.0
2686,validation,1,2,0,0.0,1241.124345784011,0.0,1130.0427612759354,0.0,0.0,0.0,0.0,0.5,1.0,1.0
2687,train,1,0,0,300.0,-1404.583834491611,-0.38095238095238093,388.0872935386919,-43.05938515341225,-0.19047619047619047,0.5714285714285714,53.03710213546054,0.5,0.9979120319351023,0.9964947791113246
2687,train,2,0,0,0.0,-901.2282294733541,-0.5714285714285714,222.36263179780718,-15.192156326185739,0.19047619047619047,-0.5714285714285714,84.96480036515418,0.5,0.9979120319351023,0.9964947791113246
2688,validation,2,0,1,300.0,157.52152680331392,0.0,-139.39470200329626,-10.747042066504257,0.0,-0.6666666666666665,-87.83724425660414,0.5,1.0151143418577495,0.5324521755780866
2688,validation,1,2,0,-120.0,636.2111403727308,0.0,2.6033436388657947,20.9384170304739,0.26666666666666666,1.0,0.0,0.5,1.0151143418577495,0.5324521755780866
2689,validation,0,1,0,-60.0,-216.29203043474172,0.0,0.0,83.59346127905766,0.0,0.0,0.0,0.5,0.5710762984461663,0.9286223372979946
2689,validation,2,1,0,60.0,208.44219251270943,0.0,0.0,267.5937996152349,0.0,0.0,0.0,0.5,0.5710762984461663,0.9286223372979946
2690,train,0,1,1,240.0,-61.726777549902636,0.0,0.0,0.0,0.0,0.0,0.0,0.5,1.0,1.0
2690,train,0,2,1,300.0,44.174660072144434,0.0,0.0,0.0,0.0,0.0,0.0,0.5,1.0,1.0
2691,train,2,0,1,-60.0,-16.997045105976213,0.0,-1263.9261169623828,-222.8817930906771,0.0,0.0,0.0,0.5,1.0,1.0
2691,train,2,1,1,-180.0,-412.6804140127829,0.0,-1241.6913931621893,-170.31172143091118,0.0,0.0,0.0,0.5,1.0,1.0
2692,train,1,0,0,180.0,1399.496959021617,-0.06666666666666667,-128.5316597911878,50.566590716221356,-0.2,0.5333333333333332,0.0,0.5,1.832914497873724,0.6374851978601065
2692,train,2,0,0,900.0,1756.1440228617184,0.0,-46.413686329786685,39.943466386368755,-0.2,0.5333333333333332,0.0,0.5,1.832914497873724,0.6374851978601065
2693,train,0,2,0,240.0,656.0750934746011,0.16666666666666666,394.6121844036136,-27.09222772304122,0.0,0.0,0.0,0.5,1.0,1.0
2693,train,1,2,0,60.0,503.87687790396467,0.16666666666666666,359.6443118935463,233.9528885379543,0.0,0.0,0.0,0.5,1.0,1.0
2694,train,2,0,1,-240.0,-154.20983020409858,0.4,-32.53052230781918,0.0,-0.1,0.6000000000000001,0.0,0.5,0.876665841843375,0.5101946146975443
2694,train,2,1,1,-60.0,499.33269428656786,-0.8,110.9887644511706,0.0,-0.1,-0.2999999999999998,0.0,0.5,0.876665841843375,0.5101946146975443
2695,train,0,2,0,0.0,-167.32975767687822,0.0,0.0,0.0,0.0,0.0,0.0,0.5,1.1170790350404989,1.536555590049726
2695,train,1,2,0,240.0,917.3019158787288,0.0,0.0,0.0,0.0,0.0,0.0,0.5,1.1170790350404989,1.536555590049726
2696,train,1,0,0,300.0,254.73148760623144,0.0,-71.84436157381653,297.59261701697733,-0.047619047619047616,0.0,8.924776527015666,0.5,0.6300125999295035,0.8584375497883658
2696,train,0,2,1,-180.0,-204.6337213221168,0.0,16.514593271390822,-6.096533138107105,0.047619047619047616,0.19047619047619047,-14.169090156807918,0.5,0.6300125999295035,0.8584375497883658
2697,train,2,0,1,600.0,2078.4932942725936,0.33333333333333337,0.0,-1158.447085790318,0.0,0.0,0.0,0.5,1.511663466428775,0.7106327593955214
2697,train,1,2,0,660.0,-342.1718331423417,-0.6666666666666667,0.0,951.5047975221333,0.0,0.0,0.0,0.5,1.511663466428775,0.7106327593955214
2698,train,1,0,0,-120.0,-801.6122259854301,0.8,-89.04180300448866,0.0,-0.13333333333333333,-1.0,54.813706439672536,0.5,0.5244302254242788,0.9886786368260637
2698,train,2,0,0,-120.0,-217.90494413531633,0.5333333333333333,-84.34216055027488,0.0,-0.06666666666666667,-0.3333333333333335,42.7629333586762,0.5,0.5244302254242788,0.9886786368260637
2699,test,2,0,1,-60.0,-979.5287511143706,0.0,73.66037785910964,-9.998377738263777,0.0,0.0,-172.02454333513643,0.5,0.9143947985459603,0.7410940845910682
2699,test,2,1,1,0.0,-1566.3241858910624,0.0,-4.7688640960392945,-151.8902765613865,0.0,0.0,-3.1326483717821256,0.5,0.9143947985459603,0.7410940845910682
2700,train,0,1,1,-60.0,-145.956054060699,-0.8000000000000002,-128.8733387676047,1.4225746445255396,0.2,0.0,0.0,0.5,1.314386202107752,1.3852741985347492
2700,train,2,0,0,120.0,-555.5611375532171,-0.4,111.80058930298725,-10.24187923489555,0.0,0.0,0.0,0.5,1.314386202107752,1.3852741985347492
2701,train,0,1,1,-240.0,-1527.8759006732598,-0.2666666666666667,163.02760414262062,-200.66641043177623,0.0,-0.06666666666666665,-75.70615695098009,0.5,0.9732880316617214,1.2810871966900044
2701,train,0,2,1,180.0,-1351.478169158584,-0.4,-21.597976754423485,-294.89470874328674,0.0,-0.6666666666666667,41.159591147512515,0.5,0.9732880316617214,1.2810871966900044
2702,train,0,2,0,120.0,1964.448448118932,2.0,0.0,0.0,0.0,0.0,0.0,0.5,0.6856742642240666,1.3382630979438077
2702,train,1,2,0,960.0,4654.040858105816,5.0,0.0,0.0,0.0,0.0,0.0,0.5,0.6856742642240666,1.3382630979438077
2703,train,0,1,1,180.0,1238.169888112412,0.0,128.4083673649397,-138.0307752716701,0.2,-1.7999999999999998,0.0,0.5,0.8694075399129945,1.7502273635736667
2703,train,0,2,1,60.0,-695.0765804669527,0.0,-339.5101986304322,-691.6738611823953,-0.2,0.6000000000000001,0.0,0.5,0.8694075399129945,1.7502273635736667
2704,train,0,1,0,-60.0,-314.3713221112557,0.3,0.0,-153.49230209166217,1.2000000000000002,-0.40000000000000013,0.0,0.5,1.4005300849056581,1.0408597977338758
2704,train,2,1,0,240.0,-583.5746421983376,0.8999999999999999,0.0,-133.16025167420602,1.2000000000000002,-0.7000000000000002,0.0,0.5,1.4005300849056581,1.0408597977338758
2705,train,0,1,0,360.0,3349.758640052636,0.14285714285714285,705.1173365953182,-68.58999368918155,0.14285714285714285,-0.19047619047619035,-16.07761544403425,0.5,0.9115892211417276,1.8710191726727095
2705,train,2,1,0,600.0,1391.746607184783,0.7142857142857142,152.36716510452555,-112.18827500991661,0.047619047619047616,0.4761904761904763,10.541187017714066,0.5,0.9115892211417276,1.8710191726727095
2706,train,0,1,1,-360.0,-1479.7710062659548,0.0,-277.31214055148723,-84.96740008713839,-0.3,0.0,15.011526496097638,0.5,1.0,1.0
2706,train,0,2,1,-840.0,-1183.2799159165656,0.0,-533.5418911805394,27.08520738133302,0.0,0.0,15.011526496097638,0.5,1.0,1.0
2707,train,0,2,0,-120.0,-266.3461919697802,-0.6,0.0,123.36009870805091,0.0,-0.19999999999999996,11.133298877132791,0.5,1.5087161056563554,1.2967373288707407
2707,train,2,1,1,-60.0,-75.12685581346295,0.3,0.0,31.40887395292731,0.0,0.6000000000000001,-29.510234125743285,0.5,1.5087161056563554,1.2967373288707407
2708,train,2,0,1,240.0,-631.6171724370247,0.0,0.0,0.0,0.0,0.0,-106.85396951076623,0.5,1.2298392072636426,1.3720496012481704
2708,train,1,2,0,-300.0,206.59278331119913,0.0,0.0,0.0,-0.3333333333333333,0.0,108.2988122190853,0.5,1.2298392072636426,1.3720496012481704
2709,train,0,2,0,360.0,973.8265748719282,0.0,0.0,-399.83851348173084,-0.4,0.8999999999999999,1.1195771403653296,0.5,1.0164132667922994,0.9378533134367544
2709,train,1,2,0,120.0,921.2975376224563,0.0,0.0,-212.36787155387321,-0.4,2.1,9.17504784024377,0.5,1.0164132667922994,0.9378533134367544
2710,train,0,1,1,300.0,-717.1208780354141,-0.13333333333333333,69.500338769314,-68.79535284506224,0.0,-0.26666666666666666,0.0,0.5,0.6898082773986478,1.0216988729039491
2710,train,2,0,0,-240.0,782.9460042541095,-0.13333333333333333,72.27482198495011,4.45281170540035,0.6666666666666666,0.06666666666666667,0.0,0.5,0.6898082773986478,1.0216988729039491
2711,train,1,0,1,0.0,1529.3403944594138,0.0,0.0,0.0,0.0,0.0,0.0,0.5,1.5179272179088499,0.6407631462057514
2711,train,2,1,0,0.0,-469.95654807253504,0.6666666666666666,0.0,0.0,0.0,0.0,198.5558572188154,0.5,1.5179272179088499,0.6407631462057514
2712,train,0,1,0,60.0,-338.50331608205715,0.0,69.03171073132472,0.0,0.0,0.40000000000000013,-36.056745745001216,0.5,1.0,1.0
2712,train,1,2,1,-240.0,-957.1347608384135,-0.8999999999999999,-509.3673950652517,0.0,0.0,-1.6000000000000003,-19.667766797863848,0.5,1.0,1.0
2713,test,0,1,0,60.0,211.53419301081067,0.39999999999999997,0.0,39.170999512520744,-0.06666666666666667,-0.3999999999999999,0.0,0.5,1.1640292602045244,1.466408385397905
2713,test,2,1,0,480.0,308.05755070854866,-0.26666666666666666,0.0,180.88282630271576,0.0,-0.8,95.92148587694695,0.5,1.1640292602045244,1.466408385397905
2714,train,1,0,0,-60.0,-284.67545740553624,0.0,0.0,0.0,0.0,0.0,0.0,0.5,1.0,1.0
2714,train,0,2,1,-60.0,447.2140333056609,0.0,0.0,0.0,0.0,0.0,0.0,0.5,1.0,1.0
2715,train,0,1,1,180.0,414.1653537074053,0.0,0.0,0.0,0.0,0.0,0.0,0.5,1.0,1.0
2715,train,0,2,1,120.0,703.7362252609933,0.0,0.0,0.0,0.0,0.0,0.0,0.5,1.0,1.0
2716,validation,0,2,0,-60.0,274.9632503391754,0.0,-23.457746395716782,0.0,1.2000000000000002,-0.5999999999999999,0.0,0.5,1.2246954002695547,0.9852176909842763
2716,validation,2,1,1,-300.0,-840.1944776297637,0.0,7.825052335708307,0.0,0.0,-0.6000000000000001,-122.24728886057267,0.5,1.2246954002695547,0.9852176909842763
2717,train,0,1,1,-60.0,143.78720598474183,0.0,62.14629027978674,78.02166282469703,0.0,-0.9999999999999999,18.272171519088094,0.5,1.618123878580749,0.8754950201453632
2717,train,0,2,1,-600.0,-113.34023086353454,-0.2,-2.642277506561612,-13.966523422382721,0.0,-0.9999999999999999,24.589996722883658,0.5,1.618123878580749,0.8754950201453632
2718,test,0,1,1,-600.0,-2151.1711629048896,0.26666666666666666,0.0,-122.478354393362,-0.5333333333333333,-0.19999999999999996,-100.86361522754959,0.5,0.6472015259150892,1.7914977978363744
2718,test,0,2,1,-360.0,-338.8684804999066,0.0,0.0,483.8875231327273,0.0,-0.19999999999999996,-80.18633162576992,0.5,0.6472015259150892,1.7914977978363744
2719,train,0,1,1,-240.0,-877.4874856136698,0.0,-130.5206967248339,0.0,0.0,0.0,0.0,0.5,1.0,1.0
2719,train,0,2,1,-120.0,-1036.9600953315844,0.0,-592.3095213505194,0.0,0.0,0.0,0.0,0.5,1.0,1.0
2720,test,0,1,0,-120.0,563.2370250236245,0.0,0.0,52.99211003988131,0.16666666666666666,2.3333333333333335,0.0,0.5,1.3162755613624333,0.7262008029643091
2720,test,2,1,0,180.0,-447.6413077248535,0.0,0.0,168.7502627101211,0.0,2.0,0.0,0.5,1.3162755613624333,0.7262008029643091
2721,train,0,1,0,480.0,3503.748250503214,0.0,0.0,0.0,0.0,0.0,0.0,0.5,1.0,1.0
2721,train,1,2,1,-780.0,-3555.7727272837064,0.0,0.0,0.0,0.0,0.0,0.0,0.5,1.0,1.0
2722,train,0,1,0,-60.0,1909.9699942313437,0.0,4057.3405504077527,157.8101282635597,0.0,0.0,0.0,0.5,1.0,1.0
2722,train,2,1,0,120.0,1414.8765659374276,0.0,1336.3705413322898,391.53433821601607,0.0,0.0,0.0,0.5,1.0,1.0
2723,train,0,1,1,300.0,255.4205108830438,0.0,0.0,0.0,0.0,-3.0,0.0,0.5,1.1429815707784774,0.9036354281563171
2723,train,2,0,0,-120.0,-312.45714343925556,0.0,0.0,0.0,0.0,3.0,0.0,0.5,1.1429815707784774,0.9036354281563171
2724,test,0,1,0,120.0,283.60088117192345,0.06666666666666667,149.11967092219962,0.0,-0.3333333333333333,-0.4,-4.150445574210957,0.5,1.3292432289642748,1.7354916908837361
2724,test,2,1,0,60.0,-233.6016470798545,0.0,-33.86047796888579,0.0,-0.6666666666666666,-0.13333333333333341,36.468764398671524,0.5,1.3292432289642748,1.7354916908837361
2725,train,1,0,1,0.0,-365.4328761514853,0.0,0.0,-1292.4257606135272,0.0,0.0,0.0,0.5,0.909740166966299,0.6475850340748915
2725,train,1,2,1,-120.0,-926.8458650580064,0.0,0.0,-781.9742468248161,0.0,0.0,0.0,0.5,0.909740166966299,0.6475850340748915
2726,train,0,2,0,-60.0,-1730.9380962047635,0.3333333333333333,0.0,-268.99525089998724,0.16666666666666666,0.0,0.0,0.5,0.7418750271842761,1.2714463385090093
2726,train,1,2,0,180.0,-1041.197048935458,1.0,0.0,-287.06018474113966,0.3333333333333333,0.0,0.0,0.5,0.7418750271842761,1.2714463385090093
2727,train,0,2,0,-120.0,310.54392973258246,0.0,0.0,0.0,0.0,0.0,148.31040870205408,0.5,0.8826755453278093,1.4201110595493385
2727,train,1,2,0,240.0,866.4260744623066,0.0,0.0,0.0,0.0,0.0,147.28529951133623,0.5,0.8826755453278093,1.4201110595493385
2728,test,1,0,0,0.0,-115.69016275593503,0.0,0.0,0.0,0.0,4.0,0.0,0.5,1.7251772420155083,1.2608277916545854
2728,test,2,0,0,-120.0,419.8847277082914,0.0,0.0,0.0,0.0,2.0,0.0,0.5,1.7251772420155083,1.2608277916545854
2729,validation,1,0,0,120.0,-746.5672676566328,-0.047619047619047616,-67.51489522736922,-45.499816603795466,0.5714285714285714,1.1428571428571428,23.216803274779423,0.5,1.2795520636486788,1.6212038396718798
2729,validation,2,0,0,0.0,-365.0050872968359,0.0,101.39256243423884,8.800596922496553,0.5714285714285714,1.4285714285714284,6.587662753701061,0.5,1.2795520636486788,1.6212038396718798
2730,train,0,1,1,-360.0,-908.3515541818861,0.0,0.0,-519.8896755833244,0.0,0.0,0.0,0.5,0.5959355805152393,0.9103467056891104
2730,train,2,0,0,180.0,224.24876921911346,0.0,0.0,616.2223297597112,0.0,0.0,0.0,0.5,0.5959355805152393,0.9103467056891104
2731,test,2,0,1,-420.0,-442.5086956996406,-0.06666666666666667,0.0,-100.78806251934385,0.26666666666666666,-0.6000000000000001,-68.39123146906562,0.5,1.703747387106026,0.7382804240942843
2731,test,1,2,0,0.0,-497.9058024341348,0.06666666666666667,0.0,36.535563961035955,0.26666666666666666,-0.6,84.55030210676075,0.5,1.703747387106026,0.7382804240942843
2732,train,0,1,0,0.0,491.60601188661303,0.0,0.0,0.0,0.0,0.0,0.0,0.5,1.0,1.0
2732,train,2,1,0,60.0,300.56182992093954,0.0,0.0,0.0,0.0,0.0,0.0,0.5,1.0,1.0
2733,validation,1,0,1,-60.0,142.90309754585724,0.47619047619047616,18.607504565627707,205.24205898886066,-0.5714285714285714,0.2857142857142857,-51.011029612331,0.5,0.64370430121501,1.653141408050738
2733,validation,1,2,1,-360.0,-1272.761876343894,0.23809523809523808,43.9691739359765,105.6934345833601,-1.4285714285714284,-0.47619047619047605,-65.15408030080545,0.5,0.64370430121501,1.653141408050738
2734,train,2,0,1,-240.0,-787.2802254272297,0.0,0.0,0.0,0.0,0.0,0.0,0.5,1.8495167834438724,0.6297684630052236
2734,train,1,2,0,60.0,606.9087399120658,1.0,0.0,0.0,0.0,0.0,0.0,0.5,1.8495167834438724,0.6297684630052236
2735,train,1,0,0,-180.0,-1184.0541350323156,0.0,22.385392496274733,348.53606660161006,0.047619047619047616,0.9523809523809523,57.722605651628236,0.5,0.9303472102731137,0.5860284947931252
2735,train,0,2,1,-1020.0,-845.5980760761449,-0.857142857142857,-109.2695653797069,-188.01573560128486,-0.047619047619047616,0.0,0.0,0.5,0.9303472102731137,0.5860284947931252
2736,test,0,1,1,300.0,167.37800635730673,0.0,0.0,0.0,0.0,0.0,-354.8939630313184,0.5,1.0800089914583701,0.679662581462165
2736,test,0,2,1,300.0,1037.7302797410061,0.0,0.0,0.0,0.0,0.0,-332.0286966858206,0.5,1.0800089914583701,0.679662581462165
2737,validation,0,1,0,120.0,1228.1134039286103,0.0,0.0,0.0,-0.6666666666666666,0.5,32.73157946381806,0.5,0.5460834011456914,1.1223762634534062
2737,validation,2,1,0,180.0,898.2099536728024,0.0,0.0,0.0,0.0,-0.5,-0.6124595128289556,0.5,0.5460834011456914,1.1223762634534062
2738,train,0,1,1,180.0,1427.79300172584,0.0,0.0,0.0,-2.0,0.0,0.0,0.5,0.5696759613886965,0.6222758604533358
2738,train,0,2,1,120.0,-17.912265677035975,0.0,0.0,0.0,-3.0,0.0,0.0,0.5,0.5696759613886965,0.6222758604533358
2739,train,2,0,1,60.0,-118.86115317292479,0.0,0.0,0.0,-1.0,0.0,0.0,0.5,0.5052101631299816,0.8788844925015037
2739,train,1,2,0,60.0,184.80015007830934,0.0,0.0,0.0,0.0,0.0,0.0,0.5,0.5052101631299816,0.8788844925015037
2740,validation,0,1,1,240.0,165.7895672852992,0.0,-34.89340448803398,-539.0754057303568,0.20000000000000007,0.0,39.579011795165826,0.5,1.0,1.0
2740,validation,0,2,1,360.0,1516.4491706826793,-0.13333333333333336,-550.9067156793212,33.116301878388015,0.4000000000000001,0.0,33.07316930731784,0.5,1.0,1.0
2741,train,0,1,1,-60.0,-924.2124614323047,0.0,-19.345167732777142,17.570500124587163,0.0,-0.7142857142857142,-10.058071800369277,0.5,0.7845192781376705,1.0919932234954828
2741,train,2,0,0,120.0,-200.73550155238217,-0.19047619047619047,-50.96786041221338,-29.454475246417076,0.14285714285714285,1.4285714285714286,76.29097925666343,0.5,0.7845192781376705,1.0919932234954828
2742,train,0,2,0,-60.0,-557.1795576672612,0.0,-151.59639239719877,270.6184702532592,0.19047619047619047,0.2857142857142858,-22.110957304598642,0.5,1.3570211579410416,1.2136270160127178
2742,train,2,1,1,-360.0,186.42256784321216,0.2857142857142857,143.82048112087486,-105.7015924292325,-0.38095238095238093,-0.2857142857142858,-15.530225458065637,0.5,1.3570211579410416,1.2136270160127178
2743,validation,0,1,0,240.0,568.643089851596,0.0,0.0,0.0,0.0,0.0,0.0,0.5,0.6039521119722789,1.1974239313186796
2743,validation,2,1,0,60.0,768.0093314760074,1.0,0.0,0.0,0.0,0.0,0.0,0.5,0.6039521119722789,1.1974239313186796
2744,train,0,2,0,120.0,-481.7508060642872,0.0,509.96581862565205,0.0,0.16666666666666666,0.0,-60.16965183162312,0.5,1.0,1.0
2744,train,1,2,0,240.0,-18.40450862723992,0.0,843.30572222982,0.0,0.0,0.0,8.98166577124016,0.5,1.0,1.0
2745,train,1,0,1,-240.0,-463.49213397550466,0.0,0.0,-727.8037826816195,0.0,0.0,-189.58064653544466,0.5,0.6737311629400448,1.646906482042583
2745,train,1,2,1,-120.0,366.7782593112561,0.0,0.0,-414.54928138525855,0.0,0.0,-185.6304349255596,0.5,0.6737311629400448,1.646906482042583
2746,train,1,0,1,-120.0,-484.5065566908115,-0.3333333333333333,0.0,0.0,0.0,0.0,0.0,0.5,1.0654773488294809,0.7845352389460261
2746,train,2,1,0,300.0,1293.8374459370734,0.3333333333333333,0.0,0.0,0.6666666666666666,0.0,0.0,0.5,1.0654773488294809,0.7845352389460261
2747,train,2,0,1,-300.0,-773.7958140275059,0.0,-716.3263064535106,0.0,0.0,0.0,0.0,0.5,1.0,1.0
2747,train,1,2,0,120.0,1021.116579749998,0.0,613.6962668276822,0.0,0.0,-0.6666666666666665,0.0,0.5,1.0,1.0
2748,train,1,0,0,-240.0,-992.6645910611751,0.0,193.04806569692497,-235.12682413954514,0.8,-0.8999999999999999,0.0,0.5,1.4061184241522047,1.2284628930990018
2748,train,2,0,0,360.0,-535.95123685417,0.0,93.28098373125803,-194.8406959607305,0.0,0.5999999999999999,0.0,0.5,1.4061184241522047,1.2284628930990018
2749,train,1,0,1,60.0,-426.7533795426966,-0.4,-96.19078884214298,0.0,0.0,0.29999999999999993,0.0,0.5,1.0,1.0
2749,train,2,1,0,300.0,886.8670178744619,0.0,-269.78169155152386,0.0,0.1,0.0,0.0,0.5,1.0,1.0
2750,train,0,2,0,-120.0,-777.613063522635,0.0,0.0,0.0,0.0,0.0,0.0,0.5,1.0,1.0
2750,train,1,2,0,60.0,-951.4976041703317,0.0,0.0,0.0,0.0,0.0,0.0,0.5,1.0,1.0
2751,validation,1,0,1,60.0,-1230.1429495463485,-0.06666666666666667,37.81941962404453,29.244457946088687,-0.6666666666666666,0.0,5.255266924322128,0.5,0.7783501861890796,1.6258618751346583
2751,validation,2,1,0,-120.0,-372.1719950370584,-0.06666666666666667,-116.8689459260081,9.0396412738192,1.3333333333333333,0.0,-5.255266924322128,0.5,0.7783501861890796,1.6258618751346583
2752,validation,1,0,1,180.0,609.4340643612709,0.0,0.0,0.0,0.0,0.0,0.0,0.5,1.0,1.0
2752,validation,1,2,1,-60.0,-522.3035674160355,0.0,0.0,0.0,0.0,0.0,0.0,0.5,1.0,1.0
2753,train,1,0,1,-300.0,390.10712714774127,0.0,131.73430307389606,0.0,0.0,0.8,73.45856530079561,0.5,1.4252819830262582,1.4007358386261275
2753,train,2,1,0,-120.0,-360.9700965469865,0.06666666666666667,21.604301230180283,0.0,0.3333333333333333,0.2666666666666666,-76.61468220510625,0.5,1.4252819830262582,1.4007358386261275
2754,validation,0,1,0,120.0,887.5044233662866,0.0,0.0,0.0,0.0,3.333333333333333,173.97106092596988,0.5,0.8001855337569432,1.74646945894864
2754,validation,2,1,0,120.0,2029.978127844688,0.0,0.0,0.0,0.0,7.999999999999999,59.449071359227275,0.5,0.8001855337569432,1.74646945894864
2755,train,2,0,1,60.0,539.8630278209735,0.0,187.77315753817498,0.0,0.0,-0.8999999999999999,-15.345706621555834,0.5,0.7940653862499977,0.5382463291859724
2755,train,2,1,1,-180.0,-805.8390779391057,0.0,47.93922282672975,0.0,0.0,-0.3,94.39980099670052,0.5,0.7940653862499977,0.5382463291859724
2756,train,0,1,0,240.0,1138.5772224214593,0.0,6.553348375653741,0.0,0.0,0.0,72.77833389923082,0.5,1.4743196848508473,1.4111463728440825
2756,train,2,1,0,-60.0,-339.24817141712765,0.0,-176.90891504046667,0.0,0.5,0.0,23.772738631245183,0.5,1.4743196848508473,1.4111463728440825
2757,train,2,0,1,-60.0,-279.6861048117885,0.0,0.0,0.0,0.0,0.0,0.0,0.5,1.0,1.0
2757,train,1,2,0,120.0,565.2565638300125,0.0,0.0,0.0,0.0,0.0,0.0,0.5,1.0,1.0
2758,train,1,0,1,-240.0,-1198.039039483504,0.0,0.0,0.0,0.0,0.0,0.0,0.5,1.0,1.0
2758,train,2,1,0,180.0,-146.45565590547358,0.0,0.0,0.0,0.0,0.0,0.0,0.5,1.0,1.0
2759,test,0,1,1,-60.0,192.7793168386479,0.0,0.0,0.0,-0.6666666666666666,1.0,0.0,0.5,0.7224021766774241,1.269989462327861
2759,test,2,0,0,120.0,-520.0001095910238,0.0,0.0,0.0,0.6666666666666666,-0.6666666666666666,0.0,0.5,0.7224021766774241,1.269989462327861
2760,train,1,0,0,0.0,-934.118894803602,0.0,0.0,0.0,0.0,0.0,0.0,0.5,1.0,1.0
2760,train,2,0,0,-120.0,-844.60342672967,0.0,0.0,0.0,0.0,0.0,0.0,0.5,1.0,1.0
2761,train,0,1,0,120.0,-133.78189665986883,0.0,0.0,239.5275233712087,0.0,0.0,71.12744236794751,0.5,1.6211262195403429,1.172123083915985
2761,train,1,2,1,60.0,-51.685306815110835,0.0,0.0,308.6499167826563,0.0,0.0,-124.52879628696927,0.5,1.6211262195403429,1.172123083915985
2762,test,0,1,0,180.0,-7.621928016059428,0.047619047619047616,-58.94551352330075,38.14543623175116,0.2857142857142857,-0.09523809523809523,-58.86641978919563,0.5,0.5590928325416854,1.2566905870672669
2762,test,2,1,0,240.0,1395.0189662992616,0.14285714285714285,-85.33645317699563,139.79014039741242,0.2857142857142857,0.7619047619047619,-0.15374587039944032,0.5,0.5590928325416854,1.2566905870672669
2763,test,0,1,1,-240.0,3.142126850026216,0.0,-198.9959419744354,0.0,0.13333333333333333,0.8,-33.98125044856494,0.5,0.5793792792340046,0.7446712489025931
2763,test,2,0,0,-60.0,-214.97480676872328,-0.3333333333333333,272.3011672280828,0.0,0.0,-0.8,25.655690185643266,0.5,0.5793792792340046,0.7446712489025931
2764,train,0,2,0,120.0,703.6448349891884,0.13333333333333333,-126.08016554800173,464.32184794478167,0.0,-0.6666666666666666,0.0,0.5,1.801350117734847,0.7293095686043749
2764,train,2,1,1,-480.0,-454.3815804690371,0.0,275.87503331682,-410.3749660110944,0.0,0.0,0.0,0.5,1.801350117734847,0.7293095686043749
2765,train,0,1,0,120.0,209.00398512417905,0.26666666666666666,-266.3994086336277,0.0,0.6666666666666666,-0.1333333333333333,89.54742855417265,0.5,1.092251259104909,1.6565935558676201
2765,train,1,2,1,-120.0,-1083.7624258250753,-0.26666666666666666,-58.60178364490588,0.0,-0.6666666666666666,-0.13333333333333336,-19.648223775840986,0.5,1.092251259104909,1.6565935558676201
2766,train,0,1,1,-240.0,-134.54135882912396,-1.0,0.0,0.0,0.0,0.0,0.0,0.5,1.5484798983899941,1.0361457786948094
2766,train,2,0,0,60.0,-580.7605903460071,1.0,0.0,0.0,0.0,0.0,0.0,0.5,1.5484798983899941,1.0361457786948094
2767,test,2,0,1,-180.0,-1399.035469975126,-0.4,-184.76096733429188,18.82992816818097,0.0,-0.6,0.0,0.5,0.7813492603774037,1.1799792341704096
2767,test,1,2,0,180.0,2186.515101497005,0.4,-117.19964157607251,318.35519632976417,0.0,0.30000000000000004,0.0,0.5,0.7813492603774037,1.1799792341704096
2768,train,2,0,1,-300.0,-286.38987003101556,0.0,-182.1212823996887,0.0,0.0,0.0,-177.19313657659237,0.5,0.5512267232972694,0.6431149501650385
2768,train,1,2,0,180.0,217.17979914456873,0.0,567.6043465316349,0.0,0.0,0.0,0.0,0.5,0.5512267232972694,0.6431149501650385
2769,train,1,0,0,0.0,-321.690466504044,0.0,0.0,0.0,0.0,0.0,162.7770576375061,0.5,1.3919214780929512,0.6230488836242875
2769,train,0,2,1,-120.0,500.1958472570136,-0.3333333333333333,0.0,0.0,0.0,0.0,-70.31185704310117,0.5,1.3919214780929512,0.6230488836242875
2770,train,1,0,0,-120.0,1000.7062869527335,0.0,282.82032098493,-64.67909231227569,0.3,0.0,0.0,0.5,1.6923827489187713,0.8473267494333234
2770,train,2,0,0,0.0,320.4923290917941,0.0,166.36821559794186,11.542135051880479,0.3,-1.2000000000000002,0.0,0.5,1.6923827489187713,0.8473267494333234
2771,train,2,0,1,-120.0,-442.0583609291134,-0.4000000000000001,0.0,100.3548360156359,-0.3,0.0,-37.7477050202075,0.5,0.9004745617003959,0.971118663700274
2771,train,2,1,1,0.0,-381.0958269683533,-0.6000000000000001,0.0,203.22873850390565,0.0,0.0,-32.94695172940012,0.5,0.9004745617003959,0.971118663700274
2772,train,2,0,1,-120.0,-103.15948949758786,0.0,0.0,0.0,-0.16666666666666666,-1.0,115.21791503072241,0.5,0.9724468778093385,1.4635365345035891
2772,train,2,1,1,-180.0,-173.22832204034012,0.0,0.0,0.0,0.0,-0.6666666666666667,2.281697661494661,0.5,0.9724468778093385,1.4635365345035891
2773,train,0,2,0,180.0,2439.0175961249306,-0.09523809523809523,80.73315680710107,208.55241203491425,0.0,0.9523809523809526,0.0,0.5,1.0722263532014553,0.6720201487033819
2773,train,1,2,0,-120.0,322.9462827003372,-0.09523809523809523,19.892519716776178,121.12999090926847,-0.047619047619047616,0.0,0.0,0.5,1.0722263532014553,0.6720201487033819
2774,train,2,0,1,300.0,768.9412340925983,0.6666666666666666,0.0,0.0,0.0,0.0,-287.15394522251984,0.5,1.9519464612901536,0.5451717921937078
2774,train,1,2,0,-60.0,300.17171964066165,-1.0,0.0,0.0,0.0,0.0,380.67759332738734,0.5,1.9519464612901536,0.5451717921937078
2775,train,2,0,1,0.0,-820.1003481476578,0.0,-38.807407998832076,-136.96970006171375,0.0,0.0,-24.229869611918918,0.5,1.821146885725672,1.820138286400026
2775,train,1,2,0,0.0,255.51375469153936,0.0,-29.253481869914914,80.35059225109381,0.0,0.0,6.933521866909079,0.5,1.821146885725672,1.820138286400026
2776,train,0,2,0,-240.0,-185.84716293117935,0.0,-71.26112422071407,34.94384247764512,0.8,1.5,0.0,0.5,1.9725000745156147,1.6402073538628394
2776,train,2,1,1,240.0,578.2897966818509,0.0,176.24551849960307,17.410402472808133,-0.4,-0.6,0.0,0.5,1.9725000745156147,1.6402073538628394
2777,test,0,1,0,-120.0,1197.5440155786728,0.0,539.8692408791551,0.0,0.0,0.0,0.0,0.5,1.0,1.0
2777,test,1,2,1,720.0,79.27285897527236,0.0,-971.3175102589182,0.0,0.0,0.0,0.0,0.5,1.0,1.0
2778,train,0,2,0,60.0,132.43375567473322,0.20000000000000007,41.27533338774555,43.59735645441328,0.3333333333333333,0.0,31.52626779375633,0.5,0.6457740311397864,1.3567608451496427
2778,train,1,2,0,300.0,1981.2835687667384,0.0,458.5379023551316,2.1470006028767608,0.6666666666666666,0.0,-6.504812395619545,0.5,0.6457740311397864,1.3567608451496427
2779,validation,1,0,1,240.0,14.350390359388257,-0.3,-162.2518964405005,-139.9705740623742,0.0,-1.2000000000000002,0.0,0.5,0.8531537216057795,0.5300454890912308
2779,validation,2,1,0,-60.0,-380.7064617615388,-0.3,22.131962341465083,-22.69402935727697,0.0,0.7999999999999998,0.0,0.5,0.8531537216057795,0.5300454890912308
2780,train,1,0,1,300.0,422.34319290508483,0.0,0.0,0.0,-0.16666666666666666,0.3333333333333335,-182.63982848338824,0.5,0.6401457041152914,0.9160365243365612
2780,train,2,1,0,300.0,212.4665053850331,0.0,0.0,0.0,0.0,0.0,215.47541550654805,0.5,0.6401457041152914,0.9160365243365612
2781,test,0,1,0,600.0,-2806.8275566830316,1.0,0.0,0.0,0.0,0.0,60.31598743230728,0.5,0.8986124834043078,0.7970066223085881
2781,test,1,2,1,360.0,2018.2185242447786,-1.3333333333333333,0.0,0.0,0.0,0.0,-487.9255707962236,0.5,0.8986124834043078,0.7970066223085881
2782,validation,1,0,0,0.0,1101.6875832040027,-0.4,276.86811529084684,0.0,0.0,0.0,68.68634841301538,0.5,1.8948210571514112,1.1971628002205201
2782,validation,2,0,0,780.0,2530.8555930293173,-0.4,211.7311195351915,0.0,0.2,0.0,128.3035796498897,0.5,1.8948210571514112,1.1971628002205201
2783,validation,1,0,0,180.0,799.5858807472398,0.19047619047619047,-43.09478910352426,54.59605071460445,0.0,0.2857142857142857,19.299244555917767,0.5,0.9865747769411802,1.9473244583119163
2783,validation,2,0,0,60.0,169.3672835794166,0.38095238095238093,-28.568719318847002,39.015559114650436,0.0,0.8571428571428571,13.673385708285338,0.5,0.9865747769411802,1.9473244583119163
2784,test,1,0,0,300.0,-84.75480531792664,0.6666666666666666,711.6671401045095,0.0,0.0,0.0,0.0,0.5,1.0,1.0
2784,test,0,2,1,-240.0,-251.69115040001043,0.0,-198.82395277853095,0.0,0.0,0.0,0.0,0.5,1.0,1.0
2785,test,2,0,1,60.0,23.444697969179515,0.2857142857142857,19.560632676126442,67.86193156018777,-0.2857142857142857,0.23809523809523808,-2.152273888968657,0.5,0.8611292440430044,0.8664178887682005
2785,test,1,2,0,0.0,385.4606477122845,0.0,-6.260158502511139,24.852316316602398,0.14285714285714285,0.0,16.064749330696685,0.5,0.8611292440430044,0.8664178887682005
2786,train,0,1,0,540.0,772.4027343318985,0.14285714285714285,214.95088884502584,-129.54726301435704,0.0,0.2857142857142858,48.22590293022561,0.5,0.6392230322533022,1.5944377231194902
2786,train,1,2,1,-60.0,-922.6528102748744,-0.19047619047619047,37.86416175730179,245.54725157099512,-0.2857142857142857,0.28571428571428564,-5.431083032734456,0.5,0.6392230322533022,1.5944377231194902
2787,train,0,1,1,300.0,-287.62829046528805,-0.2857142857142857,-33.57127042799671,-70.14716329082579,-0.14285714285714285,-0.19047619047619047,-2.6456291580096014,0.5,0.6967413360523096,0.8792324785604381
2787,train,0,2,1,240.0,-469.4193823537662,0.5714285714285714,6.419889565885185,-142.53515611537472,0.0,0.19047619047619047,21.904119271103408,0.5,0.6967413360523096,0.8792324785604381
2788,train,1,0,0,300.0,1245.6662181633892,0.0,0.0,72.04876434709354,0.06666666666666667,0.2,-25.791955954818505,0.5,0.7676593190904699,1.8690384334255203
2788,train,0,2,1,120.0,-170.0956001285199,0.0,0.0,-23.435503224546807,0.0,-1.0000000000000002,-55.811514228788894,0.5,0.7676593190904699,1.8690384334255203
2789,test,0,1,0,-120.0,235.02767544976268,-0.3333333333333333,0.0,0.0,0.3333333333333333,2.5,0.0,0.5,0.5695690480402666,0.7387349740608806
2789,test,2,1,0,0.0,2.759641513149745,-0.16666666666666666,0.0,0.0,0.0,4.0,0.0,0.5,0.5695690480402666,0.7387349740608806
2790,train,0,2,0,300.0,401.7698591114713,0.5333333333333333,-78.77634555351716,0.0,0.13333333333333333,-0.2,6.651281285928455,0.5,1.0,1.0
2790,train,2,1,1,-960.0,-1969.034174395014,-0.5333333333333333,-577.5232040897778,0.0,-0.26666666666666666,0.0,-99.5150881291744,0.5,1.0,1.0
2791,validation,0,1,1,540.0,590.2700341796644,0.3333333333333333,0.0,0.0,-0.3333333333333333,0.0,0.6871263778509729,0.5,0.9100600433885616,0.6661704610027351
2791,validation,2,0,0,-600.0,-348.8374644333653,0.3333333333333333,0.0,0.0,0.0,0.0,-135.4558165843255,0.5,0.9100600433885616,0.6661704610027351
2792,test,1,0,0,-120.0,392.67836059810134,0.0,145.09242938573433,-22.447030156632877,0.5,0.0,0.0,0.5,1.2171390089417495,0.6719708114030302
2792,test,0,2,1,-300.0,-207.06609406584812,0.0,-77.55420303527293,88.44714899053514,-1.0,0.0,0.0,0.5,1.2171390089417495,0.6719708114030302
2793,train,0,1,1,-600.0,-2672.677700233804,-2.8000000000000003,-406.3147649973379,0.0,-0.20000000000000007,0.0,-344.38618236155475,0.5,0.7830936348414907,0.7711038378719496
2793,train,2,0,0,120.0,773.6393648324593,2.4000000000000004,238.23831288718952,0.0,-0.4,0.0,127.97792829166572,0.5,0.7830936348414907,0.7711038378719496
2794,train,1,0,1,-360.0,-2291.2621281514985,0.0,-262.2749965478662,-368.74734559165114,0.0,-0.5,0.0,0.5,0.8216358405571422,1.491407846624461
2794,train,1,2,1,60.0,-1286.864476626084,0.0,-92.29532062306237,-114.50041814326386,-0.8999999999999999,0.30000000000000004,0.0,0.5,0.8216358405571422,1.491407846624461
2795,validation,2,0,1,-60.0,-2648.392156815966,0.0,-197.3089923932916,9.099698001171134,-0.2,0.06666666666666665,232.0446397875227,0.5,0.8834259363354243,0.5428149645820326
2795,validation,1,2,0,720.0,5557.019091761581,0.0,741.740551051503,-20.10576740978945,0.6000000000000001,0.6666666666666666,-152.78096564944707,0.5,0.8834259363354243,0.5428149645820326
2796,train,0,1,0,480.0,721.8023512943878,0.0,0.0,0.0,0.0,0.0,0.0,0.5,1.0,1.0
2796,train,1,2,1,-60.0,-13.235460440678253,0.0,0.0,0.0,0.0,0.0,0.0,0.5,1.0,1.0
2797,train,1,0,1,-120.0,-220.85406933935087,0.0,-38.74723093280447,5.045496867185815,0.14285714285714285,-0.09523809523809523,15.896772695542955,0.5,1.2638903772967474,0.7767707776449846
2797,train,2,1,0,120.0,380.9910888213533,0.0,33.709395607553574,-7.649106728401325,0.14285714285714285,-0.09523809523809523,-19.56564393520388,0.5,1.2638903772967474,0.7767707776449846
2798,validation,0,1,0,120.0,1181.4430258312914,0.0,218.04764372464192,901.9574128116255,0.0,-1.333333333333333,0.0,0.5,0.6585342394289649,1.8493177568627055
2798,validation,2,1,0,-180.0,-669.3439411428635,0.0,208.93886646644032,-77.73678191598572,0.0,-1.333333333333333,0.0,0.5,0.6585342394289649,1.8493177568627055
2799,train,0,2,0,300.0,102.31814890252826,0.0,0.0,0.0,0.0,0.0,0.0,0.5,1.0,1.0
2799,train,1,2,0,60.0,-422.75928421271874,0.0,0.0,0.0,0.0,0.0,0.0,0.5,1.0,1.0
2800,validation,1,0,1,180.0,281.14851521349647,0.0,226.90868990991942,0.0,-0.16666666666666666,0.0,-206.72433327682964,0.5,0.8649379056266303,0.9440862671485675
2800,validation,1,2,1,-240.0,-1049.4469020604247,0.0,-391.4265451005996,0.0,-0.8333333333333333,0.0,-218.247578311601,0.5,0.8649379056266303,0.9440862671485675
2801,train,1,0,1,-480.0,-156.27502443969797,0.0,0.0,-15.984752439852688,0.0,2.4000000000000004,-15.224688862797194,0.5,1.3588226172291016,1.0228297383465166
2801,train,2,1,0,-60.0,166.36678119195403,0.0,0.0,24.697443945603577,0.5999999999999999,-1.2000000000000002,26.237498513386527,0.5,1.3588226172291016,1.0228297383465166
2802,train,2,0,1,-120.0,-1714.691027457634,0.23809523809523808,-93.9556004469853,-84.32702960767759,-0.2857142857142857,0.0,-59.85847066256895,0.5,1.2515463496815455,0.5288243294353341
2802,train,1,2,0,120.0,899.2070353672625,-0.23809523809523808,37.16595584829415,61.81105176208971,0.2857142857142857,-0.1428571428571428,5.275750646819344,0.5,1.2515463496815455,0.5288243294353341
2803,train,0,1,1,-360.0,-220.6789907983598,-0.13333333333333333,83.64852419849592,5.691078566962304,0.06666666666666667,-0.2666666666666666,0.0,0.5,1.0,1.0
2803,train,0,2,1,-480.0,-934.6217094727358,-0.13333333333333333,-317.35714634530325,26.07488337951162,0.06666666666666667,0.2666666666666666,0.0,0.5,1.0,1.0
2804,train,0,1,1,60.0,8.87499657243734,-0.2,0.0,-8.992444118673568,-0.6,0.3999999999999999,0.0,0.5,0.5510058186799777,1.6744551039727456
2804,train,2,0,0,0.0,-54.06826763867093,0.2,0.0,10.96903867617398,0.3,-0.3999999999999999,0.0,0.5,0.5510058186799777,1.6744551039727456
2805,test,0,2,0,360.0,906.5752160972343,-1.2,0.0,49.285154604206156,0.0,0.0,76.56292313872271,0.5,0.7793601001177719,1.634995342364378
2805,test,2,1,1,-120.0,220.0779342184387,0.6,0.0,-69.93936323724253,0.0,-0.09999999999999998,-9.285376941938068,0.5,0.7793601001177719,1.634995342364378
2806,train,0,1,0,420.0,1047.4331664345373,0.0,62.66504638714946,0.0,0.2,0.0,0.0,0.5,1.6624514574303366,0.9765136578340746
2806,train,2,1,0,960.0,1137.2018493008727,1.1999999999999997,87.34915811640235,0.0,0.0,0.0,0.0,0.5,1.6624514574303366,0.9765136578340746
2807,train,1,0,0,240.0,707.7305877956051,0.6666666666666666,0.0,0.0,0.16666666666666666,0.5,0.0,0.5,1.3903642817854764,1.9964865253802855
2807,train,0,2,1,-60.0,-850.6569012920763,-0.3333333333333333,0.0,0.0,0.0,-1.0,0.0,0.5,1.3903642817854764,1.9964865253802855
2808,train,0,2,0,360.0,2166.527396298711,0.8000000000000002,32.94937785498426,0.0,0.2,0.0,-80.84791923746995,0.5,1.2947277531440364,0.7995472635061069
2808,train,1,2,0,360.0,346.90519416184543,0.0,122.91839993248321,0.0,0.0,0.0,-76.68523135814026,0.5,1.2947277531440364,0.7995472635061069
2809,validation,2,0,1,-480.0,-283.79844825016426,0.0,75.5186497079788,-12.14187450289753,-0.7142857142857142,-0.19047619047619047,-45.74297040186034,0.5,1.2357675596909639,0.829058813665763
2809,validation,2,1,1,-240.0,-1268.39761941093,-0.14285714285714285,32.98395581734452,-70.61551683733605,-0.7142857142857142,-0.5714285714285714,-172.524132124477,0.5,1.2357675596909639,0.829058813665763
2810,train,1,0,0,-180.0,1021.6621178727164,0.0,0.0,0.0,0.0,0.0,0.0,0.5,1.0,1.0
2810,train,2,0,0,-240.0,-660.9327169129838,0.0,0.0,0.0,0.0,0.0,0.0,0.5,1.0,1.0
2811,train,1,0,1,-360.0,721.0459630412743,0.0,0.0,0.0,0.0,0.0,0.0,0.5,1.0,1.0
2811,train,2,1,0,-120.0,-738.5291201100536,0.0,0.0,0.0,0.0,0.0,0.0,0.5,1.0,1.0
2812,train,0,2,0,60.0,-377.2085695458336,0.2666666666666667,0.0,91.21430879490185,-0.3333333333333333,-0.5333333333333333,-1.5698861814152245,0.5,0.5143294121329363,1.142040495195213
2812,train,2,1,1,240.0,908.4012524718946,-0.5333333333333333,0.0,-140.16535938347894,-0.3333333333333333,0.4,28.193024696595565,0.5,0.5143294121329363,1.142040495195213
2813,train,1,0,0,660.0,249.98262361946036,0.0,0.0,0.0,0.5,0.0,18.789829429606627,0.5,1.836711529355761,0.9859406570394131
2813,train,0,2,1,-120.0,-367.6634388850416,-0.3333333333333333,0.0,0.0,-0.5,0.0,30.255791045036695,0.5,1.836711529355761,0.9859406570394131
2814,train,0,1,1,-60.0,209.97308130807914,0.3333333333333333,0.0,0.0,-0.3333333333333333,0.0,-117.67557703112337,0.5,1.372964134100491,1.295454598494422
2814,train,2,0,0,300.0,-206.41113277013164,0.0,0.0,0.0,0.16666666666666666,0.0,0.0,0.5,1.372964134100491,1.295454598494422
2815,train,1,0,1,-360.0,-927.0169372092068,-0.3333333333333333,-378.52556564129134,-74.0001519360936,0.0,-0.6666666666666666,22.453470464084354,0.5,0.5263051273213898,0.9275677800508342
2815,train,2,1,0,240.0,917.310301190585,0.6666666666666666,30.493419929057836,-20.13141382928552,0.0,0.9333333333333332,20.806263242429328,0.5,0.5263051273213898,0.9275677800508342
2816,train,0,2,0,-60.0,476.2156520265462,-0.2,611.7065942493418,-20.692352326081476,0.0,0.0,0.0,0.5,0.5999178588349561,0.594528469716162
2816,train,2,1,1,540.0,1380.4793942094138,0.0,194.05517144989528,-1094.0642603519361,0.0,0.0,-174.3791139196384,0.5,0.5999178588349561,0.594528469716162
2817,validation,2,0,1,-60.0,-19.265999224647203,0.0,-94.39652048173741,105.5409454571784,0.0,0.09999999999999998,-157.69079944883677,0.5,0.7528582944175425,0.6214808676519006
2817,validation,1,2,0,60.0,-168.38994796141742,0.0,-220.31838876301936,252.36963742931601,0.0,0.0,87.45759980071306,0.5,0.7528582944175425,0.6214808676519006
2818,test,0,1,1,-360.0,-1007.4832904263412,0.09523809523809523,6.35460080653894,-212.25668650904242,-0.19047619047619047,-0.5714285714285714,-146.04371026938784,0.5,1.4271795314253493,1.3131694430359437
2818,test,2,0,0,180.0,184.94325486296339,0.0,42.92631582365735,-79.73704954464692,0.0,0.38095238095238093,133.08770988777698,0.5,1.4271795314253493,1.3131694430359437
2819,train,0,2,0,-60.0,-287.9297471472282,0.2,-29.58952582330835,-3.959481716029779,0.0,0.0,-47.417010858000396,0.5,0.5638246538445715,1.0474218750589146
2819,train,2,1,1,60.0,-527.9626284648907,-0.4,46.75735737504965,-11.130239927240247,0.0,0.6666666666666667,-9.617596282503776,0.5,0.5638246538445715,1.0474218750589146
2820,train,0,1,1,120.0,139.7722356397694,0.6666666666666666,0.0,0.0,0.0,0.0,-110.90141780603352,0.5,0.8284728790372495,1.8145963602971638
2820,train,0,2,1,120.0,-63.444519250939265,0.6666666666666666,0.0,0.0,0.0,0.0,-216.12740017064152,0.5,0.8284728790372495,1.8145963602971638
2821,train,2,0,1,-240.0,-826.8719097817884,-0.16666666666666666,0.0,162.63910839170416,0.0,-1.5,0.0,0.5,0.5952116899967793,1.9874169257658598
2821,train,2,1,1,-360.0,-1113.159512272212,-0.5,0.0,150.02962126180287,0.0,0.5,0.0,0.5,0.5952116899967793,1.9874169257658598
2822,train,0,1,1,-600.0,-1000.8395782123248,0.0,0.0,9.110722277653348,0.0,0.30000000000000027,0.0,0.5,1.042901686213414,1.0196220744894051
2822,train,0,2,1,-300.0,-1572.2204787777987,-0.6000000000000001,0.0,11.513160409895015,0.0,0.6000000000000001,0.0,0.5,1.042901686213414,1.0196220744894051
2823,train,1,0,0,240.0,135.19103560742678,0.0,24.12407153582224,-5.04609717612292,0.14285714285714285,0.09523809523809523,60.75700336426796,0.5,1.8922344953732775,1.8441889858610065
2823,train,2,0,0,60.0,-199.28901959339373,0.0,31.97600949767387,-43.49129284044393,0.0,0.0,31.6399117925813,0.5,1.8922344953732775,1.8441889858610065
2824,train,0,1,1,-60.0,-688.4447704051654,0.0,0.0,0.0,0.0,-2.0,0.0,0.5,0.718079287534311,1.1902704805808944
2824,train,0,2,1,-300.0,-1179.1404791852783,0.0,0.0,0.0,0.0,-7.0,0.0,0.5,0.718079287534311,1.1902704805808944
2825,validation,2,0,1,120.0,364.20661063542457,-0.5999999999999999,166.29249814674301,0.0,-0.1,-0.4,0.0,0.5,1.0,1.0
2825,validation,2,1,1,-60.0,-1144.0147545585096,-0.8999999999999999,-217.6115817422923,0.0,-0.20000000000000004,0.4,0.0,0.5,1.0,1.0
2826,train,2,0,1,-120.0,99.3720927163613,0.0,0.0,-529.7418417397945,0.0,0.0,0.0,0.5,1.4562113831713646,0.897558081182858
2826,train,1,2,0,-60.0,-633.105047873406,0.0,0.0,246.75228756000732,0.0,0.0,0.0,0.5,1.4562113831713646,0.897558081182858
2827,train,0,1,1,180.0,483.1128564434666,0.0,0.0,0.0,0.0,0.0,0.0,0.5,1.6565595871602437,1.557994990688241
2827,train,2,0,0,-240.0,224.1035467790034,1.0,0.0,0.0,0.0,0.0,0.0,0.5,1.6565595871602437,1.557994990688241
2828,train,1,0,0,-240.0,-318.2943443430813,0.33333333333333337,0.0,0.0,0.0,0.0,-6.800555984855237,0.5,0.7593498619192387,0.5547766909583338
2828,train,0,2,1,180.0,378.06213381938414,-0.33333333333333337,0.0,0.0,0.0,0.0,-72.9199109285102,0.5,0.7593498619192387,0.5547766909583338
2829,train,1,0,1,0.0,-497.17788219393833,0.0,0.0,0.0,0.0,0.0,-497.7307304769408,0.5,0.9626576845279252,1.6814969963219908
2829,train,2,1,0,240.0,749.4048747688298,0.0,0.0,0.0,0.0,0.0,3.747024373844148,0.5,0.9626576845279252,1.6814969963219908
2830,train,2,0,1,0.0,-457.72142396747813,0.0,0.0,-21.469087258127587,-0.13333333333333333,0.13333333333333333,32.11779655995266,0.5,1.6072813218053352,0.5885594792330375
2830,train,1,2,0,0.0,-405.80319894829245,0.0,0.0,-177.8907747428844,0.13333333333333333,-0.13333333333333333,22.162005281952084,0.5,1.6072813218053352,0.5885594792330375
2831,train,0,1,0,-300.0,-1323.1402369099997,0.0,132.2676297446377,-2.2294870700826284,0.0,0.9,74.73561268180683,0.5,1.0818327970688546,0.9454586616129741
2831,train,1,2,1,420.0,1379.9953828034559,0.0,-263.7360646945135,-42.67615063013264,0.0,-0.6,77.49619093061563,0.5,1.0818327970688546,0.9454586616129741
2832,train,1,0,0,-120.0,290.9205433654397,0.0,-139.76245093683275,11.56442391226507,0.0,-0.2857142857142857,61.21009168905997,0.5,1.0,1.0
2832,train,2,0,0,360.0,1027.1708150587956,0.0,176.24989423485079,22.220243604157943,0.09523809523809523,0.0,-28.959377682771894,0.5,1.0,1.0
2833,validation,0,1,1,180.0,949.4136493097258,0.0,0.0,-742.1082871606706,0.0,0.0,0.0,0.5,0.5241458974340338,0.5976351232180369
2833,validation,0,2,1,-300.0,420.4969448986294,0.0,0.0,-804.3544903857845,0.0,0.0,0.0,0.5,0.5241458974340338,0.5976351232180369
2834,validation,0,1,0,300.0,554.7981337150504,0.0,0.0,0.0,0.6666666666666667,2.6666666666666665,0.0,0.5,0.7068239794484025,1.0152321414043997
2834,validation,2,1,0,0.0,390.92465580387216,0.0,0.0,0.0,0.3333333333333333,2.0,0.0,0.5,0.7068239794484025,1.0152321414043997
2835,validation,2,0,1,120.0,20.77747836570461,-0.06666666666666667,0.0,91.71482922600879,-0.2,0.6666666666666666,-24.599624451058627,0.5,1.8170208769182281,1.980912612619501
2835,validation,2,1,1,-60.0,-28.855596934303776,0.06666666666666667,0.0,43.448345337677154,-0.2,1.0,-46.40437455911345,0.5,1.8170208769182281,1.980912612619501
2836,train,1,0,0,-60.0,-689.403174644749,0.0,0.0,0.0,0.0,0.0,0.0,0.5,1.0,1.0
2836,train,2,0,0,420.0,653.965139393757,0.0,0.0,0.0,0.0,0.0,0.0,0.5,1.0,1.0
2837,validation,1,0,0,240.0,313.2635589999445,-0.5333333333333333,-65.8475462976402,0.0,0.6000000000000001,0.9999999999999998,-4.924412568219495,0.5,1.0738906253062104,1.750281252488093
2837,validation,0,2,1,-180.0,353.26192420239204,0.4,83.018735791576,0.0,0.0,-0.6666666666666667,16.207991739174815,0.5,1.0738906253062104,1.750281252488093
2838,train,2,0,1,-660.0,-767.3711923723713,0.0,0.0,0.0,0.0,0.0,0.0,0.5,1.0,1.0
2838,train,1,2,0,240.0,1350.0306090000959,0.0,0.0,0.0,0.0,0.0,0.0,0.5,1.0,1.0
2839,test,1,0,0,1320.0,2456.0024731531284,0.0,0.0,-208.26259666628056,0.0,-0.666666666666667,0.0,0.5,1.4246864560477235,1.2646836191563817
2839,test,2,0,0,-120.0,666.4791545510398,0.0,0.0,759.410012386771,0.0,1.333333333333333,0.0,0.5,1.4246864560477235,1.2646836191563817
2840,train,0,2,0,-120.0,-200.7623833891207,0.0,144.65665330137813,209.4482354599212,-0.5,0.0,0.0,0.5,1.2191715502320581,1.1005662480353118
2840,train,2,1,1,60.0,904.0718949274292,0.0,105.92600563368907,-9.277684759826343,0.5,0.0,0.0,0.5,1.2191715502320581,1.1005662480353118
2841,train,2,0,1,120.0,370.8564970533671,0.0,117.40521098342288,67.61191184098797,0.0,-0.1333333333333333,0.0,0.5,1.894750946012051,0.6676523926408036
2841,train,2,1,1,180.0,337.92982233539396,0.0,63.579375308289926,35.2998731746716,0.0,-0.1333333333333333,0.0,0.5,1.894750946012051,0.6676523926408036
2842,train,1,0,0,300.0,1612.7226269195708,-0.26666666666666666,2.5776223393761484,0.0,0.3333333333333333,0.8000000000000002,46.54712986851406,0.5,0.5194733074443942,0.5198660321390758
2842,train,2,0,0,360.0,750.7245022599136,0.5333333333333334,88.71590373479539,0.0,0.6666666666666666,0.8000000000000002,71.70268660457712,0.5,0.5194733074443942,0.5198660321390758
2843,train,2,0,1,-120.0,-1443.5591753887784,-0.4,0.0,-101.1129410442813,0.1,0.5999999999999999,0.0,0.5,1.0895943909486632,1.0789339732762553
2843,train,1,2,0,300.0,774.7576154940543,0.0,0.0,166.4676778830526,0.0,0.30000000000000027,0.0,0.5,1.0895943909486632,1.0789339732762553
2844,train,1,0,1,960.0,1782.3638824708132,0.26666666666666666,-32.203430984651305,-21.090781712110356,0.0,0.8,24.430403194071516,0.5,0.5131753814853718,0.6386271099299046
2844,train,2,1,0,-420.0,-334.4918546005074,-0.13333333333333333,144.74950180287453,338.03334146075235,0.0,-0.8,5.4076318916108335,0.5,0.5131753814853718,0.6386271099299046
2845,train,2,0,1,-120.0,-75.74869861221578,0.0,-161.00762519592217,0.0,-0.6666666666666666,0.0,0.0,0.5,1.0,1.0
2845,train,2,1,1,120.0,541.1448044588246,0.0,-509.13856683064796,0.0,-0.3333333333333333,0.0,0.0,0.5,1.0,1.0
2846,train,0,2,0,120.0,-689.1365648999135,0.0,0.0,99.17934967667158,0.29999999999999993,-0.6000000000000001,-24.117461013476092,0.5,0.974298276156203,0.9306739117364978
2846,train,1,2,0,420.0,-647.4635734315052,0.0,0.0,85.87101615159868,-0.6,0.19999999999999996,170.6027097850352,0.5,0.974298276156203,0.9306739117364978
2847,train,0,1,1,-720.0,-127.14877249415986,0.0,0.0,-332.1149776596824,-0.16666666666666666,0.0,0.0,0.5,1.9755331735303174,0.5419459048324629
2847,train,2,0,0,1140.0,682.1885173364508,-0.6666666666666666,0.0,-289.0842478724349,0.33333333333333337,0.0,0.0,0.5,1.9755331735303174,0.5419459048324629
2848,test,0,2,0,-540.0,-1827.152605851406,0.6666666666666666,0.0,0.0,0.0,0.0,-148.39584925729417,0.5,0.7133252014226992,0.7732122296916637
2848,test,1,2,0,-300.0,-500.15897323523495,0.6666666666666666,0.0,0.0,0.0,0.0,-80.02763765243847,0.5,0.7133252014226992,0.7732122296916637
2849,test,0,1,0,120.0,-647.206651250428,0.0,0.0,0.0,0.0,0.0,0.0,0.5,1.0,1.0
2849,test,1,2,1,-120.0,758.9458531054988,0.0,0.0,0.0,0.0,0.0,0.0,0.5,1.0,1.0
2850,test,0,1,1,-360.0,1644.7024858195164,-0.8000000000000002,-300.97101186303155,0.0,0.0,0.0,-43.76390749532657,0.5,0.8326950272923966,0.955497384044891
2850,test,0,2,1,-600.0,-196.48569021471394,0.0,-978.0258577189198,0.0,0.0,-0.8,-42.83608389614281,0.5,0.8326950272923966,0.955497384044891
2851,train,0,1,1,180.0,-948.1003046875476,0.0,0.0,0.0,0.0,0.0,0.0,0.5,1.0,1.0
2851,train,2,0,0,120.0,1051.9661357390205,0.0,0.0,0.0,0.0,0.0,0.0,0.5,1.0,1.0
2852,train,0,1,1,480.0,-875.357284632998,0.0,-114.41819002688146,-294.9671410333814,0.0,-0.09999999999999998,-34.949284652974285,0.5,1.0940640170290499,1.5800074341618857
2852,train,2,0,0,0.0,1210.9113825178465,0.0,177.95524673112902,130.1581957726559,0.0,0.09999999999999998,51.68147216632673,0.5,1.0940640170290499,1.5800074341618857
2853,train,0,1,1,180.0,0.0,-0.13333333333333333,-25.32424629272485,0.0,0.0,0.0,-19.518766998564967,0.5,0.9412947687316193,0.8826214990514765
2853,train,2,0,0,60.0,418.33682879496473,0.0,11.105259082156763,0.0,0.0,0.0,31.080842331905583,0.5,0.9412947687316193,0.8826214990514765
2854,train,1,0,0,60.0,58.2035347616918,0.4,0.0,0.0,0.0,1.2000000000000002,-38.35388963374052,0.5,1.5099632226373079,0.6369348688489825
2854,train,0,2,1,-180.0,-399.23476472604716,0.0,0.0,0.0,-0.1,-0.4,-38.03014765198694,0.5,1.5099632226373079,0.6369348688489825
2855,validation,1,0,0,-180.0,-446.8081216458413,-0.09523809523809523,90.70989667842402,-132.52846799605618,0.0,0.5714285714285714,10.466693949916575,0.5,1.2663132186006196,0.8059488744616532
2855,validation,0,2,1,300.0,494.64985840103463,0.047619047619047616,-94.50574781579725,45.555231713437266,-0.2857142857142857,-0.5714285714285714,-1.018377285591427,0.5,1.2663132186006196,0.8059488744616532
2856,test,0,1,1,-360.0,-2824.8607956324677,-0.2857142857142857,-387.14746646556,-95.4101647856036,-0.2857142857142857,-0.14285714285714285,-83.60616895837418,0.5,0.550192164281122,0.5851433854222471
2856,test,0,2,1,360.0,-2431.5283938384246,-0.8571428571428571,-286.12619450946556,-158.31321898334846,-0.19047619047619047,-0.3333333333333333,-72.77032972883381,0.5,0.550192164281122,0.5851433854222471
2857,test,0,2,0,60.0,31.508586311101226,0.0,0.0,146.58701839315628,0.0,-0.09999999999999998,-0.9038776704818297,0.5,0.7105323154140614,1.295704927324309
2857,test,2,1,1,-120.0,-360.1972777336264,0.0,0.0,-77.75462886225344,-0.3,-0.30000000000000004,31.511000515873686,0.5,0.7105323154140614,1.295704927324309
2858,train,0,1,0,-120.0,-153.97974059129365,0.0,0.0,7.089396564360499,0.0,1.0,58.98396124204804,0.5,1.0771989676110898,1.2608599780448697
2858,train,2,1,0,-180.0,-64.61435967706484,0.0,0.0,-3.5167526805073805,0.0,1.5,63.55289029983122,0.5,1.0771989676110898,1.2608599780448697
2859,train,1,0,1,0.0,7.14894404972074,0.0,0.0,0.0,0.0,-3.333333333333333,0.0,0.5,1.4060823767015391,0.954481647210515
2859,train,2,1,0,-60.0,969.0901898877282,0.0,0.0,0.0,0.0,4.666666666666667,0.0,0.5,1.4060823767015391,0.954481647210515
2860,validation,0,1,0,960.0,922.6803152824205,0.0,0.0,0.0,0.0,0.0,0.0,0.5,1.0,1.0
2860,validation,1,2,1,-180.0,192.30666089274382,0.0,0.0,0.0,0.0,0.0,0.0,0.5,1.0,1.0
2861,train,1,0,0,60.0,-995.6308888473941,0.0,-124.12485275818776,18.36327048160063,0.0,0.0,0.6886661779623822,0.5,1.851033787817656,1.6226968119849303
2861,train,2,0,0,0.0,-240.53606777698496,0.14285714285714285,-202.28886503780265,72.83553558204616,0.19047619047619047,-0.2857142857142856,-26.602410485658,0.5,1.851033787817656,1.6226968119849303
2862,validation,1,0,0,0.0,173.1017859575586,0.6,0.0,-104.74716783213728,0.0,0.6,97.98558440898377,0.5,0.7209702884401479,0.8088609580669293
2862,validation,0,2,1,-420.0,-534.3041974749403,0.0,0.0,83.43985999564893,0.0,0.09999999999999998,-98.37292838113709,0.5,0.7209702884401479,0.8088609580669293
2863,train,0,2,0,-240.0,-1113.6605383346268,0.3,0.0,0.0,0.2,0.3999999999999999,0.0,0.5,0.8618063674797097,1.5019051376106531
2863,train,2,1,1,120.0,-430.03210563180255,-0.8999999999999999,0.0,0.0,0.0,-0.8000000000000003,-72.33120891704766,0.5,0.8618063674797097,1.5019051376106531
2864,train,1,0,0,120.0,50.286925920068825,0.0,0.0,0.0,0.0,0.0,0.0,0.5,1.0,1.0
2864,train,0,2,1,-360.0,213.8161957501693,0.0,0.0,0.0,0.0,0.0,0.0,0.5,1.0,1.0
2865,train,0,2,0,60.0,-112.16333752919127,-0.14285714285714285,234.01292687228872,66.97912815892852,0.0,0.14285714285714285,70.83671880944863,0.5,0.9087299678310605,1.1710374644317705
2865,train,1,2,0,-120.0,-155.05224128675854,0.14285714285714285,93.32629678833055,-2.2159827438952604,0.0,0.047619047619047616,52.05716852332128,0.5,0.9087299678310605,1.1710374644317705
2866,train,0,1,0,-180.0,-488.11426876103906,0.0,0.0,216.6796011914588,0.3333333333333333,0.6,129.87145877628006,0.5,0.5829192553829354,0.5215874958332937
2866,train,2,1,0,0.0,-849.5514475014479,-0.26666666666666666,0.0,199.76273924833998,0.0,0.06666666666666668,6.906493891623358,0.5,0.5829192553829354,0.5215874958332937
2867,validation,1,0,1,-60.0,147.93748385573645,-0.5,0.0,0.0,0.0,0.6666666666666666,-32.85113300572927,0.5,1.25030907581527,1.2160453669754774
2867,validation,1,2,1,-60.0,328.08280819173024,-0.5,0.0,0.0,0.0,-0.33333333333333326,0.0,0.5,1.25030907581527,1.2160453669754774
2868,train,0,1,0,180.0,81.84028902088858,1.0,0.0,0.0,0.0,0.0,0.0,0.5,0.6257120420952711,0.9358600155697802
2868,train,2,1,0,60.0,-196.03950082554388,0.0,0.0,0.0,0.0,0.0,0.0,0.5,0.6257120420952711,0.9358600155697802
2869,train,0,1,0,-240.0,114.36635610685425,0.0,-10.079235148242915,53.395571100595,0.0,-0.19047619047619047,-23.596772169938234,0.5,0.653156657686403,1.82874567142288
2869,train,2,1,0,-240.0,-149.43712146626967,0.0,-10.11622900235399,128.517176166835,0.0,1.1428571428571428,5.071580633009326,0.5,0.653156657686403,1.82874567142288
2870,validation,0,1,1,60.0,-155.14630806552032,0.0,0.0,0.0,-1.0,0.0,0.0,0.5,0.8980422573137908,0.7829314019606713
2870,validation,0,2,1,240.0,961.643373368524,0.0,0.0,0.0,0.0,0.0,0.0,0.5,0.8980422573137908,0.7829314019606713
2871,train,0,2,0,60.0,587.2046413863163,0.0,0.0,0.0,0.0,1.3333333333333335,153.38542919611945,0.5,1.4985397660925541,0.8248104639776719
2871,train,1,2,0,0.0,1366.9574988297245,0.0,0.0,0.0,0.0,1.9999999999999996,-65.12643100942219,0.5,1.4985397660925541,0.8248104639776719
2872,train,1,0,0,240.0,3229.391171127354,0.0,978.533071606364,0.0,0.0,0.0,-66.61063633528045,0.5,1.0,1.0
2872,train,0,2,1,-240.0,-1972.8569329449383,0.0,-2674.2396953964667,0.0,0.0,0.0,-434.6916803364145,0.5,1.0,1.0
2873,train,1,0,0,480.0,24.091996084504444,0.0,0.0,124.77928687620386,0.0,-0.3999999999999999,29.42208403571688,0.5,0.5321023845035865,0.9629957080351566
2873,train,2,0,0,540.0,1334.5869443759698,0.0,0.0,101.84967855247857,0.0,1.6,17.78257735452828,0.5,0.5321023845035865,0.9629957080351566
2874,test,1,0,1,-420.0,-197.46684097013895,0.0,0.0,-337.5941717774019,0.0,-0.5,-52.64840045464727,0.5,0.6403576484403081,1.1463183092083786
2874,test,1,2,1,180.0,-366.2272369884722,0.0,0.0,-348.53498524042953,0.0,-1.5,-18.834337591454755,0.5,0.6403576484403081,1.1463183092083786
2875,train,2,0,1,-240.0,-82.19905358661435,0.0,0.0,-490.7790050470081,0.0,0.0,0.0,0.5,1.0004717019721492,1.8036848574588604
2875,train,1,2,0,300.0,87.76020075739143,0.0,0.0,439.03793395893774,0.0,0.0,0.0,0.5,1.0004717019721492,1.8036848574588604
2876,train,1,0,1,-120.0,-918.7674854992765,-0.42857142857142855,-82.46743341416575,133.51975147462588,0.0,-0.7142857142857143,0.5638928937073722,0.5,1.3439283685075065,0.6552178564424785
2876,train,1,2,1,60.0,-436.05332446891043,-0.14285714285714285,57.46422153526916,66.26532766961148,-0.5714285714285714,-0.7142857142857143,-17.42543772325063,0.5,1.3439283685075065,0.6552178564424785
2877,train,1,0,1,180.0,435.18822107571714,0.0,0.0,0.0,0.0,0.0,-91.43304681267676,0.5,1.1835625903828242,1.8715547198534173
2877,train,1,2,1,0.0,23.532661611003732,0.0,0.0,0.0,0.0,0.0,-248.8225091325616,0.5,1.1835625903828242,1.8715547198534173
2878,train,2,0,1,180.0,173.69311638832687,0.0,-560.0705105556559,0.0,0.0,0.0,0.0,0.5,1.0,1.0
2878,train,2,1,1,0.0,-355.3278119279039,0.0,-1161.593000368136,0.0,0.0,0.0,0.0,0.5,1.0,1.0
2879,test,0,1,0,60.0,1245.8781722960034,0.0,938.6357876668671,0.0,0.0,-0.33333333333333337,0.0,0.5,1.0,1.0
2879,test,1,2,1,-360.0,-678.5658471113397,0.0,-31.379806324354945,0.0,0.0,-0.33333333333333326,0.0,0.5,1.0,1.0
2880,train,1,0,0,300.0,-642.2700965471122,0.0,0.0,0.0,0.0,0.0,175.59848858167373,0.5,0.5328036597271651,0.6453547602899375
2880,train,2,0,0,300.0,1848.8296886664366,0.0,0.0,0.0,0.0,0.0,678.2530969675295,0.5,0.5328036597271651,0.6453547602899375
2881,test,0,1,1,-600.0,-758.4984908099568,0.0,-1078.7858570651044,0.0,0.0,0.0,0.0,0.5,1.0,1.0
2881,test,0,2,1,-120.0,-1813.2029751847422,0.0,-1333.3355841036307,0.0,0.0,0.0,0.0,0.5,1.0,1.0
2882,train,0,1,1,-960.0,-1114.397164990146,0.0,0.0,0.0,0.0,0.0,0.0,0.5,1.0,1.0
2882,train,0,2,1,-300.0,199.5100041004098,0.0,0.0,0.0,0.0,0.0,0.0,0.5,1.0,1.0
2883,train,1,0,0,-180.0,608.3072143845857,0.0,0.0,-76.05558777632436,0.6000000000000001,0.0,173.41480879608702,0.5,0.5604999449261029,1.0651766284178854
2883,train,2,0,0,-240.0,250.3636959359028,0.0,0.0,-67.51214352249576,0.2,-0.09999999999999998,201.26185199626528,0.5,0.5604999449261029,1.0651766284178854
2884,validation,0,1,1,180.0,-289.10452943751443,-0.09523809523809523,97.22338180391935,36.10682769662373,-0.2857142857142857,-0.2857142857142857,-2.743217082570962,0.5,0.5467360636477194,0.8782988119452129
2884,validation,2,0,0,-180.0,-118.48890328207881,0.0,-129.22411316130058,155.5943213161367,0.5714285714285714,0.14285714285714285,11.331668928802621,0.5,0.5467360636477194,0.8782988119452129
2885,test,0,1,1,180.0,-103.05215205858622,0.0,0.0,0.0,-0.6666666666666666,0.0,-154.87960234178286,0.5,0.6045082706214994,1.7607641146317994
2885,test,0,2,1,-60.0,-1773.7159607397543,0.0,0.0,0.0,0.0,0.0,-10.701999405144718,0.5,0.6045082706214994,1.7607641146317994
2886,train,1,0,1,-300.0,595.9970588753731,-0.13333333333333333,-450.8227690198634,25.645602523561774,0.3333333333333333,0.19999999999999996,0.0,0.5,0.5659299540102084,1.5178438696285357
2886,train,1,2,1,60.0,367.55424896774275,-0.13333333333333333,-486.5079953889804,-36.11054116309789,0.3333333333333333,0.3999999999999999,0.0,0.5,0.5659299540102084,1.5178438696285357
2887,train,0,1,1,-660.0,-2142.1135323713124,0.0,-823.2121331861142,0.0,0.0,0.0,-339.8512279371984,0.5,1.0,1.0
2887,train,0,2,1,-240.0,-226.33655928070766,0.0,-452.6925234728442,0.0,0.0,0.0,-132.99318872570063,0.5,1.0,1.0
2888,test,1,0,0,0.0,407.98137812857476,0.2857142857142857,-53.79095756534734,112.60682228651108,-0.047619047619047616,0.0,76.82742427408765,0.5,1.9089391704827192,1.3406316481464113
2888,test,2,0,0,0.0,-55.25848889160625,0.5714285714285714,247.34360740563622,-6.9374533190116665,0.0,0.0,24.378879000351404,0.5,1.9089391704827192,1.3406316481464113
2889,train,1,0,0,0.0,87.15670397345798,0.0,-45.40544103696709,-22.228714235591543,0.0,0.6666666666666667,-27.74773442118089,0.5,1.7539385446532878,0.5428663186846923
2889,train,2,0,0,60.0,105.52261459959891,0.13333333333333333,147.04030365146355,-13.912477790939159,0.0,1.0,5.984151859273847,0.5,1.7539385446532878,0.5428663186846923
2890,train,0,1,1,180.0,991.6222367798819,0.0,233.60906060098375,0.0,0.4,0.5999999999999999,-36.34729720435607,0.5,1.4988960654496666,1.3207993641158602
2890,train,0,2,1,0.0,-502.6046290157328,0.0,-350.01952987939,0.0,0.4,0.0,0.0,0.5,1.4988960654496666,1.3207993641158602
2891,train,1,0,1,-240.0,-4108.661797170685,0.0,0.0,0.0,0.0,0.0,0.0,0.5,1.0,1.0
2891,train,2,1,0,780.0,2539.6018998113004,0.0,0.0,0.0,0.0,0.0,0.0,0.5,1.0,1.0
2892,train,1,0,0,60.0,1073.9987972844597,0.0,0.0,0.0,0.0,0.0,0.0,0.5,0.8816842979355332,1.0227889482674088
2892,train,2,0,0,0.0,961.3363397794915,1.0,0.0,0.0,0.0,0.0,0.0,0.5,0.8816842979355332,1.0227889482674088
2893,train,0,1,1,-60.0,97.56787781278763,0.0,0.0,0.0,0.0,0.3333333333333333,0.0,0.5,0.8089472340375198,1.4246059002896734
2893,train,0,2,1,-120.0,-194.64732217852998,-2.0,0.0,0.0,0.0,-0.9999999999999999,0.0,0.5,0.8089472340375198,1.4246059002896734
2894,train,0,1,0,600.0,758.2174933925075,0.0,290.230484962722,86.01191010548223,0.0,0.0,9.372909280535048,0.5,1.3777562366253477,1.5128741761134088
2894,train,2,1,0,120.0,1210.218898096322,0.0,171.40830320044307,-215.29652913130852,0.0,0.0,57.85701485484117,0.5,1.3777562366253477,1.5128741761134088
2895,train,0,2,0,-360.0,-905.1642244552199,0.0,0.0,0.0,0.0,0.0,439.9438100766161,0.5,0.6619691129483807,0.7569132025681541
2895,train,1,2,0,-420.0,-1160.840933088823,0.0,0.0,0.0,0.0,0.0,389.0075591824479,0.5,0.6619691129483807,0.7569132025681541
2896,train,1,0,0,360.0,674.189957132473,0.2857142857142857,106.43234229995544,35.95047845100191,0.0,-0.6666666666666665,61.635298846910715,0.5,0.6313206375127484,0.8143909063855571
2896,train,2,0,0,60.0,1032.2235501093282,0.5714285714285714,85.41955820999398,62.88405442253409,0.19047619047619047,-0.47619047619047605,63.35883537568968,0.5,0.6313206375127484,0.8143909063855571
2897,train,2,0,1,0.0,-1032.2827212320944,-1.0,473.10117448314895,0.0,0.0,0.0,0.0,0.5,1.0,1.0
2897,train,1,2,0,-60.0,911.6237042724879,0.0,659.7035500422664,0.0,0.0,0.0,0.0,0.5,1.0,1.0
2898,train,2,0,1,-600.0,202.73872888856204,0.0,8.205141409370299,0.0,0.0,0.0,0.0,0.5,1.0,1.0
2898,train,2,1,1,60.0,744.4872409436666,0.0,-990.2578478615378,0.0,0.0,0.0,0.0,0.5,1.0,1.0
2899,train,2,0,1,-180.0,275.7727442936748,0.0,0.0,-76.32799307011902,0.0,0.0,-73.86049309957049,0.5,0.531881920732052,1.1547439310503125
2899,train,1,2,0,-60.0,394.04034770007,0.0,0.0,67.79862808304648,0.0,0.0,117.50355072455444,0.5,0.531881920732052,1.1547439310503125
2900,validation,1,0,0,60.0,585.8581319698537,0.0,0.0,0.0,0.0,0.0,0.0,0.5,1.0,1.0
2900,validation,0,2,1,-180.0,170.56219712005986,0.0,0.0,0.0,0.0,0.0,0.0,0.5,1.0,1.0
2901,train,1,0,0,-60.0,482.32366640002783,1.3333333333333333,0.0,271.5277181358316,0.0,0.0,0.0,0.5,1.0273298789911127,1.683285491856212
2901,train,0,2,1,-120.0,-204.1886703041282,-1.3333333333333333,0.0,79.36074716217304,0.0,0.0,0.0,0.5,1.0273298789911127,1.683285491856212
2902,validation,2,0,1,-60.0,-232.49990793611505,0.0,-170.72129358484062,0.0,0.0,0.0,9.789718723717755,0.5,1.0,1.0
2902,validation,1,2,0,0.0,23.6542568619916,0.0,314.9254427569331,0.0,0.0,0.0,-33.931552769670446,0.5,1.0,1.0
2903,test,1,0,1,-420.0,63.892723579352605,0.0,0.0,0.0,0.0,0.0,-250.62253111205595,0.5,0.7591430670769082,0.5186876808800183
2903,test,1,2,1,0.0,46.35340292223191,0.0,0.0,0.0,0.0,0.0,-522.7926632179464,0.5,0.7591430670769082,0.5186876808800183
2904,validation,0,2,0,420.0,1399.685024841786,0.4,30.744773054468226,0.0,0.2,0.0,123.8802416433864,0.5,0.847169600265507,0.5538717084254364
2904,validation,1,2,0,120.0,977.4031483578583,0.4,178.47897686182023,0.0,0.1,0.0,70.021381383128,0.5,0.847169600265507,0.5538717084254364
2905,validation,1,0,1,-720.0,-1914.4382539166145,0.0,0.0,-161.62351612313395,0.1,-0.8000000000000003,-114.4649455350775,0.5,0.7409170989802226,1.418650160339234
2905,validation,1,2,1,60.0,375.56459166674995,0.0,0.0,72.11610467568032,0.0,-0.3999999999999999,-96.92848884126322,0.5,0.7409170989802226,1.418650160339234
2906,train,0,1,1,-480.0,-1688.3597440398735,0.0,-98.37399124265777,-142.46222221913536,0.5714285714285714,0.0,104.87973050126242,0.5,1.710119160806266,1.5046386892988894
2906,train,2,0,0,1380.0,923.9637886964656,0.0,17.888170177848096,67.62964088165143,-0.2857142857142857,0.5714285714285714,-33.32690614187794,0.5,1.710119160806266,1.5046386892988894
2907,train,2,0,1,360.0,826.5959439754142,-0.47619047619047616,466.7905382312621,52.79882087240736,-0.09523809523809523,-0.28571428571428564,-38.56582238177287,0.5,1.0,1.0
2907,train,1,2,0,60.0,-721.2345837678458,0.23809523809523808,-729.348805537694,-33.21719457489182,-0.2857142857142857,0.28571428571428564,42.090062272568595,0.5,1.0,1.0
2908,test,1,0,1,240.0,-216.23688622068448,0.1,0.0,-77.04397819432802,0.0,0.40000000000000013,0.0,0.5,0.6852962886181778,1.784318908767997
2908,test,1,2,1,-420.0,-1755.563421959297,0.1,0.0,-260.25706692971335,0.0,-0.3999999999999999,0.0,0.5,0.6852962886181778,1.784318908767997
2909,test,0,1,0,0.0,1284.2893867836638,2.0,0.0,0.0,0.0,0.0,0.0,0.5,1.4079003278623317,0.7163407868889093
2909,test,1,2,1,-60.0,-870.217264388376,-1.0,0.0,0.0,0.0,0.0,0.0,0.5,1.4079003278623317,0.7163407868889093
2910,test,1,0,1,-420.0,-148.5570712125159,0.0,-669.2205529357836,0.0,0.0,0.0,0.0,0.5,0.9949769270153663,1.2252205832708827
2910,test,1,2,1,0.0,-14.818486673974348,-1.3333333333333333,-361.7303264976999,0.0,0.0,0.0,0.0,0.5,0.9949769270153663,1.2252205832708827
2911,train,1,0,1,-480.0,-1782.0700385368173,-0.33333333333333337,0.0,0.0,0.0,-0.6666666666666665,0.0,0.5,0.607141353729641,1.80546500423045
2911,train,2,1,0,-300.0,-88.17879400383936,0.6666666666666666,0.0,0.0,0.0,0.6666666666666665,0.0,0.5,0.607141353729641,1.80546500423045
2912,train,0,1,0,60.0,257.9914308717525,0.0,0.0,0.0,0.3333333333333333,0.0,119.25109695267321,0.5,0.5652347683882369,0.677567067489986
2912,train,1,2,1,-420.0,-1821.2718655423405,0.0,0.0,0.0,-0.6666666666666666,0.0,0.0,0.5,0.5652347683882369,0.677567067489986
2913,train,0,2,0,120.0,494.39246641443424,0.0,0.0,0.0,0.0,0.0,0.0,0.5,1.0,1.0
2913,train,1,2,0,480.0,261.34818699800326,0.0,0.0,0.0,0.0,0.0,0.0,0.5,1.0,1.0
2914,test,1,0,1,0.0,146.63044045752986,0.0,-467.1339184949866,0.0,0.0,0.0,0.0,0.5,1.0,1.0
2914,test,1,2,1,-60.0,-577.7898049032547,0.0,-1473.345980699047,0.0,0.0,0.0,0.0,0.5,1.0,1.0
2915,train,0,1,0,480.0,1172.3659039464592,0.0,-52.974546707687296,145.8054486850938,0.0,0.0,-7.516549451882256,0.5,1.0,1.0
2915,train,1,2,1,0.0,939.6575940552425,0.0,451.3236294970392,-153.4677303898236,0.0,0.0,-63.46301390950684,0.5,1.0,1.0
2916,train,1,0,1,-60.0,186.74082455626876,-0.5714285714285714,-3.426964280721304,-4.8481015392787565,0.0,0.0,3.1445299472448713,0.5,0.5143219148597041,0.8276266168522108
2916,train,2,1,0,60.0,326.4401925930697,0.0,35.94170222749788,22.82071267690204,0.0,0.0,-3.2164376445592584,0.5,0.5143219148597041,0.8276266168522108
2917,train,0,2,0,480.0,2839.547601778808,0.0,0.0,0.0,0.0,0.0,0.0,0.5,1.0,1.0
2917,train,2,1,1,120.0,-437.4616325380448,0.0,0.0,0.0,0.0,0.0,0.0,0.5,1.0,1.0
2918,train,2,0,1,-360.0,-719.184599191779,0.0,0.0,0.0,0.0,0.0,0.0,0.5,1.0,1.0
2918,train,1,2,0,900.0,1370.3153739974323,0.0,0.0,0.0,0.0,0.0,0.0,0.5,1.0,1.0
2919,train,1,0,0,240.0,-1069.5190758487315,0.0,0.0,0.0,0.0,0.0,22.99975024602631,0.5,1.5899899955311907,1.4035541953583235
2919,train,2,0,0,240.0,-533.2905452845926,0.0,0.0,0.0,0.6666666666666666,0.0,200.26521500532883,0.5,1.5899899955311907,1.4035541953583235
2920,validation,0,2,0,180.0,-411.9028140034843,0.0,0.0,0.0,0.3333333333333333,0.0,0.0,0.5,1.4035539565770316,1.6263452709123112
2920,validation,2,1,1,480.0,-280.4221397818246,-0.6666666666666666,0.0,0.0,-0.3333333333333333,0.0,0.0,0.5,1.4035539565770316,1.6263452709123112
2921,validation,1,0,1,-780.0,-1547.7936318563275,0.30000000000000004,-463.8928929344568,0.0,0.0,-0.6000000000000001,0.0,0.5,1.0,1.0
2921,validation,2,1,0,180.0,506.2795038388399,-0.20000000000000004,351.1093429300269,0.0,0.2,-0.8999999999999999,0.0,0.5,1.0,1.0
2922,test,0,1,1,0.0,-843.373918145503,0.0,0.0,0.0,0.0,-4.0,0.0,0.5,1.3973862518109899,1.139390270825797
2922,test,0,2,1,-360.0,-1500.6774618444356,0.0,0.0,0.0,0.0,-2.0,0.0,0.5,1.3973862518109899,1.139390270825797
2923,test,1,0,0,360.0,544.6527566275281,0.0,0.0,0.0,0.0,0.0,31.665595081731993,0.5,1.2551735287556343,0.656861231009639
2923,test,0,2,1,-60.0,1442.7186730473486,0.0,0.0,0.0,-0.6666666666666666,0.0,45.97764970621057,0.5,1.2551735287556343,0.656861231009639
2924,test,1,0,0,240.0,125.6761172977267,0.0,-330.0063850316137,0.0,1.0,0.33333333333333326,0.0,0.5,1.9589687717525215,0.9097067925434833
2924,test,0,2,1,-600.0,-432.0111411175003,0.0,575.8082909334682,0.0,0.0,-1.1666666666666667,0.0,0.5,1.9589687717525215,0.9097067925434833
2925,train,0,1,1,-120.0,-779.439685604736,-0.047619047619047616,102.72447586114254,-182.8000911240622,-0.09523809523809523,0.28571428571428603,-84.47196084706081,0.5,1.0051120346826727,0.8170990098537756
2925,train,0,2,1,-720.0,-319.4793250828907,-0.047619047619047616,204.58413725754116,-99.48855752717526,0.09523809523809523,0.28571428571428603,-158.78074572060189,0.5,1.0051120346826727,0.8170990098537756
2926,train,0,2,0,-60.0,-700.6208796890751,0.5333333333333333,-95.99377056849971,94.72521025859086,-0.2,0.0,-17.19427987895529,0.5,1.0,1.0
2926,train,2,1,1,-180.0,-389.74264258316134,0.0,-345.50186572735777,-72.77319993700515,0.2,0.0,2.564228774344862,0.5,1.0,1.0
2927,train,1,0,1,60.0,-332.97102339077446,0.0,-228.02328057631672,0.0,0.5,-0.33333333333333326,0.0,0.5,1.4346376701842747,0.8674490605351771
2927,train,1,2,1,60.0,-71.68082434546614,0.0,-263.0300724167259,0.0,0.5,-3.666666666666666,0.0,0.5,1.4346376701842747,0.8674490605351771
2928,test,1,0,1,420.0,-423.7010255257519,0.0,0.0,0.0,0.0,-2.0,-266.54913568981124,0.5,0.5520191341843845,0.5423555191888102
2928,test,1,2,1,420.0,-316.3458549271627,0.0,0.0,0.0,0.0,-0.6666666666666665,13.225654105889541,0.5,0.5520191341843845,0.5423555191888102
2929,train,0,1,0,0.0,-345.5639255805954,0.0,50.44170921412524,0.0,0.0,0.30000000000000004,0.0,0.5,0.6700422528810517,1.1540666725800581
2929,train,2,1,0,120.0,-2.731872022734933,0.2,50.12129308601712,0.0,0.4,0.0,0.0,0.5,0.6700422528810517,1.1540666725800581
2930,train,1,0,0,0.0,316.86015694752086,4.0,0.0,0.0,0.0,0.0,0.0,0.5,1.1903840681283546,0.6942467525259642
2930,train,2,0,0,60.0,-92.63235285652718,1.0,0.0,0.0,0.0,0.0,0.0,0.5,1.1903840681283546,0.6942467525259642
2931,train,0,1,1,-780.0,-1449.3820522134201,0.0,0.0,0.0,0.0,0.0,0.0,0.5,1.0,1.0
2931,train,2,0,0,180.0,-545.5349438871744,0.0,0.0,0.0,0.0,0.0,0.0,0.5,1.0,1.0
2932,train,0,1,1,0.0,-355.326706822344,-0.2857142857142857,-190.57544881047573,2.2968020816843726,-0.23809523809523808,0.38095238095238093,6.348591622254855,0.5,1.0,1.0
2932,train,0,2,1,-60.0,-132.83155911324138,0.0,-71.64938561982086,-18.97731216262473,-0.47619047619047616,0.0,-4.334014171433585,0.5,1.0,1.0
2933,train,2,0,1,180.0,0.0,-0.23809523809523808,-101.587187818201,29.622303078972053,0.0,0.14285714285714285,-27.14301659153644,0.5,1.226720690494529,1.8499566971405004
2933,train,2,1,1,180.0,-350.78231568743286,0.0,-10.014688128127704,8.54495193661296,-0.19047619047619047,0.047619047619047616,-16.82791024033266,0.5,1.226720690494529,1.8499566971405004
2934,train,0,2,0,300.0,-8.771165700303754,0.0,-93.94636755935335,0.0,0.0,0.0,0.0,0.5,1.1674279775273633,1.1080069717699048
2934,train,1,2,0,240.0,420.05727068936267,0.0,-143.60049760817674,0.0,0.0,-0.5,0.0,0.5,1.1674279775273633,1.1080069717699048
2935,train,1,0,1,660.0,-790.2281883595497,-0.13333333333333336,-482.387693306899,0.0,-0.6666666666666666,-0.40000000000000013,-0.49962826939729155,0.5,0.7655685618109034,0.610509854781928
2935,train,1,2,1,780.0,-261.34408193037507,0.0,-389.3106031493488,0.0,-0.3333333333333333,0.0,72.75549685253944,0.5,0.7655685618109034,0.610509854781928
2936,train,0,2,0,60.0,-230.6094321353321,0.20000000000000007,0.0,-23.573718091389356,0.0,0.6666666666666665,0.0,0.5,1.9249708847608626,1.647887508226737
2936,train,2,1,1,0.0,-702.6320532521513,0.4,0.0,22.88567252601638,0.0,-0.6666666666666665,-12.629530815232378,0.5,1.9249708847608626,1.647887508226737
2937,train,0,2,0,300.0,-419.52458593208576,0.0,0.0,-116.94798753373,0.33333333333333337,1.5,0.0,0.5,1.3473070773880373,1.9794997446645153
2937,train,1,2,0,240.0,-366.7299082890795,0.0,0.0,-114.3947612135798,0.9999999999999999,2.5,0.0,0.5,1.3473070773880373,1.9794997446645153
2938,train,2,0,1,-60.0,-883.9919394533263,0.0,0.0,0.0,0.0,0.0,0.0,0.5,1.0,1.0
2938,train,2,1,1,-60.0,-330.297832535231,0.0,0.0,0.0,0.0,0.0,0.0,0.5,1.0,1.0
2939,train,0,2,0,240.0,-644.6982834399914,-0.6666666666666666,0.0,-210.807612931713,0.0,0.8,197.18312692617792,0.5,1.417450433461139,0.6963444485831669
2939,train,1,2,0,180.0,-436.59424225213843,0.9999999999999999,0.0,-132.08638964512386,0.13333333333333336,1.4000000000000004,60.780832106302626,0.5,1.417450433461139,0.6963444485831669
2940,train,1,0,0,120.0,-607.1803132248069,0.09523809523809523,220.3047917298014,165.7257776502541,0.0,-0.2857142857142857,4.230400433401925,0.5,1.0,1.0
2940,train,2,0,0,-120.0,-1006.2076134936456,0.0,115.44199013378491,48.83025856377351,0.0,-0.14285714285714285,-87.59613684205723,0.5,1.0,1.0
2941,train,1,0,0,-480.0,-726.2703205538555,0.0,0.0,0.0,0.0,0.0,0.0,0.5,1.0,1.0
2941,train,0,2,1,120.0,-1085.3326128518738,0.0,0.0,0.0,0.0,0.0,0.0,0.5,1.0,1.0
2942,train,0,2,0,240.0,11.840597773627906,0.0,0.0,-115.44403194940185,0.0,0.0,0.0,0.5,1.2419333781811062,1.208706524621887
2942,train,2,1,1,-300.0,-926.248153447063,0.0,0.0,-1187.0830561605335,0.0,0.0,0.0,0.5,1.2419333781811062,1.208706524621887
2943,train,0,1,0,0.0,165.49656066080888,0.0,80.4417781543866,0.0,0.0,-0.1333333333333333,-13.230801617842271,0.5,1.0,1.0
2943,train,2,1,0,60.0,-142.4152121777106,0.0,472.9939290722984,0.0,0.0,-0.39999999999999997,23.40509566838022,0.5,1.0,1.0
2944,train,0,1,1,-180.0,-937.8207877692039,0.0,0.0,0.0,0.0,0.0,0.0,0.5,1.0,1.0
2944,train,0,2,1,0.0,-1021.4552197756029,0.0,0.0,0.0,0.0,0.0,0.0,0.5,1.0,1.0
2945,train,0,1,1,180.0,510.29591030221127,-0.3333333333333333,37.95860494934743,-106.84937245070398,0.0,-0.3999999999999999,6.210426898073955,0.5,1.2532823998844742,1.2134834688567884
2945,train,2,0,0,60.0,93.49911355996119,0.3333333333333333,-86.50516450487842,292.5536186033588,0.0,0.19999999999999996,-33.81525438738904,0.5,1.2532823998844742,1.2134834688567884
2946,train,0,2,0,0.0,37.459110131227135,0.0,0.0,187.65786745291945,0.0,1.3333333333333333,0.0,0.5,0.8899780879188753,1.186141333721204
2946,train,1,2,0,-60.0,-238.38581056583234,0.0,0.0,92.86207897784827,0.0,1.3333333333333333,0.0,0.5,0.8899780879188753,1.186141333721204
2947,train,2,0,1,-240.0,60.2174671640887,-0.5,0.0,-177.35274208697837,0.0,-0.6666666666666666,0.0,0.5,1.3129765447276274,1.2297008807743557
2947,train,1,2,0,180.0,-284.0327051844588,0.0,0.0,37.305274088608826,0.0,0.33333333333333337,0.0,0.5,1.3129765447276274,1.2297008807743557
2948,train,1,0,0,0.0,-292.16679208579126,0.0,-406.52101476850834,0.0,0.3333333333333333,0.0,0.0,0.5,1.0,1.0
2948,train,0,2,1,-300.0,-494.0961048188392,0.0,-427.2409355719243,0.0,0.0,0.0,0.0,0.5,1.0,1.0
2949,test,0,2,0,540.0,3471.616212152142,-0.5,868.4620880312507,0.0,0.0,0.0,6.661737362388626,0.5,1.24417750563922,1.024519833097321
2949,test,2,1,1,-60.0,-1107.8424017623802,0.5,-570.1697990017367,0.0,0.0,0.0,-92.76326030407151,0.5,1.24417750563922,1.024519833097321
2950,train,0,1,0,-60.0,-25.236946543489466,0.0,-78.25990459028714,0.0,1.6,0.30000000000000004,-125.22410158665885,0.5,1.6892319335412445,0.5753615481922554
2950,train,2,1,0,0.0,1123.1247558010864,0.0,30.56058138845603,0.0,0.8,1.2,-25.536839389711503,0.5,1.6892319335412445,0.5753615481922554
2951,validation,0,1,0,240.0,11.792862180894645,0.0,0.0,0.0,0.0,0.0,0.0,0.5,1.0288049293033352,1.6947926304941188
2951,validation,2,1,0,240.0,371.746169066922,0.0,0.0,0.0,0.0,6.0,0.0,0.5,1.0288049293033352,1.6947926304941188
2952,test,0,1,0,-360.0,897.9721180663237,-0.3,2.690865243271361,73.93535556389874,0.0,1.6000000000000003,0.0,0.5,1.5004205229083882,1.0569399674471796
2952,test,2,1,0,-480.0,-315.2704089613326,0.5999999999999999,124.94425775667577,63.46492917528842,0.0,2.0,0.0,0.5,1.5004205229083882,1.0569399674471796
2953,train,2,0,1,-600.0,-1364.4568436941572,0.2,0.0,-528.5343849511778,0.0,0.4000000000000001,0.0,0.5,1.2211780224492406,1.0646447228001927
2953,train,2,1,1,180.0,698.046273340824,0.2,0.0,109.46717282566141,0.0,-0.09999999999999998,0.0,0.5,1.2211780224492406,1.0646447228001927
2954,train,1,0,1,180.0,1460.942474434938,0.0,163.73745009094077,-70.406446419977,0.0,0.19047619047619047,-140.69807095237059,0.5,1.91825389651757,0.5372329304688206
2954,train,1,2,1,240.0,354.77009446602733,-0.2857142857142857,148.40656693558185,-98.83949117997695,-0.47619047619047616,0.09523809523809523,-120.56712803822407,0.5,1.91825389651757,0.5372329304688206
2955,test,0,1,1,-60.0,-954.4980898487238,0.0,-29.38780341583606,0.0,0.0,-0.6,-13.55480910853985,0.5,1.0,1.0
2955,test,0,2,1,-180.0,-904.3295869276999,0.2,119.77725024716938,0.0,0.0,-0.29999999999999993,-35.41454232979209,0.5,1.0,1.0
2956,train,2,0,1,-240.0,1194.215390598305,0.0,0.0,0.0,-1.0,0.0,0.0,0.5,0.797688055153048,0.9253729968383045
2956,train,2,1,1,-480.0,238.86036099920602,0.0,0.0,0.0,-1.0,0.0,0.0,0.5,0.797688055153048,0.9253729968383045
2957,train,0,2,0,180.0,750.7527161920548,0.0,0.0,0.0,0.0,0.0,-45.71377304575388,0.5,1.8760633512392066,0.5034688532596191
2957,train,2,1,1,-60.0,-1168.5276575593593,0.0,0.0,0.0,0.0,0.0,157.73813761690377,0.5,1.8760633512392066,0.5034688532596191
2958,train,1,0,1,60.0,-1062.8409603733853,0.0,0.0,-546.8810619706392,0.0,0.0,0.0,0.5,1.3202059676490125,0.7403055880290232
2958,train,2,1,0,420.0,1442.217765926389,0.0,0.0,122.91874687235475,0.0,0.0,0.0,0.5,1.3202059676490125,0.7403055880290232
2959,train,1,0,1,60.0,18.128474232770714,0.0,0.0,0.0,0.0,-1.9999999999999996,8.96816885277218,0.5,0.8227208980260313,1.6438895231847612
2959,train,2,1,0,300.0,366.1108130084717,0.0,0.0,0.0,0.0,1.9999999999999996,-99.72235305936034,0.5,0.8227208980260313,1.6438895231847612
2960,validation,0,2,0,180.0,-77.38852955797847,0.3333333333333333,0.0,-69.24507861505302,0.0,0.0,0.0,0.5,0.6287587065631475,0.5343604818963222
2960,validation,1,2,0,60.0,-408.33491806769825,0.0,0.0,344.67528964142446,0.0,0.0,0.0,0.5,0.6287587065631475,0.5343604818963222
2961,train,1,0,0,-240.0,-951.6492234009329,0.0,0.0,0.0,0.0,0.0,0.0,0.5,1.0,1.0
2961,train,0,2,1,360.0,1448.875982726151,0.0,0.0,0.0,0.0,0.0,0.0,0.5,1.0,1.0
2962,train,1,0,1,180.0,-495.4682128454656,0.0,-845.1891251089289,0.0,0.0,0.0,0.0,0.5,1.0,1.0
2962,train,2,1,0,-180.0,2.3557244032958806,0.3333333333333333,742.7054535666757,0.0,0.0,0.0,0.0,0.5,1.0,1.0
2963,test,1,0,1,-960.0,-2440.7050709458226,0.0,-1103.940493884636,8.835134136217079,0.0,0.0,0.0,0.5,1.0,1.0
2963,test,2,1,0,0.0,1099.704367797608,0.0,-433.6814129694594,452.7608634474768,0.0,0.0,0.0,0.5,1.0,1.0
2964,train,2,0,1,0.0,-1157.3310192112394,0.0,0.0,0.0,0.0,0.0,0.0,0.5,0.7170031945244829,0.6712183487928123
2964,train,1,2,0,360.0,1033.061077485132,0.0,0.0,0.0,-1.0,0.0,0.0,0.5,0.7170031945244829,0.6712183487928123
2965,train,2,0,1,-480.0,-362.1623500415408,-0.3333333333333333,0.0,0.0,0.0,0.33333333333333326,-102.79027871162015,0.5,1.600187542610345,1.4484716708790557
2965,train,1,2,0,300.0,1016.6874308881961,0.3333333333333333,0.0,0.0,0.0,0.6666666666666667,174.62004242687908,0.5,1.600187542610345,1.4484716708790557
2966,validation,1,0,1,-1440.0,-1506.1078588798791,-0.2,159.06335683731476,-64.80912698286369,0.6666666666666666,-0.5333333333333337,0.0,0.5,0.8611166876164724,1.1696255750943687
2966,validation,1,2,1,-1020.0,391.19662294680165,-0.13333333333333333,-263.8038445479973,40.71346521294686,0.0,0.0,0.0,0.5,0.8611166876164724,1.1696255750943687
2967,train,0,1,1,-120.0,-1709.8545629378232,0.0,0.0,-154.83360957466937,-0.2,0.8,-57.35871064706759,0.5,1.1663400899737173,0.887722910147325
2967,train,0,2,1,0.0,111.10787036750389,0.0,0.0,-421.1213335478931,-0.06666666666666667,1.2000000000000002,-4.617202082635449,0.5,1.1663400899737173,0.887722910147325
2968,train,0,1,0,-240.0,-212.746891642606,0.0,0.0,0.0,0.0,0.0,0.0,0.5,1.0,1.0
2968,train,1,2,1,660.0,912.5001878781623,0.0,0.0,0.0,0.0,0.0,0.0,0.5,1.0,1.0
2969,train,0,1,1,-300.0,1439.1471239625726,0.19047619047619047,-221.34407861343948,47.40380093568734,0.0,-0.2857142857142856,22.24912710870845,0.5,1.2218050380386705,1.4082688235618472
2969,train,2,0,0,120.0,46.50948085609525,0.0,395.7928421547249,-26.218513073974748,-0.23809523809523808,-0.5714285714285716,-30.643480787589066,0.5,1.2218050380386705,1.4082688235618472
2970,train,0,1,0,120.0,265.3064818630053,0.0,-84.26606172084405,-17.025826593418458,0.0,0.0,30.473594953164707,0.5,0.6741116808022722,0.7519458026865743
2970,train,2,1,0,0.0,-65.37934151549985,0.0,21.50364037267778,-8.160228378050874,0.0,0.06666666666666667,-0.08717245535400009,0.5,0.6741116808022722,0.7519458026865743
2971,train,0,2,0,60.0,-217.02543184941442,0.0,168.3107264391962,101.00363256865853,0.0,-0.2857142857142857,-55.86042312463364,0.5,1.601524187313206,1.4872524389636055
2971,train,1,2,0,180.0,-67.77020154860566,-0.047619047619047616,707.9996644759743,127.80074968221155,0.0,0.09523809523809523,-78.05512928067989,0.5,1.601524187313206,1.4872524389636055
2972,test,0,2,0,120.0,241.71173256865086,-0.2,14.74340151122344,0.0,-0.06666666666666667,0.0,93.0032018473955,0.5,1.1489216796713426,0.6799260891656062
2972,test,1,2,0,0.0,-123.88737642163642,0.2,-15.691462224153994,0.0,0.0,-0.5333333333333333,42.96973815748917,0.5,1.1489216796713426,0.6799260891656062
2973,test,1,0,0,-120.0,-165.89408921265067,1.2000000000000002,-42.070046152548684,0.0,0.0,0.6000000000000001,32.02722591109801,0.5,0.9732822874734893,1.1841557940597578
2973,test,2,0,0,-120.0,-858.0974978203785,0.8000000000000002,-115.61827152416527,0.0,0.0,0.0,-8.050121866310352,0.5,0.9732822874734893,1.1841557940597578
2974,validation,1,0,0,-60.0,443.17915851390717,0.5,-211.92335963495907,0.0,0.0,0.9999999999999999,0.0,0.5,0.564894702899832,0.9085987560927152
2974,validation,0,2,1,-120.0,-744.5576164671447,0.0,-52.054180450857075,0.0,0.0,-1.6666666666666665,0.0,0.5,0.564894702899832,0.9085987560927152
2975,train,1,0,1,180.0,-539.8201953318039,0.0,0.0,0.0,0.0,0.0,0.0,0.5,1.0,1.0
2975,train,1,2,1,-660.0,-1283.7704513369536,0.0,0.0,0.0,0.0,0.0,0.0,0.5,1.0,1.0
2976,train,1,0,0,120.0,57.622274798875424,0.0,0.0,0.0,0.0,0.0,0.0,0.5,1.0,1.0
2976,train,2,0,0,180.0,503.0530268113562,0.0,0.0,0.0,0.0,0.0,0.0,0.5,1.0,1.0
2977,train,0,1,1,-180.0,376.7863590257748,-0.19047619047619047,-343.49087687653366,-11.863371225145187,-0.047619047619047616,-0.28571428571428564,-29.18986671552037,0.5,1.0,1.0
2977,train,2,0,0,120.0,-606.8008907757667,0.0,-234.45733766011745,-69.11876368014629,0.0,0.42857142857142855,46.77275623129969,0.5,1.0,1.0
2978,train,1,0,0,720.0,1231.1810860134706,-1.0,0.0,0.0,0.0,0.0,0.0,0.5,1.5815829315731527,1.7476645594626072
2978,train,2,0,0,-60.0,931.0581636437414,2.0,0.0,0.0,0.0,0.0,0.0,0.5,1.5815829315731527,1.7476645594626072
2979,validation,0,1,1,-120.0,509.28979468598664,0.0,0.0,0.0,-1.0,0.0,0.0,0.5,1.9489623183599778,1.9666435990188
2979,validation,0,2,1,-180.0,-477.72716585484386,0.0,0.0,0.0,-1.0,0.0,0.0,0.5,1.9489623183599778,1.9666435990188
2980,train,1,0,1,0.0,-611.442076321794,-1.0,0.0,0.0,0.0,0.0,111.45017460122648,0.5,1.9023761185783468,1.0512208623916128
2980,train,1,2,1,300.0,-43.16809035735423,-0.3333333333333333,0.0,0.0,0.0,0.0,-37.0553223826704,0.5,1.9023761185783468,1.0512208623916128
2981,validation,2,0,1,-180.0,-468.641658652542,0.0,30.83720917906203,26.6416186661036,0.0,-0.10000000000000003,0.0,0.5,1.177148648478041,0.8129866941564414
2981,validation,2,1,1,-300.0,-1045.4486262465812,0.0,-216.54261803689906,-17.562577310183087,0.0,0.0,0.0,0.5,1.177148648478041,0.8129866941564414
2982,train,1,0,0,0.0,-65.08692314535574,0.0,132.51715462077675,-10.235826925611054,0.26666666666666666,0.0,65.55396526925503,0.5,0.7821363266646355,1.6653967117156205
2982,train,0,2,1,-240.0,70.06837704622603,-0.06666666666666667,-99.05870253377266,10.178961718361014,0.0,0.0,-16.75046132567899,0.5,0.7821363266646355,1.6653967117156205
2983,train,1,0,1,-240.0,-1456.0882740359102,0.0,0.0,0.0,0.0,0.0,0.0,0.5,1.0,1.0
2983,train,1,2,1,-420.0,-1957.108619137307,0.0,0.0,0.0,0.0,0.0,0.0,0.5,1.0,1.0
2984,train,0,2,0,-60.0,-894.4269757619495,0.0,33.09596736631573,0.0,0.0,0.33333333333333326,245.17989454674313,0.5,0.6344930175288663,1.4127824985836885
2984,train,1,2,0,-60.0,-564.4035463653695,0.0,-125.683489920642,0.0,0.0,1.0,199.1223812576071,0.5,0.6344930175288663,1.4127824985836885
2985,train,2,0,1,-660.0,-3271.762051263614,-0.13333333333333333,0.0,-624.6136542909874,0.0,-2.1333333333333333,-5.081188930738211,0.5,0.5704183235423562,1.8607642214533793
2985,train,2,1,1,-1080.0,-4212.811256776656,-0.5333333333333333,0.0,222.98441667568875,-0.6000000000000001,-2.4,24.925371349663468,0.5,0.5704183235423562,1.8607642214533793
2986,train,1,0,0,60.0,387.8178174499635,0.0,0.0,0.0,0.0,0.0,0.0,0.5,1.0,1.0
2986,train,2,0,0,0.0,-548.7370454015454,0.0,0.0,0.0,0.0,0.0,0.0,0.5,1.0,1.0
2987,train,0,2,0,300.0,-237.68360592209228,0.0,0.0,12.51283953473012,0.0,0.0,0.0,0.5,0.9329813303191984,0.7642853146203827
2987,train,1,2,0,-60.0,-1101.9413147468508,0.0,0.0,-198.9639547519244,0.16666666666666666,0.0,0.0,0.5,0.9329813303191984,0.7642853146203827
2988,train,1,0,0,240.0,3963.3086182136176,1.6666666666666665,-31.715321566934165,580.6573897369356,-0.14285714285714285,-0.09523809523809512,138.1116889121759,0.5,0.6397403182356908,1.419980665938367
2988,train,2,0,0,-600.0,1292.0342315225735,0.7142857142857142,94.35475300008409,273.3492548550281,-0.23809523809523808,-0.19047619047619035,61.7756577743171,0.5,0.6397403182356908,1.419980665938367
2989,train,1,0,0,120.0,-363.9071899871533,0.0,0.0,0.0,0.0,0.16666666666666666,-22.30699432390493,0.5,1.6209099174494146,0.72788349365434
2989,train,2,0,0,0.0,257.1525008116323,0.0,0.0,0.0,1.0,0.5,-2.8114715550995726,0.5,1.6209099174494146,0.72788349365434
2990,train,0,2,0,120.0,42.33341430236874,0.2,19.31817485199703,-3.2985782579774963,0.0,0.0,0.0,0.5,0.5042158517835814,1.940377185506931
2990,train,2,1,1,0.0,116.67836598592703,0.0,-189.07816080176167,-43.1233315535314,-0.8,0.0,0.0,0.5,0.5042158517835814,1.940377185506931
2991,train,1,0,0,-660.0,2082.4200209425962,-0.14285714285714285,655.5671601271239,379.9503576471808,0.5714285714285714,0.5714285714285713,-334.1419900223936,0.5,0.8615207635686075,0.6389408973550379
2991,train,2,0,0,-180.0,545.9470113196548,-0.09523809523809523,1110.735072962113,363.33645480314624,-0.2857142857142857,0.38095238095238104,-108.26111678481948,0.5,0.8615207635686075,0.6389408973550379
2992,train,2,0,1,120.0,-177.0438595036212,0.0,0.0,0.0,0.0,0.0,0.0,0.5,1.0,1.0
2992,train,1,2,0,0.0,510.7901012001994,0.0,0.0,0.0,0.0,0.0,0.0,0.5,1.0,1.0
2993,validation,1,0,1,-780.0,-2454.552437782423,0.0,0.0,0.0,0.0,0.0,0.0,0.5,1.0,1.0
2993,validation,1,2,1,120.0,-307.8452808927118,0.0,0.0,0.0,0.0,0.0,0.0,0.5,1.0,1.0
2994,train,1,0,1,-60.0,263.1813415785482,0.0,-57.005351966988606,0.0,0.0,0.0,0.0,0.5,1.5616297164460324,0.8109556647596061
2994,train,2,1,0,240.0,-99.92089192618005,1.0,351.9748693580515,0.0,0.0,1.3333333333333335,0.0,0.5,1.5616297164460324,0.8109556647596061
2995,train,0,1,1,180.0,1391.022505817471,0.0,0.0,-135.956003115354,0.0,0.4999999999999999,0.0,0.5,1.418568211496282,1.114489476860893
2995,train,0,2,1,-180.0,757.0740716648925,-1.0,0.0,-126.38834200955186,0.0,0.4999999999999999,0.0,0.5,1.418568211496282,1.114489476860893
2996,train,0,2,0,120.0,674.1075815818967,0.0,0.0,44.99558773236885,0.3333333333333333,0.0,23.465851178776376,0.5,1.9559853685677873,1.0342002837299131
2996,train,1,2,0,120.0,658.4556397315073,0.0,0.0,50.53457120006614,0.0,0.0,-46.1348101804944,0.5,1.9559853685677873,1.0342002837299131
2997,train,0,1,0,-120.0,132.74221372220472,0.0,0.0,0.0,0.0,0.0,0.0,0.5,1.0,1.0
2997,train,2,1,0,300.0,840.7434361599835,0.0,0.0,0.0,0.0,0.0,0.0,0.5,1.0,1.0
2998,train,0,1,1,-60.0,-1166.0405546244401,0.5999999999999999,401.8253563879165,130.5380260400763,0.0,0.0,-195.3854621587074,0.5,0.5071123297164181,0.6348552675751433
2998,train,0,2,1,240.0,1237.1731940441086,0.5999999999999999,-53.88029862755229,165.47797577769933,0.0,0.0,-64.28661235070403,0.5,0.5071123297164181,0.6348552675751433
2999,train,0,1,1,-60.0,78.99425229215512,0.0,0.0,-238.464207328545,0.0,0.0,0.0,0.5,1.4972338989871241,1.3470140524222372
2999,train,2,0,0,120.0,-419.77947942982155,0.0,0.0,355.08768775620007,0.0,0.0,0.0,0.5,1.4972338989871241,1.3470140524222372
