search_id,split,a,b,y,time_diff,distance_diff,intersection_weighted_diff,merge_weighted_diff,narrow_weighted_diff,turn_weighted_diff,consecutive_weighted_diff,child_100m_weighted_diff
0,train,2,0,1,17.19415660562038,-201.21409044804886,-0.0,0.0,-0.0,-0.0,-0.0,0.0
0,train,1,2,0,184.67626813028465,52.64692147391497,-0.0,-0.0,-0.0,0.0,0.0,0.0
1,train,2,0,1,-77.0785652538442,-724.9182547179762,0.3333333333333333,172.9783338807144,-124.76548716779412,0.0,-0.0,23.56936479494987
1,train,2,1,1,45.71625368195794,-703.2568026511053,0.0,200.93269564681555,-402.58545851322464,0.0,0.0,4.069249091899269
2,train,1,0,1,-60.96813789157454,-887.7818630802817,-0.0,0.0,-0.0,0.0,-0.0,-0.0
2,train,2,1,0,-155.784317067602,131.71536230730635,0.0,-0.0,0.0,0.0,0.0,0.0
3,train,1,0,0,71.01509164413937,277.50159435326304,0.0,224.92428164949817,0.0,-0.4,0.1,5.081461412310939
3,train,0,2,1,-95.33248172171193,-893.7628213352186,-0.0,-115.56528625712113,-0.0,0.4,-0.2,-154.8332001880413
4,train,0,1,0,-196.51508854095778,-299.2428169038958,0.2,308.9209290784656,-0.0,0.2,-0.4,0.0
4,train,1,2,1,-161.3632499452392,-679.4026881300306,-0.4,-113.60561658834568,0.0,-0.1,-1.2000000000000002,0.0
5,train,0,1,0,-8.667774078845241,620.3915383020958,-0.26666666666666666,-0.0,124.23434590675161,0.3333333333333333,-0.26666666666666666,2.808839119131767
5,train,2,1,0,238.15404428183098,721.7678116404677,-0.13333333333333333,0.0,-32.06463912338821,0.0,0.8,0.5669868035480932
6,validation,0,2,0,-48.6140223884712,194.0812104638444,0.0,195.758393506699,-0.0,-0.13333333333333333,2.0,4.92738653397023
6,validation,1,2,0,164.0061807466933,195.39187597836963,0.2,143.57863967065063,0.0,-0.13333333333333333,0.6666666666666666,-40.911028291866046
7,train,1,0,0,199.58778548947043,581.5796562542687,0.3333333333333333,-0.0,-138.36683198699455,0.0,-0.0,0.0
7,train,2,0,0,266.43315983682385,1024.6960320050225,0.0,-0.0,220.85888315150225,-0.0,0.0,0.0
8,train,2,0,1,47.47418572883373,-582.1917951287355,0.0,0.0,-56.423361117111156,-0.0,0.0,0.0
8,train,2,1,1,-125.04798731763037,-1459.2324764683935,-0.3333333333333333,-0.0,-166.72030235716772,0.0,0.5,-0.0
9,train,2,0,1,-124.00595921172567,827.0327084060727,0.0,-378.55219336247075,-1004.6431512765762,0.0,-0.0,-0.0
9,train,2,1,1,-39.77131554355992,921.4757152219372,0.0,-263.274812401146,-520.8454529647994,0.0,0.0,0.0
10,validation,0,2,0,-177.3544486934536,-27.26016108639851,-0.0,0.0,0.0,1.0,0.0,0.0
10,validation,2,1,1,-102.23053867425887,-930.5337697182481,0.0,-0.0,-0.0,-1.0,-0.0,-0.0
11,train,0,1,0,-68.3049242787053,1.9336686127635403,0.0,-0.0,-260.71530285710963,0.6666666666666666,0.0,0.0
11,train,1,2,1,-53.663377263892244,-480.16073915445577,0.0,0.0,-132.20729585540101,-0.6666666666666666,-0.0,-35.400153605284586
12,train,0,1,1,-182.441653820848,-732.3444107037772,-0.06666666666666667,-5.008232902905547,26.2647096155784,-0.26666666666666666,0.0,44.82188676440906
12,train,0,2,1,-162.8750635766694,-665.5953199890391,-0.2,44.12224783652133,22.58617349506488,0.0,-0.0,12.823833429609227
13,train,2,0,1,-50.160318519557165,-146.33939687608336,-0.23809523809523808,62.041090870966656,95.95028935169614,0.14285714285714285,-0.047619047619047616,-169.96256664124022
13,train,1,2,0,-139.2991601876888,-637.6080883018121,0.23809523809523808,-70.08577672597991,-80.84320843145333,0.14285714285714285,-0.047619047619047616,84.76100022573237
14,train,1,0,1,-304.3336260380197,736.6537444086657,0.0,-61.359577205172414,-0.0,0.0,0.0,-123.51625820284875
14,train,1,2,1,-257.6336472437896,71.10706588521407,0.0,-78.80918932702568,-0.0,0.3333333333333333,0.0,-174.14792428202037
15,validation,0,1,1,69.52778273554452,236.06172523078476,-0.0,-0.0,0.0,0.0,0.0,1.079626018059154
15,validation,2,0,0,-5.498980358654762,-68.99209358059488,0.0,0.0,-0.0,0.3333333333333333,-0.0,301.6030783999015
16,validation,1,0,0,83.72840505971897,637.4816305481481,0.0,134.70035331468534,0.0,0.16666666666666666,0.0,30.08031264757323
16,validation,2,0,0,41.60006380555882,1111.0914091399413,0.0,-56.90077039637473,0.0,0.0,0.0,202.59253305390115
17,validation,0,1,1,144.42727994749447,-111.12279428480315,0.0,0.0,-0.0,0.0,0.0,0.0
17,validation,2,0,0,160.66675851997138,859.1958195589864,-0.0,-0.0,-0.0,0.0,0.0,0.0
18,train,0,2,0,-344.7476719166815,-1555.495273710399,0.047619047619047616,377.8267959010396,34.93613026979715,-0.09523809523809523,0.0,27.481359486915963
18,train,2,1,1,35.974340852753244,218.6376993903923,-0.047619047619047616,-336.0157547607192,-66.65395425699093,-0.19047619047619047,0.0,-49.4141490848916
19,train,0,1,0,-370.87595578321736,-1289.9525350060667,-0.0,0.0,-0.0,0.0,-0.0,0.0
19,train,1,2,1,254.7291097025527,517.2286805534231,-0.0,0.0,0.0,-1.0,0.0,-0.0
20,train,0,2,0,491.0263768232652,1444.081653319994,-0.0,486.04681360346,222.50368342930284,0.0,0.4,-9.633681455402906
20,train,2,1,1,-283.02889748507596,-1537.0244046330718,0.0,394.6212156467371,-166.92981606970807,-0.0,-1.0,24.470876471385793
21,train,2,0,1,-37.04722896733986,-180.9447750146444,0.0,-8.219901750534632,79.0492940414706,-0.3,-0.0,3.3095679164211766
21,train,1,2,0,94.40555066834375,0.0,-0.0,6.5143898231411415,-249.69013877882742,0.0,-0.0,52.46288486870757
22,train,2,0,1,-178.76878321439324,-317.2683332818651,0.06666666666666667,-327.67847418607647,-56.02622697392159,0.0,-1.3333333333333333,-0.0
22,train,2,1,1,-246.36086130990986,-1216.113885531594,-0.13333333333333333,-201.82591884331433,125.09918824201284,-0.13333333333333333,-0.8,0.0
23,train,0,2,0,-258.8763834332801,-800.4401209262469,0.0,0.0,0.0,0.0,-0.0,-0.0
23,train,2,1,1,287.1844844679687,635.8637460297091,-0.0,-0.0,-0.0,0.0,-0.0,-0.0
24,train,1,0,0,-405.34672130331035,-1176.388375313768,-0.0,1.0915604205003242,31.225330666477582,-0.13333333333333333,1.0,-11.566102661889037
24,train,2,0,0,85.32180042491814,4.128814879431047,-0.0,-255.17955602047826,60.272595039940036,0.0,1.2000000000000002,-15.192171552108915
25,train,0,2,0,241.1887332406102,2879.700031824059,-0.3333333333333333,0.0,0.0,0.0,0.5,82.40302696287588
25,train,2,1,1,-34.98539302581207,-920.7207116793807,0.5,0.0,0.0,-0.0,-3.0,-74.41355564029548
26,train,1,0,1,-49.9762926983974,349.87134295468786,0.0,-81.03071787862962,-0.0,-0.8,0.6,76.67920712699633
26,train,1,2,1,200.78713144538165,566.818178566893,0.0,-12.17863314926715,-0.0,-1.6,0.3,110.6553319919327
27,train,2,0,1,-138.96950054337788,-237.26999233734205,-0.0,-0.0,-0.0,0.0,-0.0,0.0
27,train,1,2,0,84.79248199849286,-439.6433230845496,0.0,-0.0,0.0,0.0,-0.0,-0.0
28,train,0,1,0,137.76644635796606,-2710.0117735307067,-0.0,-0.0,-0.0,0.0,-0.0,0.0
28,train,1,2,1,-267.8379733776651,306.4291766225306,0.0,-0.0,-0.0,-0.0,-0.0,-0.0
29,validation,1,0,1,24.076562480228915,-1019.3385398675896,-0.0,-0.0,0.0,-0.0,-0.0,-0.0
29,validation,2,1,0,-73.92899388469147,1165.9564443943664,0.0,0.0,-0.0,0.0,0.0,0.0
30,train,1,0,0,-122.33315633549904,753.1142037725394,-0.2,-0.0,-77.70559127009147,0.0,1.7999999999999998,-91.701972837842
30,train,0,2,1,113.05837529653877,-439.30887351187994,0.0,0.0,40.13683426814271,0.0,-0.6,-21.667031418782383
31,test,2,0,1,33.172146316022804,-1143.0471109461278,0.0,-0.0,-0.0,0.0,-6.0,-0.0
31,test,2,1,1,-71.540353887131,-1885.4423069214836,0.0,-0.0,-0.0,-0.0,-4.0,-0.0
32,train,0,1,0,-150.9238690482594,-175.60243734384449,0.0,-0.0,206.80653328261738,1.0,0.3333333333333333,-0.0
32,train,2,1,0,332.49596636376054,685.397234967968,0.0,0.0,61.01327046915539,0.5,0.3333333333333333,0.0
33,train,0,1,1,-180.26281159583039,-1351.5893136180957,0.0,-0.0,-0.0,0.0,-0.0,0.0
33,train,0,2,1,-51.139859657743614,-1072.2513206636177,0.0,-0.0,0.0,-0.0,0.0,-0.0
34,train,0,2,0,135.9312624495584,82.12013747305718,-0.0,34.54205873949015,-0.0,0.0,1.2000000000000002,36.809975190672695
34,train,2,1,1,-55.524160283865456,74.19356647179984,0.0,-199.59908417930762,-0.0,-0.1,0.0,-3.17565889638268
35,train,0,1,0,296.9951210333528,447.4421227537505,0.0,-13.180343381220197,-22.510855289794918,0.0,0.0,30.068120971488874
35,train,1,2,1,-428.6429295909918,1320.8241396347858,-0.2857142857142857,35.21985874377281,-52.18844760358659,0.0,0.47619047619047616,-7.5677828790414035
36,validation,1,0,0,-159.43769290240232,-10.436353717326256,0.0,0.0,-0.0,1.0,-0.0,-0.0
36,validation,2,0,0,-232.16869412452445,-623.8328647308826,0.0,-0.0,0.0,1.0,0.0,-0.0
37,train,0,1,0,81.00845944825744,679.8925102581525,0.4,129.39372113263184,10.490965644367089,0.1,0.0,0.0
37,train,2,1,0,-115.641187483909,235.17295077735525,0.8,322.81524834825046,68.35402370562505,0.1,-0.0,0.0
38,train,0,1,1,172.43834367195677,-3.5205489010459132,0.0,3.438396639936082,-21.687436242362992,-0.3,0.0,-136.7836997023217
38,train,2,0,0,-213.23661814716468,-145.54599659296582,-0.0,-101.89266788653737,-74.67768692924666,0.6,0.0,101.6177453478067
39,test,1,0,1,-692.8318191875796,17.7979208939787,-1.0,25.03407321439945,-40.08151164230672,-0.6000000000000001,1.0666666666666667,-0.0
39,test,1,2,1,-416.93988336991197,770.2667229499611,0.0,-233.2018777806334,-18.0507084514448,0.0,0.5333333333333333,-0.0
40,train,2,0,1,-758.6358334711354,-5059.905008378591,-0.0,-0.0,-0.0,-0.0,-0.0,-0.0
40,train,1,2,0,399.09884334200615,1448.8026161616153,0.0,0.0,0.0,0.0,0.0,-0.0
41,train,0,1,1,331.02452958373885,-60.26525012305456,-0.5,-0.0,0.0,0.0,0.6666666666666666,-56.963691607558054
41,train,0,2,1,122.78184657933343,-619.9075783525577,0.5,0.0,-0.0,-0.0,0.3333333333333333,-159.17464495638353
42,test,1,0,1,-48.95198387759865,1220.812305542598,0.0,-0.0,-155.46186393519508,0.0,0.0,-264.21570669951666
42,test,2,1,0,272.65803685330366,-897.8364789595962,0.0,0.0,181.45720894394097,0.0,0.0,116.6493511938624
43,train,1,0,1,-98.20638569611737,217.0781240322449,0.0,-189.09259515640554,0.0,0.0,-0.0,-52.02888348709345
43,train,2,1,0,288.9098308639307,740.1263475213495,0.3333333333333333,146.46822307069033,0.0,0.0,0.0,96.20658224342748
44,train,0,2,0,209.5577820623202,1457.7801355520105,0.3333333333333333,-33.05935112175749,228.96837912927646,0.13333333333333333,0.8,-0.0
44,train,1,2,0,245.74024516349738,662.6258055933326,-0.6666666666666666,83.89146423762129,-19.247780348114436,0.0,1.2000000000000002,-0.0
45,train,0,1,0,-273.5766747482344,-765.5626091552249,0.0,0.0,-0.0,0.3333333333333333,0.0,0.0
45,train,1,2,1,-365.1333721380107,352.60895689234894,0.0,-0.0,0.0,-0.5,-1.0,-0.0
46,train,0,1,0,34.74920351441534,287.6797678155817,0.0,0.0,-0.0,0.0,0.0,0.0
46,train,2,1,0,456.4497600700366,1029.075434548212,0.0,0.0,-0.0,0.0,0.0,0.0
47,train,1,0,0,52.75418989255837,593.0655244254262,-0.0,-0.0,-0.0,0.3333333333333333,0.0,20.56129671710579
47,train,2,0,0,-35.98442689768541,423.80774897201036,-0.0,-0.0,-0.0,0.0,0.0,-18.220164079329358
48,train,0,2,0,356.58797415326774,2004.3261382947207,-0.0,244.63432669241513,30.36094383126812,0.0,0.4,-11.77258240686657
48,train,1,2,0,-77.129986629467,-16.04787219655418,-0.0,5.721793730965192,187.11031599864663,0.0,2.0,-6.528875220044774
49,train,2,0,1,218.10886032280217,-587.8612177044242,0.0,0.0,0.0,0.0,-0.0,23.501778676558075
49,train,1,2,0,-232.07928107647473,904.9295913736096,0.0,-0.0,0.0,0.0,0.0,47.43168982385261
50,train,0,2,0,-25.970142301066403,-1685.014395194553,-0.5333333333333333,181.4484405117049,22.77410685190156,0.0,2.333333333333333,-61.966361081299986
50,train,2,1,1,-766.9595086604206,-346.7905918768529,0.8,87.21923722027007,-18.330916253156342,0.0,-1.3333333333333333,61.966361081299986
51,train,0,2,0,-87.7618085202671,-146.09582455124428,0.0,66.33983262709694,-36.44410582786669,0.06666666666666667,0.8,-0.0
51,train,2,1,1,35.907471317009936,13.177962453623877,0.0,67.35225654782535,9.85763092341834,-0.13333333333333333,-0.5333333333333333,-0.0
52,train,1,0,0,541.439331619649,-143.38647074221353,0.0,0.0,0.0,0.0,0.0,-0.0
52,train,0,2,1,-528.1936578781815,359.2624838126112,0.0,-0.0,-0.0,0.0,0.0,0.0
53,train,1,0,0,202.70623874502985,1289.6493450658209,0.0,0.0,-0.0,-0.0,0.0,0.0
53,train,2,0,0,188.7323809216648,2493.1968304985057,0.0,0.0,0.0,0.0,0.0,0.0
54,train,0,1,0,173.98476482835565,-376.0966837577689,-0.0,-0.0,0.0,1.0,0.0,0.0
54,train,1,2,1,199.97807382739984,420.1440464487223,0.0,0.0,0.0,-2.0,-0.0,-0.0
55,train,1,0,0,135.77058886418058,-275.6200840032361,0.0,0.0,0.0,0.0,-0.0,0.0
55,train,0,2,1,-270.4131352052832,36.014388594287084,0.0,-0.0,0.0,0.0,-0.0,-0.0
56,train,1,0,0,50.7988142212036,641.4879581698183,0.0,-0.0,0.0,-0.0,0.0,0.0
56,train,0,2,1,-125.392363423809,-948.3797690924766,-0.0,-0.0,-0.0,0.0,0.0,0.0
57,train,1,0,1,-182.00688519653477,-228.2476973736525,0.0,0.0,-14.411668690017656,0.0,-0.2,-199.09545455277203
57,train,1,2,1,16.269974404220306,-272.5312656611027,0.0,-0.0,-123.18063850362404,0.0,-0.6000000000000001,-85.37597366803398
58,train,2,0,1,-448.49912543349114,-656.27663748342,-0.0,0.0,0.0,-0.0,-0.0,0.0
58,train,1,2,0,542.8555480635555,202.23940362968642,0.0,0.0,-0.0,-0.0,0.0,-0.0
59,train,0,1,1,-99.60344437725126,-1025.071595770245,0.0,0.0,89.53203240578071,0.0,-0.5,-32.787328992731254
59,train,2,0,0,-117.23064306213288,-560.9401760373457,-0.0,-0.0,-138.20092697511143,-0.0,2.0,-15.647485678610247
60,train,0,2,0,294.7074537555976,63.458772902630244,0.0,-0.0,-0.0,0.0,0.0,32.816853104596575
60,train,1,2,0,29.35998725680338,567.2585698196472,0.0,-0.0,0.0,0.0,-0.0,29.23929467162505
61,train,0,1,1,43.779168145792255,1.0414349815832793,0.0,110.50907395999509,-0.0,-0.0,0.0,0.0
61,train,0,2,1,-109.17356539712802,-104.50798899601386,-0.5,-12.800962669918817,-0.0,0.0,-0.0,0.0
62,train,0,1,1,-469.40123541742923,-173.95368212877884,0.0,-0.0,-0.0,0.0,0.0,0.0
62,train,0,2,1,-280.50342597662257,-495.7271571803817,0.0,-0.0,-0.0,0.0,0.0,0.0
63,validation,0,2,0,169.9664189635186,-381.1747673879936,0.0,0.0,-0.0,0.0,0.0,174.55048435934972
63,validation,1,2,0,-85.39838763899036,-565.1589121687557,0.0,0.0,0.0,0.0,0.0,216.39561122655667
64,train,0,1,1,-86.873944260624,-519.2962257510785,-0.0,-0.0,-0.0,0.0,0.0,-0.0
64,train,2,0,0,30.81009828636627,659.0657258539131,0.0,-0.0,0.0,0.0,-0.0,-0.0
65,test,0,1,0,557.9368067130447,2521.901826781534,0.26666666666666666,-54.76561761942612,-0.0,0.3333333333333333,0.3333333333333333,-38.359442652830445
65,test,2,1,0,-113.67032986318657,1526.4671811817457,0.8,-160.70633831239,0.0,0.3333333333333333,0.3333333333333333,13.683289138115924
66,train,0,2,0,208.9547904753574,1263.497021255856,0.5333333333333333,-0.0,35.198848164012944,0.2,1.0,-32.045108827462464
66,train,1,2,0,17.460678575216207,813.9741493984834,0.26666666666666666,-0.0,35.959044509468654,0.4,0.3333333333333333,-55.855735079203896
67,train,1,0,1,-72.0768295931889,-569.1723781637452,-0.0,2.1961870228256393,-72.91306042499441,0.0,0.6000000000000001,27.728142551470807
67,train,2,1,0,43.58923949063427,468.40293439257084,0.0,86.76021377306516,74.50200513808434,0.0,0.6000000000000001,32.624433341837076
68,train,1,0,0,422.9030888166741,233.66646013983063,0.0,0.0,0.0,0.0,0.0,0.0
68,train,2,0,0,226.5453742841371,15.835857478484286,0.0,0.0,0.0,0.0,0.0,0.0
69,train,0,1,1,-164.82123338796464,-1084.3616147509715,0.0,-0.0,-246.80650841638084,-0.3333333333333333,-0.0,-0.0
69,train,2,0,0,395.63669849168684,499.8194883704682,0.0,0.0,313.023762503728,0.0,0.0,-0.0
70,train,0,2,0,133.7994121542547,1655.1477431452804,-0.4,437.6793544385612,0.0,-0.1,1.5,0.0
70,train,2,1,1,-656.1846520947445,-2340.6689380004664,0.8,-184.70092181597417,-0.0,0.2,-0.3,0.0
71,train,0,1,1,-12.229175329855536,-154.00648461981427,0.13333333333333333,136.18076988998615,2.5544980498514294,0.0,0.26666666666666666,13.009500753091878
71,train,0,2,1,32.32110269616231,264.35731332563864,0.26666666666666666,521.6339677389985,20.95628815257879,0.0,0.0,13.009500753091878
72,train,1,0,0,581.1840290510249,3100.981805605655,0.0,150.31174730824733,-0.0,0.26666666666666666,0.4,-5.183541645299315
72,train,0,2,1,-392.3671025382349,-754.0064429432282,-1.0,137.7616802055107,-0.0,0.0,-0.8,14.884619869281186
73,test,0,1,1,146.7628942124195,1269.6067175351745,0.0,0.0,-116.78352189115039,0.0,0.13333333333333333,-57.258602455243796
73,test,0,2,1,-325.99335777262013,185.65643393497157,0.26666666666666666,0.0,98.10207404437897,0.0,0.2,-25.309965083839653
74,test,1,0,1,113.2364515680161,377.97558814485046,0.0,-0.0,0.0,-0.0,-0.0,-76.05832852876296
74,test,1,2,1,-87.12291567691625,-1375.284237503105,-0.3333333333333333,-0.0,-0.0,-0.0,-0.0,-71.56209960285598
75,test,0,1,0,108.41541506336722,196.82730189959238,0.0,0.0,0.0,0.0,-0.0,-0.0
75,test,1,2,1,36.17446155615778,229.0023150208026,-0.0,-0.0,-0.0,0.0,0.0,0.0
76,test,1,0,0,94.30242590491696,261.05065770127385,0.0,-7.83484928754333,2.4908815712772596,-0.0,-0.0,-55.161358355948266
76,test,0,2,1,39.85120452569606,-1834.9401810695545,0.0,-116.35786760614738,-39.29816047131091,-0.0,0.0,17.38003127376396
77,train,0,1,0,254.9613354029833,-296.3500340388382,-0.0,-0.0,-0.0,-0.0,0.0,-0.0
77,train,1,2,1,45.63424725681398,1260.7730112152894,0.0,-0.0,-0.0,0.0,0.0,0.0
78,test,0,1,0,22.736950948498816,113.87309186238417,-0.3333333333333333,0.0,-0.0,-0.0,0.0,381.7848914606696
78,test,1,2,1,138.52677754856472,1186.3214763075066,0.6666666666666666,0.0,-0.0,-0.0,0.0,-326.46112800378745
79,train,1,0,1,43.03110568812593,691.1318844247644,0.0,175.0866896466007,-31.650637022125267,-0.6666666666666666,0.13333333333333333,-12.900815864624011
79,train,2,1,0,13.783042810873894,-53.22415430112005,-0.0,177.27470870416687,21.934304383784426,0.3333333333333333,0.4,-40.65962993946994
80,train,0,1,0,185.33433672975997,-683.4187497577936,0.0,-43.93666223855348,-243.97256494786643,0.13333333333333333,0.0,7.040937216680247
80,train,1,2,1,-636.0248688375916,-700.8700694960503,0.0,32.8665565832433,116.3013266453103,0.06666666666666667,-0.0,-72.69372689377897
81,train,0,1,1,408.8527368731761,457.0777716050138,-0.14285714285714285,-118.40003094708538,-81.6483301440819,-0.5714285714285714,-0.38095238095238093,9.231717105459973
81,train,2,0,0,-124.3756016121182,-170.42583090147946,-0.2857142857142857,28.77587949668363,-0.8209258989035918,0.0,0.7619047619047619,3.4666628370324126
82,train,0,1,1,99.33820068900809,78.77463319985964,0.0,-0.0,0.0,-0.3333333333333333,-0.0,-23.868795762232516
82,train,0,2,1,108.77168448630891,-620.0323641371665,0.0,-0.0,0.0,0.0,0.0,-75.76220475527232
83,validation,1,0,0,65.79023382163138,230.40625393392884,0.0,0.0,-0.0,0.0,3.0,0.0
83,validation,0,2,1,-98.90072644839023,-1225.0842160964767,-0.0,-0.0,-0.0,0.0,-3.0,-0.0
84,validation,0,1,1,-91.29820607563545,48.35528862281808,-0.1,-616.5839314383279,0.0,0.0,-0.4,0.0
84,validation,0,2,1,-685.2396345225126,-3185.501894422213,0.2,-1028.0816565934952,0.0,-1.2,-1.0,0.0
85,train,2,0,1,-31.8365228669754,-164.4695732802577,-0.23809523809523808,5.13334325914735,14.53264633481417,-0.5714285714285714,0.0,-47.25349328044683
85,train,2,1,1,-19.184752003346404,0.0,0.0,-4.823140217142011,-27.460989111886427,0.0,0.047619047619047616,-27.475226928270242
86,train,1,0,0,-94.0483712176549,-29.251055299144355,0.06666666666666667,11.424653325813718,-0.0,0.4,0.3333333333333333,69.11024759539815
86,train,2,0,0,41.52687344875358,858.9141642647091,-0.06666666666666667,405.2751366997182,-0.0,0.4,1.3333333333333333,72.15526032934332
87,train,1,0,0,145.54579795375128,682.4854376830672,2.0,-0.0,0.0,0.3333333333333333,0.0,0.0
87,train,0,2,1,-497.2202146494659,97.64789090832437,0.0,0.0,-0.0,-1.6666666666666665,0.0,0.0
88,validation,0,2,0,818.9781010559814,789.7642190667689,0.0,7.307630968773158,148.5595802226409,-0.6666666666666666,-0.0,-43.00569941551808
88,validation,2,1,1,-292.3673035971943,-483.3709330791894,-0.6000000000000001,57.28547399851853,-45.697970548857725,-0.3333333333333333,0.0,2.5851418855995463
89,validation,1,0,0,119.40858175165079,-2166.23367571731,0.0,132.10963772342043,-0.0,0.0,3.333333333333333,-0.0
89,validation,0,2,1,-239.70051127223894,574.1050487597422,-0.0,-712.8028081864675,0.0,0.0,-2.6666666666666665,0.0
90,test,1,0,0,11.606913254345272,144.25995600447732,0.0,-0.0,113.12963081643025,0.0,0.0,190.8444434895975
90,test,2,0,0,120.21628813621726,528.5903865596456,-0.0,-0.0,33.197966647147666,0.0,0.0,211.21607488525058
91,validation,0,2,0,-231.03986529228735,-906.8760057566915,-0.0,-0.0,0.0,1.0,0.0,0.0
91,validation,1,2,0,-141.93149028922176,-909.6974020051798,0.0,-0.0,0.0,0.0,0.0,0.0
92,test,1,0,1,49.15682203729,-346.49086931895044,0.0,-94.29057891701558,75.12775542913916,0.0,-0.0,-88.76955294433559
92,test,2,1,0,55.50953928825328,269.42203841810624,0.0,-34.26940048599282,-130.430866612729,0.0,0.0,42.44299742933093
93,train,1,0,0,402.97109037437144,900.1241855506555,0.0,-0.0,-0.0,0.6666666666666666,-0.0,149.8861381469203
93,train,0,2,1,-408.15734681897277,-987.9432635050139,-0.0,-0.0,0.0,0.0,0.0,52.44573051000931
94,train,0,1,0,152.6469221623509,51.47489785996822,1.2000000000000002,64.97918638549761,27.60194798203479,0.0,0.6,-0.0
94,train,1,2,1,-243.95752425041843,256.0824928158495,0.0,-14.104883801486984,3.794733678392463,-0.0,-0.8999999999999999,0.0
95,train,0,1,1,13.81108729264696,-560.4500034666798,-0.6666666666666666,-0.0,-0.0,0.3333333333333333,-0.0,0.0
95,train,2,0,0,-39.31598547280339,-129.05675683186473,0.6666666666666666,-0.0,-0.0,0.3333333333333333,0.0,-0.0
96,train,0,1,1,149.96593498316008,83.47612664108101,0.0,57.607703594461896,-187.74903385353596,0.0,-0.19047619047619047,13.160032417598893
96,train,2,0,0,-25.571836198832898,1608.299969638057,0.47619047619047616,106.33702761093748,82.98868275572018,0.14285714285714285,0.19047619047619047,4.27626684409308
97,validation,0,1,0,247.96490865537095,256.0438371483565,0.0,356.52607392943884,-0.0,0.0,-0.0,109.39646947861408
97,validation,1,2,1,-197.14792082692037,-571.9094248753763,0.0,-108.15622176966083,0.0,-0.0,0.0,-100.69900998088369
98,validation,0,2,0,34.24680837017672,1224.4937783482114,-0.0,-0.0,-0.0,0.0,6.0,0.0
98,validation,2,1,1,143.14060504032335,426.5019856479398,0.0,0.0,-0.0,0.0,-2.0,0.0
99,train,2,0,1,-156.13683425856175,-445.09074611258757,-0.16666666666666666,-548.3662788534459,-0.0,-0.0,-0.0,151.95075718972356
99,train,2,1,1,-562.8277319283314,-1915.8339783351075,-0.3333333333333333,-573.0778947484363,-0.0,0.0,-0.0,-39.55244730080014
100,train,0,1,0,-60.98604183581358,-694.3954513489889,0.0,-35.69129791775424,230.49236413892024,0.4,0.0,54.66396684055418
100,train,2,1,0,369.1271710393652,472.0651210108813,0.0,-42.54846716986422,-16.683761768244153,0.8,-0.0,27.623389545821546
101,validation,1,0,1,-515.8843051987242,-2627.722519844131,0.0,-179.08202867489186,113.23662063731832,0.06666666666666667,-0.6666666666666666,-100.07432631821331
101,validation,2,1,0,668.8579737949581,2543.408786676503,-0.0,-67.87477454160968,86.08573429925887,-0.13333333333333333,-1.6666666666666665,47.66923600987025
102,test,1,0,0,272.51589516526315,1564.9702370899622,0.8999999999999999,-28.18459521786806,-101.2216628535596,0.0,0.0,-0.0
102,test,2,0,0,142.52225666591613,-133.6743908008366,-0.3,-47.87117199565621,-71.62161086303718,0.4,0.0,-0.0
103,train,2,0,1,133.18174806136142,-161.2797648593937,0.0,-0.0,0.0,0.0,-0.0,0.0
103,train,2,1,1,73.34753589793877,466.3296871112743,-0.0,-0.0,0.0,0.0,0.0,0.0
104,train,0,2,0,249.26440114980653,-466.37972221363907,0.0,-0.0,0.0,0.0,0.0,86.8925215238882
104,train,1,2,0,68.46468372496122,238.52728415768524,0.0,-0.0,0.0,-0.0,-0.0,181.27131379185874
105,train,2,0,1,68.23149566366442,807.8083087638051,-1.0,0.0,-69.49735634445517,-0.4,1.3333333333333333,1.673171256972591
105,train,1,2,0,71.661006628564,464.96748979682707,-0.3333333333333333,-0.0,208.3793313917594,0.0,-0.26666666666666666,-1.673171256972591
106,train,2,0,1,-228.93672081962083,-708.4028493468013,-0.3333333333333333,0.0,-0.0,0.16666666666666666,0.5,0.0
106,train,2,1,1,-339.2840054684093,-420.0230324427839,-0.3333333333333333,0.0,-0.0,0.16666666666666666,-1.5,0.0
107,train,2,0,1,144.97176268901643,-589.3899990415689,0.4,-109.88598024375963,34.52824404475439,0.0,0.0,-0.0
107,train,2,1,1,-460.332971693589,-1493.0071485081312,0.0,4.796338230352899,-146.77702236287465,0.0,-0.0,-0.0
108,train,0,1,1,143.63741371548923,49.62406368541451,0.47619047619047616,36.26221832199997,8.309970012535587,0.0,-0.42857142857142855,66.76633541480346
108,train,2,0,0,7.949293065528195,174.92300991695674,-0.23809523809523808,44.77203940099619,-24.743180870693386,0.2857142857142857,0.0,-65.21671625837313
109,validation,0,2,0,-451.04695224200486,265.53600017765166,-0.0,0.0,0.0,0.3333333333333333,-1.0,56.91556044251895
109,validation,2,1,1,157.34851891473477,-984.5564362618243,0.0,-0.0,-0.0,0.0,0.5,-34.84915889252384
110,train,2,0,1,-338.8628919225215,-755.837780795091,-0.0,0.0,0.0,0.0,-0.0,0.0
110,train,2,1,1,-214.23908538972614,-787.2292316801704,0.0,0.0,0.0,0.0,-0.0,-0.0
111,train,0,2,0,132.57694622058676,331.6813991656386,0.5,-0.0,0.0,0.3333333333333333,-1.0,-0.0
111,train,1,2,0,472.0521833799209,309.33772026434644,0.5,0.0,-0.0,0.0,0.0,0.0
112,train,1,0,1,-122.46016768582783,-282.2599329846721,0.3333333333333333,-46.30820247668013,-0.0,-0.0,0.0,-0.0
112,train,1,2,1,-182.90810822497102,-919.1765477298886,0.0,-247.98703337624306,-0.0,-0.0,0.0,-0.0
113,validation,0,1,0,-194.162736085068,-276.3346819344115,0.2857142857142857,25.2963489909128,26.238968190149837,-0.14285714285714285,0.0,-79.26395860091243
113,validation,2,1,0,248.2106693961457,889.2195232268964,0.2857142857142857,128.14777236836196,21.485141747360128,0.0,-0.09523809523809523,-105.93624380110737
114,train,0,2,0,247.5234696859677,371.27956964093937,0.13333333333333333,29.269916402042416,-52.99639403562366,-0.0,0.3333333333333333,-39.46964678734178
114,train,1,2,0,286.08487196427086,1023.9634847073307,-0.13333333333333333,256.38802124387695,-22.76013733108735,0.0,-0.6666666666666666,19.01117786478218
115,train,0,1,1,-32.736386395772456,-643.9767608700786,-0.13333333333333333,-109.68679515704252,-0.0,0.0,1.0,-16.94180830809977
115,train,0,2,1,55.30559442950073,-1439.4985991799858,-0.13333333333333333,-32.00149740828845,-0.0,0.5333333333333333,-0.6666666666666666,20.980937321626268
116,train,0,1,0,-154.5162005962631,-1481.3683815413,0.0,37.5540321167807,95.81190397968892,0.2,0.0,-3.240575955919223
116,train,2,1,0,134.72733522338558,-1238.4375597599837,-0.0,-33.86121533536798,17.85158964881114,-0.2,0.0,25.789231289351907
117,validation,2,0,1,26.72795604629212,-355.8344425693558,-0.2857142857142857,6.173830188531112,-33.59845670060827,0.0,0.23809523809523808,15.733769111261973
117,validation,2,1,1,-59.43076346208889,-169.77911148106023,-0.2857142857142857,3.4591427929803413,-102.15123492445255,0.0,0.0,-0.26579314827156825
118,test,1,0,1,-407.00091039047754,-972.1173625823321,0.0,105.13947498906687,-80.30710425987616,-0.0,0.8999999999999999,92.69876309602371
118,test,2,1,0,-94.73411320514816,-323.23342444897844,0.0,-65.90576188328036,60.68061449852427,-0.0,0.0,13.607540824513558
119,train,1,0,1,-411.3598448895849,-120.30751434137801,0.0,-653.4266106722646,-0.0,0.0,0.0,0.0
119,train,1,2,1,-161.5223504550836,94.19662331147356,0.0,-325.1283183409437,-0.0,-0.3333333333333333,-0.0,-0.0
120,train,0,1,0,250.21552002890547,994.3039820828949,0.0,0.0,-0.0,0.5,1.3333333333333333,17.881160581714994
120,train,2,1,0,232.60019023282888,967.1237376542663,0.0,0.0,0.0,0.5,2.333333333333333,-37.65066964462606
121,test,1,0,0,52.05031229416295,-54.56629436870867,0.047619047619047616,-173.81369980375257,31.320000009290055,0.0,0.2857142857142857,-17.876301754154586
121,test,0,2,1,59.29141506577912,-247.57904850934278,0.047619047619047616,-137.79383431721692,-40.89328011691771,0.0,-0.38095238095238093,-33.780722949192
122,train,0,1,1,-166.11694716788293,363.1998487458768,0.0,-0.0,-0.0,0.0,0.0,-0.0
122,train,0,2,1,36.91064060730582,-504.19395002374677,-0.6666666666666666,-0.0,0.0,0.0,-0.5,0.0
123,train,2,0,1,-74.42165520795425,-513.3587007649858,0.0,-0.0,-0.0,0.0,0.0,0.0
123,train,2,1,1,62.12387147545667,295.29508577065235,0.0,0.0,-0.0,0.0,0.0,-0.0
124,train,1,0,1,41.217145537797364,-438.97453048730176,-0.0,-219.86673400320166,-173.13387863079453,-0.0,0.0,-0.0
124,train,1,2,1,35.438004630089495,-180.97765946345226,0.0,-546.686246140376,91.14078492816392,0.0,0.0,0.0
125,validation,0,1,0,9.321190572195064,-606.1728278848,0.0,-0.0,0.0,-0.0,0.0,0.0
125,validation,1,2,1,33.16558138920391,-35.31055968026794,-0.0,0.0,-0.0,0.0,-0.0,-0.0
126,train,2,0,1,-207.3063782543403,-154.0685018422073,-0.09523809523809523,119.23739691114908,128.67015499921547,-0.8571428571428571,-0.38095238095238093,6.30375970885555
126,train,1,2,0,451.4598228078312,809.6631527407244,-0.047619047619047616,128.28306053307125,-128.85951521725187,-0.2857142857142857,0.5714285714285714,-38.67315107330213
127,train,0,2,0,-115.4831589377165,-109.08295613770292,-0.0,-16.96668010572269,-73.38549182620417,0.0,0.6666666666666666,14.411027576847085
127,train,1,2,0,48.90760074070465,-231.24899276557608,-0.0,-89.22922943681108,-20.12067908459253,-0.06666666666666667,0.6666666666666666,19.457608570613644
128,train,0,1,1,202.07592888614136,1658.017125066478,-0.0,0.0,0.0,-0.0,0.0,-277.8201550861047
128,train,2,0,0,32.96807686349837,882.3939129309329,0.0,0.0,0.0,0.0,0.0,339.835642021754
129,train,0,1,0,-267.2819804070057,1131.699190966996,0.1,463.6036773983323,-147.9842889608974,0.0,0.6000000000000001,-0.0
129,train,2,1,0,-13.88624966796749,1847.6213800524374,0.4,644.377339835503,-89.40858802200393,0.0,0.2,-0.0
130,train,0,1,0,33.371756317577365,292.0717049537211,0.5,-0.0,129.51804160888153,0.0,0.8333333333333333,-0.0
130,train,2,1,0,300.35925702154316,529.1052936145661,1.0,0.0,3.2244801825169795,0.0,0.0,-0.0
131,train,2,0,1,-480.42150902733124,-1625.3721966077064,0.0,-1022.6087026031137,0.0,0.0,-0.0,-0.0
131,train,1,2,0,115.67826407752398,393.11544080312433,-0.0,447.22359094326634,-0.0,-0.0,-0.0,-0.0
132,train,0,2,0,152.28109219390865,921.0983859478706,-0.5714285714285714,599.5848543751908,185.6872264540253,-0.047619047619047616,0.9523809523809523,-28.60002366406922
132,train,2,1,1,-44.25428691610989,-21.613152516985792,0.7142857142857142,-429.04099286396456,-20.446001737564895,0.0,-0.7142857142857142,-21.36278711020629
133,train,1,0,0,170.5299364962758,280.13330190577835,-0.0,-5.803388288948023,0.0,0.0,0.16666666666666666,-31.74387901835857
133,train,0,2,1,-100.95821556698888,-110.71969009488112,0.0,18.656193078241888,-0.0,0.0,-0.5,-84.57132019995636
134,train,0,2,0,48.709017378099645,-430.1787424117733,0.0,-36.92900315306906,-44.43030575316967,0.0,0.7142857142857142,55.65848784404434
134,train,1,2,0,-178.14594097102014,-574.5493921507814,0.0,-121.28571490033993,-61.68423738721229,0.0,1.1904761904761905,43.57955164294007
135,train,1,0,1,546.0148486449332,-59.228668489971824,-0.3333333333333333,-0.0,0.0,0.0,-0.16666666666666666,-149.01701643012652
135,train,2,1,0,-419.75325603282323,-488.69120094508526,1.0,-0.0,-0.0,-0.0,-0.3333333333333333,6.4227265703661205
136,train,0,2,0,243.77158309467688,-466.8662007040148,0.0,0.0,-30.652665439296698,0.0,-0.2,4.777564872126345
136,train,1,2,0,198.36532942799965,1046.5742964218434,0.0,-0.0,77.7343680287961,0.3,-0.5,-110.72946764482582
137,validation,0,1,1,99.31169038638859,-537.0154883533246,-1.0,-0.0,-0.0,-0.0,0.0,0.0
137,validation,2,0,0,-44.43056238289955,1136.8389541365218,3.0,0.0,0.0,0.0,0.0,0.0
138,train,1,0,1,-30.09151459122262,846.5493073430712,0.0,-0.0,0.0,-0.0,0.0,0.0
138,train,1,2,1,127.36459408520028,1408.1282071137816,0.0,0.0,0.0,-0.0,0.0,0.0
139,train,2,0,1,-332.87235504651653,-1403.0185949116558,-0.0,-642.2817517023562,-90.86638999483921,-0.06666666666666667,-0.6000000000000001,-65.39234594090522
139,train,2,1,1,143.08700821791456,-1230.904592628579,0.0,-714.7249915107234,-426.2629054797754,-0.3333333333333333,-0.2,-24.160620247455466
140,train,0,1,0,63.74552613558694,1075.1413124783248,0.0,350.5846689025396,0.0,0.30000000000000004,2.4000000000000004,-117.20200811448265
140,train,1,2,1,-2.7294762325772126,-645.3921026655626,0.0,437.03573048358095,0.0,0.0,-0.8,-38.97014752611697
141,train,1,0,1,-82.43793156344526,204.83061368313338,0.23809523809523808,-14.792066503939514,-13.58539746078372,0.0,0.14285714285714285,-26.145609842749206
141,train,2,1,0,197.6166234616664,-293.50538398551,0.0,-30.307186755407827,3.088573037629264,0.0,0.14285714285714285,32.03544216548218
142,train,1,0,0,101.00500018579783,-138.38834692382625,-0.3333333333333333,-0.0,470.41073967545094,0.0,-0.0,0.0
142,train,2,0,0,-45.42197167633714,-241.05077539221566,-0.3333333333333333,0.0,363.61014828830184,0.6666666666666666,0.0,0.0
143,train,0,2,0,-47.23550084042256,-66.64760380816915,0.0,-0.0,0.0,1.0,0.0,0.0
143,train,1,2,0,-145.69379707762607,-349.10444247055966,0.0,0.0,-0.0,0.0,0.0,-0.0
144,train,0,1,0,143.19919864004044,1726.5885999374764,0.0,-0.0,0.0,-0.0,0.0,-0.0
144,train,2,1,0,70.14923859148382,578.8236251832409,0.0,-0.0,-0.0,0.0,0.0,0.0
145,validation,1,0,1,-184.1504968657345,-222.0321359591153,0.0,0.0,46.377749966414626,-0.06666666666666667,-0.4,-25.020238339222466
145,validation,1,2,1,-471.9037437259846,189.11567358129696,-0.26666666666666666,-0.0,-50.73372326464177,0.06666666666666667,-0.2,-39.3329932370076
146,train,0,1,0,62.890179527007945,610.1352960944314,0.0,-0.0,0.0,0.6666666666666666,0.6666666666666666,-0.0
146,train,1,2,1,-62.66211011775579,-205.22705466013622,0.0,0.0,-0.0,-0.6666666666666666,-0.6666666666666666,-0.0
147,test,0,1,0,-21.057139992726775,621.3357975357276,0.0,-240.7073054467127,59.50016134924311,-0.13333333333333333,0.0,162.70850867328951
147,test,1,2,1,70.09911133481228,-500.01713258649215,-0.0,291.04405225347887,-18.367748128066175,-0.13333333333333333,-0.26666666666666666,-165.90465890675378
148,train,2,0,1,-534.53577797486,-1837.2428516557202,-0.8,-44.658996975805344,6.672590551192866,-0.0,-0.0,-142.12451080503388
148,train,2,1,1,-81.47907286627674,-411.2913012978788,-0.4,76.1546804480695,88.99623855342803,-0.0,-0.0,-67.74450914079033
149,validation,0,2,0,173.18117995552666,56.46597217026374,-0.26666666666666666,41.35934305890746,-55.925378945145454,0.0,0.0,152.93352753259575
149,validation,1,2,0,696.3119989684775,-1245.488996213111,-0.26666666666666666,49.79520872250749,-12.023663289010006,-0.26666666666666666,-0.0,160.4947470639546
150,validation,0,2,0,-42.72512604598239,-654.4200203343967,0.0,0.0,-0.0,0.0,-0.0,-0.0
150,validation,2,1,1,-115.73536092612255,-395.7547038101584,-0.0,0.0,0.0,0.0,-0.0,-0.0
151,test,0,1,1,-522.2303705515791,-1476.688331379156,0.0,-0.0,0.0,-0.0,-1.0,0.0
151,test,2,0,0,125.67087234041912,315.7142636557546,0.0,0.0,0.0,0.0,2.0,-0.0
152,validation,2,0,1,295.70471876086935,-191.8562937400293,-0.0,-0.0,-416.2509428087017,-0.3333333333333333,0.5,0.0
152,validation,2,1,1,262.7341319929732,939.58798332366,0.0,-0.0,0.2385383511279997,-0.16666666666666666,-0.5,0.0
153,train,1,0,0,345.9879900836587,962.8405940613793,-0.0,124.48169330047452,194.08879012792994,0.4,1.6666666666666665,23.987794394038275
153,train,0,2,1,-387.35363293189414,-1186.9333093163596,0.0,-564.4939917754423,-1.6660214217331202,-0.6000000000000001,-1.6666666666666665,-31.136577184076735
154,train,2,0,1,-171.04237810200777,-743.2534396240558,-0.23809523809523808,2.335120540562197,-35.777520921158846,-0.14285714285714285,0.09523809523809523,85.28689518842815
154,train,2,1,1,-35.020544257545794,-1028.3194190309596,-0.23809523809523808,-39.45890105482526,-14.866305985475902,-0.14285714285714285,0.0,-68.2831029643644
155,train,0,1,1,-186.6875695224074,59.62547889789175,-0.0,-0.0,0.0,0.0,0.0,-312.61502322621203
155,train,2,0,0,44.02759496016694,333.64388541096105,0.0,-0.0,-0.0,0.0,0.0,0.0
156,validation,0,1,0,204.9277293304632,1053.5465016005692,0.0,35.073761879263884,0.0,0.0,-1.0666666666666667,-3.7998593727523646
156,validation,2,1,0,-123.85870150954145,-207.773592631278,0.0,-96.73881759928065,0.0,1.0,-0.6666666666666666,2.083972780825805
157,train,0,2,0,183.7567173279117,1246.6059451304955,0.0,993.5486937362284,0.0,0.0,0.0,0.0
157,train,2,1,1,88.99282413725768,-702.927857293811,-0.0,-509.4316585089215,0.0,0.0,-0.0,-0.0
158,train,1,0,1,261.3475934057977,-305.842981272981,0.0,-0.0,0.0,0.0,0.0,0.0
158,train,2,1,0,-288.87588280243904,946.0265961128998,0.0,0.0,0.0,0.0,-0.0,-0.0
159,train,1,0,1,382.9197481990667,778.4928686708345,0.0,-206.48907723842422,13.979445534870075,-0.0,-0.0,23.71259331543203
159,train,1,2,1,-66.69980271358213,-832.3193520317491,0.0,-638.0060652432269,-93.54193610651568,-0.0,-0.0,179.261865227007
160,test,1,0,0,129.97205007648336,1445.3969935184077,-0.0,0.0,0.0,0.0,-0.0,-0.0
160,test,2,0,0,668.9697137834033,1574.523707832268,-0.0,0.0,0.0,0.0,-0.0,0.0
161,train,2,0,1,-220.64062886668972,354.1040954615273,-0.0,0.0,0.0,0.0,0.0,-0.0
161,train,1,2,0,204.96960297766356,122.3078401985531,0.0,0.0,-0.0,-0.0,0.0,0.0
162,train,0,2,0,-356.3213132820573,-240.05372510743564,-0.0,-0.0,-0.0,0.0,0.0,-0.0
162,train,1,2,0,-50.34358466715253,479.5154221237335,0.0,0.0,-0.0,0.0,-1.0,0.0
163,validation,2,0,1,-125.98945749466805,-524.8445510881975,0.3333333333333333,-207.28625758027118,-173.26969666034915,-0.0,0.0,0.0
163,validation,2,1,1,-33.58253967642651,-266.12526611680505,0.3333333333333333,27.081657468103344,-239.6033236649397,-0.0,0.0,0.0
164,train,0,1,0,-105.12236941285386,287.8583854926824,0.19047619047619047,13.813504341951097,-5.262223843813708,0.0,0.0,45.96227920966169
164,train,2,1,0,-21.45278560810317,-137.50605599355913,0.09523809523809523,81.65679844822454,-31.643076445323686,0.0,-0.7619047619047619,6.843056573316646
165,test,2,0,1,407.76113406302716,-583.0910470057224,-3.0,-0.0,0.0,-0.0,0.0,-0.0
165,test,1,2,0,-353.73933108413416,-135.62680258963155,1.0,0.0,-0.0,0.0,-0.0,0.0
166,train,1,0,1,403.5783435427352,1860.5149460665143,-0.0,0.0,-0.0,0.0,0.0,0.0
166,train,2,1,0,-56.01493970983461,1538.5095291118641,-0.0,0.0,0.0,0.0,-0.0,0.0
167,train,0,2,0,183.04401052443052,1081.2049357970022,0.0,-260.7481436885756,11.101567852090511,0.0,0.0,8.585987943266122
167,train,2,1,1,7.689515859015842,-372.1303839857578,0.0,2.917654284564984,-22.716392734011635,0.0,0.2,-24.333333954152643
168,train,1,0,0,-132.9796505233271,-1083.0234169921905,0.0,-0.0,-0.0,-0.0,-0.0,-0.0
168,train,0,2,1,104.05696866419112,811.9477908763665,0.0,0.0,-0.0,0.0,0.0,0.0
169,train,0,2,0,240.06837227667575,754.372318575714,0.0,-0.0,149.51130131068516,0.13333333333333333,0.0,0.0
169,train,1,2,0,315.12579017086944,-158.1329825696498,0.2,0.0,157.22407029667443,0.13333333333333333,0.06666666666666667,81.2728274108448
170,train,1,0,0,-115.63274833782245,67.00042148278021,0.0,-0.0,-0.0,0.0,4.0,0.0
170,train,2,0,0,-24.73838886809068,487.1355811868325,-0.0,0.0,-0.0,0.0,-1.0,0.0
171,train,0,1,1,-403.79892510906956,613.8948430928399,-0.0,-0.0,0.0,-0.0,0.0,109.881526971503
171,train,2,0,0,106.56892765458241,-1110.1421895614003,0.0,-0.0,0.0,0.0,-0.0,-109.881526971503
172,validation,0,1,0,-81.82731589288392,-51.51293384757673,-0.2,385.8824799830934,6.576410421332564,0.0,2.0,40.16749562712926
172,validation,2,1,0,56.47921217873761,393.94266965379984,-0.13333333333333333,-135.4018084072383,119.38038532865525,-0.0,2.333333333333333,28.54037265574673
173,train,1,0,0,-137.61290174561702,-773.1346489823309,0.3,-0.0,69.92741268235193,0.0,-0.0,101.42893887743486
173,train,0,2,1,-94.74079118679458,-217.53494751709422,0.6,-0.0,-51.931046394982104,-0.2,-0.0,-124.88033913806066
174,train,1,0,1,-272.836993502965,-536.224003233026,0.0,-0.0,-0.0,-0.0,-0.0,-0.0
174,train,2,1,0,82.26838919433453,422.8957762557302,0.0,0.0,0.0,0.0,0.0,-0.0
175,train,1,0,1,-133.01256331476418,-1208.4496667987555,0.0,0.0,0.0,0.0,0.0,-0.0
175,train,2,1,0,228.34839734850107,560.3644253166722,0.0,0.0,-0.0,0.0,0.0,0.0
176,train,2,0,1,143.36662366878,-394.9356028068978,-0.19047619047619047,82.13164465686954,95.32645900095348,-0.7142857142857142,0.0,-169.80391335721754
176,train,2,1,1,979.9170721838377,-164.48936142111415,0.19047619047619047,150.77195652601577,92.41493491764739,-1.1904761904761905,0.047619047619047616,-64.59698202219441
177,train,2,0,1,-199.30934517462526,-915.5760067175092,0.0,0.0,0.0,-0.3333333333333333,0.0,-177.78119140972433
177,train,1,2,0,95.280803361111,1058.5984776371693,0.0,-0.0,0.0,0.3333333333333333,-0.0,98.6208843149474
178,train,2,0,1,-195.38789126744587,-653.7223823145955,0.0,-295.1894568370994,-7.584583996335959,0.0,-0.6666666666666666,-66.22612854978921
178,train,2,1,1,47.49728126659767,-305.7598163817229,0.0,-191.09835250789413,24.708252657075317,-0.06666666666666667,-1.0,-47.64393583453557
179,train,1,0,1,109.9024262825277,502.294205039213,-0.6666666666666666,0.0,-68.60498482802518,0.0,0.06666666666666667,-30.280528448199508
179,train,2,1,0,616.2146988041342,1380.617222205663,-0.3333333333333333,0.0,35.45028324895126,-0.13333333333333333,0.2,-101.19119570776463
180,test,0,2,0,51.270219637353534,419.9751186025396,0.0,-112.10181111515989,19.105170900064927,0.2857142857142857,-0.9523809523809523,59.28576216765989
180,test,2,1,1,51.65141827540015,-959.5753903875702,0.19047619047619047,-51.93333446701532,4.159161288985695,0.0,0.0,-75.85841914325653
181,train,1,0,0,-103.91237210913101,-477.1801278853959,0.047619047619047616,-15.022174313817816,111.90559509041135,0.0,1.1428571428571428,-2.820954533111746
181,train,2,0,0,315.6379316707531,110.0926481362676,0.047619047619047616,40.815758072318914,96.32682195964091,0.19047619047619047,0.5714285714285714,45.88102594658517
182,train,0,1,0,114.80109644708153,834.7162837264236,0.0,0.0,0.0,0.0,0.0,-0.0
182,train,1,2,1,-50.1697877868329,-666.9317039762095,0.0,-0.0,-0.0,-0.0,-0.0,-0.0
183,validation,0,2,0,-145.52709943823606,444.70341230027316,0.0,50.48992389856372,-151.309964703801,0.0,1.2000000000000002,-0.0
183,validation,2,1,1,-258.5381311424311,105.86373020084557,0.0,112.02560537106349,-6.303348119291536,0.3,-3.2,-0.0
184,test,1,0,0,-354.7542190435697,-745.2198821927791,1.0,-0.0,-0.0,0.6666666666666666,-0.0,0.0
184,test,0,2,1,131.0867671301712,503.35685273294393,0.0,0.0,-0.0,0.0,0.0,-0.0
185,train,1,0,1,-484.97960028447426,-200.6035726673108,0.0,0.0,0.0,0.0,-4.0,0.0
185,train,1,2,1,141.99375264421616,-539.8825721965954,-0.0,-0.0,-0.0,0.0,-4.0,-0.0
186,train,0,2,0,-10.4987178177131,667.8763306004416,0.0,158.49180976009407,50.60311764946991,-0.2,1.2000000000000002,-0.0
186,train,2,1,1,145.10181990981567,0.0,0.0,-1.0730901293861392,-21.123464127709223,0.0,0.4,0.0
187,train,1,0,0,-234.05717485900698,-284.0907002173726,-0.0,0.0,-95.27613123825105,0.16666666666666666,0.0,-43.819143116074535
187,train,0,2,1,275.096285100954,-71.45880732913702,-0.0,-0.0,172.55912721942582,-0.3333333333333333,-0.0,1.0550386652189019
188,validation,0,1,0,-264.5925723925701,678.9006459207867,0.26666666666666666,66.87185156344667,61.866173519400306,0.3333333333333333,0.0,0.0
188,validation,1,2,1,409.72078965215746,183.58441870733668,-0.13333333333333333,70.16929988795019,-29.742390610831695,-0.6666666666666666,-0.0,-73.13874827310974
189,train,2,0,1,332.3952864333648,720.2396646611269,0.0,-676.1237525245921,0.0,0.0,0.0,0.0
189,train,1,2,0,-402.9807893093876,-579.753328520565,-0.0,834.740387145209,-0.0,-0.0,-0.0,-0.0
190,train,1,0,1,-256.18161293737654,-139.8136224208024,-0.0,-0.0,0.0,0.0,-0.0,0.0
190,train,2,1,0,751.0409915776686,1496.2859392981836,0.0,0.0,-0.0,0.0,-0.0,-0.0
191,train,1,0,1,-5.430810181690106,-214.59124334873695,0.0,0.0,-0.0,0.0,-6.0,-0.16910546290964135
191,train,1,2,1,127.2069232871487,533.9155227105971,0.0,0.0,-0.0,0.0,-2.0,3.3982125572647512
192,train,2,0,1,-137.64317933009,21.698787269109744,0.19047619047619047,-115.53641314704109,-31.8783021436834,-0.47619047619047616,-0.14285714285714285,-90.52292751134317
192,train,2,1,1,-95.86944668587978,-482.77350595607277,0.19047619047619047,-29.380628636790334,-63.0917534838604,0.0,-0.2857142857142857,0.0
193,test,0,1,1,-82.03987602352743,-562.8222179134218,-0.0,-426.8452630987681,-0.0,0.0,0.0,-0.0
193,test,2,0,0,297.65117292451043,10.200046684673907,-0.0,350.4345313791787,-0.0,0.0,-0.0,0.0
194,train,0,2,0,-26.68924468925661,2108.5066608665093,0.0,246.90589770234357,355.37701319846497,0.047619047619047616,0.7142857142857142,166.21271659812948
194,train,2,1,1,857.7836208729619,-92.61117495910639,-0.09523809523809523,-40.98575973735988,-379.09133342696293,-0.047619047619047616,0.0,-101.06686890588573
195,train,1,0,0,121.52830674571197,-932.4336954522068,-0.0,-0.0,283.80910959741175,0.0,-0.0,-0.0
195,train,0,2,1,-231.01267469286876,555.953246666315,0.0,0.0,-473.29557380330743,-0.0,0.0,0.0
196,train,0,2,0,219.3774439452676,-313.2849935712993,0.26666666666666666,108.04896832178146,0.0,-0.2,1.0,17.870992455277005
196,train,2,1,1,-477.3641383742124,-1860.8037723748912,0.5333333333333333,-31.03912994841873,-0.0,-0.4,0.6666666666666666,19.390193530654347
197,train,0,1,0,-2.42589202055467,-122.04689533406236,0.0,-12.481714555781764,38.865261351762776,0.0,0.0,44.32975676982945
197,train,2,1,0,-67.64041123319026,316.6017483358323,-0.0,-14.07432145938736,100.36758579479768,0.6666666666666666,-0.13333333333333333,137.6488234377227
198,train,0,1,1,-4.953528007424893,-87.8386479334822,-0.0,0.0,-0.0,0.0,-0.0,-0.0
198,train,2,0,0,-200.8787617920193,205.96748185995511,0.0,-0.0,0.0,-0.0,0.0,0.0
199,train,0,1,0,15.031521226271025,-695.9089518270011,0.09523809523809523,286.8197930087308,-168.47098728553974,-0.09523809523809523,-0.5714285714285714,77.46327681445692
199,train,2,1,0,-29.832495482776267,-1135.9791262387726,0.0,220.6602546615204,-183.07157821649963,-0.09523809523809523,-0.2857142857142857,79.25272153135138
200,test,0,1,1,-741.413894289596,-1076.763554403312,-0.0,18.03954430305051,-0.0,0.0,0.0,-0.0
200,test,0,2,1,299.6089192317586,-23.185171684071975,0.0,-56.543162029598534,-0.0,-1.3333333333333333,0.0,0.0
201,train,2,0,1,99.59221416744276,-158.92837454725304,-0.0,0.0,-0.0,-0.0,-0.0,0.0
201,train,2,1,1,29.549293660674948,727.4016057587805,0.0,0.0,-0.0,0.0,-0.0,-0.0
202,train,1,0,1,-223.79867018832277,-1388.2649802760143,-0.0,-0.0,-327.74442464902063,-0.0,-0.0,78.24389959610595
202,train,2,1,0,28.6623830889215,269.40988291683243,0.0,0.0,256.6161787815238,0.0,0.0,-73.11932250714432
203,train,0,1,1,61.59192322532442,-244.93568448308997,-0.8999999999999999,-0.0,0.0,-0.1,-2.8000000000000003,77.17295186932724
203,train,2,0,0,-442.2908640485037,-792.0729877568069,0.3,0.0,-0.0,0.1,0.0,-44.35326557783164
204,validation,0,1,1,-134.12252769740604,-1611.0409289717295,-0.4,-63.62626435006014,171.59656255913646,-0.4,-0.0,-0.0
204,validation,2,0,0,110.35490406416312,701.5936666954672,0.4,187.79528267415378,-123.07504760072715,0.0,0.0,-0.0
205,train,1,0,1,-423.29982773884024,-1126.2281921853428,-0.0,-0.0,0.0,-0.0,-0.0,0.0
205,train,2,1,0,23.447050897264603,-320.1880229623648,0.0,-0.0,-0.0,0.0,0.0,0.0
206,train,1,0,0,-152.6544439916138,601.7835978277135,1.5,175.82735953154435,0.0,0.0,0.0,-97.12241761849626
206,train,2,0,0,-279.50259302750044,1237.2035421398732,0.6,221.24324841780486,0.0,0.4,0.0,-15.727446700457609
207,train,0,1,1,-68.18172157098638,-341.22174583641436,0.0,0.0,0.0,0.0,0.0,-0.0
207,train,0,2,1,-116.2226223016304,-559.8438371555199,0.0,0.0,0.0,0.0,-0.0,-0.0
208,train,1,0,0,350.8083384653239,321.80522936172565,0.0,0.0,14.991798756562162,0.0,-0.0,0.0
208,train,2,0,0,-170.23225918579192,-123.82725214843867,-0.0,0.0,506.88992461315206,0.0,-0.0,0.0
209,test,1,0,1,-316.92323984937525,-1767.8721694648493,0.0,-0.0,-730.2910163946324,-0.0,0.0,-0.0
209,test,2,1,0,46.44674035013202,506.7052023386341,-0.0,0.0,757.7504656277587,-0.0,0.0,0.0
210,test,0,1,1,290.0472400647735,-1514.5894943636213,0.6,-0.0,-177.61372958844075,0.0,0.2,-57.10004500315206
210,test,0,2,1,209.28256129467616,680.9991147104402,0.3,-0.0,-193.33162853692764,0.0,0.8,-31.311520486777688
211,validation,1,0,0,151.99803512370937,99.00151248113798,0.0,-140.5391567115029,14.015399290007922,0.23809523809523808,-0.42857142857142855,0.0
211,validation,2,0,0,751.3528520276645,2483.1207744218846,0.0,35.569256113521945,41.21998597078159,0.23809523809523808,0.42857142857142855,85.42921606812595
212,train,1,0,1,-735.1364715656769,-2312.7010813142806,-0.8571428571428571,-324.76039602504756,-29.9471820784351,0.09523809523809523,-1.5238095238095237,-208.15332731420162
212,train,1,2,1,-294.5185816047779,-568.7196191409312,-0.14285714285714285,-34.7950554701608,-12.034269206920168,-0.047619047619047616,-0.38095238095238093,-0.812456598772759
213,validation,2,0,1,-71.15598655312488,-948.1859964077539,0.0,-0.0,-0.0,-0.0,-0.0,-0.0
213,validation,2,1,1,-127.15318175416746,-378.65614330446715,0.0,0.0,0.0,-0.0,-0.0,0.0
214,train,0,2,0,-238.0985738742456,138.67198915989866,0.5,28.531858864083155,-0.0,0.0,-0.3333333333333333,-0.0
214,train,1,2,0,-163.59825803007521,326.39079058994685,0.0,23.908837546207224,0.0,0.0,-0.5,-0.0
215,train,0,2,0,159.75687720566032,1023.0677433525366,0.0,192.92492680384086,32.333590819784256,0.09523809523809523,0.5714285714285714,-40.88485592228035
215,train,2,1,1,-310.946879112142,-420.71856807420363,0.14285714285714285,-124.32377696631143,53.630533605727464,-0.09523809523809523,-0.2857142857142857,50.954619173700934
216,validation,1,0,1,-41.52509829543624,608.0695209731634,0.0,0.0,-0.0,0.0,-0.0,0.0
216,validation,2,1,0,-174.00026705346846,139.0397883622236,0.0,-0.0,-0.0,0.0,0.0,0.0
217,train,2,0,1,346.27894729033926,-1026.5872313314721,0.0,-0.0,-0.0,0.0,-0.0,-0.0
217,train,2,1,1,364.13977880293123,-1139.041269191699,-0.0,-0.0,-0.0,0.0,0.0,-0.0
218,train,0,2,0,10.139042372423376,-121.4457095191301,-0.19047619047619047,55.21235703845137,257.0449028869383,0.0,-0.047619047619047616,35.771664115316746
218,train,2,1,1,-181.88215748532207,-524.2205931883555,0.38095238095238093,-174.93140086261374,-48.17592175412328,0.0,-0.047619047619047616,46.83298416901858
219,test,1,0,1,-746.5253612303877,-1629.3831134717866,-1.0,0.0,-0.0,0.0,0.0,118.97976789318793
219,test,1,2,1,-94.07562439897083,776.0282396348721,-0.6666666666666666,0.0,0.0,0.0,0.0,-355.5288370124283
220,train,0,1,0,499.36263204680927,772.8004834044796,0.19047619047619047,16.84365067567293,589.309665431579,0.09523809523809523,-0.14285714285714285,-3.293937297039747
220,train,1,2,1,-71.87623726227048,-635.9024663178916,0.0,-348.44899591340453,-141.30870791906733,0.19047619047619047,0.19047619047619047,0.3344524463420108
221,train,1,0,0,267.9601222882359,390.62098961370566,0.0,0.0,0.0,0.0,0.0,0.0
221,train,0,2,1,-95.41349511495505,121.48159196907454,-0.0,0.0,-0.0,-0.0,0.0,-0.0
222,validation,1,0,1,59.35278187082088,1370.3410795390064,-1.0,0.0,0.0,-0.0,0.0,-0.0
222,validation,1,2,1,-276.81429373866683,1664.8004924476072,-1.0,0.0,0.0,-0.0,0.0,-0.0
223,train,0,2,0,287.0310944009243,574.3562741398746,-0.30000000000000004,-219.1579387722197,174.02230922258667,-0.0,0.0,145.3688273356011
223,train,2,1,1,-129.76588861448306,66.37106424078502,0.1,191.53838862963923,-199.92829468373262,0.0,-0.0,-192.49941102578498
224,train,0,1,0,192.61249791398257,336.97986523292275,-0.0,-12.819755071742842,0.0,0.0,0.0,111.01336131024681
224,train,2,1,0,-96.74742777478338,169.69394291824574,-0.0,119.71351749413793,0.0,0.0,0.0,87.0036753836009
225,validation,0,2,0,447.9181233238253,2798.162251025219,-0.06666666666666667,-303.9815863475393,0.0,-0.2,2.6666666666666665,473.3593191734451
225,validation,2,1,1,-314.9885652030641,-2856.1302685938545,-0.06666666666666667,73.99806176056651,0.0,0.4,-1.6666666666666665,-187.56995427515776
226,validation,1,0,1,898.5209377866536,-802.6987342791044,-1.1428571428571428,-222.41701370857618,-81.40307342104441,-0.5714285714285714,-0.14285714285714285,-53.625053377975426
226,validation,2,1,0,-1320.3236688674333,1317.2537466837211,1.1428571428571428,1.6353872451057083,-15.079774219587339,0.7619047619047619,0.047619047619047616,76.8779734896501
227,test,0,1,1,-169.0960495433315,-1681.7469326130622,0.0,0.0,-183.48105916124354,0.0,0.0,-24.9091836871097
227,test,0,2,1,-404.5065663574131,-471.7722379236802,0.0,0.0,65.48069757499053,-0.8,0.0,-34.77800700903767
228,train,0,2,0,150.74020943188088,1606.2683296984237,0.2,0.0,428.0673250588779,0.0,0.0,16.813281961955386
228,train,1,2,0,-90.44193144392705,580.3102746800346,0.2,0.0,-0.9425748172335857,1.2000000000000002,0.0,-20.11511101778049
229,train,1,0,1,-293.9214039341201,-905.0425656472253,0.14285714285714285,-1128.2289560657796,13.7145432111053,0.0,0.2857142857142857,20.85312403431697
229,train,1,2,1,-112.85330150091261,-281.1397182457722,0.0,-234.53585790712202,13.549425518090915,0.2857142857142857,-0.2857142857142857,-105.1089541379483
230,train,0,1,0,-100.03057870631221,487.561702507654,-0.2,115.32000361252058,-0.0,0.0,0.1,-12.580205882319603
230,train,2,1,0,460.0728745805104,1121.0014144881147,-0.2,550.0169748392422,-0.0,0.0,0.5,-76.56197110601308
231,train,0,2,0,-34.87866898285665,-77.41762692027623,1.3333333333333333,-486.87941308220434,0.0,0.0,-0.0,-9.521164533269502
231,train,1,2,0,-102.88598857978019,-468.240007081532,0.0,113.36547113841436,-0.0,-0.0,0.0,3.191809061050757
232,train,0,1,1,-134.660888412909,196.05742573597308,0.0,148.20172443250704,-88.08391807997123,-0.0,0.2,-24.183169192566712
232,train,0,2,1,-93.94406687031085,-176.67023544535732,-0.6666666666666666,714.5895270635704,-334.3191372926038,-0.0,0.0,-5.606994224838935
233,validation,1,0,1,-454.68059703380163,204.9178229470508,-0.3,-179.9258280177619,-148.23451307238824,-0.0,-0.8,-0.0
233,validation,2,1,0,281.6269607420687,-458.2560201438646,0.3,45.3073409466474,-134.05098678074611,0.0,0.4,0.0
234,train,0,1,1,-163.3298883969365,-939.5519914790359,-0.3333333333333333,-0.0,-25.914622617103635,-0.5,-0.0,-0.0
234,train,0,2,1,-164.16461851440954,-1156.4010266360463,-0.3333333333333333,-0.0,2.774042628120185,0.0,-0.0,-0.0
235,train,0,1,1,-627.7150800347529,-2019.8642918927453,0.0,-0.0,-537.8451035391397,0.0,0.0,-0.0
235,train,2,0,0,437.177609910568,1943.0366199619966,-0.0,0.0,-34.965403555071816,-0.0,-0.0,0.0
236,train,0,1,1,-296.78857524621776,118.96642826629522,0.0,-0.0,0.0,0.0,0.0,-356.5724271951527
236,train,2,0,0,89.21934396206359,170.04892609132185,-0.0,0.0,-0.0,-0.0,0.0,482.92850332752516
237,train,2,0,1,-44.068460533425196,-629.2920185136263,-0.8999999999999999,7.144871232719038,22.631854622288394,-0.0,-0.0,-80.8319454862209
237,train,1,2,0,-155.77975340674476,-398.35822786944846,0.8999999999999999,-1.7545265527402536,-160.978626453595,0.0,0.0,-19.51882661295721
238,train,0,1,0,-122.78779660285232,-263.2181127363351,0.0,-36.54592809474712,94.53309914182779,0.0,1.1428571428571428,-74.73994252218
238,train,2,1,0,446.9838527917102,1906.4609083252817,0.2857142857142857,115.4621167431064,32.2554075367462,0.09523809523809523,0.7619047619047619,-79.44491810957449
239,validation,2,0,1,-107.96514595622438,-385.537458927809,-0.0,0.0,-178.3706176301911,-0.3,-0.1,15.086334830267038
239,validation,1,2,0,-133.308041542632,46.38650082631193,0.0,-0.0,58.20845863503329,0.0,0.1,75.87704561290484
240,train,0,1,1,46.7317752055726,1759.1937795531012,-0.1,312.4402330477487,0.0,-0.0,0.8,-15.492520330796765
240,train,0,2,1,1.0809655622932723,1800.2150867272594,0.1,498.25184564945937,0.0,0.0,0.2,-39.08940656127559
241,train,0,1,1,82.80971600495832,-141.12021793513304,-0.14285714285714285,109.91097326348391,77.51585932804524,0.0,-2.380952380952381,104.02675996659507
241,train,0,2,1,311.7649305566938,459.61266994194466,0.0,-4.568515769477017,102.77410943895973,-0.2857142857142857,-0.7142857142857142,-64.63213600782731
242,train,1,0,1,137.3480311667849,561.8847389468801,0.0,0.0,0.0,0.0,-0.0,69.08726525809146
242,train,2,1,0,84.41786652918466,383.6204264660205,0.0,-0.0,-0.0,0.0,-0.0,0.7768270485177027
243,train,2,0,1,89.16462083717818,-753.4862535190232,0.0,0.0,0.0,0.0,-0.0,-294.9399895729225
243,train,2,1,1,107.8528357589945,-922.0573257348924,0.0,-0.0,0.0,0.0,-0.0,-341.9100989218425
244,train,0,1,0,282.22721783395923,-242.47593955427237,0.0,0.0,-0.0,2.0,0.0,0.0
244,train,1,2,1,521.5779623622914,687.4734557548945,-0.0,0.0,0.0,-1.0,0.0,-0.0
245,validation,1,0,0,-13.594423200017786,-367.90738089561546,0.0,303.26130389681487,2.321780698427339,-0.26666666666666666,0.6666666666666666,-0.0
245,validation,2,0,0,44.91407579990721,511.7997476693936,-0.2,562.403869153883,60.88897111409725,-0.26666666666666666,0.6666666666666666,-0.0
246,train,0,1,0,277.8620289170713,218.9425745712083,0.4,39.238429337885215,0.0,0.0,0.0,-2.3175560349982107
246,train,2,1,0,226.64439874772677,603.0201627952279,-0.4,302.61756518895737,-0.0,0.2,0.0,-8.820922539756879
247,train,0,1,0,736.6449666131537,2035.2780193206927,0.4,252.05122303293615,-4.84992649291728,0.2,0.0,-0.0
247,train,2,1,0,636.4698699266112,1867.5134788823725,0.4,-30.346451062645837,51.51819859526097,0.30000000000000004,0.0,0.0
248,test,0,1,0,60.28841664723535,-806.0627834715592,0.6666666666666666,-0.0,-102.49099749581546,0.0,0.0,0.0
248,test,1,2,1,-141.19302568664722,297.96186685393286,-2.0,0.0,113.31881555106709,0.0,-0.0,-0.0
249,train,1,0,1,-194.81072916296034,219.3960432710478,-0.6000000000000001,398.26595512823496,-258.9957367711153,0.0,0.0,-19.998705716523176
249,train,1,2,1,-374.7116260985266,-1068.8362462557084,-0.2,-342.8736272995518,-91.49816901709268,-0.0,-0.0,-9.124047342611311
250,train,0,1,0,-234.2378000304331,351.0007509908082,0.0,0.0,-0.0,-0.0,-0.0,0.0
250,train,1,2,1,1.101924422030038,-1674.5847333061793,-0.0,-0.0,0.0,0.0,-0.0,0.0
251,train,1,0,0,248.77791060059127,1074.5281969374555,0.0,-217.76406168554485,148.9080607754037,0.0,0.09523809523809523,5.437404799506203
251,train,0,2,1,-417.04969597835935,-140.80911629005277,0.0,142.0977221746171,-18.00089433722887,-0.2857142857142857,0.09523809523809523,-9.596310569093196
252,train,1,0,1,221.82181570692444,677.5867554756896,0.0,-937.2324052478791,0.0,-0.0,-0.0,-0.0
252,train,1,2,1,127.68322697929091,474.287155162383,0.0,-914.5900042342691,0.0,-0.0,-0.0,-0.0
253,train,1,0,1,-227.17614582631586,66.15145151353408,-0.0,84.03303369408823,166.54529458674367,0.0,-1.0,-36.41916915936976
253,train,1,2,1,37.931250979428,142.33221609670636,0.0,110.41106897396841,-20.61780668463128,-0.13333333333333333,0.0,3.9441158068141933
254,train,2,0,1,144.97432424439978,926.7654376323353,0.0,-0.0,-241.81067931539002,0.0,-0.0,-129.78207465416222
254,train,1,2,0,-183.7631649920129,-1749.1778593122967,0.5,-0.0,4.6133255621482565,-0.0,-0.0,86.75189691549221
255,train,1,0,1,-276.3432193616146,-161.6104634432213,0.0,-66.07568327165686,-264.10176104671393,-0.2857142857142857,0.0,-19.253265867455855
255,train,1,2,1,24.2812971902531,-2160.0845743519385,-0.38095238095238093,-77.36481803200786,-92.67502816335171,-0.5714285714285714,-0.5714285714285714,-135.43022928502972
256,test,1,0,0,58.75394688100914,1605.8727777646573,0.0,-0.0,57.861128050862135,0.0,-0.3333333333333333,207.68925081851813
256,test,0,2,1,513.3511269347877,1075.0232267409028,0.0,0.0,35.65191821183195,0.0,0.5,-211.23604729057683
257,train,1,0,0,-229.0098913646981,263.58247341018614,-0.0,1078.1174779632267,-0.0,-0.3333333333333333,0.0,-0.0
257,train,2,0,0,-173.77221989379404,-644.3952376431002,-0.0,-59.35160230503614,-0.0,-0.3333333333333333,-0.0,-0.0
258,train,1,0,1,208.2316619127903,874.4301781149338,0.0,-0.0,-0.0,0.0,0.0,0.0
258,train,2,1,0,6.479010517425991,-1359.6804621230995,0.0,-0.0,0.0,0.0,-0.0,274.4715925901353
259,train,0,1,0,121.9311346987655,120.6183940555743,-0.0,0.0,0.0,-0.0,-0.0,163.90470256585058
259,train,1,2,1,-86.59841458620826,454.7754951870793,0.0,-0.0,-0.0,0.0,-0.0,-58.04705627370619
260,train,0,2,0,-102.4742512028995,-632.5593742665751,0.2,-0.0,269.8890470399326,-0.1,1.7999999999999998,0.0
260,train,1,2,0,-21.539461220266958,-183.81648829600817,0.6000000000000001,-0.0,726.6573653677195,-0.1,3.0,0.0
261,train,1,0,0,4.281742849693842,-1757.0436167482294,0.3333333333333333,-0.0,-0.0,0.0,-0.0,232.23625078851003
261,train,2,0,0,-326.6772078252385,-2842.8560628233863,0.3333333333333333,0.0,-0.0,0.3333333333333333,-0.0,0.0
262,test,1,0,1,-479.4956300356706,-777.8395271340987,0.0,-293.19097071280254,45.41544160388319,0.0,0.0,0.0
262,test,2,1,0,-198.6942236578301,-590.168603776573,0.0,122.77833588299735,106.0195571489318,0.0,-0.0,-0.0
263,test,1,0,0,421.7190646915043,678.1175910377547,0.0,0.0,0.0,0.0,-0.0,-0.0
263,test,2,0,0,287.886458096012,1065.1021338499704,0.0,-0.0,0.0,0.0,-0.0,0.0
264,train,2,0,1,-64.67977014513357,-150.25455930624776,-0.3,0.0,0.0,0.2,0.2,4.46594358561345
264,train,1,2,0,130.20263539583337,55.90632019059058,0.3,-0.0,-0.0,0.0,0.30000000000000004,92.5802407896368
265,train,0,1,0,553.2024487353153,814.5371447208322,0.0,1268.3194003591052,-0.0,0.0,-0.0,-0.0
265,train,2,1,0,243.26521234172418,-546.6244132056227,0.0,1300.6378077203312,-0.0,0.0,-0.0,-0.0
266,train,2,0,1,-4.491955514605991,49.022614107384015,0.19047619047619047,-5.000167200358137,45.61361851497414,0.0,1.0,-19.7355136889289
266,train,1,2,0,-31.051775389794216,-471.5149444524295,-0.19047619047619047,-46.04437991609816,77.74412845137064,0.09523809523809523,-0.5714285714285714,47.20171461542533
267,validation,0,1,0,61.7472473818263,68.33440922159662,0.0,0.0,-0.0,0.0,0.0,0.0
267,validation,1,2,1,-31.70345277829614,829.3448734700805,0.0,0.0,0.0,-0.0,0.0,0.0
268,validation,0,2,0,101.19280143654544,646.2992423039414,0.0,-0.0,186.37531696360793,0.0,-0.16666666666666666,0.0
268,validation,2,1,1,116.50035564072522,-757.4983595548674,-0.5,-0.0,-25.842452353134945,-0.0,0.16666666666666666,0.0
269,validation,0,2,0,-212.86527236439895,421.39702320980814,-0.1,693.7336688188794,126.4758342883728,0.2,-0.0,-0.0
269,validation,1,2,0,70.39376444924767,573.2598365211752,-0.30000000000000004,338.0148260032656,255.3711687319722,0.2,0.0,-0.0
270,train,1,0,0,-58.41594144683455,-585.4211368704218,-0.0,37.506093694531195,-15.488045119197674,-0.0,0.0,-0.0
270,train,2,0,0,-39.06054552370381,-441.7392676452091,0.0,-151.56140046240972,19.32437478084345,-0.0,0.0,0.0
271,test,0,1,0,-194.10272333084356,-724.8798949112033,-0.0,-0.0,-0.0,1.0,-0.0,-0.0
271,test,1,2,1,-691.9707986760293,-1577.2459516107137,0.0,-0.0,0.0,0.0,-0.0,0.0
272,validation,0,1,0,29.25304772552613,756.3741973553424,0.0,0.0,0.0,0.0,0.0,501.06736405127447
272,validation,2,1,0,-103.29917180631196,483.42967482267795,-0.0,0.0,0.0,0.0,0.0,490.4379890233579
273,test,1,0,1,133.05494292639673,-142.40981924695825,0.0,250.84507256095478,-81.06798786868109,-0.047619047619047616,-0.2857142857142857,-48.777904429670684
273,test,1,2,1,-252.4050424938814,-1286.6650258075388,-0.8571428571428571,-348.0647015834351,-220.3790651394994,-0.047619047619047616,-0.6666666666666666,-66.04537287690813
274,train,1,0,0,-77.83811777034066,1.8545827419684429,-0.0,-0.0,0.0,0.0,-0.0,0.0
274,train,2,0,0,4.966549669256892,521.2582892429436,0.0,0.0,0.0,0.0,0.0,-0.0
275,train,0,1,0,232.7627464311861,-407.08955549539405,0.0,-0.0,222.3172734030874,0.0,-0.13333333333333333,-26.244245329807107
275,train,1,2,1,-168.99144638787618,313.95434146482876,0.0,0.0,-9.580737073041451,0.0,0.0,68.53521654351218
276,train,2,0,1,-164.64122785509159,2.424612970380167,0.0,0.0,-0.0,0.0,-0.0,0.0
276,train,1,2,0,183.15943401625492,148.83326465582013,-0.0,0.0,0.0,0.0,-0.0,-0.0
277,train,1,0,0,-86.66048557560771,811.4428378144021,0.0,-0.0,0.0,0.0,0.0,0.0
277,train,2,0,0,113.59715721433179,2033.2751176066113,0.0,-0.0,0.0,0.0,0.0,-0.0
278,train,0,2,0,508.28176195075116,-1531.2234689464003,0.6666666666666666,456.05810497973687,-0.0,0.0,0.0,-0.0
278,train,2,1,1,-23.35022340496721,-73.80261854806122,1.3333333333333333,-1270.0458819227274,0.0,-0.0,-0.0,0.0
279,train,0,2,0,279.9078794674383,754.4511964674625,-0.0,0.0,0.0,-0.0,0.0,-0.0
279,train,1,2,0,56.60257040219443,-54.709932090449456,-0.0,0.0,-0.0,0.0,0.0,0.0
280,train,0,2,0,276.65607992438237,881.1929878687301,0.0,15.640833256087944,-9.993741536230875,0.0,0.5333333333333333,-55.81306909331046
280,train,2,1,1,47.525893352233766,-822.4459203811812,-0.2,-60.37286676939737,34.067358909453105,-0.0,-0.5333333333333333,31.733385039474726
281,test,1,0,1,-672.1652123141732,-1450.8978729704559,0.0,-0.0,0.0,-0.0,-0.0,0.0
281,test,2,1,0,895.6695903491457,1092.8332706435876,-0.0,0.0,0.0,0.0,-0.0,-0.0
282,train,0,1,1,459.55468433602925,760.0460669612103,-0.0,-0.0,0.0,0.0,-3.0,-0.0
282,train,0,2,1,430.4530630044631,-277.587702224072,0.0,-0.0,0.0,0.0,-3.0,-0.0
283,test,0,2,0,291.3450339741898,614.5216538823165,0.0,0.0,-0.0,0.0,1.0,0.0
283,test,1,2,0,701.9407606639945,1095.18468041409,-0.0,0.0,-0.0,0.0,3.0,0.0
284,train,1,0,0,110.76008879533981,-345.6781431893569,0.09523809523809523,480.44742410275296,2.1271144358317104,-0.2857142857142857,0.19047619047619047,-2.9872428042850165
284,train,2,0,0,215.35654218101536,871.7019015180203,0.0,151.94140690386575,117.93431902178972,0.0,-0.38095238095238093,0.17361085725828285
285,train,0,1,0,-64.53986059022986,1557.8819847435634,0.0,-0.0,0.0,3.0,0.0,0.0
285,train,2,1,0,-469.96224448665805,-1530.1944692325505,0.0,-0.0,0.0,1.0,-0.0,-0.0
286,train,0,1,0,73.80519672926613,0.0,0.0,52.91853045593825,-0.0,0.0,0.0,3.492902226159156
286,train,2,1,0,-54.507080574091816,0.0,-0.2,272.0132436714255,-0.0,0.0,0.3,-5.342843589633362
287,test,2,0,1,-722.3188040009128,488.433203538636,0.0,-283.1326353272692,-0.0,-0.3333333333333333,-2.5,0.0
287,test,2,1,1,-94.87490128974332,240.1141499639989,0.0,-558.7761622613584,-0.0,0.16666666666666666,-3.5,-0.0
288,train,0,1,0,55.02305755409412,1339.141850422017,0.0,509.16459824813165,-53.887972176921835,0.0,0.0,149.9187593455965
288,train,1,2,1,-120.29802231285856,-1415.5946331193272,0.0,-413.75466381700534,16.10914944801009,-0.1,-0.0,-76.61160227627168
289,train,1,0,1,264.8433483669902,-118.72099261671246,-0.23809523809523808,50.824720669818426,-5.073740192676135,0.0,0.0,-111.59488702233132
289,train,2,1,0,-313.89289826000277,984.250572925178,0.47619047619047616,-45.66354566844778,49.12534125342671,0.2857142857142857,-0.42857142857142855,71.91889065361447
290,train,1,0,0,-379.923446638753,-1610.3120435514334,0.0,-0.0,-0.0,-0.0,0.0,0.0
290,train,0,2,1,-3.0062933663017475,1019.7413681761041,0.0,0.0,0.0,0.0,-0.0,-0.0
291,train,2,0,1,-113.25572012341718,-114.26661331434025,-0.13333333333333333,50.920006531262345,0.0,0.0,-0.6666666666666666,-41.90374503746848
291,train,1,2,0,139.01372886008676,1785.7310265334627,0.13333333333333333,22.910571868531513,0.0,0.2,0.6666666666666666,7.081055954727208
292,test,0,1,1,-709.5478404268089,-568.1010904264731,-0.0,-0.0,-390.07680042281856,0.0,-0.0,0.0
292,test,2,0,0,413.7165110956431,426.8345251187384,0.0,-0.0,874.776793337588,0.0,0.0,-0.0
293,train,0,1,1,-174.253914256327,-1456.4935341298087,0.0,-0.0,-1.3414430188945894,0.0,-0.0,-0.0
293,train,2,0,0,204.02985085883324,542.8976343845079,0.0,-0.0,-9.44699645488322,-0.5,0.0,-0.0
294,train,0,1,1,-239.45390799465417,-698.709553279718,-2.0,-0.0,-0.0,-0.0,-0.0,-0.0
294,train,0,2,1,-259.31777289207787,-762.7901105029423,-2.0,-0.0,-0.0,-0.0,-0.0,0.0
295,train,2,0,1,-210.4463166208385,-1395.7468619350539,0.19047619047619047,-115.35616821090987,-35.00614739769295,-0.14285714285714285,0.0,60.73656397570892
295,train,1,2,0,-132.91788793730018,801.4597938539187,-0.19047619047619047,347.99607054647333,41.77275113037165,0.0,0.8571428571428571,-1.4519291413160296
296,train,0,1,0,-120.4996187299979,-260.7941843829367,-0.0,0.0,-0.0,0.0,-0.0,-0.0
296,train,1,2,1,141.48445010343903,36.84322406162664,0.0,-0.0,0.0,-0.0,0.0,0.0
297,train,1,0,1,-18.388506990554106,-521.3106855165661,-0.6,-0.0,17.88290453475786,-0.2,0.8,-0.0
297,train,1,2,1,-92.12610926378909,20.726889048769863,0.0,0.0,93.35360383272317,0.0,0.8,-0.0
298,test,0,2,0,-217.2209867234376,381.42271066425747,-0.19047619047619047,408.74806904414515,-14.99366186595986,0.0,-0.09523809523809523,104.29948008764765
298,test,2,1,1,-29.271485532817337,-75.6439156738511,0.0,-126.08269018190931,-3.3550661943797118,0.0,0.047619047619047616,22.374982043771094
299,train,0,1,0,-83.74306434615511,657.5550179610882,-0.0,297.5665166788191,-0.0,0.0,0.4,11.89417167133221
299,train,1,2,1,-74.1876981174708,-449.639771695277,0.0,-214.37570089789088,-0.0,0.0,0.0,-21.248748101023143
300,train,1,0,0,146.4844831385011,459.1276229754217,0.0,-0.0,0.0,-0.0,0.0,-0.0
300,train,2,0,0,237.32960390799826,1093.5963865034942,4.0,-0.0,0.0,-0.0,0.0,-0.0
301,train,0,1,0,63.550934925670276,-414.9531882185154,0.047619047619047616,-4.125875970813435,17.38286347818629,0.09523809523809523,0.0,40.40435889718421
301,train,1,2,1,-114.36854473149594,382.77348012266066,-0.047619047619047616,-29.748522746551753,1.2254935394932511,0.0,0.47619047619047616,-36.30873632762297
302,test,0,1,0,580.909734915348,22.28603251460936,-0.0,324.3370567513857,-71.2891760662026,0.0,-0.0,64.3885669365237
302,test,2,1,0,143.9816544056311,-151.3639687228465,-0.0,214.5508902371913,5.9526069333757805,0.0,-0.0,81.20419210549872
303,train,0,1,0,163.86153296720875,121.47144404198116,0.0,0.0,-0.0,-0.0,0.0,0.0
303,train,1,2,1,-221.13932211285805,-1004.8114955929295,0.0,-0.0,-0.0,0.0,0.0,-0.0
304,train,0,1,0,127.93928055858379,172.11630362894448,-0.06666666666666667,0.0,-2.3126288115440445,0.0,0.0,46.77329544194813
304,train,2,1,0,178.16617348854288,109.70209482379505,0.06666666666666667,0.0,247.2977177741547,0.26666666666666666,0.6000000000000001,15.480290044481828
305,train,1,0,0,689.0340299167175,1717.6914707860215,0.0,-88.8822391477724,147.03639443559007,0.3333333333333333,3.0,4.678145058921018
305,train,0,2,1,84.63012095380168,-482.42242653567337,-0.0,85.40603627916728,-140.6388543981789,0.0,-1.6666666666666665,94.54808873966044
306,train,1,0,0,234.15754106313005,436.54530911529764,0.0,0.0,-0.0,0.0,0.0,0.0
306,train,2,0,0,443.8938285954666,189.31616058661848,2.0,0.0,0.0,0.3333333333333333,-0.0,0.0
307,validation,0,2,0,-537.0407563721412,-634.1925244437152,0.47619047619047616,24.360039976456033,19.161920511461716,0.0,0.047619047619047616,111.70420298440241
307,validation,1,2,0,-679.8772873656578,-1321.2195601653866,0.47619047619047616,34.608517979398975,-87.79257705296492,0.19047619047619047,0.047619047619047616,0.0
308,train,2,0,1,-19.600181715818735,-1381.4661476433166,-0.0,-578.5506964286093,-0.0,-0.6666666666666666,-0.0,0.0
308,train,1,2,0,1591.879595769757,5129.810115264071,0.0,701.8320855622196,0.0,-0.6666666666666666,0.0,0.0
309,train,2,0,1,-190.79647146851903,-1517.6428582791,0.0,-0.0,-309.71014921749526,-0.3333333333333333,0.0,-0.0
309,train,2,1,1,-328.3526490309566,-699.2184504120919,0.0,-0.0,-11.51412319925517,0.0,-0.0,-0.0
310,train,1,0,0,194.93385677557086,429.49640546432147,-0.0,262.77885203062624,0.0,0.0,0.0,-0.0
310,train,2,0,0,255.14865142254536,636.0074560139533,0.0,147.32578759288225,-0.0,0.0,0.0,-0.0
311,train,1,0,0,-68.75824376049786,-692.5709695391506,0.0,0.0,20.435578276446407,0.3,-0.4,-14.933353563591783
311,train,0,2,1,48.37069222779462,65.95938108235941,-0.0,0.0,-0.7857694102103125,0.0,-0.8,-32.160452546189376
312,train,1,0,0,-301.94614077090773,-798.73217256917,0.0,-0.0,0.0,0.0,-0.0,-0.0
312,train,2,0,0,-151.44682673370062,123.69967537188768,0.0,-0.0,0.0,-0.0,0.0,-0.0
313,train,2,0,1,-25.096771925767825,0.0,0.0,-0.0,0.0,0.0,0.0,-0.0
313,train,1,2,0,-4.7106590680335785,0.0,0.0,0.0,-0.0,0.0,-0.0,-0.0
314,train,1,0,0,457.3938430432563,42.21177532157071,0.0,603.2329147111815,-0.0,0.0,0.6666666666666666,0.0
314,train,0,2,1,9.177827038488203,71.48177790695172,-0.0,-392.36914439868025,0.0,-0.0,-0.6666666666666666,-0.0
315,train,0,1,1,-461.188071690636,-1827.499589006884,-0.0,-154.83174308918603,144.24364947419795,-0.16666666666666666,-0.0,-0.0
315,train,2,0,0,-403.93559397283036,-1005.4543615599614,0.0,710.8744168892862,160.54209248918443,-0.16666666666666666,-0.0,-0.0
316,test,1,0,0,-225.4145612215986,-1652.9493149178024,0.0,-0.0,-0.0,0.6666666666666666,0.0,-152.10472052650655
316,test,2,0,0,74.59349144432178,485.7594786153386,-0.0,-0.0,0.0,0.6666666666666666,0.0,10.601679752175338
317,train,1,0,0,150.6665332332842,1669.0791625980496,0.0,-43.773258858789404,99.40615691861122,0.047619047619047616,1.1428571428571428,12.176366686907222
317,train,2,0,0,184.3242400813366,425.2868547562539,0.23809523809523808,-101.52987640604364,5.406154562619682,0.0,-0.2857142857142857,82.11111613765888
318,train,0,2,0,25.21964368327457,539.7048160502777,0.0,531.6378128888897,-0.0,0.0,0.6666666666666666,0.0
318,train,1,2,0,71.64132895986918,-1.7150480211375907,0.0,347.5550591046085,0.0,0.0,0.0,-0.0
319,train,2,0,1,-72.77181289168561,-1638.7103860246789,-0.0,-1931.7928670443025,0.0,0.0,-0.0,-0.0
319,train,2,1,1,-669.7290828548929,-2011.4639531535386,-0.0,-171.0633468448391,0.0,0.0,-0.0,-0.0
320,validation,0,1,0,706.2688787120334,2402.3137475534077,-0.3333333333333333,-0.0,328.56995303259583,-0.0,0.0,-104.75934604712569
320,validation,1,2,1,292.4904866625769,-635.6466142171712,0.16666666666666666,0.0,-542.6607891709734,0.0,0.0,113.8988329371829
321,train,1,0,1,284.6716752206631,502.7516726237818,-0.0,-0.0,-0.0,-2.0,-0.0,0.0
321,train,1,2,1,117.41805907500282,-157.78780445186976,-0.0,0.0,-0.0,0.0,0.0,-0.0
322,train,0,1,1,-351.93463841099737,-1018.9788059322727,0.0,12.079688836801347,0.9536466974590326,0.0,0.0,-47.21847020984285
322,train,2,0,0,-69.53307339017178,78.91911581333238,0.0,-97.61786244252728,-12.039486863293451,0.0,-0.0,24.46919056158447
323,validation,0,1,0,329.09434894499987,1058.0244773933591,0.5,976.4772347233329,422.1285722369492,0.0,0.0,-0.0
323,validation,1,2,1,-614.8721690840481,-1506.5050112945191,-0.6666666666666666,-1356.4144744153677,-146.07057542532033,-0.0,0.0,-0.0
324,validation,1,0,0,-60.57010484194427,-1105.305807224001,0.0,-364.662088910243,356.78418488621355,-0.0,0.5,-0.0
324,validation,0,2,1,66.91941764371677,720.0195401243109,-0.0,-404.452640559378,-152.48502409338633,-0.0,-0.16666666666666666,0.0
325,train,0,2,0,134.15728000296377,825.1376537931551,0.0,-0.0,-0.0,0.0,2.6666666666666665,-3.4988001695580615
325,train,1,2,0,78.89381114154378,1334.5775111160883,0.0,0.0,0.0,0.0,3.333333333333333,-68.82993270386982
326,train,1,0,0,-49.81882724763079,844.3742162127382,-0.0,0.0,0.0,0.0,0.0,0.0
326,train,0,2,1,156.57164048312518,832.0745492191663,0.0,-0.0,-0.0,-0.0,0.0,-0.0
327,train,0,2,0,291.5901107705672,-220.79125261993704,-0.0,229.92270709919018,-0.0,-0.0,-0.0,-40.61655946450203
327,train,2,1,1,-329.74947730141844,-1649.340556730337,0.0,-373.55035603333397,-0.0,0.0,0.0,-182.6778909153083
328,train,0,1,0,-493.33305492271086,-57.08251151864897,0.0,447.1281870070161,0.0,-0.0,0.0,0.0
328,train,2,1,0,419.13821946474195,407.5878382119681,-0.3333333333333333,162.45400780531463,0.0,0.0,0.0,0.0
329,train,1,0,0,-148.29888864688166,-153.941302247772,-0.06666666666666667,-0.0,76.67838271229154,0.0,0.3333333333333333,64.47581318348095
329,train,2,0,0,-80.121505444832,-36.89441777860429,-0.06666666666666667,-0.0,54.413568178151344,0.0,1.3333333333333333,-11.335107914914254
330,train,0,2,0,-60.886958442123614,-121.68133967753965,0.0,306.54692749305633,-0.0,0.0,0.0,0.0
330,train,1,2,0,-54.42603407196907,-579.2437767237643,0.0,77.79207811763536,-0.0,0.0,0.0,-0.0
331,validation,0,1,0,255.56813483716923,768.4952891042653,0.0,-0.0,-0.0,0.6666666666666666,0.0,71.42215946663406
331,validation,1,2,1,-46.72329119945232,71.29854731113574,-0.0,-0.0,-0.0,0.0,-0.0,-86.50757248425327
332,train,0,2,0,-136.8435615097692,-50.557274906815564,1.0,0.0,-0.0,-0.0,0.0,0.0
332,train,2,1,1,-101.1683975021408,-1232.5910334483847,-2.0,-0.0,-0.0,0.0,-0.0,-0.0
333,test,2,0,1,-152.9412100691352,539.8158117197509,-0.0,-0.0,0.0,-0.0,0.0,0.0
333,test,1,2,0,471.5241955720902,-303.1210046663573,0.0,0.0,0.0,0.0,0.0,-0.0
334,validation,1,0,0,193.78902452841555,1078.5826472443532,0.0,0.0,4.741273204088239,0.0,3.333333333333333,-0.0
334,validation,0,2,1,-528.6117928085879,-893.8216437177216,-0.0,-0.0,-299.1568414999981,-0.0,-2.0,0.0
335,train,0,1,0,-12.154577615037681,73.84682646867077,-0.47619047619047616,13.097642894454955,447.44519926916354,-0.19047619047619047,0.0,5.1178742694927895
335,train,2,1,0,295.5950771868472,475.72649330967215,-0.23809523809523808,15.315775753294734,102.60798690986819,0.38095238095238093,-0.09523809523809523,-1.9656481465950095
336,train,0,1,0,284.56777190040555,700.8576832612862,0.0,0.0,0.0,0.0,0.0,-0.0
336,train,2,1,0,88.36842161875825,1751.7808858368735,0.0,-0.0,0.0,0.0,3.0,-0.0
337,train,1,0,1,-129.62818956577217,-288.58104138682575,0.0,0.0,-0.0,0.0,0.0,-0.0
337,train,1,2,1,48.02633880925572,240.25859856291754,0.0,0.0,-0.0,0.0,0.0,-0.0
338,train,1,0,1,-116.32505637788802,-201.14692576217385,0.0,0.0,16.28085079492331,-0.0,-1.0,-20.852933476507985
338,train,1,2,1,142.97347220054667,-741.8095964791019,0.0,0.0,-539.2669581215374,-0.0,-0.3333333333333333,-66.21834607921159
339,train,1,0,1,-978.9581768303541,-1890.3055415835288,0.0,0.0,-0.0,0.0,-1.0,0.0
339,train,1,2,1,207.16590878901593,537.0033203878484,-0.0,0.0,0.0,0.0,1.0,-0.0
340,train,2,0,1,-16.65926722297965,-0.5862998071893344,0.3,0.0,-4.87559113697007,0.0,-0.0,-85.74935844972813
340,train,2,1,1,-62.545406803715196,0.0,0.0,0.0,-9.247380987798909,-0.6000000000000001,-0.0,0.0
341,test,0,2,0,-401.93242123975244,-2621.4567575587025,0.6000000000000001,0.0,500.6681145906212,0.0,-1.5,-43.846540221291704
341,test,1,2,0,428.3221141274753,-2319.5881346417336,0.0,-0.0,218.3491120292814,-0.0,-0.8999999999999999,-56.00828889202938
342,validation,1,0,0,-233.90568888458034,-581.7083800202131,0.13333333333333333,107.80929995502584,-22.039029977430847,0.0,1.3333333333333333,-0.0
342,validation,2,0,0,46.67495978162992,1023.9993525809596,0.06666666666666667,-13.377399941247404,177.60395759482543,0.0,2.333333333333333,-0.0
343,train,0,2,0,-213.1213082014732,1381.7346377559425,0.0,476.72901622213817,0.0,0.0,0.6666666666666666,13.030661743933308
343,train,2,1,1,180.63971037557076,-217.6419436912047,-0.0,-74.16679049562447,-0.0,0.0,-0.3333333333333333,19.739909361992858
344,train,0,1,0,-337.6637956251177,-2736.5381328215735,2.0,0.0,-0.0,-0.0,-0.0,0.0
344,train,2,1,0,324.38289701980284,906.2499516082516,4.0,0.0,-0.0,0.0,0.0,0.0
345,train,0,1,1,-54.65968636847538,74.92552692682693,0.0,217.90055386660566,-21.478103702110655,0.0,-0.6000000000000001,-0.0
345,train,2,0,0,172.76062514023386,353.20247276540067,-0.13333333333333333,-93.24004435142743,62.028748481866906,0.0,1.4000000000000001,-0.0
346,train,0,2,0,516.5637584787668,1320.9336065110056,3.0,-0.0,0.0,0.0,-0.0,-0.0
346,train,2,1,1,-1360.7755888968668,-1723.3509132681093,-2.0,0.0,-0.0,0.0,0.0,-0.0
347,test,0,1,0,-526.7934866968517,355.40287515235923,0.0,-0.0,-0.0,-0.0,0.0,260.3850214678573
347,test,2,1,0,-637.2487205601421,-777.5730537092868,0.0,-0.0,-0.0,-0.0,-0.0,135.40425438413078
348,train,0,2,0,22.05986524803052,-191.163104323703,0.0,0.0,0.0,0.0,4.0,-0.0
348,train,1,2,0,-150.72296020117142,910.6331580276296,0.0,0.0,0.0,-0.6666666666666666,2.6666666666666665,0.0
349,train,0,2,0,-14.173987438597237,761.7377120988799,2.0,-0.0,-0.0,-0.0,0.0,-0.0
349,train,1,2,0,-29.155379825382056,1859.3581641653113,2.0,0.0,-0.0,0.0,0.0,-0.0
350,train,0,1,1,-406.8566838543111,-2065.3473945089218,0.0,-2647.3261383745225,-0.0,0.0,0.6666666666666666,0.0
350,train,0,2,1,-166.97568332109904,-2545.1711918714636,-0.0,-1193.6548979035729,0.0,-0.0,0.6666666666666666,-0.0
351,train,0,1,0,-259.19505314341006,-140.79385886063483,0.0,73.04537037052363,-0.0,0.8,0.0,-44.96646657405709
351,train,1,2,1,-738.5824703316291,-1025.7801420730593,0.0,-50.18253568824191,0.0,-0.4,-2.0,-87.89004157478963
352,test,0,1,1,-257.74691235154626,11.869702499859159,0.0,0.0,-0.0,0.0,-0.0,-0.0
352,test,0,2,1,-924.0297643835022,-1013.1688444613719,0.0,0.0,-0.0,0.0,-0.0,0.0
353,train,0,1,1,-257.00867166849275,-648.240949659631,-0.5,-126.33642089911218,-0.0,-0.6666666666666666,-0.0,-0.0
353,train,2,0,0,-214.06147699228052,505.014023634968,-0.5,236.24028839922065,-0.0,0.6666666666666666,0.0,0.0
354,train,0,1,0,360.9788983869124,2747.787846327039,-0.47619047619047616,122.17567097288051,37.59593586374826,0.2857142857142857,-0.19047619047619047,0.733236819873712
354,train,1,2,1,143.07608237713248,-376.08240891064816,0.0,-441.1980359819695,-75.04077724102505,0.2857142857142857,0.2857142857142857,5.622634453767849
355,test,2,0,1,95.20138496844021,552.9954335120938,-0.0,-0.0,0.0,0.0,0.0,0.0
355,test,1,2,0,35.63571594262646,311.40920867041314,0.0,0.0,-0.0,0.0,-0.0,-0.0
356,test,1,0,1,-119.83718453582492,378.4842236408522,-0.1,0.0,19.06326580674064,0.0,-0.0,-12.290793966783207
356,test,2,1,0,84.58029791708691,-449.3449235824655,-0.1,-0.0,-43.640265188728755,0.0,0.0,45.4650164345535
357,train,1,0,1,229.03141195187663,337.66896205838975,-0.4,-76.14137369870566,-28.944775160027426,0.0,-0.0,42.2457461449671
357,train,2,1,0,355.88169531138453,693.3986317984595,0.2,147.45363274446714,-1.456482122764126,0.0,0.0,51.31555267831098
358,train,1,0,0,314.95913777991626,780.689552486785,0.0,269.2971325873544,0.0,0.0,-0.3333333333333333,-0.0
358,train,2,0,0,338.0583906033832,254.65166134113224,0.0,-123.54821297332106,0.0,0.0,1.0,-0.0
359,validation,1,0,0,275.96225626640324,460.36556097487073,0.0,0.0,0.0,0.6666666666666666,-0.0,75.28781005107328
359,validation,0,2,1,-170.2657891420315,910.1468518748061,0.0,-0.0,0.0,0.0,0.0,-87.56936318889527
360,train,0,1,0,155.8627770194728,-56.11987680463699,0.0,0.0,0.0,-0.0,0.0,0.0
360,train,2,1,0,279.1865339489151,1057.0070104759507,0.0,0.0,0.0,-0.0,0.0,0.0
361,train,1,0,0,521.7592736782867,1618.9904404408808,0.7142857142857142,6.300263565049612,270.8457200708653,-0.5714285714285714,-0.5714285714285714,94.57372023894752
361,train,2,0,0,131.53649315154917,1582.9026260666124,-0.47619047619047616,189.30820666744359,57.39931148884282,-0.19047619047619047,0.5714285714285714,40.962211805809225
362,train,1,0,0,362.3480043152123,498.36717359956765,-0.0,156.0762951475945,-53.95244261310742,0.0,0.8,0.0
362,train,2,0,0,300.7178850578797,586.5012538488627,-0.0,-31.784142113950836,-47.23640440018835,0.0,0.0,0.0
363,train,0,2,0,268.3880165233545,-236.07342122759974,0.0,0.0,0.0,1.0,-0.5,167.80609372354309
363,train,1,2,0,372.4117423946168,869.9502365719923,0.0,-0.0,0.0,-0.5,0.3333333333333333,111.4822939521475
364,train,0,1,0,-77.86128961267156,-657.0063317910553,0.0,-0.0,-0.0,0.0,-0.0,-0.0
364,train,2,1,0,413.22405460957873,-175.39933972737708,-0.0,-0.0,0.0,0.0,-0.0,-0.0
365,train,1,0,0,181.00645700815141,117.94872846874478,0.0,-103.31942178405862,31.200454533152836,0.0,-0.0,30.09165146536398
365,train,2,0,0,55.75384355977218,34.43984383930547,0.26666666666666666,-176.8259662771777,-3.732552611243555,0.26666666666666666,0.0,77.09803565552191
366,train,0,2,0,705.7591054641223,888.8696043463224,0.23809523809523808,110.39113001957793,-68.6854817318835,0.8571428571428571,-0.7619047619047619,22.599471574712737
366,train,2,1,1,46.12337179487622,-902.5366366545513,-0.47619047619047616,-72.51287552831347,50.94724436422754,-1.4285714285714284,1.3333333333333333,3.8499004210643974
367,train,1,0,1,190.96272809657404,1328.8548415054315,0.0,81.33286135684303,-85.17706674056765,-0.14285714285714285,0.09523809523809523,-108.80015014939802
367,train,1,2,1,159.85307973756494,-779.4872162799493,0.0,-56.39614986617696,-42.19213709144871,0.0,0.2857142857142857,-80.26819735539293
368,train,2,0,1,-1211.5816046605198,-2923.3703842241703,-0.0,239.45553509243854,-28.281939821150036,0.3333333333333333,-0.3333333333333333,-122.22604397935268
368,train,1,2,0,137.82299186296854,542.4871642400931,0.0,119.05009093305227,296.3439177319425,0.0,0.2,-72.58450697647022
369,train,0,2,0,-64.73217429773683,509.3992161365859,-0.0,347.6870996383389,278.32515297539464,0.0,-0.0,0.0
369,train,2,1,1,131.786321475536,445.2211518016916,0.0,-147.86858937744387,-251.296525068076,0.0,0.0,0.0
370,train,0,2,0,-278.29881658220717,-694.0767274380833,0.8571428571428571,286.594870211464,-28.94791508129593,0.5714285714285714,0.0,-44.87846193877626
370,train,2,1,1,35.55282240473673,544.9403618826695,-0.5714285714285714,-71.46306257846055,69.91320584709491,0.0,-0.09523809523809523,-15.083805875900268
371,train,0,1,0,-212.7266113823125,-1088.1812980910486,-0.0,61.35743223658858,-0.0,0.4,0.0,0.0
371,train,1,2,1,-45.749140365684866,-27.49855228180695,0.0,19.497261741422268,0.0,-0.4,-0.4,-171.95635809017628
372,validation,0,2,0,229.04518409973036,-713.9544432104203,-0.0,-0.0,0.0,-0.0,-0.0,-0.0
372,validation,1,2,0,422.57313689671696,-374.55064908140776,-0.0,-0.0,0.0,-0.0,-0.0,0.0
373,train,0,1,0,12.77586646134273,765.7412032120287,2.6666666666666665,0.0,-0.0,0.3333333333333333,0.0,-0.0
373,train,1,2,1,-377.35410112567104,-242.04062321084848,1.3333333333333333,0.0,0.0,-0.6666666666666666,0.0,0.0
374,test,0,2,0,45.98285897220899,613.8547963136161,0.0,114.80776293844633,3.648450781819156,0.8,0.0,-0.0
374,test,1,2,0,129.38891716978338,922.1668553520935,-0.13333333333333333,-173.2390120685152,51.04209867849777,0.0,0.06666666666666667,-0.0
375,validation,0,1,0,-192.88080161348455,1254.7376278433712,0.19047619047619047,109.13518314999301,103.04311575513375,-0.09523809523809523,1.1428571428571428,210.21282031967064
375,validation,1,2,1,-731.923265033486,-965.0289240857965,-0.2857142857142857,-14.659248111093216,-68.9518680978842,-0.047619047619047616,-0.8571428571428571,-2.542990394019991
376,train,1,0,0,169.40401201955558,-581.769438378793,-0.0,-0.0,0.0,0.0,-0.0,0.0
376,train,0,2,1,-587.3868594808258,-1684.2761518142315,-0.0,-0.0,-0.0,0.0,0.0,0.0
377,validation,2,0,1,317.2631171561167,1265.7071271478198,0.0,-0.0,0.0,0.0,-0.0,-0.0
377,validation,2,1,1,171.9478700135278,779.6612111473555,0.0,-0.0,0.0,-0.0,0.0,0.0
378,train,1,0,0,-151.8976897273837,162.03441186567125,-0.0,-0.0,-0.0,-0.0,0.0,0.0
378,train,2,0,0,-224.95889346231445,-97.94835235557684,0.0,-0.0,-0.0,0.0,0.0,-0.0
379,test,0,1,0,92.99567863409789,1669.4182143856283,0.6666666666666666,-263.0091073533274,-0.0,0.0,0.0,19.077149169337765
379,test,2,1,0,475.7254680982922,1860.6352352174886,0.3333333333333333,93.2402282300953,-0.0,-0.0,0.0,164.1679002217655
380,validation,1,0,0,264.35500057031015,420.239380514186,0.0,102.47990947182814,-0.0,-0.0,0.0,-0.0
380,validation,2,0,0,451.64779518516514,270.66868427706913,-0.0,123.8917880179282,-0.0,-0.0,0.0,-0.0
381,train,0,1,0,223.81062172915802,743.083340396739,-0.23809523809523808,180.59777915884777,175.58928913116642,0.09523809523809523,-0.14285714285714285,30.561749207243846
381,train,2,1,0,-121.80281695250278,392.3419887055429,-0.23809523809523808,-21.902204675198433,0.3178910833469542,-0.09523809523809523,0.42857142857142855,8.818161734802118
382,test,0,1,0,-677.3339040275928,-2907.714478273667,0.0,158.02692474146343,914.8877248678284,-0.0,-0.8,258.5077805329721
382,test,2,1,0,-165.09361686834086,-3288.5224590364105,-0.0,62.03993756529948,192.82796323416022,-0.0,-0.9,41.07589150019435
383,train,0,1,1,-135.8036772281074,-871.4951969843423,-1.5,-98.43878312960388,-280.03590555611146,-0.2,-0.0,-0.0
383,train,2,0,0,460.40974120702606,873.1436846776387,0.6,-38.458516535765376,553.7276335859177,0.2,0.0,0.0
384,validation,0,1,1,-1030.7788157317925,-1381.195373110791,0.0,-85.805924734144,-181.36095415114403,-0.23809523809523808,-0.8571428571428571,19.31516599726644
384,validation,2,0,0,177.991411454351,182.85945303898006,0.7619047619047619,-24.784547766488924,16.841496112511916,0.0,0.2857142857142857,-10.610018165072319
385,validation,0,1,0,509.1959366138655,1558.4038766669437,0.0,0.0,-0.0,-0.0,0.0,-0.0
385,validation,2,1,0,454.3233447437504,241.3196399325875,0.0,0.0,-0.0,0.0,0.0,-0.0
386,train,1,0,0,-51.778364801235966,157.87359768028364,0.0,-0.0,449.4751144579689,0.0,1.0,0.0
386,train,0,2,1,-548.5268410833188,-605.0033567981964,0.0,-0.0,-711.418840051022,0.0,-0.6666666666666666,0.0
387,train,1,0,1,-461.40125985876864,-424.81017410174627,-0.14285714285714285,71.48290912796047,51.223650678046155,0.0,0.0,38.752041788859835
387,train,2,1,0,95.42473440152443,577.7907009584851,0.0,9.024701627893364,-29.17294720028959,0.19047619047619047,-0.38095238095238093,-48.475420214139106
388,train,0,1,0,21.51768041301176,310.37489038027707,0.0,234.19692599849603,-0.0,-0.0,-0.0,177.71953504581225
388,train,2,1,0,-53.394766010063506,387.0103660440732,0.0,1121.0057872744042,-0.0,-0.0,-0.0,0.0
389,train,1,0,0,299.4930145206571,2102.846409369864,0.0,147.00634875857875,79.416754574395,0.0,3.5,-0.0
389,train,2,0,0,-26.71883397242641,456.70655326963515,-0.0,-37.51653962907399,43.32782119573564,-0.0,0.5,0.0
390,train,0,2,0,-33.18936023967444,305.73206596233877,0.30000000000000004,-0.0,-0.0,0.3,1.2000000000000002,-17.201125146123925
390,train,1,2,0,95.65950577106116,867.2154970744414,0.0,-0.0,0.0,0.3,1.6,-52.90751344844511
391,train,0,2,0,185.83299505599643,-266.10625289800555,-0.0,-0.0,-0.0,0.0,0.0,0.0
391,train,1,2,0,-71.21111587359064,-625.1557727492864,-0.0,0.0,-0.0,0.0,-0.0,0.0
392,validation,1,0,1,166.221544498173,1242.2818143754266,0.0,0.0,-0.0,-0.0,0.0,0.0
392,validation,2,1,0,-289.81050706314585,-1210.250342048917,0.0,-0.0,0.0,0.0,0.0,-0.0
393,train,1,0,0,-145.15748366329493,-60.78022456437611,0.0,0.0,-77.27303744346678,0.0,0.0,0.0
393,train,2,0,0,241.01014980739785,1015.7571089465389,0.0,-0.0,296.46378643728013,0.6666666666666666,-0.0,-0.0
394,train,1,0,1,209.5616813046173,277.3869096734056,0.0,211.45357359513906,0.0,0.0,-0.8,-0.0
394,train,2,1,0,240.7604328498375,15.635316115032765,-0.30000000000000004,-218.78531004234375,-0.0,0.0,0.8,0.0
395,train,1,0,1,-48.65258539269024,-841.740985670072,0.0,-87.67245789539987,-118.39531934362056,0.0,-0.5333333333333333,35.80091274021396
395,train,1,2,1,-209.49922062374299,-452.1167347446467,-0.0,24.815010624965634,-20.40286834966309,-0.3333333333333333,0.26666666666666666,16.66724453141742
396,validation,0,1,1,178.29556370502723,722.9567345374207,-0.0,-3552.613553062529,-0.0,0.0,-0.0,0.0
396,validation,0,2,1,90.72189136886982,730.3013880400304,0.0,-2269.427543943272,-0.0,-0.0,0.0,-0.0
397,train,0,2,0,253.34977915402533,-1132.0866187506717,0.0,0.0,413.7635764879052,0.0,-0.0,0.0
397,train,1,2,0,308.3462651034622,-133.36947491254068,0.6666666666666666,0.0,172.11613995204985,0.0,0.0,-0.0
398,train,2,0,1,710.5469484718972,1901.5939012178587,-0.06666666666666667,9.77653926245207,-938.4005102302868,-0.0,-0.5333333333333333,-1.2482817809196263
398,train,1,2,0,-246.79435383023485,-864.4302896715226,0.0,-51.114697062230334,259.95329055571534,0.0,0.0,-19.528874569965055
399,train,2,0,1,232.51466116694314,240.3967012675048,0.0,0.0,-127.48071082308566,0.0,0.3333333333333333,0.0
399,train,2,1,1,248.51954831931994,-738.8259291423192,-0.0,0.0,-190.0465984218693,0.0,-0.16666666666666666,-227.82168941763433
400,train,0,2,0,126.50755841059481,1155.5931362600973,0.0,-394.722423717968,0.0,0.0,0.6666666666666666,0.0
400,train,1,2,0,-1.059663083678629,558.7301949726289,-0.0,119.59772496403275,0.0,0.0,0.6666666666666666,0.0
401,train,0,1,0,-88.71202449860823,446.24559265378684,0.0,0.0,0.0,0.0,1.3333333333333333,0.0
401,train,1,2,1,343.5804013962077,115.94908096886411,0.0,-0.0,0.0,-1.0,0.0,0.0
402,train,2,0,1,284.84839873162105,454.12492094465597,0.0,-0.0,-0.0,0.0,-0.0,0.0
402,train,2,1,1,-9.995801233363636,566.8312560116183,0.0,0.0,-0.0,0.0,-0.0,0.0
403,validation,0,1,0,-36.327463475962645,526.5213375096646,0.0,-177.24086859914587,176.1074877050646,-0.0,-0.0,0.0
403,validation,2,1,0,89.03829935902843,263.8038530379172,0.0,-23.429732370687056,348.33701282630665,-0.0,0.0,0.0
404,test,0,2,0,146.84135240098396,526.2020014279269,-0.13333333333333333,396.54100419839807,0.0,0.0,0.6666666666666666,21.452070375822203
404,test,1,2,0,-77.47438290026128,873.7525500463535,-0.06666666666666667,623.9292531165726,0.0,0.2,0.3333333333333333,61.638894734566
405,test,2,0,1,-181.97809489822453,-1992.037321569554,0.0,0.0,47.360739580011796,-0.5,-1.3333333333333333,-0.0
405,test,1,2,0,454.4663986584675,2230.0655440920095,0.0,0.0,-47.053223026161426,1.0,1.1666666666666665,0.0
406,test,0,1,0,-372.46357412809675,-601.289082981596,0.3333333333333333,-0.0,634.6010939233807,-0.16666666666666666,-0.0,-0.0
406,test,1,2,1,331.2773249446344,-230.28411649901136,-0.3333333333333333,0.0,-300.65031392400215,0.16666666666666666,-0.0,0.0
407,test,1,0,1,193.4080917388364,716.4708116000379,0.0,-482.359191700646,0.0,0.0,0.0,0.0
407,test,1,2,1,186.9811382058382,260.4365737354701,0.0,-1027.4787233037255,0.0,0.0,0.0,-0.0
408,train,1,0,0,-261.82626641330086,76.75219302685628,-0.0,-84.60454326818315,0.0,0.3333333333333333,-0.0,0.0
408,train,2,0,0,-294.68786020121854,-141.12474375230977,0.0,690.8929372419561,0.0,0.0,-0.0,0.0
409,train,2,0,1,204.31064110176231,-305.11535520487087,-0.16666666666666666,-325.7488692216853,-484.3518094881279,0.0,0.0,0.0
409,train,1,2,0,185.75707034035372,1959.5312198559282,0.5,698.377732901498,331.97709825261677,0.0,0.0,0.0
410,test,0,1,1,-178.7594125800399,-915.8996464193597,-0.16666666666666666,-0.0,-0.0,0.0,-0.0,100.30177905125751
410,test,2,0,0,68.62826740348743,604.4270966255799,0.0,0.0,0.0,0.3333333333333333,-0.0,-190.55313102033247
411,train,2,0,1,-46.89579091878795,-378.5924654592154,-0.42857142857142855,105.41289680148549,-132.59584882428564,0.19047619047619047,0.14285714285714285,-149.18968302930088
411,train,1,2,0,246.14178068341425,292.55477167818754,0.2857142857142857,-8.979019128651522,203.92843916060298,-0.19047619047619047,-0.23809523809523808,93.5839006014856
412,validation,0,1,1,-67.48995423837596,1281.5298875026006,-0.4,-0.0,-97.850213190644,0.2,0.1,0.0
412,validation,2,0,0,257.41917603082857,-716.576969107683,0.0,0.0,35.81639062326136,0.0,-0.30000000000000004,-0.0
413,train,2,0,1,62.48363772069558,639.2298358984531,0.1,-133.1999019808048,0.0,0.0,-1.2000000000000002,0.0
413,train,1,2,0,36.33374774532945,488.5612915190868,-0.2,31.045929962127317,-0.0,0.4,0.4,-0.0
414,test,1,0,0,80.5917401754736,63.03918111897838,0.0,0.0,-0.0,0.0,-0.0,-0.0
414,test,0,2,1,-124.5653206420505,-843.1617904824698,-0.0,-0.0,0.0,0.0,-0.0,-0.0
415,test,0,2,0,-329.75437829006194,419.39034035555596,0.13333333333333333,-57.905934775929005,100.92701476005936,0.26666666666666666,-0.0,198.79049317909906
415,test,2,1,1,541.5676285016341,500.4636591187882,-0.13333333333333333,-17.142834936216545,16.357088612174152,-0.26666666666666666,0.0,-83.98542238500129
416,train,2,0,1,-70.66100901074549,435.3204682371197,0.0,-0.0,-0.0,-1.0,0.0,-0.0
416,train,2,1,1,-519.3351162267415,-2221.716696666972,-0.0,-0.0,-0.0,0.0,-0.0,-0.0
417,train,0,1,1,-170.42335181764793,10.901715062302173,0.0,0.0,-175.41258708669352,0.0,-0.0,-23.31564285214091
417,train,0,2,1,-262.78933953648186,-811.4361555800633,0.16666666666666666,-0.0,-66.47769274231972,0.0,0.0,3.913155344062247
418,test,0,2,0,-156.5766945937163,7.615041421054684,-0.0,9.78445758878961,137.8866788130301,0.0,-0.4,5.2694926206829455
418,test,2,1,1,168.23198860390931,404.32032117719336,0.0,214.06140773343574,-159.5309215969526,0.0,-0.4,-3.5041734025419915
419,train,0,1,0,338.6553331026393,83.31451544008041,0.0,-140.93853076756318,-0.0,-0.0,0.0,108.35880420442746
419,train,2,1,0,156.4468234047323,592.1115053957378,0.0,107.07714754731197,-0.0,0.0,0.0,169.86337395135567
420,validation,0,2,0,38.21234392423867,107.86506040917811,0.0,302.9652633374603,0.0,-0.16666666666666666,0.0,120.71627107961315
420,validation,2,1,1,351.7756250022528,-1649.4812351209084,-0.0,9.508577327914736,0.0,0.0,-0.0,-120.0248921043944
421,train,2,0,1,42.934429971652094,441.65571760493003,0.1,-578.8703393288564,-115.89736915737284,0.0,0.0,-88.93379409009033
421,train,2,1,1,44.914188322860355,296.85823139248987,-0.2,-447.8348217989149,-72.08925050695295,-0.0,0.0,127.70257085010253
422,train,1,0,0,2.551616275867957,-145.61916495757168,-0.0,0.0,-0.0,0.0,0.0,0.0
422,train,2,0,0,643.8694053877439,173.14211815040153,-0.0,-0.0,0.0,0.0,-0.0,-0.0
423,train,2,0,1,-28.2706914281045,-150.12932968882842,0.0,5.332355567641692,-126.18963021842133,-0.4,0.0,5.429586317308061
423,train,2,1,1,-100.6091122457695,-738.5285211174883,-0.06666666666666667,-29.226249196914612,-258.1348453615537,-0.2,-0.0,61.7187497306381
424,test,1,0,0,127.39783660946716,-79.98559694433334,-0.0,-0.0,-0.0,0.0,0.0,-0.0
424,test,0,2,1,-336.92576568063487,251.38174753328167,-0.0,-0.0,-0.0,0.0,-0.0,0.0
425,train,0,2,0,653.0214211749062,785.558833246143,0.0,-0.0,0.0,0.0,0.0,0.0
425,train,1,2,0,500.811127136302,1374.5410113720582,0.0,-0.0,0.0,0.0,0.0,0.0
426,test,2,0,1,-330.2064212150043,223.1326648805134,-1.0,0.0,-0.0,0.0,0.0,-0.0
426,test,2,1,1,0.9123932600066382,857.9549557641585,-1.0,0.0,0.0,0.0,0.0,0.0
427,train,2,0,1,406.0490259290028,-322.1746318713931,-1.0,-0.0,-0.0,0.0,0.0,-0.0
427,train,1,2,0,-420.60117120382654,-1041.5774378614233,1.0,0.0,-0.0,-0.0,-0.0,-0.0
428,train,0,2,0,347.32077012524996,2705.438038283787,0.0,0.0,311.47837491009227,0.5333333333333333,3.0,-35.43428014969091
428,train,1,2,0,93.52057536378345,-656.3195666088159,-0.06666666666666667,0.0,63.796146883294796,0.8,0.3333333333333333,-79.00164032098522
429,test,1,0,1,-615.8301955325275,-473.563645838869,0.0,-54.605984412835966,9.860226630355923,-0.19047619047619047,-0.7142857142857142,69.21021557902897
429,test,1,2,1,115.57802462473035,947.1665974284724,0.14285714285714285,-129.6425862321415,6.604208546938003,-0.38095238095238093,0.9523809523809523,-20.891304160384994
430,train,1,0,0,165.12936861764865,-89.73329842708608,0.0,10.36715196371506,0.0,-0.3333333333333333,0.0,-0.0
430,train,2,0,0,-124.88518689201686,-492.2188436149504,0.5,-94.89130653642066,-0.0,-0.6666666666666666,-0.0,0.0
431,validation,1,0,1,-45.40126741449808,-1319.2521439339375,-0.0,0.0,-0.0,-0.0,-0.0,0.0
431,validation,2,1,0,345.2906861591317,2257.3033449577247,0.0,0.0,0.0,0.0,0.0,-0.0
432,train,1,0,0,53.52601736792951,-405.58932958241985,0.0,-0.0,0.0,0.0,0.0,-0.0
432,train,0,2,1,-98.31636489700452,1562.5548388007073,-0.0,0.0,-0.0,0.0,-0.0,0.0
433,train,0,1,0,648.7380888954352,2984.3725527428705,0.0,175.8662969422734,295.9461678343994,0.0,-0.3333333333333333,-6.006032942647746
433,train,1,2,1,-536.1646466120632,616.0159415987937,0.0,-24.222148043375938,76.69359082988737,0.0,-1.3333333333333333,-53.06404637706443
434,train,2,0,1,-160.90722336247745,-2244.8589795753915,-0.5,0.0,-0.0,-2.0,1.3333333333333333,0.0
434,train,1,2,0,345.11648677345397,1574.5028310995158,-0.16666666666666666,0.0,0.0,1.0,-2.0,-0.0
435,train,0,1,0,-499.06951316895925,729.8713244097835,0.5,228.58745410281176,0.0,-0.3333333333333333,0.0,0.0
435,train,2,1,0,-311.86782935673614,-1592.5034436369779,0.5,-134.5002204272887,0.0,0.0,-0.0,0.0
436,train,0,2,0,-160.21628375887997,202.22871789498276,1.0,32.03134050717687,-5.898888487750313,0.0,-1.0,-0.0
436,train,2,1,1,-134.255486042337,-99.31628360293598,-0.3333333333333333,101.83942055425013,-455.8137374955725,0.0,0.8,0.0
437,train,1,0,0,253.6147923815941,312.86600013165844,0.6000000000000001,-124.7966299701876,255.56772240992777,0.1,-0.0,0.0
437,train,2,0,0,91.05005441126349,351.6062221686434,0.0,471.5166577067889,109.7495860787916,0.1,0.0,-0.0
438,train,0,1,1,581.9918985148881,1261.5424734070325,0.0,104.37914078340236,-170.9166719377771,-0.26666666666666666,-0.2,-40.51665857186545
438,train,2,0,0,-316.59977087009236,-519.8744545626773,0.0,-95.00297263171063,35.113567952825875,0.13333333333333333,-0.26666666666666666,147.9958817704217
439,train,2,0,1,-585.641205505194,-2100.3125117559593,-0.8571428571428571,-36.900653992543624,-107.8595665436091,0.0,0.0,74.79100287640695
439,train,2,1,1,-346.1552579306856,-1323.8272456866944,-0.2857142857142857,-24.985103299990215,2.402342131631776,-0.09523809523809523,0.5714285714285714,12.569609387386492
440,train,1,0,1,-120.31629359825865,198.28176126135077,-0.38095238095238093,-1054.1229100236928,-49.634562411751325,0.0,0.38095238095238093,-7.500766478395121
440,train,2,1,0,-67.8153716148779,-310.16616022882226,0.0,566.03382473766,-126.03901502181643,-0.2857142857142857,0.2857142857142857,-0.5975288538298801
441,train,1,0,0,-206.15584924523165,-226.0182708447278,-0.14285714285714285,484.68196138757514,-7.482474879848574,-0.19047619047619047,0.09523809523809523,7.275384513346039
441,train,2,0,0,9.050375574066493,-234.15589927671908,-0.14285714285714285,467.22595153784573,7.124898479585198,-0.19047619047619047,0.2857142857142857,-20.67576379019069
442,train,0,1,1,-329.4371068932206,-1653.3260413734893,0.0,-0.0,-1.909363337958363,-0.5,-0.0,25.412151329119666
442,train,0,2,1,-154.62684491118517,-744.2913596426247,-0.0,0.0,133.48880878991224,-0.5,-0.0,-21.19657137050378
443,train,1,0,1,-39.85999763264641,279.5154007191759,-0.30000000000000004,0.0,-97.86344392010079,-0.0,0.8,51.429106515204936
443,train,1,2,1,-341.0233676453579,-926.5757551743441,-0.1,0.0,16.118602717896295,0.0,0.4,51.429106515204936
444,train,0,2,0,-66.5171124221564,-459.99937173975695,-0.0,0.0,0.0,0.0,0.0,-11.945150454601379
444,train,1,2,0,128.22094273529063,-498.47058448335565,0.0,0.0,0.0,0.0,0.0,-5.000601798735147
445,train,0,1,1,-59.79991757387552,-35.2370755100269,0.0,-26.787382246380172,6.240022248274387,0.0,-0.47619047619047616,43.017308591224186
445,train,2,0,0,17.565280248593325,-125.42800510063034,0.5714285714285714,31.243673805478192,-4.449725250932202,0.0,-0.23809523809523808,-3.8768840374235976
446,test,2,0,1,-436.7534481309331,-2147.951319238885,-0.0,-0.0,-62.727786516081835,-0.0,0.0,-203.55439959118155
446,test,1,2,0,100.94787816007369,124.81983597661474,0.0,-0.0,39.79386086323891,0.0,-0.0,153.04138013812423
447,validation,1,0,0,61.77973606026512,198.52533234235216,-0.0,-0.0,136.1724404526443,1.3333333333333333,-0.0,0.0
447,validation,2,0,0,-52.28110556447939,-822.5151473091373,-0.0,-0.0,291.17905737433205,-0.6666666666666666,0.0,0.0
448,train,0,1,0,47.57613341186186,-1118.2897582585747,0.0,-102.80574759195952,-0.0,0.6666666666666666,-2.0,0.0
448,train,2,1,0,449.7861425055445,-1263.8758287688997,0.0,-112.17362457219758,-0.0,0.3333333333333333,-2.0,-0.0
449,test,1,0,0,-9.020194680172722,-1663.630235165324,-0.0,0.0,-0.0,0.0,-0.0,0.0
449,test,2,0,0,98.79596231581797,855.4105350737427,-0.0,0.0,-0.0,0.0,-0.0,-0.0
450,validation,1,0,0,-149.91182511866828,-253.8685948561506,0.0,-73.42424891021247,0.0,0.0,0.0,-0.0
450,validation,2,0,0,-242.78583315098467,691.4325825152259,-0.0,5.270986273319143,0.0,1.3333333333333333,0.0,-0.0
451,train,0,1,1,106.34538856734662,-1020.1191556556928,0.0,-0.0,-0.0,0.0,-2.0,-0.0
451,train,0,2,1,-258.87459164656116,-2387.3063685914753,0.0,-0.0,-0.0,0.0,-1.0,-0.0
452,train,2,0,1,-65.7586153728696,0.0,0.0,0.0,0.0,-0.0,-0.0,0.0
452,train,1,2,0,115.21453325765634,0.0,0.0,-0.0,-0.0,0.0,0.0,-0.0
453,train,1,0,1,-403.4684203264633,-203.08422003146734,0.0,0.0,0.0,-0.0,0.0,-0.0
453,train,2,1,0,191.33433402982212,76.52872811955967,-0.0,-0.0,-0.0,0.0,0.0,-0.0
454,validation,0,1,1,-98.90895523008805,-1395.228563503817,0.0,26.602186327591333,-626.4778664639234,-0.0,0.0,45.69856773607547
454,validation,2,0,0,73.69882068734785,227.50437113359203,0.5333333333333333,-150.9682153467441,219.74936407952364,0.0,-0.06666666666666667,75.87406936559177
455,train,0,1,1,-396.50819363372295,-1001.6418774093763,-2.0,0.0,-266.5111914560549,0.0,-0.0,50.98013007170805
455,train,0,2,1,30.11348646941758,-453.43110674291665,0.0,-0.0,-84.15913606961749,0.0,-0.0,-69.31215419547691
456,train,0,1,0,64.58423982572026,1467.1946158208439,0.0,0.0,-0.0,2.0,0.0,-0.0
456,train,1,2,1,-1154.1336098153615,-2337.9733791380704,0.0,-0.0,0.0,-3.0,0.0,0.0
457,validation,0,1,1,-342.2565263500645,-2066.3503553466135,0.2857142857142857,-485.85547343567805,-85.79914807388928,-0.2857142857142857,-0.47619047619047616,-120.93892078589928
457,validation,0,2,1,-1082.1845336955398,-2763.0164700196483,-0.14285714285714285,52.39918478501981,211.7543233003644,-0.8571428571428571,-0.19047619047619047,-64.419702935567
458,train,0,1,1,-201.5157903619193,-1301.2867062559462,0.0,238.92785348552877,-41.04962005223315,-0.0,-0.5,0.0
458,train,2,0,0,191.94702944444356,1267.385972867909,-0.0,-574.0547420853856,-217.54041151975088,0.0,0.5,0.0
459,train,0,2,0,115.2820129413409,99.22474060625336,0.6666666666666666,0.0,157.81647853783423,-0.0,-0.0,0.0
459,train,1,2,0,318.3669267452253,606.3471395654633,1.3333333333333333,0.0,-153.50867360938824,-0.0,0.0,0.0
460,train,2,0,1,-42.413512444585194,-842.0190774149796,-0.0,-0.0,-0.0,0.0,-0.0,-286.6831374608795
460,train,2,1,1,27.110949875806114,356.75435637024475,0.0,-0.0,-0.0,0.0,0.0,-429.96907457251797
461,train,1,0,0,1272.0426279170651,1139.3450154329012,0.23809523809523808,-45.33425000265301,-11.946739479898259,0.5714285714285714,1.7142857142857142,-132.42836097681015
461,train,2,0,0,996.6280551683033,1293.5135488571768,0.0,67.54124067709179,-49.23485711227444,0.7619047619047619,1.1428571428571428,57.562600419392695
462,train,0,2,0,-103.70593996487088,-508.03616741351016,0.0,-0.0,-0.0,0.0,-0.0,0.0
462,train,1,2,0,369.01082437842456,1180.0229533123838,0.0,0.0,-0.0,0.0,0.0,0.0
463,validation,2,0,1,24.88536665253804,1149.2830172703043,0.0,-0.0,-0.0,-0.0,0.0,0.0
463,validation,2,1,1,-217.38798055395426,-70.05936876454052,0.0,-0.0,-0.0,-0.0,0.0,-0.0
464,train,0,1,0,177.77986149155333,1041.6441849092716,0.0,-0.0,-0.0,-0.0,0.0,0.0
464,train,1,2,1,-229.0602151468962,-666.1589541790313,0.0,-0.0,0.0,0.0,-0.0,-0.0
465,validation,1,0,1,-491.92587109803037,211.9307769735833,0.0,-0.0,9.15171154415691,0.0,-0.0,0.0
465,validation,2,1,0,-10.188511303571545,-638.2877461207945,-0.0,0.0,825.0217883045833,0.0,-0.0,-0.0
466,train,1,0,1,50.059184531330175,-625.4631831695656,-0.14285714285714285,-42.845099516715145,-54.096723445897815,0.0,-0.9523809523809523,-22.82502227721549
466,train,2,1,0,18.25203755802579,1118.2954066309858,0.047619047619047616,24.360861027645665,447.36641224975597,-0.19047619047619047,1.4285714285714284,36.63476770822601
467,test,1,0,1,-424.13080490988364,-1813.4384518249517,0.0,-0.0,0.0,-0.0,0.0,0.0
467,test,2,1,0,-81.1645787566896,-50.370808573694376,0.0,0.0,0.0,0.0,-0.0,0.0
468,test,1,0,1,-109.87011825707759,963.1232994465863,-0.0,-0.0,0.0,-0.0,-0.0,0.0
468,test,2,1,0,-129.69070695437642,-773.0066804103781,0.0,-0.0,0.0,0.0,0.0,0.0
469,train,1,0,1,-44.6168264162244,-695.9440013292042,0.0,-0.0,-0.0,-0.0,0.0,-0.0
469,train,1,2,1,-135.11194073577042,772.4800094335706,0.0,-0.0,0.0,0.0,-0.0,0.0
470,train,0,1,0,125.96724655263142,201.1977119465614,0.0,0.0,0.0,0.0,-0.5,0.0
470,train,2,1,0,67.95949863312734,-59.41838095798721,-0.3333333333333333,0.0,0.0,0.0,1.0,0.0
471,train,0,1,0,-439.2462838577087,-217.13889761895553,0.047619047619047616,135.14762407223094,124.13896139927247,0.0,0.5714285714285714,19.680788317486993
471,train,1,2,1,82.72886245248719,-1707.0204124395368,0.09523809523809523,-60.45104822330014,-49.655493607866,-0.23809523809523808,-0.5714285714285714,-10.50612346033623
472,validation,2,0,1,-559.4200182787904,-181.405571264665,0.0,-0.0,125.12947624968953,-0.0,-1.0,-0.15117130938722073
472,validation,2,1,1,-297.9617612603139,281.75371621430986,0.0,0.0,-422.3297810933568,-0.0,-0.5,-40.49303859005987
473,train,0,1,1,-315.80615376736966,16.593716696523643,0.0,-65.60597389822932,0.0,0.0,-0.6,-22.858658289830174
473,train,0,2,1,-264.61677971960785,-681.0569212242922,0.4,-67.58905161602314,0.0,0.0,-0.3,18.849249312748707
474,train,0,2,0,19.760611428988625,61.56867972374721,0.1,-0.0,-116.73298498555147,0.0,0.6,-0.0
474,train,2,1,1,-211.5173674121803,-321.9127182662073,-0.2,0.0,141.88272105136818,0.0,-0.6,-0.0
475,train,1,0,1,380.3188611361959,675.6333341667951,-0.0,0.0,175.28528278749496,-1.0,0.0,80.53547233407983
475,train,1,2,1,363.6195622714995,17.832170048563057,0.0,-0.0,39.40891384441969,-0.5,-0.0,53.034440636816285
476,train,1,0,1,-82.88853072458687,-4.397528707107995,0.0,-0.0,0.0,0.0,-0.0,-0.0
476,train,2,1,0,121.18216965031138,1143.6120999207342,-0.0,-0.0,-0.0,0.0,0.0,-0.0
477,validation,2,0,1,38.948689708805915,402.21592716608075,-1.0,-0.0,0.0,-0.0,0.0,0.0
477,validation,2,1,1,-170.4669321857725,120.7200714639016,0.0,-0.0,0.0,0.0,0.0,0.0
478,train,0,2,0,1074.3863968333171,1298.0665495224994,0.0,-0.0,0.0,0.0,0.0,-0.0
478,train,1,2,0,714.605613964356,339.4156236854851,0.0,0.0,0.0,0.0,0.0,-0.0
479,train,0,1,1,-140.73685165470766,-228.34434912743063,0.5,0.0,0.0,0.0,-0.0,36.16599001153383
479,train,0,2,1,-60.220921599393535,-897.0150511633633,0.0,-0.0,-0.0,-0.16666666666666666,-0.0,-46.993986314223676
480,test,0,1,0,200.86366356705878,453.36073231426144,0.0,982.8449024431601,-0.0,0.0,0.0,-8.261579373109697
480,test,1,2,1,-528.7767209219154,-1017.8531945174136,0.0,-514.6570642295852,-0.0,-0.4,-0.0,-108.41156056318397
481,train,0,1,1,260.6022079135837,2310.1955380010304,0.0,-0.0,-0.0,0.0,-0.0,-0.0
481,train,0,2,1,-2.185965342357349,-222.80827917681927,0.0,-0.0,-0.0,-0.0,-0.0,-0.0
482,train,0,1,0,276.06676970587273,69.67441267220238,0.0,1372.0330161910767,0.0,0.0,0.0,0.0
482,train,2,1,0,-151.20255060911745,465.68654567536214,0.0,1412.6314221788627,0.0,0.0,0.0,0.0
483,train,0,1,0,77.35809459559385,-299.60660789289113,1.2,-201.31505714777433,-0.0,0.0,-0.2,-13.271515416244165
483,train,1,2,1,33.662094497711166,-196.2337012881244,-0.6,28.765664083376397,0.0,-0.0,-0.4,47.87221203107427
484,train,0,1,0,147.40460070690142,908.1132121944215,0.0,0.0,0.0,0.0,0.0,0.0
484,train,1,2,1,-43.16472062997383,-511.8430310988133,0.0,-0.0,-0.0,0.0,-0.0,0.0
485,train,2,0,1,170.75283549472135,347.46979509646326,-0.19047619047619047,-66.65066661575162,25.94052460502087,0.0,-0.5714285714285714,-23.50434912968715
485,train,1,2,0,-89.12112026015683,-495.49063436140113,0.047619047619047616,168.84774268092696,64.64339977889895,0.0,0.0,9.961564888873804
486,train,0,2,0,146.25497268996185,-655.9818213112712,-0.0,0.0,384.7469109968236,-0.0,0.0,373.490076780046
486,train,2,1,1,-45.599458895088674,739.6974496360008,0.0,-0.0,-217.79886210086715,0.0,-0.0,-382.2814713382078
487,train,0,2,0,-261.97997984459863,1165.2581662086131,-0.2857142857142857,280.7681760676158,0.14422867409515608,0.7142857142857142,0.2857142857142857,26.364131834434613
487,train,2,1,1,338.8802512903072,-700.1824098592542,-0.8571428571428571,-117.06279137860751,-9.165309293574623,-0.47619047619047616,0.2857142857142857,-60.48199935880958
488,train,1,0,0,37.384381820357646,-126.40991209208505,0.0,254.96330574609456,54.70769175559272,0.3,-0.0,4.102827142944236
488,train,0,2,1,95.72901108301272,461.1524862678348,0.0,6.331579875831949,10.474862419356464,-0.3,0.0,15.306971592690804
489,validation,1,0,1,111.98511410978074,-1628.9978988119947,-0.2,7.7751494726350305,158.643622724551,-0.0,-0.0,-63.53906363701536
489,validation,2,1,0,-66.34721296894509,301.0902534140905,0.1,172.53063658325038,-248.79092130896072,0.0,-0.0,64.54553472554768
490,train,1,0,0,-74.75680660570526,-196.53178798663157,0.0,0.0,-0.0,-0.0,0.0,-0.0
490,train,2,0,0,-48.151341374229446,-463.0492173347302,0.0,-0.0,-0.0,-0.0,0.0,0.0
491,test,0,2,0,-67.83720404922155,-177.42977348987188,0.5,-0.0,-0.0,0.0,0.3333333333333333,78.18442039942673
491,test,2,1,1,22.244785651137477,249.20997064094263,0.0,0.0,0.0,0.0,0.0,-44.923068795826694
492,train,2,0,1,-417.0486363561307,-196.4117424031574,0.0,-0.0,0.0,0.0,-3.0,0.0
492,train,1,2,0,113.87346749725464,812.6557457266399,-0.0,-0.0,0.0,-0.0,4.0,-0.0
493,train,1,0,1,-107.61326538307043,-443.9057857823814,0.0,-0.0,0.0,1.0,0.0,-0.0
493,train,2,1,0,152.00606248110222,-571.9059861660521,-0.0,-0.0,-0.0,0.0,-0.0,0.0
494,train,0,2,0,319.0199446631161,651.3337163982756,0.4,0.0,42.620755959391424,0.3333333333333333,0.4666666666666667,-73.13880777780349
494,train,1,2,0,461.20063654628166,754.4216920836357,0.0,0.0,25.325636245610937,0.3333333333333333,0.0,11.050800399333806
495,train,0,1,1,38.221298729267176,-686.9921775122953,0.16666666666666666,414.49683971561046,-0.0,-0.5,0.0,-0.0
495,train,2,0,0,51.9147332028607,296.2120086918544,0.0,-407.68414919002,0.0,0.5,-0.0,0.0
496,train,0,1,0,-147.98175365825307,467.9135490886774,0.0,-0.0,0.0,0.0,0.0,-0.0
496,train,2,1,0,-157.7161502804047,-1651.454500923217,0.0,-0.0,0.0,0.0,-0.0,-0.0
497,train,1,0,1,-169.7984108089529,-13.367352845616551,0.0,-1321.5675276292914,0.0,0.3333333333333333,0.0,-0.0
497,train,2,1,0,-18.03104794540519,-55.80174060608579,0.0,485.92580469948973,-0.0,0.0,-0.0,0.0
498,train,1,0,0,19.56991456782137,97.74469322994037,0.0,0.0,111.85317900904047,0.0,-0.1,79.15377212797611
498,train,0,2,1,-128.25710893349563,276.190099609003,0.2,-0.0,-247.5990528783583,0.0,0.1,9.701865454494499
499,train,0,1,1,-371.25692482740374,-968.3533685528587,0.0,-0.0,0.0,0.0,-0.0,-691.6409936428469
499,train,0,2,1,-83.40008912497842,-326.89311822712125,0.0,0.0,-0.0,0.0,-0.0,-212.44532579106303
500,train,1,0,0,-42.56768031146828,471.78720183065525,0.14285714285714285,131.90721978600183,-151.92135319885494,0.047619047619047616,0.2857142857142857,-4.172082922695239
500,train,0,2,1,9.866538179885936,-446.59322097764516,-0.42857142857142855,-107.69937482277457,148.03293792024462,0.0,-0.2857142857142857,4.172082922695239
501,test,0,1,0,-117.90242148185223,-204.24046555249788,-0.2857142857142857,-12.48261810297441,302.22068090240657,0.0,1.1428571428571428,-16.053359812798718
501,test,2,1,0,-157.4425277373599,223.41017348578316,-0.2857142857142857,-37.02110099657847,188.51931431648939,0.0,0.7142857142857142,-26.698536637663647
502,train,0,1,0,208.55888813839817,-485.5786013820716,0.0,-0.0,0.0,0.0,0.0,-0.0
502,train,1,2,1,-588.7315094210893,-127.83904821294072,-0.0,0.0,-0.0,-0.0,-0.0,-0.0
503,train,1,0,0,377.89995809123207,670.707124137386,0.0,-0.0,-22.596182222429015,0.0,0.0,0.0
503,train,0,2,1,-1250.4941715096984,-1039.2897428540073,-0.6666666666666666,0.0,317.72227798614455,-0.0,-0.0,0.0
504,train,0,2,0,92.5667749882283,-151.25358172683627,0.0,-0.0,-49.06282476533605,0.0,4.0,0.0
504,train,2,1,1,88.96951663229981,-605.6562229744968,-0.0,0.0,-182.8663363585245,-0.0,0.0,-0.0
505,train,1,0,0,641.4639090123169,1812.0676801057834,0.0,0.0,0.0,-0.0,-0.0,0.0
505,train,0,2,1,-1.194699737241308,-415.5558867995296,-0.0,-0.0,0.0,0.0,-0.0,0.0
506,validation,2,0,1,122.26197665082213,284.15527011168615,-0.0,-301.7527567902105,-0.0,0.0,-0.6666666666666666,-0.0
506,validation,1,2,0,134.89367866945702,-225.51415060255658,0.0,604.5905311606668,-0.0,0.0,3.0,0.0
507,test,0,1,1,-133.82297187593838,-1448.0176946674655,0.0,-17.502337685116515,9.496294577848971,0.0,-0.3333333333333333,0.0
507,test,2,0,0,311.282305986752,1391.8098284089037,-0.0,141.35462080770043,694.8880329424981,0.0,-0.3333333333333333,0.0
508,train,1,0,0,206.9573119297059,488.4615480204757,0.13333333333333333,434.87105062001484,52.714694656178665,0.0,-0.3333333333333333,0.0
508,train,0,2,1,-211.44641265350805,-777.2410997733532,0.06666666666666667,-102.10508381372462,-14.004022320535194,-0.0,0.3333333333333333,-60.7601817462646
509,train,0,1,0,-132.2932775988051,-171.6080167479604,-0.06666666666666667,100.32523963466784,79.46142853910175,0.0,-0.26666666666666666,37.772136116718535
509,train,2,1,0,90.56694266306243,-84.54912487645879,0.0,94.8117319461722,227.92984029691806,0.0,-0.5333333333333333,57.72987451679777
510,train,1,0,1,62.25791855972045,217.4893560568048,-0.0,-0.0,-0.0,0.0,0.0,-0.0
510,train,2,1,0,77.14137342716833,-873.8092046182014,0.0,0.0,0.0,-0.0,-0.0,0.0
511,train,0,1,1,-38.28684759797187,-251.47248124893895,-0.5,0.0,-0.0,0.0,0.0,-46.602593438415745
511,train,2,0,0,150.52704058342954,614.9422264625146,0.5,0.0,0.0,0.0,1.0,80.56212866343145
512,train,1,0,1,-106.61959915120178,439.6214246004065,0.0,-83.11341749700046,-0.0,0.0,0.0,-8.707422177868352
512,train,1,2,1,-158.55684692195825,-886.3135858788119,-0.0,71.14192967671556,0.0,0.0,0.0,-66.26257223407447
513,train,0,1,0,21.960755460810446,1521.6234059401359,0.0,0.0,-306.7606570433725,0.0,0.0,-0.0
513,train,1,2,1,-213.78850866863286,-1703.4239275782784,0.0,0.0,22.153440313537203,0.0,0.0,0.0
514,test,0,1,0,-13.015565373234836,-105.78145787372796,0.47619047619047616,285.2760822912981,-7.702945741456663,-0.2857142857142857,-0.19047619047619047,7.367245603209813
514,test,2,1,0,163.13612927389653,649.7932971393084,0.23809523809523808,154.367844542021,12.889422008217679,0.0,0.19047619047619047,-15.285373285551795
515,test,1,0,1,195.56383893390847,204.00560861690064,-0.0,-0.0,0.0,0.0,0.0,-0.0
515,test,2,1,0,-261.93666224969917,-725.7971022152428,-0.0,-0.0,-0.0,0.0,-0.0,0.0
516,train,1,0,1,117.26170183857153,-643.5808378331176,-0.19047619047619047,101.27754729354487,-27.832130101420997,-0.09523809523809523,0.5714285714285714,-137.03696431319133
516,train,2,1,0,-193.95648434300404,181.0920348221125,0.19047619047619047,69.76803723708754,-109.22478808565042,0.047619047619047616,0.0,41.71301470728355
517,train,0,2,0,182.98950519962534,427.9198737430929,-0.47619047619047616,91.67673820283335,34.43220211494138,0.0,0.0,-8.333683221467545
517,train,1,2,0,70.1760130063073,-171.33607253494847,-0.7142857142857142,187.60848947498124,62.39134219852578,0.0,0.0,-14.27337656753783
518,train,1,0,1,-61.747253576979006,-1126.726192333358,-0.0,0.0,-0.0,-0.0,-2.0,-155.23883598276976
518,train,1,2,1,4.728130084705413,-1231.73630227608,0.0,-0.0,-0.0,0.0,-2.6666666666666665,-291.6759044989076
519,test,1,0,0,241.62604911246103,1857.3807984233954,0.2,335.5847047123591,-0.0,1.0,0.3333333333333333,8.075542888353857
519,test,0,2,1,-194.44260800425207,-1641.1416908205356,-0.2,-366.123105977818,-0.0,-0.2,-1.3333333333333333,104.1887492927011
520,train,1,0,0,75.15760766967145,-465.3990625653573,0.0,-0.0,-0.0,0.0,-0.0,-0.0
520,train,2,0,0,66.46388975937487,172.3475491231893,0.0,-0.0,-0.0,0.0,-0.0,-0.0
521,train,0,2,0,164.46975398616985,66.659638415897,-0.0,0.0,-0.0,0.0,0.0,0.0
521,train,1,2,0,-52.44842198339586,-81.43095579806959,-0.0,0.0,-0.0,0.0,-0.0,-0.0
522,train,0,2,0,13.519609347864332,771.2373564976097,0.0,240.65262025941016,-0.0,0.0,-0.0,47.765121378923155
522,train,2,1,1,-8.85815941263138,200.63923735897833,-0.5,-48.990911069240305,0.0,0.0,0.0,6.5287101498221505
523,train,0,1,0,-134.34237092261696,-737.1114511294891,-0.5714285714285714,10.398093005208551,-2.28819030778977,0.8571428571428571,-0.09523809523809523,-7.2828107829247015
523,train,1,2,1,128.80216854449793,-698.6121642442795,0.5714285714285714,-84.45782979202465,-16.337801657584105,0.0,0.19047619047619047,-30.151356406997433
524,train,1,0,0,154.19707273502524,900.063382235664,0.0,0.0,0.0,1.0,0.0,0.0
524,train,2,0,0,17.919299548206368,-66.22260682462365,0.0,0.0,0.0,1.0,0.0,0.0
525,train,0,1,1,-82.671893226073,-423.9559077852098,-0.0,50.51451844674985,31.546078045153223,0.0,0.0,-32.49385300026379
525,train,0,2,1,-63.44298170154667,-17.644309398697033,-0.0,-100.02500282756529,-15.06353590390399,-0.0,0.2,-44.61626018771744
526,test,0,2,0,70.8821826470957,217.60745262143064,0.0,0.0,0.0,-0.0,-0.0,-0.0
526,test,1,2,0,58.03836741817992,-625.2349660679383,0.0,-0.0,0.0,-0.0,-0.0,-0.0
527,train,2,0,1,-308.2840502227699,-1673.2582192289692,-0.0,-269.0745629503118,-75.87050530205367,-0.06666666666666667,1.0,-51.4004510307771
527,train,2,1,1,20.539771939890215,-623.4807380925304,0.0,-402.59756199449754,-3.1544413960086444,0.06666666666666667,0.0,-211.76052800039557
528,train,1,0,0,123.29744329720211,1926.3088891082034,0.0,0.0,218.6556911264652,1.5,1.6666666666666665,0.0
528,train,2,0,0,219.20882764478438,1802.8760233729554,0.0,-0.0,118.38595802088437,0.5,0.0,-0.0
529,test,1,0,1,103.36276744879888,-382.9906044489908,0.0,-0.0,-0.0,-0.6666666666666666,-2.0,-0.0
529,test,1,2,1,455.766004296255,1345.5899717001967,0.0,-0.0,0.0,-1.3333333333333333,0.0,0.0
530,test,0,1,0,96.16773447121847,821.9948717086772,0.0,0.0,0.0,1.0,0.0,-0.0
530,test,2,1,0,150.7502660427303,1989.566537154029,0.0,0.0,0.0,1.0,-0.0,-0.0
531,train,0,2,0,21.653884019374175,-430.5905626585177,0.6,-328.41412348410586,-0.0,-0.0,0.1,-13.22360238179133
531,train,1,2,0,-50.706920804407275,-758.1634338186755,0.0,-438.63089151878495,-0.0,-0.0,0.30000000000000004,-13.807869961699765
532,train,1,0,0,598.9367317345244,196.1230979140082,0.0,20.34658460864354,464.64375713340564,0.0,-1.6,-0.0
532,train,2,0,0,221.53296838350695,33.93980077930428,0.0,251.73475218030003,229.17996445768378,0.0,-1.2000000000000002,-0.0
533,validation,1,0,1,-309.45903110900093,-2690.0303813292003,0.0,-0.0,243.67622211528428,0.0,-0.6666666666666666,-23.21130491484429
533,validation,1,2,1,-251.79308567063578,-779.1953318750666,-0.06666666666666667,-0.0,129.67795098861416,0.0,0.3333333333333333,10.237084293078823
534,train,1,0,1,-138.31210617212798,206.12626887967235,0.5,302.7874587797,0.0,0.0,-1.3333333333333333,0.0
534,train,2,1,0,24.4637312244638,501.14475801223307,0.5,-135.1128570327434,-0.0,0.0,0.0,0.0
535,train,2,0,1,-442.81128776450555,-633.2796585149745,0.0,410.30326810173443,-0.0,-0.0,0.6666666666666666,-0.0
535,train,1,2,0,62.23154904631588,14.888971304701045,0.0,277.83050750532476,0.0,-0.0,2.6666666666666665,-0.0
536,train,0,1,1,-217.3015905331947,-589.3026168819474,0.0,37.954829035016644,0.0,-0.6666666666666666,-0.0,0.0
536,train,2,0,0,335.82607256548056,1795.824341675921,-1.0,210.57305791376075,0.0,0.3333333333333333,0.0,-0.0
537,train,1,0,1,86.23485552477337,475.6644841705265,-1.3333333333333333,0.0,-111.23070144205208,0.0,0.0,70.82238403147682
537,train,1,2,1,116.23839599878983,-432.1400993633665,-0.6666666666666666,-0.0,-34.33284032484522,-0.0,-0.0,-184.48572651497113
538,test,0,1,1,39.49849216584357,151.31376485723376,0.0,0.0,0.0,0.0,0.16666666666666666,-102.21458422251331
538,test,0,2,1,-213.32732836052605,-357.9190387259032,0.0,0.0,-0.0,0.0,0.0,-139.94959659134784
539,train,2,0,1,177.7515208429311,272.9138709479994,0.0,0.0,-0.0,0.0,0.0,-86.46189462977391
539,train,2,1,1,-386.8117115413845,-1867.8106488346812,-0.0,0.0,0.0,-0.0,-3.6666666666666665,-299.7533172529369
540,train,0,1,0,-13.030664160631432,-356.95270590128985,0.8,0.0,-44.918794822796826,0.2,-0.6,-0.0
540,train,1,2,1,40.542136009102705,-150.6951787525577,0.4,0.0,72.57520458137388,-0.2,1.5,0.0
541,train,0,2,0,-222.034517793279,-265.61202787722686,0.0,0.0,0.0,-0.0,0.0,105.75436960519136
541,train,2,1,1,148.00573239414376,569.9617146638661,0.0,-0.0,0.0,0.0,-0.0,-132.75928035401557
542,validation,0,1,1,4.870895308821105,-68.59221992074526,0.0,-873.6402029238403,274.06469664897713,0.0,0.0,-0.0
542,validation,2,0,0,269.207020375241,162.44650951598396,-0.0,2760.3332664911586,38.6538579371908,0.0,-0.0,0.0
543,train,1,0,1,-188.46953200484654,-716.0715497950623,-0.0,-0.0,-0.0,0.0,-0.0,0.0
543,train,1,2,1,-72.7202379636442,499.85045416281173,0.0,-0.0,0.0,0.0,-0.0,-0.0
544,train,1,0,1,815.9154065884061,1223.4801546893787,0.0,-0.0,-45.44138949515746,0.1,-0.8999999999999999,-24.605527078838488
544,train,2,1,0,-582.5934435955124,111.30657830882319,0.0,0.0,-48.92503982529982,0.6000000000000001,0.6,186.23456074642982
545,test,0,1,0,416.209733448634,3635.2483062656975,0.0,-19.39054458547313,-153.65425157371658,0.06666666666666667,0.0,136.38845928303166
545,test,1,2,1,-425.83318623129855,-2464.4200760452923,0.5333333333333333,-322.68156945557666,18.87594479673568,0.0,-0.0,-51.192083274276946
546,train,0,1,1,-354.9276504335545,-1288.6583421147252,0.1,-172.09011283867477,0.0,-0.4,-0.0,15.009976740120464
546,train,0,2,1,-47.413820497193456,-1374.6844311066852,0.1,-359.24129262299306,-0.0,0.2,-0.0,114.68057761386474
547,train,2,0,1,-896.7117538877651,-1996.1574169382839,-0.0,-0.0,-0.0,-0.0,-0.0,0.0
547,train,2,1,1,-523.1898734706529,473.23087335323726,0.0,0.0,-0.0,0.0,-0.0,-0.0
548,test,0,1,0,460.59646801821214,1263.692855790985,0.4,242.65048164934393,0.0,0.0,-0.8,-15.0598640120126
548,test,1,2,1,-58.66513408580022,23.24924046630258,0.0,-1168.6697719257786,-0.0,0.0,0.8,-2.634583459950966
549,test,0,2,0,-129.5910412028701,27.100991187398904,0.0,0.0,-0.0,-0.0,1.3333333333333333,-0.0
549,test,2,1,1,50.68178589873207,245.56031342368215,-0.3333333333333333,0.0,-0.0,0.0,0.0,0.0
550,train,1,0,0,-237.10591205121807,-454.32335916183456,0.0,1874.7521574817724,0.0,0.0,-0.0,0.0
550,train,2,0,0,-128.52688164077483,111.5665153683185,0.0,1918.4588573750166,0.0,0.0,-0.0,0.0
551,train,1,0,1,-880.9161599815681,-1942.712810527246,-0.0,-0.0,-355.9065608837901,0.0,0.0,0.0
551,train,2,1,0,365.66154308263333,1096.0119180151178,0.0,0.0,552.9073514136414,0.0,0.0,-0.0
552,validation,0,1,0,-31.46102016028692,653.7233944624359,0.0,116.39417926212492,118.71005720023436,0.0,-0.2857142857142857,79.90957104094241
552,validation,2,1,0,33.03342490374416,262.5175282252321,0.2857142857142857,48.499920036325456,88.1691586174002,-0.23809523809523808,-0.19047619047619047,55.999983678332796
553,validation,0,1,1,71.57543839798893,91.65794667883529,0.0,-53.34453631681445,-31.526063348399845,0.0,0.06666666666666667,12.969359776444662
553,validation,0,2,1,61.66519222448676,-359.85648730258526,-0.0,-98.4718528404974,-54.14233574114651,-0.4,-0.13333333333333333,46.35314304953662
554,train,0,2,0,100.9100482444419,345.4057576968262,-0.2857142857142857,0.7163426905584249,-17.067061135557164,0.09523809523809523,-0.23809523809523808,13.912002051073083
554,train,2,1,1,-25.124461561843418,-594.6135065513554,-0.8571428571428571,73.38356912734658,13.10990114987786,-0.14285714285714285,-0.47619047619047616,10.673061038072264
555,test,0,1,0,-0.36049276219301873,121.95792507659962,0.0,-42.20272018442486,97.65992774739898,-0.09523809523809523,0.047619047619047616,14.030113578935426
555,test,2,1,0,62.137885966990495,-508.7917628482014,1.1428571428571428,33.6998936758475,-28.34870417448255,0.09523809523809523,0.14285714285714285,2.685029600563676
556,validation,2,0,1,-318.17436203470027,-1097.3949277629636,0.0,62.235407322708625,-511.3564086788772,0.0,-0.0,0.0
556,validation,1,2,0,355.8278889755942,-198.06410085502284,-0.0,76.57951783899185,414.2315736677777,-0.0,-0.0,0.0
557,test,0,1,0,81.81591954942655,1359.1121288048407,0.23809523809523808,-75.0719766363022,76.51127188946437,0.09523809523809523,0.0,-16.33367826866187
557,test,1,2,1,-35.204500627590846,238.84833431848892,-0.23809523809523808,149.9041396516534,-15.346171198487019,-0.09523809523809523,0.2857142857142857,-66.67736878743092
558,train,2,0,1,79.50878452046715,-114.61654911289634,-0.14285714285714285,18.428452457601885,-2.93063823630401,-0.047619047619047616,-0.23809523809523808,18.435484395142613
558,train,2,1,1,264.3388059018022,-7.838938131297709,0.0,-40.00037620350645,-107.50373700876348,0.0,0.23809523809523808,-26.932986938904644
559,train,1,0,0,168.67651344060187,1023.9456703102924,2.0,0.0,-18.29244125621786,0.0,0.0,0.0
559,train,2,0,0,729.944947525151,2190.75396439463,0.6666666666666666,-0.0,133.17560102647337,0.0,0.0,-0.0
560,train,0,2,0,809.0177466402788,1786.6952827992227,0.0,102.75955190203422,-278.0927595152926,0.0,4.800000000000001,155.63733900709605
560,train,2,1,1,-541.0334219374911,-2985.0028858508003,0.0,-34.391809793572705,-448.8269835544922,-0.0,-3.2,39.826529995830995
561,train,1,0,0,778.1099889380755,850.2944220864492,0.0,69.46359206668392,141.46659751607294,0.0,-0.5714285714285714,45.056751519517256
561,train,0,2,1,-363.97064183455734,-1331.9642076542668,0.09523809523809523,-27.408186203782048,-16.305966840355218,-0.38095238095238093,0.8571428571428571,0.0
562,train,1,0,1,-197.11331243958,-2058.6545987474756,0.3333333333333333,-170.19723375099434,-0.0,-1.5,-0.0,-0.0
562,train,1,2,1,-50.5877966856782,-80.69425225992973,-0.3333333333333333,157.78149402520827,-0.0,-1.0,0.0,-0.0
563,test,0,1,1,-287.00177495702803,-1182.5872962634526,0.2,0.0,0.0,0.0,-0.4,-68.87994917174917
563,test,2,0,0,-156.4527193498776,-200.58454467960883,0.2,0.0,-0.0,0.2,0.4,83.3902451570181
564,train,0,2,0,682.734004772338,-52.44240073300716,0.0,-0.0,-0.0,0.0,0.0,-0.0
564,train,2,1,1,103.31718310085296,729.6867845064253,0.0,0.0,0.0,-0.0,-0.0,0.0
565,validation,0,1,0,245.62182185331721,-251.64491070814347,0.0,0.0,0.0,-0.0,0.0,184.68333835612498
565,validation,2,1,0,302.6200148459071,519.0687959418501,0.0,0.0,0.0,-0.0,0.0,217.31573415294395
566,validation,1,0,0,72.9146661434458,735.5418399002347,-0.09523809523809523,217.84713512429272,196.85620844718315,0.19047619047619047,0.047619047619047616,-26.153365753680095
566,validation,2,0,0,119.90057329401219,518.8973558945345,0.0,30.765531603339433,155.57003504214774,0.0,-0.047619047619047616,14.373760781877237
567,train,1,0,0,190.52524465503996,846.8608505041775,0.0,6.888252742449186,8.130263850079626,-0.4,1.2000000000000002,0.0
567,train,0,2,1,-118.06232316216278,-494.69596167539567,0.0,-35.07266502327371,-264.0448062789913,0.8,-0.4,0.0
568,train,0,1,0,12.69327197164887,-11.476755911473902,-0.0,-0.0,0.0,0.3333333333333333,-1.5,61.96804097996003
568,train,2,1,0,154.6633176228824,398.23219849496536,-0.0,-0.0,0.0,0.0,-1.5,7.5336491941511525
569,train,0,1,0,-259.26254343824735,222.97390536848184,0.16666666666666666,233.19979908512715,-175.7047442472603,-0.0,0.0,0.0
569,train,1,2,1,254.1434170794223,153.58389056880196,-0.16666666666666666,-88.5460804828175,-86.14147168832108,0.0,-0.0,0.0
570,test,2,0,1,-0.47618541863681685,-128.7156937127147,0.0,-40.07883957510408,32.013944080416756,-0.2857142857142857,-1.6666666666666665,10.76140960723941
570,test,1,2,0,392.54548881607434,1972.0168219487605,0.2857142857142857,266.90064626654953,-1.9975713443563476,0.5714285714285714,0.23809523809523808,-17.48318546211172
571,train,1,0,0,53.86995379372945,96.86819073123297,0.0,816.7575849814663,308.5446645888992,0.0,0.0,-0.0
571,train,0,2,1,-32.66553426525729,-305.41708012352865,-0.0,-355.20678486149046,-91.78737274056311,0.0,-0.0,0.0
572,validation,0,1,0,176.605020428138,117.852870690082,-0.0,-0.0,0.0,-0.0,-0.0,-0.0
572,validation,2,1,0,59.26738632711454,450.0882021965617,-0.0,0.0,-0.0,0.0,0.0,-0.0
573,train,2,0,1,10.678803434604731,1034.7725084100111,0.19047619047619047,24.529366630815403,-67.69669827965265,-0.19047619047619047,-0.09523809523809523,4.280080836486515
573,train,2,1,1,-130.3332691906066,523.9024618143321,0.19047619047619047,-109.18641537399503,-74.3172689585602,-0.19047619047619047,-0.2857142857142857,-64.02320791446725
574,train,1,0,1,-311.72379633341853,-579.3799298511303,-1.3333333333333333,-697.1596621338704,0.0,0.0,-0.0,-0.0
574,train,2,1,0,321.8648845753182,225.21266246625783,0.6666666666666666,-109.78374791996437,-0.0,-0.0,0.0,-0.0
575,train,1,0,1,-146.85814636547116,-1227.5602992952718,-0.0,-0.0,53.27247684220905,-0.5,-0.3333333333333333,0.0
575,train,2,1,0,358.2017239978484,1331.0702494599718,0.0,0.0,57.81864118141887,0.0,-0.6666666666666666,-0.0
576,train,1,0,0,-56.64310450630143,-39.30096647657001,0.0,-0.0,85.03367774105541,0.0,2.333333333333333,0.0
576,train,2,0,0,-35.148373284502895,-269.9200576747635,0.0,0.0,461.1593212086637,0.0,0.6666666666666666,-0.0
577,validation,0,1,0,241.91156286761304,2150.704542560542,-0.047619047619047616,33.77607311436834,77.61542824179668,0.09523809523809523,0.14285714285714285,-94.4765101771968
577,validation,1,2,1,-316.42054975342546,-1615.2531542198913,0.047619047619047616,-137.73105407869443,-57.91510405353056,-0.19047619047619047,-0.2857142857142857,-54.50822587595369
578,train,0,1,1,-246.55618995993632,-347.35816086776777,0.047619047619047616,-53.55670941698793,-83.96163227534281,0.0,-0.14285714285714285,-0.655358959593722
578,train,2,0,0,364.0826517939058,277.23456262226,0.047619047619047616,231.93151668508966,-21.90556236094611,0.0,0.0,19.639529219044665
579,validation,1,0,1,75.62791822794611,650.4734843983401,-1.0,-40.2844259754639,0.0,0.0,0.13333333333333333,-57.924831265712754
579,validation,1,2,1,36.22903600422899,339.77980806575124,-0.3333333333333333,-44.082228157947775,0.0,-0.26666666666666666,0.26666666666666666,-124.40971816960582
580,train,2,0,1,-76.87984552097902,-124.79093013511601,0.0,-0.0,0.0,0.0,-0.0,-11.185744846479782
580,train,2,1,1,-17.4824530553488,-25.028798849852592,-0.0,-0.0,0.0,-0.6666666666666666,0.0,45.04654456687737
581,train,1,0,1,-129.75615649948566,-359.2424968478622,-0.0,428.58613345642584,0.0,-0.6666666666666666,0.0,-0.0
581,train,1,2,1,116.50511525955847,1032.8417249645127,-0.0,66.44319108143978,0.0,-0.6666666666666666,0.0,0.0
582,test,0,1,1,48.26165901548734,-167.5889475046506,0.13333333333333333,-75.08602865574157,16.427061421630757,-0.0,-1.0,9.776256185280625
582,test,2,0,0,-83.65566360493699,285.95425441725547,0.0,150.6027011619264,-28.236142810801322,0.0,1.3333333333333333,-15.191327604598895
583,train,2,0,1,-5.707577611156694,-614.4434437892442,-0.7142857142857142,-167.38332660689449,-137.81951671623523,0.0,-0.047619047619047616,20.682601827955438
583,train,1,2,0,335.8091774283661,874.2214812915963,0.0,192.9443969042554,217.27766966706758,0.19047619047619047,0.09523809523809523,-6.474133340248404
584,test,0,1,1,-247.28486802025242,-707.8474949477836,-1.0,-0.0,-0.0,-0.0,-0.0,0.0
584,test,2,0,0,36.5258123821248,55.65779412668826,2.0,-0.0,0.0,0.0,0.0,-0.0
585,train,0,1,0,230.05781203294237,647.0196936538796,0.0,-0.0,-0.0,0.0,0.0,0.0
585,train,2,1,0,77.90895536623498,1003.899114521274,3.0,-0.0,0.0,-0.0,0.0,0.0
586,train,1,0,0,44.237224725644296,-37.16929034839268,0.0,631.2925956975271,-79.09958801148942,-0.0,0.0,-0.0
586,train,0,2,1,-165.73835760968132,-917.3345073418072,0.0,-962.1337029628876,-150.2882269886684,0.0,-0.0,0.0
587,train,1,0,0,27.562047628290202,-1097.5860131458894,0.0,66.33126868331222,0.0,-0.2,-0.13333333333333333,-23.804985502180593
587,train,0,2,1,-17.12149450850052,-1527.760202817697,-0.8,-311.42477680928323,-0.0,0.2,-0.13333333333333333,-13.39315682148739
588,train,1,0,0,309.26471921824873,215.84181967268796,0.26666666666666666,-14.771215684704885,6.7032586585212135,-0.06666666666666667,1.0,0.0
588,train,2,0,0,201.3727565279902,666.0497236898882,0.0,-38.61207560014326,42.90603012058405,0.0,0.3333333333333333,0.0
589,train,2,0,1,181.8718304795279,815.8413151465052,0.0,0.0,-0.0,0.0,0.0,-387.57495952818556
589,train,2,1,1,-64.8864231838586,-803.1613057031223,-0.0,0.0,-0.0,0.0,0.0,-304.00805797942274
590,train,1,0,1,-29.710106258718326,-201.6802201982473,-0.3333333333333333,0.0,0.0,0.0,-2.6666666666666665,0.0
590,train,2,1,0,69.28159105342633,16.883836563803243,0.0,0.0,-0.0,0.0,2.0,-0.0
591,train,1,0,1,-983.918551988555,-1347.4839602122534,0.0,-0.0,-0.0,0.0,-0.0,-0.0
591,train,2,1,0,606.1515256433988,708.007270500812,-0.0,0.0,-0.0,0.0,0.0,-0.0
592,test,1,0,0,207.33724367351056,1444.9256641358097,-0.0,200.30673918426487,418.07171117710806,0.0,0.0,0.0
592,test,0,2,1,-298.9481019574707,-773.1685152936134,0.0,-17.839720434709,-1160.7778916264638,-0.0,0.0,0.0
593,test,0,2,0,-16.021887897050533,1010.2925179706936,1.1428571428571428,17.131727589623722,-33.22303870911152,0.19047619047619047,0.09523809523809523,-38.04708156089105
593,test,1,2,0,17.73652538871488,464.9106977791221,0.2857142857142857,-10.936760058732466,-1.5629163659911054,0.19047619047619047,0.14285714285714285,0.13446273938303321
594,train,0,2,0,-278.4354570183277,894.449348302277,0.0,0.0,0.0,-0.0,-0.0,-0.0
594,train,2,1,1,179.50525641833178,-3368.9147292879297,0.0,-0.0,-0.0,0.0,-0.0,0.0
595,train,2,0,1,87.23502071127075,-2543.5414913845366,-0.6000000000000001,-62.71932802740826,-0.0,-0.0,-1.2000000000000002,-60.615661975777506
595,train,2,1,1,-249.9111191733291,-2883.3111016111984,0.0,-167.2028139116286,-0.0,0.0,-2.4000000000000004,80.87875240258276
596,validation,1,0,0,-4.254845782686743,674.3803631975579,0.0,-120.99599982855511,-76.33028193669836,0.0,-0.0,-0.0
596,validation,0,2,1,-197.57695962711568,-626.4531009317643,-0.1,147.7868419275064,-23.246707610251143,-0.4,0.0,0.0
597,validation,2,0,1,-577.2315208446273,-429.35365345254286,0.0,-0.0,-166.3480617898891,-0.0,0.0,42.89195966658509
597,validation,1,2,0,222.9305487481896,-709.2286470644931,-1.0,0.0,305.1147339621974,0.0,-0.0,28.76814291925058
598,train,2,0,1,-56.73341705987187,61.22527424731015,0.0,-91.55872608555352,3.626870175601588,-0.2,0.0,0.0
598,train,2,1,1,-94.98073778916338,109.43151579211235,0.0,34.74348399118359,20.97185407302079,0.2,-0.6666666666666666,0.0
599,train,1,0,1,-56.34843418735409,-3654.6260356565554,0.0,-0.0,-0.0,-0.0,0.0,-0.0
599,train,1,2,1,-258.0753656470856,-2992.1498385121986,0.0,-0.0,-0.0,-0.0,-0.0,-0.0
600,test,0,1,1,-118.75249182801826,370.94160320602214,-0.2857142857142857,26.597016965080964,-35.749998367834785,-0.2857142857142857,0.19047619047619047,3.4404476612901034
600,test,0,2,1,-67.1095414743798,594.9409582266708,-0.42857142857142855,-1.7350970883257146,-124.72837350869148,0.0,0.19047619047619047,-0.9769643469881489
601,train,1,0,0,319.2483426152602,-69.37045964174104,0.0,-0.0,0.0,0.0,0.0,-0.0
601,train,2,0,0,135.6892203158926,1639.9181241776023,-0.0,0.0,0.0,0.0,0.0,-0.0
602,train,0,1,1,-69.500666696532,-342.0458311422017,0.0,-0.0,-0.0,-0.0,0.0,-131.60860824632366
602,train,2,0,0,278.37107710529153,80.18623566416318,0.0,0.0,-0.0,0.0,0.0,182.23732761811291
603,train,2,0,1,44.01170955145699,-255.97950543839033,-0.0,0.0,-0.0,0.0,0.3333333333333333,-124.86648423894958
603,train,1,2,0,528.4294725335378,376.22087242299403,0.0,0.0,-0.0,0.0,-0.6666666666666666,264.6858365464297
604,train,0,1,1,113.69337733968541,216.37443076882937,-0.0,-0.0,-0.0,-1.0,0.0,-0.0
604,train,2,0,0,-71.83772621840842,-586.5256602816889,0.0,-0.0,0.0,0.0,-0.0,0.0
605,train,0,1,0,-0.7414188259448338,-410.05893296980594,0.0,0.0,624.046354570689,0.0,0.0,-0.0
605,train,2,1,0,193.4833290848153,204.73816035453456,0.0,-0.0,1043.4112205460551,0.0,-0.0,0.0
606,train,0,1,0,-84.82201601235329,-402.4120713189218,0.0,0.0,0.0,0.0,0.0,-0.0
606,train,1,2,1,282.8415511488551,541.4169643358946,-0.0,0.0,-0.0,0.0,0.0,0.0
607,train,2,0,1,-38.256052380705626,122.83104332052972,-0.0,-0.0,0.0,-0.3333333333333333,-0.6666666666666666,0.0
607,train,2,1,1,50.32399326753256,-325.75008539996134,-0.0,-0.0,0.0,0.0,-2.0,-0.0
608,train,1,0,1,-32.10133775759334,254.81732918834996,-0.13333333333333333,-0.0,55.476796892194855,-0.26666666666666666,0.13333333333333333,-92.15946246505484
608,train,1,2,1,-103.13602598696997,117.92891742766642,-0.26666666666666666,-0.0,81.26500793663959,0.0,-0.06666666666666667,-66.01129813225403
609,train,0,1,0,229.50076747018102,-1810.4419206197044,-0.0,-0.0,-0.0,-0.0,-0.0,0.0
609,train,1,2,1,-585.1430787081117,525.1769190170444,0.0,-0.0,0.0,0.0,0.0,-0.0
610,train,1,0,1,-62.453226174962936,67.45499399512664,0.0,-0.0,-0.0,-1.3333333333333333,0.6666666666666666,-0.0
610,train,2,1,0,65.34075202541118,-155.36475823059618,0.0,-0.0,0.0,1.3333333333333333,1.0,-0.0
611,train,0,2,0,64.19707516404105,-122.01073524940716,0.0,0.0,69.93646363120412,0.0,-0.0,37.422536347904476
611,train,2,1,1,-30.092114706541622,-50.16067043896396,0.0,-0.0,89.72103437028443,0.0,0.0,-137.18189708603438
612,train,1,0,0,273.7571472313184,-227.3558493572482,0.0,-0.0,-0.0,1.0,0.0,-0.0
612,train,2,0,0,102.45215168548441,-495.3049878366155,-0.0,-0.0,-0.0,0.0,0.0,-0.0
613,validation,0,2,0,135.33574447447165,325.7619907623248,0.5714285714285714,393.17783922708406,-72.44558192122835,0.0,0.0,37.0754214377838
613,validation,2,1,1,-143.31532655269677,39.30551454563192,-0.2857142857142857,-134.22564624684833,47.343062175741004,0.0,0.0,0.0
614,train,1,0,0,171.03316401289726,709.7514757583922,0.0,242.562362952601,-0.0,0.1,-0.2,-0.0
614,train,0,2,1,-114.70211646284088,-426.9955339976814,0.0,-642.4925519022187,0.0,-0.2,0.4,0.0
615,train,0,2,0,5.0729829960272355,67.58369459828964,0.0,477.39257753296334,-59.54601307614031,0.1,-0.4,-0.0
615,train,1,2,0,-119.01986723333624,-451.854724071256,0.0,-36.583771062892446,19.740479190274083,0.0,0.0,-0.0
616,train,1,0,1,-295.6513811952134,-970.350566087377,0.13333333333333333,-622.5273352820045,37.57079936278834,0.0,0.5333333333333333,-70.1613700261766
616,train,2,1,0,625.9178198445709,633.0417167377709,-0.06666666666666667,275.4730264450857,-161.34703122428277,-0.0,-0.26666666666666666,153.48036535012565
617,train,1,0,1,-475.8764384499793,-1308.3610292495387,0.0,-0.0,-182.6862184824392,0.0,-0.5,51.185873589050175
617,train,1,2,1,-903.8594989419805,-3730.9611880873763,0.0,-0.0,-378.95536432250157,-0.0,-0.8333333333333333,-98.17114338368339
618,train,1,0,0,87.11566069867445,-206.4982440813751,0.0,-0.0,0.0,0.0,0.0,-0.0
618,train,0,2,1,54.25197857754023,639.5468242463016,0.0,0.0,0.0,-0.0,0.0,0.0
619,train,2,0,1,-186.50844809931925,-310.58134752724163,-0.09523809523809523,52.53659771619723,-220.81096752739262,0.14285714285714285,-0.23809523809523808,33.19235608414854
619,train,1,2,0,-81.74483354029826,-672.5443235707635,0.0,85.52450615971028,6.874484168428937,0.2857142857142857,-0.7142857142857142,-5.484568586758552
620,test,0,1,0,-159.82195063460483,-250.70551817917385,0.8,-73.96956745592718,-0.0,0.0,0.2,6.855471141035137
620,test,2,1,0,-169.64910168142728,566.5370205878471,-0.5333333333333333,-256.86664300469073,0.0,0.13333333333333333,0.8,112.71863059128509
621,train,1,0,0,-155.7190421325992,3.6954539115881744,-0.0,0.0,0.0,1.3333333333333333,0.0,102.67743204154212
621,train,0,2,1,224.71974295079443,376.8773448046675,0.0,-0.0,0.0,0.0,0.0,-39.06366690695327
622,train,0,1,0,-75.15203799200515,32.20515022024165,-0.0,-0.0,0.0,0.0,-0.0,101.81827065140389
622,train,2,1,0,154.32947245066276,94.704059848003,0.0,-0.0,0.0,0.0,0.0,80.18167534539961
623,train,1,0,1,93.03753192015091,-48.96131073299057,-0.0,0.0,-0.0,0.0,-4.0,-0.0
623,train,1,2,1,-251.3618035212143,696.204629050309,0.0,-0.0,-0.0,0.3333333333333333,-2.0,-0.0
624,train,1,0,1,-381.89236760289316,-1228.4091804431582,-0.8,-433.59433204138304,46.848099075279514,-0.06666666666666667,-0.0,49.96359737150297
624,train,2,1,0,614.1184956830093,1986.3453558006386,0.26666666666666666,615.1907051952682,-52.85847683110399,0.0,0.0,15.672212833835978
625,test,0,1,0,-88.02492579439252,597.2798000780185,0.5714285714285714,111.06271610197739,2.6029408686234774,-0.14285714285714285,2.142857142857143,88.11790861517522
625,test,1,2,1,-59.41634491830098,-872.2145757769285,-0.5714285714285714,44.10573846664309,-56.5206137827322,0.14285714285714285,-1.6666666666666665,-142.47333155350134
626,train,0,1,0,-353.98872652695377,-2481.9821156655908,-0.0,0.0,0.0,0.0,0.0,7.988202434512648
626,train,2,1,0,285.4895547782194,-93.43604304911878,-0.0,-0.0,0.0,1.0,-0.16666666666666666,31.48643336198942
627,train,2,0,1,-387.84111667974713,-1713.6349582285884,-0.8,-831.8467506738103,-88.64163731291185,-0.0,-0.6,-0.0
627,train,1,2,0,345.3527395796129,2039.8996337277058,1.2000000000000002,208.7117332408343,67.52105160273257,-0.0,-0.6,-0.0
628,train,1,0,0,421.96769047329565,193.90469349612522,0.0,49.13008170720923,171.81853009652235,0.0,0.0,0.0
628,train,0,2,1,-199.9674468864888,1701.8178265690449,-0.5,321.66716140348,-14.809770459565698,0.0,0.0,0.0
629,train,1,0,0,219.06720664457032,1024.845160290462,0.0,-0.0,0.0,-0.0,-0.0,0.0
629,train,2,0,0,332.2376859484174,1192.8109493355691,0.0,0.0,0.0,0.0,-0.0,-0.0
630,train,0,1,0,-254.94242787685027,235.2954745916304,-0.0,-106.30940791813228,240.89535870026694,-0.0,0.0,173.12479201789384
630,train,2,1,0,-330.5148015239009,-396.84714034279114,-0.0,-99.8991743643677,107.37210583033188,-0.0,-0.0,196.00664711038158
631,train,2,0,1,-60.891752725810704,-271.19067660115934,0.0,0.0,0.0,0.3,0.6000000000000001,3.932955868862297
631,train,2,1,1,35.06173603250835,414.810667223436,0.0,0.0,-0.0,0.3,0.2,16.852782843174065
632,train,0,1,1,-652.2505897803444,-842.5212570510457,0.2,7.466790712660501,104.08920047969659,0.13333333333333333,0.0,-29.07071610672295
632,train,0,2,1,-216.21357753637653,-72.9105387571035,-0.2,-114.81041945777893,163.05909452213217,-0.06666666666666667,0.0,-17.3388353855821
633,train,0,1,0,35.00777389477486,514.0358931303858,0.0,-0.0,61.9915138800763,-0.0,0.0,-0.07182648289455074
633,train,1,2,1,11.776207711515895,-837.6837545100511,0.0,-0.0,-263.7736927904011,0.0,-0.0,-34.04261396317702
634,test,0,2,0,-169.35488308803951,-435.2801806377056,0.0,0.0,-0.0,0.0,0.6666666666666666,0.0
634,test,2,1,1,-115.34960914888131,488.26659561077395,-1.0,-0.0,0.0,0.0,-2.0,-0.0
635,train,1,0,0,-234.20849610872324,181.96988675955936,-0.06666666666666667,-63.274805745329374,0.0,0.13333333333333333,-0.2,-33.0932738536345
635,train,0,2,1,-211.14865732427086,-816.983195266801,-0.06666666666666667,-325.57448263731845,0.0,0.13333333333333333,0.4,-114.61496628379702
636,train,0,1,1,-79.28159602133968,-755.3555317829951,0.0,-19.72487954995419,8.02188946644231,0.0,-0.14285714285714285,-9.726127550933418
636,train,0,2,1,-321.23298083769197,-1535.2198487269193,-0.23809523809523808,-67.79989942154414,-9.37457645050688,-0.5714285714285714,-0.19047619047619047,-40.374657094591704
637,validation,1,0,0,169.3922152338788,548.0070744978561,0.0,182.86544890183342,0.0,-0.0,0.6666666666666666,0.0
637,validation,2,0,0,335.82356299165247,564.3067690413181,0.0,86.31063829761402,0.0,-0.0,2.0,0.0
638,validation,1,0,1,-210.28196779289954,-3106.3663855602736,0.0,-0.0,-0.0,-0.0,-0.0,-0.0
638,validation,1,2,1,-447.36436849434915,-2878.9581687123373,0.0,-0.0,0.0,-0.0,-0.0,-0.0
639,train,1,0,1,-104.60170383423531,-29.463952430119207,-0.0,-0.0,-0.0,0.0,0.0,0.0
639,train,2,1,0,-4.146907529015948,230.77986671915005,-0.0,0.0,0.0,-0.0,-0.0,-0.0
640,validation,1,0,0,-167.89723689202566,-555.3134923887878,-0.0,0.0,0.0,0.0,0.6666666666666666,-22.027186440116157
640,validation,2,0,0,21.08748647648747,431.1184646084298,-0.0,-0.0,0.0,0.0,2.0,-36.61804574805654
641,train,0,1,0,114.85204138034987,-815.6442343667313,-0.0,161.32306293944202,-30.207857400583567,0.0,-0.06666666666666667,-54.31670998112602
641,train,1,2,1,-138.17581986205937,814.4554750037214,0.0,-122.88726331651753,-62.61796718128065,-0.6666666666666666,0.0,42.9657674791226
642,validation,1,0,0,274.6214521132887,1021.2042245697571,0.6666666666666666,0.0,0.0,0.0,2.0,0.0
642,validation,0,2,1,-189.7956008371993,-1207.5920044491322,-0.6666666666666666,-0.0,-0.0,0.0,-2.0,-0.0
643,train,0,2,0,270.57728000005307,695.5929204424237,0.09523809523809523,56.07198742592639,-74.89785829146554,0.2857142857142857,0.47619047619047616,51.46426243216634
643,train,2,1,1,-79.63428669100693,-692.0413559389385,0.0,-57.56518848794095,99.63470508526852,0.0,-0.7142857142857142,2.1167748505359514
644,train,0,1,0,60.96038044006377,550.6773083299308,0.0,-106.94119494148704,-0.0,0.5333333333333333,0.0,-51.89554845508909
644,train,1,2,1,75.68130475358333,-97.92878144435326,0.0,119.2014656600132,-0.0,-0.26666666666666666,0.13333333333333333,-23.40018645854666
645,test,0,1,1,-222.0468524138534,56.91192586028819,-0.0,-209.37486775636734,-0.0,0.0,-1.3333333333333333,0.0
645,test,0,2,1,-337.41088106837975,-664.7684132580689,-0.0,-24.929655282126873,-0.0,-0.0,-2.6666666666666665,0.0
646,train,1,0,1,-376.32974913264036,1193.8203712080349,-0.047619047619047616,-116.9988535060002,-174.83642661906973,0.0,0.2857142857142857,49.772729379560346
646,train,1,2,1,-517.5744623986201,2119.798833385513,-0.19047619047619047,36.00495474139307,-118.49683060104579,0.0,0.42857142857142855,42.34422007926414
647,train,1,0,0,556.8824717771662,948.5295721259708,0.0,-1.7642343028986034,-0.0,0.3,0.8,102.72923899522027
647,train,2,0,0,-60.82144608185479,-177.48211062505925,-0.0,-31.411747432368703,-0.0,-0.3,0.8,125.17823974121677
648,train,1,0,1,69.52683802743331,-403.32554709395663,-0.23809523809523808,-191.52074747758357,48.00462096567035,0.09523809523809523,0.19047619047619047,76.84660839063599
648,train,2,1,0,203.8004485307581,-377.4301201814528,-0.23809523809523808,95.37281234323235,33.30969489708554,-0.09523809523809523,-0.09523809523809523,-67.26765012059575
649,train,1,0,0,-91.19858876396756,529.6166541609746,0.0,0.0,0.0,-0.0,0.0,-0.0
649,train,2,0,0,-198.44821733375807,299.4896392691958,-0.0,-0.0,0.0,-0.0,0.0,0.0
650,train,0,1,0,400.7487862774623,-166.81443665488405,0.0,0.0,-0.0,0.0,0.0,-0.0
650,train,2,1,0,364.92842395009075,1048.3233034715372,0.0,0.0,0.0,-1.0,0.0,0.0
651,train,0,1,0,-137.56091439113158,285.3807185634305,0.19047619047619047,140.49713833963,-57.90538582116791,0.09523809523809523,-0.2857142857142857,147.5773195567284
651,train,2,1,0,-226.18533227515286,-594.359415629945,0.09523809523809523,108.45757393182882,-78.69078335408396,0.0,0.0,74.31785147724861
652,train,0,2,0,-151.81028526035294,-187.33579642048971,0.0,-0.0,-0.0,0.0,0.0,-0.0
652,train,1,2,0,30.713383296143434,-318.1195775672122,0.6666666666666666,-0.0,-0.0,0.3333333333333333,0.0,0.0
653,validation,2,0,1,-641.7919727648915,-485.4225181681968,0.0,-5.945882873066399,15.34143673908202,0.0,0.0,-0.0
653,validation,2,1,1,-130.87439518607255,-70.21938308085555,-0.0,-159.9999991282407,-74.26568131252559,0.0,0.3,0.0
654,train,0,1,0,52.617618701956985,106.59451457523346,0.0,-0.0,50.24908261185228,0.3333333333333333,0.0,-23.08154179956891
654,train,1,2,1,-61.91638848133687,5.431680734612655,0.0,-0.0,-165.5815386899035,0.0,-0.0,13.320600661544711
655,train,0,2,0,-152.29185810014997,-1310.8305412912946,0.0,-0.0,-21.19500172354383,0.0,0.0,-0.0
655,train,1,2,0,24.50270651208274,-548.1729243532236,0.6666666666666666,-0.0,129.62432731126842,0.0,-0.0,-0.0
656,train,1,0,0,190.29461473325887,1197.5904403759182,0.0,-167.35599184551165,134.06150068108215,-0.0,-0.0,-0.0
656,train,0,2,1,-330.90025429793695,-1572.703853331103,0.0,-604.6455839270129,-222.1189056353992,0.0,-0.0,-0.0
657,train,0,2,0,520.4376342928664,882.4897274149589,0.0,0.0,0.0,0.0,-0.0,-0.0
657,train,1,2,0,280.9868258124342,-36.312826599169966,0.0,0.0,-0.0,0.0,-0.0,0.0
658,train,0,1,1,-176.334429421197,-538.3931242983299,0.0,8.276636264546536,-154.83276814656097,0.0,-0.8,-60.898942709904496
658,train,2,0,0,-138.1688169287977,195.57036554011665,1.0,-150.2675711420794,14.614656513485292,0.0,-0.4,34.610811154117556
659,train,1,0,0,770.5731708969356,2721.3433991557276,-0.0,0.0,-0.0,0.0,0.0,0.0
659,train,2,0,0,38.65890365030782,2447.7440308793366,-0.0,0.0,0.0,0.0,0.0,0.0
660,train,1,0,1,54.33439978927095,-3473.963004861216,-0.6666666666666666,-0.0,0.0,-0.0,-2.0,-332.2975335921012
660,train,2,1,0,200.07610656066788,2243.5678971786747,0.3333333333333333,0.0,-0.0,0.0,0.5,0.0
661,train,1,0,1,-45.13629043298374,581.8397659605021,0.0,0.0,0.0,-0.0,0.0,0.0
661,train,2,1,0,33.94555450005623,-541.9263288208172,-0.0,-0.0,-0.0,0.0,-0.0,0.0
662,test,1,0,0,-37.651672651276726,-530.3277614337776,0.0,84.44697396465298,-20.194426555981554,0.14285714285714285,-0.19047619047619047,-7.7292375676505625
662,test,2,0,0,393.23475756100834,401.25907869810726,0.5714285714285714,-650.5208074054559,-48.67332848556497,0.2857142857142857,0.38095238095238093,-71.87158280220217
663,train,2,0,1,-43.586754359385736,1424.9521029089992,0.0,0.0,0.0,0.0,-0.0,0.0
663,train,1,2,0,674.8790059731384,-310.5969292049667,0.0,0.0,-0.0,-0.0,0.0,-0.0
664,test,0,2,0,154.1390258979436,1051.7069596203073,0.5333333333333333,-73.377543152811,76.26169527277942,0.3333333333333333,0.0,0.3407523140980326
664,test,2,1,1,47.585482116110825,-646.9438951216207,-0.5333333333333333,-44.8922468351738,-6.995001498830618,-0.3333333333333333,0.0,-16.124887575901244
665,train,0,1,0,-181.49612867141298,-600.0365042490043,0.0,250.9900545680181,0.0,0.5,-0.16666666666666666,0.0
665,train,2,1,0,-210.78300182439318,-1166.2424644118337,0.0,38.15455883663169,0.0,0.5,-0.3333333333333333,0.0
666,train,0,2,0,113.07119731718308,-535.1526603190155,0.0,0.0,197.4255642861736,0.3333333333333333,-0.0,-0.0
666,train,1,2,0,377.10554025165237,-10.47142806210195,0.0,-0.0,381.5451708817078,0.3333333333333333,0.0,-0.0
667,train,1,0,1,-209.6938893612829,-780.6309843962872,-1.3333333333333333,-539.5407063472514,-0.0,0.0,0.0,-0.0
667,train,2,1,0,-9.090338243161796,-1032.2437799027866,0.3333333333333333,485.19669466222695,-0.0,-0.0,-0.0,0.0
668,train,0,1,0,218.38791078324903,78.43717131838457,0.0,66.42251743439745,120.51337664956873,-0.0,-0.0,-0.0
668,train,2,1,0,333.58215620144506,1232.7255489467288,0.0,-134.92527671922937,834.0336857759594,0.0,0.0,-0.0
669,train,0,1,1,-1003.450152698447,-2462.24117789756,0.5,-504.1358131595403,545.7651632811536,0.0,-0.0,0.0
669,train,0,2,1,-1298.1902355859854,-1900.5896857701428,-0.5,-112.78082427108748,1.1904438084414626,-0.0,-0.0,-0.0
670,train,0,1,1,-65.128987129721,257.7477639475442,-1.0,-0.0,-86.20358642069937,-0.0,-1.3333333333333333,-0.0
670,train,0,2,1,-78.64325903977465,-985.9679728969268,0.0,-0.0,-192.66073655000042,-0.0,-0.6666666666666666,0.0
671,train,2,0,1,-139.8320668565717,-2196.5393346393867,0.0,-1250.0232277198706,-34.151879411070965,-0.0,-0.6000000000000001,-0.0
671,train,2,1,1,13.103563114329518,-1080.377776092586,-0.1,-946.4272837951409,124.20755953943026,0.0,-0.8,-0.0
672,train,0,2,0,872.7106567975211,2681.3988617004266,0.0,0.0,428.1572129863394,0.0,2.6666666666666665,-0.0
672,train,1,2,0,31.83460303515409,541.5456689899297,-0.0,-0.0,140.8991935118747,0.0,1.3333333333333333,-0.0
673,validation,1,0,1,-198.8609512577637,-478.70468752742545,-0.5333333333333333,-251.9986887885239,-4.372160974034887,-0.2,-0.3333333333333333,-0.0
673,validation,1,2,1,-3.402971760815376,-5.522820657405646,-0.26666666666666666,-200.77755002733926,-27.690439337977384,-0.4,-0.13333333333333333,0.0
674,train,0,1,1,-939.7485833611031,-614.6608294551233,-0.0,-0.0,0.0,0.0,-0.0,0.0
674,train,0,2,1,93.94236315567366,860.3997336617012,0.0,-0.0,-0.0,0.0,-0.0,-0.0
675,train,0,1,1,-159.48881249732074,162.1425648851755,0.0,-63.825012709435555,0.0,0.0,-0.3333333333333333,-173.1139594743079
675,train,0,2,1,-320.27904248073366,-1714.0917296729367,0.0,-118.42626616984981,-0.0,0.0,1.0,-267.47073404549025
676,validation,0,1,1,641.6508196488478,-399.2536567934367,-0.0,-128.61034820167256,203.4247036228104,-0.6000000000000001,-1.2,-0.0
676,validation,0,2,1,28.270038670921167,-2539.5548281562687,-0.0,-178.695452999234,-3.3370339951468853,-0.2,-2.6999999999999997,0.0
677,train,1,0,1,77.70142519996278,23.163448579103488,0.0,-0.0,0.0,-0.0,0.0,-23.198664468393332
677,train,2,1,0,-28.955287872274255,144.2348114788997,0.0,0.0,0.0,-0.0,0.0,172.7175326677558
678,train,0,1,1,234.6768417244238,-613.7735510137127,0.0,12.418202524269446,-16.705474622068632,0.0,-0.2857142857142857,-64.23460601446016
678,train,0,2,1,226.18979072979505,289.79443873860646,0.047619047619047616,-218.99105498729173,0.7919842215876379,-0.19047619047619047,0.09523809523809523,-71.61353828094289
679,train,1,0,0,478.0610183413071,861.6857303902962,0.0,-0.0,-0.0,-0.0,0.0,0.0
679,train,2,0,0,459.1914489849057,-340.9197104624318,0.0,0.0,0.0,-0.0,-0.0,-0.0
680,train,0,2,0,4.467499633940292,402.0001368663575,0.0,-0.0,3.318870547316035,-0.13333333333333333,1.0,47.83478593563858
680,train,1,2,0,-72.28567924525697,-44.79179505036427,-0.2,-0.0,5.231347156614833,-0.13333333333333333,1.0,-38.59615029501906
681,train,2,0,1,-40.08145394441158,-2656.552161489548,-2.0,-94.98005578781445,-122.087752841257,-0.26666666666666666,-0.0,94.15746809123398
681,train,1,2,0,196.3979203777966,1863.8434865748177,0.3333333333333333,142.15013354717757,219.7567877513418,0.0,0.0,14.428259814900047
682,test,1,0,0,272.03575109877636,278.59988708953733,-0.0,0.0,0.0,-0.0,0.0,0.0
682,test,2,0,0,41.85491720949301,183.0693086782794,-0.0,0.0,0.0,0.0,0.0,0.0
683,validation,0,1,1,171.89698970779045,1427.8478460960896,0.0,0.0,-0.0,-2.0,-0.0,-0.0
683,validation,0,2,1,392.701979365194,867.526579804191,-0.0,0.0,-0.0,-1.0,0.0,-0.0
684,train,0,1,0,441.0946357324486,-804.727698562991,0.0,0.0,0.0,0.6000000000000001,-0.4,-45.46716995632383
684,train,1,2,1,-421.1154889437076,512.7819521688743,-0.3,-0.0,0.0,-0.6000000000000001,-1.6,47.49544024194293
685,train,0,1,0,2.236611767088334,-155.13736125753985,0.47619047619047616,157.98107496718444,32.51284277709828,0.0,0.09523809523809523,-12.173824189443314
685,train,2,1,0,-170.29980030182855,-107.61173505281795,0.0,218.68970082595177,28.578268451617316,0.19047619047619047,0.14285714285714285,11.131739592024598
686,test,1,0,1,97.32392689010706,-127.2583904983544,0.0,-0.0,-0.0,0.0,0.0,-121.15049794071808
686,test,2,1,0,-100.60388730652681,-462.78031186612816,-0.0,0.0,0.0,0.0,-0.0,44.50313750320304
687,test,1,0,1,-25.561712496521068,-931.270640872608,-0.6,0.0,-35.92393583991575,-0.1,0.0,-0.0
687,test,2,1,0,91.75165053544038,1675.4930297758156,0.0,0.0,208.90962427078887,0.0,0.0,-0.0
688,train,1,0,0,-237.26980787681975,-1044.3011342084696,-0.0,-0.0,-0.0,-0.0,-0.0,0.0
688,train,2,0,0,-92.73833763647906,623.7334991869502,-0.0,-0.0,-0.0,-0.0,-0.0,-0.0
689,test,0,1,1,-11.415531918304737,-801.8793612595491,0.0,38.64366143151952,-2.7857885977440677,-0.3,0.0,0.0
689,test,0,2,1,-148.0184657713387,-835.1434578206045,0.0,35.67061376514484,-7.683859227384744,-0.3,0.4,0.0
690,train,2,0,1,-0.3558977027955734,-968.1735432588266,0.0,0.0,-207.15185340033636,0.0,0.8333333333333333,-55.63932555336312
690,train,1,2,0,550.0122493463765,3260.432267242568,0.0,0.0,-43.68104723567516,0.0,0.16666666666666666,-74.30813732202803
691,test,0,1,0,552.3941024693386,428.34625064037846,0.19047619047619047,-1.3076376264616338,202.99816747501072,0.0,-1.0,4.71463290881415
691,test,1,2,1,16.277374845151257,915.6348853239683,0.38095238095238093,-17.451554063427725,-170.82632604090767,-0.2857142857142857,1.1428571428571428,17.10653854907097
692,test,0,1,1,-232.03311272943887,671.1739382158084,0.0,0.0,-0.0,0.0,-0.0,-0.0
692,test,2,0,0,30.265054136314802,205.54284114270376,-0.0,-0.0,0.0,0.0,0.0,0.0
693,train,1,0,1,-652.7929737085102,-710.3129163753601,0.0,-0.0,-234.54671576732463,0.2,-1.6666666666666665,-65.79351642378282
693,train,2,1,0,-202.47615059583097,94.00719925554586,0.0,-0.0,120.51658165118863,-0.2,1.0,0.0
694,train,1,0,0,113.47401894453111,558.2173524022073,0.5333333333333333,19.06161465427884,192.04721428459038,1.0,-0.0,12.625809772288244
694,train,2,0,0,422.8031304462069,1003.2207487202459,0.26666666666666666,28.45636908282889,89.2118870557375,0.3333333333333333,0.0,-2.0588708163353053
695,train,2,0,1,41.34091186458102,-63.242320078466946,0.2,0.0,-192.68874909713463,0.0,1.2,-0.0
695,train,1,2,0,472.8928586723313,1217.345972879073,-0.2,-0.0,93.95825791039498,-0.1,-0.3,-0.0
696,train,2,0,1,-245.38340419580857,-435.0472413689249,0.0,-0.0,0.0,-1.0,-0.0,-0.0
696,train,2,1,1,-339.0237361554882,-3268.951219412469,-0.0,-0.0,-0.0,-2.0,-0.0,-0.0
697,test,0,2,0,-29.86625415225228,381.9134220958081,0.0,-0.0,0.0,-0.0,-0.0,0.0
697,test,1,2,0,149.82069271358608,1026.8712047768104,0.0,-0.0,0.0,0.0,0.0,0.0
698,train,1,0,1,138.64648222594712,289.66559460227745,0.0,-0.0,-0.0,0.0,-0.0,-0.0
698,train,2,1,0,325.49081540371526,607.3517132937868,0.0,0.0,-0.0,-0.0,0.0,0.0
699,train,0,2,0,41.73621422624933,1033.4391321604166,-0.0,0.0,0.0,-0.6666666666666666,0.0,9.777980233083932
699,train,1,2,0,159.3904852693032,933.3208758525784,-0.0,0.0,0.0,-0.3333333333333333,0.0,-66.92756097247062
700,train,1,0,0,-239.39648689286508,523.4265175745445,0.0,115.60053921468628,-71.2470109013287,0.0,0.0,29.036272749560354
700,train,2,0,0,-146.40703180178838,190.5164955295627,-0.09523809523809523,-24.317765076619185,-45.6548987538416,0.047619047619047616,0.0,80.58505764685835
701,train,1,0,0,-52.578399722265885,357.871700235185,-0.2857142857142857,-103.85473350852794,194.65229443385226,0.5714285714285714,0.2857142857142857,50.581835101345426
701,train,0,2,1,-143.67753855225374,-482.28548889549256,-0.2857142857142857,55.47062147656886,-172.5996690974804,-0.38095238095238093,-0.19047619047619047,-11.417519606424513
702,validation,1,0,1,-760.1077977195371,-1654.099191430806,0.0,-0.0,-0.0,-3.0,-0.0,-0.0
702,validation,1,2,1,-432.2810762635138,388.8394961522017,-0.0,-0.0,-0.0,-1.0,-0.0,0.0
703,test,1,0,1,-30.2888179366156,103.23122356000022,-0.047619047619047616,-92.12813810056639,-50.8587899909564,-0.2857142857142857,0.0,97.10534746274011
703,test,1,2,1,24.88090887624321,807.7802195430727,-0.09523809523809523,-119.76612938307643,-26.244865552947747,0.0,0.2857142857142857,93.41949907427187
704,validation,0,1,1,314.3896847863663,1096.3195862118328,-0.0,0.0,0.0,0.0,-0.0,0.0
704,validation,0,2,1,-1.0411651943628613,-1127.3638745024273,-0.0,0.0,-0.0,0.0,0.0,0.0
705,train,1,0,1,-209.98255301103768,56.3383226746937,-0.5714285714285714,67.51678670361031,-56.099144715191585,0.23809523809523808,-0.14285714285714285,13.5788104353683
705,train,2,1,0,-314.6157222715271,-211.83013346167445,0.5714285714285714,31.43628946007074,9.287607204350154,0.0,0.09523809523809523,-47.532700429540064
706,train,2,0,1,232.77804758234674,-328.803598478029,-0.42857142857142855,-450.8650041895963,-16.473460672553074,0.0,-0.19047619047619047,91.43696463463624
706,train,2,1,1,-246.50857080498145,-312.72793855518194,-0.14285714285714285,218.42911839920615,-59.129889663822766,0.0,-0.09523809523809523,-86.82526797010809
707,train,0,2,0,-175.48237975938105,272.78378936195077,0.0,-0.0,0.0,0.0,-0.0,0.0
707,train,2,1,1,-233.54578115712184,-822.5215782405194,0.0,-0.0,-0.0,-0.0,0.0,-0.0
708,test,1,0,1,-39.23814882038448,-366.575031699153,0.0,50.69251274848227,-174.33752176961056,0.09523809523809523,-0.2857142857142857,7.860092791217183
708,test,1,2,1,-394.822001751401,-1041.107218437859,0.14285714285714285,-79.60634640105098,-81.72563647503365,0.0,-1.1428571428571428,-2.0152822959395453
709,train,1,0,0,31.293385570687065,449.8015316058618,-0.0,337.0245159047192,0.0,0.0,-0.0,256.4150107866116
709,train,0,2,1,-234.15522528624126,-1191.387187075221,0.0,-196.251172064039,-0.0,-0.0,0.0,-549.9926190070166
710,train,0,1,1,149.0752248573839,1421.2193667644415,0.0,-0.0,-0.0,-0.6666666666666666,-2.0,0.0
710,train,0,2,1,-249.20303615005525,1268.0275164048371,-0.0,-0.0,-0.0,-1.3333333333333333,-0.3333333333333333,0.0
711,train,1,0,0,42.64397687462122,128.164784127649,0.0,-0.0,0.0,0.0,0.0,511.382055794304
711,train,2,0,0,292.78267311885236,-1153.5341167150773,0.0,-0.0,0.0,0.0,0.0,287.135760404711
712,train,0,2,0,18.199448318415364,86.31474906444464,0.0,0.0,-0.0,0.0,0.0,47.385152824865415
712,train,1,2,0,-76.99512761208535,369.44961618585967,0.0,-0.0,0.0,0.0,-1.3333333333333333,28.02794063206131
713,train,1,0,0,426.8739443531904,2145.6594120788013,0.0,0.0,0.0,0.0,0.0,-0.0
713,train,2,0,0,825.6928307349968,2281.4858649008183,0.0,0.0,0.0,0.0,0.0,0.0
714,validation,1,0,0,59.058201241338224,1748.897560636064,-0.6666666666666666,0.0,0.0,0.0,0.0,136.7017433599527
714,validation,2,0,0,-143.2076611809032,530.8592385726174,1.3333333333333333,-0.0,-0.0,0.0,0.0,45.279074021615216
715,test,2,0,1,47.296675844867536,527.8436463324169,0.0,-0.0,-0.0,0.0,-0.0,-0.0
715,test,1,2,0,93.8114481426461,8.655043763372305,0.0,-0.0,0.0,-0.0,0.0,0.0
716,train,0,2,0,536.0148036546556,160.49331554289893,0.5,33.79091280842363,-0.0,0.0,0.0,0.0
716,train,2,1,1,65.8200286766521,423.9386264463792,1.0,300.5347874445679,0.0,-1.3333333333333333,0.0,0.0
717,train,1,0,1,134.47312980178754,331.89568429402243,-0.3333333333333333,0.0,0.0,0.0,0.0,0.0
717,train,1,2,1,448.0451446657113,721.2594421308559,-1.0,0.0,0.0,-0.6666666666666666,0.0,0.0
718,test,0,1,1,9.509876451319997,-1148.6511885426198,0.0,-324.37412699564817,48.830274727208355,0.0,-0.26666666666666666,0.0
718,test,0,2,1,-172.88837496992494,-1950.0880772856117,-0.3333333333333333,-23.86488493533913,69.85991216049993,-0.2,0.0,0.0
719,train,2,0,1,133.81946445643155,246.6475928839211,-0.0,0.0,-0.0,0.0,0.0,2.6174585275620545
719,train,2,1,1,58.013704926176615,246.6475928839211,-0.0,0.0,0.0,0.0,-0.0,-42.82268345496457
720,test,2,0,1,-195.44086885707202,-819.4027708645467,-0.09523809523809523,-246.43539035528403,4.859668535111463,0.0,-0.42857142857142855,4.382746193300585
720,test,2,1,1,-12.325721407061792,251.34396959573814,0.0,155.12817353267462,-58.85251884438977,-0.2857142857142857,-0.2857142857142857,-5.338879187762336
721,train,0,1,1,-89.50016431147804,-515.0852172619825,0.0,-42.49052827948651,-8.70084301577556,0.0,-0.8571428571428571,0.0
721,train,2,0,0,121.5392783731698,237.39608384565554,0.0,22.880362868600763,-17.123453395912318,0.14285714285714285,0.2857142857142857,69.4781110567925
722,train,0,1,0,193.16088483236376,1680.8052658034903,0.0,0.0,0.0,0.0,0.0,514.3524996949506
722,train,2,1,0,378.5758371967894,914.4219209166195,0.0,0.0,0.0,0.0,0.0,620.005507905232
723,train,1,0,0,19.319492303190145,-2108.042771100825,-0.0,-0.0,-0.0,0.0,1.6666666666666665,0.0
723,train,2,0,0,740.3988481859451,-828.484946613451,-0.0,-0.0,-0.0,0.6666666666666666,2.333333333333333,0.0
724,train,1,0,0,-110.94674917738729,673.1736074021605,0.0,0.0,0.0,0.3333333333333333,0.0,-0.0
724,train,2,0,0,-157.01254952647855,663.022739546931,0.6666666666666666,0.0,0.0,0.0,-0.0,0.0
725,train,0,1,1,-867.0564091157676,-1208.1061701537947,-0.0,0.0,-0.0,-0.0,1.0,0.0
725,train,2,0,0,867.5002701392177,1152.8243575624383,0.0,0.0,0.0,0.0,1.0,0.0
726,train,2,0,1,-37.6884988613412,-15.872835803777434,0.0,-0.0,-0.0,0.0,0.0,-90.9019986131146
726,train,2,1,1,59.48085782584417,274.19775993515077,0.6666666666666666,-0.0,0.0,0.0,0.0,11.264630888370988
727,test,2,0,1,31.67573396062255,-1365.8191000197376,0.4,-62.674313220140284,-58.41159597376495,0.0,-0.0,47.22756091947872
727,test,1,2,0,430.8920596961309,777.4931185877667,-0.8,257.84570750475535,-47.64366090878251,-0.0,0.0,-47.53011313958518
728,test,2,0,1,-526.0974365009636,-761.2432626673435,0.0,-59.850931723630914,-49.28802593967102,0.0,0.13333333333333333,14.281972257273226
728,test,1,2,0,151.26716378003323,-621.3659520419355,0.0,-92.06078287432076,68.0883096238006,0.4,0.06666666666666667,6.547731133399581
729,train,1,0,1,327.61465239301936,895.8555216612986,-0.9523809523809523,-81.82289633520108,25.73991628032737,-0.2857142857142857,0.38095238095238093,27.49634325686022
729,train,1,2,1,7.171624527165591,1569.8544901527412,-0.47619047619047616,21.355858893545744,89.15698490015076,-0.2857142857142857,-0.19047619047619047,30.13815764828067
730,validation,0,2,0,21.32769594435183,1601.3487123791547,0.38095238095238093,87.64370705687007,89.47057567798798,-0.19047619047619047,0.7142857142857142,39.63481840023556
730,validation,2,1,1,342.0798669403215,331.37976318748133,0.0,-4.157314204197724,-10.504150425142809,-0.19047619047619047,0.23809523809523808,-77.08349826664158
731,train,1,0,0,42.9426762895211,122.01340102225822,0.0,91.33607508539326,0.0,0.0,1.0,43.93892435860383
731,train,0,2,1,-261.3501032060528,-342.5728026348256,0.0,-312.02505765549637,-0.0,0.0,0.5,-63.98469915871371
732,train,0,2,0,31.181282063650087,556.1773331228474,-0.047619047619047616,44.56558493611291,-47.08356321147648,0.2857142857142857,0.5714285714285714,1.1715244191957535
732,train,2,1,1,122.66996282923333,443.5444305848614,-0.047619047619047616,159.05014779834065,-84.82001143469982,-0.2857142857142857,-0.7142857142857142,16.078974826897948
733,train,1,0,1,-65.47597670781204,136.9929619689119,-0.0,0.0,0.0,0.0,0.0,-0.0
733,train,1,2,1,-527.4824806349694,72.50725365871494,-0.0,0.0,0.0,-0.0,0.0,-0.0
734,train,1,0,0,-52.95604964741517,51.02195766204477,-0.06666666666666667,429.6204284732303,-85.20331573430046,0.0,0.6000000000000001,0.0
734,train,0,2,1,-61.202968859939006,-939.8953409718943,-0.3333333333333333,-402.5091096116563,21.65462120748522,0.0,-0.2,-0.0
735,validation,0,2,0,-119.11400586442073,3014.259744089579,0.0,-0.0,0.0,0.6,1.6,52.96054509745451
735,validation,2,1,1,-232.45698248213694,-1790.1481057220226,0.4,-0.0,0.0,-0.6,-0.8,-86.26221306853972
736,train,2,0,1,37.336999248700096,816.1189264971517,0.0,0.0,0.0,0.0,0.0,0.0
736,train,2,1,1,111.1440274981017,816.1189264971517,0.0,0.0,0.0,-0.0,0.0,-0.0
737,validation,0,1,0,311.09206113253344,572.8237396377058,-0.19047619047619047,63.34201168866855,-29.42269720990548,0.0,-0.7142857142857142,43.68970649344876
737,validation,1,2,1,-204.40838248390332,489.72613751826793,0.38095238095238093,10.370702742454114,129.80925280914227,-0.47619047619047616,0.5714285714285714,-93.1737820723747
738,train,1,0,0,272.48002682793754,761.3594623394424,-0.6666666666666666,0.0,-0.0,0.0,-0.0,-0.0
738,train,2,0,0,3.0061880561638645,1088.9030187199874,0.0,-0.0,-0.0,0.3333333333333333,0.0,0.0
739,train,0,1,0,202.90685238729318,0.0,0.0,-0.0,-77.84176939639619,0.0,2.0,-0.0
739,train,1,2,1,8.90393463657108,-284.5668641388861,-0.0,-0.0,-83.9757474647262,-0.0,-1.3333333333333333,-0.0
740,test,2,0,1,-253.31364804545387,-696.451636691053,0.0,-0.0,60.3926136288452,-0.0,0.0,0.0
740,test,2,1,1,-433.4207918973428,-770.231644128236,0.0,0.0,43.07141614199372,-0.0,0.0,0.0
741,train,1,0,0,205.6762456345864,374.9017444553933,0.5,244.2391124517968,0.0,0.0,-0.0,-27.908977724285723
741,train,0,2,1,-114.92783831377318,-503.75487619124215,0.0,-101.31570177453064,-0.0,0.0,0.0,-20.960308389208883
742,validation,1,0,1,-79.91758142889148,-1741.7638929454788,-0.3333333333333333,0.0,-0.0,-0.0,-4.0,20.629259287931973
742,validation,1,2,1,-242.2334580393681,-1153.2117569989796,-1.3333333333333333,-0.0,-0.0,-0.0,-5.0,87.6142627548647
743,train,0,1,1,-479.1194727509727,-774.5902758865045,0.0,-261.15983170413506,0.0,0.0,0.0,-59.611780943000475
743,train,2,0,0,193.9448836927309,342.71639033273095,-0.0,517.7873635583946,0.0,-0.0,0.16666666666666666,74.75826878533638
744,train,1,0,0,-21.201845034987798,-185.9441655189712,0.0,42.9850775627242,0.0,-0.0,-0.0,-0.0
744,train,0,2,1,64.89207947066834,689.8018092753741,-0.0,183.72033152457487,0.0,0.0,0.0,0.0
745,train,0,1,0,-279.22210888058885,1438.6251367480527,0.0,-0.0,419.89574852679766,0.0,0.0,0.0
745,train,1,2,1,-376.2093925185486,-1577.6971107025965,-0.0,0.0,-1182.0970718284145,0.0,-0.0,-0.0
746,test,1,0,0,-113.73443743970051,674.5184030524078,-0.0,-0.0,0.0,0.0,-0.0,0.0
746,test,2,0,0,-83.6281868828653,636.0178656008857,-0.0,0.0,0.0,0.0,-0.0,0.0
747,train,0,1,1,-73.02977343782163,-906.720666849722,-1.0,-0.0,-0.0,0.0,0.0,0.0
747,train,0,2,1,-4.022943303769921,-702.7740752509399,-3.0,-0.0,-0.0,0.0,0.0,0.0
748,test,0,1,1,-308.6651841103553,-4959.711566610261,-0.0,-0.0,0.0,-0.0,-0.0,-0.0
748,test,0,2,1,-200.3767559413959,-2595.9261572802743,-0.0,-0.0,0.0,0.0,-0.0,-0.0
749,train,2,0,1,247.74017155159925,1910.0503314989946,-0.1,0.0,-0.0,-0.2,-3.2,126.54916631903097
749,train,1,2,0,-114.90723945708748,335.5633407268897,0.30000000000000004,0.0,0.0,0.4,0.4,-97.6126890392335
750,train,2,0,1,-174.00260139474176,-270.4416517944519,0.0,-402.1334720103844,-0.0,0.0,-4.0,-0.0
750,train,1,2,0,-65.10401521860445,19.831046746260654,-0.0,1.4197876881546563,0.0,0.0,2.6666666666666665,0.0
751,test,1,0,1,-240.6110950807472,-1325.4976226342042,-0.2857142857142857,-527.5285252890051,-296.02507024307374,0.047619047619047616,-0.7142857142857142,-26.184917384725388
751,test,2,1,0,54.678580364517416,746.9285461831478,0.0,-39.531732887805234,81.42087016188172,-0.09523809523809523,0.7142857142857142,66.7012902257491
752,test,0,2,0,-338.60347074424425,-222.72196137038645,0.0,0.0,371.4367961538046,0.0,-0.6666666666666666,-0.0
752,test,2,1,1,152.9356911750785,-57.62083009644721,-0.0,-0.0,-697.9209218187317,0.0,0.6666666666666666,0.0
753,train,1,0,0,146.75651403743402,-72.46945166438309,0.0,-0.0,-0.0,0.0,0.0,33.266740635015424
753,train,0,2,1,-108.16533259172522,-205.54496780391173,-0.0,0.0,0.0,0.0,-0.0,28.140636061541898
754,train,1,0,0,178.9844459123742,1194.8075753664048,0.0,-0.0,0.0,-0.0,0.0,0.0
754,train,0,2,1,-48.50187895038471,-338.49999935369533,0.0,0.0,0.0,0.0,-0.0,0.0
755,validation,2,0,1,18.068201513495637,-1099.5800636146769,-1.3333333333333333,-258.7873094996733,-43.153738968420456,0.14285714285714285,-0.2857142857142857,60.631998759752555
755,validation,1,2,0,-54.52757615350049,918.9870229339158,-0.19047619047619047,1.7670065790983762,-40.41397606160995,0.2857142857142857,0.0,-27.788542527533114
756,train,0,1,0,132.04545027865248,343.88611021400357,0.0,563.5276054708481,1.1796842329370292,0.0,0.0,34.57875335652291
756,train,1,2,1,-78.07064903356928,-157.35965896137077,0.0,117.91141266756176,24.743936979761667,-0.0,-0.0,-45.0048672885943
757,train,2,0,1,-221.16031747666608,339.18626383253877,0.0,-74.54453240442315,-0.5414285806371936,0.3,-0.8,0.0
757,train,2,1,1,61.312059955533016,29.49738299052933,0.0,35.09219455186245,-168.01974690272107,-0.3,-1.0,0.0
758,test,1,0,1,-357.79308759139604,-334.41271981746377,0.0,-134.44742916094341,-301.7644535775524,-0.0,-0.3,58.1070787849344
758,test,1,2,1,-342.84088025277646,-507.5628750713131,0.0,-17.80793966369772,-230.39749590237585,-0.0,0.8999999999999999,-45.1858072846959
759,test,1,0,1,-133.4382030867979,1065.6612240385657,-0.0,-0.0,0.0,-0.0,0.0,-0.0
759,test,1,2,1,-18.277503105018127,1231.45878028288,-0.0,-0.0,0.0,0.0,0.0,0.0
760,train,0,1,1,70.24392547502885,692.0093216309924,0.0,-243.9970459188845,0.0,-0.0,1.0,0.0
760,train,0,2,1,-73.68294991154227,570.6183008383141,0.16666666666666666,-292.2807004228011,0.0,-0.0,0.5,0.0
761,train,0,1,0,-3.368309201183706,-1144.5817980845377,0.0,-0.0,0.0,-0.0,-0.0,0.0
761,train,2,1,0,71.68720517573456,-1893.4486652018977,0.0,0.0,0.0,-0.0,-0.0,0.0
762,test,0,1,0,-202.6036945602753,-1074.983238670764,0.0,-0.0,0.0,0.0,2.0,-0.0
762,test,2,1,0,-265.78096751127316,-1144.502160988156,0.0,-0.0,-0.0,0.0,5.0,-0.0
763,train,1,0,1,-514.7725368945145,-1365.7562107726399,-0.0,0.0,-363.93321750560636,-0.0,-5.333333333333333,-0.0
763,train,2,1,0,331.56752822540693,1911.4695785815939,0.0,0.0,135.53084739869,0.0,0.6666666666666666,-0.0
764,train,0,2,0,-51.9818457638421,-627.6894712472422,-0.0,0.0,185.07631510073315,0.0,-0.0,-0.0
764,train,1,2,0,-205.77459988871033,-960.8855456740002,-0.0,-0.0,570.2508794948085,0.0,-0.0,-0.0
765,test,2,0,1,-30.078831286954028,78.89053915578143,-0.2,-225.3120656098847,0.0,0.0,-0.4,0.0
765,test,1,2,0,-96.98608328724214,-388.4963856448894,0.2,49.22246342175199,0.0,0.0,0.4,0.0
766,train,0,2,0,179.67104389689484,681.141243630188,0.1,48.04625678290579,-0.0,1.2000000000000002,0.6,0.0
766,train,2,1,1,-256.3241160756304,-763.9310092548026,0.0,-276.22302792506855,-0.0,0.0,-0.3,-0.0
767,train,1,0,0,-72.66314177595575,-141.27056767586078,0.0,-28.65346778298474,0.0,0.0,-0.0,1.7477921455732954
767,train,0,2,1,70.11792683042523,103.31374425248555,0.0,98.71319366575926,-0.0,0.0,0.0,-30.43056184043237
768,train,1,0,1,-465.2549002196956,-1430.3667104146157,-1.0,-83.07856005281532,-58.19700053751088,-0.0,-0.2,-28.32005138316572
768,train,1,2,1,-162.42515543653667,-1577.1140646217386,-0.4,-256.9626503648723,-38.124821741276655,-0.0,-0.13333333333333333,-3.6656319835704685
769,train,0,1,0,129.24772562965853,867.4163628548231,0.0,0.0,0.0,0.0,-0.0,0.0
769,train,1,2,1,-16.124833546787386,-207.29387489025703,0.0,0.0,-0.0,0.0,0.0,0.0
770,train,2,0,1,41.68647606508364,693.1313328673523,0.0,48.31629705754813,-57.22687791876017,0.0,-0.19047619047619047,8.383088160094053
770,train,2,1,1,-56.97252876918151,-502.702304428969,0.0,-108.63896124341005,-13.044306342208284,0.2857142857142857,-0.9523809523809523,-63.26743068744507
771,train,0,1,1,-9.630300294074061,-814.1168492631491,-0.26666666666666666,-0.0,-4.04166414568643,-0.13333333333333333,-0.4,92.42009725574384
771,train,2,0,0,46.29339287573799,748.839193664599,-0.26666666666666666,0.0,18.169094381149883,0.0,0.4,-64.29458633782568
772,train,1,0,1,156.7293116217454,968.8683327137242,0.0,0.0,0.0,0.0,-0.0,0.0
772,train,2,1,0,350.49895832418395,-868.4838250388666,-0.0,-0.0,-0.0,-0.0,0.0,-0.0
773,train,0,1,0,-550.7431807185401,101.13925441593346,0.6666666666666666,0.0,0.0,-0.6666666666666666,-0.0,-0.0
773,train,2,1,0,-427.2007425342131,570.167362235461,2.0,-0.0,0.0,-0.3333333333333333,-0.0,0.0
774,train,2,0,1,-29.48473277185076,392.4783400060801,0.0,-387.05915481641705,0.0,0.0,0.3333333333333333,0.0
774,train,2,1,1,109.6747044425685,97.88685305571289,0.0,-548.5911853395058,0.0,0.16666666666666666,-1.3333333333333333,-0.0
775,train,0,1,1,-480.4290420974762,1253.8473520067237,-0.2,-0.0,4.793644783732657,0.0,-2.4000000000000004,-48.34783608483065
775,train,0,2,1,-9.097522897475983,1242.1782386044088,0.0,-0.0,14.128111353269038,0.0,-1.6,-27.439429773260155
776,train,2,0,1,114.26022022081531,143.40572866598086,-0.3333333333333333,-0.0,-0.0,0.3333333333333333,0.0,0.0
776,train,1,2,0,572.7686270485092,109.32970791599928,1.0,-0.0,0.0,0.0,3.0,-0.0
777,validation,2,0,1,199.99087706100784,-204.60511922270598,-0.0,0.0,-0.0,-0.0,-0.0,-0.0
777,validation,2,1,1,28.956181970197576,-420.92225508202137,-0.0,0.0,-0.0,0.0,-0.0,0.0
778,train,2,0,1,-323.05308772972154,-1244.0994397656254,0.0,14.404301818817286,-5.988198485932533,-0.0,-0.6666666666666666,61.3408956748149
778,train,2,1,1,-953.1308912437219,-2046.6432283030358,-0.26666666666666666,-80.0822954928146,1.216593312931612,-0.0,-0.5333333333333333,61.3408956748149
779,train,0,1,0,108.37973110849941,161.77802663841703,0.4,0.0,250.22543596656345,0.0,0.4,-26.269308593120684
779,train,1,2,1,33.90622070087653,384.00945742206477,-0.2,-0.0,-110.68342142643083,0.26666666666666666,-0.13333333333333333,5.004118865196343
780,train,0,1,1,46.30930844882457,168.5300071598781,0.0,0.0,0.0,0.0,0.0,-0.0
780,train,2,0,0,146.50067443823434,139.52700332491895,0.0,-0.0,-0.0,0.0,0.0,0.0
781,train,1,0,1,-0.6787176932189141,-644.2440301513266,-0.0,-0.0,-0.0,0.0,0.0,0.0
781,train,2,1,0,-69.53195509648617,-467.3611262252293,-0.0,0.0,-0.0,0.0,0.0,0.0
782,train,2,0,1,-247.69666782611034,85.48639009451881,0.0,-0.0,-0.0,-0.5,0.3333333333333333,-0.0
782,train,1,2,0,268.9461870128257,87.57150732078617,0.3333333333333333,0.0,0.0,0.0,-0.6666666666666666,0.0
783,train,1,0,1,105.1672337124013,215.44643525144238,0.0,0.0,0.0,-0.0,-0.0,0.0
783,train,1,2,1,-171.23792241279216,1054.8993625316089,0.0,0.0,-0.0,-0.0,0.0,0.0
784,validation,0,2,0,613.6844448528176,481.1089325708126,0.0,-47.47234302014347,-0.0,-0.0,0.0,-0.0
784,validation,2,1,1,171.75175403969735,81.05224424208336,0.0,-234.68291132215268,-0.0,-0.0,-0.0,0.0
785,train,0,2,0,523.8688219039293,674.4017969850702,0.0,-0.0,-0.0,0.0,0.0,499.75326503271856
785,train,1,2,0,96.03557609295888,-1416.5223329655664,-0.0,-0.0,-0.0,0.0,-0.0,615.1358524400574
786,train,1,0,1,-124.91887482591358,-1473.4031280808213,-0.0,0.0,-0.0,-0.0,-0.0,-0.0
786,train,1,2,1,182.9485457438003,-986.1013150747322,-0.0,-0.0,-0.0,0.0,-0.0,0.0
787,test,0,2,0,19.663607557896285,977.8052694214102,0.0,116.83447390149031,-0.0,-0.4,0.8999999999999999,-0.0
787,test,2,1,1,203.5637367428386,-1672.4331427544048,-0.4,-146.21888872223994,0.0,0.2,-1.2,-0.0
788,train,1,0,0,762.7097511994147,1648.649177068629,0.0,0.0,0.0,0.0,0.0,0.0
788,train,0,2,1,96.34090239212259,336.31262219340806,0.0,-0.0,0.0,0.0,-0.0,-0.0
789,train,0,1,1,-221.7420844890913,-1063.9215195404454,0.0,-178.0909645358881,0.0,0.2,-0.3333333333333333,-32.26015907654089
789,train,0,2,1,-59.89565825221658,-319.9157020894263,-0.3333333333333333,39.25768529770894,0.0,0.2,-0.2,-65.36862768169586
790,train,0,1,0,-160.53001575900373,-1310.5905990590572,-0.0,-0.0,0.0,-0.0,0.0,-0.0
790,train,2,1,0,1084.5047540775427,756.7246506400943,-0.0,-0.0,0.0,-0.0,0.0,-0.0
791,train,1,0,0,275.95496716378887,34.482799898709345,-0.0,0.0,0.0,0.0,-0.0,0.0
791,train,2,0,0,98.59821431384103,254.19988705193555,0.0,0.0,-0.0,0.0,-0.0,-0.0
792,test,1,0,0,-256.3152763095047,-868.9166054405778,0.0,-0.0,0.0,-0.0,-0.0,0.0
792,test,0,2,1,487.95122002413154,320.72927603309836,0.6666666666666666,0.0,-0.0,0.0,0.0,-191.9236210006498
793,test,1,0,0,149.02027811027403,321.5367275282415,0.6,0.0,99.12863045968662,0.0,0.4,-0.0
793,test,0,2,1,-239.04986141766165,112.75545702788895,0.0,-0.0,19.413515207083194,0.0,-0.8,-0.0
794,train,2,0,1,-34.676142800365824,-1080.2142773582118,0.0,0.0,0.0,0.0,0.0,-136.38717425970913
794,train,1,2,0,-81.40182095264936,1360.6861459736028,-0.0,0.0,-0.0,-0.6666666666666666,-0.0,345.0464113369176
795,train,1,0,0,-91.83566959342647,1349.9093126207854,0.0,0.0,0.0,0.0,0.0,0.0
795,train,0,2,1,-235.56316884721377,264.8493230096374,0.0,0.0,0.0,0.0,0.0,-0.0
796,train,1,0,1,-345.27880836305883,-1616.6829601439567,0.3333333333333333,-201.44945361524674,-339.3275535783755,-0.0,0.5333333333333333,-6.095149989503817
796,train,2,1,0,24.613929415826306,636.8302345915963,-0.26666666666666666,288.27373343685053,-16.82139543243401,0.0,-1.6,65.48536038238977
797,validation,0,1,0,112.75142508272222,636.024072741212,0.0,0.0,0.0,0.0,0.0,0.0
797,validation,2,1,0,176.29265397150573,543.0605291774809,0.0,-0.0,-0.0,0.0,-0.0,0.0
798,test,1,0,0,-38.0765729526434,324.5621800601971,0.0,0.0,0.0,-0.0,0.0,-58.598360346401975
798,test,0,2,1,-10.81076903520028,454.8116481240886,0.0,-0.0,-0.0,0.0,-0.0,-144.04873738013464
799,validation,1,0,1,-99.73151959086715,-408.3331700975932,-0.5714285714285714,-182.9100458525454,-46.683606704526206,-0.2857142857142857,0.19047619047619047,-16.85671083162191
799,validation,1,2,1,-160.55850183420853,-856.3798447926538,-0.38095238095238093,-191.71113475174695,-33.857866046721206,0.0,0.09523809523809523,7.8931810291828395
800,test,0,2,0,-138.64110862036796,-386.8597639435957,0.0,0.0,245.02837600005773,-0.0,-0.0,-0.0
800,test,2,1,1,-30.76562238152013,219.16159819593304,0.0,-0.0,-454.29276213384884,-0.0,0.0,0.0
801,test,1,0,1,579.451728760093,613.2752785179573,-0.0,0.0,-0.0,0.0,0.0,-0.0
801,test,2,1,0,-418.578265524519,960.0321156530317,-0.0,0.0,0.0,-0.0,0.0,0.0
802,train,0,1,1,440.4798143496522,1207.6550037630632,-0.3,0.0,-0.0,0.0,-0.6000000000000001,-92.07853277020737
802,train,2,0,0,-314.3579345755371,-738.5169256605272,0.0,-0.0,-0.0,-0.1,1.2000000000000002,103.95309774825269
803,train,0,1,1,-156.6857478524376,-1036.5482475406584,-0.0,-0.0,-1192.3407162565027,-0.0,0.0,0.0
803,train,2,0,0,766.0899631194329,154.55707291801582,0.0,-0.0,146.9628304721208,0.0,-0.0,-0.0
804,train,2,0,1,-818.735148509319,-26.23448640758852,0.0,0.0,-101.38079124122183,-0.0,0.0,-129.69597689899996
804,train,1,2,0,78.71260081047944,616.2523902730245,-0.0,-0.0,27.91869041269543,0.0,-0.0,206.36538989457577
805,train,0,2,0,1087.5205344972937,1998.0723995972694,0.0,0.0,478.8450892388117,0.2,0.5333333333333333,-31.21592773995332
805,train,1,2,0,-94.83497775476496,-2099.992548568216,0.0,0.0,130.0434945471498,0.0,0.8,-47.84624983015759
806,test,2,0,1,-274.0701728126834,-1647.3412798521613,0.0,-263.53698423164536,-361.3595228079758,-0.2,-0.0,63.29009402345371
806,test,1,2,0,259.8381184789582,81.21973090711253,0.3333333333333333,-139.89410076400358,440.81408942490856,0.06666666666666667,0.0,79.6835590369321
807,train,0,2,0,-62.7590428246786,-313.71111004022623,0.8999999999999999,0.0,-81.7697150389171,0.2,0.2,0.0
807,train,1,2,0,-29.905849105735342,676.5905456965161,0.6,0.0,431.3714992995272,0.0,0.4,0.0
808,train,0,1,1,-65.25229175099525,-526.6210217195066,-0.0,0.0,0.0,-0.0,0.0,-0.0
808,train,2,0,0,-245.70503436336924,-31.95533321804487,-0.0,-0.0,0.0,0.0,-0.0,0.0
809,train,0,1,0,106.15884703292022,-139.5767974076516,0.0,0.0,0.0,-0.0,0.0,0.0
809,train,2,1,0,47.35456704315209,-149.664491272365,0.0,-0.0,0.0,0.0,-0.0,0.0
810,validation,2,0,1,-311.2832442144811,-161.85407276838487,0.0,63.21884494779147,0.0,0.0,0.1,-0.0
810,validation,1,2,0,659.8101275577206,1024.501490675245,0.2,-276.9439433060464,0.0,0.8,-0.30000000000000004,-0.0
811,train,1,0,1,-183.77595463462313,-41.3578879593324,0.0,-0.0,0.0,0.0,-0.0,0.0
811,train,1,2,1,-319.4095064635291,-390.5891600423788,0.3333333333333333,-0.0,-0.0,0.0,0.0,-0.0
812,train,0,2,0,171.51762221895427,1258.5295322559023,-0.6666666666666666,0.0,-6.554155848642958,0.5,0.0,-0.0
812,train,1,2,0,24.989872687263016,625.3310833865949,-0.3333333333333333,0.0,87.01241769097695,0.0,0.0,-0.0
813,train,1,0,1,-331.3690897026045,-235.26460035287255,0.0,-17.5983944861217,-75.90824991015289,0.0,0.0,23.473211815055937
813,train,2,1,0,4.463838184506642,254.5695726231529,-0.0,5.483717052343218,-35.447846091730106,0.3,-0.0,-20.540332197857943
814,train,0,1,0,-307.78369316596866,-132.76140166378627,0.0,0.0,-0.0,0.0,0.0,0.0
814,train,2,1,0,1.3778777565568134,2356.2084926913512,0.0,0.0,0.0,0.0,0.0,0.0
815,validation,1,0,1,-315.4549263949898,451.67365139499816,0.0,0.0,-0.0,0.0,0.0,0.0
815,validation,1,2,1,-471.8894235381282,1644.5856617199206,0.0,0.0,0.0,0.0,0.0,0.0
816,train,2,0,1,-10.907600254632086,-456.15013351146445,0.0,-0.0,109.7439040759564,0.0,0.0,-121.476852401922
816,train,2,1,1,57.497903015719714,-118.04699516652045,0.0,-0.0,115.73476581931988,0.0,0.0,-218.3895737474996
817,train,2,0,1,351.0040746507209,725.0348883833758,0.19047619047619047,-0.5266172758206916,-148.9409591843285,-0.047619047619047616,0.0,-31.290049766257066
817,train,2,1,1,355.48197491172704,587.2763694151777,-0.19047619047619047,193.4182956496267,-32.12976471256631,0.0,-0.14285714285714285,-22.150607793480326
818,train,1,0,0,103.22803576846047,1091.9168033143642,-0.1,0.0,88.4559570589087,0.0,2.4000000000000004,47.381358910916695
818,train,2,0,0,196.8931640551524,1521.3049815330496,0.0,0.0,148.72555586706855,0.0,0.8,162.85295284481865
819,train,0,1,1,-963.9186940568225,-4504.839438317593,-0.0,-1079.1859188394058,-584.8362756498927,0.0,-0.0,-0.0
819,train,2,0,0,174.59937137220095,2016.379358891456,0.0,-549.3962057217265,1212.993959748988,0.0,0.0,0.0
820,test,2,0,1,2.3822385209081176,-415.34062413189804,-0.3333333333333333,-901.4416768979527,0.0,0.0,0.0,71.50507501871651
820,test,2,1,1,-297.5802202142902,-1195.881441638663,0.0,-568.4307669082776,-0.0,-0.0,0.0,-161.00798009481346
821,train,0,1,0,-223.86930605750263,-1045.4231771726163,0.0,-631.1023988116034,-0.0,0.6666666666666666,0.0,0.0
821,train,1,2,1,94.58402916435432,-22.041545197733285,-0.0,684.6485808881114,0.0,-1.3333333333333333,0.3333333333333333,-0.0
822,test,1,0,1,197.41009785332238,582.6434392150986,-1.0,-0.0,0.0,0.0,0.0,0.0
822,test,2,1,0,-181.7714145103921,417.19270296395143,0.0,0.0,0.0,0.0,0.0,-0.0
823,train,2,0,1,-150.77018370166996,-662.9151176596024,0.0,-95.12935467362422,-0.08039732016683275,0.0,0.6666666666666666,0.0
823,train,1,2,0,114.18904343773272,377.98214673984967,0.0,327.3269695958264,35.02047648100673,0.06666666666666667,-0.13333333333333333,52.16501681604637
824,train,2,0,1,-51.07821341054557,207.5287207725287,0.0,69.75703512716505,-146.5085837468257,0.23809523809523808,0.38095238095238093,-14.323791098403598
824,train,1,2,0,42.6044578536995,722.1781669846296,0.42857142857142855,182.14573941604723,132.82841475139546,0.0,0.38095238095238093,2.752554456355759
825,train,1,0,1,-264.48934725498975,-782.5290411051719,-0.0,-0.0,-0.0,0.0,0.0,-0.0
825,train,2,1,0,173.38440916223874,1893.0258787490193,0.0,0.0,0.0,0.0,0.0,-0.0
826,train,1,0,0,79.38281121056195,592.2257232622196,0.0,-160.74328270399707,20.20508868832585,0.0,0.8,98.49785481620452
826,train,2,0,0,-179.67582640131866,371.91855223449465,-0.13333333333333333,-37.628297164585604,-75.39630906212989,0.0,0.5333333333333333,34.115505364867445
827,train,1,0,1,-499.59142416859424,-1066.7405223389414,0.0,257.9313930035462,-224.758027455459,0.0,0.0,-62.919294506495945
827,train,1,2,1,-502.46517663887414,-545.8979119838286,0.0,382.7388116692507,-59.45225640646784,0.0,-0.0,-26.852638887169295
828,train,0,1,1,-708.2405785671446,99.16469489085102,-0.0,0.0,-0.0,-0.0,0.0,-0.0
828,train,2,0,0,192.129921861537,392.58464827924945,0.0,-0.0,0.0,0.0,-0.0,0.0
829,train,2,0,1,-244.72526038186396,-124.42246443878639,0.0,-32.84814150452615,15.569335305685236,0.0,-0.0,0.0
829,train,2,1,1,-11.713679691560344,82.67808163069185,-0.8999999999999999,-31.067798725104627,-24.360047011545625,0.0,-0.0,0.0
830,train,1,0,0,30.58613281859391,391.4084936801105,-0.0,0.0,0.0,0.0,0.0,0.0
830,train,2,0,0,226.60203759648675,582.9487056577932,0.0,-0.0,0.0,0.0,-0.0,0.0
831,train,0,1,0,7.465328538559106,-216.9196212003328,0.19047619047619047,11.371442480215137,20.22313260056237,0.2857142857142857,0.0,-25.115817075816064
831,train,1,2,1,30.857772068888522,286.292889543261,-0.38095238095238093,39.56328597780506,-1.2102040537607073,-0.5714285714285714,0.7142857142857142,28.869668011216014
832,train,2,0,1,-33.03641832416406,199.7016440080365,0.23809523809523808,110.32345354698265,7.085679288973665,0.2857142857142857,0.19047619047619047,-55.817701226095494
832,train,1,2,0,-23.37883879677389,-491.3098180045813,0.0,-100.37605381711627,15.906453409112746,0.0,-0.09523809523809523,60.47588794054961
833,train,2,0,1,-169.20764818825916,134.22303938336654,-0.14285714285714285,-79.41224167937598,28.68919711766371,0.14285714285714285,-0.2857142857142857,-37.40387921263553
833,train,2,1,1,15.408156848501335,-308.5092519778832,-0.047619047619047616,-14.047686749352794,-52.803908724858914,0.0,-0.38095238095238093,-40.967329773097504
834,test,2,0,1,-153.96500940458486,-5.170011985892415,-0.6666666666666666,156.62512493243366,0.0,0.0,-0.0,-27.87557577076284
834,test,2,1,1,-203.93175283158837,-1116.434894138174,-0.6666666666666666,-219.8652007206896,0.0,0.0,-0.0,-18.848785149663236
835,train,1,0,1,-144.3425347943462,40.909440712645846,0.2,-83.72108236419216,-545.6953915348347,-0.26666666666666666,-0.0,19.32796920148797
835,train,2,1,0,246.98397230559465,-70.12763236240426,0.4,-56.79625080336835,156.7505621631298,0.0,0.0,-32.71078505156581
836,validation,0,2,0,5.080462873010049,765.3679960239806,0.06666666666666667,50.42255522503524,-0.0,0.26666666666666666,1.0,-0.7657279623313419
836,validation,2,1,1,-622.6530968939278,-1024.536059553242,0.06666666666666667,53.34655956883494,0.0,0.26666666666666666,-1.3333333333333333,21.98131493134053
837,train,0,1,0,532.7166047406763,786.0250600511836,0.5714285714285714,87.69248790211437,-4.667176043154681,0.19047619047619047,-0.47619047619047616,-18.338877444003003
837,train,1,2,1,52.2070411494517,274.1060673591728,-0.5714285714285714,133.82863744374416,27.785374575524553,0.0,-0.47619047619047616,-26.013168074311594
838,train,1,0,1,-378.26950757888255,-1097.0317610356115,-2.0,-265.7045480954062,-0.0,0.0,0.0,-0.0
838,train,2,1,0,-64.34562842576975,-651.6870648542181,1.3333333333333333,282.67669740477965,0.0,-0.0,-0.0,-0.0
839,train,2,0,1,-315.9027336140641,-716.5047812654134,0.0,-5.541269870781434,-192.97930289398712,-0.2,0.4,0.0
839,train,2,1,1,-414.93686717866865,-887.9803983877596,-0.0,322.3491312378569,-73.17923027845502,0.0,0.30000000000000004,-0.0
840,train,1,0,0,-185.12794487567686,142.15429467098056,-0.0,-0.0,-0.0,0.3333333333333333,0.0,269.9298997841755
840,train,0,2,1,99.26558055518706,150.79738632018007,0.0,0.0,-0.0,-0.3333333333333333,0.0,-310.28641829875625
841,train,0,1,0,224.95589462072428,1148.8500224071026,-0.0,-22.438020960054885,0.0,0.4,2.4,2.699531853640133
841,train,1,2,1,-104.9614674225752,-1549.9870821153577,0.0,22.889554736909442,-0.0,-0.4,-3.0,-5.545161260722859
842,train,2,0,1,38.921990933426486,291.41255389400885,0.0,0.0,0.0,0.0,0.16666666666666666,-37.632195731238355
842,train,1,2,0,651.5555901902253,692.8646447705914,0.0,0.0,-0.0,0.0,0.8333333333333333,46.65470191626969
843,test,1,0,0,-50.61780151261598,88.81746350400044,0.0,-0.0,144.42905413761778,0.1,0.0,89.96884035935457
843,test,2,0,0,140.9438957148675,2093.6245448589125,0.3,-0.0,202.6917982936126,0.1,0.0,136.08621260203836
844,validation,1,0,1,-2.2514197136541156,371.30344931437,0.0,0.0,0.0,-0.3333333333333333,-0.0,-38.696166400676205
844,validation,1,2,1,-60.25373077763351,-108.20629998551885,0.0,0.0,-0.0,0.0,0.0,-62.35772158196321
845,train,0,1,1,-507.93085500907307,-405.40611716693184,0.0,0.0,-0.0,0.0,-0.0,-0.0
845,train,0,2,1,-651.762875659451,-1958.870404448765,0.0,0.0,-0.0,-0.0,-0.0,-0.0
846,validation,2,0,1,81.5073760648446,-875.6606059925184,0.0,-0.0,-0.0,0.0,-1.5,-167.2517079021819
846,validation,2,1,1,-37.36284909209087,-676.3352231042331,0.0,-0.0,0.0,0.0,-0.3,-110.82645271885946
847,train,1,0,0,170.78136448347988,360.2852574003241,-0.0,-0.0,212.67729296776443,0.0,0.0,0.0
847,train,0,2,1,-302.0158390680853,-1086.6371655291332,-0.0,0.0,-55.28691275774476,0.0,0.0,-334.142481274151
848,train,0,1,0,120.51354118251163,1499.3613943560931,0.6666666666666666,0.0,-4.776634713646558,0.0,0.0,70.60914150417807
848,train,2,1,0,164.91380223962676,1294.8276279213524,0.3333333333333333,0.0,127.80669690394298,0.0,-0.0,304.2492919441049
849,train,2,0,1,-560.9648729474162,359.72497177771675,-0.0,-92.98870593176616,0.0,0.0,0.0,-320.748170741285
849,train,1,2,0,-16.203047547099345,-670.4699158348117,-0.0,-418.09995710495815,-0.0,-0.0,-0.0,242.5300156195351
850,train,0,1,1,55.58566673385536,16.256373122117566,0.0,-0.0,-0.0,-1.0,0.0,0.0
850,train,0,2,1,31.37489114054847,-550.8873978305214,0.0,0.0,-0.0,-1.0,0.0,-0.0
851,train,0,1,1,330.25762396786115,-1095.072072160352,0.0,0.0,26.105168000598947,0.26666666666666666,-1.0666666666666667,-63.997114126335305
851,train,0,2,1,86.29609947427309,-1087.6150302638207,0.0,0.0,1.5233496898811836,0.13333333333333333,-1.6,-23.075344745601527
852,train,1,0,0,-240.74341289079973,1336.2152548590802,0.3,289.49598274961414,140.65565296815532,0.0,1.2000000000000002,-0.0
852,train,0,2,1,47.242428416856455,-962.6932922337965,0.3,-168.3826749845242,-46.05118988129829,0.0,0.0,-0.0
853,train,0,1,0,-264.1687405817105,-2031.8380597170508,-0.19047619047619047,-105.44749568216562,84.48970874475994,-0.14285714285714285,-0.47619047619047616,-95.74789815791
853,train,1,2,1,-408.4205116169169,264.9402678128263,0.0,60.975812883350756,-116.69838015998408,0.0,0.23809523809523808,173.42622079973899
854,validation,0,2,0,-269.12000396982563,-422.8525703622813,0.0,-0.0,-0.0,0.6666666666666666,0.0,-30.107342746404772
854,validation,1,2,0,79.48764254872242,897.9956836867577,0.0,-0.0,-0.0,0.3333333333333333,0.0,51.956943646005165
855,train,1,0,1,-212.4220430281964,-1841.711864299892,-0.0,-1460.1638316712324,0.0,-0.0,-0.0,-59.659063415011644
855,train,1,2,1,-268.8494407878127,-1972.065016704535,-0.0,-1830.1630889614776,-0.0,-0.0,-0.0,-321.5853302331835
856,train,1,0,0,18.076223676467748,-318.4239515006334,0.0,-0.0,0.0,-0.0,2.0,0.0
856,train,0,2,1,-149.50598355450825,-1847.1433266141403,-0.0,-0.0,-0.0,0.0,-3.0,-0.0
857,validation,0,1,0,-85.01151898867806,1990.8913146786986,0.0,0.0,0.0,0.0,0.0,0.0
857,validation,2,1,0,-108.44490332673797,953.7929295269055,0.0,0.0,-0.0,0.0,0.0,0.0
858,train,0,1,0,-32.63590560490468,453.7060992185002,0.0,-0.0,0.0,-0.0,1.0,0.0
858,train,2,1,0,236.3830444180885,770.0279735294994,0.0,-0.0,0.0,0.0,2.0,0.0
859,validation,1,0,1,-150.4070309776049,245.4267397982901,0.0,34.74881132269827,0.0,-0.3333333333333333,-0.06666666666666667,88.71420644968417
859,validation,1,2,1,-35.473665592069494,474.9065327871349,0.13333333333333333,-0.7677078812881292,0.0,-0.3333333333333333,-0.06666666666666667,16.38956798518904
860,train,0,1,0,186.48581016240917,1725.1184055390731,0.23809523809523808,8.011825179748918,-43.55660241344656,0.2857142857142857,0.047619047619047616,74.8371765480936
860,train,2,1,0,236.82671429808363,577.6092191784173,0.0,277.34429866617575,-4.652604803625914,0.0,0.09523809523809523,-64.28535645618886
861,train,1,0,0,402.09789496742656,1904.092221033654,0.4,277.13813573727776,1885.2191685702182,0.0,0.0,-86.17347510207588
861,train,0,2,1,100.55820480780972,-616.7969196187951,-0.2,-138.81526640243996,-174.93590265343022,0.0,-0.0,4.004343404253416
862,train,2,0,1,90.01746340107172,-117.58197481033403,0.0,0.0,-181.55081922703678,0.0,0.0,-0.0
862,train,1,2,0,-72.00298895345418,831.3124695643014,0.3333333333333333,-0.0,717.6801671114065,0.0,-0.0,0.0
863,validation,0,2,0,-33.60414799297615,372.8537098144466,0.0,174.16623466118182,-0.0,0.0,0.0,352.0437058794969
863,validation,2,1,1,-590.6029869666162,-898.8355793088995,-0.0,-382.21843287089087,0.0,0.0,-0.0,-129.81240064410207
864,train,2,0,1,-128.88930027950522,-596.849898303104,0.0,-0.0,-0.0,0.0,-0.0,-0.0
864,train,1,2,0,61.780985604565416,194.69121499046742,-0.0,0.0,0.0,-0.0,0.0,0.0
865,train,0,1,1,-381.09151422346736,-352.5268483092168,-0.6666666666666666,561.912673230772,0.0,0.0,-0.0,-0.0
865,train,0,2,1,-192.07874115637333,-530.408181392203,-0.3333333333333333,-990.4920308710628,-0.0,0.0,-0.0,0.0
866,train,2,0,1,-298.8806680045874,-54.615004039744235,-0.3,-4.420957825721598,-0.0,0.0,0.1,-135.97932017780565
866,train,1,2,0,274.18554619659426,1015.4479229689023,-0.3,297.22967755344973,-0.0,-0.0,0.5,11.392823680855928
867,train,1,0,1,-650.1410153943557,-1208.690636948465,-0.26666666666666666,147.0571415371218,-360.3454595348217,0.26666666666666666,-1.3333333333333333,0.0
867,train,2,1,0,338.054742712666,754.6642328378894,0.06666666666666667,-310.2723376116616,205.96650583296685,-0.13333333333333333,0.3333333333333333,0.0
868,validation,1,0,1,-1120.0263592627498,-1909.0444139825086,-1.0,-0.0,0.0,-0.5,-2.6666666666666665,-0.0
868,validation,1,2,1,-113.97752975001458,-225.64039388570563,-0.3333333333333333,0.0,0.0,0.5,-1.3333333333333333,0.0
869,validation,1,0,1,21.114290571900483,62.613210344452455,0.0,-0.0,0.0,0.0,0.0,-0.0
869,validation,1,2,1,-274.1917121817754,-829.0129536838567,-0.0,0.0,-0.0,-1.0,0.0,0.0
870,train,0,1,0,150.82600084155206,-235.8380516351208,-0.0,-0.0,0.0,-0.0,0.0,0.0
870,train,2,1,0,165.6631845707576,168.71355996452166,0.0,-0.0,0.0,-0.0,0.0,0.0
871,validation,0,1,0,182.89313008673912,1011.7949032187362,-0.3,70.51465992878842,144.37391147351178,0.0,0.0,0.0
871,validation,2,1,0,95.41563630262476,-115.19393847226365,0.0,-1.1406859278067942,48.82775640937476,0.0,-0.4,0.0
872,train,1,0,1,-471.6848537483608,-316.6265743790668,0.0,32.86388604938725,24.017217767462018,-0.0,-0.0,-0.0
872,train,2,1,0,184.0116459915546,-49.4671955122335,0.0,245.34969615373353,-167.23254105431684,0.0,0.0,-0.0
873,validation,1,0,0,-86.86153990479247,-155.22947161224374,0.0,0.0,0.0,0.0,-0.0,95.88517292662483
873,validation,2,0,0,275.34555086638824,1097.7020138032235,0.0,0.0,0.0,1.3333333333333333,-0.0,104.0442626082988
874,train,1,0,0,236.48161446586073,516.1361224394541,0.09523809523809523,6.283297530201318,77.12720457883393,-0.047619047619047616,-1.1428571428571428,35.59692005550192
874,train,0,2,1,-209.0229440064943,-593.8179842670961,0.0,-3.7204200241942544,-375.1493141042184,0.0,1.1428571428571428,-215.28713573868444
875,validation,2,0,1,-561.8186373227819,270.79246893801064,0.6666666666666666,65.04094026497064,-196.89715715030349,-0.2,-0.0,97.28667371935067
875,validation,1,2,0,90.24602415369145,-437.9081078346326,0.0,42.15387386907411,480.4685515010595,0.6000000000000001,0.0,-46.53841407826289
876,test,0,1,1,24.033342509496038,-245.87581092233177,0.3333333333333333,-0.0,0.0,-0.16666666666666666,-0.0,-157.41095160159188
876,test,2,0,0,-52.387201360600216,-675.1974492200466,-0.3333333333333333,0.0,0.0,0.3333333333333333,0.0,237.14736450199774
877,train,2,0,1,-34.86302058176443,-323.2759722688588,0.0,0.0,0.0,0.0,0.3333333333333333,88.55231966317331
877,train,2,1,1,-332.5723680081006,-435.8564131006369,-0.0,0.0,0.0,0.0,0.16666666666666666,-62.26644588862071
878,validation,1,0,0,-359.9996948343206,548.0720445343063,0.0,-35.88344705901856,135.14254041537248,-0.0,-0.0,12.687855227016389
878,validation,0,2,1,107.5975407765925,-707.2663452633801,0.0,-56.288582665342496,-230.0474043144393,0.0,0.0,-42.84864316448222
879,train,1,0,1,-146.54925771578417,1808.4472966242938,0.0,0.0,0.0,0.0,0.0,0.0
879,train,1,2,1,-22.207479684822033,512.7804903517244,-0.0,0.0,0.0,0.0,0.0,0.0
880,train,2,0,1,-138.23502063062827,0.0,0.0,-277.8295859559122,8.854210247926416,0.0,-0.3,-0.0
880,train,1,2,0,318.8543150664135,222.14551196399702,0.0,174.36544856909433,37.358732044965365,0.0,0.3,-0.0
881,test,1,0,0,231.51739513154564,-103.58144226690365,0.0,0.0,-155.11418451053717,0.0,-0.6666666666666666,84.27566185824469
881,test,0,2,1,61.16838701787549,-95.57587633400817,0.06666666666666667,-0.0,-16.87497142128153,-0.5333333333333333,-1.0,83.82558968013825
882,train,2,0,1,-159.1242147614788,626.9596381176689,-0.0,0.0,-0.0,-0.0,-5.333333333333333,-135.70437983650413
882,train,1,2,0,217.50232820039525,513.8071028075565,0.0,0.0,0.0,0.0,3.333333333333333,-71.3778439436053
883,train,2,0,1,-389.76344959319283,19.52431470852207,0.06666666666666667,345.9218206282929,-10.523726692802287,-0.0,-1.3333333333333333,29.277288955217255
883,train,2,1,1,-52.82563608548753,-1282.667485477382,0.06666666666666667,-130.81638560299498,-131.1117356627444,-0.0,-1.6666666666666665,-168.47838496326563
884,train,1,0,1,42.35803003708611,644.3328065034202,0.0,-186.7796634062017,0.0,0.0,-0.0,10.853911656532667
884,train,2,1,0,-103.48523236319005,-255.96458855512947,0.4,-34.779038096797606,-0.0,0.3,0.0,-21.42533004936947
885,train,0,1,1,-17.113321679612454,-332.21233773054155,-0.0,0.0,-0.0,0.0,0.0,-0.0
885,train,0,2,1,25.08295322499066,-2135.6389311007515,0.0,-0.0,-0.0,0.0,0.0,0.0
886,test,1,0,1,-263.55268056850264,894.6480763534109,0.3333333333333333,-289.34289632660403,-116.1750057420982,0.0,-0.0,-0.0
886,test,1,2,1,-220.62410122240124,-876.6943489474452,-2.333333333333333,-1407.5645580277044,-97.58018522473813,0.0,0.0,-0.0
887,train,0,1,0,271.89345944963304,-171.1827777665062,0.0,64.08464814221762,-0.0,0.5,0.0,123.34352770439844
887,train,1,2,1,-86.35669190739225,-1026.700094521315,0.0,-9.372495791521297,-0.0,-0.5,-0.0,-53.320484228750765
888,train,1,0,0,110.81553191383671,980.5861642191921,-0.16666666666666666,0.0,-0.0,0.0,2.0,223.74882130647956
888,train,2,0,0,-202.07708334293147,1012.4933562577144,-0.16666666666666666,0.0,-0.0,-0.0,0.0,140.99128246258707
889,train,0,1,0,180.66607147332002,-343.22891728157447,1.6,0.0,-306.33549444668927,-0.0,1.7999999999999998,35.23529243794959
889,train,1,2,1,-748.4142846710859,-585.9282385811384,-1.2000000000000002,-0.0,460.73329289657477,0.0,-1.5,-108.99755537236655
890,train,2,0,1,-100.08665554753117,87.77027271418228,0.0,0.0,0.0,0.0,-0.0,0.0
890,train,2,1,1,-22.194258773485615,276.50865282456925,-0.0,0.0,0.0,-0.0,-0.0,0.0
891,train,2,0,1,-463.8516390020186,159.71809989553913,0.0,159.36431082227136,-305.8446086766063,-0.2857142857142857,-0.2857142857142857,1.4755141543315902
891,train,2,1,1,-1200.8733431415335,-2819.6873160913674,-0.5714285714285714,112.76959554125897,-307.72700272339716,0.0,-0.19047619047619047,-113.31959197966668
892,train,0,1,1,-9.74928571654118,632.4062340078508,-0.0,0.0,0.0,0.0,-0.0,-0.0
892,train,2,0,0,-140.28594867223592,-61.34596838153902,0.0,-0.0,-0.0,1.0,0.0,0.0
893,train,1,0,0,-148.2564247670773,1416.8928122946018,1.3333333333333333,-0.0,231.8868581105384,0.0,0.0,-0.0
893,train,2,0,0,114.89261183250676,-843.3926530639974,0.0,-0.0,64.15211079473448,0.0,-0.5,-0.0
894,validation,0,1,1,321.2059588054235,-74.13382444066883,-0.0,-672.7634680999618,-0.0,-0.0,-0.0,0.0
894,validation,0,2,1,8.258809327475547,-167.04402499051866,-0.0,-1295.7242462857103,0.0,-0.0,0.0,-0.0
895,train,0,1,0,235.03473068809762,1327.5934586006688,-0.0,-314.72058858488674,211.43562682656307,-0.0,-0.0,229.65889077439385
895,train,1,2,1,-135.29808804817196,-990.5769867959625,0.0,142.25194677091878,-212.63871146589022,-0.0,0.0,-110.3888231368818
896,validation,0,1,1,-583.328058009224,-1128.4386809147554,-0.0,-535.3404126548123,-129.25053165861718,0.0,-0.6000000000000001,29.15952888843377
896,validation,2,0,0,109.32798089216078,615.3535627395968,0.0,24.964621946023183,236.94913754515335,0.0,0.0,-11.367817803962602
897,train,0,2,0,326.8984892909489,404.7208853153952,-0.0,804.3368726873466,-0.0,-0.0,-0.0,0.0
897,train,1,2,0,-27.711670464516942,-645.556206589069,-0.0,810.1679704060878,-0.0,0.0,-0.0,-0.0
898,train,1,0,0,299.4576156879763,2634.343661269421,0.0,171.09421847802116,267.486490791919,0.4,0.4,0.0
898,train,2,0,0,-198.64584342217103,1365.2336649838721,-0.5333333333333333,488.95740790179616,200.42486454150597,0.4,0.06666666666666667,-0.0
899,train,2,0,1,-340.85694790638433,-956.2764947335436,0.0,-0.0,-444.56159928226293,-0.0,-0.0,0.0
899,train,1,2,0,0.17693231817202104,-354.4848353587431,0.0,-0.0,-257.8809157133844,0.0,0.0,-0.0
900,validation,1,0,0,-274.5778647909776,361.0817567357267,0.2,34.76302259822986,-0.0,0.0,0.3,0.0
900,validation,0,2,1,1.0977967867294183,-492.45817287489353,-0.4,-3.186249342127292,0.0,0.0,0.0,0.0
901,train,0,1,0,158.9922022198091,436.7628288905662,0.0,-125.92916552553615,66.83955223927883,0.0,-0.8,40.59520686751717
901,train,2,1,0,-13.433970761271894,-1404.3282459191469,0.0,-274.58302649374065,4.493583360700241,0.3333333333333333,-1.0,79.98558105943384
902,train,1,0,1,-186.5604644842308,170.08246855702828,0.42857142857142855,-3.3485959304936537,196.7070990609355,0.0,-0.09523809523809523,-23.65723992326151
902,train,1,2,1,-394.9961498230201,-948.7485539211407,0.42857142857142855,-262.39406257094913,-9.511360658586518,0.0,-0.14285714285714285,-34.06401771106661
903,train,1,0,1,-498.52645122214426,-922.1890591581268,-0.1,-0.0,-407.019269953784,0.0,-0.2,183.595632772984
903,train,2,1,0,-157.6210480260413,157.61339885889174,0.4,-0.0,55.40668553218785,-0.0,-0.2,110.0391275792947
904,train,2,0,1,-394.7409017653324,-1267.7688235576397,-0.2,258.3726621618468,-335.4905968168839,-1.5,-0.0,0.0
904,train,2,1,1,-895.780661805887,-705.1851260004496,-0.2,-56.32059613286806,-26.639730185300937,0.3,0.0,0.0
905,train,0,2,0,150.02653225326895,301.885814884261,0.0,0.0,0.0,0.0,-0.0,-0.0
905,train,1,2,0,205.08583829386532,924.7965616768302,0.0,-0.0,0.0,0.0,0.0,0.0
906,train,0,1,0,14.374550048594926,78.44198196940215,0.0,0.0,0.0,0.5,0.3333333333333333,-0.0
906,train,2,1,0,-113.79224836669005,-627.5855990189416,0.0,0.0,-0.0,0.5,0.5,-0.0
907,train,1,0,1,-263.1113088772703,-508.13413842910813,-0.0,432.5334939879529,-252.5857884995628,-0.4,-0.0,22.654447862936816
907,train,2,1,0,283.03003882898133,1162.9167648425018,-0.0,6.030265804508326,305.53993843893375,0.0,0.0,12.886317249559733
908,test,2,0,1,-134.4662892278779,407.9975182897115,0.0,0.0,-0.0,0.0,0.0,0.0
908,test,1,2,0,463.17106236435063,320.45940708041326,0.0,0.0,-0.0,0.0,0.0,-0.0
909,validation,0,1,1,-61.779659949608686,-1365.8538460034715,-0.8,-43.407737355965516,0.0,0.0,0.0,-51.87935787447189
909,validation,0,2,1,50.121145471751106,-2219.9801258595226,0.0,-256.59807387418726,0.0,0.0,0.0,-79.5363297477543
910,train,0,2,0,-140.3108977060249,790.681266122916,0.0,-0.0,41.63690046953059,0.3333333333333333,0.0,218.97988881135703
910,train,2,1,1,-207.33316204414837,-2045.8932305268627,-0.0,0.0,85.90645736993902,-0.6666666666666666,-0.0,-122.0624626302135
911,train,1,0,1,113.57713083752606,260.1889856448488,-0.2,0.0,-133.09364974972146,0.13333333333333333,0.0,31.85769871771841
911,train,1,2,1,203.793125735059,155.25981432981553,-0.6000000000000001,-0.0,-136.5822042806119,0.0,1.6666666666666665,-24.36892515314412
912,train,1,0,1,-27.638837798662962,-1235.2526086651164,-0.3333333333333333,0.0,-140.49421334980622,0.0,0.0,20.76438578397974
912,train,2,1,0,181.86466964277042,1558.0654620567461,0.6666666666666666,-0.0,245.35615462485737,0.0,0.0,-51.67563774987599
913,validation,1,0,0,265.6734007389099,-301.3808962522462,-0.0,-455.18165363571916,0.0,0.0,0.0,-0.0
913,validation,0,2,1,32.131966403137426,143.11085632546656,0.0,51.958649365183646,0.0,0.0,0.0,0.0
914,train,0,1,1,122.48498610453362,-1046.7871543662895,0.0,-37.79738751602318,104.53652539340773,-0.2857142857142857,1.1904761904761905,-290.24832194865104
914,train,0,2,1,558.8611220900203,2381.610870957178,-0.2857142857142857,-117.48437840986486,150.2326056658683,0.0,0.23809523809523808,-123.14021202733822
915,train,2,0,1,359.6557414846948,-1327.639492965356,0.0,-512.908461232331,0.0,0.0,0.0,-0.0
915,train,1,2,0,-281.2457478211127,-91.22548967495459,0.3333333333333333,-695.3234702372233,-0.0,-0.0,0.0,0.0
916,test,0,1,1,3.1697025862562214,-700.1713319239034,0.0,-61.76274777655219,8.372755142890588,0.0,0.14285714285714285,-94.5462868668994
916,test,0,2,1,27.1361600885474,228.92267451668977,0.0,-71.76695324857714,-35.97047092837595,0.0,0.0,-61.32267105674482
917,train,1,0,1,-451.7767356699603,-775.6492719353027,0.0,0.0,0.0,-1.0,0.0,-0.0
917,train,1,2,1,-74.81428844904099,-388.88639089100434,-0.0,-0.0,0.0,0.0,0.0,-0.0
918,train,0,1,1,89.15269330041997,20.270614699034468,0.0,132.988229626992,130.76401909782328,0.0,0.0,0.0
918,train,0,2,1,-161.86287057128573,-360.91307034270267,-0.0,41.42025308462429,21.038781523831688,0.0,0.0,0.0
919,validation,1,0,0,313.6728863363686,1779.9691963616478,0.0,-0.0,-0.0,-0.3333333333333333,2.6666666666666665,0.0
919,validation,0,2,1,-769.2848080661843,-891.8403053954089,-0.5,-0.0,0.0,-0.16666666666666666,-1.0,0.0
920,validation,2,0,1,358.57196948205234,-1406.7444693130183,0.0,-0.0,-709.6730117611444,0.0,0.0,-0.0
920,validation,2,1,1,189.4575388039974,-1423.6458637744827,-0.0,-0.0,-613.9077391500816,0.0,-0.0,-0.0
921,train,1,0,0,115.84300531323379,285.41257101813335,0.0,167.8659851434868,45.860038467227255,0.2857142857142857,0.19047619047619047,-3.900143953043374
921,train,0,2,1,-199.1599417950872,-1097.029253200557,0.0,19.14836321964018,50.038669671063026,0.0,-0.19047619047619047,5.465021075360439
922,train,0,2,0,194.7426371659251,1126.0891199519883,-0.0,0.0,0.0,0.0,0.0,0.0
922,train,1,2,0,146.36372343166192,-204.34093820954513,0.0,0.0,-0.0,0.0,0.0,0.0
923,train,2,0,1,-149.47362834767182,-755.1795430451202,-0.2,-0.0,-972.7061936831393,0.0,-0.30000000000000004,124.15177832865326
923,train,2,1,1,-844.2133539940942,-1932.00481446928,0.4,-0.0,-302.93962400616596,-0.0,-0.2,10.636905842291208
924,train,0,2,0,433.6756661330885,949.3278443648796,0.0,-0.0,0.0,0.0,-0.0,-0.0
924,train,1,2,0,151.15745745627396,379.52466737091345,-0.0,0.0,0.0,0.0,-0.0,0.0
925,train,1,0,0,180.34822173703037,67.95317609693348,-0.19047619047619047,-87.07333306638621,13.154110890499952,-0.19047619047619047,0.2857142857142857,24.230231453774113
925,train,0,2,1,-51.050712052276594,81.01483792293993,0.2857142857142857,82.37699350586679,-26.957074499715304,0.19047619047619047,0.0,-58.43458343206192
926,train,1,0,0,8.275392784763199,-650.2378645378858,-0.047619047619047616,-324.9216626775223,7.010200343010259,0.09523809523809523,0.2857142857142857,43.61264966142781
926,train,0,2,1,-10.400893910728087,204.0340974483429,0.047619047619047616,149.88346827010923,-37.81111131900546,0.0,-0.2857142857142857,-28.12365771880617
927,validation,0,1,1,492.57219437742526,508.26595132488364,-0.0,147.4859646016376,0.0,0.0,-2.333333333333333,-335.23920659757823
927,validation,2,0,0,-649.7945490827296,-185.12360003327558,0.0,-276.22073294161737,-0.0,-0.0,1.6666666666666665,131.7587228181572
928,train,1,0,0,105.1167229393626,-244.38646285973118,-0.0,25.14454755924362,-0.0,0.0,-0.0,-0.0
928,train,2,0,0,153.52316691447243,-213.56935259160946,0.0,1685.8138952802365,0.0,0.0,-0.0,-0.0
929,train,0,1,1,-57.7160894576549,-637.7211217345871,0.0,-13.807547933904813,-3.860569672440728,0.0,0.5714285714285714,5.427434791635196
929,train,0,2,1,-184.11208444458714,-1653.8822932820794,-0.19047619047619047,-265.5746252674878,-50.01205998655003,-0.19047619047619047,-0.2857142857142857,7.657389834599858
930,train,0,1,1,-372.00924764630656,34.81562779906017,0.0,2.9368213383590303,306.8478052871187,-0.7142857142857142,0.8571428571428571,-76.60081037205335
930,train,0,2,1,-39.96687832267037,-946.1743182887667,0.09523809523809523,-103.66645156811217,251.95815340608596,-0.23809523809523808,-1.1428571428571428,-21.749637923794285
931,train,0,1,1,-635.0829006542634,-259.7129861407593,0.0,-0.0,0.0,-0.6666666666666666,-0.0,85.12460172391212
931,train,0,2,1,65.44570051806932,359.9174921061858,0.0,-0.0,-0.0,-0.6666666666666666,0.0,29.29957068511218
932,train,0,2,0,503.22167960377834,292.0353102225922,0.0,0.0,0.0,-0.0,-0.0,-0.0
932,train,1,2,0,-54.196153019795986,28.881311939129773,0.0,0.0,0.0,-0.0,-0.0,0.0
933,train,0,1,0,491.7332872265134,793.8719540306138,-0.0,0.0,0.0,0.0,3.0,-0.0
933,train,1,2,1,-285.39912820483596,-260.79793892831367,-0.0,-0.0,0.0,0.0,-6.0,-0.0
934,train,1,0,1,194.90405698057145,970.7201117049076,0.0,-98.69740705451436,-0.0,-0.3333333333333333,0.0,2.69162602736161
934,train,2,1,0,152.92214873023875,152.06387913445406,-0.6000000000000001,83.05754006067286,-0.0,0.3333333333333333,0.0,18.831531192083798
935,validation,0,2,0,159.6172465245599,-253.50859215786613,0.0,-224.6745717656702,-0.0,0.8,0.8,0.0
935,validation,1,2,0,-61.590057420292,297.37916266427555,-0.2,-121.71676390626932,-0.0,0.4,0.0,0.0
936,train,1,0,1,-91.8295689555078,-190.82183395914717,0.0,-0.0,4.01505245999436,-0.26666666666666666,0.2,-0.2725287562468149
936,train,2,1,0,118.82341607332472,245.6867863069615,0.0,-0.0,76.07604009119466,0.26666666666666666,0.0,11.955977778961074
937,train,1,0,1,546.3180110275482,-644.3401646831226,-1.5,-0.0,-0.0,-0.3333333333333333,0.0,-74.9001480568381
937,train,1,2,1,349.1328298290664,-1949.7644283963182,0.0,0.0,0.0,-0.3333333333333333,0.0,-56.164767471226426
938,train,2,0,1,106.7102245025647,764.3356832288569,-0.0,0.0,-33.72186283083914,-0.0,-1.3333333333333333,-0.0
938,train,1,2,0,-101.47877057836712,-306.37903384589754,-0.0,0.0,279.3106732054048,0.0,1.3333333333333333,-0.0
939,train,0,1,1,-558.315690297054,-2046.4727341419716,0.0,-480.79474527292325,-69.42009578779123,-0.0,0.0,0.0
939,train,2,0,0,-140.40622739601378,112.88865573879866,-0.0,605.5930651087444,145.25696345280647,0.0,-0.0,0.0
940,train,0,1,1,149.0960255143264,-534.8851829241144,0.0,-0.0,-108.59078223219055,0.0,0.0,-0.0
940,train,0,2,1,-845.03364732929,-1970.253758854928,-0.0,-0.0,-683.0561169637057,-0.0,-0.0,-0.0
941,train,1,0,0,-116.74783015794338,-482.6441071764866,0.0,17.382736257816713,-4.542227007803831,-0.2,0.0,112.17841312287317
941,train,0,2,1,-57.07508949969707,-178.44153274903783,0.0,-89.94959222276202,-6.635342931287346,0.2,-0.0,-80.11778778200289
942,train,1,0,1,-279.79253496785634,-181.51533948762608,0.0,0.0,-252.0511024226031,0.0,0.4,0.0
942,train,2,1,0,130.66690063077112,625.9165366055895,-0.0,-0.0,397.1630824618493,-0.2,-0.4,171.7415424999592
943,train,0,2,0,362.1766009861142,1787.2673195523048,1.5,0.0,12.716089001947646,-0.16666666666666666,0.0,-0.0
943,train,2,1,1,-265.38488693317913,-33.47641308602033,0.0,0.0,1.5178501319713007,0.0,-0.0,0.0
944,train,0,1,1,-243.3235962597205,-192.2016251977584,0.0,-0.0,-0.0,0.0,-0.0,-17.339302645196994
944,train,2,0,0,35.34979027270185,-300.2409947121082,0.0,-0.0,0.0,0.0,0.0,-63.84318668203153
945,train,0,1,0,-68.4687053878869,-335.59049688373034,-0.0,-0.0,-0.0,0.0,-0.0,0.0
945,train,1,2,1,-103.5406312475335,179.4377038437092,0.0,0.0,-0.0,-0.0,0.0,0.0
946,train,0,1,0,143.92919407318482,1850.3057458856956,-0.42857142857142855,359.27713355379205,61.950121219757094,0.0,0.0,33.81262602031691
946,train,1,2,1,39.65756338325309,137.10136602393504,0.2857142857142857,33.62772814975432,-2.586462275754478,-0.23809523809523808,0.2857142857142857,-11.420204336847252
947,train,0,1,0,-104.34524247097215,-173.96815567600697,-0.14285714285714285,-6.862902846576357,97.61198204107306,0.7142857142857142,-1.3333333333333333,-5.9357591525766225
947,train,2,1,0,198.71879214043076,897.0789019451613,0.14285714285714285,-78.93194551949931,-55.1632642659264,0.47619047619047616,-0.38095238095238093,40.09737356183085
948,train,0,1,1,-468.465445629724,-1046.1294486235383,-0.0,-290.21908753556136,0.0,0.0,-0.0,159.18636552522787
948,train,0,2,1,-60.25546905261888,35.72608417149195,0.0,20.278418954001268,-0.0,0.0,0.0,94.81004827588444
949,validation,1,0,0,-49.68715845144209,-364.4484494100193,-0.0,0.0,-0.0,-0.0,-0.0,0.0
949,validation,2,0,0,-177.16362664416982,-614.9795548959214,-0.0,-0.0,-0.0,-0.0,-0.0,-0.0
950,train,1,0,0,-36.9501645406076,-266.5780522617147,-0.1,292.3217703530733,0.0,0.0,-0.4,0.0
950,train,2,0,0,64.05217445421857,435.16213555486,-0.1,241.39358270528174,0.0,0.0,0.4,0.0
951,train,1,0,0,438.54786574218656,988.3657391988309,0.0,-0.0,1196.7566326453848,0.0,0.16666666666666666,11.620026531957738
951,train,0,2,1,-313.1324834811239,-3837.874612914693,-0.0,0.0,-1040.179178921774,-0.0,-0.8333333333333333,-419.11633042541564
952,train,0,1,0,501.01405809156074,635.0348459620991,0.0,179.91387348415915,105.77796544791352,0.0,0.0,0.0
952,train,2,1,0,54.57867847338855,843.4643926323597,0.0,361.5401733181217,74.60324335165956,0.4,0.0,69.70509976003467
953,train,0,1,1,-58.76986487492735,-659.5307334012819,0.2857142857142857,-95.27386522279006,-78.52990956721068,-0.19047619047619047,0.09523809523809523,16.770458132599078
953,train,2,0,0,357.7289101316679,1645.3995352053607,0.8571428571428571,-24.920984824702305,278.045388668349,0.19047619047619047,-0.09523809523809523,13.158367674451783
954,test,1,0,1,-50.061088335254624,-438.77587712753893,0.0,-0.0,21.940208015601787,-0.3333333333333333,0.0,-0.0
954,test,1,2,1,-19.58270045905965,0.0,0.0,0.0,1.599408018386479,-0.3333333333333333,-1.0,-0.0
955,train,0,1,1,-32.0695625066482,-282.4158842441075,0.0,203.64776186914662,86.55766416661046,0.0,0.0,0.0
955,train,0,2,1,-206.0595915361124,-1086.3516454223263,-0.0,-298.755268153352,-126.07689825849508,0.3333333333333333,-0.0,0.0
956,train,0,2,0,545.5244260670212,468.13554517649027,0.0,-0.0,0.0,-0.0,-0.0,0.0
956,train,1,2,0,72.93289245139692,-1021.6375497712188,-0.0,-0.0,0.0,-0.0,0.0,0.0
957,train,0,1,1,15.87034132753979,-792.271156170701,0.0,113.61652615162126,-221.47280680108463,0.0,0.047619047619047616,-29.040638177294653
957,train,2,0,0,0.20213149704244415,121.52894682953774,0.0,-119.04316953370795,100.27832755127976,0.23809523809523808,-0.19047619047619047,3.0872234929882865
958,train,2,0,1,-38.859614753791504,490.62716474228773,0.0,0.0,-0.0,-0.0,0.0,0.0
958,train,2,1,1,-145.14836019111732,1329.1953517692655,0.0,0.0,0.0,0.0,-0.0,0.0
959,train,0,1,1,73.62844325882571,-458.99574792727026,0.0,-34.42145209755669,0.0,0.3333333333333333,0.2,-14.288823805520957
959,train,0,2,1,116.75631689873768,231.41943276991378,0.0,-66.3914326795627,-0.0,-0.3333333333333333,-0.2,-48.88437765318691
960,test,0,1,0,-97.7185587267478,-524.7920044503189,0.6666666666666666,-61.89988665142736,105.58253458834292,0.0,-0.0,-0.0
960,test,2,1,0,-133.1411457191714,858.4427819873126,0.6666666666666666,245.27944255027288,30.402628634950815,0.0,0.0,-0.0
961,train,0,1,1,-88.46354529907302,-73.58807384711326,0.0,-105.31622576835865,85.77685597295542,-0.14285714285714285,-0.09523809523809523,68.99287249514633
961,train,0,2,1,-17.819369625662887,587.2478918699871,-0.09523809523809523,92.24699886561535,-12.69037136130449,0.0,-0.047619047619047616,-54.92715324711985
962,train,0,1,0,365.4870306367985,1443.8345152701331,1.5,0.0,0.0,0.0,1.3333333333333333,-0.0
962,train,1,2,1,-387.73853889715485,-253.58440627319578,-1.0,-0.0,-0.0,0.0,-0.6666666666666666,0.0
963,train,0,1,0,155.53726757371055,558.8679360174565,0.0,0.0,0.0,0.0,0.0,0.0
963,train,1,2,1,85.75145987319524,-150.61082801952216,-0.0,-0.0,-0.0,0.0,0.0,-0.0
964,validation,0,2,0,425.35042744782413,-2387.618300354622,-0.0,-0.0,0.0,-0.0,0.0,-15.54940454252818
964,validation,2,1,1,-27.759609794767243,2843.2905497512966,0.0,0.0,0.0,0.0,0.0,-130.37358891978982
965,train,2,0,1,-47.22359417199965,-207.07620141546067,-0.30000000000000004,0.0,-77.67284077219702,0.0,0.0,0.0
965,train,2,1,1,103.18066124060624,-871.0017496239443,0.0,0.0,-295.86685004396537,-0.4,-0.4,-0.0
966,train,0,2,0,117.95626413516572,669.7429304443758,0.0,0.0,-0.0,0.0,0.0,0.0
966,train,1,2,0,37.90937571988229,187.52757733706358,0.0,0.0,0.0,0.0,0.0,0.0
967,validation,2,0,1,-36.8133432093332,-1571.4867027805603,0.0,-917.6371490943084,0.0,0.0,-0.0,0.0
967,validation,2,1,1,300.62873037773807,-624.4687305251064,0.0,-1290.022824064954,0.0,0.0,-0.0,0.0
968,validation,0,1,1,30.57365404726761,-80.53707333669263,0.0,-59.49532917827935,24.486233967220056,-0.2857142857142857,-0.5714285714285714,-58.56223011351358
968,validation,0,2,1,-49.953691169246156,385.906911634625,-0.09523809523809523,-147.66992371689264,-51.014636497242144,-0.5714285714285714,0.19047619047619047,-41.042891052130216
969,train,0,1,0,96.29639870318977,547.3232705532146,-0.2,-0.0,-13.3384855270549,0.0,0.2,134.09584687057398
969,train,2,1,0,228.9141741857987,324.3888592735743,-0.2,-0.0,58.882213193959274,0.0,0.2,110.28478396829526
970,test,2,0,1,330.42096999581076,-187.72250594636625,0.5714285714285714,32.91166104766974,-95.49281427519851,-0.14285714285714285,0.2857142857142857,13.447964110322967
970,test,2,1,1,270.11369715115507,-1542.6984418127695,0.2857142857142857,-87.98817198125852,-44.572451101417826,-0.047619047619047616,0.2857142857142857,-90.84599929055062
971,test,1,0,1,883.4229686894948,-1026.881658395262,-0.0,-177.87037448481595,-363.0139002902165,0.26666666666666666,-1.2000000000000002,-11.303686311532367
971,test,2,1,0,-868.0684896810646,1668.2949091873888,0.0,286.68043772952757,554.7217752882018,-0.26666666666666666,0.8,73.34608954651303
972,train,2,0,1,23.334707179891097,-283.99850488437096,0.0,0.0,56.781962697085646,-0.8,-0.1,-103.40350149852738
972,train,1,2,0,-379.87546809378,-1527.4072796248483,0.0,-0.0,121.7601802576211,0.4,-0.5,114.43997708426745
973,train,2,0,1,-41.68918235632475,-2091.0871595192284,0.09523809523809523,-422.70440280848277,-90.64111910618486,0.2857142857142857,-0.38095238095238093,0.0
973,train,2,1,1,-86.72559837564597,-1469.0536215205166,0.0,-538.100295217388,-27.71014744042258,-0.14285714285714285,-0.19047619047619047,0.0
974,validation,1,0,0,-51.708002789533964,-519.7065090683823,0.0,0.0,16.96760855756989,0.26666666666666666,0.0,35.64432827258843
974,validation,2,0,0,-137.21489070433137,-604.1952495889805,0.0,-0.0,41.685662615846866,0.5333333333333333,0.0,-7.926367988305799
975,test,1,0,1,-1301.564287878254,-1226.1105153028402,0.09523809523809523,111.64240477025301,-180.56501296994537,0.47619047619047616,-0.42857142857142855,-275.62594123608824
975,test,2,1,0,5.595078011861688,839.423839234445,0.0,-118.03484558908062,-147.4530822405596,0.23809523809523808,-0.8571428571428571,260.1427517625132
976,train,1,0,0,-203.173536077133,471.7248258008667,0.0,85.22056746427127,129.25023331917438,-0.0,-0.4,51.49015572231364
976,train,2,0,0,61.66968961835926,258.5525585329078,-0.0,90.41023048627979,-195.6933120386918,0.0,-0.2,137.75605710317728
977,train,2,0,1,4.339413891812342,608.3301254630751,0.0,76.10466111379247,13.308865045757148,-0.3,0.0,0.0
977,train,2,1,1,-82.37336775048402,300.8728523515588,0.4,-87.49241098042367,-124.67483894252757,-0.3,0.0,-0.0
978,train,2,0,1,-195.38658430040653,72.53954884939594,0.0,-160.4463058272404,-0.0,0.0,0.6666666666666666,-0.0
978,train,1,2,0,45.87581161528698,357.7362638218965,0.0,144.07306939874275,0.0,0.0,-0.3333333333333333,0.0
979,test,1,0,1,-23.527769327647206,-457.99105131385204,-0.0,-0.0,-0.0,-1.3333333333333333,-0.3333333333333333,-0.0
979,test,2,1,0,14.765626583745416,-547.6316900474599,0.0,0.0,-0.0,0.6666666666666666,0.0,-0.0
980,train,0,1,0,517.7394365229859,316.63488939140507,-0.3333333333333333,-71.29754567129638,-0.0,-0.0,0.0,236.78527466332747
980,train,2,1,0,605.8035121555706,-200.6579588402642,0.0,-65.50823863569379,0.0,-0.0,0.0,216.3877025941122
981,train,0,1,1,-417.78238559371476,-182.23279788902983,-1.3333333333333333,-0.0,-0.0,0.0,0.6666666666666666,0.0
981,train,0,2,1,-23.57878308468429,507.1446853235434,-1.3333333333333333,-0.0,0.0,0.0,0.6666666666666666,0.0
982,test,1,0,1,-120.46843958537136,-365.45625018152896,0.0,-0.0,-77.62427606494916,0.0,-0.0,-43.50720336445002
982,test,2,1,0,61.65189948926684,-51.43538727625969,0.3333333333333333,-0.0,-19.521055508266706,0.0,-0.0,71.37058173694822
983,test,2,0,1,-72.0790019969304,-213.61541979606955,0.0,-0.0,-211.65847890362352,0.0,-0.0,0.0
983,test,2,1,1,-30.346801951801922,-164.4312717267576,0.0,-0.0,-992.2375948293018,0.0,-0.0,0.0
984,train,2,0,1,136.58447011175127,-704.5346589103956,0.0,24.87743202080069,-32.26798777551761,0.0,-1.6666666666666665,-56.31699649056294
984,train,1,2,0,-208.49611408933316,-63.829622369935805,0.26666666666666666,69.29578691679026,68.06571599654747,-0.0,0.6666666666666666,51.435476777187006
985,train,0,2,0,40.14392037781147,-74.40335990529184,0.0,-0.0,-0.0,-0.0,0.0,-0.0
985,train,1,2,0,198.394601595572,365.0065719539866,0.0,-0.0,0.0,0.0,-0.0,-0.0
986,train,2,0,1,-58.28875179070985,-340.9139346869906,-0.3333333333333333,0.0,0.0,0.0,-0.0,-0.0
986,train,1,2,0,576.9832649774872,180.74928253539838,-0.3333333333333333,-0.0,-0.0,1.3333333333333333,0.0,0.0
987,test,0,2,0,529.5315396586834,-67.52553568878557,0.0,-0.0,-0.0,0.0,-0.0,-35.80473639348931
987,test,1,2,0,198.3052246385248,867.8081351537239,0.0,-0.0,-0.0,0.0,-0.0,74.620332528456
988,train,1,0,0,-182.96350435402735,-794.4759731810768,0.0,95.13613076980211,-146.18749575863933,-0.0,-0.0,0.0
988,train,2,0,0,-199.59282669772352,-685.3478438055367,0.0,183.27321760579562,-112.97658641927072,0.0,0.0,0.0
989,train,1,0,0,-79.8304025475395,328.4817846660935,0.0,289.34313973643873,-83.99479363309479,0.6666666666666666,2.4,0.0
989,train,0,2,1,-73.99437204281833,-69.70591562160644,0.0,-414.97342216715623,27.591276498102282,0.0,0.5333333333333333,0.0
990,train,0,2,0,-54.336740068324616,444.3461731997918,-0.0,-0.0,82.88825463679154,0.16666666666666666,-0.3333333333333333,0.0
990,train,2,1,1,-39.04236238905605,-990.1581454025136,0.0,-0.0,-168.86381104647475,0.0,-0.6666666666666666,-0.0
991,validation,2,0,1,-133.4783603934975,-925.3354072792677,0.13333333333333333,13.453691394703764,-0.0,-0.06666666666666667,0.0,-115.39201896271172
991,validation,1,2,0,43.72666040959524,422.78327036648807,-0.26666666666666666,-78.40571799417852,0.0,0.13333333333333333,0.0,136.42897995458452
992,test,1,0,0,126.32281741122296,-31.795679044987537,0.0,-16.268076769716085,1.9710817943926409,0.19047619047619047,-0.8571428571428571,3.0995844578450176
992,test,0,2,1,-78.84238131333854,-1014.4177099913959,-0.2857142857142857,-76.86720900934824,17.23510487040344,0.0,0.2857142857142857,-4.412071328802039
993,train,0,2,0,-147.53782754835174,-94.45872978725038,0.0,-0.0,-0.0,-0.0,0.0,498.0287011816299
993,train,2,1,1,-377.82593472978294,-1431.093134165074,-0.0,0.0,0.0,0.0,-0.0,-571.7239451084876
994,validation,0,1,1,-220.35140024745965,118.7079482536301,0.0,0.0,0.0,0.0,-0.0,-0.0
994,validation,0,2,1,-99.5304233410119,534.1771627559351,0.0,0.0,0.0,-0.0,-0.0,-0.0
995,train,0,2,0,115.63331681463569,1407.865539905009,0.0,144.25490538407786,0.0,0.0,0.0,25.741177826637767
995,train,2,1,1,91.2465212113508,-478.88391259769014,0.0,317.59558890567496,-0.0,-0.4,-0.0,-33.86782712994869
996,train,1,0,0,470.4004118826815,753.2177458770884,2.0,-0.0,0.0,0.0,0.0,0.0
996,train,0,2,1,-92.9340039689705,-685.3202066893855,-1.0,0.0,-0.0,-0.0,-0.0,-0.0
997,train,2,0,1,-373.91082269414676,-582.2609821474762,0.0,252.55077395387679,50.52537890484826,0.13333333333333333,-0.2,0.0
997,train,1,2,0,75.84255901200902,425.242115315471,-0.0,2.3977480975556014,48.320913744619794,-0.06666666666666667,0.6000000000000001,84.93220769388763
998,train,0,1,0,92.01016055597051,787.3864755086133,0.0,0.0,-0.0,0.0,3.333333333333333,0.0
998,train,1,2,1,-520.8914456316053,-450.38544905410254,-0.0,-0.0,0.0,0.0,-2.6666666666666665,-0.0
999,test,2,0,1,74.02453904001442,183.79380157258447,-0.0,-249.424809991093,0.0,0.0,0.16666666666666666,-10.176584551283543
999,test,1,2,0,31.981395420957313,-145.93885431961826,0.0,136.3987192271997,-0.0,-0.0,0.0,-0.3290002777424471
1000,test,0,2,0,-114.96195137952748,-532.8622422580202,0.2857142857142857,-22.284593262671997,13.532647312663132,0.0,0.7142857142857142,-30.73521724967933
1000,test,1,2,0,136.00353328148145,538.5647421157937,1.1428571428571428,-134.53833447925848,77.93276230786442,0.0,1.1904761904761905,-68.29963853552663
1001,train,0,1,1,178.1690943554044,943.1387616596826,0.0,-0.0,-0.0,-0.0,0.0,-0.0
1001,train,2,0,0,-21.73146763932948,-434.144334467283,0.0,0.0,-0.0,0.0,-0.0,0.0
1002,train,1,0,0,-14.978116610117581,-347.14731662827876,0.0,0.0,0.0,1.0,-0.0,-0.0
1002,train,2,0,0,11.06288861528509,-393.1117851011677,0.0,0.0,0.0,0.0,-0.0,-0.0
1003,validation,1,0,1,-80.79094774044273,7.201527369626547,0.0,41.11630198927027,-5.106898526514554,0.38095238095238093,-0.14285714285714285,-34.37699972998032
1003,validation,2,1,0,57.98090605533764,-61.3451592033407,0.09523809523809523,-12.701398783884715,0.980371616598434,-0.19047619047619047,-0.14285714285714285,65.13851136987286
1004,train,2,0,1,-184.72752774036098,-1885.6958487540278,0.09523809523809523,-993.0948956944301,40.245658465096035,0.38095238095238093,-0.09523809523809523,-91.53424669204412
1004,train,1,2,0,209.27904990906518,1000.3063542753571,-0.2857142857142857,474.05227080155987,293.53499910048487,-0.38095238095238093,0.047619047619047616,68.0563250766313
1005,train,1,0,1,-214.72332554887913,-939.4422767034957,-0.14285714285714285,-92.66586901119409,-32.297200393307776,0.0,-1.1904761904761905,42.53920535157844
1005,train,2,1,0,202.67708409152186,-729.0235532457195,0.09523809523809523,-210.81044591833276,-1.7192895336595484,0.14285714285714285,-0.23809523809523808,-17.286117551084807
1006,test,1,0,1,-192.2917850724105,25.314915601711164,0.13333333333333333,124.02098070035987,-103.66025240955283,0.0,0.0,-90.76626184562333
1006,test,1,2,1,-85.39421952200672,-1132.5560726877497,0.0,-204.71924193316505,-73.7623806727699,0.13333333333333333,0.0,-15.502815229836699
1007,train,2,0,1,-193.69770460417396,-2191.368548226864,-0.23809523809523808,-474.92433120851456,-136.53623024776516,0.0,0.2857142857142857,-52.342274782118054
1007,train,2,1,1,-550.576284889649,-1143.044763340763,0.23809523809523808,-476.5552584444297,-35.586819984719206,-0.19047619047619047,-0.5714285714285714,-53.273448530349704
1008,train,0,1,1,134.7408123918041,911.5227882998679,-0.0,-39.89280606344228,0.0,-0.1,-0.6,1.1612489455359196
1008,train,2,0,0,128.80303160084833,-277.7189518658065,0.0,-4.827852438275068,-0.0,0.1,0.6,0.542022558274715
1009,train,0,1,0,405.4172074152036,-190.38125452900385,0.1,-0.0,0.0,-0.2,2.4000000000000004,181.08451664345844
1009,train,2,1,0,73.26316476832858,-280.7528902824042,-0.1,-0.0,0.0,-0.2,2.8000000000000003,231.82412392463291
1010,train,1,0,0,115.787755173,360.47962403964175,0.0,46.32445746246748,-0.0,0.0,-0.6666666666666666,-0.0
1010,train,0,2,1,-128.06046908690973,-18.227482328474252,0.0,-639.589366190169,0.0,-0.0,0.0,0.0
1011,train,0,2,0,-88.59040732752067,-1003.4812702531899,-0.0,-0.0,0.0,0.0,0.6666666666666666,-23.894587184102694
1011,train,2,1,1,-66.54685315916538,590.3074359441075,0.0,-0.0,-0.0,0.0,-0.6666666666666666,29.518179561166708
1012,train,1,0,0,-225.79581459816075,149.7473510805653,0.0,14.012441591628658,-0.0,0.4,0.8,32.60945329307955
1012,train,0,2,1,261.6412665377136,-747.3835778314983,0.0,-349.8153807278561,-0.0,-0.4,-0.2,-22.34173666268838
1013,train,2,0,1,-226.04763674713536,-899.120437806052,-0.3333333333333333,-0.0,50.674224345520116,0.6000000000000001,0.0,-37.795337634712006
1013,train,1,2,0,154.96322210043456,-420.3189323186434,0.0,-0.0,7.287409947631552,-0.4,0.26666666666666666,4.303707083302889
1014,train,0,2,0,-103.63998543200813,84.98885441054472,0.26666666666666666,-85.24142599395857,0.0,0.6000000000000001,0.6666666666666666,14.10382842479815
1014,train,2,1,1,-87.87047651875758,74.92108285725317,-0.5333333333333333,-17.178223043846415,-0.0,-0.2,0.3333333333333333,-42.6776771439294
1015,train,1,0,0,-396.0697047321569,-584.1031490600826,-0.0,-77.55790879011771,-2.879083095930557,0.0,-0.06666666666666667,45.92880320287251
1015,train,0,2,1,335.02494658706945,740.2270401610449,0.0,118.5238403778412,-22.36164800594672,0.0,0.06666666666666667,58.273513817532205
1016,train,0,2,0,70.82484676939805,604.6200247120692,0.3333333333333333,-38.68177500673765,0.0,0.0,0.0,86.40185710118104
1016,train,1,2,0,358.9600413194089,1093.398811422252,-0.3333333333333333,335.807417224791,0.0,0.0,0.0,118.6471065109978
1017,train,1,0,1,-131.42814015971328,-1705.0850322303113,-0.0,-361.49992032991577,-0.0,0.0,0.0,-0.0
1017,train,1,2,1,-121.46892081482952,-1538.2204301125748,-0.0,-454.76850023325505,0.0,0.0,-0.0,-0.0
1018,train,2,0,1,862.675683969335,603.6781725314013,-0.0,-0.0,-14.328587911893216,-0.4,0.0,5.995336118749964
1018,train,1,2,0,-747.5869151999266,260.57782940504603,0.0,0.0,324.1214237868911,0.2,-0.2,175.57794301072616
1019,train,0,1,1,39.35534934675991,-251.57457143570764,-0.13333333333333333,-0.0,-70.30357939385411,0.0,0.06666666666666667,-25.0691233130912
1019,train,2,0,0,297.19822461997836,417.0955954458409,0.0,0.0,106.09749713106201,-0.3333333333333333,0.0,142.71494144113396
1020,train,1,0,0,243.07691552238487,810.1825940916556,0.0,0.0,0.0,0.0,0.0,-0.0
1020,train,0,2,1,-121.58382244746838,-581.6966856766417,0.0,-0.0,-0.0,-0.0,0.0,0.0
1021,test,1,0,1,-260.4073737159233,-466.6348007879071,-0.23809523809523808,-215.26678222317886,26.565055221110956,0.0,0.19047619047619047,16.15275396715184
1021,test,1,2,1,43.700601979943485,39.672602067946855,-0.23809523809523808,-91.38108441609434,20.849489490071207,0.0,0.14285714285714285,17.900850073306174
1022,validation,0,1,0,114.6862689845712,1015.8768042278757,0.0,-0.0,0.0,0.0,0.0,-0.0
1022,validation,2,1,0,46.81493210686466,318.2511599885106,0.0,0.0,-0.0,0.0,0.0,-0.0
1023,test,1,0,0,99.98202172445065,749.0951479687383,0.0,0.0,-136.17188115106785,0.0,0.5,-0.0
1023,test,2,0,0,134.91394875880724,66.07514142327364,0.0,0.0,-51.45803961188463,0.0,0.16666666666666666,-0.0
1024,validation,1,0,0,119.29021216525598,992.027527176509,-0.19047619047619047,340.8698788410684,23.686371749623568,0.2857142857142857,0.47619047619047616,-52.6185688853434
1024,validation,2,0,0,-221.3231801939056,-319.51744629615496,0.0,61.86421042416857,57.71189044069201,0.0,0.23809523809523808,-3.0464586405349303
1025,train,0,1,1,-88.90614661588853,-403.78612695356696,-0.0,-0.0,-24.072043688572286,-0.5,0.3333333333333333,0.0
1025,train,2,0,0,98.89992363054978,398.9722716455167,0.0,0.0,-25.481371523211543,0.0,0.3333333333333333,0.0
1026,train,0,1,0,601.9774148584472,2342.742084247875,0.8999999999999999,17.34363696163673,0.0,0.0,-0.4,0.0
1026,train,1,2,1,-348.3446591988278,-1722.136185084496,0.6,-878.3902006780556,-0.0,-0.4,0.4,0.0
1027,train,0,1,1,154.71240004249665,861.1705330508548,0.0,0.0,-0.0,0.0,0.0,-0.0
1027,train,0,2,1,-164.76634070701658,-111.10116907884276,-1.0,0.0,0.0,0.0,0.0,-0.0
1028,train,0,1,0,-68.44549944016268,-41.778074785086574,0.0,0.0,0.0,0.0,1.0,-0.0
1028,train,1,2,1,-9.130084481925792,379.3287485880642,-0.0,0.0,0.0,0.0,0.0,-0.0
1029,train,1,0,0,188.40043034782764,-531.8424643179706,0.0,-0.0,0.0,0.0,-0.0,-0.0
1029,train,2,0,0,-139.96332097379843,-990.4150004496737,0.0,-0.0,-0.0,0.0,-0.0,-0.0
1030,train,1,0,0,99.35293308507096,-809.0891113480784,0.6,-0.0,-53.02078864688273,-0.0,-0.2,178.1961116079973
1030,train,0,2,1,-138.36828455620594,833.3817408843593,0.3,0.0,52.613096063745324,-0.0,0.30000000000000004,-8.483243515764332
1031,train,0,1,0,-91.21473172572132,-671.3677582865407,0.0,-0.0,212.15111979798303,0.0,-0.0,-8.237892527621803
1031,train,2,1,0,-155.31107081406324,-665.3346208236217,0.0,-0.0,-16.46061785761055,0.0,0.0,18.16257875157886
1032,test,1,0,0,343.4005655669919,766.1617457960974,0.3333333333333333,19.201839210227185,-0.0,0.0,1.5,0.0
1032,test,0,2,1,-40.92045072241899,-1732.4848714096543,-0.3333333333333333,-464.6071349911442,-0.0,-0.0,1.0,0.0
1033,train,0,1,0,90.6368861010468,263.250211748561,0.0,-193.3064547598384,0.0,1.0,0.0,35.4632542192962
1033,train,2,1,0,-29.308801151996704,394.43584942891357,0.0,-23.789061285066886,0.0,0.0,-0.0,0.0
1034,train,2,0,1,-5.6812579264937995,1186.3018064144558,0.0,0.0,0.0,0.0,-0.0,0.0
1034,train,2,1,1,54.92194408243199,378.5833849090386,0.0,0.0,-0.0,0.0,0.0,-0.0
1035,test,2,0,1,-281.0068332895761,-2954.0054354475515,0.0,-0.0,-74.4755421579946,-0.0,-1.3333333333333333,-0.0
1035,test,2,1,1,-7.373128461346482,-876.5692821646944,-0.0,-0.0,-508.21049957141645,-0.0,-0.6666666666666666,-0.0
1036,train,0,1,1,-201.50328545630532,-217.63803910015395,0.0,0.0,0.0,0.0,-0.0,-0.0
1036,train,0,2,1,-351.5782171979763,-69.1023187718938,-0.0,0.0,0.0,0.0,0.0,-0.0
1037,validation,0,1,0,1057.0198378996258,2220.8020823322677,0.19047619047619047,56.23412440974306,43.26828311977888,0.2857142857142857,0.14285714285714285,101.05332451939468
1037,validation,2,1,0,300.87941845018184,1389.3257144882791,0.47619047619047616,-25.368522928361774,-3.9023332129920725,-0.2857142857142857,-0.42857142857142855,76.88135411476104
1038,train,1,0,1,108.57562010884851,-366.0118890655099,-0.0,-0.0,0.0,-0.0,-4.0,99.85501783259443
1038,train,2,1,0,-275.0150678019139,-685.8137981390323,0.0,-0.0,0.0,0.0,2.0,-59.69161929965345
1039,train,1,0,0,437.3276071135847,305.5381539610862,-0.0,875.710882027993,-326.93539031603007,0.0,0.8333333333333333,-0.0
1039,train,0,2,1,-346.2747949964796,389.6233994821632,0.0,-741.219450286113,436.4680722536068,-0.0,-1.0,-0.0
1040,train,2,0,1,-24.10175016001301,-862.3328823646671,-0.0,0.0,0.0,-0.5,0.3333333333333333,-23.529489657800287
1040,train,2,1,1,-610.8288478093377,-1145.782828603249,0.0,-0.0,-0.0,-0.5,0.0,0.4413716980493139
1041,train,0,1,1,-230.7627412067124,-1870.1136545989184,-0.0,-685.3551911232258,0.0,-0.0,0.6666666666666666,0.0
1041,train,0,2,1,-246.9662013695027,265.0729393394877,0.0,-429.81387288714825,0.0,0.0,0.6666666666666666,0.0
1042,train,0,1,0,-29.692936316386067,-661.9634787681143,-0.0,-283.78431705218395,-0.0,0.0,3.333333333333333,-0.0
1042,train,2,1,0,162.5715545090231,42.07283520385363,-0.0,-136.67606824870387,-0.0,0.0,5.333333333333333,0.0
1043,test,0,1,0,288.27217683781817,125.02857172295262,0.0,0.0,0.0,0.0,0.0,-0.0
1043,test,2,1,0,-159.8040759021223,-368.19694466587407,0.0,-0.0,0.0,0.0,0.0,-0.0
1044,train,2,0,1,-12.328729113439294,419.0779375032862,0.2,183.67316389216654,7.275004738776693,-0.4,0.0,0.0
1044,train,1,2,0,-95.16968774008785,1169.4983115092073,0.4,509.47588149946773,-41.598062168796325,0.8,0.0,-0.0
1045,validation,0,2,0,1437.1767031011282,2235.824512281466,-0.0,96.63327653348043,429.154999312176,-0.06666666666666667,-0.26666666666666666,103.10785417114631
1045,validation,1,2,0,1613.1463777766448,2998.45584362879,-0.0,499.36941990037593,-90.31231536100555,-0.06666666666666667,0.8,-12.96361165897639
1046,test,0,2,0,388.18716605222266,559.9743434466773,0.0,-0.0,0.0,0.0,4.0,-0.0
1046,test,1,2,0,185.83083440343785,-243.42856752058378,0.0,-0.0,0.0,0.0,3.0,-0.0
1047,test,2,0,1,-210.99108347730385,-171.49592352694526,-0.2,-0.0,-0.0,0.0,1.6,0.0
1047,test,1,2,0,181.47573113846704,-581.9436479418491,0.2,-0.0,0.0,-0.1,-1.6,135.61814690298004
1048,train,1,0,1,-0.41726887453785366,-474.4805779958433,0.0,0.0,0.0,1.0,-0.6666666666666666,0.1416074619735165
1048,train,1,2,1,-288.5510806678335,-946.0901696079181,0.0,-0.0,0.0,0.0,-0.3333333333333333,-12.72944665246435
1049,train,1,0,0,41.21487997047939,-278.996376767891,0.6666666666666666,-0.0,81.53529281399115,-0.0,-0.0,-0.0
1049,train,0,2,1,-79.6057440355454,-221.53374436588,0.0,0.0,-214.43677836272997,0.0,0.0,0.0
1050,validation,2,0,1,-224.26719278069777,-110.57105746402067,-0.0,-865.9783554752662,-0.0,-0.0,-0.0,0.0
1050,validation,1,2,0,-15.520729940283218,2607.7905600025815,0.0,853.1745311927668,0.0,0.0,0.0,0.0
1051,validation,2,0,1,-512.9817279108797,-731.9670191527966,-0.0,0.0,-0.0,-0.0,0.0,-0.0
1051,validation,1,2,0,1008.3406195655024,-232.02671599518817,0.0,-0.0,-0.0,0.0,-0.0,0.0
1052,train,1,0,1,-338.1500270073236,-44.486439156341476,0.0,0.0,-44.34734568107628,0.0,0.3333333333333333,-244.99547317363394
1052,train,2,1,0,244.93957379781114,-101.64637402944663,-0.0,-0.0,407.00367705012,0.0,-0.3333333333333333,88.37094787402559
1053,test,0,2,0,214.408261054059,313.4970517660722,0.0,441.64048265737404,38.936535021096375,-0.0,2.6999999999999997,19.733500917829414
1053,test,2,1,1,-223.45953400287155,-757.6902700780229,0.0,-167.6688271231691,46.02685093629805,0.0,-0.6,10.014748794271467
1054,train,0,2,0,418.07438386325487,1023.0288568212263,0.0,0.0,0.0,-0.0,4.0,227.6243517318301
1054,train,1,2,0,315.0752668569819,325.26628707975397,0.0,0.0,0.0,-0.0,3.333333333333333,-12.898298051240134
1055,validation,1,0,0,229.88228055401976,-462.1386588642663,-0.0,0.0,0.0,-0.0,-0.0,-0.0
1055,validation,2,0,0,417.5028852870835,1325.2356172040936,-0.0,0.0,-0.0,-0.0,0.0,-0.0
1056,train,0,1,0,-92.65759467136405,595.9319285064676,-1.0,0.0,-0.0,0.0,0.0,0.0
1056,train,1,2,1,-166.68103699848666,-1840.3511797799292,1.0,-0.0,0.0,0.0,-0.0,-0.0
1057,train,0,1,0,-11.642706304199237,1162.7905051556681,-0.0,0.0,-0.0,-0.0,4.0,0.0
1057,train,1,2,1,-113.06009528658637,273.12132426078733,0.0,-0.0,0.0,0.0,-5.0,-0.0
1058,train,0,1,1,-143.6078210046744,-5242.588188252218,-0.5333333333333333,-14.134846455792891,-136.044970320522,-0.0,-1.0666666666666667,-80.12240822593219
1058,train,0,2,1,119.54434875294851,-1821.3297390577718,0.26666666666666666,-467.835718089651,-134.83050645383716,-0.0,-0.4,-31.305328393015387
1059,train,2,0,1,-228.23041455750615,-346.38286221378166,-0.8,0.0,-13.106096367104653,0.0,1.3333333333333333,-94.49802229710113
1059,train,1,2,0,34.399733975997265,517.0531106729659,0.8,0.0,-20.094241336786794,0.13333333333333333,1.6666666666666665,184.59129151613976
1060,train,0,1,1,-232.16515443908452,-493.96332394894716,-0.0,-0.0,0.0,0.0,0.0,-0.0
1060,train,0,2,1,-191.0908433243069,-296.19768867681387,-0.0,0.0,0.0,-0.0,0.0,0.0
1061,train,0,2,0,712.5065857037673,1246.1906191358812,0.0,48.90591731311371,64.57669805808669,0.14285714285714285,0.5714285714285714,2.8142247704929018
1061,train,1,2,0,-63.38586817532223,35.724542517448754,0.2857142857142857,136.12575462883342,-18.583452446549394,0.14285714285714285,0.19047619047619047,-4.105339527574878
1062,validation,2,0,1,-1.56733583551096,-119.16611692965671,-0.4,-157.8230177681635,-44.492519424296944,0.0,0.2,-0.0
1062,validation,1,2,0,92.24235754422381,270.4108647474218,0.0,34.247317310894914,12.947636300985938,0.0,0.2,0.0
1063,test,1,0,1,102.54011436300743,2476.2547941158145,0.0,-0.0,-753.7003429345708,0.0,0.0,346.4070341127226
1063,test,2,1,0,-55.77623461147232,-2830.117799442698,-0.0,0.0,724.3094143227671,0.16666666666666666,-0.0,-67.15148187103273
1064,validation,0,1,1,-55.960167737858114,-254.4839643449618,-0.0,0.0,-0.0,0.0,-0.0,-0.0
1064,validation,0,2,1,-98.99680078469896,-475.97764546489407,-0.0,-0.0,0.0,-0.0,0.0,-0.0
1065,train,0,1,0,-371.14186916085896,-426.9167388733031,0.0,-69.27255816383449,439.22067217987296,0.38095238095238093,0.7142857142857142,9.598214590844947
1065,train,2,1,0,-65.97742185951961,257.8481953528626,-0.19047619047619047,296.6291862811208,68.47086905547731,-0.19047619047619047,0.0,-22.214544432052907
1066,train,0,1,0,177.54166005048148,589.6111743247898,0.4,-0.0,212.92959475932085,-0.0,-0.8,-53.54414011299995
1066,train,1,2,1,-308.3868234293508,395.0318003483271,0.0,0.0,7.8028661101299805,0.0,0.4,-69.66648215076958
1067,validation,0,2,0,231.03872587791216,1325.3735250775885,-0.0,-0.0,-0.0,0.0,-1.0,0.0
1067,validation,2,1,1,14.659416457106943,-172.51153651716913,0.0,-0.0,-0.0,-0.0,0.0,-0.0
1068,train,0,2,0,-23.082669896534753,624.0108905938373,0.0,-95.03137213251979,-38.422354435747074,0.4,0.0,-96.30017327636045
1068,train,2,1,1,-10.504369929113068,-607.640729213394,-0.0,124.76851233943223,59.77876689859757,-0.4,-0.0,36.02831377016346
1069,test,0,2,0,208.34400178955457,1054.3132256836388,0.0,0.0,0.0,0.0,0.0,0.0
1069,test,2,1,1,-77.97322644364408,-891.721807354384,0.0,-0.0,0.0,0.0,0.0,-0.0
1070,train,1,0,1,209.45241965182106,-187.20755527587517,-0.2,-7.488341314186967,-77.23091516495654,-0.3333333333333333,-0.13333333333333333,-0.0
1070,train,1,2,1,-341.81573949056974,-867.0930828012447,-0.2,49.67143478361045,-144.58040090389403,0.0,-0.5333333333333333,-0.0
1071,train,0,2,0,271.72317779376993,-743.6878110895273,1.0,17.979073776344194,25.538331108994544,0.0,-1.6,49.461490361220946
1071,train,1,2,0,19.424697988674836,544.7723960827807,0.0,132.39806769051725,151.91386322916858,0.0,-0.8,78.96417719723277
1072,validation,0,2,0,99.47683137034954,503.11441258850573,0.2857142857142857,12.316083578992982,26.80311431765606,0.0,0.5714285714285714,0.0
1072,validation,1,2,0,-165.14239343951044,121.74526819837092,0.0,1.329650070111462,146.3860853392925,0.19047619047619047,0.14285714285714285,26.079385746553832
1073,train,0,1,1,206.84457873449162,-499.3913408523845,0.0,-121.46781290168003,70.63754662615031,0.0,-1.0,-0.0
1073,train,2,0,0,-56.12900375220545,1693.814448230573,-0.0,82.18503934454853,-142.88417266466894,0.0,2.0,0.0
1074,train,0,1,0,19.668419741980642,-178.66454151118296,0.0,-98.93708125346507,231.35608119934548,-0.0,0.0,0.0
1074,train,1,2,1,11.742993705188383,103.71969549726464,0.0,-112.5603082393815,-86.93405223333976,0.0,-0.0,-0.0
1075,train,1,0,0,46.5292220040526,-1399.088517105416,-0.0,-0.0,179.04892639095607,0.0,-1.3333333333333333,0.0
1075,train,0,2,1,-215.2721350098592,753.3926689027539,0.0,0.0,-112.67508413392086,-0.0,-0.3333333333333333,-0.0
1076,train,1,0,1,-76.66606430507784,-491.93831415056684,0.0,-1352.8389500841301,-0.0,0.0,-0.0,0.0
1076,train,1,2,1,122.85175257350863,211.88671940145468,0.0,-1531.324722458273,-0.0,-0.0,-0.0,0.0
1077,train,1,0,0,176.8940526823692,660.5243438460602,0.0,-108.44574352921381,-0.0,0.0,-0.0,254.76853992683348
1077,train,0,2,1,120.72260737159013,132.21066424915534,0.0,-19.93027519939263,0.0,0.0,0.0,-369.2456755884492
1078,test,0,1,0,-45.33821361972639,457.0654306960896,0.0,862.1579169920317,-0.0,0.0,0.0,45.48256085402617
1078,test,2,1,0,-119.7841932673096,435.3498790643944,0.3333333333333333,272.9370836248643,0.0,0.0,-0.0,77.990111009263
1079,train,2,0,1,-126.67046027316383,918.2857741379316,-0.16666666666666666,0.0,-0.0,-0.3333333333333333,-3.0,-0.0
1079,train,1,2,0,0.048381963739188905,-486.8227162819344,0.0,-0.0,0.0,0.0,1.0,0.0
1080,train,0,2,0,-19.04809791366813,514.7577483420905,0.0,0.0,26.089320876953337,0.3333333333333333,0.0,0.0
1080,train,2,1,1,139.84062921162496,-975.8156843219463,0.0,0.0,-72.63721258686559,-0.6666666666666666,0.0,-0.0
1081,validation,0,2,0,285.3935417544253,105.31668343262754,0.26666666666666666,-55.06016662615199,-120.06473482573656,0.26666666666666666,0.2,-0.0
1081,validation,2,1,1,53.193069918823426,428.36619309887374,-0.13333333333333333,53.89224424275577,188.05556637454038,-0.26666666666666666,-0.5333333333333333,-0.0
1082,train,0,1,0,-63.530267949034055,352.4949608378374,-0.0,0.0,1635.466984888522,0.0,0.0,0.0
1082,train,2,1,0,268.64188530048443,-137.12437888559907,0.0,0.0,698.946857185293,0.0,0.0,-0.0
1083,train,1,0,1,-8.294326818862203,-558.7236185758538,0.0,-1.7793795098919178,-228.78302434223167,0.047619047619047616,-0.42857142857142855,-85.84096388556365
1083,train,1,2,1,-843.4746758771636,-1433.8992281130504,0.2857142857142857,-58.5693403168912,-128.19613240420506,0.047619047619047616,0.0,-48.93446009016492
1084,test,2,0,1,-80.36090790012304,-1526.2690128233862,0.0,0.0,-0.0,0.0,-1.3333333333333333,0.0
1084,test,2,1,1,-95.74584467986313,351.4899612925701,0.0,0.0,0.0,0.0,-0.3333333333333333,0.0
1085,train,2,0,1,-332.4013783687443,-286.30726596303884,-0.13333333333333333,-196.4492014497747,42.87825576800199,0.4,0.0,-100.7979889867049
1085,train,1,2,0,255.98680351423957,569.9748133728863,0.26666666666666666,689.7069343056239,5.320372574673017,0.0,-0.0,69.167327534436
1086,train,0,1,1,147.89966150795874,301.9145693072105,-0.0,-0.0,-0.0,0.0,-0.0,-0.0
1086,train,2,0,0,23.2262380594442,-673.0470281714643,0.0,-0.0,0.0,-0.0,0.0,0.0
1087,validation,0,1,1,-12.290832253637234,-285.133668858341,-0.0,-429.2522188059821,-0.0,0.0,0.0,0.0
1087,validation,0,2,1,-251.32802228781838,-645.2702816646847,0.0,102.30754553958289,-0.0,-0.3333333333333333,0.0,0.0
1088,validation,0,2,0,-19.18060219466372,948.7519091552567,0.19047619047619047,-5.481339328833222,78.10514728054416,0.0,0.7619047619047619,0.0
1088,validation,1,2,0,208.89766190829914,913.7657595956362,0.09523809523809523,15.796313939395747,100.86273543600726,0.0,1.7142857142857142,27.60586317293521
1089,train,2,0,1,-44.87043574843142,223.27880047287636,0.0,0.0,-0.0,-0.0,-0.0,0.0
1089,train,2,1,1,-275.24480564605096,390.6278581590677,0.0,0.0,-0.0,0.0,-0.0,-0.0
1090,train,1,0,0,-181.37444242557729,-43.81156070020552,-0.0,0.0,-0.0,1.0,0.0,0.0
1090,train,0,2,1,116.92146167716214,-498.50720761138473,0.0,-0.0,0.0,0.0,0.0,-0.0
1091,validation,1,0,1,139.77594748615246,544.5806912799403,0.0,-163.8497334675178,54.96660210321123,0.0,0.38095238095238093,-37.467051530115285
1091,validation,1,2,1,-11.56558275753531,489.68231749626466,0.0,-9.853646176722682,62.614451712154434,-0.47619047619047616,0.19047619047619047,-32.45060004176156
1092,validation,1,0,1,111.30471516940946,989.2040494677212,0.0,0.0,-0.0,-2.0,0.0,0.0
1092,validation,2,1,0,31.6259688264646,258.3185370787987,-0.0,-0.0,0.0,1.0,-0.0,0.0
1093,validation,1,0,0,-257.4710669159506,163.28577908627904,0.0,219.76846936565417,-16.969720080930557,-0.0,0.8,88.01271676604698
1093,validation,2,0,0,-70.51866584736706,-48.02717476476391,-0.13333333333333333,598.1343633225532,-41.69073535579088,0.0,1.0666666666666667,22.648688003724864
1094,train,2,0,1,-14.4131629917851,-110.8489927380283,0.0,0.0,-0.0,0.0,0.0,111.81181512475791
1094,train,1,2,0,4.855796129140401,-158.96206096912442,0.0,-0.0,0.0,0.0,0.0,-171.40473957152773
1095,train,0,1,0,253.94483307189665,-226.45428299847526,0.4,-161.9085439349084,0.0,0.1,0.0,-0.0
1095,train,2,1,0,175.28982561768345,-952.1335824578682,0.0,13.553170487951911,0.0,0.0,0.3,-0.0
1096,train,0,1,0,-314.0636104673117,-1349.1967226161755,0.047619047619047616,6.287954840661487,95.56149783943422,0.23809523809523808,-0.19047619047619047,-30.04996554852096
1096,train,1,2,1,-262.82718105820254,985.362468417582,0.0,-7.937355319430892,24.096137961249017,-0.23809523809523808,-0.7619047619047619,86.70184459848979
1097,train,2,0,1,12.088704074593409,342.18707326949607,0.0,-101.6937089383005,9.104326558262503,0.0,0.23809523809523808,-2.3800055560929927
1097,train,1,2,0,-120.75290192507532,171.45273504798297,0.0,-44.450603852982695,121.4217272959071,0.0,-0.47619047619047616,4.315584335005293
1098,train,1,0,1,-351.1462002398407,-1489.0996901971885,0.0,-0.0,0.0,0.0,-0.0,-369.72435684561657
1098,train,2,1,0,4.729653135692502,683.4680189404244,1.0,-0.0,-0.0,0.0,0.0,350.84809513230755
1099,train,0,1,0,-67.25869306812478,316.26848572452354,0.9523809523809523,135.92659681113966,-20.362833464244847,0.0,0.23809523809523808,-17.288444497730723
1099,train,2,1,0,250.36580919794676,810.6860907652349,0.5714285714285714,137.52738840303098,10.60547230193173,0.0,1.6666666666666665,-12.223845431077502
1100,train,0,1,1,-10.558481355629283,-2013.2054966879741,0.0,0.0,-0.0,0.0,-0.0,-654.8933485071088
1100,train,2,0,0,-40.06605975144953,814.4955449126992,-0.0,-0.0,0.0,0.0,0.0,695.7640969699855
1101,validation,0,1,1,49.14373080429573,109.10519697346126,-0.4,0.0,60.75641481928982,-0.1,-0.4,0.0
1101,validation,0,2,1,15.887663643718781,282.0584711106335,0.0,0.0,41.35744022263856,0.1,-0.2,0.0
1102,train,0,2,0,483.23351850650005,454.22408888844757,-0.1,-111.2733186777511,134.16296453514988,0.0,0.2,-0.0
1102,train,2,1,1,123.70965046909157,696.7226951949588,-0.30000000000000004,181.47173706292233,-70.418988933929,0.0,-0.2,0.0
1103,train,0,1,0,69.98387960643731,-1120.9595778349408,0.0,-0.0,-105.47887126834601,0.3333333333333333,1.0,0.0
1103,train,1,2,1,222.0798125090526,1534.392429074438,0.0,0.0,29.785963625995045,0.0,-0.5,0.0
1104,train,1,0,1,-139.9914237693278,-1086.2396747072276,-2.0,-0.0,-0.0,0.0,-0.0,-0.0
1104,train,2,1,0,176.30629861489604,14.711461727464211,1.0,-0.0,0.0,0.0,-0.0,-0.0
1105,validation,1,0,0,-232.5420019076821,-416.5600985586075,0.6666666666666666,-315.5975331366357,0.0,0.0,-0.3333333333333333,0.0
1105,validation,0,2,1,-21.786682609395427,-389.93114410844964,-0.16666666666666666,220.2764695112122,-0.0,-0.0,-0.6666666666666666,-0.0
1106,train,1,0,0,6.990368371371687,-361.04874106679836,-0.0,-0.0,0.0,0.0,0.0,-0.0
1106,train,0,2,1,-25.83212824969678,-1714.2917539311866,0.0,0.0,0.0,-0.0,-0.0,0.0
1107,train,2,0,1,-84.6980379986835,-902.9603715819921,0.0,-0.0,-0.0,0.0,0.0,0.0
1107,train,2,1,1,-493.44469460070263,288.10441974540845,-0.0,0.0,-0.0,0.0,0.0,-0.0
1108,train,1,0,0,528.4743807309858,1536.1556240777636,0.5714285714285714,-84.79666999347351,261.1564067794787,0.09523809523809523,0.19047619047619047,-17.802521043615375
1108,train,2,0,0,131.59127747021284,329.5552640058804,0.19047619047619047,-259.52984682478933,13.466610847198071,0.0,0.19047619047619047,13.147122619933313
1109,train,0,1,1,4.59799226592844,-65.63824848182912,0.0,0.0,-0.0,0.0,0.0,-349.19520570792645
1109,train,0,2,1,62.852798296498975,-517.7565135409409,0.0,-0.0,-0.0,0.0,-0.0,-186.01136487094536
1110,validation,0,1,1,135.33412683946824,232.36919272873365,0.0,0.0,-2.5091375210897127,-0.0,-0.0,-139.6088640896503
1110,validation,0,2,1,167.46312563189963,158.7852769589831,0.0,-0.0,-73.80396237812927,-0.0,-0.0,-80.43418872574892
1111,train,1,0,0,-6.159416779230639,21.547884364617175,0.0,-0.0,-0.0,0.0,0.0,73.40540262789378
1111,train,0,2,1,28.833945636480564,-352.47018097614864,0.0,0.0,0.0,0.0,-0.0,4.913546587379301
1112,train,1,0,1,-318.41768440542984,-5.470045877562825,0.0,0.0,-48.12507451711788,0.0,-0.0,-124.96560958163764
1112,train,2,1,0,67.52519468028999,369.7526413065134,-0.0,0.0,72.71629543627172,0.3333333333333333,0.0,-26.70925344787601
1113,test,1,0,0,387.92402101420595,4.114777741924627,0.3333333333333333,-267.2214883805873,-0.0,0.0,0.0,0.0
1113,test,0,2,1,-230.89042788325827,-710.5734086549901,-1.3333333333333333,306.9451797385418,0.0,-0.0,0.0,-0.0
1114,train,2,0,1,198.67821867072087,-1909.3477922111006,0.19047619047619047,-325.19375165041254,-198.21028892171836,-0.14285714285714285,0.0,0.0
1114,train,2,1,1,217.43939086748446,-723.7785635554137,0.19047619047619047,-89.81426846720004,-109.26320859851654,0.0,0.0,-13.045002061524245
1115,validation,0,1,0,16.57657138137415,652.9556205243598,0.19047619047619047,156.09512286385166,-7.762002084265597,-0.047619047619047616,0.19047619047619047,-6.829887918384543
1115,validation,1,2,1,-293.58381916636495,-982.833870120221,0.0,-74.18896438060816,10.073739443770608,0.0,-0.9523809523809523,22.73648257577498
1116,validation,2,0,1,270.68567984366223,-383.24193174083484,0.0,-247.1681663917464,-0.0,0.2,-0.7000000000000001,-8.845787781028536
1116,validation,1,2,0,-7.269706298139113,-609.2628810172537,0.0,266.1019027410809,0.0,-0.2,0.1,13.201408901805019
1117,train,0,1,1,-123.54813095485179,-51.48623516720227,0.0,-21.71520429041907,-161.0727030488518,0.0,0.0,3.537355335250544
1117,train,0,2,1,-250.06809858863187,-703.8869561807942,-0.0,-89.47244587566875,-231.32596442787278,0.2,-0.0,56.64735107492982
1118,train,1,0,1,204.623374555169,1810.5706476256328,0.0,-134.98229401753724,0.0,-0.0,0.5,-0.0
1118,train,1,2,1,-391.8494879446164,2507.9687096739262,0.5,-548.709281626494,0.0,-0.0,1.3333333333333333,-0.0
1119,test,1,0,1,614.0353552829963,40.168952531490504,0.0,-0.0,-0.0,-0.0,0.0,0.0
1119,test,2,1,0,154.72248526145404,-142.0166970420596,-0.0,0.0,0.0,0.0,-0.0,0.0
1120,train,0,2,0,752.7318662511891,398.3766653574785,-0.6000000000000001,-0.0,-361.289849085939,0.1,0.8,0.0
1120,train,1,2,0,573.7584151102476,-774.4168942832594,-0.6000000000000001,-0.0,-4.700976434389486,0.5,1.6,-0.0
1121,validation,1,0,1,-88.50697462432595,-71.54420826398564,0.0,-745.1295689138678,-96.6292329503516,-0.26666666666666666,-1.6,64.51554604411182
1121,validation,2,1,0,227.82784645322295,3565.4878458677504,0.0,502.8512126088523,9.43213052430956,0.0,2.933333333333333,-221.59206439733657
1122,train,1,0,0,-131.882216956717,-92.02083249061616,0.06666666666666667,-116.49614428295232,0.0,0.26666666666666666,-0.13333333333333333,-7.179335272570592
1122,train,0,2,1,96.98488503028523,537.7970052277196,0.0,179.0352453228793,-0.0,-0.26666666666666666,0.13333333333333333,-55.71323101080751
1123,train,1,0,0,-117.81426691153524,-1443.825909170595,-0.14285714285714285,-64.88946003519558,193.1832934392511,0.0,0.0,78.26533633630874
1123,train,2,0,0,-349.17287950280394,-1593.799952039631,0.5714285714285714,-78.70605265798523,113.94316260677107,-0.19047619047619047,-0.19047619047619047,81.59841682097206
1124,test,2,0,1,-1225.790953248215,-3836.6377653505388,-0.047619047619047616,-996.8304389415173,-123.0469903848198,0.0,-1.4285714285714284,-191.66100177932694
1124,test,1,2,0,822.8615024811435,3796.678276228573,0.2857142857142857,479.78348360818654,25.967723452910214,-0.38095238095238093,2.380952380952381,0.0
1125,train,1,0,0,409.4334306495225,772.4446610649538,0.0,403.1178372141979,-0.0,0.0,0.0,-64.47622462947736
1125,train,0,2,1,91.73692819535233,252.6572455647538,0.0,-507.8549445943698,0.0,-0.3333333333333333,0.0,64.47622462947736
1126,train,1,0,0,593.3813886304513,85.16715723494463,-0.0,-0.0,-0.0,0.0,-0.0,-0.0
1126,train,0,2,1,-492.96354177545425,-126.71174594274589,-0.0,0.0,0.0,-0.0,-0.0,0.0
1127,train,1,0,1,241.3048723898188,24.643069672981255,0.0,0.0,-253.1860363753473,0.0,-1.3333333333333333,-0.0
1127,train,1,2,1,15.593504616933387,-968.8206681319598,0.0,0.0,-457.0260174309419,-0.0,-0.3333333333333333,-0.0
1128,validation,1,0,1,-172.9874822696096,-839.9775706339033,-0.0,-0.0,-0.0,-0.0,0.6666666666666666,81.81633956792412
1128,validation,1,2,1,-562.0302968841894,-682.6676178591797,-0.0,-0.0,-0.0,0.0,-0.6666666666666666,-180.33939235114093
1129,train,1,0,1,15.741766000882421,-198.5496948773589,0.0,0.0,0.0,-0.0,-1.0,0.0
1129,train,1,2,1,-200.2679988593892,-1244.7970020790435,-0.0,-0.0,0.0,0.0,-2.0,-0.0
1130,train,0,1,1,-196.3290632361609,658.6743670052256,-0.0,-0.0,0.0,-0.0,0.0,0.0
1130,train,0,2,1,-280.4768907945323,876.0158701595701,0.0,0.0,0.0,0.0,0.0,0.0
1131,train,0,1,0,506.6370982026692,840.3966800976523,0.0,0.0,-0.0,1.3333333333333333,-0.0,83.64988703873316
1131,train,2,1,0,370.5658370500714,2211.9355408123383,0.0,0.0,-0.0,0.6666666666666666,-0.0,221.55854308339008
1132,validation,2,0,1,368.5217487448133,-694.7100514911608,-1.3333333333333333,-0.0,0.0,0.0,-0.0,-160.84043315139397
1132,validation,2,1,1,-67.50494616557125,-3583.225403128302,-1.3333333333333333,-0.0,-0.0,-0.0,-0.0,163.60116459230412
1133,test,1,0,0,190.50977286010345,-408.99830679800925,0.5333333333333333,57.83757431951393,-59.88769460023291,0.13333333333333333,0.0,-0.0
1133,test,0,2,1,136.09271483507814,-50.34964002595461,0.0,-16.773666788249557,-6.297413990634107,0.0,-0.3333333333333333,0.0
1134,test,0,2,0,22.580314970513427,727.7477555553037,-0.0,0.0,661.8154170176049,0.0,0.0,5.767959815929993
1134,test,1,2,0,173.71237115879018,784.8627949016959,-0.0,0.0,201.48763959274268,0.0,-0.0,0.0
1135,train,0,2,0,-101.54908702848661,-677.9535267117699,0.0,-926.803255306655,-0.0,-0.0,0.0,386.1032045706212
1135,train,1,2,0,-96.26071027405055,-1598.2913353623326,-0.0,-477.4683584910441,-0.0,0.0,-0.0,445.2794092184994
1136,train,0,1,1,-274.183409475645,-518.1332097754275,0.0,0.0,67.42851744108403,-0.5333333333333333,0.6666666666666666,-158.03271542615497
1136,train,0,2,1,-954.0143808365979,282.6804257391541,0.0,-0.0,151.11837462314253,0.26666666666666666,0.8,-254.22022139199328
1137,train,0,2,0,1.0510527979580502,-1214.8663856409612,0.5333333333333333,0.0,-41.56142881544886,0.0,0.2,38.988063415193395
1137,train,1,2,0,-76.56355235149522,-1001.5717355780203,0.26666666666666666,0.0,112.88495475894152,-0.3333333333333333,0.13333333333333333,63.908107976434366
1138,validation,1,0,1,114.28879555764857,-351.78455241630763,0.0,0.0,0.0,-0.0,0.0,0.0
1138,validation,2,1,0,58.949175831335936,1030.5569692160316,-0.0,-0.0,0.0,0.0,0.0,0.0
1139,train,1,0,0,344.9863437923317,-403.35726979254287,0.0,-28.842347077144417,-0.0,0.0,-1.0,-0.0
1139,train,2,0,0,676.6010481326105,-121.82123602310003,-0.0,-249.41601063229683,0.0,-0.3333333333333333,0.0,0.0
1140,train,2,0,1,-433.9600791880816,-859.9744843680724,-0.0,-0.0,-0.0,0.0,0.0,-0.0
1140,train,2,1,1,-246.06543938145768,-1600.5272974595255,-0.0,-0.0,-0.0,-0.0,0.0,-0.0
1141,test,1,0,0,-98.23135614869523,281.95914331512176,-0.3333333333333333,-106.27734346504349,152.8828410214607,-0.0,0.0,-0.0
1141,test,0,2,1,-209.81933176797213,-124.46933099694343,0.0,432.2552749201079,-209.26299643918134,0.0,0.0,0.0
1142,validation,0,1,0,278.5900553231953,1609.7987025490656,0.0,-12.229352432251321,81.47982035040054,0.0,0.2857142857142857,-12.615220832618487
1142,validation,2,1,0,643.0562723536634,1544.812331145009,0.38095238095238093,0.07959240340000222,-8.195526661582075,0.0,0.8571428571428571,-35.13058898229985
1143,train,0,1,0,-266.77271812842525,539.5846871874,0.0,60.87611882705043,40.962199599925086,0.0,0.7142857142857142,50.120294975587186
1143,train,1,2,1,407.78202713999906,494.04585979975855,0.0,10.553011735870866,-9.803181902800539,-0.19047619047619047,-0.23809523809523808,-7.640261645204032
1144,train,0,2,0,201.40154118996577,365.7403632127998,0.0,-0.0,0.0,0.0,0.0,-0.0
1144,train,1,2,0,20.351712102864838,359.21675997110106,0.0,-0.0,0.0,0.0,0.0,0.0
1145,train,1,0,1,38.45260409171988,1004.6128972805363,-0.0,-609.8141754159491,142.83648688774613,0.0,-1.4000000000000001,-0.0
1145,train,1,2,1,172.1719706020931,54.93724592129456,-0.0,-612.1089080448414,19.59047842375692,0.3,-1.0,-0.0
1146,train,0,1,0,-109.97212267090367,-275.39078183084985,0.0,0.0,0.0,-0.3333333333333333,0.16666666666666666,-23.592910887996833
1146,train,1,2,1,101.3660955762009,186.05414297900734,-0.0,-0.0,-0.0,0.0,0.8333333333333333,-183.99044792520692
1147,test,1,0,1,-69.8765115028533,668.5148553210602,-0.0,-0.0,-0.0,0.0,0.0,-35.71409602903379
1147,test,1,2,1,-18.233432610538216,109.77846343822648,-0.0,-0.0,0.0,0.0,-2.0,26.226955265892265
1148,train,0,2,0,146.5878506248613,136.3436729238274,-0.4,114.00652898557597,-0.0,0.3,0.0,0.0
1148,train,1,2,0,-8.956556322292613,181.16021403969853,-0.4,-63.82173816877447,0.0,0.0,0.1,-0.0
1149,test,1,0,0,155.48782440394052,571.7761547209475,0.0,0.0,0.0,0.0,3.0,-0.0
1149,test,0,2,1,-852.0277120545587,-1407.7795143042922,0.0,-0.0,-0.0,0.0,-5.0,-0.0
1150,train,0,1,1,-61.9762134717146,-565.1305695624437,-0.2,-57.74570753400314,-17.167604229980732,0.0,-0.26666666666666666,-36.5512620939426
1150,train,2,0,0,221.61231306850922,-84.75557471042202,0.0,67.99353749887585,18.840751662722997,0.0,0.06666666666666667,57.150640996178176
1151,train,1,0,0,-363.35324658482057,-136.80781404093887,-0.26666666666666666,3.115538472105345,64.63600327226263,-0.2,0.0,125.84737195594307
1151,train,2,0,0,150.90653149514435,-278.96807941563293,0.26666666666666666,-80.38905436861137,195.00104367329797,0.0,0.0,67.15605271017017
1152,validation,0,1,1,73.94010150761443,-1039.283189854961,0.0,0.0,-0.0,0.0,-2.0,-0.0
1152,validation,0,2,1,17.215489795280916,-235.3710685030876,0.0,-0.0,0.0,0.0,-1.3333333333333333,-0.0
1153,test,0,2,0,-197.98507822543985,-510.1625208229898,-0.0,-0.0,0.0,1.0,-0.0,-0.0
1153,test,2,1,1,-5.1286162252373515,825.9421062784404,0.0,0.0,0.0,0.0,-0.0,0.0
1154,train,2,0,1,15.051627888719281,203.62367793267595,-0.0,-15.575965912462296,-32.23055988919858,0.0,0.8,0.0
1154,train,2,1,1,-303.70094651376394,-1128.6568166804532,-0.0,-147.25145348013362,-30.527121928722178,-0.6666666666666666,-0.6000000000000001,-64.36762588201132
1155,test,0,1,0,308.2438282060492,2720.9979865363584,0.0,-7.820561203951737,103.45202030233663,0.0,0.47619047619047616,10.505670483098514
1155,test,2,1,0,377.4699565259126,672.6698928571759,0.14285714285714285,-74.17725733758112,-39.123907770420516,0.19047619047619047,0.047619047619047616,7.789815444535147
1156,train,0,2,0,-256.8557696746226,241.2141319082766,0.0,222.50472305013093,0.0,2.0,-0.30000000000000004,99.66748295809194
1156,train,2,1,1,381.33020113882174,299.77912745476533,0.0,-118.86345100131058,0.0,-0.8,0.6000000000000001,-14.179028139860435
1157,train,1,0,0,573.0641975497253,1193.323981159398,0.0,-230.9821489385181,0.0,-0.0,0.0,0.0
1157,train,2,0,0,-129.80875090871257,-62.83322542788483,0.0,821.8043896051956,0.0,-0.0,-0.0,0.0
1158,train,1,0,0,-324.04534943240844,-206.42481272640998,0.13333333333333333,400.7529798802742,0.0,0.2,-0.3333333333333333,0.0
1158,train,2,0,0,-171.0348688713094,922.2239605748664,0.0,668.2236543682255,0.0,0.0,-0.3333333333333333,174.14828129147872
1159,test,1,0,1,-19.608653734690392,-279.49874737898244,-0.23809523809523808,-16.07723916282943,-3.57500186986236,-0.19047619047619047,0.0,-41.05486521486298
1159,test,2,1,0,32.32336611526091,1368.4407457634547,0.0,50.41623962562426,1.9095580171045379,0.0,0.19047619047619047,29.77204583551579
1160,train,1,0,0,93.95351825118644,592.8117152902796,-0.6666666666666666,512.4277766492446,-0.0,0.0,-0.4,-38.97414449508245
1160,train,0,2,1,97.8322988468691,-690.4462644967562,-0.3333333333333333,-709.2892262117508,-0.0,0.0,-0.6000000000000001,-39.865238769137115
1161,train,2,0,1,-37.5838655337204,215.65330932415554,0.0,113.66041714327082,-44.787783980902226,0.0,0.0,10.17700732118485
1161,train,2,1,1,-139.87471697566085,-324.55091670513366,0.0,143.20820090659132,-126.42330839674784,-0.6666666666666666,0.0,-5.069463447508873
1162,train,1,0,1,-335.81086017087307,-1161.5782085071587,0.2,0.0,-0.0,-0.8,-1.2,-23.841351882534834
1162,train,2,1,0,-124.81358494923842,1365.8968230772448,-0.2,0.0,0.0,0.0,1.7999999999999998,60.35229115313961
1163,train,2,0,1,40.34376739134632,-915.1543683993928,0.13333333333333333,0.0,-236.38628497698636,0.0,-0.26666666666666666,-33.15016780569988
1163,train,1,2,0,-137.41616730272733,-461.23533033953026,0.0,-0.0,238.69782772325095,0.0,-0.2,-41.10071697693677
1164,test,2,0,1,224.8431674953614,749.4560843868567,-0.8,-82.68013799537285,-140.00453573661358,0.0,0.0,-31.189930337345015
1164,test,2,1,1,-108.57682241284454,-1492.2597698858208,0.0,-173.24772160882281,132.11941193310787,-0.13333333333333333,0.0,-64.31951205491768
1165,train,1,0,0,-171.5516932149526,-1794.6322445119945,0.0,-0.0,0.0,-0.0,0.0,0.0
1165,train,2,0,0,-42.97000949127096,844.3404422883759,0.0,-0.0,-0.0,0.0,3.0,-0.0
1166,train,0,1,0,-370.93029100079946,-208.87583801941673,-0.0,-37.93190995960299,-52.29112777544353,0.0,-0.13333333333333333,122.53501935436466
1166,train,2,1,0,-158.4627483256562,-259.6993667522538,-0.0,-129.52986376150596,154.8813526249795,-0.13333333333333333,0.6666666666666666,114.6164190600385
1167,train,0,2,0,-297.95685062848156,-265.20185886187573,0.6000000000000001,-0.0,56.1346915032147,0.8,0.4666666666666667,26.165476663117403
1167,train,1,2,0,281.1491055974003,482.97242817828646,0.0,-0.0,293.41479388004007,-0.26666666666666666,0.6,91.12988011519228
1168,train,1,0,0,408.0853321854862,-1423.8419555057717,0.0,0.0,-0.0,-0.0,-0.0,0.0
1168,train,0,2,1,-140.73337211977764,843.4318323036841,0.0,-0.0,-0.0,0.0,0.0,-0.0
1169,test,1,0,1,18.723859017714176,731.4490553328997,-0.8333333333333333,-697.5964197968575,-0.0,0.0,-0.5,-0.0
1169,test,1,2,1,376.88554482319887,683.4566631425714,0.0,-854.3985609873389,-0.0,0.0,-1.0,-0.0
1170,test,2,0,1,107.21057872839447,761.7577026902391,0.0,-0.0,0.0,-0.0,-4.0,-222.6312012251509
1170,test,1,2,0,-552.6619538596999,-2010.408888742496,0.0,0.0,-0.0,0.0,0.6666666666666666,26.617641769438308
1171,train,2,0,1,296.94579350941376,24.09378920909694,-0.6666666666666666,224.97541171368619,-164.12806307322845,0.0,-1.6,-36.84779528266366
1171,train,1,2,0,341.8718404060912,424.5899063910547,1.3333333333333333,-405.9116614781474,-415.9803397046947,-0.0,-1.0666666666666667,40.34949860240933
1172,validation,0,1,0,98.59453839372418,2628.508624743343,0.0,40.21501356373929,-0.0,0.8,0.30000000000000004,247.43738556034762
1172,validation,1,2,1,-52.865441412582186,-1688.5764878139144,-0.0,96.07265669091339,0.0,0.0,0.2,-137.98245928417657
1173,validation,0,1,0,353.17439318254765,781.5613109289607,0.0,-0.0,0.0,-0.0,5.0,-0.0
1173,validation,1,2,1,-264.43910271764094,-180.68991144402025,0.0,0.0,-0.0,0.0,1.0,-0.0
1174,train,1,0,1,180.75278983237234,830.5889315066852,0.0,0.0,138.70174315202013,0.16666666666666666,-0.6666666666666666,0.0
1174,train,1,2,1,15.512202078481664,560.0872832473683,0.0,-0.0,-7.465526484326915,-0.16666666666666666,0.0,0.0
1175,test,2,0,1,-245.77022764333037,-750.0924740425044,0.0,-37.843071112976666,-43.293963339646325,0.0,-0.0,-1.8041696491245296
1175,test,2,1,1,-60.704100049294595,24.324263783769766,0.26666666666666666,146.6264179318138,21.0168486080994,-0.3333333333333333,-0.0,-21.355165129978268
1176,validation,0,1,1,131.23928682439077,364.7271500685274,-0.0,-420.20232872978465,-0.0,0.0,0.0,-0.0
1176,validation,2,0,0,-71.35217240472377,353.5238381862855,0.0,1403.2524483691,-0.0,0.6666666666666666,0.0,-0.0
1177,validation,1,0,0,-60.754334949629765,810.4228931428624,-0.0,0.0,0.0,-0.0,0.0,0.0
1177,validation,2,0,0,-35.430705396123244,2022.982522203938,0.0,0.0,0.0,0.0,0.0,0.0
1178,test,1,0,0,724.3556404260606,380.46675453353873,0.0,401.9557130144939,196.66086572150434,0.16666666666666666,0.0,0.0
1178,test,2,0,0,417.59126466328337,-143.65277795513612,0.0,641.6396001142834,-22.27988716151188,0.16666666666666666,0.0,-0.0
1179,validation,0,1,0,23.848798014772456,251.3584416691706,0.0,0.0,130.73997896956632,0.0,-0.0,-0.0
1179,validation,2,1,0,-152.35884517730057,487.482088179303,0.0,0.0,422.25934242851747,2.0,0.0,-0.0
1180,train,2,0,1,-125.5933676440527,-354.20504792249267,-0.06666666666666667,9.2665034561599,-271.3299239148031,-0.0,-0.5333333333333333,-24.052319474181353
1180,train,1,2,0,116.29815525897641,49.42894003067249,0.0,205.6079019370909,-81.95609426794068,0.0,1.3333333333333333,-56.53309845838287
1181,test,0,1,0,84.12706375906441,0.0,0.0,-0.0,-0.0,0.0,-0.0,-0.0
1181,test,2,1,0,107.90727414847686,400.30440416100055,0.0,0.0,0.0,0.0,0.0,-0.0
1182,train,0,1,1,-138.10768780890282,-497.47306581183557,0.0,-751.8187498390413,0.0,-0.0,0.0,0.0
1182,train,2,0,0,62.503206841794395,845.3110784234705,0.0,1226.6246044468871,0.0,-0.0,0.0,0.0
1183,train,0,1,1,-33.564465471449836,1.8479231534690825,0.0,0.0,-0.0,0.0,0.0,-204.70288410716364
1183,train,0,2,1,-109.4456367491714,-502.07101543681506,0.0,0.0,0.0,0.0,0.0,-190.24380476240535
1184,test,0,1,0,357.5315225728151,813.1319624861139,0.0,834.360200047149,0.0,0.0,0.0,-0.0
1184,test,1,2,1,158.95462583495106,750.1921430962357,0.0,-809.60067948447,0.0,-0.0,-0.0,-0.0
1185,train,0,1,0,291.888161940185,2204.2447761968087,0.0,0.0,443.3568971777688,-0.0,-0.0,-69.22776955824278
1185,train,1,2,1,53.2409570805205,-3133.8217901125054,-0.0,-0.0,-1200.6898766257805,0.0,0.0,122.84092125824247
1186,train,1,0,1,-367.50819136401606,-1588.4109560053357,0.0,-0.0,0.0,0.0,-0.8333333333333333,-240.96760606110337
1186,train,2,1,0,1076.371581330364,1440.083220472351,0.0,-0.0,0.0,1.0,0.0,-191.7316631790008
1187,train,1,0,0,324.7517949737979,744.1782594236265,3.0,-0.0,-0.0,0.0,0.0,-0.0
1187,train,0,2,1,-657.5963314097702,-1139.962009303188,-4.0,-0.0,0.0,-0.0,0.0,0.0
1188,train,2,0,1,-144.95467491124975,-1952.4765036915633,0.0,-0.0,-211.75593107397836,0.0,-2.4000000000000004,-0.0
1188,train,1,2,0,49.038456469347125,110.50931437335203,0.0,0.0,62.16958842615489,0.0,0.8,0.0
1189,train,0,1,1,-113.63884914717084,155.2653856042125,0.0,39.853212198969985,-53.21729053167417,0.26666666666666666,-1.4000000000000001,7.597421796927447
1189,train,2,0,0,-86.28223848579358,-495.9629610788361,0.0,400.0856881755681,-20.198380570215477,-0.26666666666666666,0.6000000000000001,-21.94415936843466
1190,train,1,0,0,-39.000893927603386,-180.96089778665328,0.0,-0.0,94.45576137744831,0.0,-0.0,8.516317148045502
1190,train,2,0,0,-48.67561032680595,-376.9401613223338,0.0,-0.0,49.68983676669974,0.0,-0.0,15.467402404239536
1191,train,0,2,0,-131.60558620502752,1479.8367799642892,0.0,-0.0,-0.0,0.0,0.0,0.0
1191,train,1,2,0,17.37066127010428,2763.515090675721,0.0,0.0,0.0,0.0,0.0,-0.0
1192,train,2,0,1,-1141.9990665922253,-2665.8455494924056,-0.13333333333333333,0.0,3.145678064160484,-0.4,-2.1333333333333333,-146.65306553672926
1192,train,1,2,0,-44.94213102467802,1398.6485438211457,-0.13333333333333333,-0.0,-19.535300240579023,0.6000000000000001,1.3333333333333333,295.4002767063862
1193,train,1,0,1,-599.9357961574015,-98.61421373583198,0.0,0.0,-0.0,-0.0,0.0,0.0
1193,train,1,2,1,-167.12947015688076,-676.0715607639781,0.0,0.0,-0.0,0.0,0.0,0.0
1194,train,0,2,0,-233.30892853949445,952.891502038141,0.0,0.0,0.0,0.0,14.0,0.0
1194,train,2,1,1,-891.7364753342008,-1153.9033801476917,0.0,0.0,-0.0,-0.0,-2.0,-0.0
1195,train,0,1,0,428.4793491571219,290.6364617628087,0.0,521.6345682137136,-0.0,-0.3333333333333333,0.0,0.0
1195,train,2,1,0,561.6247465191417,1499.0037855949458,-0.0,0.3298294955608677,-0.0,-0.3333333333333333,-0.0,-0.0
1196,train,0,2,0,-60.80203163535543,-176.9532876053663,-0.0,-0.0,-0.0,-0.0,0.0,0.0
1196,train,2,1,1,120.96768730060421,1036.0166995153231,0.0,0.0,0.0,0.0,0.0,0.0
1197,train,0,2,0,-143.66407497692717,1873.4995185556636,0.0,-266.75811559928263,-0.0,0.6666666666666666,0.0,-0.0
1197,train,2,1,1,20.560719963556608,-1738.5167001990512,0.0,-1151.2826263212683,-0.0,0.3333333333333333,-0.0,0.0
1198,train,0,1,1,-241.03834751648014,-1436.2546378908755,-0.23809523809523808,-1.8710617863402408,-303.46586849621593,0.0,-0.19047619047619047,-39.758130899721124
1198,train,2,0,0,94.67863547934348,1857.52761236073,0.0,204.9592892198049,179.83614291531953,-0.047619047619047616,0.5714285714285714,59.7682327233254
1199,train,0,2,0,-151.45972999864205,-374.851334358259,-0.0,-0.0,549.3828710759592,-0.0,-0.0,-0.0
1199,train,2,1,1,293.907140513051,-16.84854014850407,0.0,-0.0,-256.7354296376511,0.0,-0.0,0.0
1200,train,0,1,0,-91.48425583798871,70.41585303754164,-0.3333333333333333,-0.0,0.0,0.0,0.6666666666666666,0.0
1200,train,2,1,0,74.37833762186563,730.4995451439609,-0.16666666666666666,0.0,0.0,0.0,0.3333333333333333,-0.0
1201,train,1,0,1,-84.86940146468157,-79.48225546406684,0.0,-795.3954670293667,-39.45432519626551,0.0,0.6666666666666666,0.0
1201,train,2,1,0,512.0211162830308,2415.416756601325,0.0,143.31560270432396,-46.81552733070153,0.0,0.3333333333333333,0.0
1202,train,0,1,0,20.883323544203193,166.6627701405596,-0.0,-0.0,-87.23186741689435,-0.0,-0.3333333333333333,51.677072928745446
1202,train,2,1,0,-30.924346152171694,149.47757563138703,0.0,-0.0,-51.67806362254224,-0.0,0.3333333333333333,30.235233959007104
1203,validation,0,1,1,-966.7669972650258,-885.3822377640272,0.0,0.0,0.0,0.0,-3.0,0.0
1203,validation,2,0,0,740.8171290587304,2080.6927736687803,0.0,0.0,-0.0,-0.0,3.0,0.0
1204,train,1,0,0,86.56074950535515,-501.93489891231366,0.0,-0.0,0.0,0.0,-0.0,-0.0
1204,train,0,2,1,175.503509622465,1304.289058493323,0.0,0.0,-0.0,-0.0,0.0,0.0
1205,test,2,0,1,-454.36025543544724,-1133.8325744378262,-0.0,37.93358172358298,-378.2734411811283,0.4,0.3,-0.0
1205,test,1,2,0,243.07400253248352,2357.300553594191,0.0,202.39388989533327,636.3204534863171,0.0,0.6,0.0
1206,train,1,0,0,1275.2496567652972,591.9459133930013,0.0,668.204235150823,0.0,-0.0,-0.0,0.0
1206,train,0,2,1,-942.9488339787815,-211.28929056612105,-0.0,-3054.6004822649033,0.0,0.0,0.0,-0.0
1207,train,0,2,0,174.9465253914493,1415.312047139173,0.16666666666666666,138.43020695594953,15.889234027228952,0.0,0.0,0.0
1207,train,1,2,0,-47.189745241050105,530.0493250961154,-0.16666666666666666,694.8186355340077,-100.87840233761585,-0.0,-0.0,0.0
1208,train,0,1,1,-78.55523775532166,-288.8831679791033,0.0,-16.93389453025933,27.375451224369108,0.0,-0.19047619047619047,26.226073729421763
1208,train,0,2,1,32.29836829165225,-151.4149753522247,0.0,7.845206371875238,51.26803292543974,-0.23809523809523808,-0.09523809523809523,19.738885149177552
1209,test,0,2,0,129.2623162434072,-186.51058908630193,-0.0,-198.62614121610764,-2.242676982700209,0.4,-0.2,-0.0
1209,test,2,1,1,19.49651939117973,471.2751413896658,0.0,306.40090477266887,-46.18025412445172,-0.8,0.2,-0.0
1210,train,1,0,0,300.16921993863,-255.6232698098329,0.0,-0.0,-31.77818012882841,1.2000000000000002,-0.0,72.76627797459108
1210,train,0,2,1,-220.44332730251085,-669.9866152205504,-0.3,0.0,-45.722314054723455,0.4,-0.0,-70.21334694790701
1211,train,0,1,1,18.34395217485502,-232.43690355668514,-0.0,0.0,-149.99524364475764,-0.3333333333333333,0.16666666666666666,-0.0
1211,train,2,0,0,307.132566007343,720.3002668556455,0.0,-0.0,111.67630263028455,-0.3333333333333333,-0.8333333333333333,0.0
1212,train,2,0,1,-211.5766451293767,-957.3833892489033,0.0,29.211529383749657,-340.05681321683204,-0.0,-0.0,43.45777384475844
1212,train,1,2,0,205.5655067960236,-102.96631412852912,0.0,-46.200745631452946,349.6928557311808,0.0,0.0,-100.0992281554544
1213,train,1,0,0,18.03283907343723,-39.98616407891541,0.0,-0.0,0.0,0.0,0.0,0.0
1213,train,2,0,0,-257.1418773171629,136.28536132820864,1.0,0.0,0.0,0.0,0.0,0.0
1214,train,0,1,1,-317.9063917289063,-668.1105639414213,0.047619047619047616,-65.46583902571491,-21.06873460490011,-0.23809523809523808,0.09523809523809523,-26.61943011063005
1214,train,2,0,0,151.18280266632524,500.65083963742154,0.047619047619047616,-130.87919185387852,13.187410909894203,0.47619047619047616,-0.09523809523809523,-21.687014288478796
1215,test,0,1,1,96.36429592795349,-14.992187422301413,-0.5,0.0,-42.610635588338084,0.0,0.0,1.5911621244922192
1215,test,0,2,1,-23.729855368887684,-542.1455417284687,-0.5,-0.0,90.99946068804036,0.0,-0.0,19.05759743423703
1216,train,1,0,1,-215.04963491507038,-1281.7615144237793,-0.0,-0.0,-0.0,0.0,-0.0,-0.0
1216,train,2,1,0,282.2287214333361,963.2584560724754,0.0,0.0,0.0,0.0,-0.0,-0.0
1217,validation,0,1,0,102.88315914021621,11.520138454708103,0.0,-0.0,0.0,0.0,0.6666666666666666,0.0
1217,validation,2,1,0,504.56973376560234,2452.8832743131597,0.0,0.0,0.0,0.3333333333333333,3.333333333333333,0.0
1218,train,1,0,0,381.9244326868892,651.702007113905,-0.3333333333333333,0.0,0.0,-0.0,0.0,20.481412272577206
1218,train,0,2,1,-286.3300757747967,-1969.8271175021073,-0.3333333333333333,-0.0,-0.0,0.0,-0.0,-153.79440831180324
1219,train,0,1,1,-208.34230113081705,-4.208900199907475,-0.2857142857142857,-5.675178148937653,-14.13303967024029,0.0,0.0,22.510384242960402
1219,train,0,2,1,-31.962447034066315,119.92055333760618,0.0,-30.99306058780371,-11.232027193232415,-0.23809523809523808,0.2857142857142857,-5.868551966387943
1220,validation,1,0,1,-175.0350240210954,-92.46414653703596,-0.047619047619047616,71.40520974463111,-93.44787347562256,0.0,-0.38095238095238093,-40.71308514714917
1220,validation,2,1,0,-151.06229247468707,-377.6773078558963,0.14285714285714285,-24.459101842096103,-22.169431724894093,0.2857142857142857,-0.5714285714285714,-28.085345384155936
1221,validation,0,1,0,-381.3933806398,-916.8028612139392,0.0,0.0,-0.0,0.0,2.0,0.0
1221,validation,1,2,1,215.72961764232963,402.1351321565562,0.0,0.0,0.0,0.16666666666666666,-3.0,0.0
1222,train,1,0,1,-70.97053691383189,268.2879221698372,0.0,286.1951761101496,-0.0,-0.4,-0.8999999999999999,2.9313987231290533
1222,train,1,2,1,-434.273117735304,-143.51833862436797,0.0,56.13776794630376,0.0,0.0,-0.8999999999999999,-23.308158293805715
1223,train,0,1,0,-131.90058001889156,440.1106103350153,0.0,437.87542377927656,-17.83806606673923,0.26666666666666666,0.2,25.578485156014985
1223,train,1,2,1,15.81219915197903,-1607.6013017922337,-0.0,-303.010619894183,-5.220035396976887,-0.26666666666666666,-0.4,36.82812559039439
1224,train,1,0,0,100.86988641860222,489.6585091677821,-0.0,-0.0,0.0,-0.3333333333333333,3.333333333333333,-0.0
1224,train,0,2,1,-493.87495385418543,-100.49227482160268,0.0,0.0,0.0,0.0,-2.6666666666666665,0.0
1225,validation,0,1,0,-125.14435623876278,-830.3033145145027,-0.4,64.12164406523016,106.26263415987545,-0.13333333333333333,0.0,4.171408810785711
1225,validation,2,1,0,-80.45492156886098,-126.96594912987712,-0.2,-45.36707800538814,58.137091109756454,0.4,-0.0,-5.370030535875416
1226,train,1,0,1,73.38685337663333,-386.8250188308475,-0.0,-279.09444249286753,0.0,-0.6666666666666666,-0.0,0.0
1226,train,2,1,0,-130.13540746074915,-433.00561129169546,0.0,51.186420905468026,0.0,0.6666666666666666,-0.0,-0.0
1227,train,1,0,1,-237.91904217500553,10.06274506100408,0.0,0.0,-0.0,0.0,0.0,0.0
1227,train,2,1,0,487.712176896169,595.4265563505983,0.0,-0.0,0.0,0.0,-0.0,-0.0
1228,test,2,0,1,260.9717393821678,642.2311113290607,0.0,-878.8024875368765,-0.0,0.0,0.0,-0.0
1228,test,2,1,1,136.36982681188306,438.8963273844756,0.0,-1085.0817555511446,0.0,0.0,0.0,0.0
1229,train,2,0,1,-83.10374833857338,-1352.4180040069386,-0.0,-632.2524613145622,-233.64403503388792,0.3333333333333333,0.0,-0.0
1229,train,2,1,1,-700.8681138589382,-1524.282847733799,0.0,-290.02481709938013,378.4681544673093,0.0,0.0,-0.0
1230,train,1,0,0,528.3005294135788,3128.165578528723,-0.0,0.0,0.0,-0.0,0.0,0.0
1230,train,0,2,1,-729.8360325576442,-1294.9150896217807,0.0,-0.0,-0.0,0.0,0.0,0.0
1231,train,1,0,0,464.11243875784226,946.3624815455096,-0.2857142857142857,168.87174991256245,-36.8876592292876,0.0,0.9523809523809523,22.88643020212971
1231,train,2,0,0,355.27199691274586,615.1961152539152,-0.14285714285714285,-256.01120095236706,-14.947952794798317,0.19047619047619047,0.2857142857142857,131.4328585907386
1232,train,0,1,1,-244.42107598625245,-432.8023262227316,-1.0,-0.0,0.0,-0.0,0.0,-0.0
1232,train,0,2,1,-103.38525732532793,495.85293233173115,-1.0,-0.0,0.0,0.0,-0.0,0.0
1233,test,1,0,1,224.48233092555273,644.7866633470039,0.0,-0.0,99.84368245254484,-0.06666666666666667,0.0,-26.071222699983405
1233,test,1,2,1,35.84898914999724,232.75226106653963,0.3333333333333333,-0.0,75.78355622382266,0.0,-0.4,-102.4696929941915
1234,test,2,0,1,-383.7195246582836,-489.188381626941,0.0,0.0,0.0,-0.0,0.0,-0.0
1234,test,1,2,0,346.377910478431,1055.5179254576733,0.0,-0.0,0.0,0.0,-0.0,-0.0
1235,train,0,1,1,-31.635258003709623,-953.8534322685914,-0.0,0.0,-0.0,-0.0,-0.0,-0.0
1235,train,2,0,0,315.0891790922567,1897.9777197633061,0.0,-0.0,0.0,0.0,0.0,-0.0
1236,validation,2,0,1,-42.560741075800365,-172.2115823063791,0.0,-0.0,-0.0,-0.0,-0.6666666666666666,-0.0
1236,validation,1,2,0,189.41822998878172,473.05398198382954,1.3333333333333333,0.0,0.0,0.0,0.6666666666666666,0.0
1237,train,1,0,0,-186.7400417051632,-460.27021057200636,0.2,271.09029942352845,-22.6121084938049,0.0,0.1,-0.0
1237,train,2,0,0,102.189536799812,171.00875730543976,-0.2,197.42357186207437,211.78150951040854,0.0,0.30000000000000004,-0.0
1238,train,1,0,1,-352.1631841427376,-215.71904517552503,0.0,-89.30011649303115,621.5952829918579,-0.1,-0.0,-194.50071757117308
1238,train,2,1,0,-286.5365292150985,-1562.588702571068,0.0,-4.817889217198718,-90.21246474705013,0.0,0.0,119.01493824212497
1239,train,0,2,0,11.376718752139823,-133.8200568027396,-0.0,-0.0,-0.0,0.0,0.0,-99.21551217053619
1239,train,2,1,1,-85.94641121286327,169.68388490183634,-0.0,-0.0,-0.0,0.0,-1.3333333333333333,30.62032607507577
1240,train,0,2,0,157.5643069042979,223.83723879092054,0.26666666666666666,45.26456640316931,0.0,0.0,0.0,22.954483396552405
1240,train,2,1,1,-168.34873513822225,124.03726402743428,-0.26666666666666666,-47.43904124263993,-0.0,0.0,0.2,-9.882717664131452
1241,validation,2,0,1,-409.73928945963434,-716.7082012223759,-0.0,-1415.9081658992427,0.0,0.0,0.0,-0.0
1241,validation,2,1,1,-342.74619047720176,-815.6249214950681,-0.0,-445.9404053949843,-0.0,-0.0,0.0,-0.0
1242,validation,1,0,1,-52.710264042878464,-431.8423182394058,0.3333333333333333,-0.0,-378.54901133783943,-0.0,0.0,0.0
1242,validation,1,2,1,30.359641063808454,-679.6855619083399,0.0,-0.0,88.93657270584056,0.0,0.0,0.0
1243,train,1,0,1,-141.56973488608662,-1431.1927053327536,-0.0,-0.0,0.0,0.0,0.0,-0.0
1243,train,1,2,1,-146.6077622099208,-1217.812238229244,0.0,-0.0,0.0,0.0,-0.0,-0.0
1244,train,1,0,1,16.036634741397165,481.8686122145832,0.6666666666666666,-0.0,86.55442414403429,0.0,0.0,-15.995362130036067
1244,train,1,2,1,7.333292228565028,77.18712095069895,0.6666666666666666,-0.0,129.2394436780175,-0.0,0.0,-148.40203147463615
1245,train,1,0,0,107.58094388090404,124.751027117376,0.09523809523809523,23.09171737006058,-5.11368969053513,0.5714285714285714,0.47619047619047616,17.996527138467073
1245,train,0,2,1,-77.27303214258285,-344.1857716124664,0.09523809523809523,-5.466682854872455,1.0931604030386963,-0.14285714285714285,-0.23809523809523808,-57.854751839141564
1246,test,1,0,1,115.33212638183488,-663.4469530572469,-0.0,-0.0,-0.0,0.0,-0.0,-22.190020440786938
1246,test,2,1,0,-72.26125801070305,-401.7951609449965,0.0,-0.0,0.0,0.0,0.0,405.45316477067195
1247,train,2,0,1,-68.08517717989491,-643.224108708841,-0.16666666666666666,-597.3270335578178,45.82407831127248,-0.0,-0.0,0.0
1247,train,1,2,0,117.75637397477664,530.1631352840423,0.3333333333333333,194.35968959465947,-53.09851220613298,0.0,0.0,0.0
1248,validation,0,1,1,159.77212845887084,552.0680982299309,0.0,0.0,0.0,0.0,0.0,-274.32718772697854
1248,validation,2,0,0,-61.76114457797485,93.69561851468825,-0.0,0.0,0.0,0.3333333333333333,0.0,770.1968548989663
1249,train,1,0,1,233.75460031336956,-32.97143508543195,-0.0,34.67152919173581,-222.96728289099542,0.0,0.5333333333333333,-21.75398283541344
1249,train,2,1,0,-208.16958315872523,113.67444420930406,0.0,26.638327713605698,-107.04197792536799,0.26666666666666666,0.26666666666666666,80.16409083641089
1250,test,2,0,1,-600.9730306533487,-754.4208416399761,0.0,0.0,-0.0,0.0,-0.6666666666666666,66.51914350690824
1250,test,2,1,1,-63.565528359859286,-972.6406627345059,-0.0,0.0,-0.0,0.0,-1.3333333333333333,-33.942663705350014
1251,train,2,0,1,77.06162699949567,-159.92735885894717,0.2,176.98001919828928,-22.71452367487111,-0.5333333333333333,-0.5333333333333333,0.0
1251,train,2,1,1,-73.42317694281104,244.98754138964614,0.0,-31.045898284794777,11.911081323231604,-0.26666666666666666,-0.2,0.0
1252,train,0,2,0,588.5612267194241,385.04528203366135,0.14285714285714285,154.68920300354452,30.28787477903464,-0.14285714285714285,1.4285714285714284,41.24023479369305
1252,train,1,2,0,247.98242028952495,532.2317118142419,0.42857142857142855,223.4943707686136,200.25329253773216,0.0,1.7142857142857142,40.748380803636095
1253,train,1,0,0,599.712078244419,4013.6159113564045,0.4,833.0509712453294,148.09759498170752,0.0,0.0,-0.0
1253,train,0,2,1,-568.809393335581,-4484.83910805881,0.4,-1225.540476766543,-16.54243700577074,0.0,-0.0,-0.0
1254,test,0,1,1,-190.39973791571015,1313.5193428054326,0.0,0.0,0.0,0.0,0.0,0.0
1254,test,2,0,0,-217.2116838269991,-1249.5834986459831,-0.0,-0.0,-0.0,2.0,-0.0,0.0
1255,test,1,0,1,273.39697527140436,360.327353263388,0.0,-252.83672774249538,-0.0,0.0,0.0,0.0
1255,test,2,1,0,-85.28264355619262,149.86600599899475,0.0,711.5581662373829,0.0,0.0,0.0,0.0
1256,train,1,0,0,282.5074220283343,4371.384034345414,-0.0,0.0,436.05988182682387,0.8333333333333333,0.0,47.90921767978953
1256,train,2,0,0,1526.6610756133277,3070.1702111548366,-0.0,-0.0,1185.459786016348,0.5,0.0,109.09536898039639
1257,train,2,0,1,-194.7076600258714,-721.8953532300429,-0.0,293.2399527668109,-0.0,0.0,-0.0,-136.0230110166347
1257,train,2,1,1,-1015.998391558319,-1113.5497016063919,0.0,-406.8282720142465,-0.0,0.0,-0.0,-85.18756261394596
1258,train,1,0,1,-56.37176080309246,297.05786203269554,-0.0,-598.9303197415948,0.0,0.0,0.0,-0.0
1258,train,2,1,0,124.81339185986985,953.5269874572305,0.0,606.1079550508877,-0.0,0.0,-0.0,-0.0
1259,train,2,0,1,-894.6237451749132,-410.8015139628751,-1.0666666666666667,-654.236851344746,243.28898797922685,-0.3333333333333333,-0.2,-0.0
1259,train,1,2,0,1244.8648933420197,1768.7401679344111,-0.26666666666666666,254.26860730801315,-62.46618787031989,0.6666666666666666,-0.13333333333333333,0.0
1260,train,0,1,1,-336.4837486019019,541.389256715885,0.0,-0.0,0.0,0.0,0.0,0.0
1260,train,0,2,1,-321.6107266625115,-507.3777790120748,-0.0,-0.0,0.0,-0.0,0.0,-0.0
1261,test,2,0,1,-332.84611789443903,-655.167543982735,0.0,58.61428296085119,-288.5485835623311,0.0,-0.8,-0.0
1261,test,1,2,0,190.20738919618594,266.7102258242803,0.0,-53.71444006166028,118.75738520019966,0.3,-0.4,0.0
1262,train,1,0,0,-221.59339054108477,-664.8060902381603,-0.0,276.1758678411367,-98.01958854661581,0.0,0.0,121.57984750860692
1262,train,0,2,1,274.08919424580586,1133.7351565723511,0.0,-388.28778888434454,69.25918225928177,0.0,0.0,-14.170000566672101
1263,train,0,1,0,292.3888421835801,507.53656342229897,0.2857142857142857,73.87096772096506,19.037149619799816,0.0,-0.23809523809523808,-33.130001702965366
1263,train,1,2,1,-228.77986220634762,117.87573327500468,0.2857142857142857,-59.695168329940074,51.451098505913066,0.0,0.14285714285714285,-14.106128005410396
1264,train,2,0,1,-108.34513706221446,-531.8918149160581,0.0,-0.0,-291.60734983276694,0.0,0.26666666666666666,0.13420479402264315
1264,train,2,1,1,44.52383798118012,225.17836341842758,0.0,-0.0,70.22237167700686,0.0,-0.13333333333333333,-11.23641631770533
1265,train,1,0,1,165.7293380051657,-593.65870600585,0.0,-0.0,-290.8582209806431,0.0,-1.2000000000000002,0.0
1265,train,1,2,1,190.31960787805986,-859.4599176732863,0.0,0.0,-504.2840069066175,-0.2,-2.0,0.0
1266,validation,0,1,0,315.9385151838265,665.9965729404939,0.0,303.3774061148662,0.0,0.0,0.0,0.0
1266,validation,1,2,1,-169.9719049141541,-566.2507627924788,-0.0,-1012.7931707870388,0.0,-0.0,-0.0,-0.0
1267,train,0,1,0,13.154171060546446,-466.05034135559526,0.0,0.0,0.0,0.0,0.0,-0.0
1267,train,2,1,0,6.948097948489021,70.71744923740516,0.0,0.0,-0.0,3.0,0.0,-0.0
1268,train,0,1,1,105.12102885572278,-470.70079346369585,0.0,0.0,-0.0,0.0,0.0,0.0
1268,train,2,0,0,-178.65365540085344,-24.025053782064788,-0.0,-0.0,0.0,-0.0,-0.0,-0.0
1269,test,0,2,0,1128.705976301941,1859.9292121299804,0.0,-0.0,0.0,0.0,0.0,187.52466076801107
1269,test,1,2,0,147.32832760739586,920.5768205025297,-0.0,0.0,-0.0,0.0,-0.0,96.61512670749573
1270,train,0,2,0,98.29155562453877,-891.1500008518251,0.0,-0.0,6.34256913381148,0.0,0.0,-0.0
1270,train,1,2,0,197.8245570516042,-803.6664333353824,-0.3333333333333333,-0.0,117.11417757491279,0.0,-0.0,-0.0
1271,train,1,0,0,225.32762085736192,738.8339629238326,-0.0,-0.0,146.38490020268569,0.0,1.5,122.85293750269003
1271,train,2,0,0,14.00635418683163,1113.8420054367052,-0.0,0.0,-43.619299549049174,0.0,1.5,0.0
1272,train,1,0,0,-29.9295970688338,-930.1512467721368,0.0,326.9122364397706,0.0,-0.0,-0.0,-0.0
1272,train,2,0,0,-302.84589385967837,-288.5855780310385,-0.0,362.9417698624295,-0.0,-0.0,0.0,0.0
1273,test,1,0,1,311.5072663400831,-612.1819010101881,-1.0,-0.0,-0.0,-0.0,0.0,-0.0
1273,test,1,2,1,205.0360921021536,759.9489026658052,-2.0,0.0,0.0,0.0,0.0,-0.0
1274,test,0,2,0,178.24622497759037,695.9454068721925,0.0,0.0,270.7691268326864,0.0,0.0,0.0
1274,test,2,1,1,-317.6175138756848,-431.8088361862665,0.0,-0.0,-30.3041286631961,-0.0,-0.0,-0.0
1275,train,1,0,0,-244.8688791452904,809.1278023955842,-0.0,210.89460762546304,-27.309906801379498,0.06666666666666667,0.0,48.06991329348711
1275,train,2,0,0,47.86668960773659,1143.106082356779,0.0,520.4774647144667,-18.922967375118017,0.0,0.5333333333333333,69.34569517961964
1276,train,1,0,1,-192.4085115174405,-331.1663187854256,0.14285714285714285,-58.489243087503056,-207.07692901948386,0.38095238095238093,-0.14285714285714285,-69.11317496474231
1276,train,1,2,1,-152.94514908791655,-1298.0182730264933,0.0,-8.966108874891644,-227.49131055797565,0.0,-0.19047619047619047,20.75158700429907
1277,train,0,1,0,743.9822891794347,1054.42154377543,0.0,593.4541679067424,-55.46729189541691,-0.26666666666666666,2.2,0.0
1277,train,1,2,1,81.70713370319118,1173.2095009790737,-0.3333333333333333,-157.6012843287687,16.42792878772155,0.4,-0.4,-0.0
1278,test,0,1,1,-49.37753826348512,-526.4016360147871,0.0,0.0,-0.0,-0.0,0.0,0.0
1278,test,2,0,0,-25.389986360604894,-703.5406708178398,-0.0,-0.0,-0.0,0.0,-0.0,-0.0
1279,test,0,1,0,109.12978034264836,364.6336147316624,0.0,380.4140955940557,0.0,0.0,0.0,107.40071649776849
1279,test,2,1,0,-264.94181052316617,-1201.464377660719,0.0,717.41384530362,-0.0,0.0,-0.0,86.5501386051925
1280,train,0,2,0,-173.64159377305947,252.3556721905743,-0.0,-0.0,811.9241173176242,0.0,-0.3333333333333333,-108.04517436638349
1280,train,2,1,1,-168.89095723538458,-633.7596791382584,0.0,-0.0,-238.0685058388699,0.0,0.5,59.2176883201444
1281,validation,0,1,0,180.76349805963298,904.2762279612552,0.2,0.0,176.57320717632146,-0.3333333333333333,0.0,-24.65978084809523
1281,validation,2,1,0,175.34129959449115,1610.825859932238,0.2,0.0,114.94162312332254,0.3333333333333333,0.26666666666666666,-46.341549811112024
1282,train,2,0,1,-260.79768207172185,-77.55763331391017,0.0,-0.0,-77.37636667049347,-0.6666666666666666,-0.0,-0.0
1282,train,2,1,1,-2.058075032407146,-135.63841467816883,0.0,-0.0,30.540389914626246,-1.3333333333333333,-0.0,-0.0
1283,train,0,1,1,-246.53156561682107,-974.4466526278638,-0.0,34.166383329725114,68.9979987464776,-0.0,0.0,-106.87789543072687
1283,train,0,2,1,-178.66443975776582,227.77340931598428,0.0,169.51591239776872,85.56601502105991,-0.0,-0.8999999999999999,-120.2129816734839
1284,train,1,0,0,267.4677703611477,806.2648399085956,0.0,0.0,-0.0,0.6666666666666666,0.0,0.0
1284,train,2,0,0,-174.01130071262844,-369.2364794144196,0.0,0.0,-0.0,0.6666666666666666,0.0,-0.0
1285,validation,0,1,0,164.36321633898524,246.10438657066152,1.0,-0.0,0.0,0.0,-0.3333333333333333,171.64276958125325
1285,validation,2,1,0,73.33730854910141,-303.0053740927633,0.5,-0.0,-0.0,0.0,1.6666666666666665,16.125440727246104
1286,train,1,0,1,-652.8063718535362,-1917.1563825879311,0.0,-0.0,-0.0,0.0,-0.0,-0.0
1286,train,1,2,1,-372.79190340627645,-1861.1529825276793,-0.0,-0.0,0.0,0.0,0.0,-0.0
1287,train,1,0,0,-5.980789676068298,774.0685137819446,0.0,-64.4741807233113,177.7020631126608,-0.19047619047619047,-0.5714285714285714,-25.98339069747464
1287,train,0,2,1,-226.06024104818528,-539.1886315130087,-0.14285714285714285,-9.51663960981629,84.40230955742182,0.19047619047619047,-0.8571428571428571,10.940332316250183
1288,train,0,1,1,128.05080867231902,-3669.4806119069635,-0.0,0.0,-0.0,0.0,-5.0,-0.0
1288,train,2,0,0,-175.71237338646824,137.74135616439162,0.0,-0.0,-0.0,0.0,2.0,0.0
1289,train,0,1,1,-447.77329850588933,-197.21857672228543,-0.0,0.0,-0.0,0.0,-0.0,-0.0
1289,train,2,0,0,369.32625405343686,391.26963160158175,0.0,-0.0,0.0,-0.0,0.0,0.0
1290,train,0,1,0,165.2105189721675,-266.8983874706728,-0.16666666666666666,-0.0,244.1264383394826,0.0,2.0,0.0
1290,train,1,2,1,-8.473629054988464,1530.9213003995046,0.0,0.0,38.32285454925814,-0.0,-1.5,-0.0
1291,test,0,2,0,171.70374709908873,257.6166251364316,0.0,0.0,-0.0,0.0,-0.0,-90.2526577358545
1291,test,1,2,0,106.78354395092754,101.17993682525776,0.0,-0.0,0.0,0.0,0.0,109.89506172623298
1292,validation,2,0,1,-58.53393056522236,180.24944509248053,-1.0,404.41870533311294,-0.0,0.0,-1.3333333333333333,0.0
1292,validation,2,1,1,52.89850916706678,466.486914010864,-1.3333333333333333,335.030985381331,0.0,0.0,-0.8333333333333333,0.0
1293,train,2,0,1,97.40067335378706,-227.72105781120285,0.0,-250.4407011473778,0.0,0.0,0.0,-20.5863371089833
1293,train,1,2,0,-149.28243201704666,0.0,0.1,308.955833260767,0.0,0.0,0.2,-0.08951375646794874
1294,train,2,0,1,-606.0482828400043,-2001.4791915841815,-0.0,-0.0,-0.0,0.0,0.0,-0.0
1294,train,2,1,1,-314.8337930984456,-2021.1981954246357,-0.0,-0.0,0.0,0.0,0.0,-0.0
1295,validation,1,0,1,-337.1452205680291,285.1667375780462,0.0,-721.7183771838038,-175.36019548982804,-0.0,0.0,-0.0
1295,validation,1,2,1,148.94692252267453,20.356182151386747,0.0,-304.0004085055571,-689.1927069004256,0.0,0.0,-0.0
1296,test,0,1,0,342.64194685067645,1313.7294240325627,0.0,-122.1500377764196,57.40419141395399,0.0,0.0,0.0
1296,test,1,2,1,166.92006505970022,142.4718456947012,0.0,-480.42975069281476,-54.47541329028698,-0.0,0.3333333333333333,-0.0
1297,train,0,2,0,-140.88592227021286,-841.8560327876435,0.0,0.0,-0.0,0.0,0.0,0.0
1297,train,1,2,0,85.68079466536693,350.83829937901464,0.0,-0.0,-0.0,0.0,0.0,0.0
1298,train,1,0,1,174.69007255372782,-180.0770524318009,0.0,-0.0,-0.0,0.0,0.0,-0.0
1298,train,2,1,0,-221.09009257142156,330.07186746364096,-0.0,0.0,-0.0,-0.0,-0.0,0.0
1299,train,2,0,1,-189.91256078474333,-495.81093258586907,0.0,-0.0,0.0,0.0,-0.0,-0.0
1299,train,2,1,1,-340.5572521313358,-1222.785551798253,0.0,-0.0,-0.0,-0.0,0.0,-0.0
1300,train,2,0,1,-408.5729409563416,-1325.1773846315132,-0.6666666666666666,-0.0,0.0,-0.0,-0.6666666666666666,-0.0
1300,train,1,2,0,395.31979427469986,2086.172459985904,0.0,-0.0,-0.0,0.0,1.3333333333333333,0.0
1301,train,1,0,1,-50.77064777166879,-852.3807248208805,0.2857142857142857,18.869374522637795,-109.4964090280032,0.0,-0.2857142857142857,-143.47645661875524
1301,train,2,1,0,47.84116637665505,-266.11963210664317,-0.8571428571428571,-12.831295177565087,1.4029917538422052,0.0,0.19047619047619047,20.78850545445753
1302,train,1,0,0,142.62109397968277,-292.2286578677458,0.0,274.7194922972065,-161.610452553532,-0.0,-0.0,0.0
1302,train,2,0,0,-75.84038991453207,286.8990364223155,0.0,1044.53749953868,-213.33647719627402,-0.0,0.0,0.0
1303,train,2,0,1,101.43641114115076,1394.535035235609,0.0,0.0,-0.0,-0.0,-0.0,-0.0
1303,train,1,2,0,455.20058414608275,-302.5774443510136,0.0,-0.0,0.0,0.0,-0.0,0.0
1304,train,1,0,1,-253.246003916071,-734.7048021233927,-0.6,0.0,-32.77873384173302,0.4,-0.0,7.607254317871832
1304,train,1,2,1,-131.62006711709148,-970.3872194914825,-0.3,0.0,-47.31246249131789,0.4,-0.0,-6.6805883043903584
1305,train,1,0,1,-299.0615244743582,-113.98686448130957,0.0,0.0,107.27621350641974,0.0,-0.8999999999999999,0.0
1305,train,1,2,1,-140.95566026617723,228.45489880551486,0.0,0.0,-9.04618342624408,0.8,-1.5,0.0
1306,test,1,0,0,523.3321833092677,975.376674246686,0.3333333333333333,-10.752609591665987,0.0,1.0,-0.0,0.0
1306,test,0,2,1,-378.5810834874719,-2657.7880773468196,-0.5,130.48051021449584,0.0,-1.0,-0.0,-0.0
1307,train,2,0,1,86.32666836200053,-160.42642394102586,-0.19047619047619047,-106.55812349715093,-31.503566917740635,-0.47619047619047616,0.3333333333333333,-16.83571404053205
1307,train,2,1,1,-132.59174782290245,-403.47130805340294,-0.19047619047619047,-7.901533860003934,-41.60062401612686,-0.23809523809523808,0.2857142857142857,-43.87376413110867
1308,train,1,0,1,-63.841430437105885,0.0,0.0,-0.0,-0.0,0.0,-0.0,0.0
1308,train,2,1,0,41.685066756000055,63.008520587382236,0.0,0.0,-0.0,-0.0,-0.0,0.0
1309,train,0,1,1,-34.57531741372236,272.0029119982423,-0.2,-482.8736272309825,-39.022697261352086,0.0,0.3,0.0
1309,train,2,0,0,212.59656262814497,994.2335607086579,0.2,760.8900965181733,46.913316340102504,-0.0,1.2,-0.0
1310,train,1,0,1,26.895969622968607,-331.932493857822,0.0,0.0,0.0,0.0,0.0,-0.0
1310,train,1,2,1,102.67377569601842,1154.6386403746938,0.0,0.0,0.0,0.0,0.0,0.0
1311,train,2,0,1,-219.93907440561196,-1635.042236855846,0.0,-0.0,-0.0,0.0,-0.3333333333333333,-102.729558489124
1311,train,2,1,1,-81.92110113771025,-1134.0651612910424,-0.0,0.0,-0.0,-0.0,-0.6666666666666666,-169.48725142947018
1312,validation,0,2,0,342.4321778416762,2611.204435465392,0.0,85.30118383432227,62.02310655290409,0.0,0.7142857142857142,0.0
1312,validation,2,1,1,-128.4375078022498,-260.31402155473506,-0.19047619047619047,-5.477942902861275,-84.52214920915902,-1.4285714285714284,0.0,-83.51636063267634
1313,train,2,0,1,-163.90116465010294,-148.83699326968508,0.0,-0.0,-0.0,0.0,-0.0,-153.3890591536557
1313,train,2,1,1,-851.5483894262246,-843.3651522572836,0.0,-0.0,-0.0,0.0,-0.0,-98.28835645314041
1314,train,2,0,1,-1.765347750800629,-1265.1209329085204,-0.0,0.0,0.0,0.0,-4.0,0.0
1314,train,2,1,1,-29.639061977413576,-1174.3460250873177,0.0,-0.0,0.0,0.0,-1.0,-0.0
1315,train,1,0,0,156.6010831549404,1776.0567053615987,0.0,0.0,-0.0,-0.0,0.0,-0.0
1315,train,2,0,0,972.3747182083245,-142.0624094971863,0.0,0.0,0.0,0.0,-0.0,-0.0
1316,train,1,0,1,-430.91494671851365,516.4645477385602,0.0,0.0,-0.0,-0.0,0.0,0.0
1316,train,1,2,1,-459.05399051545123,149.3926177594185,-0.0,0.0,-0.0,-0.0,-0.0,0.0
1317,validation,1,0,1,-34.8719106583427,2.289095440115034,-0.0,0.0,0.0,0.0,-3.0,0.0
1317,validation,1,2,1,56.955953242326416,-219.49497049680167,0.0,0.0,0.0,0.0,-3.0,0.0
1318,train,0,2,0,717.0051058531072,2295.2243866761974,0.0,-9.739492254096149,314.22025890060036,0.19047619047619047,0.0,43.214319616108284
1318,train,2,1,1,-519.2413680413039,-1968.3036422285732,0.0,-587.8493636542144,-430.0958753377845,-0.38095238095238093,-0.09523809523809523,-24.41355507215108
1319,train,0,1,1,231.90381672150545,-790.3877563472888,0.0,-0.0,0.0,-0.0,0.0,0.0
1319,train,2,0,0,-56.081047739552105,3499.2801372274726,0.0,0.0,0.0,-0.0,10.0,0.0
1320,train,0,2,0,-58.960378198533306,-370.3131208516902,0.0,0.0,273.2779010153419,0.3333333333333333,0.0,0.0
1320,train,1,2,0,-32.19145236461793,-1.6283047365909624,0.0,0.0,-3.0771605622977916,0.16666666666666666,-0.3333333333333333,0.0
1321,train,1,0,0,201.04221580134345,330.6151481345796,-0.0,498.3509708672,0.0,1.0,0.0,-21.820698452807022
1321,train,0,2,1,-49.53887856833467,-310.39430373667983,-0.0,268.35532588487735,-0.0,0.0,-0.0,-13.23940476476156
1322,train,0,1,0,203.5372537797817,776.6862434699124,0.3,0.0,29.18182845550878,0.0,0.0,-44.27545615919007
1322,train,1,2,1,-116.88751394210996,-360.1538368251313,0.0,-0.0,19.05682387158123,-0.1,-0.0,13.419714433392727
1323,train,0,1,1,102.4385581873488,409.36576363840913,0.0,-2.0406311415035816,-179.27022298035334,0.047619047619047616,0.47619047619047616,41.24431954106616
1323,train,0,2,1,92.86645817430679,-651.7026624651348,-0.2857142857142857,18.85777630566609,-125.86473707550802,0.0,0.0,6.699971322094197
1324,train,0,1,1,187.8596188794346,-300.87890100020286,-0.0,-9.806132845388106,67.03374288775572,-0.1,-0.8999999999999999,-0.0
1324,train,2,0,0,189.9561596946063,2610.9030993488313,0.0,567.1334071521281,514.6649420647024,0.2,1.2,0.0
1325,train,1,0,0,-213.9078382628703,-779.7561226767502,0.0,337.2753472728313,170.90227947243798,0.1,-0.6,0.0
1325,train,0,2,1,-562.0691495627466,-1239.2188492899877,-0.0,-319.1158791391603,-183.88865129150793,-0.1,0.3,0.0
1326,validation,0,2,0,17.22281567630887,996.6267313102062,1.3333333333333333,-0.0,1.1564562679008454,0.0,0.0,-0.0
1326,validation,2,1,1,-441.07089261586816,-806.0486646914505,-1.3333333333333333,0.0,41.266726521588225,0.0,-0.0,0.0
1327,train,0,1,1,-80.8293048102903,-1318.8440821632666,-7.0,-0.0,0.0,-0.0,-0.0,-0.0
1327,train,2,0,0,-125.01725087564137,754.8687248622864,4.0,-0.0,0.0,0.0,0.0,0.0
1328,train,1,0,1,77.56488550435643,1943.0113031724336,0.0,-17.835589215889218,-170.91865526403288,-0.47619047619047616,0.047619047619047616,-56.61731331434024
1328,train,2,1,0,-134.19962921735817,-217.885436890434,-0.19047619047619047,-98.53987523791069,165.66491964018837,0.0,0.09523809523809523,75.97998291660555
1329,train,0,2,0,213.92694641104947,1338.1188117040028,0.0,-0.0,0.0,-0.0,0.0,0.0
1329,train,1,2,0,32.20943877973116,1505.4121809458866,0.0,-0.0,0.0,-0.0,0.0,0.0
1330,train,1,0,0,-20.416559816585732,209.21987005731626,0.0,199.8322168047562,21.067867346865633,-0.09523809523809523,-0.9523809523809523,72.41985170460437
1330,train,0,2,1,-264.15677998686385,-2267.1049555071386,0.0,-143.15844847471465,-232.72073823156356,-0.09523809523809523,-1.3333333333333333,-56.12263571606019
1331,train,0,1,1,-317.6023235994228,-321.99145996932066,0.0,-0.0,-0.0,-0.0,0.0,-0.0
1331,train,0,2,1,-304.1001784758064,-150.61435585824393,-1.0,0.0,-0.0,0.0,0.0,-0.0
1332,test,0,2,0,251.503941668682,524.4710945666511,0.0,0.0,361.0105176565336,-0.0,-0.0,-0.0
1332,test,2,1,1,5.306642945886836,644.6038712789009,-0.0,-0.0,-217.88166392070582,0.0,0.0,0.0
1333,train,2,0,1,-656.5929613242065,279.67940264699337,0.6,32.36682600226818,-0.0,-0.2,0.0,-116.28830124127136
1333,train,1,2,0,89.63749055196826,474.6103758290237,-0.6,230.0597769594069,0.0,0.1,-0.0,-74.66633304352656
1334,validation,2,0,1,-760.0250208441649,-199.4492145967206,0.0,-317.18065674265154,0.0,0.0,0.0,-0.0
1334,validation,2,1,1,-424.45781049728373,-181.4268334324106,0.0,-558.6197800168395,-0.0,-0.0,0.0,0.0
1335,test,1,0,1,-323.40540095374104,-959.5692493831166,0.09523809523809523,404.3901288803698,31.09952216467834,-0.23809523809523808,-2.8571428571428568,88.8024210478615
1335,test,2,1,0,415.9200770950457,-32.57893638020505,-0.09523809523809523,-139.60897271923918,-30.43448822030435,-0.23809523809523808,1.1428571428571428,81.03396562509575
1336,test,0,2,0,36.985499074368704,-585.1849235236086,0.0,-0.0,1540.34530947496,0.0,-0.0,0.0
1336,test,1,2,0,153.9732979772241,874.9352054046512,0.0,-0.0,2160.0639809764098,0.0,-0.0,0.0
1337,test,0,1,1,40.79917359162039,439.3869940504369,-0.0,-0.0,179.80459362718858,-0.16666666666666666,-1.5,0.0
1337,test,2,0,0,108.92147236647145,-365.29233154481744,0.0,-0.0,-235.42080161444414,0.0,2.5,0.0
1338,train,2,0,1,-267.7806145376244,516.6489478064682,0.0,-0.0,0.0,-0.0,-0.0,0.0
1338,train,2,1,1,-424.31966097601014,178.51226733292424,0.0,-0.0,0.0,0.0,-0.0,-0.0
1339,validation,0,2,0,301.5571485818331,1546.8251984257613,-0.047619047619047616,-153.41237674816298,156.3724376876346,0.0,0.38095238095238093,52.67654334027557
1339,validation,1,2,0,370.28612507986236,1477.9398553884066,-0.047619047619047616,46.628856489883376,-83.39720468506569,0.2857142857142857,0.19047619047619047,82.05564769001991
1340,train,0,1,1,-377.43165967458015,-224.39020785453067,0.0,-253.2014916453706,-3.8033252140235314,0.0,-0.8,-46.47254383448883
1340,train,0,2,1,-164.41124236155645,70.49953865774751,-0.06666666666666667,-359.0249445322089,-153.82600743837335,0.0,0.5333333333333333,-72.53016841114368
1341,validation,0,1,1,208.64339825970012,392.9437219040892,-0.0,-143.39675491241883,-988.6236286640179,0.3333333333333333,0.0,0.0
1341,validation,2,0,0,-454.01239603748127,-1128.4244312610072,0.0,575.0564147695294,118.43708892037947,-0.3333333333333333,-0.0,-0.0
1342,train,1,0,0,40.403208344567304,127.35848813750545,-0.14285714285714285,-107.84856857773761,-8.766754678568905,0.0,-0.2857142857142857,0.4891383010089119
1342,train,2,0,0,99.19533977325699,169.24097825098124,-0.2857142857142857,-17.527824820507206,-53.63623716995736,0.0,0.8571428571428571,7.533773672021797
1343,train,0,1,0,65.19516448556698,-875.862933268309,0.0,-0.0,0.0,-0.0,2.6666666666666665,-0.0
1343,train,2,1,0,192.97531396005496,-308.80253096926936,0.0,0.0,0.0,-0.0,2.0,-0.0
1344,test,1,0,0,-192.36317986788833,-347.7825797277592,0.3333333333333333,291.3903507954657,-234.10368194927787,0.0,0.2,52.05380854818808
1344,test,0,2,1,114.7876039497304,308.5084256529617,-0.6666666666666666,-474.1544951746245,106.77953971831636,0.0,0.06666666666666667,-45.733919428777895
1345,train,1,0,1,-54.493709477937045,-1146.6552983278452,-0.0,-0.0,0.0,0.0,0.0,0.0
1345,train,1,2,1,50.00993870118202,-602.9885555506835,-0.0,-0.0,0.0,0.0,-0.0,-0.0
1346,train,1,0,1,-13.304701816624629,-129.4190949991248,0.0,0.0,-0.0,-1.0,-0.0,-0.0
1346,train,2,1,0,-101.22292778445791,54.35717116880369,-0.0,0.0,0.0,1.0,-0.0,0.0
1347,train,0,2,0,3.151991197827215,464.12762421550906,-0.2857142857142857,31.905703509494092,55.57324208044908,0.09523809523809523,-0.14285714285714285,1.3254839962521465
1347,train,1,2,0,352.12763599238053,1890.4818934568011,0.5714285714285714,-93.09740210429717,211.13781791532676,0.19047619047619047,0.42857142857142855,-5.445974065915569
1348,test,1,0,0,-155.68797708285763,117.89736151690659,0.0,-0.0,722.5761879342853,0.0,-0.0,-0.0
1348,test,2,0,0,-134.93273084721227,367.51326006556565,0.0,-0.0,487.17731688419974,0.0,0.0,0.0
1349,train,0,1,1,-274.4512348370802,-2434.806147779748,0.0,-450.8022069741788,-0.0,-0.5,-0.0,-27.072301514748183
1349,train,0,2,1,-411.1426026357339,-1904.3202637757308,0.0,-517.350942579273,-0.0,-1.0,-0.0,34.578385481335104
1350,train,1,0,0,168.57556816276758,-358.72171333937786,-0.0,-0.0,1097.6348332611094,-0.0,-0.0,0.0
1350,train,0,2,1,3.3816230085434427,530.5305731888498,0.0,0.0,-437.77794902574067,0.0,-0.0,-0.0
1351,train,0,1,1,-127.90250310334307,-1334.9342495740075,-0.0,-0.0,0.0,0.0,0.0,-0.0
1351,train,2,0,0,317.001693267444,-16.39231673937047,-0.0,0.0,-0.0,-0.0,-0.0,-0.0
1352,test,1,0,1,51.63513599772705,437.77974771685695,-0.13333333333333333,-245.60036329341807,-44.913564686670234,0.0,0.0,13.723988696625353
1352,test,1,2,1,256.4539119938522,325.6268461096615,-0.06666666666666667,-504.3184452316957,-20.08216164403529,0.0,0.4,77.59663138748112
1353,train,0,2,0,435.79261879586755,421.9662992773001,0.26666666666666666,-6.485611406928456,-10.435199446549404,0.0,0.0,6.739493600382266
1353,train,2,1,1,27.358735853188023,608.5317495758254,0.0,80.65318495025227,-51.81240090072029,0.0,0.0,-169.62901930316576
1354,test,2,0,1,-435.6359965478847,668.7329816035681,-0.3333333333333333,-754.8032126272283,0.0,0.3333333333333333,-0.0,-0.0
1354,test,1,2,0,-31.684210334781994,-1101.3091889856032,0.0,891.6747755054732,-0.0,-0.3333333333333333,0.0,0.0
1355,test,1,0,1,19.019075520095498,-630.5917540352257,-0.47619047619047616,-198.29871058279028,54.479267122329226,0.0,-0.19047619047619047,24.350505840577185
1355,test,1,2,1,-749.0019122921469,-2682.9775387413574,-0.23809523809523808,-360.0030621912409,-12.541890010434198,0.2857142857142857,0.5714285714285714,-34.99319870310478
1356,test,0,2,0,-505.70833574039443,1625.6951701940743,0.0,827.713301875043,0.0,0.0,0.6000000000000001,-25.774251122145404
1356,test,2,1,1,-153.27339010237233,-37.74455664264224,0.0,-297.68439616885445,0.0,-0.1,-0.4,-30.642157724590913
1357,validation,0,1,0,69.38210082337287,700.2584486321975,0.0,-18.905850925939195,114.97902203296576,0.0,-0.2,39.26749986465999
1357,validation,2,1,0,301.3351417616438,386.30344519169194,0.0,101.22450463137268,37.59193568294682,0.0,0.0,96.4453071703341
1358,train,0,1,0,85.7194606275462,504.9598900677024,0.0,27.03398910165438,27.811611655426713,0.0,-1.0,0.0
1358,train,1,2,1,-161.75304486668904,-301.22384855500786,0.0,-45.672365962023065,-71.5308147738139,-0.06666666666666667,1.3333333333333333,0.0
1359,train,2,0,1,-72.5645117816677,-42.65143634595188,0.0,219.97153618562876,32.29469032559012,0.0,0.0,-47.15461969607421
1359,train,2,1,1,-142.04237258233655,-422.70544627244453,0.0,236.03386527774217,-46.08583210534207,0.0,-0.0,-36.83816685096364
1360,train,0,2,0,-195.0821207242518,-1440.2638073203398,1.3333333333333333,401.3877458145711,0.0,0.0,-0.0,0.0
1360,train,1,2,0,72.66194995144167,-2220.82551254626,0.0,27.50839498292013,0.0,-0.0,0.0,0.0
1361,test,0,1,0,120.47533106460554,551.5527723168811,0.5,60.01828578762028,0.0,0.0,0.6666666666666666,0.0
1361,test,1,2,1,-252.44689289719616,-586.4341008435399,-0.5,42.11775441289967,-0.0,-0.0,0.6666666666666666,0.0
1362,validation,2,0,1,-250.68036358234224,-108.50597456672676,-0.0,0.0,-0.0,-0.0,-1.0,0.0
1362,validation,1,2,0,-60.584625945924586,-1463.8425163361153,-0.0,-0.0,-0.0,0.0,1.0,-0.0
1363,train,0,1,0,1039.8162212235916,315.2829342712239,-1.3333333333333333,0.0,-0.0,-0.0,2.0,-0.0
1363,train,1,2,1,-640.0320172043248,-1080.8352212657092,1.3333333333333333,-0.0,0.0,0.0,-3.333333333333333,0.0
1364,train,1,0,1,194.941167311237,-785.1517786239747,-1.0,-0.0,-0.0,0.0,-0.0,0.0
1364,train,1,2,1,74.97795539969434,-1279.8556022435414,-1.0,-0.0,-0.0,0.0,-0.0,0.0
1365,train,2,0,1,-405.1449070411645,-2405.954099000618,0.0,-0.0,-0.0,0.0,-0.0,-0.0
1365,train,2,1,1,-112.2322798101369,1750.0446649997284,0.0,-0.0,0.0,0.0,0.0,-0.0
1366,validation,0,1,0,118.8988607127655,146.7019536362959,0.0,-0.0,0.0,0.0,-0.0,-0.0
1366,validation,1,2,1,-4.729329062467457,105.68029494058874,-0.0,0.0,-0.0,0.0,0.0,0.0
1367,train,1,0,0,117.09711424956186,-664.3208263614797,0.14285714285714285,-284.78225717586577,19.974594140841077,0.38095238095238093,-0.23809523809523808,-187.01804902456527
1367,train,0,2,1,-314.0375677657778,214.853081678958,-0.047619047619047616,-329.2895368618058,-14.994117954723675,0.0,-0.47619047619047616,79.70576455461578
1368,train,1,0,1,78.4832406679734,151.39861263752164,-1.2000000000000002,-0.0,-43.834572406159246,0.0,-0.1,21.96795277294839
1368,train,1,2,1,-40.378689952668935,107.82549016770918,0.0,-0.0,40.79107451010271,0.0,-0.5,9.004132662220588
1369,train,0,1,1,286.07352536389834,1132.4562905959847,-0.0,-0.0,0.0,0.0,0.0,-0.0
1369,train,2,0,0,-191.81076655330958,-755.9550671057063,0.0,-0.0,-0.0,0.0,-0.0,-0.0
1370,test,2,0,1,-307.5625522140931,-639.3334552211281,-0.0,-0.0,-145.2621044623474,-0.0,-2.0,0.0
1370,test,1,2,0,382.3271546329271,1493.2494119267621,0.0,0.0,-122.70403909505751,-0.0,1.6666666666666665,0.0
1371,train,0,1,0,-232.75379711646121,-71.48599574180389,-0.0,-314.86488208918485,131.0908069031105,0.0,0.0,-45.69187561890286
1371,train,1,2,1,176.76588143098257,604.2286534484219,0.0,127.72286441024758,-302.9450406013131,0.0,0.0,77.74098534673467
1372,train,0,1,1,-170.61337275317874,5.189210540243039,0.0,78.47586426594883,-0.0,-1.3333333333333333,-0.0,-0.0
1372,train,0,2,1,-420.04784534259954,-1369.3181836140056,-0.0,39.76066241064132,-0.0,-0.6666666666666666,-0.0,0.0
1373,train,1,0,0,130.12292524169777,-72.83813555200459,0.0,380.4376423685879,278.8639826979019,-0.0,-0.16666666666666666,-0.0
1373,train,2,0,0,357.7696508891214,636.0176687110643,0.0,367.02797235150376,251.41442810019288,-0.0,0.16666666666666666,0.0
1374,validation,1,0,0,148.94377932102577,282.15730789811505,0.0,-108.47546466773599,14.432110513035003,0.0,0.3333333333333333,0.0
1374,validation,0,2,1,-166.80789297148618,-52.11178104505461,-0.0,154.3756219509949,-0.3824764231142126,0.0,-0.3333333333333333,-0.0
1375,test,0,1,0,-33.57860408568399,151.83534501505392,-0.047619047619047616,27.663411472288963,66.29948794771603,0.23809523809523808,-0.2857142857142857,-6.919637619831795
1375,test,2,1,0,-147.97043854196727,-566.1009490410734,-0.047619047619047616,107.72596980571899,88.76554453628228,0.47619047619047616,-0.09523809523809523,-43.113850818995594
1376,train,0,1,0,47.90166264309579,-175.39946024292703,0.0,-235.35728570288768,-0.0,-0.0,-0.0,-0.0
1376,train,1,2,1,9.299405206320216,7.44501642030491,-0.0,-773.435517214685,0.0,0.0,0.0,0.0
1377,test,0,1,1,-236.0895864285547,130.0691608119564,0.0,68.60405763860605,0.0,0.1,0.0,-34.93470637447164
1377,test,0,2,1,-31.269926965899742,-88.25016079256238,-0.4,164.47754772998547,0.0,0.0,0.0,12.689768290643206
1378,validation,0,1,1,187.56929187166276,484.63155071288384,0.0,-0.0,0.0,0.0,-0.0,20.506269825821555
1378,validation,0,2,1,28.901387596858115,-639.653390230797,-0.0,0.0,0.0,0.6666666666666666,-0.0,-125.23441828292756
1379,train,0,1,1,-60.01359008889722,-1680.702186196857,0.0,-0.0,-0.0,-1.0,-0.0,-0.0
1379,train,0,2,1,179.79561105233518,-1095.411074028034,0.0,-0.0,-0.0,-4.0,0.0,0.0
1380,validation,0,2,0,586.5728868649472,1046.6169875479409,0.0,0.0,0.0,0.0,7.333333333333333,0.0
1380,validation,1,2,0,541.0207644606343,1034.410738949493,0.3333333333333333,0.0,-0.0,0.0,5.333333333333333,0.0
1381,validation,0,2,0,693.0722817565685,2941.9036612135733,-0.2,417.8745960785678,-0.0,-0.6666666666666666,0.4,-8.125715974422182
1381,validation,2,1,1,-355.7197704293044,-1044.3345027964451,0.0,122.02033687626663,0.0,0.0,-0.6666666666666666,2.6019351361052374
1382,validation,1,0,1,-133.57927743578728,-1147.6951985269961,0.0,-295.49700873660174,-41.251147476821494,-0.2857142857142857,0.2857142857142857,0.0
1382,validation,2,1,0,59.76682964656493,729.5441585418184,0.38095238095238093,322.19064540790333,142.60460903031634,0.14285714285714285,-0.19047619047619047,2.4861080997257843
1383,test,1,0,1,60.22135301457877,234.61544628220327,0.0,-0.0,0.0,0.0,0.0,-0.0
1383,test,1,2,1,118.4476489606617,12.464961635689633,0.0,-0.0,0.0,-0.0,0.0,0.0
1384,validation,0,1,1,-152.99283687472834,75.9807103945891,0.5,-74.25858458535386,0.0,-0.16666666666666666,0.0,-0.0
1384,validation,0,2,1,-420.54635971016705,-1091.47751837358,0.0,-159.23665383049368,-0.0,-0.3333333333333333,-0.0,-0.0
1385,train,0,1,0,-5.865133497809438,-535.048010842741,0.0,0.0,0.0,-0.0,-0.0,0.0
1385,train,2,1,0,-153.12827772738842,1117.66328714081,0.0,0.0,0.0,-0.0,-0.0,-0.0
1386,train,2,0,1,-277.7131308151295,-46.44838119636279,0.0,-30.424749568169002,12.76771177023204,0.23809523809523808,-0.14285714285714285,-2.4179335922929437
1386,train,1,2,0,58.05549444246475,672.5475708799186,0.0,36.51768089365562,13.762310060655391,0.23809523809523808,0.42857142857142855,33.31404287897549
1387,train,2,0,1,69.49950218684455,-243.5282909141015,-0.0,-513.8493896890994,-24.751187210399483,0.0,0.1,0.8021945442403876
1387,train,1,2,0,21.754368892208504,403.85430404462613,0.0,154.99866681815843,35.473569461269435,-0.0,0.0,19.97881484391205
1388,train,0,2,0,-48.28480577923659,150.14938593705028,1.0,0.0,0.0,-0.0,0.0,-0.0
1388,train,1,2,0,-43.22068648291952,149.98010943237068,1.0,-0.0,0.0,-0.0,0.0,-0.0
1389,test,1,0,1,596.7263017833641,-1430.333109054709,-0.0,150.56069620542416,-994.2421746326805,0.0,-1.6666666666666665,-0.0
1389,test,1,2,1,620.7725034503924,1081.0199517561414,-0.0,-126.60341841516666,-657.7665706247002,0.0,-1.0,-0.0
1390,train,1,0,0,160.18971509946016,276.8607001767614,2.0,0.0,0.0,0.0,0.0,0.0
1390,train,2,0,0,29.466901603610154,-139.7868510775388,2.0,-0.0,-0.0,0.0,-0.0,0.0
1391,train,1,0,0,79.46724534664463,131.00602135285953,-0.0,-0.0,0.0,0.0,0.0,-0.0
1391,train,2,0,0,-88.56794876571976,-261.3964451122815,0.0,-0.0,-0.0,0.0,-0.0,-0.0
1392,train,0,1,1,-312.1674701227596,-1422.226468533323,0.0,-0.0,0.0,-0.0,-0.0,-0.0
1392,train,0,2,1,287.532208058625,-419.9219071571488,0.0,-0.0,0.0,-0.0,-0.0,0.0
1393,train,0,2,0,78.02664981723206,1405.291742881645,0.0,0.0,0.0,-0.0,0.0,-0.0
1393,train,2,1,1,-59.937236329904295,-1041.7926422777268,-0.0,-0.0,-0.0,0.0,-0.0,-0.0
1394,train,1,0,1,-822.9405900482228,-1704.366976203206,-0.4,-599.6165300292689,-19.058137806689196,0.0,-0.8,0.0
1394,train,1,2,1,-355.5743236468844,658.5620538616613,-0.4,-86.63814185027928,-330.7467527393651,-0.13333333333333333,0.8,-0.0
1395,test,0,1,1,-945.3371150206458,-2365.2017532461177,-0.2,-790.4238429116283,-0.0,-0.0,-0.2,-141.81281085775962
1395,test,0,2,1,-232.5993497774503,-1396.0506268937106,-0.4,-300.01873752046833,-0.0,-0.0,0.1,36.45581869004428
1396,validation,1,0,0,518.8532214710202,395.4716697142021,0.0,-19.098079495897718,9.024439595826548,0.6,1.2000000000000002,-0.0
1396,validation,2,0,0,73.66684689065721,-797.3055403991593,-0.0,-39.19798737658721,103.7006492703338,1.2,1.6,-0.0
1397,test,2,0,1,107.29262331165262,-309.35015061074773,-0.0,-0.0,-518.5939793066568,-0.0,0.0,0.0
1397,test,2,1,1,243.0396661166373,-83.58703407688336,-0.0,-0.0,-477.61175037468763,-0.0,0.0,0.0
1398,validation,0,1,0,-57.49733742230609,-178.5982132748527,0.0,0.0,-23.07735802250952,0.0,-0.0,81.11199620735061
1398,validation,2,1,0,-25.56562685949757,-17.027802851699107,-0.0,0.0,-95.38249099572893,0.0,-0.0,6.044662298965912
1399,train,1,0,1,224.08168407397875,1665.8958359246085,0.09523809523809523,-120.37763070159326,3.8215046291147754,0.0,-0.2857142857142857,42.48443790911687
1399,train,2,1,0,-157.91422402728665,-189.43691539601787,0.0,106.63960998833105,8.408238391283275,0.0,0.2857142857142857,71.48713663145936
1400,train,0,2,0,-556.5941951707559,-2694.6833514835835,-0.047619047619047616,186.19997822187648,185.44324559694263,-0.2857142857142857,-0.7142857142857142,57.893338473525674
1400,train,2,1,1,-169.88921346526058,1507.8036840134664,0.047619047619047616,-401.9543982837077,-10.85612369403345,-0.14285714285714285,0.7142857142857142,-89.39359490544163
1401,train,0,2,0,231.2204372529011,604.3894679198092,0.0,-101.15352157456921,125.35603325123041,0.13333333333333333,-1.0,-92.38973951414441
1401,train,2,1,1,85.53700890101072,-359.15438405229634,-0.0,122.06854763312379,-63.50264077967767,0.0,-1.3333333333333333,25.218459206493268
1402,validation,0,1,1,42.06132798345709,29.701831326938645,-0.23809523809523808,-3.447003760173732,-88.71348354510454,0.0,-0.19047619047619047,-6.962588439739335
1402,validation,0,2,1,-338.2432299050211,-429.13745549364467,-0.47619047619047616,16.59981080990349,-85.65017171072371,0.0,0.09523809523809523,-11.486756515710887
1403,train,0,2,0,52.46144111984154,-1408.9436961979727,-0.0,0.0,-0.0,0.0,-0.0,-0.0
1403,train,1,2,0,215.8406602630398,-982.4723914850392,0.0,-0.0,-0.0,0.0,-0.0,-0.0
1404,validation,0,1,0,18.156176258228413,-1037.6429763545725,0.0,292.9136145497038,0.0,-0.0,-0.0,-13.172700349183303
1404,validation,2,1,0,-11.893909528277902,-1013.012233939327,0.0,-221.042108045458,0.0,-0.0,-0.0,176.7295542204481
1405,train,0,1,1,-196.36478339046874,-453.5599744877104,0.0,-0.0,-0.0,0.0,-0.5,-47.3348641150501
1405,train,2,0,0,17.566552336107122,136.7115288572811,0.0,0.0,0.0,0.3333333333333333,0.5,0.0
1406,train,2,0,1,-190.45578197549105,-96.27853327963476,-0.38095238095238093,-47.92811642802364,18.644438735368468,-0.23809523809523808,-0.5714285714285714,-2.8986466191581286
1406,train,2,1,1,-63.55008320142542,250.44948964718606,-0.38095238095238093,-16.022351262809917,-262.78938560522556,0.0,-0.5714285714285714,0.0
1407,train,0,1,1,-113.75680773719489,-367.42400394925926,-0.3333333333333333,143.71222099159542,0.0,0.0,-1.0,-0.0
1407,train,0,2,1,-442.0714164037224,-969.9525698541361,-0.5,-456.0752855688015,0.0,0.0,-0.5,-0.0
1408,train,1,0,0,358.28607181445403,426.1389812783509,-0.2,153.23506379265592,-5.026051870410791,0.26666666666666666,0.0,45.53218074276285
1408,train,0,2,1,-68.02230569597936,-1275.9688067338548,0.2,-131.39425108449967,-80.24526305186913,0.0,-0.0,-9.694934655421077
1409,train,0,1,1,207.35532252859463,323.81221146066946,0.0,-0.0,-0.0,-1.0,0.3333333333333333,0.0
1409,train,2,0,0,275.5256115291679,-1.6967291207356539,-0.3333333333333333,0.0,0.0,0.0,0.16666666666666666,-0.0
1410,train,1,0,0,-216.28353894640395,-1283.6385017203138,0.0,-423.81648515901423,397.3973163750803,-0.0,-0.6666666666666666,30.001225549825826
1410,train,0,2,1,-354.529569724524,669.3847810577354,-0.8,373.65654441204947,-67.07654181943538,0.0,0.0,19.566349600741507
1411,train,1,0,0,-68.32232292581801,-495.1963669273241,-0.0,-0.0,30.219217269329306,0.0,-0.0,-85.69694105841936
1411,train,2,0,0,18.060887662517132,184.45889072168075,-0.0,-0.0,63.24928610033635,0.3333333333333333,-0.0,-17.52209886759681
1412,test,0,1,1,136.5536329025046,384.4662629395789,0.0,-0.0,-193.25854643696323,0.0,0.0,20.591655962576944
1412,test,2,0,0,364.59457520013063,366.78849911387624,0.0,0.0,208.583568118696,0.0,-0.6666666666666666,-79.44825791499267
1413,train,2,0,1,-61.57072418080804,-806.6608191500372,0.0,-1164.9826825875978,-367.41157991522755,0.0,-0.0,0.0
1413,train,1,2,0,331.9496436478711,-55.26329590935984,-0.0,-190.29185947914198,20.439887338064143,-0.0,0.0,-0.0
1414,train,0,1,1,-235.3628847018124,2130.8062373927733,0.0,-584.2554259267798,0.0,0.6666666666666666,0.0,-0.0
1414,train,0,2,1,446.2229739642437,1603.994812579289,-0.3333333333333333,-222.93167523686407,0.0,0.0,0.0,-0.0
1415,train,0,1,1,241.8311897846122,-1206.6431923177379,-0.0,-0.0,0.0,-0.3333333333333333,0.0,-223.64511265383908
1415,train,0,2,1,327.86537051640187,-409.0227611350738,-0.0,0.0,0.0,0.0,-0.0,-292.505885603795
1416,train,0,2,0,-7.597454036189447,-558.389853505882,0.5714285714285714,143.9461362079899,8.311698490476841,0.0,0.09523809523809523,-6.007756033402043
1416,train,1,2,0,-0.8951008677595382,-53.504113362353564,0.0,129.38688582897748,202.62434933797113,0.19047619047619047,-0.09523809523809523,-6.007756033402043
1417,train,1,0,0,-47.42770330293922,-120.4837519628527,-0.16666666666666666,38.68316718971057,-0.0,-0.0,-0.0,147.69391039641178
1417,train,0,2,1,275.45161744467026,32.56575722174148,0.0,-298.04255503943733,0.0,0.0,0.0,48.04800555441389
1418,train,1,0,0,115.04878520514768,342.1434120494598,0.06666666666666667,156.24250372246996,-90.95148623133747,0.0,-0.2,-0.0
1418,train,0,2,1,-18.11192274715694,-476.9674207756932,-0.06666666666666667,-0.11194080573750398,26.649807229808818,-0.13333333333333333,0.2,-0.0
1419,validation,2,0,1,-292.6373585535174,-365.5407403861677,-0.06666666666666667,-54.43603306409495,-147.88089490454072,-0.0,-0.3333333333333333,-27.207555547250575
1419,validation,1,2,0,308.513961705288,1789.295023769375,0.2,170.34089868138304,51.94833812871888,0.0,1.0,-5.567389312036691
1420,train,1,0,0,-528.1544346839693,47.073169027609765,-0.0,-84.73981003095594,0.0,0.0,1.3333333333333333,188.45043839335972
1420,train,0,2,1,475.91328917951546,378.4459636075271,-0.0,163.09406524761354,-0.0,0.0,-1.0,-107.52971699950464
1421,test,0,2,0,-512.1894718088739,703.8968368323958,0.0,366.7878747998881,0.0,0.0,0.3333333333333333,0.0
1421,test,2,1,1,572.7487169818223,-1183.5377154218695,-0.16666666666666666,18.241799956261616,-0.0,-0.0,-1.6666666666666665,-0.0
1422,validation,0,1,0,-15.551013251609447,-22.40109933864187,0.0,0.0,385.77829535949706,0.6666666666666666,0.0,0.0
1422,validation,1,2,1,-141.7333072779287,669.8304733414143,-0.5,0.0,-87.62273066665365,-0.16666666666666666,0.0,0.0
1423,train,0,1,0,-93.21140679367704,1068.758852939307,1.2000000000000002,-140.48455258664077,0.0,-0.3,0.0,38.74952013902503
1423,train,2,1,0,-17.88803469628658,18.712517329710863,0.4,-109.06041087989811,0.0,-0.6,-0.0,20.672030150659157
1424,test,1,0,0,583.6014289994636,835.3359874246426,0.0,-21.050912305840725,-57.62263011048211,0.0,0.0,37.69912253475947
1424,test,0,2,1,-123.01512684680404,-589.8269624258801,-0.26666666666666666,25.80665719541686,-305.12238154019377,-0.0,0.26666666666666666,9.747702791873497
1425,train,2,0,1,70.21243616206903,351.4712846014554,0.0,-46.85961203514398,22.676802866216082,0.0,0.0,0.0
1425,train,2,1,1,-14.467181036650231,17.61893337347101,0.0,-146.6852417811136,-11.457198934760315,0.0,0.0,0.0
1426,train,0,1,1,-102.18310231010935,-1205.776613670033,-0.0,-342.79197501597,-21.442754627690373,-0.3333333333333333,-0.2,0.6134542527872175
1426,train,0,2,1,-192.04298334724876,175.88130955218594,0.0,-98.36377244771874,46.83188950182407,-0.6666666666666666,0.4,17.37009680304423
1427,train,0,2,0,915.6592905753142,114.41016597649832,-0.0,-0.0,-0.0,0.0,0.3333333333333333,-61.89065670843195
1427,train,2,1,1,36.36344049119106,-773.2084438600168,0.0,0.0,-0.0,-0.0,0.0,-293.23379208139704
1428,train,1,0,1,-92.46033735618641,-948.0796576559587,-0.13333333333333333,-25.403966234765235,-2.7764716433875756,0.2,-0.0,-79.53607597339797
1428,train,2,1,0,226.15308578542374,456.59885044675,0.0,23.434845951131955,41.88738278705851,0.2,0.0,95.20931267543862
1429,train,0,1,1,-643.0680158467624,-1864.3742567734016,-0.0,-764.4558077199898,0.0,-0.4,0.0,-9.476988515441791
1429,train,2,0,0,400.13376229671894,950.5561893296754,0.0,-94.81294225820238,-0.0,0.8,0.2,304.48093937640783
1430,validation,1,0,1,-362.7006612112984,-885.3988162623523,0.0,-0.0,0.0,-0.0,0.0,0.0
1430,validation,1,2,1,-131.32769154664476,351.95351655454215,-0.0,0.0,0.0,0.0,-0.0,-0.0
1431,test,1,0,1,297.3433078277643,-377.3572232146098,0.0,0.0,0.0,0.0,-0.0,-0.0
1431,test,2,1,0,252.2023662681877,1752.5191849006205,0.0,-0.0,-0.0,0.0,0.0,0.0
1432,validation,0,2,0,1.0296699841137524,-857.3563994734754,-0.0,-0.0,-0.0,-0.0,0.0,-0.0
1432,validation,2,1,1,160.40946132030427,360.47058747724805,0.0,0.0,0.0,0.0,0.0,0.0
1433,validation,1,0,0,36.74608647684852,107.85529310892457,-0.1,0.0,-148.33403753316992,-0.2,0.0,28.74236439653639
1433,validation,0,2,1,-37.53084166488253,0.0,0.1,-0.0,60.37842672131266,0.0,0.0,26.67803555289585
1434,test,1,0,1,183.78123038669423,930.2675190164641,0.16666666666666666,-0.0,-0.0,0.0,0.0,-257.53039255696865
1434,test,1,2,1,-248.0139224118459,-455.5095446355199,-0.16666666666666666,-0.0,-0.0,0.6666666666666666,-0.0,-140.5083188462096
1435,train,0,1,1,-324.6960720997028,-635.6401085394859,0.3,0.0,0.0,0.2,0.0,-164.8566887943625
1435,train,0,2,1,-214.7503493045612,-489.3668776766358,0.3,-0.0,0.0,0.2,-0.1,-93.32158859093097
1436,train,2,0,1,29.36199640324901,-45.084912709857235,0.0,0.0,0.0,0.0,0.0,0.0
1436,train,1,2,0,375.77520891777306,649.7558445629074,0.0,0.0,-0.0,0.0,0.0,0.0
1437,test,0,1,1,-301.59031822094863,-991.7208640869103,-0.16666666666666666,-0.0,-0.0,-0.6666666666666666,-0.0,-145.5983225111511
1437,test,0,2,1,-84.42047736453338,-1502.4853798532122,-0.3333333333333333,-0.0,0.0,-0.3333333333333333,-0.0,-159.11853736613406
1438,train,0,1,1,-81.74442933144019,776.933095665574,0.0,-0.0,-0.0,0.0,0.0,0.0
1438,train,2,0,0,93.75854354474336,705.1507143266876,-0.0,0.0,0.0,0.0,0.0,-0.0
1439,train,2,0,1,162.4725317601999,1395.2054686681386,-0.0,-0.0,-0.0,0.0,0.0,-300.64130124409695
1439,train,2,1,1,-40.43536751912279,850.0088950657946,-0.0,-0.0,-0.0,0.0,0.0,-95.73527878151526
1440,train,0,1,1,-19.89057483574527,157.7506168259879,0.6666666666666666,-375.8761698145714,0.0,-0.0,-0.0,0.0
1440,train,2,0,0,-37.693586836509326,806.5888737090954,0.0,265.85224029218216,0.0,0.0,0.0,0.0
1441,validation,0,1,1,-180.28176235236634,-479.8183435785413,-2.0,-0.0,-0.0,-0.0,-0.0,46.368968874351026
1441,validation,2,0,0,276.0237568441731,-241.2412996631556,0.0,0.0,-0.0,-0.0,-0.0,-10.077228712526713
1442,train,1,0,0,-165.1569808275607,-606.1868381135228,0.0,94.77986298382423,-95.69969402864834,0.0,0.6,-0.0
1442,train,0,2,1,-124.04120642809096,-69.96578888517524,-0.8,-36.10917097598154,43.01040384203495,0.0,-0.6,-0.0
1443,test,0,1,0,-202.42890923879702,-397.84914529371554,0.0,-370.9057237373533,172.43575644193507,0.0,0.0,12.374553455286705
1443,test,2,1,0,-193.07686282413692,-420.8934875818377,0.0,16.430321237709997,125.17798376902377,0.0,0.3,3.706254118722572
1444,train,0,1,1,388.54956121433696,946.754640463294,0.0,-0.0,-7.869025973130542,0.0,0.6666666666666666,-106.99752634560058
1444,train,0,2,1,350.8071069700676,1145.018272402348,0.0,-0.0,-7.047271445844274,0.0,-0.6666666666666666,-112.1553691172505
1445,train,0,1,0,-225.33497888685002,-1190.0294788951114,-0.0,-212.13970254602816,31.858635492809118,0.2,-0.8,18.676598138404486
1445,train,1,2,1,323.0683370618437,1239.3251202868132,0.0,228.07456711614225,-226.6328691055756,0.0,0.0,3.2891191227439815
1446,train,0,1,0,-8.189436146217759,904.2044079185962,0.0,-0.0,0.0,-0.0,-0.0,-0.0
1446,train,2,1,0,-141.66776861329186,732.1149801673155,0.0,0.0,-0.0,0.0,-0.0,0.0
1447,train,1,0,1,89.02989805676341,370.7849801944508,0.0,86.6175279563331,0.0,0.0,-0.0,0.0
1447,train,2,1,0,-78.05901639394301,-246.9276702107477,0.0,769.5196478294056,-0.0,0.0,0.0,0.0
1448,train,2,0,1,-174.23156131500832,-308.82958382252446,-0.6000000000000001,24.074917482549427,-0.0,0.13333333333333333,-0.3333333333333333,8.60087446605331
1448,train,1,2,0,95.17544130265594,124.19483410032353,0.0,-26.833006690055782,0.0,0.0,1.6666666666666665,1.3454472439482383
1449,validation,2,0,1,21.41029915555123,-405.5950889895189,0.2,30.354372618217273,-1.0342470294627806,0.0,0.0,-1.9460000726512912
1449,validation,2,1,1,-650.4609440971004,-1107.9872923341445,0.0,-47.75216308923446,-99.52227314223299,-0.26666666666666666,0.0,14.939133175031328
1450,train,0,1,0,92.53264257899684,1054.9549959655715,-0.2,-185.14877297759773,0.0,1.2000000000000002,-0.3,0.0
1450,train,1,2,1,-527.6918838456928,-2241.6035021594853,0.2,30.481915166580666,-0.0,0.0,0.3,0.0
1451,train,0,2,0,178.2363882996765,663.0787439888504,0.0,0.0,0.0,0.0,-0.6666666666666666,21.947798385919874
1451,train,2,1,1,-45.508055735925666,-238.42803418193807,-0.0,-0.0,0.0,-0.0,-0.6666666666666666,86.42479027383993
1452,validation,1,0,0,-574.0223211752311,-1586.3015510550304,0.0,185.30830885953134,-0.0,0.0,-0.0,-0.0
1452,validation,0,2,1,24.629089106505944,-176.6281136927455,-2.0,-325.1487492457805,-0.0,-0.3333333333333333,-0.0,-0.0
1453,train,2,0,1,165.46755473526042,-380.06088509600113,0.19047619047619047,-86.96339028241374,-0.5140192906299089,-0.23809523809523808,-0.09523809523809523,-0.5429441215657157
1453,train,2,1,1,297.65270866476675,126.5356427091001,0.19047619047619047,1.7514906206440546,1.1892404674684967,-0.23809523809523808,0.0,4.067889557861659
1454,train,1,0,0,149.13699831774176,627.3601634747629,0.09523809523809523,-1.2311647314784078,-107.64581864544671,0.0,0.2857142857142857,-52.885174103525415
1454,train,0,2,1,84.20269401074819,-59.178319664395985,0.09523809523809523,39.31197443713557,48.94290845267632,0.0,-0.42857142857142855,9.514709467860419
1455,train,1,0,1,-146.25255153590746,-668.5169925108794,0.0,0.0,-89.39663795576122,-0.0,0.0,0.0
1455,train,2,1,0,186.5316824755604,697.7258668256027,0.0,0.0,260.989401507604,0.0,1.3333333333333333,0.0
1456,validation,1,0,0,-347.70872803570205,-819.1726826405147,-0.0,1051.7596651310128,-0.0,-0.0,0.0,-0.0
1456,validation,0,2,1,-439.29705838425366,-1297.0636287978868,0.0,-805.2301674860528,-0.0,0.0,0.0,-0.0
1457,train,0,1,0,122.31622986212551,583.9255659121,-0.1,-116.67849495943175,53.753116376396015,0.0,0.6000000000000001,0.0
1457,train,1,2,1,-76.00076750240493,-1388.216825186093,-0.1,182.90643723433905,-79.89236441123525,-0.0,0.0,-0.0
1458,train,0,1,0,311.07863266327854,12.44336039718928,0.0,0.0,0.0,0.0,-0.0,-0.0
1458,train,2,1,0,446.8969400287227,-406.6497206261729,0.0,0.0,-0.0,0.0,0.0,0.0
1459,validation,0,1,1,63.179486304477564,841.5684160185119,0.19047619047619047,-7.623693042415814,-141.38947282345256,0.19047619047619047,-0.5714285714285714,42.876770600650865
1459,validation,2,0,0,-54.32015206133349,-567.2936186134211,-0.19047619047619047,-35.20465029189266,163.9956714751931,-0.19047619047619047,1.1428571428571428,-27.56263329644443
1460,train,1,0,1,-301.6163162764117,558.5464868659492,-0.16666666666666666,0.0,-114.75707124869929,0.0,0.0,83.06393642468123
1460,train,1,2,1,-21.712468376736297,-198.3401506151249,-0.5,-0.0,-260.8635728094585,0.0,0.0,-73.2121599804565
1461,test,0,2,0,675.1983970361256,3806.861103562027,0.0,-0.0,0.0,0.0,0.0,0.0
1461,test,1,2,0,119.99998957575997,631.8974567272562,-0.0,0.0,0.0,0.0,0.0,0.0
1462,train,0,1,1,602.9884522407475,-238.21483324561268,-2.6666666666666665,-0.0,122.85100394956808,0.0,-0.0,-0.0
1462,train,2,0,0,-378.14125706314053,1452.4121884289725,1.3333333333333333,0.0,159.3976983877963,0.0,0.0,-0.0
1463,train,0,1,0,252.08577563768677,1232.890021987274,0.0,-202.5788562695449,0.0,-0.0,0.6666666666666666,-0.0
1463,train,1,2,1,281.43598497554865,-335.8580716735478,0.0,137.8511418154782,-0.0,0.0,0.3333333333333333,-0.0
1464,train,1,0,1,438.23023256427393,1092.6074434248212,0.0,0.0,-0.0,0.0,0.0,-0.0
1464,train,1,2,1,-490.5217826929852,-714.4806242956947,-0.0,0.0,-0.0,0.0,-0.0,-0.0
1465,train,0,1,0,-56.17657216341456,810.1111360482769,0.0,344.50348338344224,173.3118950589074,-0.13333333333333333,0.0,30.514310890926534
1465,train,1,2,1,232.34401753057205,44.83436049499005,-0.26666666666666666,-129.60039958035833,-47.83344478439168,0.06666666666666667,0.0,0.7068734491877042
1466,train,0,1,0,203.54728271100998,1086.562505462649,0.2,78.88503227381403,114.20101389346604,0.0,1.6666666666666665,36.32639715558463
1466,train,1,2,1,-3.571283331584027,149.17832670854114,0.0,-645.3823861732826,-79.91458024120035,0.0,1.0,-17.434599608652803
1467,validation,0,1,1,122.41004716988982,1088.4548141468208,-0.0,-430.4186893336032,-0.0,0.3333333333333333,0.0,0.0
1467,validation,2,0,0,-231.00366713159138,-41.17529064144264,0.0,754.4968005235038,0.0,0.3333333333333333,0.0,0.0
1468,train,0,1,0,-434.96286221813205,-574.3396672004646,0.0,-0.0,-0.0,0.0,0.0,263.0073372005922
1468,train,1,2,1,574.9325710586256,448.03067095795905,0.0,0.0,-0.0,0.0,-0.0,-311.12929129604845
1469,train,0,1,1,311.1656675578704,169.42170773916132,-0.13333333333333333,-153.0722074025539,-198.94676817255643,0.0,-0.6666666666666666,0.0
1469,train,2,0,0,-335.3174719755539,-654.3421150165295,0.06666666666666667,33.06369952846817,2.208170755407218,0.26666666666666666,1.3333333333333333,-0.0
1470,train,0,2,0,-35.74898876227894,891.7819987179055,0.0,0.0,-0.0,-0.0,0.0,0.0
1470,train,1,2,0,-16.616953958051,1551.4953241299072,-0.0,0.0,-0.0,0.0,0.0,0.0
1471,validation,0,1,0,41.888395556966486,-611.2916615858758,0.23809523809523808,-298.9369796381114,-29.67944608262195,0.2857142857142857,-0.2857142857142857,-18.66286568635042
1471,validation,1,2,1,-333.5503450111345,-391.15437453056984,-0.47619047619047616,-174.79851080602228,83.3106807416743,0.0,-0.2857142857142857,20.45765232722665
1472,train,1,0,1,-539.0763606838775,-2503.9586438837205,0.0,0.0,-190.70831551040203,-0.6000000000000001,0.13333333333333333,12.088247907348038
1472,train,1,2,1,-496.43088698062365,-130.178913154783,0.06666666666666667,0.0,209.65439691563807,-0.6000000000000001,-0.13333333333333333,-50.908000939424156
1473,train,1,0,1,-240.87203204630305,-935.8242351392737,0.0,0.0,0.0,-0.0,0.0,-0.0
1473,train,1,2,1,-164.06097747856074,-1733.9994317730889,-0.0,0.0,0.0,-0.0,-0.0,0.0
1474,train,0,1,0,212.85680262578836,691.3205861645952,0.26666666666666666,48.83326213612031,-23.614292886196722,0.0,0.0,13.594402155461975
1474,train,2,1,0,188.2109360641811,909.2603522087616,0.13333333333333333,291.4838611463238,-31.755917728464617,0.0,0.4,57.030586148681145
1475,train,1,0,0,399.2794335056822,1107.7996340277818,0.0,0.0,-0.0,-0.0,-0.0,493.23272126931073
1475,train,0,2,1,-370.2727848440688,-393.3228150870341,-0.0,-0.0,0.0,0.0,0.0,13.052027310516678
1476,train,0,2,0,-181.10248036039974,-640.1610899867283,0.0,186.4500830943992,-101.12442188942279,0.0,-0.3333333333333333,-0.0
1476,train,2,1,1,145.01195080895218,-11.247886748139535,0.0,-250.37646317483916,-245.86106005647315,0.0,-0.3333333333333333,0.0
1477,train,0,1,0,156.5674708054014,1049.547984857366,0.6,279.051609640325,67.44633441589322,-0.4,0.0,-0.0
1477,train,1,2,1,-429.224013916323,-1875.3644438899082,-0.6,-65.09388752024509,24.956133695280393,0.8,-0.0,-0.0
1478,train,2,0,1,328.3737880870943,-755.6712740432658,0.0,0.0,-32.29591463645007,-0.8,-0.8999999999999999,0.0
1478,train,2,1,1,164.14325018069746,-206.666940224909,-0.2,-0.0,1.4449228313913807,-0.4,0.0,0.0
1479,validation,0,1,0,143.57942555495538,350.67625250742867,0.0,0.0,-0.0,0.0,0.0,0.0
1479,validation,2,1,0,163.6492698262017,434.6167657883675,0.0,0.0,-0.0,-0.0,0.0,0.0
1480,validation,0,1,0,262.2805009123819,388.94079252591246,0.0,6.899715386086389,43.80085136827713,0.0,-0.38095238095238093,29.828191494909102
1480,validation,1,2,1,-247.63552963165478,-840.8426834068264,0.0,-70.11372314273599,-16.481793479431463,-0.14285714285714285,0.9523809523809523,19.15862503058652
1481,train,2,0,1,-449.4084789025672,724.064656621993,-1.0,-104.48628109900062,-0.0,-0.0,0.0,-29.669498503932676
1481,train,1,2,0,265.2807913622169,-583.1024130532505,0.5,510.6391706754699,0.0,0.0,-0.0,47.0751946768339
1482,train,0,2,0,163.66418683301487,-679.1699844868226,0.0,-0.0,-0.0,-0.0,0.0,0.0
1482,train,1,2,0,251.7175495151402,-752.0626746105472,-0.0,0.0,-0.0,-0.0,-0.0,0.0
1483,test,0,2,0,-262.16672787212565,-508.0852306426186,-0.0,-0.0,662.1203566571379,0.0,0.0,0.0
1483,test,1,2,0,361.13153631435307,-5.9900808544553,0.0,0.0,568.1376023769275,-0.0,0.0,-0.0
1484,train,0,1,0,-314.30868291631145,-571.077122308975,0.38095238095238093,251.81545237037164,4.1613903527007725,0.0,0.8571428571428571,-37.79387156020741
1484,train,1,2,1,21.520978740137366,218.46713391709,-0.19047619047619047,-133.49512172745702,-24.582238779555333,0.047619047619047616,-1.4285714285714284,86.09140289781855
1485,test,0,2,0,-117.39314431270759,423.7449643572663,0.0,18.08988470537118,0.0,-0.0,-0.3333333333333333,-0.0
1485,test,2,1,1,-7.75172708104958,-1202.9849571160316,-0.0,592.8589975832057,-0.0,0.0,0.0,0.0
1486,train,1,0,1,-77.31934871814275,-611.2460655181144,-0.3,-123.06442146156002,-86.36258990023572,-0.0,0.8,0.0
1486,train,2,1,0,360.80965793646686,532.4042312266761,-0.3,58.159149470412345,164.66892703711792,0.0,0.8,-0.0
1487,train,0,2,0,228.7460293439799,1350.9367496071895,0.0,-0.0,0.0,0.8,0.1,54.33452084348572
1487,train,1,2,0,-23.583827181723336,1098.4183297052882,-0.2,0.0,-0.0,1.2000000000000002,-0.4,0.6871440761452475
1488,train,0,1,0,252.9871056244375,-756.6349761116544,0.0,0.0,102.57473908057301,-0.0,-1.0,0.0
1488,train,1,2,1,2.399984939896626,112.34325333433026,-0.5,0.0,-342.21377292046105,0.0,0.6666666666666666,0.0
1489,train,0,1,0,-318.55316259934136,-175.91351386897804,1.3333333333333333,0.0,-0.0,0.3333333333333333,0.0,0.0
1489,train,2,1,0,-320.4697691349867,-14.387824188768718,2.0,-0.0,-0.0,1.6666666666666665,-0.0,-0.0
1490,train,2,0,1,-747.5977795500773,-1793.4525806936044,-0.0,-221.77844374454185,-202.21851024823889,0.0,-2.333333333333333,-2.287759628026449
1490,train,1,2,0,-146.3292661062702,455.6717779246683,0.0,-32.48054325946344,-16.20690928000364,0.26666666666666666,0.6666666666666666,26.04780566570931
1491,train,2,0,1,101.02975719903418,-344.278676320037,0.0,-0.0,184.99941884910618,0.0,0.3333333333333333,-0.0
1491,train,1,2,0,-139.54537871351374,255.50807889780208,0.0,0.0,-102.87184263819881,0.0,-1.0,0.0
1492,train,0,1,1,594.6773027182903,865.7694500908892,0.0,0.0,0.0,0.0,0.0,-273.08791174642005
1492,train,0,2,1,470.94603601328777,-622.2771839963034,0.0,-0.0,0.0,-0.0,-0.0,-435.9260171171099
1493,train,1,0,1,-241.04241674149125,734.4442068506742,0.0,0.0,0.0,0.0,-0.0,0.0
1493,train,1,2,1,70.24720005372728,-889.3120907267667,-0.0,-0.0,0.0,-0.0,-0.0,-0.0
1494,train,1,0,0,-188.81467539687264,-563.6625942000214,0.0,-159.9236484141241,0.0,0.0,-0.0,139.6052271068329
1494,train,0,2,1,89.48424569901005,-11.083917400571409,-0.0,351.4498655123766,0.0,0.0,0.0,-213.63624161215756
1495,test,2,0,1,-68.44449089541382,-116.44991288548454,0.0,-495.35344683427456,-0.0,0.0,0.0,-0.0
1495,test,2,1,1,-118.13639273431062,-536.4170878708433,0.3333333333333333,-973.5080278360925,-0.0,-0.0,0.0,0.0
1496,train,0,1,0,183.28038673195158,1374.0799388808127,0.6000000000000001,-216.53039556210507,-38.72230102477122,0.0,1.0666666666666667,30.398604818273675
1496,train,2,1,0,168.1669203903772,219.92178750075072,0.0,-71.28022098071233,-10.503632512355072,0.0,2.1333333333333333,65.57408379109584
1497,train,1,0,0,109.60292141617208,-589.5487681286809,0.0,-55.88018444965485,0.0,0.16666666666666666,0.0,-11.382318638626998
1497,train,2,0,0,44.978600609465616,-72.59637659779673,0.0,-270.64382458518605,0.0,0.3333333333333333,0.0,77.37778328927917
1498,train,0,2,0,378.7921733954525,1772.8754281985707,0.19047619047619047,96.49414029158505,298.6080907200945,0.09523809523809523,0.9523809523809523,18.034535932104053
1498,train,1,2,0,343.8315765531251,1956.224946732273,0.38095238095238093,213.98346724356756,-34.41590725031202,0.0,0.9523809523809523,-5.757649843553521
1499,train,0,2,0,79.0824562785723,347.13501364228796,0.0,0.0,-0.0,-0.0,-0.0,0.0
1499,train,1,2,0,490.2545483495941,908.891252823717,1.0,0.0,0.0,-0.0,-0.0,0.0
1500,train,0,1,1,-78.62299347345811,-501.7182740275839,0.0,-485.9027603938928,-112.88954365477314,-0.06666666666666667,-0.26666666666666666,-0.0
1500,train,0,2,1,196.88720776662672,319.3560273670828,-0.2,-167.90829123883591,-274.42071678318536,0.0,-0.13333333333333333,-0.0
1501,train,2,0,1,-666.8563000443377,-880.295682087246,0.0,-0.0,-427.678293560391,-0.0,0.0,-0.0
1501,train,2,1,1,15.590968403120542,588.4885327945449,0.0,0.0,-201.36262171687514,0.0,0.0,-0.0
1502,train,0,1,0,476.7242402757113,51.5881178459249,0.3333333333333333,376.82962430530915,-0.0,0.13333333333333333,-0.4,-6.151772284646564
1502,train,1,2,1,-70.21332575244344,-47.776365479748165,0.6666666666666666,-60.685785653821036,0.0,-0.5333333333333333,-0.4,-9.650104412323163
1503,train,0,1,0,1451.5269923890407,594.0501583872556,-2.5,1265.3214395802918,-0.0,0.0,0.0,-34.237766384694034
1503,train,1,2,1,-551.6126337029539,-3128.5556275542112,2.0,-1722.5788373126147,-0.0,-0.0,-0.0,65.18578657164676
1504,train,1,0,1,275.5162500844691,-729.5796826579017,0.0,-84.68767448602893,-0.0,-0.2,-0.6000000000000001,-24.584558859794086
1504,train,1,2,1,504.1120073556743,713.4608617367653,0.0,-358.59338518564255,-0.0,0.0,-0.4,51.46842532094492
1505,train,2,0,1,-64.92196665604632,-710.7571149278633,-0.23809523809523808,52.78831850617093,2.7536796779440214,0.14285714285714285,0.0,-29.35244985612814
1505,train,2,1,1,15.07419241560956,-315.70895470180267,-0.23809523809523808,3.909654813962983,28.998305355637857,0.14285714285714285,0.2857142857142857,-47.80730495395725
1506,train,0,1,1,-511.1995173162071,-847.4426038963684,-0.8,-240.68607760589776,0.0,0.0,-0.0,15.563089164657725
1506,train,0,2,1,-30.250829783212566,-134.14506998029265,0.4,-413.74398759270537,-0.0,0.2,-0.0,-16.90628167772501
1507,train,0,1,0,446.5750911662192,2067.3896262117896,0.0,0.0,181.17863992294772,0.0,-0.0,460.00891008280314
1507,train,1,2,1,-353.04132690097583,-1410.5574264287316,0.0,0.0,170.15060907436362,0.0,-0.0,-314.6754517696912
1508,train,0,1,1,-30.241927430433066,-866.1691622005033,0.0,-156.81361053706433,-110.93924098604262,0.0,-0.2,-137.36924519705175
1508,train,2,0,0,37.50654964973057,-215.36297328271257,0.13333333333333333,17.377733999329923,32.958751413330006,-0.0,-0.13333333333333333,86.06200434874745
1509,validation,0,2,0,459.2825840524981,-1305.1077266172474,0.0,-96.40614648721247,170.38710008939378,-0.19047619047619047,0.14285714285714285,45.791609707604906
1509,validation,1,2,0,-40.43703483651382,-765.0340512933963,0.0,-39.82798299495523,0.1928128177764279,-0.19047619047619047,0.7142857142857142,-6.018755620756831
1510,train,1,0,1,-434.51228680913835,-1827.478439379271,-0.16666666666666666,-0.0,13.293008165057529,0.0,-0.0,0.0
1510,train,1,2,1,-172.7042096976046,-972.914004835909,-0.3333333333333333,0.0,103.32403135126808,0.0,-0.0,-0.0
1511,train,2,0,1,-355.756800817471,-1262.390488354532,0.0,-328.84936033560547,29.761763162314015,-0.5714285714285714,0.2857142857142857,-113.34208632815879
1511,train,1,2,0,446.18460167309036,1133.0084278442337,0.38095238095238093,9.202951639335879,-58.97469353478995,0.0,-0.14285714285714285,-5.83300737967604
1512,train,0,1,1,41.49888934988735,178.67387557663778,-0.2,-89.33672889120204,0.0,-0.26666666666666666,0.2,0.0
1512,train,2,0,0,-2.515996827907486,-1226.7889519510472,0.0,-0.783961805907135,-0.0,0.0,-0.4,123.31465807139531
1513,test,2,0,1,-156.6306091439967,18.314191820737506,-1.2000000000000002,-0.0,-71.30975672876983,0.6000000000000001,-0.0,-12.344529937136752
1513,test,1,2,0,201.85605584045925,-312.6451092683974,2.0,0.0,10.939902854081424,-0.4,-0.0,-98.94375293922093
1514,validation,1,0,0,-16.33055447252923,1322.6983154912841,0.0,37.83034461943432,331.7006772045798,0.0,0.4,0.0
1514,validation,2,0,0,-373.8578340869242,-148.6762072235315,0.0,16.283021906649743,-12.457323739232834,0.2,2.0,0.0
1515,test,1,0,0,350.6590528445731,-473.2644503303236,-0.047619047619047616,150.494528685559,274.7998406146264,0.0,0.23809523809523808,314.53122634525835
1515,test,2,0,0,183.0722799638188,994.2901691480001,0.0,-32.51765495245516,15.624946936159262,0.14285714285714285,0.9523809523809523,199.0471103146324
1516,train,2,0,1,154.94128200947478,-232.33717130079094,0.0,-274.72269971949265,0.0,0.0,-0.0,-0.0
1516,train,2,1,1,167.71050011467406,270.0017273865478,0.0,119.8077806878864,0.0,-0.0,-0.0,-0.0
1517,train,1,0,0,-27.517153247441456,463.39359766690086,0.0,-87.8638518645929,49.21563434663825,0.0,0.0,15.35187137359306
1517,train,2,0,0,12.491715241771544,1364.892982646621,0.5333333333333333,-99.79011325638393,73.2250340743289,0.4,-0.0,-42.42051043676247
1518,train,0,2,0,-0.22304523061166037,-416.4446600349929,-0.0,1093.0039323451113,-32.308819622926286,-0.0,0.0,-322.27462153891247
1518,train,2,1,1,246.515327052727,800.9851388678017,0.0,-1099.5735219524045,-109.2395322954106,0.0,-0.0,4.289790378733452
1519,validation,0,2,0,451.5990929554941,646.6102774078659,0.0,295.42496174436286,35.44513697928409,-0.3,0.4,0.0
1519,validation,1,2,0,-65.27401719214231,-343.3216789846733,-0.0,43.85482674322525,7.727728003666347,-0.3,0.4,0.0
1520,train,0,1,0,549.2703135248663,-79.68334598675483,0.26666666666666666,-144.4976578208448,142.97244204535832,0.0,-0.0,108.86410429227726
1520,train,2,1,0,-169.1348691757844,-955.7143581453738,0.0,-113.37079565376139,354.25303785282546,0.0,-0.0,-50.15754967104826
1521,train,1,0,0,41.92264394604058,-6.990447842244521,0.0,-13.538428322323238,-13.534354244008387,0.1,-0.0,64.78336227660228
1521,train,2,0,0,67.37531557087118,-50.00884032013937,0.0,152.72172874713178,45.83410673502843,0.1,0.0,54.304878108173504
1522,validation,2,0,1,120.51256126875126,1311.8544727779295,0.0,0.0,219.68289446321586,0.0,1.0,-35.45597866999074
1522,validation,2,1,1,161.053055813232,1450.9371381434207,0.0,0.0,-127.86221687785473,0.0,1.6666666666666665,-55.07896275499082
1523,train,0,1,1,-200.8429866537411,-770.6272963208339,0.0,-0.0,-90.51865112336014,0.0,0.0,-0.0
1523,train,0,2,1,-222.65066599589835,-2268.8065496936897,0.0,0.0,-618.9963911625766,0.0,0.0,-0.0
1524,train,1,0,0,-42.86942601809449,-698.2921191658297,-0.0,-0.0,67.8737127935044,0.0,1.3333333333333333,-0.0
1524,train,0,2,1,-16.042640086101528,177.17151340094642,-0.0,0.0,-319.4404093920068,-0.0,0.0,-0.0
1525,train,0,1,1,-585.7992319310122,-2605.788074289345,-0.0,-1855.695079470953,0.0,-0.6666666666666666,-0.0,-0.0
1525,train,2,0,0,232.13000244180296,-257.97215531330767,0.0,-92.04845492181903,-0.0,0.0,0.0,0.0
1526,test,1,0,1,349.1471476913531,245.08995591843723,0.0,-366.9787058104084,-182.94905556739087,-0.3,0.30000000000000004,0.0
1526,test,2,1,0,-58.63277160592088,-172.74163303380465,-0.0,474.81666663703936,468.9379093291216,0.8999999999999999,-0.8,0.0
1527,train,0,2,0,133.6379695612568,356.25499660682135,-0.0,0.0,0.0,-0.0,-0.0,0.0
1527,train,2,1,1,-196.10128718229737,-406.9937853466481,0.0,0.0,-0.0,0.0,0.0,-0.0
1528,validation,0,1,1,284.09734102972936,1220.429250421451,0.0,0.0,0.0,-0.0,0.0,0.0
1528,validation,2,0,0,110.68781462092602,675.9064076225741,0.0,0.0,-0.0,0.0,0.0,-0.0
1529,train,1,0,1,60.709838125050794,-465.56087985383783,0.0,-0.0,-0.0,-0.0,-0.0,-111.49967935240113
1529,train,2,1,0,-132.6040565126366,-205.57852819144682,-0.0,-0.0,0.0,0.0,-0.0,81.12145651796902
1530,train,0,1,0,-31.689941902981957,21.460751349603697,-0.09523809523809523,41.24772295333246,-7.570891135714045,0.0,0.2857142857142857,-2.3952397281278737
1530,train,2,1,0,79.62446023141729,411.03259391792085,-0.09523809523809523,85.69914112073765,65.26140675551895,-0.19047619047619047,0.2857142857142857,-9.323957863907523
1531,train,1,0,0,189.9070071443744,-209.53024028702976,-0.0,-0.0,-0.0,0.0,2.0,-0.0
1531,train,0,2,1,-170.5912642562892,-812.9631502358934,0.0,-0.0,-0.0,-0.3333333333333333,-0.6666666666666666,-0.0
1532,test,1,0,1,18.10283612130422,208.72712084755995,0.0,0.0,-0.0,0.0,0.0,0.0
1532,test,2,1,0,145.27151268952707,509.2637474122339,0.0,-0.0,0.0,0.0,-0.0,-0.0
1533,train,2,0,1,-551.6731404062263,-1862.5584961682443,-0.26666666666666666,-122.75905510564601,-67.79536464940712,-0.2,1.3333333333333333,-0.0
1533,train,2,1,1,-716.8434316196382,-1322.2636755619633,-0.6666666666666666,-184.582749525676,-29.59408072621571,0.0,-1.0,-0.0
1534,train,1,0,0,343.8191333913792,1248.888552606326,0.3333333333333333,-0.0,0.0,0.0,0.0,0.0
1534,train,0,2,1,-354.4959202139787,-1548.9587292399838,0.0,-0.0,-0.0,-0.0,-0.3333333333333333,-253.33754346730205
1535,train,0,1,1,-158.36634210737532,331.8769879969309,0.0,-0.0,-110.02990982395283,0.0,0.3333333333333333,0.0
1535,train,0,2,1,-254.37594917898934,-188.1111246662499,-0.0,-0.0,-135.02232213203962,-0.16666666666666666,0.0,-0.0
1536,train,2,0,1,29.541085203375474,-448.1566316166318,-0.5,238.05542538753025,0.0,0.0,-0.0,-88.76940605130486
1536,train,2,1,1,247.84668826820177,308.8933819720587,-1.0,-29.993356305735233,0.0,0.0,-0.0,-119.7162747969739
1537,train,0,1,0,311.334451938043,103.23942082238545,0.0,0.0,0.0,0.0,-0.0,-0.0
1537,train,1,2,1,-82.72425308596678,-330.7865250856312,-0.0,-0.0,-0.0,0.0,0.0,0.0
1538,train,0,1,1,-952.6987626315962,-965.0353709090468,0.0,0.0,14.62904568760452,1.6666666666666665,0.0,-282.4699565160432
1538,train,0,2,1,-18.850088954698094,-1774.3004810455832,0.0,-0.0,7.621482712791722,0.6666666666666666,-0.0,-436.02683838914334
1539,train,2,0,1,-171.23801668310193,-616.953532642427,-0.5,-557.7747793107507,-0.0,0.0,-0.0,-53.75812538523155
1539,train,2,1,1,-87.34400177762245,-919.1839323736408,-0.5,199.27039325186217,-0.0,0.0,0.0,-13.254311019667421
1540,train,2,0,1,161.65889071383043,349.7084910128324,-0.0,-268.789173076262,8.048738399066517,0.0,0.0,80.02934540247443
1540,train,1,2,0,-57.00879326263407,62.8640593050427,0.0,57.51106290449744,88.44595710948099,0.0,0.0,8.839641005831822
1541,train,1,0,0,61.69677399172281,768.6401960655639,1.0,0.0,-0.0,-0.5,-0.0,61.391459470045675
1541,train,0,2,1,49.281561145805995,-652.1857183581405,-0.3333333333333333,0.0,-0.0,0.0,0.0,-89.24603349353188
1542,validation,1,0,0,-32.595302500099706,661.6536363042742,2.0,-0.0,0.0,-0.0,0.3333333333333333,-0.0
1542,validation,0,2,1,-335.5005679339282,874.0475145759619,-0.6666666666666666,0.0,0.0,0.0,0.6666666666666666,0.0
1543,train,0,2,0,308.7696511161809,1324.3082570495449,-0.0,721.879027128389,0.0,0.0,0.0,0.0
1543,train,1,2,0,484.7171426018777,1146.5046111694614,0.0,-144.68403060702076,-0.0,0.0,0.0,0.0
1544,test,2,0,1,-239.6595587688226,-1035.206153075841,0.19047619047619047,-287.0909061840888,13.332760386531358,-0.09523809523809523,0.0,-13.847571446952044
1544,test,1,2,0,535.9142452598394,1549.2868261993726,-0.38095238095238093,844.8608076368395,86.44437219632098,0.19047619047619047,0.0,19.047386683017532
1545,validation,1,0,0,386.15907924308135,146.51274206728613,-0.4,224.69267719128393,0.0,0.1,-0.0,226.9687065090439
1545,validation,2,0,0,602.1996467631589,-398.45649317877906,-0.4,-166.430910603375,0.0,0.0,-0.0,135.00928312091992
1546,validation,0,1,1,47.45594042712116,-83.26012408251609,0.13333333333333333,-167.72640434231764,202.44339662174622,-0.13333333333333333,-0.0,-62.231078149325775
1546,validation,0,2,1,228.91939638140894,-14.819940770807989,0.0,-153.87237710119481,166.69818820383733,-0.26666666666666666,0.0,-52.40348570145626
1547,train,0,2,0,173.44957128106762,1488.1737528857543,-0.8999999999999999,-0.0,95.0638653704022,0.0,0.0,22.82100666561527
1547,train,1,2,0,238.69367222525455,858.0791764099372,-0.8999999999999999,-0.0,-45.905464348442514,0.2,-0.0,-19.688677199007856
1548,test,1,0,1,-148.67542022106073,-366.06349178195524,0.3333333333333333,-0.0,0.0,0.0,-0.0,-206.62357091865854
1548,test,1,2,1,-54.15292419324413,-1817.330834866414,0.3333333333333333,-0.0,0.0,0.0,-0.0,-136.75238676884962
1549,validation,2,0,1,-876.2275601729806,502.1821775346816,0.0,-390.9915025386639,77.3230803338478,0.2,0.0,6.815102762086542
1549,validation,2,1,1,-261.42173122270106,-1103.2171617156655,0.0,-471.7650375835184,-151.01969663806605,0.0,0.26666666666666666,0.274195300530774
1550,train,1,0,0,-212.03964426636998,-386.1552030315552,0.0,0.0,0.0,0.0,-0.0,0.0
1550,train,2,0,0,-99.53166662981153,-454.01245297035075,0.0,0.0,-0.0,-0.0,0.0,0.0
1551,train,0,2,0,-283.87912994852434,-1132.24707281486,0.0,-0.0,0.0,0.0,-0.0,-0.0
1551,train,2,1,1,75.66720377985246,168.08387189102723,0.0,0.0,0.0,0.0,-0.0,0.0
1552,train,1,0,0,108.70127510311647,1226.0108621058757,0.0,156.1995303633313,43.16093767338311,-0.09523809523809523,0.09523809523809523,75.48351271703353
1552,train,0,2,1,3.7444637049024436,-944.9784707441977,0.19047619047619047,-55.12645747793067,-198.47213382485032,0.09523809523809523,-0.19047619047619047,-115.67877960614996
1553,train,0,1,1,-381.91681139365994,-2334.4298059965495,-0.13333333333333333,-0.0,-256.74062588594114,0.2,0.8,1.5194872728701285
1553,train,0,2,1,-290.17929371110813,-431.1090771627523,0.13333333333333333,-0.0,-443.56792186039695,0.0,1.0666666666666667,8.291953932086725
1554,validation,1,0,1,-802.2839077851178,-1198.7519085136946,0.0,-0.0,508.74784384881883,-0.0,-0.0,0.0
1554,validation,1,2,1,-144.26129568239116,-622.5735075963121,0.0,0.0,23.353533510062483,-0.0,-0.0,0.0
1555,train,0,2,0,-58.56708283215016,-898.8442875231158,0.0,313.94514162819826,0.0,0.0,-0.5,50.418560348499575
1555,train,1,2,0,-125.06194417231512,-639.2955509651256,0.0,318.9393394280612,0.0,0.0,-0.2,4.119097473115981
1556,test,0,1,0,-103.98383027699674,653.6378988720967,0.0,326.9093447421499,-0.0,0.0,-0.0,121.46918811291427
1556,test,2,1,0,-139.6278760181197,1426.9820274186254,0.0,593.2349087705145,-0.0,-0.0,0.0,65.09618895295127
1557,validation,0,1,0,15.002405137701203,-618.5514644841446,0.0,0.0,-0.0,-0.0,1.3333333333333333,-0.421427609042856
1557,validation,2,1,0,86.29344173419304,-552.9974187582434,-0.0,0.0,-0.0,-0.0,4.666666666666666,21.253573108846616
1558,train,1,0,0,-42.3913999189474,523.5317769811118,0.0,0.0,0.0,1.0,-0.0,0.0
1558,train,2,0,0,162.69399763816205,742.4907352505188,0.0,0.0,-0.0,2.0,0.0,0.0
1559,train,1,0,0,319.19412311619715,1090.4548322019482,0.0,-0.0,-0.0,1.0,0.0,0.0
1559,train,0,2,1,-517.5014007364825,-2422.81203921985,-0.0,0.0,0.0,-1.0,-0.0,-0.0
1560,train,0,1,1,67.61464530137465,-631.2681209619268,-0.0,-0.0,0.0,0.0,0.0,-247.39407695036107
1560,train,2,0,0,158.3590072456501,710.3521317190616,0.0,0.0,0.0,0.0,-0.0,369.9481244517475
1561,validation,0,2,0,41.58894796262484,-194.51272668391994,-0.0,1205.701675882928,-108.62166102591489,0.0,-0.0,-0.0
1561,validation,2,1,1,177.02646643574263,895.5275765737938,0.0,-917.444645154758,-39.90676276645314,0.0,0.0,0.0
1562,validation,1,0,0,155.3673678744072,-248.25972059231935,0.0,158.96951307739485,0.0,0.4,1.0,-42.74992901113066
1562,validation,2,0,0,12.168463020110778,-1358.0286875803454,0.0,358.56935208327354,-0.0,0.4,1.0,-14.041300453848596
1563,test,1,0,1,-70.09058668801532,246.39555537446768,-0.38095238095238093,105.14305618412496,-50.41898994006718,-0.2857142857142857,-0.047619047619047616,-26.932987777437074
1563,test,2,1,0,315.9944051807797,-700.1614856844803,0.0,-59.4805685246003,290.4777413966279,0.14285714285714285,-0.09523809523809523,-70.71402313722048
1564,train,1,0,0,322.12932896884206,1565.456980758976,-0.0,685.3305181665829,-0.0,0.0,-0.0,20.048644352024798
1564,train,0,2,1,-440.51095250354285,-2267.7995492848577,0.0,-108.21705148794383,-0.0,0.0,0.0,71.4982504318362
1565,validation,0,1,0,390.8584538893051,-137.48317649926685,0.0,-0.0,340.4380280322619,-0.0,0.0,-0.0
1565,validation,1,2,1,56.62748516385659,737.8268194226503,-0.0,-0.0,-326.13191940598307,0.0,-0.0,0.0
1566,train,1,0,0,-293.3201321607896,-1039.4184045708216,0.1,140.76504424688866,56.27002374294464,0.8,-0.0,-0.0
1566,train,0,2,1,216.49715963834853,1169.5232992634765,-0.1,472.6602398032331,-497.6335264001489,0.0,0.0,0.0
1567,train,0,1,1,75.34970945717657,-612.8780878151188,0.0,-102.37442579045151,-0.0,0.0,-0.0,-91.66037754532609
1567,train,0,2,1,-355.4359453803622,-600.3567595960158,0.0,23.493958378878403,-0.0,0.0,-0.0,-64.44495840284537
1568,train,1,0,1,16.18627824701599,-164.7985356171348,0.4,-103.856535013871,59.64172862819839,-0.3,0.0,-0.0
1568,train,1,2,1,-596.2325311139739,-1786.049221481756,0.0,24.041458789031708,28.9615245096129,-0.3,-0.0,-0.0
1569,test,0,1,1,-131.53801068654184,80.5312915618324,-0.0,-0.0,0.0,-0.0,0.0,0.0
1569,test,2,0,0,588.7943915751586,-186.0889587678612,0.0,-0.0,-0.0,0.0,-0.0,-0.0
1570,train,0,1,0,331.68270757871096,-417.1917437750644,0.0,103.85119171026369,11.240026620966757,-0.2857142857142857,-0.14285714285714285,107.65012905471418
1570,train,1,2,1,69.29549096815185,915.6690865740347,0.09523809523809523,3.3105225549905817,79.78272104514691,0.0,0.0,-31.34908915131408
1571,train,0,1,0,-454.9473248468166,-26.39529464176394,0.0,-160.72147039753702,-52.223362801461406,0.0,0.16666666666666666,-0.0
1571,train,1,2,1,469.0825277917388,-855.8240170008703,-0.0,-268.63034028155175,-98.68671509987931,-0.0,-0.3333333333333333,-0.0
1572,test,0,1,0,39.09179111814211,408.9903742404367,0.0,0.0,0.0,0.0,0.3333333333333333,2.4200310176253668
1572,test,2,1,0,-190.41201387559317,187.47543134917123,-0.0,0.0,-0.0,0.5,0.3333333333333333,-35.7058542008346
1573,train,1,0,1,-20.84816614115516,151.5119279786561,0.0,76.20267038554574,0.0,0.0,-1.0,0.0
1573,train,2,1,0,150.9906594113877,881.4340406393344,-0.3333333333333333,-91.54335596896465,-0.0,0.0,1.0,-0.0
1574,train,1,0,1,206.64651991595292,22.012862606587987,0.3333333333333333,0.0,-0.0,-1.3333333333333333,-0.0,0.0
1574,train,2,1,0,16.782591873870274,1258.6105663379676,0.6666666666666666,0.0,0.0,0.6666666666666666,-0.0,0.0
1575,train,0,1,0,195.90813528029537,941.7291602627497,0.0,0.0,-0.0,0.0,2.5,-3.454368443925432
1575,train,1,2,1,-110.68899510909495,-934.7724782507225,0.0,-0.0,0.0,-0.6666666666666666,-0.5,-10.79313461045777
1576,validation,1,0,0,138.7449858316611,1484.226003720115,0.0,0.0,1417.9169476960813,0.0,0.0,0.0
1576,validation,0,2,1,-985.8243314869875,-3026.435090226986,0.0,0.0,-650.7735908346542,-0.0,-0.0,-0.0
1577,train,1,0,0,0.8260159475748878,-426.9320318548853,0.0,773.7892159599162,-0.0,-0.0,-0.3333333333333333,0.0
1577,train,2,0,0,136.9113229449198,204.1436672828404,0.0,276.5677023137006,0.0,-0.0,0.6666666666666666,0.0
1578,train,0,2,0,117.80081602098187,1116.1628404966232,0.0,-0.0,-0.0,1.0,1.3333333333333333,0.0
1578,train,1,2,0,68.65912769537817,-345.52744412487846,-0.0,-0.0,-0.0,0.5,0.0,84.02816811761389
1579,train,0,1,1,-151.2577880815591,-548.6239925562227,-0.5,0.0,-113.82777485613357,0.0,-0.0,0.0
1579,train,2,0,0,-38.308984958886924,-189.07965200998024,0.0,-0.0,123.32523860060451,-0.0,0.0,0.0
1580,train,0,1,1,80.95596549871448,202.2328831611958,-0.0,86.06853312585147,-260.99134928059937,0.6,0.0,32.94506795293122
1580,train,0,2,1,-22.71359356868527,-485.1111288313232,-0.0,-39.85151661809155,-14.036781734935495,0.0,0.0,29.690486398432984
1581,test,1,0,1,-1071.936972725443,-1812.1541561919657,0.0,-217.459406461834,135.79903361838097,-1.6,-1.2000000000000002,0.0
1581,test,2,1,0,-170.32355311575282,-1398.6003472591638,-0.0,-196.18804752690266,421.0936667351721,1.2000000000000002,0.4,-0.0
1582,train,2,0,1,-46.44488513253316,-2891.2312972308227,0.0,-270.9233283189883,-9.369399502565456,0.0,-0.6,75.05140426288571
1582,train,2,1,1,-466.0495895700104,-2258.926564864645,0.0,-295.5991438332517,-52.56442418786271,-0.0,-1.5,75.05140426288571
1583,test,0,2,0,-56.93657457594077,4016.0273297384665,0.0,0.0,0.0,-0.0,0.0,0.0
1583,test,2,1,1,85.0748445617362,-1603.03884223149,-0.0,0.0,-0.0,0.0,-0.0,0.0
1584,train,0,2,0,421.32575225278924,767.0832883745643,0.2,0.0,79.79359436783932,0.0,-0.3,0.0
1584,train,1,2,0,104.05948686070258,440.42704759701064,0.6000000000000001,0.0,42.43015090890777,0.0,-0.6,106.05656283914328
1585,train,0,1,1,-693.2707346215059,2145.6353350472227,0.0,-0.0,-0.0,0.0,0.0,0.0
1585,train,0,2,1,-455.52259926551733,-608.9480778831539,0.0,-0.0,0.0,0.0,0.0,-0.0
1586,test,0,2,0,-206.04046613738507,544.7247651228272,-0.14285714285714285,-23.746678139767504,124.5470057611351,0.47619047619047616,0.0,0.2216408227473959
1586,test,2,1,1,-2.879828421289858,-1107.6611653319442,0.14285714285714285,-118.64367724049066,-89.42957883719205,-0.47619047619047616,-0.6666666666666666,-21.96736010079985
1587,test,0,1,1,-88.17004302763593,-619.3045619899908,0.0,-0.0,0.0,0.0,0.0,0.0
1587,test,2,0,0,-31.696148002218365,-179.1543392908593,0.0,0.0,-0.0,-0.0,0.0,0.0
1588,validation,1,0,0,-44.958628209958874,-896.4132380119586,0.0,0.0,291.26006360223334,-0.0,0.0,0.0
1588,validation,0,2,1,110.32001546730635,576.5465521814267,0.0,-0.0,-195.2391078762501,0.0,-1.3333333333333333,-0.0
1589,test,2,0,1,-428.7228674882339,-477.77482862359193,0.0,0.0,-0.0,0.0,-0.0,-0.0
1589,test,1,2,0,8.393962904043633,193.28016500256308,2.0,-0.0,-0.0,0.0,0.0,0.0
1590,train,0,2,0,-133.9031461642105,3189.844676468844,0.0,475.60927465761824,595.7655668825258,-0.3333333333333333,0.0,-0.0
1590,train,2,1,1,-427.94660743314125,-2645.5369255717114,0.0,-270.2260523724732,266.9645395469497,-1.3333333333333333,-0.0,0.0
1591,train,0,1,1,-7.347412029470831,323.2302646198664,-1.0,-0.0,0.0,0.0,0.0,0.0
1591,train,0,2,1,122.95087762838801,414.2364274748452,0.0,-0.0,0.0,0.0,-0.0,0.0
1592,test,0,1,0,-76.19609976466677,1026.3866121557421,0.0,-0.0,0.0,0.0,0.0,0.0
1592,test,2,1,0,-0.9007195259396212,1995.8257218247663,0.0,-0.0,0.0,0.0,-0.0,0.0
1593,train,1,0,0,201.5981252777239,240.0258868227038,-0.0,-64.5953727106831,0.0,0.0,-1.0,-10.140817301786868
1593,train,2,0,0,158.5629991341612,379.5792770044318,-0.0,-1.8520876128933044,0.0,-0.0,-1.5,-33.5233191970063
1594,validation,0,2,0,-224.90993936328846,-951.3485906471851,2.0,-0.0,-0.0,-0.0,-0.0,-0.0
1594,validation,1,2,0,323.1142949503635,492.8520867407633,0.0,0.0,0.0,0.0,0.0,-0.0
1595,test,0,2,0,-316.2032208313635,709.8727227759973,-0.0,382.1677158760178,1113.4403934821519,1.0666666666666667,-0.2,-1.6239790902290983
1595,test,2,1,1,891.0669524450311,-148.32899105020442,0.0,-518.4090404042594,-388.90276898861566,-1.0666666666666667,0.0,0.19426260363798822
1596,train,2,0,1,92.96707935933074,91.81008327340987,-0.0,0.0,0.0,0.0,0.0,0.0
1596,train,1,2,0,227.78816414596946,560.070819167745,0.0,-0.0,-0.0,-0.0,0.0,0.0
1597,train,0,2,0,-53.475310805817344,163.67983336820043,0.0,-0.0,24.93555172303806,0.0,4.5,-0.0
1597,train,2,1,1,-30.46879439728491,632.4993730973051,0.0,0.0,1.4130609448224996,-0.0,-0.5,0.0
1598,validation,0,2,0,-76.79139047365629,-653.1972620562324,0.0,0.0,-0.0,0.0,-0.0,-0.0
1598,validation,2,1,1,-72.22680555163629,1280.197179960961,0.0,0.0,0.0,0.0,-0.0,-0.0
1599,train,0,2,0,-178.38388028597922,1032.571040149293,1.3333333333333333,572.5739041744511,-0.0,0.0,-0.0,-0.0
1599,train,2,1,1,21.967782502438013,-1352.4409912814613,-0.6666666666666666,-254.96038532881732,0.0,-0.0,0.0,-0.0
1600,test,2,0,1,-136.45318859280275,-1151.2651316118681,0.0,96.78860510163344,-99.34981553648186,0.0,-0.26666666666666666,-0.0
1600,test,1,2,0,161.44462249524605,1033.4758781669489,0.0,-216.00136717546485,120.17067326343512,0.0,0.6666666666666666,0.0
1601,validation,0,1,0,797.5953922445883,1561.2065269263794,0.0,-145.07809939174908,142.32299642512658,-0.047619047619047616,0.19047619047619047,178.9553896445875
1601,validation,2,1,0,120.29180100409644,-23.831655337542088,0.2857142857142857,21.11643201977315,-12.93071266970249,0.0,0.19047619047619047,0.0
1602,validation,2,0,1,974.6444793105469,1767.0281497477936,-3.0,282.1730720281605,-72.83140186846363,0.0,-0.0,-0.0
1602,validation,1,2,0,-752.9748737563622,567.6832488804239,0.0,-442.13142106382,990.4206069271637,-0.0,0.0,-0.0
1603,train,0,1,1,-41.725795569594254,-724.3991869028955,-1.0,-0.0,0.0,-0.0,-0.0,0.0
1603,train,0,2,1,133.12799273405295,500.3147989017384,-1.0,-0.0,0.0,0.0,0.0,0.0
1604,train,2,0,1,-81.6308814844216,728.9416789920997,0.0,-0.0,0.0,0.0,-0.0,-0.0
1604,train,2,1,1,-225.23657751338885,-1119.3645141991528,0.0,-0.0,0.0,0.0,-0.0,0.0
1605,test,0,1,0,114.3007634125371,493.0334542312935,0.8571428571428571,-18.584989264808396,9.422007566708587,0.0,-0.2857142857142857,10.408386709002398
1605,test,2,1,0,-143.64470594892185,8.379963331045019,1.1428571428571428,136.3345703540201,11.717781389582926,0.0,0.0,0.0
1606,train,0,2,0,127.87253313670917,295.4629136303165,0.0,-78.37508809278066,-100.44024833911301,0.14285714285714285,0.5714285714285714,9.064171981449228
1606,train,2,1,1,-51.45883169914916,-79.2341837550548,-0.19047619047619047,87.7762714181791,42.350553453883535,0.0,-1.1428571428571428,-1.6430040475657797
1607,train,2,0,1,-147.9635420762187,1182.2338648515206,0.0,0.0,0.0,0.0,0.0,-0.0
1607,train,1,2,0,309.8162919617955,637.0908550328941,-0.0,-0.0,-0.0,-0.0,-0.0,0.0
1608,train,0,1,1,-273.69946315812945,-58.87915915996291,-0.1,-246.80069355599193,0.0,0.4,-4.0,0.0
1608,train,2,0,0,568.9367771115368,1008.2255849171725,0.1,205.08552426420658,0.0,0.4,0.4,0.0
1609,test,0,1,1,-74.35200398532362,393.33221201592596,-0.0,-309.4280409500961,5.084969111321118,0.0,0.0,0.0
1609,test,2,0,0,24.701378460204182,-17.07561180795392,0.0,-19.495643162114494,58.942536938360064,0.4,-0.1,-0.0
1610,train,0,2,0,20.161681051587607,-395.83507590041836,0.3333333333333333,361.79072016334976,-0.0,-0.0,0.0,-0.0
1610,train,2,1,1,22.699024982627293,278.5495015401698,0.3333333333333333,-403.34359448848295,0.0,0.0,-0.16666666666666666,0.0
1611,train,2,0,1,29.804359427184522,703.8927928528096,0.0,198.8430415560689,-0.953333868528386,-0.23809523809523808,0.2857142857142857,-60.954014603615946
1611,train,1,2,0,-118.86410291674122,80.320581890006,0.5714285714285714,131.18965788566604,64.91400367553398,0.0,0.0,70.54388321163681
1612,train,1,0,0,13.048524257107829,49.80428232195072,0.3333333333333333,370.3602833287764,-0.0,0.0,-0.0,27.45505293262649
1612,train,0,2,1,-221.99601562756806,-1184.964629928867,0.0,-733.3757562327983,-0.0,0.0,0.0,-61.79769469295755
1613,train,2,0,1,-275.8055619243902,760.3586854144078,-0.0,-0.0,-0.0,-0.0,0.0,0.0
1613,train,1,2,0,-56.784448124895334,-938.3867575702334,0.0,-0.0,0.0,0.0,-0.0,-0.0
1614,validation,1,0,1,-31.95845167748169,102.58026850299166,0.06666666666666667,-155.14789782571057,0.0,-0.5333333333333333,-0.13333333333333333,-9.979343360525872
1614,validation,2,1,0,199.32616747706345,608.6184409247758,-0.13333333333333333,563.8391318981387,-0.0,0.26666666666666666,0.0,-37.070670433166505
1615,validation,0,1,1,-3.5275347446731757,-568.5912858119946,-0.0,0.0,-0.0,0.0,0.0,0.0
1615,validation,2,0,0,4.090141704207213,168.6678484442814,0.0,-0.0,-0.0,-0.0,0.0,382.7050085344338
1616,train,1,0,0,268.17378884867355,204.3306087480005,-0.26666666666666666,-56.44415169231193,561.3932670867632,0.6666666666666666,-0.0,-45.62404494331623
1616,train,0,2,1,-22.130882782361937,-917.1738531856045,0.0,44.31911018317822,-426.1510225273415,0.0,-0.0,17.093719816780347
1617,train,0,2,0,-201.1205945313386,1757.3406736059933,0.8,-0.0,250.62748115058977,0.0,0.0,107.56498215087316
1617,train,1,2,0,-122.8940877083021,1053.822845138944,1.2000000000000002,-0.0,-143.80984937120664,0.2,0.0,48.07102091362657
1618,validation,0,1,0,73.104155760207,427.8849694608971,0.6666666666666666,0.0,19.448392515798265,0.0,0.6000000000000001,131.20605857512015
1618,validation,1,2,1,-200.69267903757765,-661.1894616769287,-0.3333333333333333,-0.0,-25.823246001707837,-0.13333333333333333,0.0,-99.23587671123636
1619,train,1,0,0,-135.50609261187986,30.5814754887856,-0.2,30.930325287244614,-32.10236783611425,0.0,0.0,44.174348014391036
1619,train,2,0,0,55.786516175710744,1207.501213483447,-0.13333333333333333,-78.18848371556743,153.9843600892643,0.0,1.0666666666666667,-17.292468968301833
1620,train,2,0,1,-232.18683977551228,-97.67139849956402,0.0,0.0,-0.0,0.0,-1.0,-0.0
1620,train,2,1,1,-163.9185452351341,-631.7670124412289,0.0,0.0,-0.0,0.0,-2.0,-0.0
1621,train,2,0,1,125.5212181380623,556.8427217987432,-0.0,61.858009689630286,-55.031136216722636,0.0,0.0,-52.41079312711015
1621,train,2,1,1,86.5676696632678,-106.23863365130228,-0.0,-157.76607572481342,15.204543533376771,0.0,-0.30000000000000004,-138.83319738111376
1622,train,1,0,1,-79.07740624913026,1225.9710627162858,-0.0,0.0,-0.0,0.0,0.0,0.0
1622,train,1,2,1,-746.2528302241242,-364.4616727390221,-0.0,0.0,-0.0,-0.0,-0.0,0.0
1623,train,1,0,0,93.569842894673,-196.4740244659256,0.4,-119.56107433280219,264.16453954625354,0.0,-0.4,-0.16128341829727902
1623,train,2,0,0,328.6555750843977,907.2436458353218,0.0,431.4720184774567,355.3405093237808,0.0,-0.6666666666666666,35.24465713445689
1624,validation,0,1,1,221.96578000902525,58.96034083862105,-0.5,-0.0,-0.0,0.0,-0.0,-105.925311794429
1624,validation,2,0,0,-371.7285504246952,-62.626204083154335,2.0,0.0,0.0,0.16666666666666666,0.0,92.72448140844591
1625,test,1,0,1,-330.9875478979144,-462.7190212330497,0.0,61.6135061894542,69.55140416953455,-0.0,-0.4,-20.04774653359045
1625,test,1,2,1,-31.517631506966836,76.67040024351672,0.0,-61.97242417786117,186.9598476060051,-0.0,0.0,-118.46004923809275
1626,train,1,0,1,234.57050042470246,736.760485200235,0.4,302.73593985427954,-67.98539363942527,0.0,0.0,-40.75264722033285
1626,train,1,2,1,179.24462528561605,1425.0721450933256,-0.4,30.446658229061676,-58.196227036697465,0.0,0.0,7.706761387321072
1627,train,0,1,1,-1268.4795601950227,-538.9392208113668,0.0,1048.497313725143,0.0,-0.6666666666666666,-0.5,0.0
1627,train,2,0,0,306.1349933179446,2248.5816395927914,-0.0,-427.8321499319568,-0.0,0.3333333333333333,0.5,-0.0
1628,train,2,0,1,405.6756095554491,435.8765117193275,-0.09523809523809523,36.603668752813505,-174.94281105303028,0.14285714285714285,1.1428571428571428,-19.105788713981994
1628,train,1,2,0,-332.6181062320305,262.3526074741808,0.19047619047619047,-32.3895773047483,94.56909979941591,-0.14285714285714285,-0.9523809523809523,-42.4861666243712
1629,test,0,2,0,501.8541394501542,2632.903219768973,-0.0,455.1047533894043,28.037008569988032,0.0,0.0,93.24922287435585
1629,test,1,2,0,188.93213153472084,123.7336933703391,-0.0,-159.1856871081269,370.21757469466877,0.3,-0.0,94.09217856553585
1630,train,0,1,1,-374.33030163408046,-1255.1561034631163,0.23809523809523808,-4.416664698864137,15.54456298439436,-0.19047619047619047,-0.2857142857142857,-12.612640227680917
1630,train,2,0,0,6.280618006597365,604.6956935585349,0.47619047619047616,-15.595175314561196,-12.567316544165237,0.0,0.0,183.52546476005665
1631,test,0,1,1,-111.0953821008577,-90.74562768285296,0.0,-0.0,0.0,-0.0,-0.0,-0.0
1631,test,2,0,0,111.00759606792917,301.73219116825476,-0.0,0.0,0.0,0.0,0.0,-0.0
1632,validation,0,1,1,-249.52733442008775,-2045.5943066839836,0.6000000000000001,0.0,-349.9757241089984,-0.2,-1.2000000000000002,0.0
1632,validation,0,2,1,-398.07312040114425,-684.1982818341194,0.2,0.0,110.88963861890731,0.0,-0.8,0.0
1633,test,0,2,0,13.787096943398524,581.2610294281935,0.0,0.0,0.0,0.3333333333333333,1.0,0.0
1633,test,2,1,1,-179.56631871025706,-884.1789303822902,-0.16666666666666666,-0.0,-0.0,-0.6666666666666666,-0.5,0.0
1634,train,1,0,0,-154.531898323314,-752.6790719304945,0.0,0.0,0.0,0.0,-0.0,-0.0
1634,train,2,0,0,-25.45393998290774,-1094.2591748901064,-0.0,-0.0,0.0,0.0,0.0,-0.0
1635,train,0,1,0,429.94762438369276,951.5415198834312,-0.0,0.0,0.0,0.0,0.0,0.0
1635,train,2,1,0,312.4655238164996,-16.62561197786954,-0.0,-0.0,0.0,0.0,-0.0,-0.0
1636,train,1,0,1,41.24327976247105,54.327991637954256,0.0,55.393828846568255,24.40789113415167,-0.6666666666666666,0.5333333333333333,-48.46015737548458
1636,train,1,2,1,-175.09630148918825,-955.6394204169014,0.0,-148.10210930878546,12.474005910459649,0.0,0.0,-174.9787600555978
1637,train,0,1,1,115.75114106425332,-67.93009711214654,0.0,-344.4179836476746,0.0,0.0,-0.0,18.673912581949693
1637,train,2,0,0,-73.51302172623633,230.2463443370666,0.3333333333333333,5.096074348420714,-0.0,0.0,0.0,-11.660211995751668
1638,validation,0,1,0,9.504090382196296,-583.7567076253499,0.2,-461.0347672119876,-13.276773820338326,0.0,-0.3333333333333333,18.05102309213038
1638,validation,1,2,1,-9.432076032001305,214.9643668260269,-0.2,191.49570036428153,30.030665773806252,0.0,-0.6666666666666666,-7.4219882687749115
1639,train,0,1,1,-104.96583842644395,-458.33541674884964,0.0,-421.6963743426514,64.18096767054772,-0.0,0.0,0.0
1639,train,2,0,0,65.94836054826021,69.04361108265039,0.0,586.4204921502327,211.95202397792968,0.0,-0.0,0.0
1640,train,0,1,0,-84.76941388506896,655.2766983642764,-0.3333333333333333,0.0,-0.0,0.0,-0.0,236.7441130237103
1640,train,1,2,1,-63.51975494997896,-526.1715939689971,-0.3333333333333333,0.0,-0.0,0.0,0.0,-73.11829001428444
1641,test,2,0,1,82.86539096932734,2199.603962098441,-0.0,0.0,-1877.73980218552,0.0,0.0,-0.0
1641,test,1,2,0,-655.5237533200624,-2127.502872711386,0.0,-0.0,837.792226688179,-0.0,-0.0,0.0
1642,validation,0,2,0,-664.9624591303732,252.87108792542585,0.0,1318.780311925185,0.0,0.0,0.0,0.0
1642,validation,1,2,0,-548.8499094953736,-491.019615327109,0.0,1276.589937995953,0.0,0.0,0.0,-0.0
1643,train,1,0,0,11.138851522128675,851.8591913138853,0.3333333333333333,0.0,-0.0,0.0,0.0,117.95490701080946
1643,train,0,2,1,-34.93152213970785,488.06057302621775,0.0,-0.0,-0.0,0.0,-0.0,-95.46455751479652
1644,test,1,0,0,60.20726319311484,698.6270911204492,0.0,-0.0,-0.0,0.0,-0.0,0.0
1644,test,0,2,1,-418.0442590956569,-1181.0007739086013,0.0,0.0,-0.0,-0.0,-0.0,-0.0
1645,train,2,0,1,202.28272439678307,634.0074362443584,0.0,0.0,-53.024048929000315,-0.6666666666666666,0.0,-0.0
1645,train,1,2,0,479.4504970672415,151.14928296992548,0.0,0.0,216.48311543116984,0.3333333333333333,-0.0,-0.0
1646,train,0,2,0,69.84587803567251,-403.7941231914174,0.2857142857142857,-32.318945456774784,-83.98995864757126,0.0,1.4285714285714284,-84.05190684096277
1646,train,1,2,0,-164.88541692323622,-1728.939358866975,0.09523809523809523,-7.351828192958453,-149.05160796587037,0.7619047619047619,0.42857142857142855,45.616202454920895
1647,validation,2,0,1,-36.95032737696772,98.56463453941569,0.0,0.0,-18.106464202090457,-0.6666666666666666,-0.13333333333333333,-39.5636753848131
1647,validation,1,2,0,45.659817969334426,481.63436165602434,0.06666666666666667,0.0,67.38934193436152,0.3333333333333333,0.4,80.22412138751028
1648,train,1,0,0,161.46082225990966,577.0519445099962,0.0,411.3931566140361,-0.8630503898036825,-0.2,1.8666666666666667,8.299937662941405
1648,train,2,0,0,73.809520980424,-524.6412417946153,0.0,119.66249805751318,64.30517756095247,0.2,0.26666666666666666,-5.743329995038759
1649,train,0,1,1,-200.8774581787451,-1236.8982359684223,-0.0,-0.0,0.0,0.0,-0.0,-0.0
1649,train,0,2,1,-240.28115498698332,-1835.5992380759017,-0.0,-0.0,-0.0,0.0,0.0,0.0
1650,train,0,1,1,-36.956772260645835,1245.3861723704777,0.0,-74.62295164935273,-59.124007749894616,0.0,0.0,26.716044428836483
1650,train,0,2,1,-92.58075447046542,939.1064395034136,-0.09523809523809523,-127.47949768587023,-34.27250810506107,0.0,0.23809523809523808,19.643998190169246
1651,train,2,0,1,82.30613104485565,882.6149527508537,0.0,-173.886855739465,0.0,0.0,-0.0,-6.317298937373683
1651,train,2,1,1,-150.39880690015082,981.9797663432669,0.0,-252.0878622713441,0.0,0.0,0.0,-27.85355066274866
1652,test,1,0,0,-47.69359794298117,25.890993885092485,0.0,-0.0,-0.0,0.0,0.0,0.0
1652,test,0,2,1,-26.401747420736285,427.0059432009966,0.0,-0.0,-0.0,0.0,-0.0,-0.0
1653,validation,1,0,1,-198.4785091311595,27.44881848188561,-0.0,-834.400334997968,58.68772538598752,0.0,-0.0,-233.33952849437452
1653,validation,1,2,1,231.0762949484374,453.3247000734591,-0.0,-1157.5839961729544,155.80415092617284,0.0,0.0,37.01348866382196
1654,train,1,0,1,40.42975290398857,-975.5094932603411,0.0,-155.24446403673883,-13.809652266802676,-0.4,0.0,14.256070057793067
1654,train,2,1,0,-79.44682595449086,122.42953922877177,0.0,141.65182453232288,308.27168317638086,0.0,0.0,3.5068265316083664
1655,train,1,0,1,-58.27503567057158,792.9745307071798,0.0,-0.0,-0.0,0.0,0.0,0.0
1655,train,1,2,1,-499.1893919726484,-3135.7313231216403,-0.0,-0.0,-0.0,0.0,-0.0,0.0
1656,train,0,2,0,1.9389564091512739,-707.1832474994185,0.0,15.304237617145402,257.88324155651145,0.0,-0.0,92.76848503004123
1656,train,2,1,1,37.132546265563235,809.2898514920071,0.0,-0.685475223780486,-75.38995063442111,0.0,0.0,10.99746632667297
1657,validation,1,0,1,128.10078062305092,-1840.8165561376518,0.0,-138.9348258244806,-294.67157927757455,-0.23809523809523808,0.14285714285714285,-22.969649038176886
1657,validation,2,1,0,-196.1520069846108,321.96885872159055,0.5714285714285714,121.04009469225161,72.24140081618668,0.23809523809523808,-0.14285714285714285,-5.759415931795425
1658,validation,0,1,0,195.17709883480194,1200.5465454016107,0.0,-0.0,330.1311862677408,0.0,-0.0,0.0
1658,validation,1,2,1,-177.1061384301749,-903.6620916523952,-0.0,-0.0,-777.714377944098,0.0,0.0,-0.0
1659,train,1,0,0,-560.0923602498573,1980.3537088843004,0.13333333333333333,231.97078633873792,359.40981339092406,0.0,-0.3333333333333333,0.0
1659,train,0,2,1,196.71438010190423,-1799.8344782845697,0.13333333333333333,-247.54350707615342,-336.37621009821305,0.0,1.3333333333333333,-0.0
1660,train,1,0,0,265.0267686972311,1294.9603397782894,-1.0,-0.0,-0.0,0.16666666666666666,0.0,116.36273604923954
1660,train,2,0,0,250.33759631471526,278.1934224769975,-0.6666666666666666,-0.0,-0.0,0.0,0.0,213.07180557828528
1661,train,2,0,1,-1.1412697428507386,592.2673152226225,-0.0,-0.0,0.0,-0.0,0.0,0.0
1661,train,2,1,1,-42.98378119819216,336.05615810488234,-0.0,-0.0,0.0,-0.0,0.0,-0.0
1662,train,1,0,1,-84.66800940957478,-2130.1107424919846,-2.0,-0.0,0.0,0.0,-0.0,-0.0
1662,train,1,2,1,-273.10231514608483,-936.6900800145168,-1.0,0.0,0.0,-0.0,0.0,0.0
1663,train,1,0,1,-661.4541891392623,-1366.9208852004977,0.3333333333333333,-0.0,-843.1979047994264,-0.0,-0.0,0.0
1663,train,1,2,1,-442.5963646461969,-1366.9208852004977,-0.6666666666666666,-0.0,-2831.6050100064517,0.0,-0.0,-0.0
1664,train,0,1,1,-319.8398036403553,-1602.403739130229,0.0,-74.2573792077128,60.478177702061934,0.0,0.6000000000000001,-0.0
1664,train,0,2,1,-227.16700734161782,-1866.906170469435,-0.0,-80.23047697905318,-301.12138253382926,-0.3,-0.2,0.0
1665,train,0,2,0,305.6835398906178,798.1006109269947,-0.0,-0.0,1244.1498666552184,0.0,-0.0,0.0
1665,train,2,1,1,397.2747499924652,-189.26838490348837,0.0,0.0,-804.7032704295751,-0.0,0.0,0.0
1666,train,1,0,1,79.11185490512003,230.2766430419888,-0.0,-0.0,0.0,-0.0,0.0,-368.30050846710645
1666,train,1,2,1,-444.8139208615056,1228.506314790081,-0.0,-0.0,0.0,-0.0,-0.0,-263.29027832634523
1667,train,0,1,0,-30.60965392096307,778.8505544470263,0.0,223.20555605817532,-0.0,0.0,-0.0,24.726514334047728
1667,train,2,1,0,13.084998933736188,832.3824327358388,0.0,131.65015522277045,0.0,0.0,0.0,203.74294599220434
1668,train,2,0,1,80.16864949217643,27.482824411761612,-0.0,-0.0,-0.0,-0.0,0.0,0.0
1668,train,2,1,1,-146.12016707287057,428.01903074643724,-0.0,0.0,0.0,-0.0,0.0,-0.0
1669,validation,0,2,0,27.281972684557502,177.85465594686002,0.6666666666666666,77.82839890297757,1.2984584767757876,-0.2,0.0,0.0
1669,validation,1,2,0,353.86954324763826,696.947557522175,0.0,53.66618002423623,-20.31011748791275,0.0,-0.26666666666666666,0.0
1670,train,0,1,1,-9.252386021593736,-582.5420540249224,0.0,84.2054510954426,-17.691446786959222,0.0,-0.0,-19.979267478922992
1670,train,0,2,1,-212.50396645476297,-825.3111613466913,-0.0,-1.962472990842116,-79.34539715649056,-1.2000000000000002,-0.0,-30.211519822760035
1671,validation,1,0,0,125.46796255563743,488.53983067365925,0.5714285714285714,161.93124786974502,161.14801693611363,0.0,0.0,4.441168900010152
1671,validation,0,2,1,-113.72524131347421,-889.4244338494168,-0.19047619047619047,-12.968175489302455,-43.82062947363261,0.0,-0.14285714285714285,-29.0534314997218
1672,train,0,2,0,-225.72078354663847,-170.12579336089584,-0.14285714285714285,28.609396020305244,-26.292210386055192,0.23809523809523808,0.2857142857142857,-21.14956536039193
1672,train,1,2,0,-308.6806498092556,-125.56835093578411,-0.14285714285714285,6.399409588388707,192.38036906902684,0.7142857142857142,0.2857142857142857,-28.903443651708642
1673,train,0,1,0,-250.78496762826967,-771.6210466085058,0.0,0.0,0.0,-0.0,2.0,108.33503482821257
1673,train,2,1,0,121.04992267599255,685.1609535885827,0.0,0.0,0.0,0.0,0.6666666666666666,101.97629870098496
1674,train,0,2,0,125.15436585206396,360.11310434177403,0.0,0.0,-0.0,0.16666666666666666,0.0,121.4243385291831
1674,train,2,1,1,25.39497810515587,-775.905098808455,-0.0,-0.0,0.0,0.16666666666666666,0.3333333333333333,-143.6980056173569
1675,validation,0,2,0,-43.32136224179078,-1334.9683647058782,0.47619047619047616,75.43337499017555,-105.14557931888085,0.0,-0.47619047619047616,-3.6100387440946435
1675,validation,2,1,1,68.81220947840222,666.7363117065079,0.0,-56.08913598474694,-67.70887598482324,-0.09523809523809523,-0.2857142857142857,-46.921671825213316
1676,train,0,1,1,-52.615509837183936,-1671.025981145016,-1.0,-0.0,0.0,0.0,0.0,-0.0
1676,train,2,0,0,566.6676007400313,1904.121180239792,-0.3333333333333333,-0.0,-0.0,-0.0,-1.3333333333333333,0.0
1677,train,0,2,0,73.79601499784076,2783.318476473728,0.0,160.42708768728582,149.468168608951,0.0,0.7142857142857142,31.70947637969517
1677,train,1,2,0,184.54560265975965,841.2441461441749,0.2857142857142857,103.714924983027,44.69471477224424,0.38095238095238093,0.5714285714285714,-9.164419185716778
1678,train,0,2,0,47.474564549793854,-79.25298497536187,0.0,-0.0,-0.0,0.0,-0.0,0.0
1678,train,2,1,1,125.73156344749725,-673.8143988227166,0.0,-0.0,-0.0,-0.0,-0.0,-0.0
1679,test,2,0,1,62.17405350365709,139.94137878114452,0.0,-0.0,-966.2969276815221,0.0,-0.0,-0.0
1679,test,1,2,0,48.7448371513284,89.8906492655924,0.0,-0.0,2216.794743922073,-0.0,0.0,0.0
1680,train,2,0,1,-374.036847547708,956.966270882212,0.0,-48.471813789651904,-8.664189670832016,0.0,0.2,-0.0
1680,train,2,1,1,-420.6297223399988,634.0443943910404,0.0,14.90460792342416,-110.85002491505016,0.0,0.2,0.0
1681,train,0,1,0,378.9329335039677,1092.5988014113645,0.2,105.84449177709747,81.06297042155741,0.0,0.0,0.0
1681,train,2,1,0,33.36367959289754,884.6247530911423,0.0,5.9951750902372165,89.18136892956855,0.0,0.0,105.77064736664698
1682,train,1,0,1,-121.56558516783718,-96.90398085575998,0.0,76.38261802932394,228.49268549076712,0.16666666666666666,0.0,-0.0
1682,train,1,2,1,38.29888548489873,-710.0672720533253,0.0,-36.45653522962061,79.59054930483148,0.0,-0.0,0.0
1683,test,1,0,1,-253.85277476944043,-1172.0821777975807,-0.0,207.22752911604172,92.82633314969313,-0.13333333333333333,-1.8666666666666667,109.878724128311
1683,test,2,1,0,38.23712199319198,1726.297809110767,0.0,108.0297328734856,-28.07374669443499,0.0,0.5333333333333333,-1.3848069740447309
1684,train,1,0,0,165.31687296630207,699.2697568458534,-0.26666666666666666,983.2016414251367,-32.35083064392006,0.0,1.8,246.12443208155688
1684,train,2,0,0,358.74888345183854,12.909251395042702,-0.26666666666666666,142.9618085195915,-120.57521673817595,-0.0,1.4000000000000001,145.75986864775325
1685,train,1,0,1,-569.9658501863414,-1031.865461348516,-0.0,0.0,0.0,0.3333333333333333,-2.0,0.0
1685,train,1,2,1,-404.12395485652905,-2357.174689111336,0.0,0.0,-0.0,-0.6666666666666666,-4.0,0.0
1686,train,2,0,1,-82.8885302657095,-1687.0733051657771,0.0,-0.0,0.0,-1.0,-0.0,-0.0
1686,train,2,1,1,-164.1735147199729,-1040.9632492086366,0.0,-0.0,0.0,-3.0,0.0,0.0
1687,validation,0,2,0,311.84518487698386,571.6113157215382,-0.0,-0.0,0.0,0.0,-0.0,0.0
1687,validation,2,1,1,-455.0547113871449,-1150.2228977999189,0.0,-0.0,-0.0,-0.0,-0.0,-0.0
1688,train,2,0,1,-271.9063815387168,-872.5704201713256,-0.0,-0.0,-0.0,-0.0,-0.0,-0.0
1688,train,2,1,1,-359.65144012773965,-702.1549043900559,0.0,-0.0,0.0,-0.0,0.0,-0.0
1689,train,1,0,0,157.3633847728214,753.6494675007589,0.0,75.80823152080463,-12.563109579337151,0.0,-1.2000000000000002,56.92896213908421
1689,train,0,2,1,-347.6354199448648,-1807.0480584398856,0.0,-77.45351204867615,45.69619522812297,-0.3333333333333333,0.6000000000000001,-121.03495778233042
1690,train,0,1,1,-483.34839965321765,349.67876043901424,-0.0,0.0,-67.91355647227725,-0.8,0.1,37.36670705836408
1690,train,0,2,1,-232.72126134675858,45.6189007911662,0.0,0.0,-54.330986454759504,0.0,-0.2,31.988832300304313
1691,train,1,0,1,-34.54873553895857,-651.493202726308,-0.0,-833.8681828413324,-0.0,0.0,0.0,0.0
1691,train,2,1,0,-17.386638883188482,44.07896169355308,0.0,100.6826198932913,0.0,0.0,0.0,-0.0
1692,train,0,1,1,41.46835190047631,-179.24078890733472,-0.4,160.17604254469734,-48.113790472480616,-0.06666666666666667,0.26666666666666666,-0.0
1692,train,2,0,0,77.60425585139143,-482.32301149444856,0.0,-298.8844339039701,76.09775616244909,0.13333333333333333,0.8,0.0
1693,train,0,1,0,549.3658195525069,745.0103698876146,-0.0,-0.0,0.0,-0.0,0.0,0.0
1693,train,1,2,1,-277.62741869978356,-1813.982717118456,0.0,0.0,0.0,-0.0,0.0,0.0
1694,validation,0,1,0,438.1092492289205,1261.7518829318824,0.0,153.06167505109426,0.0,0.0,0.0,25.681789096743746
1694,validation,1,2,1,-71.90973762241924,-911.9335400470563,0.0,-315.35164098761726,0.0,-1.0,0.0,11.375617766367059
1695,validation,0,1,1,-197.15614325239642,-614.8907314845719,0.0,0.0,0.0,-0.0,-0.6666666666666666,-172.17219587246873
1695,validation,0,2,1,100.94521439998198,-517.8964986214105,0.0,-0.0,0.0,0.0,0.0,-107.59542999828996
1696,train,1,0,0,351.7794481745441,2253.474268450528,0.6666666666666666,0.0,-0.0,0.0,0.6666666666666666,0.0
1696,train,0,2,1,-226.28858912693693,399.4562775535337,-0.6666666666666666,0.0,0.0,0.0,0.6666666666666666,-0.0
1697,train,0,2,0,-52.326038848456506,340.5035448289609,0.0,-148.46288313298746,-0.0,0.0,0.6666666666666666,24.564855596144014
1697,train,1,2,0,89.6957490213548,-257.41799941970294,0.2,-33.29314855730421,0.0,0.5333333333333333,2.0,-0.039227357297141906
1698,train,0,1,0,122.33700102473028,357.0701732590164,0.19047619047619047,116.50139101419275,-1.126943500600711,-0.14285714285714285,0.5714285714285714,8.596461640695646
1698,train,2,1,0,-165.12772160937607,495.8821788682503,0.0,-454.40130543135865,22.765291712218584,0.42857142857142855,0.2857142857142857,-3.985202144922337
1699,train,0,1,1,72.39895239363648,-465.61080094873296,0.19047619047619047,160.2534425329261,-53.24997744256241,-0.47619047619047616,-0.09523809523809523,-39.63757766060034
1699,train,2,0,0,110.68103166196545,518.278558729136,-0.09523809523809523,-47.50083987156384,27.033689852496227,0.0,0.0,-42.48707307011612
1700,test,0,2,0,-25.012482001795092,-417.91144585708935,0.0,-55.64767462483142,280.9712969417424,0.0,-0.0,-3.7105651875377648
1700,test,2,1,1,80.3064594136955,-799.7097860441363,-0.8999999999999999,-28.65413024890668,-200.58756348497116,-0.0,0.0,-3.3265981678949235
1701,train,0,2,0,329.08291614705706,512.4925785182504,0.3,-76.52578430310396,3.7262360447712584,0.0,-0.0,-0.0
1701,train,2,1,1,-231.3870034768113,-177.1980145304492,-0.3,44.084974593078556,-191.28820159990337,0.0,0.0,0.0
1702,train,0,1,1,-530.5637162202363,-567.710487384019,0.0,0.0,-0.0,0.0,-0.0,-0.0
1702,train,2,0,0,-48.850423617827346,-207.6721491946514,-0.0,-0.0,-0.0,-0.0,0.0,0.0
1703,train,0,1,0,434.8945596452619,-110.18201761077671,-0.5,-0.0,0.0,0.5,0.0,-0.0
1703,train,1,2,1,-645.2567192094654,-1178.234485650134,0.3333333333333333,0.0,-0.0,0.0,-1.3333333333333333,-0.0
1704,train,0,2,0,148.12636451665742,311.3730637308131,0.0,-165.20541976363776,0.0,0.0,-0.0,87.57649248621236
1704,train,2,1,1,-100.31509935555647,-334.04462649211973,0.0,-131.48867598954908,-0.0,-0.2,0.0,-50.641807898653425
1705,train,1,0,0,253.7799979840571,2418.5065583864143,-0.3,327.54389246027165,-0.0,0.1,-0.0,-75.89732639473573
1705,train,0,2,1,-407.77942286105747,-2105.3843420351814,-0.3,-176.5767330573525,0.0,0.0,0.0,144.45579867116075
1706,train,2,0,1,-56.04449442578607,-65.85404138546437,0.0,0.0,-0.0,0.0,0.0,0.0
1706,train,1,2,0,-22.009812063082336,485.325557921984,-0.0,-0.0,-0.0,-0.0,0.0,-0.0
1707,train,0,1,0,640.4515946320652,3266.790574752482,-0.0,584.4257133756714,-0.0,0.0,0.6666666666666666,-0.0
1707,train,1,2,1,-145.78626643282075,-2552.925826753022,0.0,388.29683298590635,-0.0,0.0,-2.0,-0.0
1708,validation,0,1,1,-357.7200433545042,-601.8035418533509,0.0,-218.24420541659347,82.50850797352736,0.0,0.0,0.0
1708,validation,0,2,1,132.1386856787787,-1077.3719070158777,0.0,-465.0116328645377,29.671589055384857,-0.0,-0.0,0.0
1709,train,2,0,1,-220.1809624812422,257.59616833294194,0.0,-48.49232568584307,-0.0,0.0,0.0,-0.0
1709,train,1,2,0,82.69213100693497,-827.8676490868988,-0.0,54.27792057292072,-0.0,-0.0,0.0,0.0
1710,train,2,0,1,-193.0332677969567,-882.6295416754965,-0.0,-0.0,-0.0,0.0,-0.0,-0.0
1710,train,1,2,0,-109.81622653905345,-719.5096536928477,0.0,-0.0,0.0,0.0,0.0,0.0
1711,train,1,0,0,-111.52837061737421,-574.4500808711509,0.0,-0.0,0.0,0.0,0.0,0.0
1711,train,2,0,0,-113.55479727649112,-343.35925563833416,0.0,-0.0,-0.0,0.0,0.0,0.0
1712,test,1,0,0,173.1189775858437,288.323788656955,0.5714285714285714,255.9300810230684,0.19295703982731993,-0.38095238095238093,-0.047619047619047616,-6.353282455300757
1712,test,2,0,0,122.89758363031706,412.5800063370798,0.5714285714285714,-227.34792731103286,136.44369664309266,-0.5714285714285714,0.09523809523809523,55.030314258574585
1713,train,0,1,1,-59.62054421973258,-253.6688847352582,-0.0,0.0,-0.0,0.0,0.0,-50.87678369691731
1713,train,2,0,0,225.0539581756025,-55.632914032410326,0.0,-0.0,0.0,-0.0,-0.0,-62.84054617785994
1714,validation,1,0,1,-111.11292771185242,1315.5586390855624,0.0,-0.0,-0.0,0.0,0.0,0.0
1714,validation,2,1,0,575.1564619048372,-2393.122857229084,0.0,-0.0,-0.0,-0.0,-0.0,0.0
1715,train,0,1,1,97.91524597938962,469.04944874400826,-0.0,-156.66356575486134,-0.0,0.0,-0.0,0.0
1715,train,0,2,1,-599.1386835213362,-117.29881894052687,-0.0,-151.0005846429899,0.0,0.0,-0.0,-0.0
1716,validation,0,1,1,-78.42206509241066,-576.4853864062461,-0.19047619047619047,-85.61993801364572,-25.20542692206822,0.0,0.5714285714285714,0.9879018047003345
1716,validation,0,2,1,-38.36070715230903,-520.6236406018038,-0.5714285714285714,-30.35571250878625,-37.04649203552334,0.0,-0.2857142857142857,0.9879018047003345
1717,validation,0,1,0,-382.78183523024677,-729.3719218373808,-0.0,254.3191782925947,-135.09470286724712,-0.0,2.0,0.0
1717,validation,1,2,1,-377.585588770856,-2727.1112436040157,0.0,-467.21232272190446,-70.89838600331234,0.0,-0.5,-0.0
1718,train,2,0,1,-147.46977600342802,-1407.28380226208,-0.23809523809523808,2.661030288087659,-176.87605403707232,-0.5714285714285714,-1.2857142857142856,-8.221576911771843
1718,train,2,1,1,199.8379805358182,1192.2146662431837,0.0,17.693083011639374,-131.46250729186116,-0.2857142857142857,-0.8571428571428571,9.709315686757723
1719,train,0,1,0,95.47214916733361,-703.0830857859078,0.0,35.54860645619483,1.8912139324034172,0.0,0.0,-1.523963780015182
1719,train,2,1,0,383.15265637299444,-93.63416392476893,0.0,234.62437886954413,276.6393789535353,0.0,0.8999999999999999,8.357110353293175
1720,train,1,0,1,-101.34994346495108,-534.1687345138844,0.0,-0.0,-0.0,-0.0,0.0,-0.0
1720,train,1,2,1,-44.31020905223346,-1086.7105456054978,0.0,0.0,-0.0,0.0,-0.0,-0.0
1721,train,2,0,1,-433.8453449684391,-2644.5323097208047,-0.0,-0.0,-256.0706276034314,-0.0,-0.0,77.69332776506718
1721,train,1,2,0,-64.00088589813072,-718.9367746448579,-0.0,0.0,10.137964122870716,0.0,0.0,326.9776378611477
1722,train,1,0,1,-2.9134769200937853,-965.7209881966337,0.0,-724.6710650999394,71.4132534384323,0.0,0.0,-8.464169540185367
1722,train,1,2,1,-773.7723962895461,-1071.4422531348282,0.0,-267.40910744281075,69.17765749592077,0.0,0.0,10.898618374124263
1723,train,1,0,1,-153.6163644115561,561.1306337979968,0.09523809523809523,-229.63713596918996,-39.54079549502135,0.0,0.38095238095238093,-156.76418064184682
1723,train,2,1,0,195.38448330504684,-412.41827240136536,-0.09523809523809523,398.9002891561286,-117.09537831509796,0.047619047619047616,0.0,144.13115555508728
1724,test,2,0,1,67.22632909547127,134.2222372651031,0.0,-201.47625346221042,0.0,0.0,-0.0,-35.54074580756526
1724,test,1,2,0,20.418329001119105,630.1488700794166,0.0,471.54572191520947,-0.0,0.0,0.0,7.001380954992422
1725,train,0,2,0,215.62435449291155,2094.9763583441418,0.2,0.0,242.7693427063021,0.0,2.8000000000000003,-75.93806374840115
1725,train,1,2,0,111.28555287930908,890.4337609143663,0.30000000000000004,0.0,199.29891987045102,-0.0,0.8,-97.62788762897308
1726,train,1,0,1,82.7541768291428,-906.8378185622742,0.0,-0.0,-1251.766146227067,0.0,0.0,-0.0
1726,train,2,1,0,-262.67449638291646,225.68790628978695,0.0,0.0,294.6837867428234,0.0,-0.0,0.0
1727,train,0,2,0,20.50523018064149,524.9808443688275,0.0,304.6065089053327,-0.0,-0.0,0.6666666666666666,0.0
1727,train,1,2,0,-73.2877132465639,0.0,-0.0,-20.501612173495154,0.0,0.0,0.0,0.0
1728,test,1,0,1,-14.470606013681618,-336.93969828459103,0.6666666666666666,126.30757663133974,-410.41830899456704,-0.0,-0.0,0.0
1728,test,1,2,1,-142.51879494295383,-218.8819249842345,0.6666666666666666,-34.151087887061706,-388.335685074519,0.0,-0.0,0.0
1729,train,0,2,0,90.53265362992613,398.47480796553145,0.06666666666666667,-81.16132716044334,-55.746173483289,0.3333333333333333,0.0,63.919700608906254
1729,train,2,1,1,-12.628683358449507,325.11308123045,0.0,291.25113141808043,4.902779844063412,-0.6666666666666666,0.0,-48.04285111547559
1730,validation,2,0,1,-57.39630829552107,794.7987231015495,0.0,0.0,0.0,-0.0,0.0,-0.0
1730,validation,2,1,1,12.580574090847563,957.0906374515062,-0.0,0.0,-0.0,0.0,0.0,-0.0
1731,train,0,1,1,87.68118457354797,-42.94527977523103,-0.0,0.0,-0.0,0.0,-0.0,-207.92875676094866
1731,train,2,0,0,185.56626718089126,-290.21112771420667,0.0,-0.0,0.0,-0.0,-0.0,521.5734049014716
1732,train,1,0,1,334.4829383826779,396.73517528090815,0.14285714285714285,-246.39181132507997,-433.3878792409066,-0.14285714285714285,0.9523809523809523,12.49423903557582
1732,train,1,2,1,121.07167587062168,830.1013751861533,0.09523809523809523,14.668137519054437,-157.19754417405062,-0.14285714285714285,1.1904761904761905,9.124432158200745
1733,test,1,0,1,-196.88592596730297,-683.9596086954848,0.0,-0.0,0.0,0.0,0.0,-32.677072533200864
1733,test,2,1,0,68.40973016873926,-219.48602695934915,0.0,-0.0,-0.0,0.0,0.6666666666666666,114.20872399864527
1734,train,2,0,1,-123.0440461253745,369.5909522885677,-0.0,0.0,-0.0,0.0,-2.6666666666666665,6.852661765530229
1734,train,2,1,1,-331.02956347595546,-284.01497855403295,-0.0,-0.0,-0.0,0.0,-2.6666666666666665,93.8117368967846
1735,validation,1,0,0,316.05149110855507,-163.91637229890694,-0.0,-0.0,-0.0,-0.0,3.0,-0.0
1735,validation,2,0,0,-56.59259023247034,119.71361547781089,-0.0,0.0,-0.0,0.0,7.0,0.0
1736,train,1,0,1,-149.08178222342838,-442.1657016540835,0.0,57.146474947310445,-7.279719031173694,0.09523809523809523,-0.38095238095238093,-20.60766288464811
1736,train,1,2,1,-123.94305321230547,-401.89786753682347,0.0,50.89218232285488,-38.540298580170926,0.19047619047619047,-0.19047619047619047,-49.85396083853688
1737,train,0,1,0,601.2611100692083,1530.1042374745039,0.0,64.58542973566219,376.1125625977038,-0.0,1.2,-17.059551307487887
1737,train,1,2,1,67.34028762762875,745.9798792755555,-0.0,-460.90630788179527,-265.08894969514216,-0.0,0.6,-51.59084299141055
1738,train,0,2,0,-168.5777228514287,-102.10776855842823,0.0,-96.38628106192269,-0.0,0.0,0.0,10.925272092599204
1738,train,2,1,1,154.46367560088606,-993.12687975469,0.0,-289.98462302409644,-0.0,-0.0,-0.0,-38.1551354494901
1739,train,1,0,0,9.086610693026614,-331.57069052040333,0.0,-0.0,0.0,0.0,2.0,0.0
1739,train,0,2,1,239.1669368971916,-305.0720449262908,-0.0,-0.0,0.0,0.0,-3.0,0.0
1740,test,0,1,1,374.798075869493,-322.01908263211317,-0.2,-0.0,-119.72780073600394,-0.3333333333333333,0.06666666666666667,-58.733481519487775
1740,test,0,2,1,254.32344154404302,-893.9949205871526,-0.4,-0.0,-15.104173989053196,-0.3333333333333333,0.06666666666666667,-90.11946801790526
1741,validation,0,1,0,88.85248196243208,-1164.5609918427635,0.4,-0.0,0.0,1.2,-1.6,21.645496130443185
1741,validation,2,1,0,-83.78023309043408,-135.9765087808746,0.8,0.0,0.0,1.2,1.2000000000000002,76.23874802935657
1742,test,2,0,1,70.51271858012001,-899.9247906179598,-0.06666666666666667,131.14952528806663,-156.87814163096854,0.0,0.5333333333333333,-96.09930420176029
1742,test,2,1,1,-270.2539310089845,-1006.879418579002,0.0,172.44490390130196,-138.77332065654497,-0.0,-0.5333333333333333,-147.35905265495168
1743,train,0,2,0,310.2417290259825,929.2283648957782,0.0,-25.50704454762905,4.438821755505008,0.0,-0.2857142857142857,3.8130400145103636
1743,train,1,2,0,200.876446977008,1008.9270742869139,0.5714285714285714,37.329703548815196,122.53404922956584,0.0,0.14285714285714285,7.767108703502903
1744,train,1,0,0,52.05150032655263,653.277351651368,0.0,0.0,743.6216741837893,0.0,0.0,-41.62651367180952
1744,train,0,2,1,-288.8435615553376,326.91472060784963,-0.0,0.0,-266.33573267597666,-0.0,-0.0,28.150665506745913
1745,test,0,2,0,267.99734118870725,1102.0211996635667,-0.0,348.55902256972195,-0.0,0.0,0.0,0.0
1745,test,1,2,0,-50.174377970044986,-180.08491155441152,-0.0,173.55471735068147,-0.0,-0.0,-0.0,0.0
1746,train,0,1,0,575.961905477956,1046.4129427168327,0.0,0.0,-0.0,0.0,0.0,149.0974082748649
1746,train,1,2,1,-60.02801688628307,-706.1285335702205,-0.0,-0.0,-0.0,0.0,-0.0,-27.000793972236256
1747,train,0,1,0,5.861812909424316,-32.896016856376264,0.0,-0.0,11.877878120516545,-0.0,0.5,34.955803566630294
1747,train,1,2,1,-920.4561717680955,-1333.1257532603522,0.0,-0.0,246.95964403090161,0.0,-2.0,-224.43875559892348
1748,train,1,0,0,-86.36931691999325,-194.2657488511286,-0.0,-0.0,1460.0013145791368,0.0,0.0,-0.0
1748,train,2,0,0,-245.73733763109988,1164.7772700311925,-0.0,-0.0,497.44733560514527,0.0,0.0,0.0
1749,test,1,0,1,-40.53512073811589,221.1840894920192,0.0,0.0,-0.0,0.0,0.0,-0.0
1749,test,1,2,1,-348.40253226514085,-432.7327482470969,-0.0,0.0,-0.0,0.0,0.0,-0.0
1750,train,2,0,1,-255.84140950435346,359.34813866653076,0.0,144.87648891697023,0.0,0.0,0.0,-120.00079298503836
1750,train,1,2,0,86.64376210749026,303.04625356500856,0.0,-117.47927774101022,-0.0,0.0,-1.0,129.20482885115908
1751,train,1,0,0,-34.875015016087445,945.2901472605758,-0.0,0.0,0.0,-0.0,-0.0,422.7410672874999
1751,train,2,0,0,107.13786211454101,1739.3692231116788,-0.0,-0.0,0.0,0.0,-0.0,565.0892429172951
1752,test,0,1,0,787.3887557423476,716.6929824626432,0.0,-0.0,-0.0,0.0,0.0,-0.0
1752,test,1,2,1,-422.4956817199927,-721.481703973479,-0.0,-0.0,-0.0,-0.0,0.0,-0.0
1753,train,0,2,0,497.5027757907204,895.1648011343282,0.0,9.24093536314161,32.89940753615655,0.2,-0.0,51.390117266967195
1753,train,2,1,1,-385.42555571032017,-825.9073112757974,-0.26666666666666666,10.57035030381888,-44.14526039209403,-0.2,0.0,-17.227778926506307
1754,train,1,0,1,-172.7761473355099,49.76479206228032,-0.0,-445.2066361190729,0.0,-0.16666666666666666,0.0,0.0
1754,train,1,2,1,-544.8815176852514,-920.2830816589312,-0.0,-1079.2110198204591,0.0,0.0,-0.3333333333333333,0.0
1755,train,0,1,0,392.90754553295733,605.8966474820272,0.0,7.448442680863764,0.0,0.0,-0.0,-0.0
1755,train,2,1,0,161.1639762213013,630.2486037491399,0.0,349.7173559138739,0.0,0.0,0.0,-0.0
1756,train,0,2,0,-135.0840803282141,1222.5667178245371,-0.0,-0.0,1949.37660170064,0.0,0.0,0.0
1756,train,2,1,1,-428.443044932837,-1787.7788740105957,0.0,-0.0,-1320.9488956758373,-0.0,-0.0,-0.0
1757,train,0,1,0,74.03277505101778,-157.4242801554583,0.1,392.3343150258368,-0.0,0.3,0.0,0.0
1757,train,1,2,1,-218.19505228967887,-1360.3924547157667,0.0,-803.3292840176975,-0.0,0.3,0.4,-0.0
1758,train,1,0,0,-132.59484471103008,474.6667319623616,-0.0,138.83336064762466,-0.0,0.0,-0.0,272.02222756142004
1758,train,2,0,0,34.52497553391197,946.2227352589234,-0.0,-58.595694167883835,-0.0,0.0,-0.0,102.62064763575574
1759,train,0,1,1,-17.48852220205754,631.3095688962949,0.0,125.50370418211271,-309.9868150590147,-0.0,0.0,-0.0
1759,train,0,2,1,8.388471455372041,729.5693653886215,0.0,-97.75319909447947,-213.2486497258172,-0.0,0.0,-0.0
1760,train,1,0,1,0.41568111488754766,-713.955123067788,0.0,-7.454049986040138,-26.52211324720151,0.0,-1.2000000000000002,-68.20487491888171
1760,train,2,1,0,-53.107396829618324,255.66402331533845,-0.0,20.11357386188189,31.06115547788283,-0.0,0.8,27.981850218522595
1761,train,1,0,0,33.6487254219216,524.3977924618894,0.3,5.402786047041673,99.21746600098547,0.2,0.0,0.0
1761,train,0,2,1,-696.7123668232332,-1151.054539711367,-1.5,-51.96777917342156,-366.75482413542034,0.0,-0.0,0.0
1762,train,1,0,1,-247.63744925621143,-902.1103530542077,0.2,-161.11126903075925,-144.5646196556642,0.0,0.8999999999999999,-0.0
1762,train,2,1,0,-71.75247510087922,-0.3151731721700344,0.0,233.13901710753885,-42.22415877637488,0.0,0.0,0.0
1763,train,0,1,1,13.956627014128912,656.4904730580511,0.0,132.97685719942254,105.01292344198237,-0.23809523809523808,-0.047619047619047616,-2.825962758930143
1763,train,2,0,0,207.48861703184582,-367.6629087507754,0.2857142857142857,-201.41585314945482,-29.680154690747344,0.0,0.19047619047619047,57.687800256362785
1764,test,0,1,0,274.50232784553225,633.977154301756,1.7142857142857142,-60.40021008041042,107.39233993902263,0.19047619047619047,0.0,45.25126796124522
1764,test,2,1,0,642.8282858203737,144.82979774566684,0.5714285714285714,-97.24127556309236,334.31999840924453,0.0,-0.047619047619047616,32.79622233001619
1765,train,1,0,0,-227.24979934999172,138.06317814502836,0.0,-0.0,-1.4304924930606504,0.0,0.6,-0.0
1765,train,0,2,1,-29.82141236369148,-779.8388750146682,0.0,-0.0,-30.267614471840183,0.0,-0.8999999999999999,-0.0
1766,train,0,2,0,-37.48047544750841,-576.616608616926,-0.0,-132.24385201186092,440.01802339350877,0.0,-0.16666666666666666,-0.0
1766,train,1,2,0,2.702747637963057,-243.46571596656486,-0.0,-137.92323084112937,122.44998514921295,0.0,-0.6666666666666666,-0.0
1767,test,0,1,0,725.7801680166416,2404.6682916203135,0.0,0.0,0.0,0.0,-0.0,-0.0
1767,test,1,2,1,-83.75699268982498,303.3130715150146,-0.0,-0.0,-0.0,-1.0,0.0,0.0
1768,train,1,0,1,96.63420658907222,352.4011986224955,0.0,-0.0,0.0,0.0,0.0,0.0
1768,train,2,1,0,-53.19872532228845,-401.6772971671003,-0.0,0.0,-0.0,-0.0,-0.0,-0.0
1769,train,0,1,1,-1987.2973437579449,-2801.7486031673325,-0.5333333333333333,-31.590779441301947,67.28260562735093,0.2,0.26666666666666666,-0.0
1769,train,2,0,0,32.17118184187302,-35.76454155285137,1.0666666666666667,-72.6575711271212,229.62883403450826,0.0,-0.13333333333333333,-0.0
1770,train,0,2,0,-844.5695317762394,117.74954466975396,0.0,-0.0,0.0,1.3333333333333333,-0.0,-0.0
1770,train,1,2,0,45.47507633707414,656.9247752804949,0.3333333333333333,0.0,0.0,1.3333333333333333,-0.0,-0.0
1771,validation,0,1,0,-55.322835317264776,-540.4672314812424,0.0,0.0,266.91642838442294,0.0,-0.16666666666666666,317.8481097593379
1771,validation,2,1,0,112.09632023715119,-326.43353324228974,-0.0,-0.0,305.0708849500192,0.0,-0.6666666666666666,157.17230472506492
1772,test,0,1,0,69.22826395486436,-649.6827310015042,-0.0,0.0,0.0,0.0,0.0,-0.0
1772,test,2,1,0,-494.90364644502813,-372.8399843144671,-0.0,-0.0,0.0,0.0,2.0,-0.0
1773,train,0,1,0,164.17492613607175,989.634082055929,0.0,0.0,0.0,0.0,0.0,0.0
1773,train,1,2,1,-78.77465015435246,-444.2847917053955,-0.0,-0.0,-0.0,0.0,0.0,0.0
1774,test,1,0,0,512.8958944565558,310.89544041880436,-0.2,0.0,0.0,0.4,-0.30000000000000004,96.7730141391623
1774,test,0,2,1,-419.1680714335904,-355.65008160897287,-0.2,0.0,-0.0,-0.4,-0.2,-66.70939676194794
1775,train,0,1,1,-55.59917432941472,-1206.2437782197549,0.19047619047619047,-142.47324418167636,-105.44845963902799,0.0,0.2857142857142857,-23.394147645486235
1775,train,2,0,0,-155.6677000196314,356.06321954362875,0.19047619047619047,187.90359415488442,-97.43139450642482,0.0,-0.7142857142857142,4.582717636997598
1776,test,0,1,0,136.64261270692123,998.9824569193429,0.0,130.6352933061799,0.0,0.0,-0.0,-0.0
1776,test,1,2,1,-252.24320417085795,-439.44127330951324,-0.0,-10.721355703430314,0.0,-0.3333333333333333,0.0,0.0
1777,train,0,2,0,204.70701014056635,603.4786246529511,0.0,0.0,0.0,0.5,1.0,23.216413674777712
1777,train,1,2,0,241.24346147171156,656.2498842418913,0.0,-0.0,-0.0,0.5,-0.3333333333333333,48.797799923847435
1778,test,1,0,1,356.9951643215479,2477.174676461321,0.3333333333333333,585.9713220201709,-0.0,0.0,0.0,-262.0799689739725
1778,test,2,1,0,452.2954409489723,379.1799078872391,-0.6666666666666666,-220.13740752357754,0.0,-0.0,0.0,172.7861688653615
1779,validation,1,0,1,620.0708262434675,-780.5025048972975,0.0,211.39195615356863,-467.0225855193613,-0.4,-0.26666666666666666,0.0
1779,validation,2,1,0,-401.95198637312967,1651.9154692380598,-0.3333333333333333,-75.07916186459363,249.75595160676596,0.4,0.4666666666666667,0.0
1780,train,0,1,1,-452.7224389802642,-947.3880950553144,-1.3333333333333333,0.0,-0.0,0.3333333333333333,-1.0,-0.0
1780,train,0,2,1,-76.10430070113665,-348.35795460415966,0.0,0.0,-0.0,0.3333333333333333,-1.0,-0.0
1781,validation,2,0,1,105.20808361793814,-803.1946133267943,0.0,-0.0,-0.0,0.0,-0.0,-0.0
1781,validation,1,2,0,-114.42278746115755,1079.7999166257855,0.0,0.0,0.0,0.3333333333333333,0.0,0.0
1782,validation,0,2,0,873.5204955552473,889.7542811456433,-0.0,-0.0,0.0,0.0,-0.0,0.0
1782,validation,2,1,1,-420.5164261508095,-2780.9306809308628,0.0,0.0,-0.0,0.0,0.0,-0.0
1783,test,1,0,0,189.86450230416926,53.17070876568869,-0.0,-251.10326970662882,-78.1375009219708,0.0,2.6999999999999997,-66.45790579090412
1783,test,0,2,1,-43.89744029868439,495.60861594631933,0.0,430.9575192859486,-43.23465669067341,0.0,-1.2,-123.20837591010792
1784,test,0,1,1,-75.20422605872079,-73.47310600788569,0.047619047619047616,-239.9617377796332,-111.63490420021645,0.0,-0.7142857142857142,19.34966614214327
1784,test,2,0,0,-29.95839686242789,-325.42984746070215,-0.047619047619047616,-61.957161345713025,113.44724154896626,0.19047619047619047,-0.47619047619047616,-12.094683176877629
1785,train,0,2,0,81.97472421200308,712.4928243225722,0.4,-0.0,80.69353968407538,0.0,-0.4,-28.86717028343628
1785,train,1,2,0,135.9719905345887,962.8558456981077,0.4,-0.0,108.51198796239927,0.0,0.2,-6.093105784763916
1786,train,1,0,1,-28.61405350055145,763.4431537676778,0.0,402.14545199968256,-16.10413201017465,0.0,0.0,52.86440161664783
1786,train,2,1,0,-8.76950501333863,-728.6625960790789,0.47619047619047616,-494.8245676217897,78.05155493401445,0.0,0.2857142857142857,-15.438848058864815
1787,train,0,1,1,289.90032003195273,-1219.7833115569933,-0.13333333333333333,191.94845989830128,-19.72131626215374,0.0,-0.8,-99.41259826292851
1787,train,0,2,1,180.58059270829472,-874.903647180025,0.26666666666666666,320.5594427168694,-124.08829661308624,0.0,-3.2,74.998041462971
1788,train,0,2,0,-1290.0193217037104,-1118.5629139220591,0.0,0.0,70.58369698329868,0.30000000000000004,0.0,78.82385869766551
1788,train,2,1,1,279.6797528726029,-763.5891606131463,-0.2,0.0,-300.198677173981,-0.1,-0.0,106.07376227097507
1789,train,0,1,0,166.32931535003047,207.49587632237308,-0.0,0.0,303.2043169952904,-0.0,-0.0,0.0
1789,train,1,2,1,-412.9291603327915,-569.459040074742,0.0,-0.0,-833.1510184819451,0.0,0.0,-0.0
1790,train,0,2,0,99.03139314153714,2176.5474127931607,0.0,179.50416011282124,-108.35129596888977,0.19047619047619047,0.0,34.859807203477914
1790,train,1,2,0,23.713777339535113,1039.740819221835,-0.23809523809523808,285.82373961123324,-29.469714169272248,0.09523809523809523,0.23809523809523808,-50.50349844612022
1791,test,0,1,1,92.77158108563239,0.0,0.0,0.0,0.0,0.0,-0.0,-175.43259451858071
1791,test,2,0,0,122.82189725805438,264.5601986388592,-0.0,-0.0,-0.0,0.0,-0.0,231.71072738373397
1792,train,1,0,1,-275.90140705616466,-183.3465806763552,0.5714285714285714,190.32509038774143,140.23761743261517,-0.38095238095238093,-1.0,-2.5316075096252946
1792,train,2,1,0,334.20512153296534,44.08712160823143,0.0,-50.406308605902225,212.996774121487,0.19047619047619047,0.0,23.616292208757486
1793,train,1,0,0,116.8822786381719,264.98612069381034,0.0,214.94545643164957,0.0,0.0,-0.3,0.0
1793,train,2,0,0,277.7474113827137,1214.6262559087863,-0.1,1158.3688143312052,-0.0,0.4,2.4,0.0
1794,train,1,0,1,163.69999930966918,389.83327652294247,0.0,-168.62105736988687,4.77606831088109,0.0,0.19047619047619047,1.9120233605719525
1794,train,1,2,1,77.2970608990264,584.5780970421079,0.14285714285714285,-179.60834477200302,-38.08846464819419,0.0,0.09523809523809523,-5.42536834019516
1795,train,2,0,1,-175.9960714780732,931.8807198684044,0.0,0.0,-98.01590985852938,0.3,0.0,-81.47289423092714
1795,train,1,2,0,-239.84692301593407,-617.7981725362151,-0.1,0.0,34.73276071625451,0.0,-0.0,98.41795283012726
1796,train,0,1,0,23.600918716962497,-353.94466986596444,0.0,-0.0,0.0,-0.0,1.0,-0.0
1796,train,1,2,1,-59.49101070721838,160.93784174588382,0.0,0.0,-0.0,0.0,-2.0,-0.0
1797,train,1,0,1,338.0290237963393,965.1811299642895,0.0,-0.0,-174.92077854473806,-0.6666666666666666,-0.0,0.0
1797,train,1,2,1,-564.0728121079053,-2265.764041378292,-1.0,-0.0,-36.30779913086303,-0.6666666666666666,-0.0,-0.0
1798,train,0,1,1,-519.2688096393688,-775.8156902291703,0.0,-0.0,0.0,0.6666666666666666,-0.0,-632.0323963979353
1798,train,2,0,0,-267.51474717186,-2228.6004569585893,-0.0,0.0,-0.0,-0.6666666666666666,-0.0,428.4873564302476
1799,train,0,1,0,206.86009468002453,969.1136707828814,0.0,0.0,117.81524810786959,-0.0,-0.0,111.51507927819155
1799,train,1,2,1,-70.52144680783096,-570.6135406783987,0.0,-0.0,-146.7940140748301,0.0,0.0,0.0
1800,train,0,1,0,277.0498531670255,1684.3884920386622,0.0,864.9200381562904,234.74988622629917,0.0,-0.4,-8.30480216536614
1800,train,1,2,1,-244.5479129546742,-743.075962312585,-0.0,-161.7585659863828,-59.42624785279949,0.0,0.6000000000000001,25.66141908483399
1801,train,1,0,1,38.930702658423115,289.7203799634435,0.0,58.866733880658856,0.0,-0.0,0.3333333333333333,0.0
1801,train,2,1,0,-84.49227441665425,156.2365883202301,-0.0,1388.9695052738443,-0.0,0.0,-1.0,0.0
1802,train,0,1,1,424.1640618660841,1057.3498529909339,0.0,-1170.9686694128166,0.0,-0.0,0.3333333333333333,0.0
1802,train,0,2,1,333.2240740056262,863.6143769940954,-0.0,-892.108503702772,0.0,-0.0,0.0,0.0
1803,train,0,1,0,85.3504124603785,-18.54652542105896,-0.16666666666666666,0.0,-11.570930667589018,0.0,1.6666666666666665,-0.0
1803,train,1,2,1,-101.50750932600442,-526.1111746136112,0.0,-0.0,-94.63324414223342,0.0,-0.3333333333333333,0.0
1804,train,1,0,1,-107.48296392091981,-1812.5163261934022,-0.30000000000000004,25.62143926841654,-73.40901413295445,-0.0,-0.0,-267.8545602555476
1804,train,2,1,0,124.71354978658655,-650.8169961411895,0.1,551.6146244876135,2.0807253170113316,0.0,0.0,143.79826932201686
1805,train,0,1,0,319.9937129620756,382.7967965439966,0.42857142857142855,-130.16939048721918,78.77153287946648,0.23809523809523808,-0.2857142857142857,141.04575904467993
1805,train,2,1,0,352.5770531817485,-600.1901711181554,-0.14285714285714285,-141.76041097878533,63.66956055705204,0.23809523809523808,-0.2857142857142857,203.05310655939167
1806,train,0,1,1,-225.38602969688094,-297.0206639885432,-0.09523809523809523,11.620074635308193,33.691611806495224,0.0,-0.7142857142857142,-22.67369626460483
1806,train,2,0,0,-61.89009185712143,-7.0137989875693165,0.0,-18.70586118289033,-64.74825116288844,0.0,0.47619047619047616,-15.286158871964437
1807,train,1,0,1,-157.0677519264446,-226.6341906174348,-0.0,-0.0,-0.0,0.0,0.0,0.0
1807,train,2,1,0,104.62375735798736,225.7958788424653,0.0,0.0,-0.0,1.0,-0.0,-0.0
1808,test,1,0,1,-30.55386040535717,-5.922528323719689,0.0,0.0,-1.0059537526068802,0.3333333333333333,0.0,-0.0
1808,test,2,1,0,84.99285114940687,356.80776600977197,0.0,-0.0,189.4141013563701,-0.3333333333333333,-0.0,0.0
1809,train,0,1,1,-7.903963685256372,-1097.4197093747666,-0.0,-0.0,-0.0,-1.3333333333333333,0.0,-0.0
1809,train,0,2,1,-99.64383559989062,-1001.3991023631775,-0.0,-0.0,-0.0,-1.3333333333333333,-0.3333333333333333,0.0
1810,test,1,0,0,212.0031687256385,1436.51576082477,0.0,-0.0,1551.1069905598256,-0.0,-0.0,0.0
1810,test,2,0,0,462.190105532993,1507.9906684987618,-0.0,0.0,-301.5954948717404,0.0,-0.0,0.0
1811,train,0,1,0,158.79254883786507,744.7605411113714,0.0,1867.5783505488946,0.0,0.0,0.0,0.0
1811,train,2,1,0,190.53280329999518,190.4663492677323,-0.0,400.25569262612885,-0.0,0.0,0.0,-0.0
1812,validation,0,1,0,157.97439589302365,1086.9912758538135,-0.6666666666666666,0.0,-4.071543493099364,0.0,0.5333333333333333,35.80762188150836
1812,validation,2,1,0,550.7011178924452,1382.3700899860023,0.0,0.0,-3.6512467315178716,0.26666666666666666,0.26666666666666666,0.0
1813,train,0,1,1,-564.7681222327155,-908.664697932847,-5.0,-0.0,-0.0,0.0,-0.0,0.0
1813,train,0,2,1,-237.99599880352753,754.9241446478336,-2.0,0.0,-0.0,0.0,-0.0,-0.0
1814,train,0,1,1,-285.9550063803264,-450.5746742603742,-0.0,164.7929264668568,-0.0,0.0,0.0,-218.46259659487524
1814,train,2,0,0,389.79297220422336,1552.025708623717,0.0,-16.258701894087608,0.0,0.0,0.0,67.09846971355137
1815,test,0,1,1,40.56239203435007,-17.26678546958601,0.0,0.0,56.6650582959358,0.1,0.0,117.725824389192
1815,test,2,0,0,352.34143923937233,1411.6913286590225,0.0,0.0,-32.52456483315637,0.0,0.8,-100.19612472180751
1816,test,1,0,1,-110.45960335676438,-102.25743821807828,-0.0,0.0,-0.0,0.0,0.0,-0.0
1816,test,2,1,0,499.4679172023314,1104.4922640618543,0.0,0.0,0.0,-0.0,3.0,0.0
1817,train,2,0,1,106.45958457026961,-441.96851534257985,-0.8571428571428571,-89.1868253406843,-139.776928214264,-0.047619047619047616,-0.47619047619047616,86.33553750831068
1817,train,2,1,1,166.88029598329638,-42.663677854417074,-0.2857142857142857,-60.885344391899835,-35.868773137332596,-0.09523809523809523,-2.380952380952381,65.32055133939777
1818,train,1,0,1,7.218129976770115,-216.74229324228963,-0.6666666666666666,0.0,0.0,0.0,-0.0,-16.597867188691794
1818,train,2,1,0,205.73485442763672,264.0127789085918,0.6666666666666666,-0.0,-0.0,0.0,0.0,156.20198852809943
1819,train,1,0,0,197.92538849509458,1397.500250901493,-0.5333333333333333,116.4829270938506,17.025366232357122,0.3333333333333333,1.0666666666666667,-0.0
1819,train,2,0,0,-91.82003211662538,77.26158744899476,-0.8,180.1002955289024,5.68759200515733,0.3333333333333333,0.26666666666666666,0.0
1820,train,1,0,1,-155.784186283902,-937.6833404407362,-0.16666666666666666,-198.74015726165266,-156.53264973594924,0.0,-0.0,-0.0
1820,train,1,2,1,-220.54561195421485,-715.828067691566,-0.16666666666666666,-94.57359913723059,-31.406520664537112,0.0,0.0,-0.0
1821,train,1,0,1,-5.448633122982983,2127.235082768193,0.0,-691.1406403743872,-0.0,0.0,0.0,0.0
1821,train,1,2,1,568.937304668412,4874.013290096348,-0.0,-1480.8079007704769,0.0,0.0,0.0,0.0
1822,test,0,2,0,516.4525050251318,1643.992628363364,0.7142857142857142,53.3718481268301,-12.294009117652552,0.14285714285714285,0.0,-77.03701101095876
1822,test,1,2,0,296.2646853500089,1172.980650589834,0.9523809523809523,251.34593207575963,-40.49680459523375,0.42857142857142855,0.14285714285714285,-41.507538398833795
1823,test,0,1,1,-53.24609468003683,-526.0699300707372,-0.6,-0.0,-40.50579740121586,-0.0,-1.6,-45.3875659374749
1823,test,0,2,1,-92.15930730941159,-791.0811894078513,0.0,-0.0,-71.99617145460874,0.0,-0.4,-2.780720839470127
1824,train,1,0,0,739.0329135027281,630.0669495469701,0.0,-338.7315969947265,-0.0,0.0,0.0,0.0
1824,train,2,0,0,28.597841347526128,158.7687934671676,0.0,-697.8727448750424,0.0,0.0,1.3333333333333333,0.0
1825,validation,2,0,1,148.64150699865303,-511.88529201941355,0.0,-310.7806903444143,0.0,0.0,-0.2,-0.6780452195933663
1825,validation,1,2,0,-61.306231893374104,1086.152626477271,0.0,27.109557962822876,0.0,0.0,0.8,61.84793712536609
1826,test,0,1,1,-4.040122004073908,409.84352226365945,0.0,0.0,0.0,0.0,0.0,-0.0
1826,test,2,0,0,82.75230815171147,427.32138854807636,0.0,-0.0,-0.0,-0.0,-0.0,-0.0
1827,train,2,0,1,-159.08406929251515,-557.3861688408597,-0.14285714285714285,-114.1013997738593,-33.565571490978165,0.0,-0.42857142857142855,-15.158581715788337
1827,train,1,2,0,110.12771411141404,257.43879430845845,0.0,132.2582295820961,-189.00309260842326,0.19047619047619047,0.0,-33.35630638356354
1828,train,0,1,1,-107.93464729867037,-767.8568365527344,-0.16666666666666666,325.0233826869786,-0.0,-0.6666666666666666,-0.0,-0.0
1828,train,2,0,0,159.67174101734417,1389.3433327694547,-0.3333333333333333,407.33731245083845,0.0,0.0,0.0,-0.0
1829,validation,0,2,0,60.69511533560717,275.8506929655018,-0.0,0.0,27.54333067959619,-0.0,-0.5,134.04220772859003
1829,validation,1,2,0,245.14114190190253,1367.6035645324632,-0.0,0.0,270.2585213775607,-0.0,0.0,100.18153366724528
1830,train,1,0,1,-373.44018239594527,-1015.4284194016927,0.0,-59.04071916101361,-20.378029432225336,-0.13333333333333333,-1.0666666666666667,-0.0
1830,train,2,1,0,170.25303224980007,1230.4734127875709,0.6666666666666666,472.9773680099191,82.60973022123268,0.0,1.0666666666666667,0.0
1831,validation,1,0,1,-96.45526840770373,-275.4416113833213,-0.0,-0.0,-0.0,0.0,0.0,-0.0
1831,validation,1,2,1,-125.30772168038135,473.55906550307236,0.0,0.0,0.0,0.0,0.0,0.0
1832,validation,0,1,1,140.91596388627627,779.1906720541606,0.0,0.0,-0.0,0.0,0.2,-54.20882837206983
1832,validation,0,2,1,-79.90141525342352,100.88540798282747,0.0,0.0,0.0,0.0,-0.1,-105.1722094676517
1833,validation,1,0,0,260.3894187103745,914.3496463284628,0.0,-0.0,0.0,0.0,1.0,36.45364706413331
1833,validation,2,0,0,248.26152283588482,1687.4414642512502,1.2000000000000002,-0.0,-0.0,0.0,-0.4,36.53031420654565
1834,validation,1,0,1,-191.72270165381838,-1173.3155069016893,0.0,-0.0,-138.65326222522688,0.0,-0.0,-0.0
1834,validation,1,2,1,-124.5756178537797,-486.53525017883294,0.0,-0.0,-189.79671813006664,0.0,0.0,-0.0
1835,train,2,0,1,70.83392530348249,-667.0436785320317,-0.0,-0.0,0.0,-0.0,0.0,-0.0
1835,train,2,1,1,-143.3034596675583,-468.16650565118744,0.0,-0.0,0.0,0.0,-0.0,-0.0
1836,test,1,0,1,-217.58887517362325,-283.40669144537424,0.0,0.0,-0.0,0.0,-0.0,-88.3976354885784
1836,test,2,1,0,-199.043573066818,-132.34472647249004,-0.0,-0.0,0.0,0.0,0.0,163.08617823220973
1837,test,0,2,0,293.10446736348297,2031.4264683874462,0.0,-112.07452732128316,-102.18501619817057,0.0,-0.0,303.618138805204
1837,test,2,1,1,240.4975742719538,-140.19217226170804,0.0,429.52370916642496,-18.59313504882133,0.0,0.0,-206.0399251869284
1838,validation,1,0,0,-518.872476337681,-818.9515166603978,0.0,-0.0,0.0,0.0,-0.0,-0.0
1838,validation,0,2,1,377.04244990741347,770.8474203710548,0.0,0.0,0.0,0.0,0.0,0.0
1839,train,1,0,0,-427.8487263809418,-72.79635190617682,0.2,-245.58307134176425,-0.0,0.26666666666666666,-1.3333333333333333,-79.8689966364359
1839,train,0,2,1,415.3498518234161,-925.0348952788127,-0.3333333333333333,-287.5652152924451,0.0,0.0,-2.0,76.11424790526928
1840,train,0,1,0,181.64299029558754,1215.1317272548777,0.13333333333333333,-0.0,-7.749603024954713,0.26666666666666666,1.0,-80.31085380986967
1840,train,2,1,0,93.52645276944736,1096.0286622588283,0.06666666666666667,0.0,75.89633350156646,0.8,0.8,-42.00308169523692
1841,validation,0,2,0,100.07468243039511,369.50503424912495,0.6000000000000001,-0.0,149.99754321646245,0.0,0.0,36.30171846233608
1841,validation,1,2,0,39.482788405079646,1282.1920521434104,0.2,0.0,119.97707443464213,0.0,0.0,43.05065438210995
1842,test,0,1,0,-401.8345464120084,-407.45269964014915,0.0,-0.0,0.0,0.0,-0.0,330.50687231823457
1842,test,2,1,0,-531.0385748763767,-503.98827789663665,-0.0,-0.0,-0.0,0.0,-0.0,251.89752358655667
1843,train,1,0,0,-299.9387657740177,700.8141364121939,0.0,537.4518229758168,0.0,0.26666666666666666,0.0,-64.8311571004302
1843,train,0,2,1,194.71568398127351,298.19856805585823,-0.4,85.3894616806469,-0.0,-0.06666666666666667,-2.0,-98.81466450331365
1844,train,1,0,0,364.5920606001623,281.80384101542586,0.0,-0.0,20.259253906971857,-0.5,0.0,-0.0
1844,train,0,2,1,-482.28622495413765,-409.4241661740434,0.0,0.0,-192.15276717678313,0.0,0.0,-0.0
1845,train,1,0,0,132.56534988037345,527.2061878156132,-0.0,-79.11247749611726,294.85590916661715,0.26666666666666666,-0.06666666666666667,7.814870743112889
1845,train,0,2,1,28.943523650691304,-0.19550830032858357,0.0,101.21078515340092,-111.7594727837311,-0.26666666666666666,-0.06666666666666667,15.391666417701913
1846,train,2,0,1,92.90534751219764,160.8909562175013,0.5714285714285714,-194.23891994088783,-16.448403356037485,-0.09523809523809523,0.0,30.586629200506252
1846,train,2,1,1,17.827583373963932,623.1033364342898,0.2857142857142857,-54.28328567015416,-11.475248352191482,0.0,0.19047619047619047,-4.273247255897579
1847,test,0,1,1,-141.51136516329922,-1218.574836945102,-2.0,-0.0,0.0,-0.0,-0.0,0.0
1847,test,2,0,0,604.621484727744,1278.8972489010002,1.0,0.0,0.0,0.0,-0.0,0.0
1848,train,0,2,0,-24.79909769337769,-241.97373395862178,0.0,-93.093372943744,10.253986065394583,-0.047619047619047616,0.0,-13.022239556677306
1848,train,2,1,1,82.06977585905145,514.6706965713256,0.0,173.82127629983407,-170.71467438446524,0.0,-0.38095238095238093,0.41675987657382996
1849,train,0,2,0,280.6643642434296,896.8374029767674,-0.0,-0.0,0.0,0.0,0.0,0.0
1849,train,1,2,0,599.3632589863744,-307.97211458183483,0.0,0.0,0.0,0.0,0.0,0.0
1850,train,1,0,0,-559.9063552804109,-730.763846311047,0.0,2192.7187860920812,0.0,0.0,0.0,-32.53571694060577
1850,train,0,2,1,-566.1106476180262,-1805.2960454193144,0.0,-3329.8897453339823,-0.0,-0.0,-0.0,59.2506987256869
1851,train,0,1,1,-40.72948808185032,-277.3310789195175,-0.2857142857142857,-16.796276765531733,8.774435673479463,-0.38095238095238093,0.2857142857142857,-12.077594939933064
1851,train,2,0,0,214.5799960393636,30.00714411288527,0.42857142857142855,5.765323218534858,-23.59528654176129,0.0,0.2857142857142857,-58.1779927613053
1852,train,1,0,0,162.27308819204018,175.75211173084608,0.0,0.0,-0.0,0.0,0.0,-0.0
1852,train,0,2,1,-31.660714912932065,-162.90956957293156,-0.0,-0.0,-0.0,0.0,-0.0,0.0
1853,train,1,0,1,-364.266358107314,-68.64211728625241,0.0,-0.0,0.0,-0.0,0.0,-0.0
1853,train,2,1,0,129.31895270312612,473.5730064420659,0.0,-0.0,0.0,0.0,-0.0,0.0
1854,test,2,0,1,-83.25559504161384,61.90041822847934,-0.2,44.4860280951998,-3.3824855854116778,-0.13333333333333333,0.0,-69.03442342528058
1854,test,1,2,0,-45.47534039478654,-135.13008262233325,0.6000000000000001,255.4480458712175,-8.321457507197048,0.0,-0.0,100.00236971330904
1855,train,0,2,0,16.946986041642617,213.45217204108167,0.0,-71.89213298811988,131.17900136362707,0.6666666666666666,0.26666666666666666,2.0191521598239053
1855,train,2,1,1,-169.8912564624943,-1665.8850760660857,0.0,45.94622546487513,-84.93257982312639,-1.0,-0.5333333333333333,-12.612588027440582
1856,validation,0,1,0,-211.9825479728936,-863.139795632449,0.0,-96.08266644500532,47.129368011136876,0.6666666666666666,-0.0,0.0
1856,validation,2,1,0,38.586390288651955,-833.9114054248143,0.0,-219.8202003690763,629.5458269123827,0.3333333333333333,-0.0,-0.0
1857,train,0,2,0,-118.44699567218532,-1165.016274163423,0.0,-0.0,331.6698925876474,-0.0,-0.0,-0.0
1857,train,2,1,1,-54.54603806219802,-729.4032543417316,-0.0,0.0,-257.0717642075721,0.0,0.0,0.0
1858,train,1,0,1,-17.89951419497595,759.5160628555368,0.0,0.0,-0.0,0.0,0.0,-0.0
1858,train,2,1,0,883.8164045537168,1335.4050696844506,0.0,0.0,0.0,0.0,-0.0,0.0
1859,test,0,1,0,-1.5593534655187113,-51.72332664505825,0.0,-0.0,-0.0,0.0,-0.0,0.0
1859,test,2,1,0,178.00006864255084,829.396309252757,0.0,-0.0,-0.0,0.6666666666666666,-0.0,0.0
1860,test,0,1,0,340.1350594995086,-123.57566708838294,-0.0,50.70708626446984,-239.26101991015588,0.0,-0.0,55.35803088141447
1860,test,2,1,0,492.1882436807877,1237.423245488821,-0.0,32.87482249016619,-97.64074997782359,0.0,-0.0,121.96477159637644
1861,train,0,2,0,257.1397704819259,348.69575511898756,0.0,49.008492088335345,23.01683409064105,0.5333333333333333,0.0,-21.270405438465925
1861,train,2,1,1,-207.12773421083466,-685.1123011241907,-0.3333333333333333,-12.702406777697842,-64.84218880655766,0.0,-0.0,-3.6518748516199064
1862,train,0,1,0,-50.55779824232923,569.6848011161755,0.3333333333333333,-0.0,-0.0,-0.5,-0.3333333333333333,0.0
1862,train,2,1,0,212.6237558229891,1460.8807053415612,0.3333333333333333,-0.0,-0.0,1.0,-0.3333333333333333,-0.0
1863,train,0,1,1,-189.16603710522628,-579.160880363163,0.0,-0.0,0.0,-0.0,0.0,-185.3144080707634
1863,train,2,0,0,120.16175211922587,841.8377654101137,-0.0,-0.0,-0.0,0.0,0.0,169.58771302939533
1864,train,1,0,1,-213.09652490857172,478.11753778776347,-0.0,-0.0,0.0,-0.0,-1.0,0.0
1864,train,1,2,1,-144.0995864340848,-267.1373376865722,0.0,0.0,0.0,0.0,0.0,-0.0
1865,test,2,0,1,-11.25258567419587,-1135.1859772307298,-0.09523809523809523,-141.32704485583469,0.47853593654621185,-0.5714285714285714,0.047619047619047616,28.001696743207464
1865,test,1,2,0,62.475287521268456,203.56781922315804,0.19047619047619047,-132.10973126778129,-86.4089517758428,0.8571428571428571,-0.09523809523809523,7.791794681865838
1866,train,0,2,0,-629.3842093037122,1197.1970508575923,0.0,0.0,75.89817524006409,0.26666666666666666,-0.3333333333333333,53.39409408606223
1866,train,1,2,0,-573.2177179112982,-604.5254120104564,-0.06666666666666667,0.0,-58.62869634324005,0.0,0.6666666666666666,55.37019568249
1867,train,0,1,1,220.46606017510987,761.0344061730193,-0.13333333333333333,0.0,7.893329414426019,-0.6666666666666666,-0.26666666666666666,43.7236110588538
1867,train,0,2,1,-24.1713892909263,-411.2017815311292,0.0,-0.0,31.444121841184998,-1.0,-0.5333333333333333,2.772375892875607
1868,train,0,1,1,-56.18947420128427,-1120.1093064633378,0.0,-0.0,-0.0,-0.0,0.0,-0.0
1868,train,2,0,0,216.96540333237294,934.1658648794883,-0.0,0.0,0.0,0.0,-0.0,-0.0
1869,train,1,0,1,131.78146061876816,317.36833607452445,0.0,-368.90666268399775,-58.48696522432438,-0.3,-0.0,-0.0
1869,train,2,1,0,89.82603748955864,168.83586233534425,0.0,997.5970176205722,6.93414124982437,-0.3,0.0,0.0
1870,train,0,1,1,-347.0424228671809,-71.950773058511,0.0,-0.0,-0.0,-0.0,-2.0,0.0
1870,train,2,0,0,730.6019307108255,1000.2911533233728,0.0,-0.0,0.0,0.0,3.0,-0.0
1871,train,1,0,0,-83.48006542012018,-69.34480493775618,0.0,45.15778512503444,34.241462354213546,-0.0,0.6,20.531048791683776
1871,train,0,2,1,81.71220540773629,-204.92729933387773,-0.0,-191.45545553142802,4.2547325811228065,0.0,-0.6,-2.8525151614632707
1872,train,0,1,0,-166.14490031540424,755.8248153912818,0.0,0.0,-55.892657707135925,0.0,0.26666666666666666,-76.08606979705036
1872,train,1,2,1,117.63311581403707,-1381.8092397175842,-0.26666666666666666,-0.0,-36.61909921104998,-0.13333333333333333,-0.6666666666666666,11.43470809710637
1873,validation,0,2,0,326.5672298143611,-39.158097642636676,-0.5333333333333333,-0.0,-28.38730938368082,0.0,-0.2,24.480616888075968
1873,validation,1,2,0,-72.07521479182441,-752.4301044462663,-0.5333333333333333,-0.0,-54.93831250731188,1.3333333333333333,-0.6000000000000001,-7.454802276398241
1874,train,0,1,1,-15.650260529630032,-1429.290218619315,-0.0,0.0,-0.0,-0.6666666666666666,0.0,-79.19131111246902
1874,train,0,2,1,29.40271970301262,-1209.257634610135,0.0,0.0,-0.0,-0.3333333333333333,0.0,45.34001443573675
1875,train,1,0,0,101.60950999990996,185.27337572150236,0.14285714285714285,-55.70294764202201,-22.192796393255925,0.047619047619047616,0.0,-28.13797306075148
1875,train,2,0,0,115.95302208109513,-1180.3667654386836,0.14285714285714285,34.691794715714614,-71.12780100323498,0.0,0.23809523809523808,-1.4054229491003614
1876,train,0,2,0,190.67787692276147,681.8821975151081,0.0,502.4305580441849,-1.6587218379663113,0.0,0.0,0.0
1876,train,1,2,0,218.87754772590768,1135.2854348935325,0.0,185.43700311862312,195.54933167209074,0.0,0.0,0.0
1877,test,0,1,0,-157.68121258562428,-630.7907798769984,0.2,-0.0,239.93652922500797,-0.13333333333333333,0.2,0.0
1877,test,1,2,1,59.5876297873358,87.07242776500425,-0.2,0.0,-377.5851904996526,-0.26666666666666666,-0.4,-148.5682844793003
1878,test,2,0,1,21.72923498426104,211.20367964630623,0.0,-107.39609493733792,50.95521255693956,0.0,0.0,-112.64478250678955
1878,test,2,1,1,-67.73599353665759,-653.2681862483978,0.0,17.731706424351678,-59.26069514375064,0.0,-0.0,-68.78603557407041
1879,train,1,0,1,-32.860150115144506,22.167048890340993,0.0,-34.63419359800637,-180.05672599350055,-1.2000000000000002,0.0,16.85259091807325
1879,train,1,2,1,-148.2850800245253,641.7953747994416,0.0,210.99873338504304,22.20474374029901,-0.4,0.0,-22.03500695834724
1880,validation,0,1,0,227.0277841071254,1125.7088130613515,-0.6666666666666666,-0.0,0.0,-0.0,0.0,194.32932523051488
1880,validation,2,1,0,31.7007064049767,602.2842349712964,0.0,-0.0,-0.0,0.0,0.0,97.78453937223011
1881,validation,0,1,0,-494.63443435442645,-537.8356223052156,0.3333333333333333,-82.67947303649066,-0.0,-0.0,-0.0,19.545214484048586
1881,validation,1,2,1,380.5169477855147,221.92007014746514,-0.3333333333333333,87.78268675583246,0.0,0.0,-0.0,-69.02528167809282
1882,train,1,0,1,-239.51028147109923,-369.959095455205,-0.0,0.0,0.0,-2.0,0.0,0.0
1882,train,1,2,1,242.2851284112944,310.5235026538876,-0.0,-0.0,0.0,-1.0,0.0,0.0
1883,train,2,0,1,30.77206560405864,12.74193789981473,-0.0,759.4366556118849,-0.0,-1.3333333333333333,-0.0,0.0
1883,train,1,2,0,-11.55270869979563,94.25091260649515,0.0,-673.0639310516226,0.0,0.6666666666666666,0.0,-0.0
1884,test,0,1,0,23.67701111504323,-87.69800100014527,0.0,0.0,0.0,0.0,2.0,0.0
1884,test,2,1,0,698.8990117482813,635.6944391344687,-0.0,0.0,0.0,0.6666666666666666,2.6666666666666665,0.0
1885,test,0,1,0,-105.1269899969169,72.60746006298814,-0.2,-0.0,-195.55606101546124,0.2,0.0,57.455925752353345
1885,test,1,2,1,-283.0901310112423,-1142.7723069606836,0.0,0.0,-258.7599540264445,0.0,-0.0,-152.73845203723633
1886,train,0,1,0,143.1102298976121,741.6600696289258,-0.09523809523809523,12.816389176505037,-16.49429733160793,0.2857142857142857,0.38095238095238093,-8.893084407392031
1886,train,2,1,0,64.73637149218092,19.682201802226473,0.0,87.75488484913103,32.94371345183978,0.2857142857142857,0.38095238095238093,10.62173216673657
1887,test,0,1,1,-201.96850964636292,740.900946408633,0.19047619047619047,-63.68632020278762,42.06797620405409,-0.23809523809523808,0.5714285714285714,24.012024549301167
1887,test,2,0,0,625.6799514427705,38.27344644275672,-0.19047619047619047,4.223160696870937,48.93515206414515,0.47619047619047616,-1.4285714285714284,19.29508124626044
1888,validation,0,2,0,95.90500241710862,410.27377868936765,-0.0,0.0,-0.0,0.0,0.0,0.0
1888,validation,2,1,1,-285.8880718794538,-514.3780455032538,0.0,0.0,-0.0,-0.0,-3.0,-0.0
1889,train,0,1,1,-168.6199078885826,-1027.9978243477244,0.0,-98.44188095034184,-0.0,0.0,-0.0,-0.0
1889,train,0,2,1,-169.48373955445106,-457.3511814395006,0.6666666666666666,-471.1862269534698,-0.0,-0.0,0.0,-0.0
1890,train,1,0,0,49.707110292711235,106.71885978951832,0.0,-0.0,0.0,-0.0,0.0,0.0
1890,train,0,2,1,-73.88942639065746,112.07677430356034,-0.0,0.0,-0.0,0.0,0.0,-0.0
1891,train,1,0,1,-515.8981822928279,-1188.8237266951546,-0.0,0.0,-1303.8925093188225,0.0,-0.0,-0.0
1891,train,1,2,1,-1048.1652720250647,-1127.616799765975,0.0,0.0,-556.7003364630443,-0.0,-0.0,-0.0
1892,train,1,0,0,-107.91736743642957,330.4693109820091,-0.0,402.975544213764,0.0,0.0,0.0,-7.7931359769326045
1892,train,0,2,1,-176.33097994840534,-459.40896459879514,0.0,-416.7103666112574,-0.0,-0.0,0.16666666666666666,-214.4196526901632
1893,validation,2,0,1,-1761.429325272496,-3445.3127850545943,0.0,-0.0,-0.0,-0.0,0.0,-0.0
1893,validation,2,1,1,-465.68971370459974,-123.26867234397469,0.0,-0.0,0.0,-0.0,0.0,0.0
1894,train,2,0,1,-112.02699418141026,121.22120081075536,0.0,-0.0,-27.850502420349848,0.0,0.0,-0.0
1894,train,1,2,0,20.551995236107416,-221.6721037664372,-0.5,0.0,10.177746181170287,0.6666666666666666,0.0,-0.0
1895,validation,1,0,1,-104.25403211371088,-149.7098901725617,-0.3333333333333333,-0.0,-0.0,-0.6666666666666666,-0.0,0.0
1895,validation,1,2,1,122.81394780196604,239.96928286502293,0.0,-0.0,-0.0,0.0,-0.0,-0.0
1896,validation,1,0,1,-10.886503462977885,-554.0128446014073,-0.19047619047619047,16.5579734284628,-246.30499506749206,-0.047619047619047616,0.0,23.388996517119125
1896,validation,1,2,1,-73.46864621464624,486.3022150497436,0.0,176.4997966411994,-42.895345185373195,0.047619047619047616,-0.14285714285714285,13.602102657247151
1897,train,1,0,0,263.8530489674068,724.5236537727023,-0.09523809523809523,4.287336363019698,-0.7309066212620954,0.0,1.5714285714285714,62.27680466913889
1897,train,2,0,0,207.25049341514608,259.08483929470685,-0.09523809523809523,-25.504085715670136,-30.65915634439987,0.0,0.42857142857142855,39.09423493196877
1898,train,0,1,1,-204.34398903200633,462.7918527958186,0.0,-313.33670595783275,-12.735823181303983,-0.0,0.0,-10.622744620783898
1898,train,2,0,0,-180.6883176063161,-991.240270659318,-0.0,137.8169192506327,37.16131876639924,-0.0,0.4,-20.073555856286323
1899,train,0,2,0,89.55284072044674,640.4661288247935,-0.6,-426.1601804951951,-0.0,0.0,-0.4,31.94665871320207
1899,train,2,1,1,-384.122236537857,-1325.263451227691,-0.3,-482.0138099484497,-0.0,0.0,0.7000000000000001,-41.751259268000844
1900,train,0,2,0,179.89284560496924,698.1126987474227,-0.0,0.0,-0.0,0.0,-0.0,127.99311073479257
1900,train,2,1,1,-205.82845224677328,-748.9730306928695,0.0,-0.0,0.0,0.0,-0.0,78.08685686830168
1901,train,1,0,0,-190.52259660768698,-73.43884071466346,0.0,0.0,0.0,-0.0,0.0,0.0
1901,train,2,0,0,-321.09916038163146,-313.84658094048655,-0.0,-0.0,0.0,0.0,0.0,0.0
1902,train,0,2,0,-19.905178725086785,-187.94452543814805,0.0,0.0,0.0,-0.0,0.0,0.0
1902,train,2,1,1,-286.67983844801324,-974.361166973014,0.0,-0.0,-0.0,0.0,-0.0,-0.0
1903,test,0,2,0,-31.259628745469854,-364.4980204352305,-0.5,-33.13679298482693,275.61677504347057,0.0,0.0,55.94240996276753
1903,test,2,1,1,-110.65789092849923,244.97449048554608,0.6000000000000001,52.44996552416406,47.496924955608115,0.0,-0.0,-201.3586972611879
1904,train,0,1,1,-270.5185267658642,-234.63056331725875,0.0,-187.61820411410886,-0.0,-0.0,-0.0,-0.0
1904,train,2,0,0,172.7282100119586,402.27165575361505,-0.3333333333333333,501.49905529472574,0.0,0.0,0.0,-0.0
1905,train,2,0,1,-266.7034428508855,-427.5047531277496,-0.0,-0.0,0.0,0.0,0.0,-0.0
1905,train,1,2,0,540.9529510579932,-128.93772305700713,0.0,0.0,0.0,-0.0,-0.0,0.0
1906,train,1,0,1,-571.0825460645553,-1026.7907775898857,0.0,-0.0,-298.77503957660906,0.0,0.0,-0.0
1906,train,2,1,0,629.7991049858267,119.28546233705902,0.0,0.0,51.14510577461283,0.0,0.0,-0.0
1907,train,0,1,1,-32.84800391253577,-37.11773568980243,0.0,0.0,0.0,0.0,0.0,0.0
1907,train,2,0,0,85.085829695788,0.0,0.0,0.0,-0.0,0.0,0.0,0.0
1908,train,1,0,1,101.04432431946077,1577.243216693695,0.09523809523809523,294.7571391331368,4.626956499236193,-0.09523809523809523,-1.1428571428571428,-105.69248809897607
1908,train,2,1,0,184.5370411076251,-749.0610283571023,0.0,-211.49518969907066,118.65177620776937,-0.047619047619047616,2.2857142857142856,146.25510397310873
1909,train,0,2,0,-688.9653272021094,-892.3075927478903,-0.0,-0.0,0.0,1.0,-0.0,0.0
1909,train,2,1,1,441.92093208204415,-1087.2659453415763,0.0,-0.0,-0.0,-3.0,0.0,-0.0
1910,test,2,0,1,18.714124067078956,102.11856973468275,-0.3333333333333333,26.955651952008136,39.27425523613626,0.0,0.0,-29.986473474474344
1910,test,2,1,1,16.602508091480445,610.6881174856726,-0.6666666666666666,59.75208571515109,-39.20173273162035,-0.0,0.13333333333333333,-1.2336328556996825
1911,train,0,1,0,-83.39227186181057,-1169.4257520558767,-0.0,0.0,54.29901293298269,-0.0,-0.0,0.0
1911,train,1,2,1,-1.620902055386864,314.9324461921833,0.0,-0.0,-278.6547456907611,0.0,-0.0,-0.0
1912,validation,1,0,1,-263.23552816790993,-967.2289248790707,0.0,0.0,-301.39345284772605,0.3333333333333333,-0.26666666666666666,18.67269583830722
1912,validation,2,1,0,47.16569570377584,1294.9749707595583,0.4,0.0,60.96521805909368,0.0,0.26666666666666666,20.228891705871792
1913,train,1,0,0,25.505715876650356,751.9630824571177,0.0,0.0,201.58318686641326,0.16666666666666666,2.0,-0.0
1913,train,2,0,0,140.66405124397465,261.7775384459683,-0.0,0.0,50.379338725778666,0.0,2.0,-0.0
1914,train,1,0,1,-73.1352816464921,-2693.7684756401877,-0.5,-0.0,0.0,0.16666666666666666,-1.0,-0.0
1914,train,2,1,0,25.678492253014042,-14.929822497681926,0.0,0.0,-0.0,0.0,1.0,0.0
1915,train,0,2,0,-326.11228256806544,215.42026645358283,0.0,0.0,-11.71974621176533,0.0,1.3333333333333333,0.0
1915,train,1,2,0,-192.3623568264304,8.232895780839044,0.0,0.0,-136.77324850599058,0.0,1.3333333333333333,0.0
1916,train,1,0,0,15.093581801589835,224.09566347476402,0.0,13.869189771358053,-7.06845453450656,-0.047619047619047616,0.5714285714285714,21.18796267689085
1916,train,0,2,1,9.030798060463326,330.8163280958847,0.14285714285714285,-17.938343866230948,-25.222245486116933,0.09523809523809523,-0.19047619047619047,-28.224765240387267
1917,validation,0,1,0,614.3695059412172,1678.0963321242361,0.0,0.0,-115.1273812623324,0.5333333333333333,1.3333333333333333,42.09232665075746
1917,validation,1,2,1,99.38457452622123,512.647893174119,0.06666666666666667,-0.0,126.81907974872928,-0.8,0.3333333333333333,10.289896089497995
1918,train,2,0,1,90.07927977880462,213.51390325851662,0.09523809523809523,-42.3876214487785,-173.34992737813909,0.047619047619047616,-0.7142857142857142,63.06829628512279
1918,train,2,1,1,-133.94067435140607,119.71488690398837,0.19047619047619047,146.26886338959872,-12.342142802996271,0.0,-0.14285714285714285,52.64340649973162
1919,train,2,0,1,-55.769587071125386,-504.8538059802622,0.0,41.862544102911386,-233.65446945932175,0.0,0.23809523809523808,-48.461888261812334
1919,train,2,1,1,90.03490430716852,-128.47460600520617,0.0,-31.222812818760584,-83.28407552609495,0.0,0.0,-17.852236164475627
1920,train,1,0,1,-587.41217825798,-878.416756547038,-1.6666666666666665,0.0,0.0,0.16666666666666666,1.0,-0.0
1920,train,1,2,1,-414.89722352957057,-1103.6658800574369,-0.3333333333333333,0.0,-0.0,0.16666666666666666,-2.0,-0.0
1921,test,0,1,0,-93.44475435297431,-104.63337071178739,0.0,454.6795290885851,-0.0,-0.5333333333333333,-0.2,20.88524978329709
1921,test,1,2,1,-10.26667856211202,-46.612207835379195,0.13333333333333333,-215.06611108921234,0.0,0.26666666666666666,-0.4,-55.98384542491606
1922,test,1,0,0,859.968246503717,2815.1669851261076,1.0,79.29246492630564,-0.0,0.0,0.0,315.127344916934
1922,test,2,0,0,1752.0381374256956,3122.26658727855,0.0,488.38140043973135,-0.0,0.0,0.0,732.1020254752149
1923,train,1,0,1,-429.23339460397904,-1390.3325257760198,0.0,-468.8279525759691,-243.86571445566392,-0.0,-0.30000000000000004,-281.50380255295033
1923,train,1,2,1,-841.1894934468172,-1193.5378690460857,-0.0,200.15222480848675,-87.0002127715467,0.0,-0.1,-174.07449520981956
1924,train,0,1,0,345.9267771900795,890.5705637060018,0.0,0.0,0.0,-0.0,-0.0,-0.0
1924,train,1,2,1,-300.51788811426957,-81.92765092719492,-0.0,0.0,-0.0,0.0,-0.0,-0.0
1925,train,0,2,0,-54.98931551370913,-209.31403574888463,0.0,0.0,0.0,0.0,1.0,0.0
1925,train,2,1,1,403.47992327694453,535.8098335712948,-0.0,-0.0,-0.0,0.0,0.0,-0.0
1926,train,0,2,0,162.9044881554462,1051.6220847639602,0.19047619047619047,-16.036462597155822,52.86577057006698,0.0,1.1904761904761905,13.916730954531344
1926,train,1,2,0,293.5162776245488,751.5660209146686,0.19047619047619047,22.84996572481275,72.7043040634898,-0.2857142857142857,1.6666666666666665,32.793655289457014
1927,train,0,1,1,39.71247191825853,-907.1290289034546,-0.19047619047619047,-46.44144893125943,-97.16303970833464,0.14285714285714285,0.23809523809523808,-30.64268683320944
1927,train,0,2,1,-54.38330976683801,-1068.963295024224,-0.19047619047619047,-68.59542928037297,-104.03290118527703,0.2857142857142857,0.9523809523809523,1.4340983662419455
1928,train,0,1,0,87.87943463618683,511.7843863327307,0.0,828.2364237058173,0.0,-0.3333333333333333,0.0,-0.0
1928,train,2,1,0,454.07471190421984,2223.6657170551352,-0.0,101.70515466603561,0.0,0.3333333333333333,0.0,0.0
1929,train,0,2,0,-219.86675759499957,-370.8071441142333,0.0,-0.0,-0.0,0.0,-0.0,0.0
1929,train,1,2,0,-131.31505454018708,-86.24009851807205,0.0,-0.0,0.0,0.0,-0.0,0.0
1930,train,0,2,0,-459.852171406519,-1061.3727021161653,0.2,-25.691191597196166,259.5182583054512,0.0,-0.0,-11.175559439917334
1930,train,2,1,1,-55.0047668635774,180.8834640952973,0.0,5.39242675944115,30.714303054054604,-0.0,-0.0,-120.76195791121664
1931,train,0,2,0,578.2811216556597,1308.6065730199953,-0.6666666666666666,0.0,-0.0,0.0,1.5,138.52262431880166
1931,train,2,1,1,-181.95148517554776,-262.877870756487,0.3333333333333333,0.0,0.0,-0.0,-2.5,-161.62100592720523
1932,validation,0,1,0,-161.46221830296588,1002.1756463536558,-0.0,-0.0,0.0,-0.0,0.0,0.0
1932,validation,1,2,1,-93.11783235996359,-1115.6458286724273,0.0,0.0,-0.0,0.0,-0.0,0.0
1933,test,1,0,0,700.1830098376784,234.86803090507783,0.4,-0.0,53.753460348885056,-0.2,0.0,-7.349933302578654
1933,test,0,2,1,-25.40832389386594,42.607384904774335,0.0,0.0,-83.9948981981588,0.2,-0.0,-19.431485327201926
1934,train,0,2,0,279.354463586562,854.5185840193881,0.0,0.0,-0.0,0.3333333333333333,2.6666666666666665,-0.0
1934,train,1,2,0,204.10143965786608,611.6122772820304,-0.0,0.0,-0.0,0.0,2.0,0.0
1935,validation,0,2,0,177.25795183773687,2957.991304920667,-1.2,-13.752395467157157,216.5299806206037,0.8,0.0,-0.0
1935,validation,2,1,1,-484.58721934057473,-1882.378144540352,1.5,-85.55463231617362,-114.42054523030188,-0.4,-0.0,-0.0
1936,validation,2,0,1,-619.6884202213207,-65.93426821295543,-0.42857142857142855,0.802031864024879,47.35709490429151,-0.2857142857142857,-0.09523809523809523,-228.68644773615637
1936,validation,1,2,0,974.7295112101999,-974.243111028607,0.0,-3.8483871780618926,-49.1117950108292,0.2857142857142857,-0.2857142857142857,210.98052082412437
1937,train,0,1,1,-314.0285398954577,-1442.7243338677436,-3.333333333333333,-0.0,-0.0,0.0,-0.0,-131.92687788933836
1937,train,2,0,0,506.4274414919346,1403.7872017383143,2.0,-0.0,0.0,-0.0,-0.0,153.5816754668878
1938,test,0,1,0,-215.33128632736026,329.54878169513313,-0.0,-0.0,-0.0,-0.0,-0.0,0.0
1938,test,1,2,1,116.38531460220872,-431.6424778895621,0.0,0.0,0.0,-0.0,-0.0,0.0
1939,train,0,1,1,-548.3165385604524,-1244.7990693040329,0.2857142857142857,-597.3986596452369,-249.84600598604692,0.0,0.09523809523809523,67.3364253387365
1939,train,2,0,0,-106.17755536363916,761.5518042786243,-0.14285714285714285,165.77998335397584,67.88924412113175,0.0,0.19047619047619047,160.9445949651287
1940,train,0,1,1,81.4887641431535,111.19348222455028,0.0,0.0,0.0,0.0,0.0,-0.0
1940,train,0,2,1,-132.94210352084238,-852.6494700396674,0.0,-0.0,-0.0,0.0,0.0,0.0
1941,train,1,0,0,253.76773355354584,-409.0721518997443,-0.0,0.0,0.0,0.0,-0.0,0.0
1941,train,2,0,0,-110.72661247290466,-742.9424981464385,-0.0,-0.0,0.0,0.0,-0.0,0.0
1942,test,0,2,0,612.8750173358159,2176.7874606021883,0.2857142857142857,129.82008908142637,-26.26529317208372,0.2857142857142857,1.1904761904761905,23.096298959256057
1942,test,1,2,0,318.9704051804414,1149.0539179706489,0.14285714285714285,60.34418578932337,86.49417183343594,0.0,0.47619047619047616,1.9086858983245476
1943,train,1,0,0,588.31284518293,2590.1753227962554,0.0,122.17871113499912,33.6907187064426,0.0,0.0,0.0
1943,train,2,0,0,462.7983238428856,2145.136546806696,0.0,-39.6358675607715,349.80511235801015,1.0,-0.0,0.0
1944,validation,1,0,0,253.3230036559513,846.9750410401266,0.0,-0.0,-0.0,0.0,-0.0,210.71667741368893
1944,validation,2,0,0,-287.27762484071314,-347.5399676545676,0.0,-0.0,-0.0,0.0,0.0,145.26639214653292
1945,train,1,0,0,-47.034948374688156,390.75223763928034,0.2,-49.21824289663484,167.03268128226424,0.4,0.0,0.0
1945,train,0,2,1,-13.877819795899768,146.90439483317732,-0.2,-102.65663135789067,-211.00726113140638,0.0,0.0,-0.0
1946,test,0,1,0,384.0219438769727,3727.9291218301114,0.0,0.0,0.0,0.0,-0.0,1134.7196716376927
1946,test,2,1,0,794.0509035334092,216.6340627389418,0.0,0.0,-0.0,0.0,-0.0,0.0
1947,validation,1,0,0,41.533399395238234,-414.03933794917066,-0.0,0.0,-0.0,1.0,-0.0,0.0
1947,validation,2,0,0,-18.71243861160258,858.2263201399464,-0.0,-0.0,-0.0,3.0,0.0,0.0
1948,test,1,0,0,-33.93002786885279,-23.90634079521169,-0.0,0.0,0.0,0.0,-0.0,226.31645637417535
1948,test,0,2,1,-110.21426369748889,483.17435878918786,-0.0,-0.0,0.0,0.0,-0.0,-188.48223903182222
1949,test,1,0,0,-124.86115574463736,354.99899342468234,0.26666666666666666,-111.30207050427319,-0.0,0.06666666666666667,-0.2,25.821496972425653
1949,test,2,0,0,-146.67904787635314,-91.68912520407866,1.0666666666666667,-79.71034912908597,-0.0,0.0,0.6000000000000001,7.36242440837453
1950,test,2,0,1,-330.5820863579937,1415.0737520426474,-0.19047619047619047,159.28166952920768,-247.79926224955392,0.14285714285714285,-0.2857142857142857,-149.88471919013304
1950,test,1,2,0,293.2498829012885,-1309.8189565954463,0.0,-108.32555515070261,120.44941251014717,0.14285714285714285,0.23809523809523808,148.26469538644875
1951,train,0,1,0,343.22998515100045,1641.265675262705,0.047619047619047616,282.6566064598168,-25.40073196037951,0.0,0.23809523809523808,-85.14397213075041
1951,train,1,2,1,141.0326921444402,-357.79174308660913,0.0,-356.63270060747385,48.86478339342925,-0.14285714285714285,0.23809523809523808,85.14397213075041
1952,train,2,0,1,173.09693259653727,-2282.7112198845334,-0.3333333333333333,-456.02971367490863,-430.06039361267085,0.0,-0.0,0.0
1952,train,1,2,0,-960.964745643844,-414.25501850927685,0.0,945.3876306015927,140.30873562737645,0.0,0.0,0.0
1953,train,0,1,1,-454.51253896327205,272.0199734358016,0.0,-0.0,-0.0,-0.0,0.0,-0.0
1953,train,0,2,1,-273.6424389893158,87.86041631674198,0.0,0.0,-0.0,0.0,0.0,-0.0
1954,train,0,1,1,-493.7943731916903,-307.11765903597006,0.0,-205.20185900456303,13.455131676863488,-0.19047619047619047,0.0,64.07062692669476
1954,train,2,0,0,324.4325122787093,-980.4362216928798,-0.23809523809523808,105.29470902520714,12.99624590075484,0.19047619047619047,-0.2857142857142857,-24.411557354359743
1955,train,2,0,1,-105.78508698021233,-95.90962817646141,0.0,0.0,-0.0,0.0,0.0,-109.30955238226878
1955,train,1,2,0,113.494275107936,-24.959638567386264,0.0,-0.0,0.0,0.0,0.0,57.23180129053216
1956,train,1,0,1,-22.40600103580033,14.018616228875544,0.0,0.0,19.014674584204197,0.0,0.0,19.785496786225053
1956,train,1,2,1,46.45842768607088,-567.5833430942325,0.0,0.0,1.641634357397254,0.0,-0.2,-10.802070501162024
1957,validation,0,1,0,225.70749858704858,-93.97112361782229,-0.0,0.0,-0.0,1.0,-0.0,-0.0
1957,validation,2,1,0,74.54063958301839,688.8076775955315,0.0,-0.0,0.0,1.0,0.0,0.0
1958,train,2,0,1,274.5668493961048,599.4273230128265,0.0,-0.0,117.31780927173837,0.0,-1.2000000000000002,-103.68945745759588
1958,train,2,1,1,-32.67830122453506,1946.5368661595758,0.4,-0.0,142.0246691467492,0.0,-0.2,-246.75573098835665
1959,train,2,0,1,-76.23575679899216,-1536.872815836221,0.0,0.0,0.0,0.0,0.0,-0.0
1959,train,1,2,0,519.9215143373143,3129.616475610498,0.0,0.0,0.0,0.0,0.0,0.0
1960,train,1,0,0,350.29387704607836,2164.9686043526217,0.0,284.5587485733293,197.99369428123833,0.0,0.2857142857142857,-68.43618252490394
1960,train,2,0,0,4.349523205049763,-695.9951769430195,0.19047619047619047,276.2922622751073,-22.564885200873714,0.09523809523809523,0.09523809523809523,59.01136691001167
1961,train,0,1,1,84.10674545004571,248.5726076478104,0.4,36.925015231219575,-116.04801546250847,0.0,0.0,-37.91703760085804
1961,train,2,0,0,-35.41492958243043,-453.1691427859837,0.0,67.76799197100284,-68.87321244819586,-0.0,0.0,-4.511355903065289
1962,train,2,0,1,-70.68157577477973,-1577.7376043308614,-0.0,-0.0,-0.0,-0.3333333333333333,-4.0,0.0
1962,train,2,1,1,-37.03583393060785,-365.83100099142484,0.0,-0.0,0.0,-0.3333333333333333,-2.0,-0.0
1963,train,2,0,1,-293.154889873283,-723.8234258172674,0.047619047619047616,1.2213953287208597,34.14876456286775,0.0,-0.23809523809523808,19.466136553430534
1963,train,2,1,1,-117.50025776599989,-321.1834480321709,-0.09523809523809523,-126.39418712192662,14.27692946312671,0.0,0.0,35.03831122727595
1964,train,1,0,1,-636.9111292202044,-2282.5856056733273,-1.5,76.03404098960459,-237.3900338729069,-0.0,-2.4000000000000004,0.0
1964,train,1,2,1,-337.0198925842808,-719.7485427417396,0.0,22.950136753641758,-105.04208997028682,0.0,-0.4,-0.0
1965,train,0,1,1,-645.1454536651654,-47.88306484744862,-0.09523809523809523,-24.030335432792675,-147.32031033732866,0.0,-1.0,-95.86009516337622
1965,train,2,0,0,455.8027790685519,-1361.2084819405964,0.0,38.25634971362551,204.56745198510407,0.47619047619047616,0.2857142857142857,117.91039209913842
1966,validation,1,0,0,250.52504091389324,-237.6263476930544,0.0,-0.0,-0.0,-0.0,0.6666666666666666,162.80693131862003
1966,validation,2,0,0,306.742595571303,-195.78318076174583,0.0,0.0,-0.0,-0.0,-0.3333333333333333,203.67002896958957
1967,validation,0,1,1,-252.00285543302778,-2105.2983758422447,0.0,-627.9652766317305,-0.0,0.0,-1.6666666666666665,-0.0
1967,validation,0,2,1,-125.87924101831106,101.01904894640757,0.0,58.30236887890108,0.0,0.0,-1.3333333333333333,0.0
1968,train,1,0,0,250.676823949773,394.71956751717744,-0.0,-0.0,0.0,0.0,0.0,0.0
1968,train,0,2,1,-135.19140253618224,470.50653342092255,0.0,0.0,-0.0,-0.0,-0.0,-0.0
1969,train,2,0,1,-421.3952610218686,-527.7500344598857,0.0,-22.22369674559629,-37.880984473972376,0.6666666666666666,0.0,-0.0
1969,train,2,1,1,-100.87931565082192,-761.9561334547484,0.0,-169.75104526235447,-260.13573082115056,0.3333333333333333,-0.0,-0.0
1970,train,2,0,1,-96.5250266646201,-1251.6765126158634,-0.0,-0.0,-865.630018047423,0.16666666666666666,-1.0,-0.0
1970,train,2,1,1,-191.19146307946636,-382.4825288661009,-0.0,0.0,-77.05593442072944,0.16666666666666666,-1.0,0.0
1971,train,1,0,0,-54.276715913972225,-321.1543737098318,0.2857142857142857,-101.86676114847532,42.6404213693501,-0.09523809523809523,0.0,2.7553360637493336
1971,train,0,2,1,124.1657676218162,-183.1057509472107,-0.2857142857142857,123.92819535907151,-27.279890942039856,0.0,-0.7619047619047619,-33.13409416917152
1972,validation,0,1,0,508.61709255524215,1210.7451460737961,0.0,0.0,0.0,0.0,0.0,-0.0
1972,validation,2,1,0,304.3368573965503,128.17174629008514,0.0,-0.0,0.0,0.0,0.0,-0.0
1973,train,0,2,0,198.58127299123578,236.4825646704321,0.0,38.53386601766845,189.18643103962128,0.4,0.4,-49.607427842211
1973,train,2,1,1,198.05425318345056,42.60104569244777,0.0,-140.45462178567584,-83.94992000894054,-0.2,-0.4,41.49500701565451
1974,train,0,1,1,203.7558880704451,-464.48898586912037,0.0,0.0,0.0,0.0,-0.0,-0.0
1974,train,2,0,0,-111.33544028758013,-39.96112382427873,-0.0,0.0,-0.0,0.0,0.0,0.0
1975,test,1,0,1,-218.026457167351,-134.18367660735794,0.0,-0.0,-0.0,0.0,0.0,0.0
1975,test,1,2,1,-283.667365569192,-1057.9941973637938,0.0,-0.0,-0.0,-0.0,-1.0,0.0
1976,train,0,2,0,183.66737653291943,375.2933767938821,0.0,-0.0,0.0,0.0,0.0,0.0
1976,train,1,2,0,411.4932606974493,80.44387509518128,-0.0,0.0,-0.0,0.0,0.0,-0.0
1977,train,0,2,0,203.32359466641697,522.4041674303335,-0.0,-125.49392826361236,-0.0,0.0,-0.0,-0.0
1977,train,2,1,1,-205.65971265037626,-709.4118474494853,0.0,-290.59610288559475,0.0,-0.0,0.0,-0.0
1978,train,1,0,0,287.7066571272063,618.4915533078401,0.0,-20.648955465901647,7.656260238412203,0.0,0.09523809523809523,132.46118167925
1978,train,2,0,0,-16.800215357486877,424.17136671978915,0.5714285714285714,-33.69076444760154,-48.87466757381217,0.7142857142857142,-0.2857142857142857,120.81711303341791
1979,train,1,0,0,-22.23439731353244,-192.4175050799663,1.3333333333333333,-0.0,129.20587638850242,-0.0,-0.0,0.0
1979,train,0,2,1,-118.2062050859688,-335.9048977812263,-2.6666666666666665,0.0,167.23106198357885,0.0,0.0,0.0
1980,validation,2,0,1,440.58804367748064,607.9942579066656,-1.0,-0.0,-17.237359917360436,0.0,0.0,-0.0
1980,validation,1,2,0,1065.6260169509985,3364.7178872376253,1.3333333333333333,0.0,1202.0306893150603,0.0,0.0,0.0
1981,validation,0,1,1,-77.53894019442981,-1069.9455635697745,0.0,-658.2888512142641,0.0,-0.0,-0.0,-0.0
1981,validation,0,2,1,158.78125814223614,-422.5181519099515,0.0,-327.489706560708,0.0,0.0,-0.0,-0.0
1982,train,0,2,0,246.00488995936036,662.7103809960822,0.0,-0.0,61.82323268249547,0.1,0.6,-38.23028638863415
1982,train,1,2,0,84.40642780928249,194.80350911012783,0.0,-0.0,131.21188079247017,0.1,0.6,-21.645539615468916
1983,train,0,1,0,-76.8914159841637,-601.0497266829761,1.3333333333333333,220.1740585830919,0.0,-0.0,0.0,-0.0
1983,train,1,2,1,47.94003009034566,216.110587571392,-1.3333333333333333,-296.60376681484746,0.0,0.0,0.0,0.0
1984,train,1,0,0,54.57235921910814,0.0,0.47619047619047616,-60.346506361260964,19.16296600174363,0.0,0.5714285714285714,-8.355072231417768
1984,train,2,0,0,-72.5697058794776,0.0,0.23809523809523808,-88.40672393674994,33.53367994119871,0.0,0.2857142857142857,-15.821072533778441
1985,test,2,0,1,313.749325634177,-389.74440523244084,0.3333333333333333,0.0,37.70717937639924,-1.0,0.0,0.0
1985,test,1,2,0,109.54271618908547,1351.2213861602177,0.0,0.0,87.80835262908722,0.5,0.0,-0.0
1986,train,0,2,0,141.59369371786767,570.7966291284374,0.09523809523809523,214.41500465638995,-23.315138571333136,0.14285714285714285,-0.38095238095238093,-33.030182183984884
1986,train,1,2,0,290.13976270074755,1522.935744516676,-0.047619047619047616,57.71365497473149,-2.364909040927874,0.0,0.09523809523809523,39.80855919876563
1987,train,2,0,1,-292.6805453310379,-187.85067991279925,0.0,0.0,-0.0,0.0,1.3333333333333333,0.0
1987,train,2,1,1,-89.35386046771697,-226.1421763977521,0.0,0.0,-0.0,-0.0,0.6666666666666666,0.0
1988,train,0,1,1,-212.1706900738448,-1851.8799705940082,0.0,-0.0,0.0,-2.6666666666666665,-0.0,-0.0
1988,train,0,2,1,-92.26923684629395,-1151.4154355927876,-0.6666666666666666,0.0,-0.0,0.0,-0.0,-0.0
1989,train,1,0,0,458.9822990398019,856.629618065952,0.0,363.53325082224916,41.445085462693534,-0.14285714285714285,0.9523809523809523,-40.452379614070345
1989,train,0,2,1,111.83562767383398,58.11496511551468,0.047619047619047616,-184.53565770571302,-237.1521478927433,0.14285714285714285,-0.9523809523809523,7.661600598711791
1990,train,0,1,0,9.58082468262512,-1028.7055900614132,-0.0,-0.0,-0.0,-0.0,0.0,0.0
1990,train,2,1,0,354.6669031039803,553.8723348423855,-0.0,-0.0,0.0,-0.0,0.0,-0.0
1991,validation,1,0,1,-133.1104096650987,-171.25191526804656,0.0,189.38926536710846,-0.0,-0.6666666666666666,1.0,0.0
1991,validation,2,1,0,160.18013364314493,-284.84881337223806,0.0,-232.82820453282707,0.0,0.3333333333333333,-0.5,-0.0
1992,train,2,0,1,24.34349416275029,-584.4232416374434,0.0,0.0,0.0,-0.0,-0.0,0.0
1992,train,2,1,1,-26.154438596551927,487.33432263936174,0.0,-0.0,-0.0,-0.0,0.0,0.0
1993,train,2,0,1,-118.74142599382373,-1200.933383998472,-1.0,-0.0,0.0,0.0,-0.0,-0.0
1993,train,1,2,0,207.85336096516602,890.7725865479752,0.0,0.0,-0.0,-0.0,0.0,-0.0
1994,train,1,0,0,143.7740199547526,-501.71822396741936,0.0,-0.0,-0.0,-0.0,0.0,0.0
1994,train,0,2,1,16.368268915566773,-1018.5491123222464,-0.0,0.0,-0.0,0.0,-0.0,0.0
1995,train,2,0,1,-81.61383887917003,-603.813919650752,-0.19047619047619047,-0.6631120938021857,-26.502468861010318,0.0,0.5714285714285714,0.0
1995,train,2,1,1,-181.8302007497249,-645.5289088958532,0.0,-71.45854541425595,-3.447166943395662,-0.23809523809523808,0.7142857142857142,-53.808933632053794
1996,test,1,0,1,-158.475550889099,-457.4742392016974,-0.0,0.0,0.0,-0.0,0.0,0.0
1996,test,2,1,0,139.22907048220475,238.2006720599561,0.0,-0.0,-0.0,0.0,-0.0,0.0
1997,train,0,1,1,23.5136799551899,-624.061303470618,0.0,166.5787371252036,0.0,-0.0,-2.6666666666666665,-0.0
1997,train,2,0,0,-25.35587129553278,-129.1276644689724,0.0,-242.1826483887311,0.0,0.0,-1.3333333333333333,-0.0
1998,train,0,1,1,-9.315538545434038,-159.89056163564373,0.0,-0.0,0.0,0.0,0.0,0.0
1998,train,2,0,0,32.57745570391796,142.16957309037025,-0.0,-0.0,-0.0,0.0,0.0,-0.0
1999,train,2,0,1,-148.883134543785,-1802.3803736198088,-0.42857142857142855,-43.882243329981975,-91.01802996247086,0.0,-0.09523809523809523,-103.9282970293059
1999,train,2,1,1,-12.117903291179005,-398.2152314634732,-0.42857142857142855,22.71096556630534,-60.48635850228556,0.0,0.09523809523809523,-7.912426373643712
2000,validation,0,1,0,152.8460322801676,282.43045941381934,0.0,-0.0,-0.0,-0.0,1.3333333333333333,-57.18537145588247
2000,validation,1,2,1,110.81345519405795,10.319195970549117,0.0,-0.0,-0.0,-0.0,1.3333333333333333,9.316706851790077
2001,train,1,0,0,40.60628010811274,639.0331708202104,-0.2,0.0,17.54869376496377,0.0,1.6,-4.971366808747871
2001,train,0,2,1,-325.6107007464182,-504.6584707146992,-0.2,-0.0,-49.22223734234733,0.0,-0.4,-18.677813423373614
2002,train,0,1,0,292.846736710585,439.8275998264644,-0.2,210.20629260414242,-6.81815194778109,0.26666666666666666,0.0,203.30904962751654
2002,train,2,1,0,176.9135506028822,-809.524761301891,-0.4,163.45122859035965,18.44947013942229,0.26666666666666666,-0.0,68.13370642840302
2003,train,0,1,1,-180.21974343104011,-910.0064274269671,-0.13333333333333333,-0.0,-231.7313848314302,-0.8,0.0,-181.88048626413368
2003,train,2,0,0,-431.92784533517397,312.45186255564386,0.4,0.0,-43.79354358442852,0.0,-0.26666666666666666,85.33707827228626
2004,validation,1,0,0,420.69301912373265,-173.66527734282863,0.0,7.1859709750900045,-0.05639902929675221,0.0,-0.26666666666666666,-30.703844538232
2004,validation,0,2,1,171.46710402656112,624.8330973410466,-0.0,17.640151418337496,31.70125342552593,-0.3333333333333333,0.5333333333333333,45.23967927766098
2005,train,0,2,0,177.67609415519377,1216.3759539960297,0.4,-20.14058259613503,252.34129715896378,0.0,0.0,22.686433690394967
2005,train,1,2,0,-8.003386282462372,-43.35782950483235,0.2,-12.84158613005402,245.86386643393757,0.0,0.0,-1.2753840687963702
2006,test,0,2,0,59.22851491234792,-635.4698241296774,-0.0,1116.163681183259,227.03801392839173,-0.0,0.0,-0.0
2006,test,1,2,0,250.46836521310718,-21.45922096347931,-0.0,1442.1061382981873,-23.708425821871135,0.0,0.0,-0.0
2007,test,2,0,1,178.11357440182064,-455.6221681702391,-0.6666666666666666,-542.8146780844183,-178.5390138368673,0.0,-0.0,-0.0
2007,test,2,1,1,-211.183004419182,-2195.5149609923546,0.0,-1909.6894335357697,-680.9528212973036,0.0,-0.0,-0.0
2008,train,2,0,1,171.8223801194942,56.21862759307078,0.0,55.766385286352715,-0.0,0.0,-2.0,-41.91479701077811
2008,train,1,2,0,268.1884702536304,663.6731821540816,0.0,569.1454085351475,-0.0,0.0,1.0,56.45199153670687
2009,validation,2,0,1,86.87252195930932,123.63875404345981,0.0,72.0629820670921,0.0,0.0,0.0,0.0
2009,validation,1,2,0,67.8647603786523,311.57861518713844,0.0,1036.8279130768383,-0.0,-0.0,-0.0,-0.0
2010,train,1,0,0,130.89861505984027,523.1083487936703,0.0,0.0,0.0,-0.0,0.0,-0.0
2010,train,2,0,0,33.44033209257526,-23.637442337172615,0.0,0.0,0.0,-0.0,-0.0,-0.0
2011,train,1,0,0,157.52868353246052,663.8769335277439,0.0,184.35869743358768,0.0,0.0,0.0,-6.8435502428474795
2011,train,2,0,0,319.10709949712884,1156.263683564658,0.0,466.27100219867634,0.0,0.0,0.0,-30.680712466952308
2012,train,0,1,0,127.80599879803572,-92.9349298356019,-0.0,0.0,-0.0,0.0,-1.0,0.0
2012,train,1,2,1,-413.54924883997376,340.33879799337046,-0.0,0.0,0.0,0.0,-0.6666666666666666,-0.0
2013,train,1,0,0,16.996693652900035,-534.9307773409478,0.0,-151.50394783381685,0.0,-0.0,-0.0,-0.0
2013,train,2,0,0,-36.77914933188515,-270.7736469042543,0.0,-187.86839841046208,-0.0,0.0,-0.0,-0.0
2014,validation,2,0,1,-770.9793614734568,-1074.2658323589749,-1.0,-0.0,-29.51514791076623,0.26666666666666666,-0.8,124.4790187811001
2014,validation,2,1,1,-215.83826802274143,-952.7705918358242,-0.2,0.0,-11.714656352337844,-0.13333333333333333,-1.6,-36.701935298021866
2015,train,2,0,1,-215.92972857865573,-2162.360405727044,-0.0,-0.0,-0.0,0.0,-5.0,0.0
2015,train,2,1,1,-353.92039360001115,-3088.439793488774,-0.0,-0.0,-0.0,0.0,-4.0,-0.0
2016,train,0,2,0,222.35862449307496,1191.758705990348,0.0,-0.0,49.22617214103305,0.6000000000000001,0.26666666666666666,-39.149403623379115
2016,train,1,2,0,233.44275872533518,1420.2421988631222,-0.5333333333333333,-0.0,-40.9322083390544,0.4,-0.13333333333333333,-39.149403623379115
2017,test,2,0,1,-120.1170596633873,449.8135795458702,-0.3333333333333333,-105.39278208584426,-89.95303639242152,0.0,0.0,-0.0
2017,test,2,1,1,-49.034121649901294,-366.3173706269022,0.0,-86.83937140454066,-99.2547798327455,0.0,0.0,-0.0
2018,train,2,0,1,-118.97996692549589,335.51815030486796,0.0,0.0,-0.0,0.0,0.0,0.0
2018,train,1,2,0,295.5290955298716,1272.5025698117115,0.0,0.0,0.0,-0.0,-0.0,0.0
2019,validation,0,2,0,-108.2082571119613,-590.7502298223162,0.0,55.87418923188003,101.3359454858922,0.0,0.0,107.11142903422946
2019,validation,2,1,1,-199.86815430774664,-2346.7986926581534,-0.0,-17.075685388235115,-591.9639825900988,-0.0,-0.0,-136.10081609329532
2020,test,0,1,0,-73.33517563846385,1591.125543812187,0.0,521.6577806073743,33.770148514233576,0.0,1.2000000000000002,-0.0
2020,test,1,2,1,427.3318812960342,525.0876263279406,-0.0,-365.40094582695815,29.210349773967256,-0.6,0.0,0.0
2021,train,0,1,0,57.95820082993205,-323.0895443945842,-0.3333333333333333,-0.0,-0.0,0.0,0.0,71.53835377353626
2021,train,1,2,1,-218.49457044963233,450.8891770945402,0.3333333333333333,0.0,0.0,0.0,-0.16666666666666666,-114.75235073377239
2022,train,0,1,0,4.907291200174143,531.9458918425844,0.8,-32.10248455877775,-0.0,-0.2,0.0,21.88933700690475
2022,train,1,2,1,30.93614360910803,363.14416257855964,0.0,18.843555786143813,-0.0,0.1,-0.0,49.454918730857905
2023,train,0,2,0,13.405224481819118,1201.7772112961402,0.0,0.0,-75.54872996298609,0.0,1.5,-129.30087047401324
2023,train,1,2,0,-23.258483955008444,184.82865240386036,0.0,0.0,-78.66606263706825,0.0,1.5,-64.43945991810978
2024,train,2,0,1,-179.29865251143065,-2203.275299245639,-0.0,0.0,0.0,-0.0,-0.0,-0.0
2024,train,1,2,0,506.49955726821463,1305.1710133743836,0.0,0.0,0.0,-0.0,0.0,-0.0
2025,train,0,1,1,31.60473383543365,-404.9994012690818,0.0,0.0,-0.0,0.0,0.0,0.0
2025,train,0,2,1,159.68213058958185,191.26577627135885,0.0,0.0,-0.0,-0.0,0.0,0.0
2026,test,0,1,1,40.392129879768845,-516.8743571323594,-0.14285714285714285,-536.64791801298,-408.3310709561512,-0.2857142857142857,0.42857142857142855,2.7282256242155576
2026,test,2,0,0,302.37061987015795,525.3883823294209,0.09523809523809523,275.0483096092946,91.22662404810504,0.8571428571428571,-0.2857142857142857,-2.7282256242155576
2027,train,0,2,0,-12.633217082679835,428.7068489848434,3.0,-0.0,0.0,0.0,-0.0,0.0
2027,train,2,1,1,-190.58682558119983,-261.1337750509583,0.0,0.0,-0.0,0.0,-0.0,0.0
2028,train,0,1,1,-220.55474584742876,748.2246658100703,-0.6666666666666666,0.0,-0.0,-0.0,0.0,51.91886764408707
2028,train,0,2,1,-219.741053919332,-64.08274054884532,-0.3333333333333333,-0.0,0.0,-0.0,-0.0,-48.647362406459855
2029,train,0,1,1,-112.37400683711041,-713.7299303425493,0.0,-0.0,-0.0,0.0,0.0,-0.0
2029,train,2,0,0,-4.085346008935062,364.90519631522784,0.0,0.0,0.0,0.0,0.0,0.0
2030,train,0,1,0,-115.10703681447762,177.06199887158164,0.0,-0.0,-0.0,-0.0,5.333333333333333,-0.0
2030,train,2,1,0,183.16555734854524,732.2816000484045,0.3333333333333333,-0.0,0.0,-0.0,4.0,-0.0
2031,validation,0,2,0,44.9137587625969,27.69065484213661,0.3333333333333333,477.1538927081888,0.0,0.0,0.0,-20.703060205896634
2031,validation,1,2,0,104.64227347101723,258.79805696344374,0.0,600.0224760994436,0.0,0.0,0.0,180.60075536025448
2032,validation,0,2,0,-156.84718044118472,-115.81099899324909,0.0,-15.628838478087074,-31.044406406108347,-0.2857142857142857,-0.14285714285714285,-3.2352305958324576
2032,validation,1,2,0,58.915541572437405,239.03521162274637,0.0,34.904362712246815,-2.3467521408015557,0.2857142857142857,-0.2857142857142857,10.693921875501985
2033,test,0,1,0,-25.46429470758619,383.6157917652704,0.0,0.0,185.8369069129718,0.0,-0.0,0.0
2033,test,2,1,0,15.830661976914257,358.82063300183427,0.2,0.0,-4.795917690676561,0.1,0.0,80.40944866331887
2034,train,0,1,0,-162.1951477405588,-231.61524542603593,0.0,166.34704964395812,159.02893932013527,-0.06666666666666667,0.13333333333333333,-68.22683074924576
2034,train,1,2,1,63.39195282647643,719.0056325430069,-0.0,27.246994177730933,-60.31180259909659,0.06666666666666667,-0.5333333333333333,15.899504389532161
2035,train,0,2,0,413.89670162424477,1108.7661072750598,0.0,184.49011770018717,83.81113454732086,0.0,-0.19047619047619047,-19.098296010973527
2035,train,2,1,1,127.32097741209293,-448.5763544357078,-0.14285714285714285,198.17707632012548,-5.914021636461056,-0.5714285714285714,0.38095238095238093,29.57473155391444
2036,train,0,1,0,267.13598972724355,766.0375135806021,-0.19047619047619047,19.206465848938034,262.5736838781377,0.0,0.23809523809523808,-6.592680400968138
2036,train,2,1,0,212.02975429794117,398.93399812536063,0.2857142857142857,-38.83655001775604,-71.5302015632379,0.0,0.9523809523809523,1.7665346272415994
2037,train,1,0,1,157.845416758537,866.0071767265904,0.0,-330.7241026432501,13.343028587840081,-0.0,-0.6,35.77431308961123
2037,train,1,2,1,-148.6686651434111,132.6416516016452,0.0,-368.1834075050692,-38.67845747828096,-0.0,-1.5,-12.619934324146506
2038,train,0,1,1,153.26706192105394,-1357.3511330404249,0.0,-0.0,-0.0,-0.0,-0.0,-0.0
2038,train,2,0,0,-337.20589475302114,-213.08520610763253,-0.0,0.0,-0.0,0.0,0.0,0.0
2039,train,2,0,1,26.653748211832124,-120.45818765244712,0.0,57.89922192741986,82.34464547710998,0.0,0.19047619047619047,-47.02448933803581
2039,train,2,1,1,-311.0488817391719,-158.58477624131774,-0.23809523809523808,-36.06356046181325,17.621493377023853,0.19047619047619047,0.14285714285714285,-59.60926553190463
2040,train,0,1,1,-474.0151693152219,-1333.3109479583864,-0.9523809523809523,-65.42635963552779,-181.82238363029,0.0,0.0,-48.736955559721515
2040,train,2,0,0,406.9824919803119,-344.64677441149524,-0.19047619047619047,1.4503994787908898,-38.163140514708296,0.09523809523809523,-0.8571428571428571,162.76124137629222
2041,validation,1,0,0,140.57324617397654,-164.32408800585972,0.19047619047619047,6.863913555782898,-136.83282808386943,0.2857142857142857,0.2857142857142857,86.58793698591221
2041,validation,2,0,0,146.98962039678662,-414.17893814103536,0.09523809523809523,-20.11911844321165,-39.81787376834913,0.2857142857142857,0.14285714285714285,0.0
2042,train,0,2,0,-63.219559676172196,-172.74820583005476,1.0,-206.00996564271696,-0.0,0.0,0.0,0.0
2042,train,1,2,0,-134.21202754815624,-527.7395025121989,1.0,-173.9230471825141,-0.0,0.0,-0.3333333333333333,0.0
2043,train,0,1,0,3.54709535583288,-958.9897620438142,0.2,-325.54610820921084,-359.6948229588263,-0.0,-0.0,307.20648356427574
2043,train,1,2,1,-273.0113277383821,-846.3147996106145,-0.30000000000000004,-286.4057954036951,297.9977521136839,0.0,-0.0,-107.94355931679928
2044,train,0,2,0,24.80349221194365,-280.43200469219846,0.0,-0.0,0.0,0.0,-0.0,-0.0
2044,train,2,1,1,-469.2585582165177,-726.5150817745525,0.0,-0.0,-0.0,-0.0,0.0,-0.0
2045,train,0,1,1,106.35793921010168,424.2587858763236,-0.0,0.0,-11.2282623248758,0.0,0.3333333333333333,0.0
2045,train,2,0,0,-249.26091169242386,-469.4529887456406,-0.0,-0.0,4.735151327129358,0.3333333333333333,-0.16666666666666666,-0.0
2046,train,2,0,1,-364.03583797663316,-740.4987035124341,-0.5714285714285714,-89.19067780093636,-226.65081611658465,0.0,0.47619047619047616,5.338396484911917
2046,train,2,1,1,-769.73595629474,-489.692595887429,0.14285714285714285,-46.431700932285274,-202.37987258356915,0.47619047619047616,-0.09523809523809523,-4.501473540642521
2047,train,2,0,1,184.49557544896345,-329.77344728076696,-0.09523809523809523,-270.9915874619684,-6.675245687279503,0.0,-0.38095238095238093,-106.37944123310065
2047,train,1,2,0,129.7432794750248,411.49795424168224,0.0,176.94548669979886,266.07580371686726,0.14285714285714285,-0.19047619047619047,93.11699997076559
2048,train,0,2,0,512.3716643577069,2246.025515670336,0.0,9.362891126418845,-5.388968030403041,0.0,0.7619047619047619,10.210272603499977
2048,train,1,2,0,132.73285776723014,1357.447820511009,0.8571428571428571,251.3124816319799,326.73935408561096,0.0,-0.38095238095238093,-25.615236303597523
2049,train,1,0,0,-52.88309545115669,-626.3459261829139,0.2,-0.0,-2.5889697439019943,0.0,0.8,0.13471854454137427
2049,train,2,0,0,-74.21583410514921,-463.7093898386538,0.2,0.0,21.376310350074544,0.0,0.8,-8.275408286047703
2050,validation,1,0,1,5.322290131186605,878.3783338355847,-0.19047619047619047,60.415929779938665,-2.3796586808003326,-0.23809523809523808,0.0,29.06776554860727
2050,validation,2,1,0,62.991537569206855,-91.521437388712,0.19047619047619047,-41.60265418587958,-33.52687683883175,0.7142857142857142,0.8571428571428571,-10.732537526026055
2051,train,0,2,0,207.15626742149618,1636.6655270830834,0.0,-0.0,171.9867797386014,0.6666666666666666,0.0,0.0
2051,train,1,2,0,134.9713571988533,1374.9858642338668,0.0,0.0,590.9511630247517,1.3333333333333333,0.0,0.0
2052,train,1,0,0,-24.669775959357253,-1137.9258750592885,0.0,813.2468550734095,-0.0,0.0,-0.0,0.0
2052,train,0,2,1,-254.48193803783175,-1268.0253466976728,-0.0,-454.9577759347742,-0.0,-0.0,0.0,-0.0
2053,train,1,0,0,303.4899932184649,137.03558072843862,0.06666666666666667,-128.3573474227475,3.4779207555615965,0.4,1.0666666666666667,0.0
2053,train,2,0,0,132.97058881094887,844.8966266873335,0.13333333333333333,-32.37398301265989,-27.544746508287933,0.0,0.26666666666666666,-0.0
2054,train,2,0,1,212.53297741968674,-414.19667249549,0.0,-0.0,0.0,0.0,-0.0,-0.0
2054,train,2,1,1,191.70115658958883,494.0733316047308,0.0,-0.0,0.0,0.0,-0.0,-0.0
2055,validation,2,0,1,-169.12791095019054,-151.67811825025365,-0.0,-651.3748239379092,0.0,-0.3333333333333333,-1.3333333333333333,-0.0
2055,validation,1,2,0,300.62816758327733,1045.2650761510895,0.0,329.00983378125784,0.0,0.0,3.6666666666666665,0.0
2056,test,0,1,1,-255.14936312214337,-1418.134132332667,-0.0,0.0,0.0,0.0,-0.0,-0.0
2056,test,0,2,1,-483.59920017378573,-617.9367036787262,-0.0,-0.0,0.0,0.0,-0.0,-0.0
2057,test,0,2,0,61.462872882469696,-494.0844009120201,0.2,-4.298345835835971,-0.0,0.06666666666666667,0.0,83.25796288908732
2057,test,1,2,0,-200.41041729018616,-378.9390844143718,1.0,-153.18831898192855,0.0,0.13333333333333333,0.26666666666666666,181.8359366952722
2058,train,1,0,1,-72.42511766875162,-109.91643327731504,0.0,-0.0,-0.0,0.0,-0.0,0.0
2058,train,1,2,1,-46.50424011393872,-10.907101995221865,0.0,-0.0,-0.0,0.0,0.0,-0.0
2059,validation,0,2,0,490.2165630673313,-286.4530829985597,0.0,-139.73900722203703,65.10914999053125,-0.0,-0.0,-0.0
2059,validation,2,1,1,-228.6400464610182,583.2563314378049,-0.0,312.59500063296696,-355.10289574847036,0.0,0.0,0.0
2060,validation,1,0,0,-146.6283243618092,-358.91074150452005,0.0,0.0,-0.0,-0.0,2.0,0.0
2060,validation,0,2,1,58.223474716500334,-106.94639633328825,0.0,-0.0,-0.0,0.0,0.0,-0.0
2061,train,0,1,1,14.08047036477069,464.06141438734085,-0.38095238095238093,23.855636000750692,-41.309306985058,-0.2857142857142857,0.14285714285714285,-3.84201039165321
2061,train,0,2,1,-417.61090057157503,-808.1949466515057,-0.19047619047619047,19.951163164313176,-34.2117106227063,-1.1428571428571428,-0.14285714285714285,-9.211146330423958
2062,train,1,0,1,-16.138964546004786,555.5995824815327,-0.0,0.0,-0.0,0.0,-0.0,-0.0
2062,train,2,1,0,-118.5927180267397,-111.21688000303584,0.0,0.0,0.0,-0.0,0.0,0.0
2063,test,0,2,0,284.37699540802333,173.77098117003425,0.0,0.0,25.660962458125937,0.0,-0.0,-0.0
2063,test,2,1,1,-413.86179171104914,-1215.7074001407518,-0.0,-0.0,-29.190863594037673,-0.6666666666666666,0.0,0.0
2064,test,2,0,1,52.739167518811996,-1411.7228838887063,0.0,-0.0,0.0,0.0,-0.0,-0.0
2064,test,1,2,0,-218.55470570341822,854.8762185393739,0.0,0.0,0.0,0.0,-0.0,-0.0
2065,validation,1,0,0,-230.70275145923182,552.0465027336554,0.0,269.3177485625186,86.37583454360741,0.13333333333333333,1.6666666666666665,52.505785216027185
2065,validation,0,2,1,154.14733049158826,-504.3063596708648,-0.0,-240.95132827780193,-184.89562664307556,-0.06666666666666667,-1.3333333333333333,-27.35222810106352
2066,test,0,2,0,-40.894923579260364,-108.31740025495992,-0.0,0.0,0.0,0.0,-0.0,0.0
2066,test,1,2,0,133.0310439236411,432.34822772058897,0.0,0.0,0.0,0.0,0.0,0.0
2067,train,1,0,1,-365.65874400171356,-713.1281218219665,-0.0,-1053.6373258722797,-0.0,0.0,0.0,-0.0
2067,train,1,2,1,-22.64968747213254,708.2149701397611,0.0,-1773.7481952184057,0.0,0.0,0.0,0.0
2068,train,1,0,0,-99.74577025558392,600.6125161032896,-0.0,0.0,-0.0,0.0,-0.0,449.8631893336209
2068,train,2,0,0,76.77798724667537,584.3784081895819,-0.0,0.0,-0.0,0.0,-0.0,1016.9973310191947
2069,train,0,2,0,467.9861926759255,1284.1689489463724,0.0,12.060213007816595,-324.55687730749764,0.0,2.2857142857142856,61.74410167412771
2069,train,1,2,0,969.2318702462597,1272.5964490350934,0.19047619047619047,44.597112066386345,-111.6949340806526,-0.14285714285714285,1.1428571428571428,50.822297515576565
2070,train,0,1,1,-96.42558274747236,-1054.8022850046482,0.0,-0.0,61.420794547022325,-0.2,-0.2,46.05251564622784
2070,train,0,2,1,-196.41598203604903,-1195.9738186157442,-0.0,-0.0,-76.00726697125386,0.0,-0.4,-127.225892933448
2071,test,0,2,0,-251.54964926590873,-83.2577814827946,0.0,-127.01482857387755,35.401882502153065,0.6000000000000001,0.0,-56.48044586031859
2071,test,2,1,1,113.11206795476573,-374.9012993769402,-0.0,-433.6906213119659,-32.54410268676185,-0.2,0.0,-58.94332917462669
2072,validation,0,1,1,376.2431859655422,-75.2614102648331,-0.0,-472.017427958839,-426.86860556786,-0.0,0.0,0.0
2072,validation,0,2,1,366.5997977350163,178.42765486683038,0.0,-573.5000675884878,23.137676403262617,0.0,0.0,-0.0
2073,train,0,1,0,-200.348173328219,475.0297731799965,0.0,0.0,67.3523575272045,0.0,-0.0,272.3187617336798
2073,train,1,2,1,-616.4760607799428,-350.65598746098294,-0.0,-0.0,278.09774754452735,0.3333333333333333,-0.0,-214.77786652404293
2074,train,1,0,0,466.0539161928325,1288.8842361433535,0.0,2031.869232176524,0.0,0.0,4.666666666666666,-0.0
2074,train,0,2,1,-485.17456863129155,-604.0942818222838,-0.0,-1068.4902191500332,-0.0,-0.0,-1.3333333333333333,0.0
2075,validation,0,1,1,179.43780346099652,-1096.739470780165,-0.9523809523809523,-71.49283738445544,379.4277788048483,0.0,-1.5714285714285714,-37.551606510923776
2075,validation,0,2,1,-45.54498507690448,379.66129864259983,-0.7142857142857142,94.04699534512415,12.334115973151711,0.2857142857142857,-0.14285714285714285,35.12209296702126
2076,train,2,0,1,16.502784806296518,503.8093995575109,0.0,-0.0,0.0,0.0,-0.6666666666666666,74.05475549165666
2076,train,2,1,1,227.63979449958276,598.4972061351887,0.0,-0.0,0.0,-0.5,-0.5,64.67287063327468
2077,train,1,0,1,143.27162837393496,992.3076050163963,0.0,-602.9099336762258,-0.0,0.0,-0.0,-0.0
2077,train,1,2,1,182.2467919387028,444.6885878533867,-0.0,-428.29465813010756,0.0,0.0,-0.0,0.0
2078,train,0,2,0,-147.67292712413223,111.2561630452874,0.6666666666666666,-0.0,0.0,0.0,-0.0,0.0
2078,train,1,2,0,320.89231167124206,958.5737459942457,1.3333333333333333,0.0,0.0,-0.3333333333333333,-0.0,0.0
2079,train,2,0,1,-122.83421160252271,-1138.2140403731946,0.0,-94.17393639129281,-72.28274383348584,0.0,-1.1428571428571428,43.68124101006793
2079,train,1,2,0,106.0859028867535,398.46621662278176,0.2857142857142857,72.05868996312671,39.995953744424106,0.19047619047619047,0.8571428571428571,-68.38910164323806
2080,validation,0,2,0,191.09673233008976,614.0641003579481,1.0,-0.0,0.0,0.0,0.0,0.0
2080,validation,1,2,0,93.84607252179939,82.71417911361777,0.0,0.0,0.0,-0.0,0.0,0.0
2081,train,0,1,0,-132.159475447591,163.37456878799048,-0.0,-30.2948400594305,60.315026413156126,0.0,-0.0,-0.0
2081,train,1,2,1,-139.21873891035767,-871.5311557894047,0.0,233.19896115175234,-155.56919751084712,0.0,0.0,0.0
2082,train,1,0,0,77.89355108207383,987.8592421263656,0.0,0.0,79.58850931927526,0.0,-0.0,0.0
2082,train,2,0,0,266.26352255043605,131.95308938103153,0.0,0.0,440.56173094533284,0.0,0.0,0.0
2083,train,0,2,0,29.0472678841154,-601.8679898198775,0.0,-0.0,-37.89561518194199,0.0,-0.0,0.0
2083,train,1,2,0,396.3520878497496,374.430889828157,0.0,0.0,352.78187698299257,0.0,-0.0,0.0
2084,train,0,1,0,-104.23458072681188,13.748244970839096,0.0,-0.0,-0.0,0.0,0.0,-66.00526512936028
2084,train,2,1,0,-286.46038183578986,261.2271077892701,0.0,-0.0,0.0,0.0,0.0,114.77104860099716
2085,validation,0,2,0,100.2241081448816,393.1992889609828,-0.0,798.3745782234735,-0.0,-0.0,0.0,0.0
2085,validation,2,1,1,87.46556542588007,489.7423647823962,-0.0,-808.086902246567,0.0,0.0,0.0,-0.0
2086,train,0,1,0,205.39004084444082,-914.9412236291305,0.0,-0.0,-0.0,-0.0,0.0,17.83499229560425
2086,train,2,1,0,-64.72789342817384,-440.39913779520066,-0.0,-0.0,-0.0,-0.0,0.0,121.36173411361436
2087,train,1,0,1,280.2252152950353,1723.6701402693493,-0.2,0.0,16.524522281971805,0.0,1.0666666666666667,-80.58197534962319
2087,train,1,2,1,70.9636516367948,995.9150042911988,0.0,0.0,13.033732965750751,-0.13333333333333333,0.0,1.179194459700542
2088,test,1,0,1,208.94113158674958,-71.99794941575192,0.3,-132.79125435013256,-0.0,0.0,0.0,-28.812679060303584
2088,test,1,2,1,-18.631778410225365,-1110.657271152058,0.0,-234.74651111453605,-0.0,0.0,-0.2,-133.65397159333506
2089,train,2,0,1,-17.56189688995005,-754.2356545709895,0.0,-0.0,-0.0,0.0,0.0,0.0
2089,train,2,1,1,266.1059482975834,236.9928166294012,0.0,0.0,-0.0,0.0,0.0,-0.0
2090,train,2,0,1,-25.712622852767197,258.0009161767589,-0.0,0.0,-0.0,-0.0,-0.0,0.0
2090,train,1,2,0,373.48137909800676,1008.3265060699828,0.0,0.0,0.0,0.0,0.0,-0.0
2091,train,1,0,1,-80.54675153542121,-465.6294296144961,-0.0,-0.0,0.0,0.0,-0.0,-0.0
2091,train,2,1,0,-291.4568777270447,732.5173787212207,0.0,0.0,-0.0,-0.0,0.0,-0.0
2092,train,1,0,0,132.2742565086096,156.2772728596956,0.0,-0.0,0.0,0.0,5.0,-0.0
2092,train,0,2,1,375.32510231517654,797.827277942104,0.0,0.0,-0.0,0.0,-5.0,-0.0
2093,validation,0,1,1,-268.04160639464396,158.03511287872516,0.4,-13.905223475402364,25.942942771482205,-0.2,0.0,0.0
2093,validation,2,0,0,947.9597572129567,877.0699186676147,-0.6000000000000001,519.1380228508993,132.67634716978773,0.1,0.0,0.0
2094,validation,2,0,1,-461.5197681925292,-2038.825655987097,0.4,-61.081439527660706,-174.47544505478453,0.0,-0.6666666666666666,0.0
2094,validation,1,2,0,671.4896445421539,3555.047943198455,0.0,255.9394814665547,509.8774757901478,-0.2,0.6666666666666666,-0.0
2095,validation,0,2,0,-124.02190644036273,-180.24814560461164,0.14285714285714285,-24.960286256353616,19.119746051108535,0.2857142857142857,0.47619047619047616,22.04368294931527
2095,validation,2,1,1,-690.5303795266678,39.67722162640666,-0.14285714285714285,-48.17097131711294,-53.66135405754776,-0.2857142857142857,-0.2857142857142857,29.530847826013854
2096,validation,0,2,0,195.4785609334014,632.8042111192867,0.19047619047619047,-147.9036691917437,-1.4445195011634837,-0.047619047619047616,0.47619047619047616,14.03527206621155
2096,validation,1,2,0,135.42402857696646,559.6066900855735,0.09523809523809523,31.859112465474286,52.89945660949562,-0.047619047619047616,0.0,1.370454380886193
2097,train,0,1,0,-59.64180917621729,-1150.3356477453008,1.3333333333333333,-0.0,-0.0,0.0,0.0,77.41681549337937
2097,train,2,1,0,-151.06305390386683,-1276.0391378623904,0.0,-0.0,-0.0,-0.0,-0.0,-31.770152222255632
2098,train,0,1,1,-374.31060166277325,-44.189179007131315,-0.23809523809523808,-508.1230899412887,65.29569440935346,0.19047619047619047,0.19047619047619047,-54.89924466203447
2098,train,2,0,0,671.9258963138552,-484.01234335415575,0.23809523809523808,-36.196555340484984,11.927858620307639,0.0,-0.2857142857142857,-0.45997366954369073
2099,validation,0,2,0,261.43237485074405,414.45001822741733,0.0,0.0,-0.0,-0.0,0.0,0.0
2099,validation,2,1,1,-348.6097506966024,-1073.6435188782311,-0.0,-0.0,-0.0,0.0,-0.0,0.0
2100,test,0,2,0,473.27355523644496,232.65209762607174,0.0,-214.9250810911803,68.990128643963,0.3333333333333333,-0.6666666666666666,-20.14072765551605
2100,test,1,2,0,87.23339116625914,-228.3018606423666,0.0,164.42526161589478,2.380353407536908,0.3333333333333333,-0.4,-61.43179309977069
2101,validation,2,0,1,69.2801449322447,748.648111956476,0.3333333333333333,-766.2476880762184,0.0,0.0,0.0,-0.0
2101,validation,1,2,0,226.8272657434515,600.486618906596,-0.6666666666666666,622.9695495164068,-0.0,-0.0,-0.0,0.0
2102,train,1,0,0,-301.41596703099367,-326.2676973236403,-0.19047619047619047,103.00965522779484,-27.26183185016171,-0.09523809523809523,0.0,18.66838735594996
2102,train,0,2,1,272.5324771582925,-485.57839337715814,-0.19047619047619047,-219.9007526304379,39.14635358967348,0.09523809523809523,-1.7142857142857142,-18.544861050048716
2103,train,0,2,0,288.20586389636344,937.2840865414178,0.0,-0.0,125.58642978847388,-0.0,-0.0,0.0
2103,train,1,2,0,49.43592802026842,422.4526795974002,0.0,0.0,92.54466105831295,0.0,-0.0,0.0
2104,train,0,2,0,222.83312594833023,223.7633319835595,-0.09523809523809523,19.524633413866813,53.053233810984246,-0.09523809523809523,0.0,4.3485462823551435
2104,train,1,2,0,381.1184698592665,490.4179953304356,-0.09523809523809523,309.53392313012705,41.46588882010799,-0.09523809523809523,-0.2857142857142857,-31.763683502685222
2105,train,1,0,0,577.4172053348367,1361.993803905185,0.5,-640.551450668987,0.0,0.3333333333333333,0.0,-0.0
2105,train,0,2,1,-1826.0825625175148,-2015.9060225022622,0.5,-42.91710999798761,0.0,-0.5,0.0,-0.0
2106,train,0,1,0,1007.9383026361126,3694.8301363164182,0.3333333333333333,-0.0,1137.8916960091117,1.0,0.0,0.0
2106,train,1,2,1,-300.25991783038467,-1467.5937020290012,-0.16666666666666666,0.0,-530.8154207993862,-1.0,-0.0,-0.0
2107,test,1,0,1,-61.00491176452448,-351.9146297396287,-0.5,0.0,11.128415278878848,0.0,0.0,-24.50332995239927
2107,test,1,2,1,-176.53975365906882,-196.4772752370568,-1.5,0.0,19.22705202894285,0.0,0.0,-5.765165713386229
2108,test,1,0,1,263.3287635137908,-156.9979895409715,0.0,-0.0,-160.93909329208952,0.0,0.0,-82.61824156611294
2108,test,2,1,0,-78.73793426938153,721.8577680736762,-0.0,0.0,36.1396588517937,-0.0,0.0,-20.14570409108459
2109,train,0,2,0,529.3171561608758,-429.56632471627745,0.3333333333333333,171.86490792718214,220.51800091111173,0.0,-0.0,-0.0
2109,train,2,1,1,-43.13272313174616,-140.59232176422984,-0.3333333333333333,-165.1740584903377,-475.4938873761295,0.0,0.0,-0.0
2110,train,0,1,0,-73.75351999295293,-1195.326682883117,0.0,6.947309712292584,-0.0,0.0,0.0,10.66414866972623
2110,train,2,1,0,-162.99841878655377,-1012.2808312498173,0.0,196.71963372628818,-0.0,0.0,-0.0,47.65111956914635
2111,test,1,0,0,119.81798112993977,196.1652530459578,0.0,0.0,0.0,-0.0,0.0,-0.0
2111,test,0,2,1,258.9525175113347,572.4885648319541,-0.0,-0.0,-0.0,0.0,-0.0,-0.0
2112,train,2,0,1,95.59187036182811,645.8975714140602,0.0,-0.0,0.0,0.0,0.0,-4.437390598307596
2112,train,2,1,1,203.54079505030887,579.9324823337529,0.0,-0.0,0.0,0.0,0.3333333333333333,-11.6799009105823
2113,test,0,1,1,-236.1134170163083,366.7284951035699,0.0,-0.0,-0.0,0.0,-0.0,0.0
2113,test,0,2,1,221.69994607211407,963.314490139348,0.0,0.0,-0.0,0.0,0.0,0.0
2114,validation,2,0,1,507.2222546313544,-275.8574125250907,-0.0,0.0,-0.0,0.0,-4.0,-0.0
2114,validation,2,1,1,689.7603619966023,-940.0046908790418,-0.0,-0.0,-0.0,0.0,-4.0,-0.0
2115,test,0,1,1,-82.20765635219561,-102.24771588915337,-0.0,0.0,-0.0,0.0,0.0,-0.0
2115,test,0,2,1,83.50288373465844,1522.2080552649904,-0.0,0.0,0.0,0.0,-0.0,0.0
2116,test,0,1,0,-67.40230040542303,-540.6156642902738,0.3,-13.654519575349696,-0.0,-0.2,-0.0,-21.314869282957332
2116,test,2,1,0,-30.70029279500784,-817.668049036824,0.6,-27.648677155958627,0.0,-0.2,-0.0,-31.76310633073215
2117,validation,1,0,1,-28.832640458260187,-744.969988378059,-0.2857142857142857,-174.14066998226647,-1.9167108469096794,-0.14285714285714285,0.09523809523809523,-27.84050209769712
2117,validation,1,2,1,-19.841139247187414,-419.05873017498607,0.0,-216.91967460628885,-5.990280480159047,0.0,0.38095238095238093,71.40982179783597
2118,train,0,1,0,745.3103000389021,660.3617448776968,-0.0,0.0,-0.0,-0.0,0.0,-0.0
2118,train,2,1,0,275.0433641408297,132.3759054812781,-0.0,0.0,0.0,0.0,0.0,0.0
2119,train,1,0,1,-366.4697146848932,-28.730146608840187,0.14285714285714285,206.55794444956902,-132.3786092838138,0.0,-0.047619047619047616,17.6268017714259
2119,train,2,1,0,44.962863961046594,474.6443474105763,-0.2857142857142857,-49.65299033606308,-17.36340996134008,0.5714285714285714,0.2857142857142857,10.937908110318302
2120,test,0,2,0,-6.523466040719427,0.0,0.0,-0.0,-0.0,0.0,0.0,0.0
2120,test,1,2,0,122.82433443903753,414.14190405469617,0.0,-0.0,-0.0,0.0,0.0,0.0
2121,train,0,2,0,105.34695587001147,1165.6893055461142,-0.09523809523809523,16.998801485835656,-29.48102056291935,0.5714285714285714,-0.14285714285714285,18.9297301351557
2121,train,1,2,0,-0.6326438152551646,686.7166926142136,-0.09523809523809523,21.13313183999556,260.1416226379368,0.0,-0.8571428571428571,-73.39950099007196
2122,validation,1,0,1,61.391945116936256,0.36778347031122394,-0.0,-271.3991545603801,0.0,-0.0,0.0,0.0
2122,validation,2,1,0,-17.565962502822742,-169.78437092859485,0.0,-53.45316777031087,-0.0,0.0,-0.0,0.0
2123,train,1,0,1,86.80674378907395,686.8753640186651,-0.6666666666666666,-0.0,0.0,0.0,0.0,0.0
2123,train,2,1,0,136.0590565336213,-137.73031822256553,0.0,0.0,-0.0,0.6666666666666666,0.0,0.0
2124,train,2,0,1,-282.6291680442015,-1357.8944181263705,0.0,-0.0,-29.04312418657861,-0.0,0.0,-35.094815045234995
2124,train,2,1,1,-185.04900784673237,-1156.1847679181674,0.0,-0.0,-524.2126034790701,0.0,0.3333333333333333,44.073902415076056
2125,train,0,1,1,-139.97667954697783,-961.9523073181522,0.0,-4.754352377012773,-64.52510030951035,-0.09523809523809523,-0.8571428571428571,0.0
2125,train,2,0,0,107.34732787538161,753.4999712295917,0.0,113.33793975645854,-14.271996888266411,0.0,0.5714285714285714,8.611423358857861
2126,test,0,1,1,-119.5269269167323,-625.2016347481417,-0.14285714285714285,55.531530243828975,-11.788920676453074,-0.38095238095238093,0.23809523809523808,-16.544471162988902
2126,test,0,2,1,-165.33705870364605,-824.1919147795024,0.0,133.4629234341291,-8.863246962759627,0.0,0.47619047619047616,22.79473942815771
2127,train,1,0,0,699.7227380170873,2525.1977477379996,-0.0,616.2581703414127,-0.0,-0.0,-0.16666666666666666,-229.85415768080176
2127,train,2,0,0,-146.21836159749148,2846.5766583711156,0.0,45.392961036450515,-0.0,0.0,-0.6666666666666666,164.85012262316715
2128,train,2,0,1,-26.37003940858665,-57.50468005654966,0.2,0.0,-375.6323603615425,-0.4,-0.1,0.0
2128,train,1,2,0,23.16769100551528,-942.9489336035831,0.2,-0.0,89.02739876770329,0.8,0.1,-0.0
2129,test,0,2,0,-193.48145078809426,-714.4071281370038,0.6666666666666666,0.0,-370.35427175437025,0.16666666666666666,-0.0,-0.0
2129,test,1,2,0,-217.83229199254635,-443.4601964042672,1.3333333333333333,-0.0,247.55704739481575,0.0,-0.0,-0.0
2130,train,1,0,1,89.24716776235647,-382.6991276537965,0.0,-0.0,-0.0,0.0,-0.0,0.0
2130,train,2,1,0,67.73860323567345,-138.97662357755598,-0.0,0.0,0.0,-0.0,0.0,-0.0
2131,train,1,0,1,-187.5440215521362,-1290.458856231553,-0.13333333333333333,-120.27138609634136,-154.33636089822937,-0.0,-0.3333333333333333,-96.1456570177249
2131,train,2,1,0,22.496079659501333,959.6977639619454,0.4,106.74691513436092,354.1907860120608,-0.0,-0.06666666666666667,85.01626537137503
2132,train,1,0,0,33.66186455611353,480.6040767481245,0.0,-0.0,445.28413931775066,0.0,-0.0,-0.0
2132,train,0,2,1,-109.46449820510111,-348.2155335684165,-0.0,-0.0,-1053.4511614790993,-0.0,0.0,0.0
2133,test,0,2,0,254.1122552733657,1151.7681526873048,-0.06666666666666667,-69.18076951174626,-26.70326119828166,0.0,2.333333333333333,-4.145537305839842
2133,test,1,2,0,198.44521751731872,385.2441582237834,0.06666666666666667,-21.372565046073728,-242.26030132315344,0.0,0.6666666666666666,82.53694018239526
2134,train,2,0,1,-249.4696946715652,-3514.7150014857425,0.23809523809523808,-398.6094974551801,-104.08545702743,-0.5714285714285714,-0.14285714285714285,-79.18921961368588
2134,train,2,1,1,-267.0573664512733,-2696.6034731340606,0.23809523809523808,-225.12029565420457,-248.29608213703764,0.0,0.09523809523809523,-53.26537351857251
2135,validation,0,1,1,-129.1480287887391,53.66457687172215,-0.8999999999999999,0.0,-62.34983659974744,-0.4,-0.2,-0.0
2135,validation,0,2,1,-232.62028318511625,-850.1373171788682,-0.6,-0.0,34.865326830514874,0.0,-0.6000000000000001,-0.0
2136,train,2,0,1,-514.1499219538697,1112.289689500507,0.0,0.0,0.0,-0.0,2.333333333333333,-253.73646957979253
2136,train,1,2,0,250.93409261635782,-1712.6389456063862,-0.0,-0.0,-0.0,0.0,-0.6666666666666666,228.78991216569193
2137,train,2,0,1,840.6626750545897,-1208.7881401307513,-0.0,-137.9888506488373,-165.49030941638233,-0.26666666666666666,-0.06666666666666667,-273.70917521070976
2137,train,1,2,0,-888.8651808002414,676.2163634432545,0.0,1001.651387755393,249.61446718021935,-0.26666666666666666,0.0,76.15450560590547
2138,train,1,0,0,122.2540739744361,395.47421123510594,0.0,667.1955732991106,-0.0,0.0,-0.0,0.0
2138,train,2,0,0,303.78094381310666,-1194.277773080299,0.0,768.8993530973078,0.0,-0.3333333333333333,-0.0,0.0
2139,train,0,2,0,-5.6731908218498575,662.4706970412508,0.0,-0.0,0.0,0.0,6.0,-339.3601113559138
2139,train,1,2,0,175.75748649748618,-12.41585397579911,0.0,-0.0,0.0,0.0,3.333333333333333,-70.12684111285667
2140,train,0,1,1,95.94101161146625,434.0192417465132,0.0,-0.0,-0.0,-0.0,0.0,-0.0
2140,train,0,2,1,123.8675177317154,1660.8625038208993,0.0,0.0,0.0,0.0,0.0,0.0
2141,validation,0,2,0,-262.3882692861398,1559.5963793000046,0.14285714285714285,450.72756182351037,143.95397747954397,0.0,-0.47619047619047616,324.2750656835558
2141,validation,2,1,1,447.1364543458733,1518.3250445389585,-0.2857142857142857,122.6266374928091,-246.29846748596356,0.14285714285714285,-0.23809523809523808,-155.31862236333572
2142,train,2,0,1,-201.22709904190492,-866.5122387111824,0.0,-0.0,-0.0,-0.0,0.0,-0.0
2142,train,2,1,1,-18.32234598116446,122.37504054455167,-0.0,-0.0,-0.0,0.0,0.0,0.0
2143,test,0,1,0,269.1560631168096,249.94221657032494,0.0,0.0,-14.622179637942343,0.0,1.0,-0.0
2143,test,1,2,1,77.84854746572893,-15.57495586433106,-0.1,-0.0,80.63325430596605,-0.4,-0.2,0.0
2144,train,0,2,0,-250.67310103801788,-281.94206721571845,0.0,-0.0,-0.0,-0.0,5.0,-0.0
2144,train,2,1,1,300.9528673248707,202.19545488360927,0.0,0.0,0.0,0.0,-2.0,0.0
2145,train,1,0,1,-47.32786503251236,-1180.8777429595202,0.26666666666666666,-0.0,11.585625143536042,-0.2,-1.0,-73.7342320649969
2145,train,2,1,0,21.71500717461288,1700.2108064789809,-0.4,0.0,-22.822497314567983,0.0,2.333333333333333,173.3067882548691
2146,validation,1,0,0,191.8779415257419,518.2717642741254,0.0,19.530519264207474,321.39569413348283,0.2857142857142857,0.47619047619047616,61.087023408375806
2146,validation,2,0,0,1397.070966538803,1897.6632358791494,-0.047619047619047616,54.68203378853052,-114.43362091506731,0.2857142857142857,-0.23809523809523808,6.8124248750290235
2147,train,0,1,0,316.5013055501395,2184.7334438737944,0.19047619047619047,437.63814148542093,80.83606831925164,0.7142857142857142,-0.047619047619047616,-35.257333278000395
2147,train,2,1,0,446.82344133152515,3138.663984321259,0.5714285714285714,18.480068184114316,-31.927583382337225,0.23809523809523808,0.23809523809523808,64.9658438635333
2148,train,1,0,0,-444.2523552094423,-2180.219427851591,-0.0,-366.4761892527773,-0.0,1.3333333333333333,0.0,-0.0
2148,train,0,2,1,-116.57936900858465,586.4442154698327,0.0,1.674582915781381,0.0,-2.0,0.0,0.0
2149,validation,0,2,0,62.060211923633574,-603.0150503258033,0.0,-16.84173836495347,-193.37222526257202,-0.0,-0.0,48.655476699305765
2149,validation,1,2,0,-89.16564633123653,390.286965848878,-0.0,557.8768817050803,-91.91427641723715,-0.0,-0.0,-34.25046727674322
2150,train,0,2,0,73.6244585248835,627.3989112832046,0.0,-0.0,0.0,-0.3333333333333333,0.0,352.6150744478458
2150,train,2,1,1,247.51045900469126,432.6308453941301,-0.0,0.0,-0.0,-0.3333333333333333,0.0,0.0
2151,train,1,0,0,-105.96286170886458,-1057.176188735274,-0.0,-341.52621036773076,306.53009082359387,1.0,0.0,-0.0
2151,train,2,0,0,95.24137061358442,-840.1323026764876,0.0,-201.11458275920933,-114.52854711890882,0.5,0.0,0.0
2152,train,2,0,1,-510.73707616699676,-502.5195803993338,0.0,-0.0,-0.40888050453690994,-0.0,0.0,0.0
2152,train,1,2,0,-49.27573015811265,87.55391252386926,-0.0,0.0,-160.93126890518738,0.0,-0.0,-0.0
2153,train,1,0,1,-237.6122277225357,-58.03326646285541,-0.47619047619047616,42.033532209646395,33.90779252821332,-0.19047619047619047,0.2857142857142857,-5.2005432536108875
2153,train,1,2,1,-44.53243629325766,490.3524128557642,-0.23809523809523808,3.8536543303477755,35.80637271141742,0.0,0.5714285714285714,3.9228333179968775
2154,train,0,2,0,340.3408196658503,873.6108907094076,0.0,0.0,-0.0,0.0,3.0,-0.0
2154,train,2,1,1,-334.81365415609514,-768.9683604236661,0.0,-0.0,-0.0,-0.0,-4.0,-0.0
2155,test,2,0,1,-418.4085073911786,-510.6666955223491,-0.19047619047619047,-81.2234083182557,-122.73003142564616,0.09523809523809523,-0.8571428571428571,-25.185885396894786
2155,test,2,1,1,-230.03309660601388,351.04075907850984,-0.19047619047619047,-212.50489129591088,43.94956954843938,-0.09523809523809523,-0.2857142857142857,-6.977817718971869
2156,train,0,2,0,151.86713131233245,72.06807898307125,-0.0,771.3705849370313,0.0,-0.0,0.0,0.0
2156,train,1,2,0,446.44802246411354,1616.0652841760752,0.0,1245.4595219644689,0.0,-0.0,-0.0,0.0
2157,train,0,1,0,-69.80461925401642,1320.4141767944825,-0.47619047619047616,-96.76342237436305,294.0383920104173,0.047619047619047616,0.7619047619047619,-12.4534152933754
2157,train,1,2,1,-308.07791994847673,-780.895454039291,0.23809523809523808,-104.55344041093585,191.84628414965067,0.0,-0.9523809523809523,-3.394966113191155
2158,train,2,0,1,-62.04456530940871,82.5446260204294,-0.0,0.0,-0.0,0.0,0.0,-160.36659036728543
2158,train,2,1,1,-232.53699697780445,-1132.4967539611553,0.0,0.0,-0.0,0.0,0.0,-379.7896618209437
2159,train,0,1,0,-375.8929131006133,-1239.4738869355106,0.0,203.01248972670354,31.34382411980196,0.0,0.0,29.53750920770362
2159,train,1,2,1,303.31025076779883,-96.96142938576395,-0.0,-542.261828744632,5.1619664948666015,-0.1,-0.0,-51.16127356672407
2160,train,2,0,1,-371.9082900630641,411.32335442438034,0.0,-0.0,0.0,0.0,-0.0,0.0
2160,train,1,2,0,722.4006127874416,585.4219304539611,0.0,0.0,-0.0,-0.0,0.0,0.0
2161,train,0,2,0,-250.35364104819723,-334.19423649349756,0.0,-0.0,-17.050508537137336,0.26666666666666666,-0.06666666666666667,51.615225003661536
2161,train,1,2,0,173.92908435137736,582.2253138280057,-0.26666666666666666,0.0,122.24440897945422,-0.13333333333333333,-0.06666666666666667,84.13340926313464
2162,train,1,0,0,409.2977865215114,1940.496383171756,1.2,-259.63341746715815,103.86474683626764,0.0,0.2,0.0
2162,train,0,2,1,-254.410276720022,-3171.536629000536,0.3,-482.59547227781314,17.038135356351358,0.0,-0.4,-0.0
2163,train,0,1,0,582.0805430383452,325.0928306740325,1.0,528.3893695841178,0.0,0.3333333333333333,-0.0,-0.0
2163,train,1,2,1,-248.5996125200087,-696.5901856993241,-0.3333333333333333,-72.85706068912395,-0.0,-0.16666666666666666,0.0,0.0
2164,test,1,0,1,-9.56755590430555,1468.8624518221218,0.13333333333333333,0.0,203.30937756100926,-0.2,0.26666666666666666,0.0
2164,test,2,1,0,816.6111111158602,39.150587324059416,0.0,0.0,20.47712213974114,-0.2,0.13333333333333333,80.48572263537464
2165,train,0,1,0,-72.27001839888544,-81.98219794324677,-0.14285714285714285,3.679263456785233,128.14698399454105,0.0,0.47619047619047616,12.448350450118282
2165,train,1,2,1,-94.07995827325215,-415.5865845624503,-0.14285714285714285,2.805550408022771,-54.18133589172632,0.0,-0.47619047619047616,27.70544643593735
2166,train,0,2,0,14.274872827509114,-226.04639417251155,0.0,0.0,-21.34844302968549,0.0,0.3333333333333333,0.0
2166,train,2,1,1,-308.25245646685494,-801.2712535426558,-1.0,0.0,31.75410466957054,0.0,-0.6666666666666666,0.0
2167,validation,0,1,0,-24.111332349105282,52.35572265579799,-0.16666666666666666,-0.0,0.0,0.0,0.0,60.20469510862229
2167,validation,1,2,1,-9.849486030935736,-307.6869195711497,-0.3333333333333333,0.0,-0.0,0.0,-0.0,-5.269217298927875
2168,validation,0,1,1,-491.2106158830243,-2273.635494814682,-1.1428571428571428,-26.045795615442003,28.411607161142648,-0.19047619047619047,-0.7142857142857142,-0.9399769722010335
2168,validation,0,2,1,-513.7457057799172,-192.70743591838163,-1.4285714285714284,-217.46798006561727,18.132769341740335,-0.19047619047619047,0.7142857142857142,17.04994068374954
2169,test,0,1,0,-61.17049749240664,2289.4928507200902,0.0,-329.19534738329855,308.95273844341,0.5714285714285714,0.47619047619047616,14.352426552630988
2169,test,1,2,1,264.78288118284013,-1892.311583780247,0.0,170.451844776421,-142.1346108844111,-0.5714285714285714,-0.47619047619047616,-3.2888660872912667
2170,train,0,2,0,231.44385332217416,1275.853367783512,0.4,0.0,-0.0,1.2,0.0,35.5567126147569
2170,train,1,2,0,149.56999315355722,1036.9049112956727,0.0,-0.0,-0.0,0.8999999999999999,-0.8,11.939461696162676
2171,train,1,0,0,-376.05577377660313,-325.1360563265589,0.0,146.31001790838428,33.3739202928954,0.0,1.7999999999999998,73.82666894801149
2171,train,0,2,1,413.50475201724345,1070.2995345445315,0.0,349.1695975761805,-4.718398519731477,-0.0,-1.7999999999999998,-128.134408127388
2172,validation,2,0,1,92.38890574944861,1059.8007248552403,-0.2857142857142857,244.56722501008315,-241.03806405137962,-0.38095238095238093,0.23809523809523808,3.8113290955318027
2172,validation,2,1,1,-779.6411281458396,154.0546930341925,-0.2857142857142857,231.69333433933213,-132.17067463274685,-0.19047619047619047,0.047619047619047616,28.79183215765137
2173,train,0,1,0,745.0316046840924,732.7872722078505,0.0,0.0,0.0,0.0,0.0,0.0
2173,train,1,2,1,0.7091938176561143,221.06325855890918,0.0,-0.0,-0.0,0.0,0.0,-0.0
2174,train,0,2,0,-26.306609088040858,-248.80630825466983,0.38095238095238093,200.28212169243437,-31.969724042908183,-0.047619047619047616,-0.5714285714285714,-1.504637261137391
2174,train,2,1,1,-6.896944978617626,248.09585603268465,0.0,-45.934503481730374,-25.951464586452506,0.047619047619047616,0.0,17.680865987302468
2175,train,0,1,1,-130.49888321611172,544.5946014102037,0.0,0.0,0.0,0.0,0.0,-0.0
2175,train,0,2,1,178.36718954535172,994.0582740247892,-0.0,0.0,0.0,0.0,0.0,-0.0
2176,train,1,0,0,-236.13865505900094,-385.0500727364183,0.0,-27.001704343601123,-111.41389709598333,0.0,0.09523809523809523,8.21999567476468
2176,train,0,2,1,189.61438262463884,57.19854004276385,-0.23809523809523808,-39.18043497433981,53.41664554474974,0.0,-0.14285714285714285,-52.542352068218015
2177,test,0,2,0,200.74018511625565,811.3038760646468,0.0,79.35723608162182,-39.570085558163015,0.0,0.0,17.01911229283025
2177,test,1,2,0,817.9417084430697,1383.3957391387303,0.0,111.86153560543971,-12.280794277585143,0.26666666666666666,0.8,166.62782446220174
2178,test,2,0,1,-33.53254970686487,-767.0062158405481,0.0,-0.0,-179.8164177079666,0.0,-0.5,161.0547548197052
2178,test,1,2,0,384.69747550726424,159.7438126447032,0.0,0.0,685.2388229340806,0.0,0.0,-112.97715549032267
2179,train,2,0,1,-281.8045611301434,-644.2248153728387,-0.3,-0.0,0.0,-0.2,-1.6,-56.4946717333961
2179,train,2,1,1,-119.01921498102126,-299.5312821290245,-0.3,0.0,0.0,0.0,-0.8,23.574816781800326
2180,test,0,1,0,-80.33544458947631,770.8852335103079,0.0,0.0,0.0,-0.0,0.0,-0.0
2180,test,1,2,1,22.980494840642905,-524.5451689387037,-0.0,-0.0,-0.0,0.0,0.0,0.0
2181,train,0,1,0,-19.635598192931184,-1297.5333479261744,1.0666666666666667,-0.0,-235.43056239606645,-0.4,-0.13333333333333333,9.151795568688735
2181,train,2,1,0,284.10067592790983,-491.21077117124423,0.26666666666666666,0.0,239.2964905561799,-0.2,-0.13333333333333333,-7.410082726495934
2182,train,0,1,0,337.30504018020343,36.12694062397304,0.0,-0.0,-0.6086182331875686,0.2,-0.3333333333333333,-2.173859187667089
2182,train,1,2,1,13.940926055380942,152.6233005241129,0.0,0.0,32.07687388633639,-0.4,-1.6666666666666665,14.847583732265372
2183,train,0,2,0,-33.98603691354265,412.34548228267204,-0.19047619047619047,-0.7717518278196198,-14.176970589454239,0.0,0.8571428571428571,-3.049042294412352
2183,train,1,2,0,-61.234058486899926,386.6312877762821,-0.19047619047619047,26.62098545030327,-11.783196647338059,0.0,0.2857142857142857,-3.054418567806079
2184,test,1,0,0,85.28746202004993,1109.0418381979753,0.2857142857142857,688.3680831271433,109.14962281449147,0.09523809523809523,0.14285714285714285,33.27171389314628
2184,test,2,0,0,287.0171605592602,2290.26506358772,0.09523809523809523,367.96437443416687,125.56241779546664,-0.09523809523809523,0.14285714285714285,37.39023521463806
2185,validation,0,2,0,-29.365180125000393,-226.1566665165019,0.0,-0.0,732.7035102172609,0.0,-0.0,-0.0
2185,validation,2,1,1,-273.3427449583114,393.8425965162987,-0.0,0.0,-568.3388968918184,0.0,0.0,0.0
2186,validation,1,0,1,545.4097956483419,-190.12310721764607,0.0,-0.0,-25.12615256222125,0.0,-0.6666666666666666,-0.0
2186,validation,1,2,1,382.64236089099404,-954.9210201959431,0.0,-0.0,-327.5871940813154,0.0,-1.3333333333333333,-0.0
2187,test,2,0,1,-724.8230276397975,-74.83542388508795,-0.5333333333333333,72.67861363746945,195.1269096878752,-0.0,-1.0666666666666667,19.68774528680806
2187,test,2,1,1,48.71004499013554,-440.31409989385065,-0.4,12.472091335339124,-39.189989886110475,-0.0,-1.3333333333333333,-34.24986891415189
2188,train,1,0,1,347.62734879858294,1022.3256656905701,-0.0,0.0,-150.36869355887103,-1.5,-0.0,0.0
2188,train,2,1,0,-379.3647358334755,-1165.7161693083854,0.0,-0.0,93.38146175479949,0.0,0.0,55.80445413195419
2189,train,2,0,1,98.78922082195686,1161.4392101881535,-2.0,0.0,-0.0,0.0,0.0,-0.0
2189,train,1,2,0,62.33553543211269,-339.3064527461829,1.0,0.0,0.0,-0.0,0.0,0.0
2190,train,1,0,1,477.2441967721302,-2078.1007094768793,-0.0,-0.0,0.0,0.0,-0.0,0.0
2190,train,1,2,1,857.6099621614317,2689.742615075974,0.0,-0.0,0.0,0.0,0.0,0.0
2191,train,2,0,1,69.16025456152806,-11.91558527089228,0.0,-0.0,-0.0,0.0,-0.0,-0.0
2191,train,1,2,0,-62.718210068309304,-5.667706883925348,0.0,-0.0,0.0,-0.0,0.0,0.0
2192,validation,0,2,0,784.8716813046768,2516.6290612223384,1.0,0.0,0.0,0.0,0.0,-0.0
2192,validation,1,2,0,1112.5866456811832,352.8533573015884,2.0,0.0,-0.0,0.0,0.0,-0.0
2193,train,0,1,1,-510.6496631155039,-1074.6192041681197,-0.6666666666666666,-79.45564572099568,-141.84913457218835,0.8,0.06666666666666667,-0.0
2193,train,0,2,1,97.57022671673576,578.2182755914391,-0.3333333333333333,-231.79625846507204,-410.09116426804684,0.6000000000000001,0.3333333333333333,0.0
2194,train,0,1,0,388.83372952064565,178.7911765666504,-0.0,0.0,-13.017747900166302,0.0,-0.0,150.75230227948794
2194,train,1,2,1,-367.31165142508223,638.9590181749963,-0.0,-0.0,72.26801706069156,0.3333333333333333,0.0,-103.67229854802423
2195,train,2,0,1,240.74229531760022,115.01480275828453,-0.0,-0.0,0.0,0.0,-0.0,0.0
2195,train,2,1,1,24.902742731502258,-386.7076341003353,0.0,0.0,0.0,0.0,-0.0,-0.0
2196,test,0,1,1,-42.54654939351178,-1544.367372655085,0.06666666666666667,-0.0,-67.83894590569211,-0.5333333333333333,-0.6666666666666666,-257.72386284820095
2196,test,0,2,1,243.00275801149473,839.5329070194775,0.06666666666666667,-0.0,-30.007751120671266,-0.26666666666666666,-0.5333333333333333,-106.1160827479355
2197,train,1,0,0,319.1022889836602,419.7442543948382,0.0,0.0,-0.0,2.0,0.0,-0.0
2197,train,2,0,0,-79.18768177196768,-688.0765268005739,0.0,0.0,-0.0,0.0,-0.0,-0.0
2198,train,1,0,0,262.4747237598792,46.823720166280054,0.0,-12.042691634213588,-0.0,0.0,0.3333333333333333,-33.2185391891128
2198,train,2,0,0,236.28134041493763,1616.5042492032348,0.2,37.85496081239991,-0.0,1.0666666666666667,1.3333333333333333,19.028610763371276
2199,train,0,1,1,241.2400068375174,341.6386440495389,-0.047619047619047616,7.184445622489463,86.92768865951257,-0.09523809523809523,-1.4285714285714284,-29.49423704740324
2199,train,2,0,0,-106.65872752363441,-697.0095051381822,0.047619047619047616,-137.28961483631045,14.763988377056956,0.19047619047619047,2.8571428571428568,-6.4870550492836765
2200,train,1,0,0,134.70122896006984,-21.904363501128955,0.0,0.0,185.9495443553669,0.0,0.0,28.96894113916705
2200,train,2,0,0,-12.564711802943805,110.70866090553318,0.0,0.0,-10.277985406975011,0.0,0.0,21.415402642143576
2201,test,0,2,0,699.6936857196458,-25.82468712941227,4.0,-0.0,0.0,-0.0,0.0,-245.15358818068253
2201,test,2,1,1,-5.793904256483756,1227.1607280714516,-2.0,-0.0,0.0,0.0,0.0,232.55809082529908
2202,train,0,1,0,108.06025294558526,707.8554109400975,0.0,102.84209448907225,32.690424277626214,0.26666666666666666,0.0,-2.366695158930191
2202,train,1,2,1,-86.14882758113845,-554.8213604791677,-0.3333333333333333,-15.70415492117996,-33.82603685924954,-0.5333333333333333,-0.0,-40.46623232755041
2203,train,2,0,1,-337.2240245208425,-2166.772649967943,0.0,-41.59928775887899,-94.7296379948241,-0.26666666666666666,-0.6000000000000001,-88.80374314342609
2203,train,2,1,1,-593.7397967510933,-720.117143051245,0.0,126.53241641470937,13.627193197517924,-1.0666666666666667,-0.2,-126.8965676989899
2204,train,2,0,1,236.62304493683598,167.2350526966784,-0.6666666666666666,0.0,0.0,-0.0,-0.0,-362.9098671208769
2204,train,1,2,0,167.69522954167292,341.0812884239067,1.3333333333333333,0.0,0.0,0.0,0.0,174.42040500668634
2205,test,0,1,0,-43.73436714939356,320.2505634085983,0.0,0.0,0.0,0.0,0.0,-0.0
2205,test,2,1,0,-133.30621885466246,378.5095530724316,-0.0,0.0,0.0,0.0,-0.0,-0.0
2206,train,0,2,0,434.0613983910892,1300.0666292285082,-0.0,143.1942384446959,409.20602100738716,0.0,1.5,0.0
2206,train,1,2,0,416.69371637994783,1123.8739844873585,0.0,865.0370877359306,96.72211571671156,0.0,4.0,-0.0
2207,train,0,1,0,250.6012727893944,971.2568620370903,0.0,348.3024525100387,198.1216946475439,0.3333333333333333,0.0,0.0
2207,train,2,1,0,200.23394236370228,315.64095328397343,0.0,83.23921289728884,325.9212464553581,0.3333333333333333,-0.0,0.0
2208,train,0,2,0,186.69293805292716,2286.5064040989437,-0.42857142857142855,519.8552558479483,457.1725382482055,0.047619047619047616,0.47619047619047616,177.35170882697764
2208,train,2,1,1,-55.75385531780864,-3213.881899425325,0.2857142857142857,-393.7629433934756,-115.49204416554332,-0.09523809523809523,-0.6666666666666666,16.315829252444715
2209,train,1,0,1,145.09109687694183,709.3983436127878,0.0,-46.44700944808142,0.0,0.0,0.6666666666666666,-0.0
2209,train,1,2,1,13.687117108834968,802.4767343086064,-0.3333333333333333,237.61414776400892,-0.0,-0.0,0.3333333333333333,-0.0
2210,train,0,2,0,-8.932895343382256,90.41270526856806,0.26666666666666666,54.686642415874196,353.57545008550863,0.0,1.0,30.24681078579729
2210,train,1,2,0,157.8528595878763,780.350629094547,0.26666666666666666,12.245372470773919,126.8029700641863,-0.0,1.0,106.90801092282241
2211,validation,1,0,0,282.1312119046824,972.6064669186921,0.5714285714285714,-9.344585201028606,49.47243899798444,0.0,0.0,-27.794147860524333
2211,validation,2,0,0,183.4015593547478,1030.274790588785,0.2857142857142857,-15.291542235769004,3.5190933088893828,0.23809523809523808,-0.19047619047619047,-30.707292094645553
2212,train,1,0,0,253.52575905817343,845.4857077589049,0.0,-0.0,75.97855655773779,0.3333333333333333,-0.0,39.71531041233986
2212,train,2,0,0,14.865700164692953,1045.7253909085694,-0.0,0.0,311.13848204167124,0.3333333333333333,-0.0,-115.62080697053442
2213,train,1,0,1,-175.77736565354644,-326.20449087767247,-1.3333333333333333,-245.57239654075562,0.0,0.0,-0.0,-66.28055137079905
2213,train,2,1,0,219.57379088075538,963.866939305899,0.0,-56.00504474354466,0.0,0.0,0.0,-34.7233476726762
2214,train,1,0,0,613.5586021983856,-261.435287192543,0.0,-0.0,-0.0,1.0,0.0,-0.0
2214,train,2,0,0,-7.255482936431292,-411.4620355333718,0.0,-0.0,0.0,2.0,-0.0,-0.0
2215,train,0,2,0,325.19632965872404,917.0170096870734,-0.6666666666666666,-0.0,-0.0,0.0,0.0,110.57715946553697
2215,train,2,1,1,-420.1686803945096,-892.9435417570467,0.6666666666666666,-0.0,0.0,0.0,-0.0,-63.84972452877662
2216,validation,0,1,0,-217.4459754095588,-1066.6866296765597,0.2,40.30126711781412,50.31415188309222,0.3333333333333333,0.0,6.77881486522089
2216,validation,2,1,0,-148.9675745933037,-321.9250640670489,0.4,15.396383239530989,24.354073173313477,0.0,-0.0,-57.42702836205643
2217,train,0,1,1,29.148042362812646,-73.76327792071925,0.0,0.0,-135.62181761970433,0.0,0.5,0.0
2217,train,2,0,0,-117.23426517285861,497.7825261904395,-0.0,0.0,53.22867480864691,0.0,-0.5,-0.0
2218,train,0,1,1,100.61118813107907,-1504.4964370312146,-0.0,-0.0,-0.0,0.3333333333333333,-2.0,0.0
2218,train,0,2,1,-3.1797388722765163,-1156.7556870622657,-0.0,-0.0,-0.0,0.0,-2.0,0.0
2219,train,1,0,0,-25.864134047314906,-1237.449521159886,0.0,0.0,275.86454556093474,0.4,-0.8,-36.273526564212055
2219,train,2,0,0,1288.6663395279347,1050.4428257660002,1.0666666666666667,0.0,-604.196600263075,-0.26666666666666666,-0.6000000000000001,1.997862343123461
2220,validation,2,0,1,59.23884680403097,11.350058735291896,0.0,-0.0,-0.0,0.0,0.0,-119.88254900946288
2220,validation,2,1,1,-156.7082352341917,-1409.634465294031,0.0,0.0,0.0,0.0,0.0,-171.17218853993194
2221,train,1,0,0,810.3698388092315,2754.8533168514095,0.0,-0.0,0.0,0.0,0.0,0.0
2221,train,2,0,0,671.3334201565884,2329.2055005688208,-0.0,-0.0,0.0,0.0,0.0,0.0
2222,train,1,0,1,2.203361324155537,590.0370795433619,0.0,0.0,0.0,0.0,-2.6666666666666665,0.0
2222,train,1,2,1,-69.1230034680251,1069.9229960401476,0.0,0.0,0.0,-0.6666666666666666,-2.6666666666666665,0.0
2223,train,0,1,0,-175.1817541173499,-607.9563552714972,0.8,-198.55295444171782,-56.570384978265395,0.6666666666666666,-0.4666666666666667,-0.0
2223,train,2,1,0,-142.6792991544122,-387.86415116168973,0.2,-252.64064507438434,13.285445044848256,1.0,0.0,-0.0
2224,test,0,2,0,612.4711878944609,2091.767987548183,-0.0,0.0,-0.0,-0.0,0.0,433.37552176694214
2224,test,1,2,0,44.09683064808337,456.5421973217767,-0.0,0.0,0.0,0.0,-0.0,533.3890633862305
2225,validation,2,0,1,-14.222478854804706,-280.04276060679877,-0.0,-30.265558475742694,-52.23654333819267,0.0,0.0,-63.594746022742996
2225,validation,2,1,1,-73.15410054417492,-326.6655308945715,0.0,-24.603804133585733,9.29165757364368,0.0,0.0,-0.6533310617891431
2226,train,0,1,1,-172.6836436638344,-474.6536951561634,-0.2857142857142857,-286.97065925044876,-30.285810777051275,0.0,-0.09523809523809523,-33.12704272153827
2226,train,0,2,1,-146.7428949856698,51.064422851211475,0.0,-287.63018392748523,28.674810717333592,0.0,-0.09523809523809523,-8.334735137452434
2227,test,1,0,0,415.03481977397973,-399.2669657373099,-0.0,0.0,287.49320647173977,0.5,1.5,0.0
2227,test,2,0,0,65.18488808843392,-242.82617512197794,-0.0,0.0,378.8394025763501,-0.5,0.8333333333333333,0.0
2228,validation,1,0,0,699.8826737461942,1260.1957495835609,0.0,-0.0,0.0,0.0,-0.0,0.0
2228,validation,2,0,0,197.13857854180503,989.0366691268741,0.0,-0.0,0.0,0.0,-0.0,0.0
2229,train,0,1,1,-181.98979856431538,388.52692672493777,-2.0,-0.0,0.0,-0.0,-0.0,-0.0
2229,train,0,2,1,-190.55210176801972,-1506.9475688103157,-5.0,0.0,0.0,-0.0,-0.0,-0.0
2230,validation,1,0,0,187.37860045692628,940.8878814889331,1.0,-0.0,-0.0,0.3333333333333333,0.0,-94.67292850345126
2230,validation,2,0,0,360.49957939761487,768.3985703839135,0.5,-0.0,-0.0,0.3333333333333333,0.0,-94.67292850345126
2231,train,1,0,1,-70.6603792144449,-1113.611916117703,0.0,-41.11851497553451,-370.0432348281349,0.047619047619047616,0.0,-35.538992037376424
2231,train,1,2,1,-216.7670629810857,-1856.629398044408,-0.2857142857142857,36.321007679221566,6.886422475477155,0.047619047619047616,0.8571428571428571,-30.944840507245
2232,train,0,1,0,140.9324151550623,-765.8193216111267,0.0,0.0,0.0,0.16666666666666666,1.0,-20.493048064269615
2232,train,1,2,1,-80.19802607279308,393.67018531236045,-0.0,-0.0,-0.0,-0.16666666666666666,-1.6666666666666665,-129.07052319138046
2233,train,0,1,1,-333.16436793266917,-565.5088817276965,-0.0,0.0,-0.0,0.0,-0.0,8.272719290570876
2233,train,2,0,0,-305.35501726943244,-5.0920384670680505,0.0,-0.0,-0.0,-0.0,0.0,297.61441398733416
2234,validation,0,1,1,65.59993274258431,1810.0655124411733,-0.0,-22.747049009428853,-79.70069086800832,0.13333333333333333,0.0,-160.12378197243072
2234,validation,2,0,0,430.0522319611523,1335.043400820865,0.0,35.19324232013699,-3.9010226601633806,-0.13333333333333333,1.0666666666666667,-139.9106105964659
2235,test,0,1,1,130.59605643743464,524.7668926666847,-0.8,55.04451238131302,-27.93773683350475,0.0,0.0,0.0
2235,test,2,0,0,-116.36467458260393,-1979.983796835863,0.5333333333333333,-43.26044420019073,161.5677063674484,-0.13333333333333333,-2.0,-0.0
2236,train,1,0,0,165.2013136723407,144.98347508418283,0.0,191.98341397793365,0.0,0.0,2.0,-0.0
2236,train,2,0,0,-178.11140978174808,1330.5961487529166,0.0,-219.43221003270347,-0.0,0.0,4.0,-0.0
2237,train,0,2,0,126.24937050995572,662.9457353792905,0.4,0.0,-89.92464050030789,-0.0,-2.0,76.72019341647353
2237,train,1,2,0,105.94701459441285,352.413164763243,0.8,0.0,-68.6582036090234,-0.0,0.0,131.7477930190485
2238,train,1,0,0,701.2243050917094,572.2722308197845,-0.23809523809523808,-304.58456765999574,-74.24605922193886,-0.19047619047619047,-0.2857142857142857,112.24005521466032
2238,train,2,0,0,343.54587655087255,2214.12271139524,0.23809523809523808,-262.1321009431502,-54.09739797978313,0.0,-1.1428571428571428,0.0
2239,train,0,1,0,43.10689595629117,-637.9202542355715,0.0,428.4999523132181,0.0,0.4,-0.0,9.403825334280919
2239,train,2,1,0,-237.78252815853364,226.7326391054794,0.6,38.66340548957496,0.0,0.0,-0.0,-11.953457234795088
2240,train,1,0,0,-351.6913115375037,202.2330033643002,0.2857142857142857,-62.53230106304116,34.36761200867016,0.0,-0.23809523809523808,63.23375574484683
2240,train,2,0,0,751.2310408641745,2382.5943011314903,0.047619047619047616,82.22047505726323,182.59561847043403,-0.09523809523809523,1.1904761904761905,-65.87775918728913
2241,train,1,0,0,-256.626992824694,-311.21078643166675,0.16666666666666666,423.4050284226582,-0.0,-0.3333333333333333,0.0,-0.0
2241,train,0,2,1,249.82019527748753,-189.7325432445523,0.16666666666666666,-217.67618823244032,-0.0,-1.0,-0.0,0.0
2242,train,1,0,1,-350.604792472699,492.33867251880156,0.14285714285714285,114.85835280354229,107.11337743773497,0.0,-1.4285714285714284,-20.710308629082533
2242,train,1,2,1,-101.6104487864531,1229.4535154551281,0.0,137.19590057225315,95.01006004787949,0.0,0.0,-23.478013621591938
2243,train,1,0,1,-196.15379118563703,-35.97281385233964,-1.0,-0.0,-0.0,-0.0,0.0,-79.58550614504897
2243,train,1,2,1,225.75974338660455,1424.7315864518223,0.0,0.0,0.0,0.0,0.0,-79.2427791051496
2244,test,0,2,0,111.25075114430308,444.2177337020662,0.0,0.0,0.0,1.0,0.0,-0.0
2244,test,1,2,0,62.03883971822336,741.0978087321741,0.0,0.0,0.0,1.0,0.0,0.0
2245,train,1,0,0,124.35533857705207,782.828326598963,0.0,-0.0,0.0,0.0,7.0,0.0
2245,train,2,0,0,187.01475748606322,134.84452189491913,0.0,-0.0,0.0,0.0,0.0,-0.0
2246,train,0,1,1,-275.5732908087068,-1252.3546798022694,0.0,-167.4245628881245,-52.79419188049914,0.26666666666666666,0.0,-73.82603333919103
2246,train,2,0,0,104.95855321486965,533.7629303946655,0.26666666666666666,73.89104618438196,12.571124506134744,0.0,0.0,29.485135552849002
2247,test,0,1,1,188.71958537905766,362.01042642183165,0.0,176.8064667992232,136.71404580721781,-1.0,0.0,0.0
2247,test,0,2,1,-10.13392745936926,-1196.568651492612,0.0,-299.82575575821676,49.867643719690626,0.0,-0.0,0.0
2248,train,0,1,1,-732.3334980700287,-1150.9188977996318,-0.0,-0.0,-0.0,-0.0,-0.0,0.0
2248,train,2,0,0,211.3094826550299,-665.9408077444232,0.0,0.0,0.0,-0.0,0.0,0.0
2249,train,0,1,0,407.1887893839777,-189.06524052851182,0.2,6.778250732586957,-30.072604316664027,0.4,-0.0,-0.0
2249,train,1,2,1,-331.8098252884366,710.5622985788114,-0.2,-225.02185044550177,94.85036878178232,-0.4,0.0,-0.0
2250,train,1,0,0,73.87598353550709,1385.4907493250157,-0.047619047619047616,149.32084425718287,-74.72254449475653,0.0,0.14285714285714285,10.090769176890621
2250,train,0,2,1,-259.63441250254516,-509.7579168082748,-0.047619047619047616,58.910803833967464,46.45804479025156,0.0,0.42857142857142855,-67.21219724973217
2251,train,2,0,1,-504.4462549026748,-1600.4918585214155,0.06666666666666667,0.0,75.02201088800577,0.26666666666666666,0.6666666666666666,-306.421828700607
2251,train,1,2,0,234.4231851915722,908.5911557069967,0.0,0.0,136.8366421909833,0.8,1.6666666666666665,-17.886426638502083
2252,train,0,2,0,157.19782477832769,1102.9443595334333,-0.0,882.8316061753773,0.0,0.0,0.8333333333333333,52.94582742518102
2252,train,2,1,1,-265.96428380056636,-417.05144289013606,0.0,34.52843608148786,0.0,0.0,-0.16666666666666666,-275.89473479353865
2253,train,1,0,0,-369.38375859332734,503.38954098640534,0.0,-0.0,1226.3441704107215,0.0,0.0,-0.0
2253,train,2,0,0,-561.781843138057,-149.7166825283566,0.0,-0.0,713.6960557044143,0.0,0.0,-0.0
2254,train,0,2,0,-92.06234392330674,-379.66593709699646,0.0,-110.84781953886636,25.424199455569994,-0.0,0.5333333333333333,0.940543789313478
2254,train,1,2,0,49.124968213953025,220.31861809776456,-0.13333333333333333,7.214061493841382,93.70140783184168,0.0,1.0666666666666667,2.2065051424502666
2255,test,1,0,1,127.19686990306678,355.3019991158394,0.0,-418.8951220742085,0.0,0.0,0.0,-22.267377654349467
2255,test,1,2,1,-56.65809744409023,930.2853148621039,0.0,-360.92662946171725,0.0,-0.0,0.0,32.011258836682096
2256,train,2,0,1,-33.19441830347682,-252.7652858066176,0.0,0.0,-4.707996951109829,-0.4,0.0,-25.195617499204797
2256,train,2,1,1,81.24020655196733,237.76377045189247,-0.0,0.0,32.332189526608616,-0.4,-0.6000000000000001,-75.56770808865711
2257,train,2,0,1,-42.25261986703697,-312.1507395607855,-0.0,-409.01568052054915,-28.876771013900054,0.0,0.8,0.0
2257,train,2,1,1,-28.74225371144928,-127.15167556230926,0.0,-250.63512464449536,-11.137876694560758,-0.3,0.6000000000000001,-0.0
2258,train,0,1,0,272.3347503298064,263.94611310792607,0.0,-15.769748397123445,0.0,-0.16666666666666666,2.5,0.0
2258,train,2,1,0,56.532878042549044,-152.619030603586,0.0,-141.08887627924915,0.0,0.0,0.0,0.0
2259,train,0,1,0,-493.7994062874951,-1106.0162437011186,-0.0,0.0,-0.0,0.0,3.0,-0.0
2259,train,1,2,1,-520.4252155316744,-2742.125753155893,-0.0,0.0,-0.0,-0.0,0.0,-0.0
2260,train,1,0,1,-13.967955767854335,-805.6896850414882,-0.0,0.0,0.0,0.0,0.0,-72.66069795988585
2260,train,1,2,1,-79.13544971411926,-411.94635624896955,0.0,0.0,-0.0,0.0,0.0,-171.32065578681028
2261,train,1,0,0,-41.45451783506928,-275.39271453154834,-0.2,-82.33655914272956,-118.94900005033593,0.0,0.5,0.0
2261,train,2,0,0,247.07851213359868,2152.5340407979284,0.6000000000000001,510.20137112943405,117.11581405626126,0.0,0.6000000000000001,-0.0
2262,train,0,2,0,59.61508168146116,388.9590323094917,0.0,144.70890809737486,114.96383989593592,0.0,0.0,-67.94068227289993
2262,train,1,2,0,47.798292911495196,458.4734733502992,0.0,185.70452513641663,20.059354780108926,-0.06666666666666667,0.0,-21.7508524756615
2263,test,2,0,1,-52.752562593233165,275.02806736004277,0.2857142857142857,-19.846001900556573,63.18026043212976,-0.7142857142857142,0.0,0.7877846757007475
2263,test,1,2,0,-85.63720597097995,-623.5776461677706,-0.2857142857142857,174.35396506670742,-72.80100784911205,0.23809523809523808,-0.2857142857142857,-11.270757705740882
2264,validation,2,0,1,-735.17507208109,-1574.3362100611575,-1.7999999999999998,-0.0,0.0,-0.4,-0.5,-103.55086090078271
2264,validation,1,2,0,431.34089601733535,333.79677749729854,0.0,-0.0,-0.0,0.2,0.6000000000000001,59.55559934201174
2265,train,0,2,0,315.36690410535164,1047.0691045899407,0.26666666666666666,0.0,66.23460175118765,-0.3333333333333333,-0.8,49.44543914906632
2265,train,2,1,1,-127.4127730392753,-1119.0717123880936,-1.3333333333333333,-0.0,-99.66519335911337,0.6666666666666666,0.0,-61.78195810694987
2266,train,0,1,0,-107.00472818608125,-1923.800972884093,0.0,-98.92209189485496,-97.57226556066348,0.47619047619047616,-0.09523809523809523,-50.90045300633507
2266,train,1,2,1,-30.569534100881356,782.1666474227522,0.0,136.4582603457574,65.7468890931842,-0.47619047619047616,-0.14285714285714285,50.90045300633507
2267,validation,0,1,1,-99.87726029551669,-927.0081732760741,0.0,-0.0,-23.287884550864263,0.0,-0.8999999999999999,-1.8540163465521482
2267,validation,2,0,0,-79.31568557724725,-105.76180717805642,0.1,-0.0,45.61414864453897,0.0,0.3,-4.214208037103532
2268,validation,0,1,0,-461.57600606220876,691.6497839594967,0.0,2.804567069146136,369.0092325155539,0.0,0.6000000000000001,-60.216670042991375
2268,validation,2,1,0,-253.9607984605385,655.1969035982711,0.0,34.16520868680883,87.6984619144051,-0.06666666666666667,1.0,-11.267409569019113
2269,train,2,0,1,324.95190911825745,-101.579006464558,-0.26666666666666666,-252.10758791910453,-52.58780444917714,-0.2,0.0,0.0
2269,train,1,2,0,33.235559788068485,1100.563651015529,0.26666666666666666,660.1803173713057,96.90651299802244,0.4,0.0,37.7748128797536
2270,train,1,0,1,-73.47114103485421,290.60035855140995,0.0,0.0,-452.1642983145972,-0.0,-1.3333333333333333,84.58792058035803
2270,train,1,2,1,-267.14750217324433,-690.3602797821404,0.0,-0.0,90.58059829533173,-0.0,-0.6666666666666666,3.71883023717902
2271,test,0,1,0,12.752542348537247,94.04054458596056,0.0,576.7953364918767,-4.589128271123599,0.0,-0.0,0.0
2271,test,1,2,1,87.8928195126042,-495.31062375934016,-0.0,-251.15282008486284,-213.35520212932752,-0.0,0.0,0.0
2272,train,2,0,1,74.71000468568627,-369.193486158154,-0.0,363.11273891224687,-41.43738230676619,-0.0,-2.0,0.0
2272,train,2,1,1,-146.43687953784968,-2864.2052626485347,-0.0,-1054.2217138903393,303.81491645217613,0.0,0.3333333333333333,-0.0
2273,train,0,1,0,-440.867525536322,-916.5429952567711,3.0,-0.0,-0.0,0.0,0.0,0.0
2273,train,2,1,0,-385.2057039951346,-1826.3531093183592,1.0,-0.0,-0.0,-0.0,0.0,-0.0
2274,validation,1,0,0,228.4305756094102,143.31331091145512,0.0,0.0,-19.634623695571783,0.0,0.0,-0.0
2274,validation,2,0,0,87.8164013474319,1015.9072219862255,1.3333333333333333,0.0,-8.949313840728678,0.0,0.0,0.0
2275,test,1,0,0,112.99077624449717,815.7696552095845,0.0,-0.0,0.0,0.0,0.0,0.0
2275,test,2,0,0,401.10918674463113,802.5150440333023,0.0,0.0,0.0,0.0,0.0,-0.0
2276,train,1,0,0,102.89407791907706,1666.1798730762239,0.13333333333333333,-0.0,42.106416311670095,0.0,1.8666666666666667,-2.8755174396712846
2276,train,2,0,0,863.2486229204086,3839.687026659941,0.0,-0.0,33.504526512578515,0.3333333333333333,1.6,-46.04916607852691
2277,test,0,2,0,-172.04283531005802,-73.94029310287578,-0.0,-0.0,0.0,0.0,-0.0,-0.0
2277,test,2,1,1,222.2903774185428,-103.22770097830198,0.0,0.0,-0.0,-0.0,0.0,-0.0
2278,train,0,1,0,159.13560959710998,793.2456187557582,-0.2857142857142857,117.49634494519616,78.74281318886563,0.0,0.42857142857142855,24.058183327594673
2278,train,1,2,1,-240.05825368807558,-1457.5464951114013,0.0,-140.9479578817975,-127.97831736870285,0.0,-0.42857142857142855,5.772892368549034
2279,train,1,0,1,-86.74136782778282,-722.391329855308,-0.0,-0.0,0.0,0.0,0.0,0.0
2279,train,1,2,1,-231.82744806252128,1453.2329413586767,0.0,-0.0,0.0,-0.0,0.0,-0.0
2280,train,1,0,1,-375.9227327841256,-1204.3767500725562,0.0,-78.38535941888723,0.0,-0.6666666666666666,-0.0,-0.0
2280,train,1,2,1,-510.95742137707873,147.0920543728589,0.0,-121.67810578002431,0.0,-0.6666666666666666,0.0,-0.0
2281,train,2,0,1,-336.05040130525174,-532.8831417204674,-0.5333333333333333,0.0,-267.324722650243,-0.26666666666666666,0.0,-11.092154618691865
2281,train,1,2,0,-17.490691542031527,-221.99171859683065,-0.26666666666666666,-0.0,293.85931008221604,0.0,0.0,29.888084855818192
2282,train,1,0,1,-400.9343174278903,516.8495624705101,-1.3333333333333333,0.0,161.27386972401797,0.0,0.0,0.0
2282,train,1,2,1,242.46830550840002,-791.3069434766021,-1.3333333333333333,-0.0,-254.15213391702696,0.0,-0.0,-0.0
2283,train,1,0,0,259.0478996861041,1122.4399714547367,0.0,-15.56613739099546,-21.005985004803314,0.0,-0.8,0.0
2283,train,0,2,1,-292.6086837954265,-342.00693993737104,-0.3,6.2464596309596345,-0.25239360162572666,-0.0,-0.8,-0.0
2284,test,0,1,1,-340.2438479895032,-544.7086783687773,-0.0,-104.67793760288805,0.0,0.3333333333333333,0.0,-61.03198613860235
2284,test,0,2,1,-349.0153061296542,-127.977153961147,-0.0,-380.56719193383145,-0.0,0.16666666666666666,-0.0,36.11859820377771
2285,train,0,1,0,464.5592106524674,563.7558786800914,-0.23809523809523808,-33.74262411044683,-36.49252928399674,0.09523809523809523,-0.2857142857142857,-3.181691115073472
2285,train,2,1,0,423.91725706022225,254.29395466734286,0.47619047619047616,-95.25925600202383,71.62005782406419,0.047619047619047616,-0.09523809523809523,72.27516661305225
2286,train,0,1,1,19.10370336618837,-1072.5745093324986,-0.26666666666666666,-0.0,-2.124555185036805,-0.26666666666666666,-1.0,-18.647359146665927
2286,train,2,0,0,33.9571309368489,781.0151481928747,0.0,0.0,5.578910130975487,0.06666666666666667,0.3333333333333333,69.85866851151991
2287,test,0,1,1,172.49362350759696,2133.0788846605137,0.0,0.0,0.0,-0.0,0.0,-0.0
2287,test,2,0,0,176.76553282334612,425.4462043311123,-0.0,-0.0,-0.0,0.0,0.0,-0.0
2288,train,1,0,1,-285.10021781999797,-651.4272874678732,0.0,-149.22178411536876,-4.350206903190769,-0.26666666666666666,0.0,-18.664585207871596
2288,train,2,1,0,-47.548740094397544,1142.5598567363909,0.0,92.61022644725529,21.633650586113756,-0.26666666666666666,-0.3333333333333333,40.682940533262254
2289,train,0,1,0,559.0092406666025,654.4315327762379,0.09523809523809523,-353.13252076924,51.10487539806445,0.0,1.1904761904761905,4.20237332270292
2289,train,1,2,1,-188.90655679440954,-402.9767985731896,0.0,49.21783296901477,-11.834129949268316,0.19047619047619047,-0.9523809523809523,10.248364891430482
2290,validation,0,2,0,512.1225949853027,425.47210235714556,-0.09523809523809523,-175.02531331306346,151.78815874279564,-0.19047619047619047,0.2857142857142857,38.44601098399642
2290,validation,1,2,0,151.53418391362106,643.6665820635467,-0.047619047619047616,-196.20036545058684,50.61839233393376,0.19047619047619047,0.2857142857142857,79.1619053030857
2291,train,1,0,0,195.571174502541,1504.663024758609,0.0,0.0,-0.0,3.0,0.0,0.0
2291,train,2,0,0,356.3176584119451,-101.25198786397777,0.0,0.0,-0.0,0.0,0.0,0.0
2292,train,2,0,1,-84.50839858096197,-94.2113706973405,-0.4,0.0,-470.6368595630489,0.0,0.1,-15.505711925427123
2292,train,2,1,1,221.4847239648309,241.5101250958096,0.0,0.0,-54.75528361451245,0.0,0.1,-166.89952781772936
2293,train,2,0,1,-252.78322345221363,-780.5326232313182,0.0,0.0,0.0,0.0,-0.5,-10.802322889281507
2293,train,2,1,1,-75.98518190093478,-839.2016167683732,-0.0,0.0,-0.0,-1.0,0.6666666666666666,98.76663713337982
2294,train,2,0,1,-335.7024796956084,-134.94841855528193,0.5714285714285714,-163.80451317588333,-70.62297832053201,-0.09523809523809523,-0.7142857142857142,43.46870056941245
2294,train,1,2,0,890.1909177062439,1651.9225221345487,0.0,379.5061104129337,-67.99480259256389,0.09523809523809523,1.1904761904761905,-33.60170076333647
2295,train,0,1,0,-19.817765511206403,-58.66171813122946,0.0,0.0,-0.0,-0.0,2.0,-0.0
2295,train,2,1,0,-161.1920778689007,-651.3532220224147,0.0,0.0,-0.0,-0.0,1.0,-0.0
2296,train,1,0,1,-537.0757569517148,-2014.6426173050932,0.0,-143.7767780027687,-0.0,-0.0,0.0,-152.34074107274242
2296,train,1,2,1,169.96663535332254,-1314.3737021782754,0.0,32.23106586101812,0.0,-0.0,-0.0,-259.2413700680212
2297,train,0,2,0,-70.83606323774347,259.8474289284204,-0.3333333333333333,-0.0,0.0,0.0,1.0,18.64709350675342
2297,train,2,1,1,81.90996584873665,384.12433848640194,0.3333333333333333,0.0,0.0,0.0,-2.5,8.641324830817322
2298,train,0,1,1,-141.32649075872507,-294.7130575089268,0.0,132.36486374988286,-68.72954921543224,0.26666666666666666,-1.2000000000000002,-0.0
2298,train,0,2,1,-13.040839704979703,765.469108798165,0.0,78.11860267636847,-12.95561818957658,0.0,0.0,0.0
2299,train,0,1,0,441.84079480420144,4075.001840001384,2.0,0.0,0.0,0.0,0.0,161.29302540456118
2299,train,2,1,0,256.1470192686644,2472.918029291047,0.6666666666666666,0.0,0.0,0.0,0.0,15.120412025973565
2300,train,0,1,0,-300.98147455052447,-168.6873132166611,-0.0,-473.1897568591707,7.988513184131966,0.3333333333333333,0.8,-1.0158321863029451
2300,train,2,1,0,-85.22370641883356,-412.20617184620824,-0.0,-393.3108659452187,121.92266652838389,0.0,-0.5333333333333333,-4.120928189584159
2301,train,0,1,1,-27.24226914001497,616.4817650803734,-0.0,-0.0,-0.0,0.0,0.0,-0.0
2301,train,0,2,1,147.55502363428093,1335.4244511329716,0.0,0.0,0.0,-0.0,0.0,0.0
2302,train,0,2,0,308.2603278492576,1356.2396412385551,0.5714285714285714,52.97926219013678,6.148414460996978,0.19047619047619047,0.23809523809523808,-11.647844858263717
2302,train,1,2,0,-201.26104723020546,194.48055760137868,0.0,210.91921945070902,-28.75927096495112,0.09523809523809523,0.19047619047619047,29.156412267407507
2303,train,0,1,0,59.9629329452402,-55.02770204433227,0.0,-120.95695072331097,-0.0,0.0,0.0,0.0
2303,train,1,2,1,-305.7953793517141,-178.32597308015693,0.0,-393.08276215690944,-0.0,-0.0,-0.16666666666666666,0.0
2304,train,1,0,0,322.44761252711857,794.7965914149236,0.0,0.0,0.0,3.0,-0.0,0.0
2304,train,2,0,0,-41.753646067010266,-122.47471976004181,0.0,0.0,0.0,1.0,0.0,0.0
2305,validation,1,0,0,219.18885139784174,-712.6422024202548,-0.0,-0.0,867.3002492383442,0.0,-0.0,-0.0
2305,validation,0,2,1,-413.55273931057127,721.4042153517948,0.0,-0.0,-399.0824085328425,0.0,0.0,0.0
2306,validation,0,1,1,-261.8616082363831,-839.565828140167,-0.0,-0.0,-0.0,0.0,-0.0,-0.0
2306,validation,2,0,0,-8.41679293968133,1549.8671456088987,0.0,-0.0,0.0,0.0,0.0,-0.0
2307,train,1,0,1,13.140140359535167,-269.347709276728,-0.0,0.0,-15.574087311177164,-0.3,1.2000000000000002,-44.851273801152125
2307,train,2,1,0,64.84641428500242,439.3513241775672,0.0,0.0,-14.054237732193656,0.3,-0.8,68.58155945926417
2308,train,0,1,1,-746.8137369251696,-1353.0629770698142,0.0,-0.0,-656.6128942645975,-0.0,0.0,-0.0
2308,train,0,2,1,-481.9306929186672,259.15543475990125,-0.0,-0.0,-664.0139510894093,0.0,-0.0,-0.0
2309,train,1,0,1,-578.7005796682214,327.33611472192206,0.0,-0.0,-0.0,-0.0,-0.0,0.0
2309,train,2,1,0,531.9358720745187,287.3514102843519,-0.0,0.0,0.0,0.0,0.0,0.0
2310,train,0,1,0,-26.255086098759875,-2279.6502634095086,-0.1,276.22828827300003,130.2476747277368,-0.0,-0.0,190.1965334032783
2310,train,2,1,0,420.86297162566666,-1410.0647251696482,-0.30000000000000004,336.3567449567763,156.14134399220902,0.0,-0.0,47.88512717053233
2311,train,0,2,0,207.17013098378413,337.38081301689544,0.3333333333333333,565.4003511604266,89.26441661746989,0.0,0.0,-24.295237958995713
2311,train,2,1,1,-121.72239552919905,-722.8160142185307,0.3333333333333333,-225.42920163301156,-49.48845525594565,0.0,-0.8,14.964653945641517
2312,train,0,1,1,-645.8612178159225,-4958.6727419041845,-0.0,-302.6047072824861,-222.57739936316096,0.0,-0.0,0.0
2312,train,0,2,1,-279.1170367513088,-2625.5828925189626,-0.0,-3110.6468495068,-170.88324744895328,0.0,-0.0,0.0
2313,test,1,0,1,-512.0491412094837,-2956.0954128713347,0.0,223.50283389877404,-500.0499563542914,-0.06666666666666667,-0.6666666666666666,79.79024122300534
2313,test,1,2,1,-291.5962913738322,202.87976725536737,0.0,426.10496725449707,-220.2533131298033,-0.06666666666666667,-1.3333333333333333,125.85937601301198
2314,train,0,1,1,-40.0547339420356,-349.08302031550556,0.0,0.0,-23.27035519799178,0.0,-0.0,-44.60009686104279
2314,train,2,0,0,41.098243886317164,-13.94722795300595,-0.4,0.0,8.776215562063754,0.3,-0.0,-3.002551510960632
2315,train,0,1,1,-137.47670547755092,505.28162451269463,0.0,107.96515484038815,-14.380267111443963,0.0,0.8,-0.0
2315,train,0,2,1,-121.57930272963199,-573.3865165568427,-0.3333333333333333,240.0413520930333,-12.29436539308657,-0.13333333333333333,0.0,-0.0
2316,validation,1,0,0,-475.25091882122274,-348.5732227936378,0.16666666666666666,0.0,240.313110568136,0.0,1.6666666666666665,0.0
2316,validation,0,2,1,287.53775909100113,516.0307640981882,0.0,0.0,-198.5903809447357,0.0,-1.6666666666666665,0.0
2317,train,0,1,1,86.25086266240874,273.7720207148859,-0.7142857142857142,-68.066673816795,165.03715994064584,0.0,-1.1428571428571428,-6.330892620784755
2317,train,0,2,1,16.13479500902747,-121.80290331236029,-0.47619047619047616,-59.93242052698987,196.45801439943494,-0.047619047619047616,-0.8571428571428571,-3.449464366341122
2318,test,0,1,0,588.2594725483655,1904.5834085563429,0.0,0.0,0.0,0.0,0.0,0.0
2318,test,1,2,1,-508.9818589803706,-2630.3104294381956,-0.0,-0.0,-0.0,0.0,-0.0,-0.0
2319,train,0,1,1,-211.55758452700286,325.5338432222693,0.8,-118.62752872041911,-0.0,0.0,0.06666666666666667,16.726648419225015
2319,train,2,0,0,424.9166133228505,981.9771468330177,-0.26666666666666666,188.12279780619352,0.0,-0.3333333333333333,0.2,-9.736384746205498
2320,train,1,0,0,43.638547239939214,-20.630936844687312,0.0,0.0,-0.0,0.6666666666666666,0.0,-81.72531524593265
2320,train,0,2,1,-16.81294677821512,290.7046520001718,-0.0,-0.0,0.0,0.0,-0.0,46.91691692243285
2321,train,2,0,1,-296.0199237775844,-59.21099727807996,0.8571428571428571,15.963323196637441,51.29857778317309,-0.38095238095238093,0.0,-42.28963579472872
2321,train,2,1,1,-280.60846866999225,-252.0132356533768,0.2857142857142857,-355.8594811937906,-28.73955641846511,-0.38095238095238093,0.0,-1.11231420114205
2322,train,1,0,0,-337.6069192034996,438.3867355598604,0.4,232.50509660914432,22.663889998906132,-0.0,-0.3,0.0
2322,train,2,0,0,-321.67949002963474,2151.1946600574647,0.8,671.8894758542222,37.8721107150251,-0.0,1.2,0.0
2323,train,0,1,0,-88.48702958299657,-395.0184310379,1.0,-0.0,367.4281463900886,0.0,-0.0,0.0
2323,train,1,2,1,27.742904456481142,-986.7970017131602,-1.0,0.0,-356.6277620840156,-0.3333333333333333,0.0,-0.0
2324,train,1,0,1,-411.6265332517397,-1826.418755665366,0.0,-0.0,-0.0,-0.6,0.1,42.07809567419314
2324,train,2,1,0,639.2826854240494,1820.5248297207581,0.8,0.0,0.0,0.3,0.0,-21.983066391841906
2325,train,1,0,0,-66.88633692309907,-408.7948023949584,-0.6000000000000001,1023.4764905277973,-49.74668278236532,0.6,-0.0,0.0
2325,train,2,0,0,-514.1239627881432,-1497.3546700828083,-0.4,54.060937648859,-45.95821292989777,0.6,-0.0,0.0
2326,validation,2,0,1,-241.1906030986329,140.1584823637063,0.0,-466.35380218842664,-0.0,0.0,0.0,-0.0
2326,validation,1,2,0,236.90228836265732,662.2839143969095,0.0,64.43293633077451,0.0,0.0,0.0,0.0
2327,train,0,2,0,-37.56064758989805,-59.973897186877366,0.0,1231.5824660591431,-0.0,-0.0,-0.0,0.0
2327,train,1,2,0,65.11305586556182,938.4152194999174,0.0,1780.615722023543,0.0,-0.0,0.0,0.0
2328,validation,0,1,1,-158.5053771377813,-449.14544809330164,0.1,-34.85030257906242,-277.89246281349074,-0.3,0.0,-0.0
2328,validation,0,2,1,-359.25598518436965,-573.507915775624,-0.2,-23.324353798315,-81.64316531930288,0.0,-0.0,0.0
2329,train,0,1,0,326.030043578719,852.9025206122597,-0.047619047619047616,22.480308113861046,37.004142107411326,0.47619047619047616,0.14285714285714285,50.114596843821246
2329,train,2,1,0,45.18967063230906,346.4060378082677,-0.09523809523809523,13.87063814997074,-7.241734749487886,0.0,-0.14285714285714285,86.42212008535006
2330,train,0,1,1,-180.93917345976718,1363.1357433762696,0.0,-0.0,0.0,-0.0,0.0,-0.0
2330,train,0,2,1,87.456011593293,1603.8163829214013,0.0,0.0,-0.0,0.0,-0.0,-0.0
2331,train,0,2,0,58.06553254060424,758.8688087765181,0.0,0.0,0.0,0.0,0.0,0.0
2331,train,2,1,1,-60.71624333262196,-221.5027419524149,-0.0,0.0,-0.0,0.0,-0.0,0.0
2332,train,1,0,1,-14.202461471692743,-217.8992559832509,-0.6,-0.0,92.09616556036013,-0.2,-0.0,16.336211078807818
2332,train,1,2,1,-131.88875827643534,-143.07358773542637,-0.8999999999999999,0.0,92.93863916009842,0.0,0.0,14.785893375450463
2333,validation,0,2,0,-33.75618270223515,-475.58616158842324,-0.09523809523809523,-38.67650783620466,-190.41778591426677,0.23809523809523808,0.5714285714285714,3.529763830448785
2333,validation,2,1,1,113.19726254260581,-70.61657166420264,0.19047619047619047,-92.28308351558361,241.25793644212035,0.0,-0.19047619047619047,16.51353999843573
2334,train,0,2,0,-122.11453735738093,678.6698633061483,-0.0,383.77328285707745,0.0,-0.0,0.0,61.60004067981146
2334,train,2,1,1,-49.69143936266994,-896.0134460099011,0.0,-25.89260959904349,-0.0,0.0,-2.0,-52.61129183425126
2335,train,1,0,1,529.2763544815098,-32.33156505862007,0.0,112.02593176385153,-113.70703704698988,0.0,0.0,-0.0
2335,train,1,2,1,1116.103280647971,1494.525183917408,0.0,-182.7119832210467,-302.76349928572273,0.0,-0.0,-0.0
2336,validation,2,0,1,-148.72158652056646,-761.0909142251603,0.0,-0.0,-0.0,0.0,-1.6666666666666665,88.25950209874827
2336,validation,2,1,1,48.70517582412265,-58.637106374789255,-0.16666666666666666,0.0,-0.0,0.0,0.0,8.000845916376136
2337,validation,0,1,0,18.884294252516725,277.9175139683366,-0.5,-91.9985899518596,0.0,0.0,0.6666666666666666,0.0
2337,validation,2,1,0,25.78011993056566,420.12989091788495,0.0,-25.430491044143157,0.0,0.0,-0.3333333333333333,0.0
2338,validation,1,0,1,-408.01925909556826,-114.67432376121178,-0.2,0.0,0.8172653554129966,-0.0,-0.3,62.03597824477774
2338,validation,1,2,1,-184.54537525751243,-358.89969892704175,-0.4,0.0,30.126022943121257,-0.0,0.3,37.873664478246894
2339,test,0,1,0,265.1114027562878,1152.8382179985838,-1.0,-203.76115120092769,194.67426886231243,0.5333333333333333,-0.4666666666666667,-0.0
2339,test,2,1,0,129.39168742946322,1155.8330749201195,0.3333333333333333,31.092453289791713,-27.716473331484806,0.0,-0.13333333333333333,-0.0
2340,test,1,0,1,-280.1746415913597,-364.19484731899956,0.6000000000000001,-244.86187150908893,-0.0,0.0,-0.2,-0.5144249541064653
2340,test,2,1,0,290.1292196943244,515.443248516035,-0.6000000000000001,779.4489764313436,-0.0,0.0,0.7000000000000001,61.455354528033496
2341,train,0,1,1,-61.04102179608594,-643.4339691822615,0.0,-0.0,0.0,0.0,-0.0,-0.0
2341,train,2,0,0,127.17440186143119,954.6299251907303,0.0,0.0,-0.0,-0.0,0.0,0.0
2342,train,1,0,1,-311.6493875246472,-120.57744860820458,-0.0,0.0,-0.0,0.0,-0.0,0.0
2342,train,2,1,0,632.9607387862093,-631.9094878365877,-0.0,-0.0,0.0,0.0,0.0,0.0
2343,train,0,1,1,-154.31937166171178,-648.1396217869224,-0.13333333333333333,0.0,-153.69952711717045,0.0,0.06666666666666667,-52.165008848583675
2343,train,0,2,1,-290.3286392033406,-1764.3775950497338,0.0,-0.0,-0.3623233403600049,0.0,-0.26666666666666666,-152.95894277823692
2344,train,1,0,1,239.2153109002008,837.3246783670143,0.0,-100.19137307373352,38.73473261725901,-0.8571428571428571,0.0,0.0
2344,train,2,1,0,-74.26249475085456,-615.7089725934188,0.0,18.687886833607692,-14.463577141379341,0.2857142857142857,0.0,34.2402793948678
2345,train,1,0,0,-114.78822210707182,240.06794128151796,0.0,0.0,-0.0,-0.0,0.0,0.0
2345,train,0,2,1,-213.15681660185544,674.2566150160637,0.0,0.0,-0.0,0.0,-0.0,-0.0
2346,train,1,0,0,-13.95208127230137,148.7961839154159,-0.0,259.551483361012,173.06602681728984,0.0,-0.1,0.0
2346,train,2,0,0,148.05813145517197,744.0985702223406,-0.0,266.62394410554606,253.62257440294252,-0.2,0.2,0.0
2347,train,2,0,1,85.2735080469323,-222.47366591116133,-0.0,220.15636000642309,-183.99540386260392,-1.5,0.0,-0.0
2347,train,1,2,0,342.4782599307623,41.80190368112926,0.0,147.85687803023757,-31.70615635945069,1.0,0.0,-0.0
2348,validation,0,2,0,409.9389506666099,1553.4470852565228,0.0,-0.0,-0.0,0.0,7.0,373.42842524252234
2348,validation,1,2,0,315.65695930388245,1115.4157283246914,0.0,-0.0,0.0,1.0,4.0,0.0
2349,train,2,0,1,-843.2615239091213,-496.8240026814278,0.0,0.0,0.0,-0.0,-0.0,0.0
2349,train,1,2,0,91.56272322559283,-187.57706648501835,0.0,0.0,-0.0,0.0,0.0,-0.0
2350,train,0,2,0,174.43044365958673,483.4253623207974,0.0,0.0,0.0,0.0,-0.6666666666666666,0.0
2350,train,2,1,1,-385.84870731849463,-35.1819178542446,0.0,-0.0,-0.0,0.0,0.6666666666666666,-0.0
2351,train,0,2,0,319.40424173247857,1059.1795728697134,-0.0,0.0,0.0,0.0,0.0,0.0
2351,train,1,2,0,0.10036738898168096,1577.3588662488528,-0.0,-0.0,0.0,0.0,0.0,0.0
2352,train,0,1,0,-4.249869408579798,-316.84744563275444,0.23809523809523808,-5.230209354164945,-63.4173399924307,0.2857142857142857,-0.14285714285714285,22.875068335832587
2352,train,1,2,1,-1.4020439277130663,644.5086480725527,-0.23809523809523808,-16.239664767558008,150.77457726522155,0.0,0.14285714285714285,0.0
2353,train,2,0,1,-459.12738602620544,-888.2808079887704,-0.0,-0.0,-0.0,0.0,-0.0,0.0
2353,train,1,2,0,273.2120132418301,942.5153775988551,0.0,0.0,0.0,0.0,0.0,0.0
2354,train,2,0,1,34.008394567070184,-40.86365434390109,0.0,-0.0,-38.29278613770461,0.0,-0.6666666666666666,-0.0
2354,train,1,2,0,-74.2767160442192,-4.904214511252121,1.0,0.0,67.95628866114306,-0.0,0.0,0.0
2355,train,0,1,0,103.85749514741323,-60.23096964426804,-0.3333333333333333,-0.0,0.0,0.16666666666666666,0.0,-43.60595961206594
2355,train,1,2,1,-158.09401913616986,60.23096964426804,0.3333333333333333,-0.0,-0.0,-0.16666666666666666,-0.0,-41.12957721331798
2356,test,0,1,1,-141.87856242292014,-473.1319195893275,-0.0,0.0,-0.0,0.0,-0.0,-0.0
2356,test,0,2,1,-179.1181263999399,1420.7457431319626,0.0,-0.0,-0.0,0.0,-0.0,-0.0
2357,train,0,1,0,33.80516882890487,335.2555648175994,-0.0,361.6952448875427,-0.0,0.0,0.3333333333333333,27.7608655415099
2357,train,1,2,1,-217.23938965935173,-600.3771606394862,0.0,-174.35139434533426,-0.0,-0.0,-1.0,-76.28366930458753
2358,train,1,0,0,-49.21996185093417,-0.7737986267613906,0.2,56.86872806535126,14.853970795945584,0.0,0.6666666666666666,-2.5512151537347374
2358,train,0,2,1,152.56887815823137,50.918051007518216,-0.2,-112.96967248559312,7.3603937710921965,0.0,0.3333333333333333,13.948115864668068
2359,test,0,2,0,-667.0736820817934,-620.4583395307836,1.3333333333333333,0.0,-0.0,-0.5,0.0,101.71196631040574
2359,test,2,1,1,154.243139217029,517.5501278958482,0.0,-0.0,0.0,-0.5,0.0,-70.78874749964437
2360,train,0,2,0,-394.89262147022123,-428.0138198013374,-0.0,0.0,-0.0,0.3333333333333333,2.5,42.03297331131116
2360,train,2,1,1,312.3766087136961,330.5801930436628,0.0,-0.0,0.0,-0.3333333333333333,-2.5,-20.3539984686765
2361,train,0,2,0,186.40456506607484,1547.2851298466303,0.2,0.0,-0.0,0.4,-0.3,52.11537971556716
2361,train,1,2,0,220.5600379298603,2837.292616887218,0.0,0.0,-0.0,0.6000000000000001,0.3,115.89076139380694
2362,train,2,0,1,-630.3019659174314,48.22502814190466,0.5333333333333333,4.238822381518412,0.0,0.0,-0.3333333333333333,-18.32884133783906
2362,train,2,1,1,81.07004098664459,-225.64404177826964,0.5333333333333333,-107.81816765519252,0.0,-0.4,-0.3333333333333333,-11.44975696294228
2363,validation,1,0,0,-423.1350504780394,-1013.0009504310951,0.0,0.0,-0.0,0.3333333333333333,-0.0,0.0
2363,validation,0,2,1,445.26126194015256,437.2490527497989,-1.3333333333333333,0.0,0.0,0.0,-0.0,-0.0
2364,validation,1,0,0,189.2015887043038,-97.19211413161611,2.0,0.0,-0.0,0.0,0.0,0.0
2364,validation,0,2,1,-93.67088082658432,1254.190633369596,-1.0,0.0,0.0,0.0,-0.0,-0.0
2365,train,1,0,0,775.4615071638383,202.654674992119,0.047619047619047616,216.545333650726,-8.024368633655968,0.0,-0.23809523809523808,117.77746792059915
2365,train,0,2,1,17.59603625059242,269.832527774186,-0.14285714285714285,-69.68130602359275,-56.02865313839099,0.0,-1.1904761904761905,-124.26115686786542
2366,train,0,1,1,-27.539655209074056,-252.3151576770424,-2.0,0.0,0.0,0.0,-0.0,0.0
2366,train,0,2,1,119.11789736706078,-794.4211588387016,-1.0,0.0,0.0,0.0,-0.0,0.0
2367,train,2,0,1,-338.00678185296005,-587.7469104465376,0.0,-260.9135977959743,24.2183934146652,0.0,-2.0,-0.0
2367,train,1,2,0,271.1673004909405,359.76207224361724,0.8999999999999999,155.1825173108579,35.07783379342191,-0.0,0.8,0.0
2368,validation,0,1,1,-9.375477447445917,-310.30795913466955,0.0,-118.5744221007555,0.0,0.0,-0.6666666666666666,-64.594006361365
2368,validation,0,2,1,-126.15785531889611,-874.7566484186009,0.0,-3.895465908077843,0.0,-0.0,-0.3333333333333333,-102.45434360251727
2369,train,1,0,1,-232.11752389694493,457.09698497901263,-0.0,3.827174270310873,-3.754659456637474,0.0,0.13333333333333333,-6.2499687778224935
2369,train,2,1,0,-77.2832965439568,-851.4511064711169,0.0,32.803916627316234,-34.74263129537767,0.0,0.13333333333333333,-6.963350532027707
2370,test,1,0,1,-152.59616665392508,-17.71619123849632,0.0,-138.32018610888602,7.660945031473745,-0.19047619047619047,-0.2857142857142857,-14.036736387417273
2370,test,2,1,0,231.78587909102413,546.0503936919222,0.14285714285714285,-27.58014869245333,-1.9521014013852263,0.19047619047619047,0.7619047619047619,11.590245849484598
2371,test,2,0,1,-808.5402323726576,-1763.91855516318,0.0,-124.85108144585709,131.04349863377777,-0.7142857142857142,-0.5714285714285714,-66.87712365591511
2371,test,2,1,1,-579.4980700316985,-1980.183882243642,0.19047619047619047,-300.4485336886753,-161.1066803536059,-0.7142857142857142,-0.7142857142857142,-287.6457037116101
2372,train,0,1,0,157.77437979789426,106.06922594496564,0.0,-120.80395597243337,73.85260822486349,0.0,1.4285714285714284,-12.831137280855803
2372,train,1,2,1,-318.0050510864367,-634.52201981602,-0.19047619047619047,79.02342965217248,-0.581600446625105,0.0,-0.23809523809523808,-3.3620933980648577
2373,train,0,1,1,-37.5933414313709,-558.089433951182,-0.0,-0.0,-0.0,0.0,0.0,0.0
2373,train,0,2,1,-350.44227157139125,-500.18425520669825,-0.0,-0.0,0.0,0.0,0.0,-0.0
2374,train,2,0,1,34.08359647656209,452.0897645718105,-0.3333333333333333,-0.0,75.14655140791561,0.0,-1.0,-0.0
2374,train,1,2,0,30.884797439032127,171.09239214715035,0.0,-0.0,-170.1919113788947,0.0,1.0,-0.0
2375,train,0,1,0,566.635013448818,710.9461443519403,0.0,0.0,608.4312615649533,0.0,0.0,7.214151459435034
2375,train,1,2,1,-565.2181545993739,-1558.0947844649472,-0.0,-0.0,-175.88887078328298,0.0,0.0,-2.4777906753149352
2376,train,1,0,0,284.3400888197997,971.8410819475039,0.1,0.0,0.0,0.0,0.8,187.36608426336883
2376,train,2,0,0,-57.568952281394445,-353.5125066938954,0.1,0.0,0.0,0.0,2.0,85.98592481064908
2377,train,0,2,0,345.1440770600455,1302.5747757678323,0.0,0.0,-0.0,0.0,0.0,-0.0
2377,train,1,2,0,138.6279392580168,1504.138890320417,0.0,0.0,0.0,0.0,0.0,0.0
2378,train,0,1,1,-86.64832450788288,704.4076390677737,-0.0,0.0,-0.0,0.0,0.0,-0.0
2378,train,2,0,0,273.1504941755878,-777.1019083534025,0.0,-0.0,0.0,0.0,-0.0,0.0
2379,test,2,0,1,-196.45564379916573,450.51772606690065,0.0,-170.6045080976549,0.0,0.0,0.0,0.0
2379,test,2,1,1,-336.5881137268567,-465.2447460703579,-0.5,-55.377225106103516,-0.0,0.0,-0.0,0.0
2380,train,2,0,1,-410.1697491754336,-2094.81824969667,-1.0666666666666667,14.417935079336772,-213.8302270577533,-0.06666666666666667,-2.6,-0.0
2380,train,2,1,1,-677.1672273361165,-1647.8624275626462,-0.26666666666666666,-446.09932782106654,-503.8525668719441,0.0,-1.0,-0.0
2381,train,0,2,0,-60.780806402569056,-963.8593081645417,-0.0,0.0,972.3455579402986,0.0,-0.0,0.0
2381,train,1,2,0,111.13771766360856,52.807004955850516,-0.0,0.0,404.87853957438244,0.0,-0.0,0.0
2382,train,1,0,0,204.76253281456638,1049.0889576178306,0.0,-0.0,0.0,0.0,0.0,0.0
2382,train,0,2,1,-154.22746339812153,-441.0648979168718,-0.0,0.0,0.0,0.0,0.0,-0.0
2383,validation,1,0,1,-690.648400519125,-1034.9569272425233,-0.0,0.0,0.0,0.0,-0.0,0.0
2383,validation,2,1,0,-263.53528589784116,-2145.849373468839,-0.0,-0.0,0.0,-0.0,0.0,0.0
2384,test,0,2,0,-92.65068066664719,710.4331644359586,0.0,358.8024224968686,0.0,0.6666666666666666,0.5,0.0
2384,test,1,2,0,-108.7395697510384,-10.665018190447427,0.0,174.0526729448058,0.0,0.0,0.16666666666666666,0.0
2385,train,1,0,1,213.29187278692459,266.5840501396824,0.2,-0.0,36.8702650339167,-0.4,0.0,-12.73729754016582
2385,train,2,1,0,63.80354324899406,-335.45028206703546,0.0,0.0,129.26060139959452,-0.4,-0.0,12.385731244814517
2386,train,0,1,0,-253.42713767738246,241.06340567728103,0.0,15.870705645970384,117.34164350509573,0.0,0.8,0.0
2386,train,1,2,1,101.430347511984,-396.1833887956627,-0.3333333333333333,-121.8870224918783,-94.5832043638012,0.0,-0.8,-0.0
2387,validation,0,2,0,-437.8626163052118,-2504.008995398003,-0.26666666666666666,-140.68661239005817,65.51742705716174,0.0,-0.26666666666666666,110.54892474292288
2387,validation,2,1,1,-112.10369152352177,983.4736458664629,0.26666666666666666,104.524821268561,-230.83270873428225,-0.0,-0.2,-115.16242345615296
2388,train,1,0,0,62.700540748919934,-1285.202734735089,-0.0,0.0,0.0,-0.0,-0.0,0.0
2388,train,2,0,0,227.19559902133892,-1227.9181174078258,-0.0,0.0,0.0,0.0,-0.0,0.0
2389,train,1,0,0,213.30822560564508,437.9263058773927,-0.0,6.65182541139518,0.0,0.6666666666666666,-0.0,0.0
2389,train,0,2,1,-18.678222989949035,0.0,0.0,-125.86028370006636,-0.0,-0.6666666666666666,0.0,-0.0
2390,train,0,1,0,-28.899746161193548,-62.567676106124964,0.0,42.92614327472164,221.8279091164579,-0.26666666666666666,0.6666666666666666,0.0
2390,train,1,2,1,-175.84422207252987,-721.5051479240788,0.0,-49.018741189646164,-21.263471218069572,-0.26666666666666666,-2.0,-62.658506093403886
2391,test,1,0,1,196.38299487073158,-567.6166099434672,0.0,-0.0,159.33403801481933,-0.0,0.0,-122.57972150362231
2391,test,1,2,1,89.27879605421742,-434.0791830316339,0.0,-0.0,213.5617093798424,0.0,0.0,-74.48183304176337
2392,train,1,0,0,57.23181212385282,327.66223954305497,1.3333333333333333,-0.0,-0.0,0.0,0.0,63.56737240835959
2392,train,0,2,1,-159.3637383263266,643.9888180819403,-0.6666666666666666,0.0,0.0,0.0,0.0,29.647475581424942
2393,train,2,0,1,-42.128398412729496,-542.8807449792116,0.0,-0.0,-77.88927386171062,0.0,-0.3333333333333333,-0.0
2393,train,1,2,0,113.30985333254938,906.3485790633649,0.0,0.0,2.78231449068438,-0.0,0.3333333333333333,-0.0
2394,train,1,0,1,-321.4564600749896,-1451.1481309048859,-0.0,-0.0,-0.0,0.0,-0.0,-0.0
2394,train,2,1,0,160.0249762141396,237.50650263241369,0.0,0.0,-0.0,-0.0,-0.0,0.0
2395,test,0,2,0,92.78402697456272,85.32766554774935,0.0,-0.0,0.0,0.0,0.0,-0.0
2395,test,2,1,1,-241.39755653532347,-780.5443635249321,-0.0,-0.0,-0.0,0.0,-0.0,0.0
2396,train,0,2,0,-139.78140355481753,1702.5633113378017,1.0666666666666667,-311.95287534121235,-67.4192612847909,0.0,0.6000000000000001,0.0
2396,train,2,1,1,-324.4581203666669,-771.1570901736204,-0.8,445.96862071695045,47.259179709012336,-0.6666666666666666,-0.4,-0.0
2397,train,0,1,1,-114.30726215229834,404.677757114036,0.0,-0.0,-180.42259348121956,0.0,-0.3333333333333333,0.0
2397,train,2,0,0,-6.968037244301172,-99.53520832742743,0.0,0.0,-30.420027565056365,0.0,0.0,0.0
2398,validation,1,0,1,94.04190487601244,915.1137843095162,0.0,0.0,-0.0,-1.0,0.0,0.0
2398,validation,2,1,0,16.79903337363737,-55.85886477914937,-0.0,-0.0,-0.0,1.0,0.0,0.0
2399,train,0,1,0,395.45766961951733,1612.6674046892222,0.0,-62.18248291043733,0.0,0.0,0.0,-0.0
2399,train,2,1,0,236.44094454208482,809.4585157634078,0.0,1625.5544479110135,-0.0,0.0,0.0,0.0
2400,train,1,0,1,178.23205884226604,159.03988628626757,-0.23809523809523808,-24.22482608347796,-319.01894513513616,-0.047619047619047616,0.09523809523809523,-16.046274081525844
2400,train,1,2,1,94.58600551315055,596.517546534501,-0.47619047619047616,-309.02362626165717,-108.64534833938697,-0.09523809523809523,0.19047619047619047,-45.63460415347483
2401,train,0,1,1,-536.7500998465975,-450.8633806174307,0.0,-290.0073524559306,0.0,-0.6,0.1,-167.22539743320104
2401,train,2,0,0,476.8246784416939,1500.4217387801714,0.0,112.25843463210055,-0.0,0.3,0.30000000000000004,-23.458965756636907
2402,test,0,1,0,135.62897211266932,940.7388174823818,0.0,12.429737081466913,56.559726232569716,0.09523809523809523,0.9523809523809523,6.063614928886068
2402,test,2,1,0,12.58346981792738,-511.10050740243696,0.23809523809523808,-31.56846620456245,117.43128429966647,0.09523809523809523,0.38095238095238093,12.963448111381103
2403,train,0,2,0,357.12254176675566,1087.8742703313856,1.6,-39.66076326588831,-0.0,0.0,-0.0,68.05587282816155
2403,train,1,2,0,910.1143702895506,2542.6249641070017,0.8,-168.03477404184136,-0.0,-0.1,0.0,164.71000365084555
2404,train,0,1,1,-2.285781185002861,424.8375533065773,0.0,-0.0,0.0,-1.0,0.0,-0.0
2404,train,0,2,1,-161.44090584290507,-63.63816973741723,0.0,-0.0,-0.0,-0.3333333333333333,-0.6666666666666666,0.0
2405,validation,0,2,0,-228.78009756262918,992.9416975529857,-0.4,-72.60555281625412,371.4051089371313,-0.3333333333333333,0.0,-21.202685154237596
2405,validation,1,2,0,80.31230666704141,848.1120975961167,-0.6000000000000001,108.04913847691331,80.92243031034668,0.0,0.0,33.36560704820049
2406,test,0,2,0,144.80411280895396,686.4932012836603,-0.0,933.2181731638918,0.0,-0.0,0.3333333333333333,-0.0
2406,test,2,1,1,-839.0332700938567,-2343.069852921059,0.0,-1338.1061263784272,-0.0,0.0,-1.6666666666666665,0.0
2407,train,0,1,0,508.3627898396363,1504.5365275948998,0.0,40.914751257625376,-41.34511954696454,0.14285714285714285,0.23809523809523808,21.408022816594205
2407,train,2,1,0,210.6283524223902,323.05059499127674,0.0,-9.473017896734707,-8.61776747130021,0.0,0.23809523809523808,-45.9779678871204
2408,validation,0,1,0,370.22387157903404,102.82203063037286,0.0,-0.0,-0.0,0.0,0.0,-0.0
2408,validation,2,1,0,167.35618416527996,-1436.7088219011393,0.0,-0.0,-0.0,0.0,-0.0,-0.0
2409,test,2,0,1,-59.633914486790786,-155.8564802587498,0.2,-5.793014851964562,-0.0,-0.3333333333333333,0.26666666666666666,-28.48096536827594
2409,test,2,1,1,-101.57746971665063,-499.73180670659394,0.0,-77.96010486716413,0.0,-0.6666666666666666,-0.5333333333333333,-38.65628150123011
2410,train,0,1,0,-43.82123464974654,-1078.6110129550698,-0.13333333333333333,-90.4643446525389,40.051499462891435,0.0,-0.6666666666666666,0.0
2410,train,1,2,1,0.6418399938968378,1463.2692422442442,0.06666666666666667,66.0167112776656,39.458170943170074,0.0,0.0,-0.0
2411,train,0,2,0,670.0121852500873,1460.5512078355605,0.0,0.0,-15.753480435375119,0.0,0.0,-0.0
2411,train,1,2,0,590.9452489534966,2788.4870801024235,-0.0,0.0,271.590097554208,0.0,0.0,0.0
2412,validation,0,1,1,198.0251203069564,85.75485255821104,0.16666666666666666,-0.0,-47.84012387282756,0.0,-2.0,-0.0
2412,validation,0,2,1,51.86442149588743,-91.76683457847093,0.0,-0.0,-242.35710197809618,-0.0,-0.3333333333333333,0.0
2413,train,0,1,0,-306.5940390017257,1370.37378890147,0.0,671.42867278666,-146.70470319964934,-0.16666666666666666,0.0,-0.0
2413,train,1,2,1,401.48534845918783,182.81278165853928,0.0,-549.8263878546225,395.118764327211,-0.16666666666666666,0.0,-0.0
2414,train,0,1,0,762.6212739997466,2797.353073927856,1.4285714285714284,275.76011128048646,-78.5752722168817,0.09523809523809523,0.09523809523809523,19.39981586376807
2414,train,2,1,0,-74.20985333522822,170.21804047167097,0.9523809523809523,-4.483488235577949,-209.87837030833552,0.19047619047619047,0.0,69.56439957517695
2415,test,1,0,0,38.608804052568246,-303.9131765449938,0.0,0.0,0.0,0.0,-0.0,-0.0
2415,test,0,2,1,-112.58357492639544,-233.6259026046887,0.0,-0.0,-0.0,0.0,-0.0,-0.0
2416,validation,0,1,1,21.040691670524666,557.2098190777324,0.0,0.0,0.0,0.0,-3.0,-0.0
2416,validation,0,2,1,-162.40510831605866,-376.1172681981443,-0.0,0.0,0.0,0.0,-1.0,-0.0
2417,train,1,0,0,128.46150193582804,1768.1796376090947,0.5,0.0,-0.0,-0.0,0.0,-25.993019160588318
2417,train,0,2,1,-389.9811822028518,-1629.1403846968574,-0.5,-0.0,-0.0,0.0,-0.6666666666666666,2.04114342038568
2418,train,0,1,1,-409.1613423849951,-1929.6934880050958,0.06666666666666667,-577.2945098229271,149.43288394655778,-0.0,0.2,-28.60724874376889
2418,train,0,2,1,176.43897270239836,5.714648541803399,0.06666666666666667,-613.5653926037508,-40.61774471280808,-0.0,0.6000000000000001,-72.37728266205129
2419,train,0,2,0,328.98804517034125,199.4660949395527,0.0,-0.0,0.0,0.0,0.0,-0.0
2419,train,2,1,1,-53.69472362434547,-358.0587494233239,-0.0,0.0,0.0,0.0,-0.0,-0.0
2420,validation,1,0,1,-450.1736081544086,-759.3046002721339,0.0,0.0,-0.0,0.0,0.0,0.0
2420,validation,2,1,0,-88.03945763951651,-129.5127398097993,0.0,-0.0,0.0,0.0,6.0,-0.0
2421,train,1,0,0,86.36126551681423,-306.7547364598522,0.5333333333333333,0.0,214.69072794194688,0.13333333333333333,0.4,-5.417128684677948
2421,train,2,0,0,-258.91344227739796,-235.7990292569093,0.0,0.0,127.62077712543717,0.0,0.0,-9.615197325166237
2422,train,2,0,1,174.772534999774,416.5899647239007,-0.23809523809523808,-235.07703432017036,-69.85986020147594,-0.047619047619047616,0.5714285714285714,-13.657649773369268
2422,train,1,2,0,-134.431265144054,-404.93959352342904,0.0,99.74315117946469,65.26993772851931,0.0,-0.14285714285714285,12.256453434790005
2423,train,1,0,0,208.08631332080193,301.31277076965534,-0.0,-0.0,14.458718111766183,0.0,0.0,0.0
2423,train,2,0,0,-2.0498004687444222,-68.33967685031848,0.0,-0.0,64.49791025085827,0.0,0.0,83.28763330340908
2424,train,0,2,0,-362.04190634245606,-594.4080131363244,0.16666666666666666,683.2701951485983,478.5899898159812,0.0,-0.0,-0.0
2424,train,2,1,1,884.3167471878515,917.7512871381168,-0.5,-740.1848409445239,-82.71082341359211,0.0,0.0,-0.0
2425,train,0,2,0,885.8118861141488,519.3754409215835,0.19047619047619047,15.05455136546085,56.04287313156706,0.047619047619047616,1.1428571428571428,2.7986365769181822
2425,train,2,1,1,63.2116017961485,55.10938602270835,-0.19047619047619047,-98.31948836563215,26.278286106878898,0.0,-0.8571428571428571,-8.641108583115745
2426,train,0,2,0,63.069665424678305,-279.3124671504647,0.0,-0.0,-10.592747640668637,0.0,0.0,-0.0
2426,train,1,2,0,-42.876622803195374,-92.76003549854045,0.0,-0.0,194.64902394978427,0.0,-0.6666666666666666,-0.0
2427,validation,0,2,0,-126.5694693614056,496.0767362783604,-0.13333333333333333,16.386511446447138,0.0,0.26666666666666666,0.4,105.69907069883904
2427,validation,2,1,1,73.37850007520876,461.4165744696652,-0.13333333333333333,-20.932610975347703,-0.0,-0.26666666666666666,-0.2,-136.71493579165622
2428,test,0,1,0,119.00547349253691,-409.4178699756719,0.4,-0.0,0.0,0.0,0.2,26.150518389808617
2428,test,2,1,0,9.846435333052568,277.2712340660614,0.4,-0.0,-0.0,0.3,-0.1,-1.8416917485844522
2429,train,1,0,0,325.78575800265867,128.8582235728545,0.0,116.6767110513349,94.71806597976396,0.0,-0.0,0.0
2429,train,0,2,1,-70.52603860278515,-384.6619697824749,0.0,-165.4845545863701,-269.5761570568888,-0.16666666666666666,0.0,0.0
2430,train,0,2,0,-18.12263970147751,89.4278430784052,-0.0,-202.82660054757116,0.0,0.0,0.0,-34.37815238002582
2430,train,1,2,0,-233.25545840909416,981.409938643993,0.0,-344.2324494518096,0.0,0.0,0.0,158.5868532827609
2431,validation,0,2,0,-90.09753142782085,992.3552354565518,-0.19047619047619047,-193.93677748428743,168.0376906580774,0.14285714285714285,-0.047619047619047616,3.85322861866303
2431,validation,2,1,1,-873.808721729208,-2134.490577171103,0.19047619047619047,-31.01922428145131,66.03033998338783,-0.14285714285714285,0.14285714285714285,-1.1109092429134513
2432,train,1,0,1,186.98010435451238,-217.10309627934112,-0.0,0.0,2.657714696921876,-1.0,-0.6666666666666666,-0.0
2432,train,1,2,1,595.7931028670164,2381.0873374388166,-0.0,0.0,-76.51208565905338,-0.5,0.6666666666666666,-0.0
2433,train,0,2,0,57.445294297567216,748.2086051161973,0.6666666666666666,-0.0,616.9641533239214,0.0,0.0,0.0
2433,train,2,1,1,-37.50264376457369,-257.08034371383656,-0.6666666666666666,-0.0,-159.56844238184706,0.0,-0.0,0.0
2434,train,1,0,0,444.9341714331591,-1158.1559914700483,-0.1,0.0,-61.35075168363247,0.0,2.4000000000000004,297.60998090207335
2434,train,2,0,0,1350.3316163219133,3353.2925954825932,0.0,0.0,600.5916853643839,0.0,4.0,375.4582231006927
2435,train,1,0,0,115.9537399908213,568.3210264489744,0.06666666666666667,9.496882934780478,109.05216788797641,0.0,0.4,-18.70181978096062
2435,train,0,2,1,-68.64139698526316,-513.6738202649876,-0.06666666666666667,10.049871463501555,-115.60973567038123,0.0,-0.8,14.007718387143683
2436,train,1,0,0,182.88265963418445,604.0554689607616,0.0,-0.0,-74.22818110215579,0.0,0.0,-0.0
2436,train,0,2,1,24.97478825879034,-470.85302017041477,0.0,0.0,106.90009380165625,0.0,-1.2,0.0
2437,validation,0,1,1,45.84644022537282,169.81326436032396,-0.13333333333333333,-217.35177048067678,-137.4708038162033,0.0,-0.3333333333333333,0.0
2437,validation,0,2,1,-189.64887284458894,-903.040810406299,-0.13333333333333333,-18.05566553476868,-36.4924301568555,-0.8,0.3333333333333333,-0.0
2438,train,0,1,0,-37.800478338374774,1831.9433754949378,0.1,3.2422812189696746,-0.0,0.3,0.0,252.63675026869637
2438,train,2,1,0,138.44962602270948,2313.190593731205,0.6000000000000001,364.77643040758375,-0.0,0.3,0.0,98.73016360815562
2439,train,0,2,0,84.589277627961,2007.837777133931,-0.0,-0.0,-0.0,0.0,-0.0,0.0
2439,train,2,1,1,-263.40381200886304,-1451.3769736190252,-0.0,0.0,-0.0,-0.0,0.0,-0.0
2440,train,1,0,0,425.59534051887255,865.6705223313688,0.38095238095238093,221.45459858118426,16.756510182782108,0.0,0.23809523809523808,-12.460364659785302
2440,train,0,2,1,-273.01264634057935,-360.4020119104375,0.0,6.451674001899684,24.89329547824322,0.0,-0.7142857142857142,-14.628962124146113
2441,test,0,1,0,-23.047541312050043,-94.42843923925193,0.2,-0.0,62.763471826348656,0.0,1.2,32.15619547025934
2441,test,1,2,1,-51.02456421030081,320.3518499905049,0.0,0.0,43.64874544981974,0.0,-0.6,5.3190683356196535
2442,train,0,1,0,-319.05937274399,-991.8939897799883,-0.0,-0.0,-0.0,2.0,-0.0,-0.0
2442,train,2,1,0,-254.15809414946216,-49.20627686041371,0.0,-0.0,0.0,0.0,-0.0,-0.0
2443,train,0,1,1,230.750863961866,-102.67448084196212,-0.0,-96.90760842821562,0.0,0.0,0.3333333333333333,0.0
2443,train,2,0,0,-403.90578670102946,1020.5223942690918,-0.0,-311.85465923664634,0.0,0.5,-0.6666666666666666,0.0
2444,train,1,0,1,56.02215414497152,-1382.6295623488422,0.13333333333333333,-32.26073173532186,-130.89390866221345,-0.8,-0.3333333333333333,0.0
2444,train,2,1,0,492.8125548624837,2300.2660186447674,-0.26666666666666666,65.20679811743867,209.3536914162145,1.3333333333333333,0.3333333333333333,0.0
2445,train,1,0,1,-205.84804486253756,397.7741907819691,-0.6000000000000001,-58.79591644110581,48.6502041119315,0.0,-2.0,0.0
2445,train,1,2,1,-7.475510431169596,-248.47254877248724,-0.2,-14.84254679178939,30.7611875866715,-0.26666666666666666,-2.6666666666666665,0.0
2446,train,0,1,0,-178.98808384795245,-501.8998262327177,-0.3333333333333333,113.59029498509307,-0.0,-0.2,0.13333333333333333,130.22856710697616
2446,train,1,2,1,31.659986106883025,651.6212781794075,0.0,-346.1862009567315,-0.0,0.06666666666666667,0.4,-13.565992662529334
2447,train,1,0,0,-143.55445293584694,138.4445324835233,0.0,121.74464426047501,66.46993834253642,0.0,0.0,31.0770290612726
2447,train,0,2,1,405.4295624420232,764.4328844321062,-0.0,-156.3073106458486,-268.641404082568,0.26666666666666666,0.2,-27.213691852851603
2448,train,1,0,0,-154.93229657335024,-904.311683951632,0.0,-0.0,-0.0,0.0,-0.0,0.0
2448,train,0,2,1,-77.90845554201923,-64.3743915401592,0.0,-0.0,0.0,-0.0,0.0,-0.0
2449,train,0,2,0,-117.79823829066959,-351.69143179312914,0.0,0.0,-0.0,-0.0,0.0,-0.0
2449,train,1,2,0,-119.90807218963221,-351.69143179312914,0.0,-0.0,0.0,0.0,-0.0,-0.0
2450,validation,1,0,0,412.3288898800747,3123.8472744167993,0.0,531.2466915126026,0.0,0.16666666666666666,-1.0,0.0
2450,validation,0,2,1,481.92341124633253,-3452.1799268969735,-0.0,-1276.2368630137826,-0.0,-0.3333333333333333,-2.0,0.0
2451,train,2,0,1,153.67208970146942,1263.1033225929718,0.0,48.59021441848927,0.0,0.0,0.0,17.642741352013594
2451,train,1,2,0,-358.21229227491335,-1491.9448903028556,0.8,-44.816507721237535,-0.0,0.6,0.0,18.767026409594376
2452,train,0,1,0,58.14947963444831,-484.7745775919475,0.0,0.0,-0.0,-0.0,-0.0,0.0
2452,train,2,1,0,659.8424501873943,1145.5959153980211,0.0,0.0,-0.0,-0.0,-0.0,0.0
2453,train,0,2,0,136.88899672195942,998.5319320227154,0.0,0.0,0.0,-0.0,-0.0,0.0
2453,train,2,1,1,-244.30565712618636,31.65739584435596,0.0,0.0,0.0,-0.0,0.0,-0.0
2454,test,0,2,0,-54.122642473890835,565.1190271008245,0.30000000000000004,-204.85011728414884,-6.327023749812657,0.6,-0.0,-0.0
2454,test,1,2,0,-4.353687696751479,-273.2589896974764,0.2,-149.78435831236308,107.61240490521635,0.0,-0.0,-0.0
2455,train,1,0,0,-172.95962521333456,1117.1446389218881,0.0,-287.5396623778401,-27.562075352374094,0.2,0.0,-0.0
2455,train,0,2,1,41.12731523239654,-991.2138311105364,0.0,-216.7261398573594,15.891969517072198,-0.4,-1.2000000000000002,0.0
2456,train,0,1,1,-114.29769507959236,-1396.2605210311417,-0.0,0.0,-0.0,-0.0,-0.0,-0.0
2456,train,2,0,0,286.44426631960414,1550.4377593075774,0.0,0.0,0.0,-0.0,0.0,0.0
2457,train,1,0,0,31.458271236690962,-308.8271041107896,-0.2,0.0,67.72175686155218,-0.1,0.0,53.65853134634668
2457,train,2,0,0,-309.2049187755428,-53.80627794650445,-0.2,-0.0,26.592789381333603,-0.1,0.0,105.99610408762868
2458,train,1,0,1,-105.64731806075821,-566.7961871428042,0.0,-69.33107254163922,-0.0,0.3,-0.0,-123.58124824506206
2458,train,2,1,0,280.9363080932705,1775.5244652001156,0.0,235.80678381332996,0.0,-0.3,0.0,231.02778649748075
2459,test,0,1,1,-41.64175547448252,89.62810607991014,-0.0,-129.01545154430798,9.079672845384092,0.0,-0.06666666666666667,-26.132673060059474
2459,test,0,2,1,-166.34850697420478,-540.8508388798818,0.0,-54.59948907090129,-62.373631069010926,-0.3333333333333333,-0.4,-24.93917056193492
2460,train,0,1,1,-8.444974544937168,-1021.3258396063402,0.0,-0.0,73.05243681916949,0.3333333333333333,0.0,-64.76138572627528
2460,train,2,0,0,210.9767898217981,864.0128832937762,0.0,0.0,-57.864239821547876,0.3333333333333333,-0.0,147.12738179642173
2461,train,0,1,1,-280.9187391367012,-83.19707830717107,-0.0,-431.8965375795731,-48.390594487234104,-0.3333333333333333,0.0,0.0
2461,train,0,2,1,47.24632817748807,573.6179171206163,-0.0,-58.76025441989589,-191.47214196161985,-0.16666666666666666,0.0,0.0
2462,train,0,1,1,-210.9505402822973,-844.4278657877658,0.23809523809523808,-318.95750944577105,-28.88406891229518,-0.19047619047619047,-0.047619047619047616,-6.527766921910321
2462,train,0,2,1,185.46533943586076,-1630.4490819997422,-0.9523809523809523,-695.0929758199392,-62.944690980511005,0.0,-0.2857142857142857,23.628686984538334
2463,train,1,0,0,357.2081211327044,1549.8625740311259,-0.1,0.0,104.4809566781325,0.0,0.3,20.95426233683433
2463,train,2,0,0,187.94946897928946,982.9448130858827,-0.1,0.0,123.31364940694708,0.0,1.2,30.10340376375806
2464,test,1,0,0,-92.42834494692033,859.1899707199727,-0.2,0.0,-93.81977575553887,0.06666666666666667,1.0,19.153933295391226
2464,test,2,0,0,-239.17609279095814,-49.58864380457999,0.2,0.0,-76.75150993284363,0.0,1.0,89.11279056197735
2465,train,2,0,1,-77.05275370557342,-347.44109846157926,0.09523809523809523,-5.142655512562019,36.3215902407524,-0.23809523809523808,-0.09523809523809523,-24.862225624101985
2465,train,2,1,1,-103.84419168364354,-307.010593239268,0.0,-205.1485258587831,-118.48919608587242,0.0,0.0,7.725868434786042
2466,train,0,1,1,-212.91013211899576,-1130.2820214421695,-0.6666666666666666,-324.70712859568744,0.0,0.0,0.0,-0.0
2466,train,2,0,0,312.9261071604802,802.9790491594104,0.3333333333333333,919.6346274376974,0.0,0.0,-0.0,0.0
2467,train,1,0,1,-177.57130423062085,-1299.5257270658904,-0.0,0.0,-0.0,-1.0,0.0,0.0
2467,train,1,2,1,-35.205637448099765,-916.4708875024144,-0.0,0.0,-0.0,0.0,0.0,0.0
2468,train,1,0,1,415.7409781688941,31.842465601527692,0.0,-0.0,0.0,-0.2,0.2,-113.74974245470617
2468,train,2,1,0,-405.6268225344984,-1284.1561438410017,-0.6,0.0,-0.0,0.4,-0.1,71.94330362348181
2469,train,2,0,1,-258.3788053968336,-949.6085782989535,-0.0,0.0,-0.0,-2.0,-0.0,-0.0
2469,train,2,1,1,41.05966074271407,107.38659981897172,-0.0,0.0,-0.0,-2.0,-0.0,-0.0
2470,train,2,0,1,-19.10463626819319,-2058.7041877128386,0.0,0.0,-387.7526677200674,0.0,-0.0,0.0
2470,train,2,1,1,-709.9595067541455,-1478.29382642359,0.0,0.0,-1353.7372425362726,0.0,-0.0,-0.0
2471,test,2,0,1,-1152.0791274026583,-3251.8433926995913,0.09523809523809523,190.54733596519222,-452.04632890290696,-0.23809523809523808,-1.0,-7.939514581876156
2471,test,2,1,1,-48.46624821903333,-41.671144631264724,0.09523809523809523,122.66801103300426,7.977989757102526,-0.09523809523809523,0.14285714285714285,-8.20250015544159
2472,train,1,0,0,-60.507726200161414,876.5224792344898,2.2857142857142856,79.4344912263623,53.48724831750766,0.0,0.23809523809523808,86.09950863464705
2472,train,2,0,0,-401.05907943173077,612.9401267436551,1.4285714285714284,-59.34454538475888,76.39703702223997,0.0,0.0,49.22959271316872
2473,train,0,2,0,564.0325653176977,1068.733293870635,0.0,-97.57181077678365,0.0,3.0,-0.0,115.2607725601186
2473,train,1,2,0,224.66681763382462,467.5294920102433,-0.0,26.724392284324114,0.0,0.5,0.0,-20.836492626442677
2474,validation,0,1,0,61.90193281694087,323.6794770383076,0.5714285714285714,294.5001327185713,-69.94802817490948,0.0,-0.047619047619047616,26.231251102747112
2474,validation,1,2,1,264.2173560301318,1016.1842094202107,-0.19047619047619047,-78.92205572131508,-78.80146234306335,-0.14285714285714285,0.2857142857142857,8.5747401118743
2475,test,1,0,0,-192.5500817897164,171.70483762771164,0.3333333333333333,631.7657121984041,-0.0,0.0,0.0,-0.0
2475,test,2,0,0,-162.27338066475681,-480.2203596193758,0.3333333333333333,-276.9215994352183,-0.0,0.0,0.0,0.0
2476,train,0,2,0,341.413833160146,667.520408119578,0.8,79.91860544087358,0.0,0.0,0.0,24.445688210558796
2476,train,2,1,1,-345.32120984320323,93.47909121480461,0.0,208.50885466633525,0.0,-0.0,-0.6000000000000001,-32.52218062269185
2477,train,0,1,0,-149.6547711603729,599.9570213777524,0.0,373.55497824397884,-0.0,0.0,0.6,-5.2705351021732145
2477,train,1,2,1,52.76972764768925,-204.68447085716207,-0.0,332.3696263981122,0.0,-0.1,-0.3,-70.46189105232452
2478,validation,0,2,0,-160.45870487405762,-185.6350433756288,0.0,136.5123779498974,0.0,0.6000000000000001,-1.2000000000000002,13.543899470557363
2478,validation,2,1,1,-205.30512390004537,-607.10895772097,-0.0,-85.64340627758243,0.0,-0.4,-1.2000000000000002,-99.89732507650287
2479,train,0,2,0,-91.65288795945531,163.8802420395641,0.0,-0.0,0.0,0.0,-0.0,78.38745846286986
2479,train,2,1,1,-208.7118747009887,186.73387018552512,0.0,0.0,-0.0,-0.0,0.0,-55.87693781623577
2480,validation,1,0,1,146.24864015855098,-2293.2238548836312,-0.6000000000000001,0.0,0.0,0.2,-1.7999999999999998,-92.46521183273967
2480,validation,2,1,0,17.898562074569895,1778.354016778776,0.8,-0.0,0.0,-0.1,1.2,169.92238800183722
2481,train,1,0,0,-22.4280509734657,136.45238178839372,0.0,0.0,-0.0,0.0,0.0,-0.0
2481,train,2,0,0,413.69772563701804,-261.05382648290015,0.0,-0.0,-0.0,0.0,0.0,-0.0
2482,train,0,2,0,21.157282310928622,-313.9058882214331,-0.0,0.0,-0.0,0.0,0.0,-0.0
2482,train,2,1,1,-27.712769251001987,-102.52094195311656,0.0,0.0,0.0,0.0,-0.0,0.0
2483,test,1,0,0,-31.301355478637163,902.980019756405,0.0,0.0,-0.0,-0.0,0.0,0.0
2483,test,2,0,0,223.8965670322129,840.4435668906258,0.0,-0.0,-0.0,-0.0,0.0,-0.0
2484,test,0,1,0,111.16320431221567,498.1169417998826,0.0,477.36436231223433,0.0,0.0,0.0,0.0
2484,test,1,2,1,-113.397736873969,-562.9325971443054,-1.0,-104.28128588922749,0.0,-0.3333333333333333,0.0,-0.0
2485,train,1,0,1,-486.47595953430107,393.7437128337624,-0.0,-35.41636124285333,0.0,-0.0,0.0,-0.0
2485,train,1,2,1,-212.31473406731254,-784.552744073726,-0.0,-1022.6364299049014,-0.0,-0.0,-0.0,0.0
2486,validation,0,1,1,-123.33416655204275,-1521.6532665737595,-0.06666666666666667,-0.0,71.9224623637662,-0.3333333333333333,-0.4,-40.95060019781527
2486,validation,0,2,1,-239.0771479714636,-824.6907009002466,0.0,0.0,123.44534479212949,-0.3333333333333333,0.26666666666666666,-119.03774144874572
2487,train,1,0,0,441.6940683656625,2617.8715541399433,-0.0,0.0,-0.0,1.3333333333333333,0.0,376.6555214228061
2487,train,2,0,0,27.882792064294335,482.37023069042334,-0.0,0.0,-0.0,0.0,0.0,443.4381785559573
2488,train,0,1,1,-22.72738272637241,296.6818810364066,-0.0,0.0,-0.0,0.0,-0.0,-0.0
2488,train,2,0,0,33.689584946819764,237.24422910905378,0.0,-0.0,0.0,0.0,0.0,-0.0
2489,train,0,1,0,40.39668704111949,951.3255656181511,0.0,11.54464414339351,-0.0,-0.2,0.0,36.36305859207578
2489,train,2,1,0,-55.50345111792444,708.7034400138525,0.8999999999999999,-5.074975416753159,0.0,0.0,0.0,-77.75573638779454
2490,train,1,0,0,-8.677239751701677,440.3848347333774,0.14285714285714285,21.15826751588602,30.73984000503192,0.0,1.1428571428571428,-12.309521538941155
2490,train,2,0,0,177.34042673189003,359.56581365954617,0.0,36.41221363346501,70.75736386907953,0.2857142857142857,0.5714285714285714,-1.7684272819761573
2491,train,0,1,1,-252.2982048396969,226.3750165086949,0.0,185.23565246682824,-183.79733038752676,0.0,0.0,0.0
2491,train,2,0,0,9.323919227994338,-821.0501904845878,-0.0,-596.7662391779206,-89.77889525312287,0.0,-0.0,-0.0
2492,validation,1,0,0,9.855531081964955,-228.17829051604417,0.0,-0.0,-0.0,-0.0,0.0,0.0
2492,validation,2,0,0,63.89676857635044,280.2234188703246,0.0,-0.0,-0.0,0.0,0.0,0.0
2493,train,0,1,1,-101.21173212824607,-432.7318390775031,-0.26666666666666666,71.21183529380005,-14.771808214231726,0.0,0.0,-17.7372803961202
2493,train,2,0,0,116.87326969614963,1349.8168271463073,0.0,-193.2349887738315,75.88231117957031,0.13333333333333333,-0.0,13.03293423710741
2494,train,2,0,1,75.5688305536384,-705.7570056638615,-0.0,0.0,-27.571335753672113,0.0,-2.0,34.907044541176454
2494,train,2,1,1,-52.459330682690734,-1003.2643869854728,-0.0,-0.0,-24.89711610105384,0.0,-0.8,-7.277162764399037
2495,train,0,2,0,64.97864299053111,-128.84332929798074,0.0,115.263742204344,-0.0,0.2,0.5,4.9284493959835345
2495,train,2,1,1,-9.708259953630147,-404.4510730851125,-0.0,20.188045678430523,0.0,0.0,0.1,-137.51319225615975
2496,validation,0,2,0,322.9873629518676,-814.3774519061449,0.0,-0.0,-0.0,0.0,0.0,-0.0
2496,validation,2,1,1,-364.61732879732443,-226.55604963974565,-0.0,0.0,0.0,0.0,-0.0,0.0
2497,validation,1,0,1,-224.76017941069188,-864.893445403789,-0.6000000000000001,-596.7549078667234,-0.0,-0.26666666666666666,0.0,-9.145114517148064
2497,validation,1,2,1,-97.72198241011722,-862.5202939115643,0.0,19.32219779709635,0.0,0.0,-1.6,-17.637966377829823
2498,train,1,0,1,998.7325525175979,1625.081534040065,-0.0,0.0,0.0,-0.0,-1.0,0.0
2498,train,2,1,0,-982.6715798335522,-225.4311389129798,-0.0,-0.0,-0.0,0.0,2.0,-0.0
2499,test,0,2,0,438.10577557683064,2534.5011736566858,0.0,1583.1792551143512,258.63745244092325,0.16666666666666666,0.0,-0.0
2499,test,1,2,0,423.2424501177777,3076.764282671332,0.0,2258.864935888346,-25.471734770243984,0.3333333333333333,0.0,-0.0
2500,train,0,1,0,73.63869694111281,352.19048842847087,0.0,-0.0,-0.0,0.0,-0.0,11.226801280761816
2500,train,2,1,0,211.96074770083283,927.5929327267727,0.0,0.0,-0.0,0.3333333333333333,0.0,64.14593963929761
2501,train,2,0,1,138.47590969036912,510.545067811212,0.19047619047619047,-50.93892657300651,-25.8254593447349,0.0,0.047619047619047616,0.0
2501,train,1,2,0,-136.96079521956528,-1007.7606382292774,0.0,42.47383353154058,40.370579241656834,0.47619047619047616,0.09523809523809523,54.23823671399106
2502,validation,0,1,1,-62.472714603771294,617.5220969442184,0.06666666666666667,-148.7710652998982,-53.342749713238845,0.3333333333333333,-1.0,-0.0
2502,validation,2,0,0,115.72486508461822,-737.1079088068263,0.0,282.61145413249824,107.88436133461607,-0.3333333333333333,0.2,-0.0
2503,train,0,1,0,914.9057129329194,1868.7971010387164,-0.0,2039.6502194150416,-0.0,-0.0,-0.0,-0.0
2503,train,1,2,1,-48.707470990464,-1298.2557049119341,0.0,-920.5890548184311,-0.0,0.0,0.0,-0.0
2504,train,1,0,1,50.11971198162644,-38.73978745615841,0.0,-0.0,0.0,-1.0,-0.0,0.0
2504,train,1,2,1,24.7559694678979,-269.51905070520706,0.0,-0.0,0.0,-2.0,0.0,0.0
2505,train,1,0,0,-4.240368166122266,266.5974771737233,-0.0,-0.0,-0.0,0.0,1.3333333333333333,-48.96806885598998
2505,train,0,2,1,-156.53531769676255,-425.45906167567364,0.0,-0.0,0.0,0.0,-1.3333333333333333,-14.300363642062639
2506,train,0,2,0,23.50103005969703,-185.99721863550167,0.0,-0.0,0.0,0.0,0.0,-0.0
2506,train,2,1,1,18.29181716793198,137.49393425110338,0.0,0.0,0.0,-0.0,0.0,-0.0
2507,train,1,0,1,102.86764173321848,46.46613468402256,0.0,0.0,0.0,0.0,-0.6666666666666666,-0.0
2507,train,1,2,1,-53.61110774855484,-179.7212985616634,-0.3333333333333333,-0.0,0.0,0.0,-2.0,-0.0
2508,train,0,1,1,-135.67022780586348,-15.96259676681484,-0.0,-38.078055246638314,0.0,-0.3333333333333333,-0.6666666666666666,0.0
2508,train,0,2,1,-65.70718667265453,-404.33040075897,0.0,-67.26873285076493,-0.0,0.0,-0.5,-0.0
2509,train,1,0,1,-46.41999057579437,-1996.3039104558648,0.0,0.0,-254.4270235016916,-0.5,-0.16666666666666666,-0.0
2509,train,1,2,1,-70.67584364228946,-2219.355477514703,0.0,0.0,-282.69515710064496,-1.0,0.6666666666666666,0.0
2510,train,1,0,0,-51.380088750971936,731.292247858426,0.0,730.7419974712485,0.0,0.0,0.4,0.0
2510,train,0,2,1,357.0895776265269,-130.81758808088125,-0.2,-715.891771799425,-0.0,-0.2,-2.4000000000000004,0.0
2511,validation,0,1,1,52.80654011909621,-947.8499137494009,0.19047619047619047,-39.430192923517744,-61.88183022736034,-0.047619047619047616,1.1904761904761905,2.5063225221348184
2511,validation,0,2,1,28.05374088861197,56.85693355854255,0.38095238095238093,-113.22965244116662,-106.24056654750319,-0.14285714285714285,0.47619047619047616,0.9234623919330878
2512,train,2,0,1,-347.19963666676813,-95.58940508242995,-0.0,-0.0,-0.0,-2.0,0.0,-0.0
2512,train,1,2,0,223.2662537145918,344.7395211418384,0.0,0.0,-0.0,0.0,0.0,0.0
2513,train,0,1,1,-69.25297449819448,361.3996640705682,-0.47619047619047616,306.5645638143811,-30.630064855860905,0.0,0.14285714285714285,-58.531208760924265
2513,train,2,0,0,8.890092106564794,-148.26509814525707,0.47619047619047616,-420.37014893817604,77.83522104588087,-0.19047619047619047,-0.14285714285714285,99.5057730533293
2514,train,0,1,1,-314.16393801332606,-215.10933655114695,0.0,-0.0,0.0,0.0,-0.0,0.0
2514,train,2,0,0,221.178991220821,-93.9422790460003,-0.0,-0.0,-0.0,-0.0,0.0,0.0
2515,train,0,1,0,-85.79016031286005,-107.91104538867012,0.0,-95.25172857472535,8.462631517786788,0.13333333333333333,-0.0,10.131712009904493
2515,train,2,1,0,78.96514248217886,28.188191855221703,0.3333333333333333,-21.39820686902852,-23.524353882475406,0.06666666666666667,0.0,37.466925012915276
2516,train,0,2,0,346.0014896134812,937.9320238314322,0.0,438.5372073443549,17.18151849666664,0.06666666666666667,0.0,0.8823890495655405
2516,train,2,1,1,-379.38560219725537,-2007.4068978607056,-0.26666666666666666,-494.10200101456945,-89.8380055423184,-0.26666666666666666,-0.0,171.43873449303675
2517,train,2,0,1,-203.0916911215927,353.5368106157548,-0.0,-0.0,208.81665340537057,-1.3333333333333333,0.0,0.0
2517,train,2,1,1,-245.2327692732565,-564.7059231246394,-0.0,-0.0,53.6101958861041,-1.3333333333333333,0.0,-0.0
2518,train,1,0,0,98.55556785948659,336.7173099386464,0.0,369.31195830372536,-0.0,0.0,0.0,194.62173177237472
2518,train,2,0,0,-90.67271864943882,-109.82332899663743,-0.0,245.5492074488399,0.0,0.0,0.0,61.972586280229905
2519,test,2,0,1,-29.5095396942221,1272.5650820535534,-0.8,-465.73769806255797,37.229985020476775,0.0,-0.0,4.581739864033913
2519,test,1,2,0,506.07003571177665,-701.5963891370529,0.0,535.2354521256091,-2.343764689694611,-0.13333333333333333,0.0,-15.161585873355397
2520,train,0,1,1,-482.5651423251679,-1170.3231233299457,0.09523809523809523,-47.586450294945145,-149.1186429480675,-0.19047619047619047,-0.23809523809523808,51.59819410830741
2520,train,2,0,0,47.042133646453976,225.69357913170825,-0.14285714285714285,-62.12403363351487,-61.55102797064585,0.19047619047619047,0.23809523809523808,31.30224335458522
2521,validation,0,2,0,-132.83372816733163,-791.3131565824606,0.0,-0.0,47.20401581986762,0.2,0.0,47.19684883671147
2521,validation,2,1,1,81.30578094351984,67.76502883924968,0.0,0.0,-64.84424978034552,0.0,-0.26666666666666666,-32.025727959952775
2522,train,1,0,0,53.0031941071245,-436.4329521313766,-0.0,-0.0,-0.0,0.0,-0.0,0.0
2522,train,2,0,0,70.52310871548934,290.34069932224156,0.0,-0.0,-0.0,-0.0,0.0,0.0
2523,train,1,0,1,-38.110708764966375,335.85584245489963,0.2,44.831491052405035,-16.867471809966197,0.0,-0.0,-20.85259266023408
2523,train,2,1,0,-35.4921947251928,-432.6090039396872,-0.2,80.37517845198893,32.155320164121314,0.26666666666666666,-0.0,46.48287955029788
2524,train,0,2,0,-29.976465145878365,-817.0178653853818,0.0,217.54264474008738,-0.0,-0.0,0.0,2.631604606830598
2524,train,1,2,0,728.4918059059908,158.8765900676808,1.0,350.2894713128854,-0.0,-0.0,-0.0,-4.253654232902813
2525,train,0,1,0,113.56403105134223,251.57866107297468,0.0,-0.0,0.0,0.0,-0.0,-0.0
2525,train,1,2,1,-130.40863647277263,-1667.07717608237,-0.0,-0.0,-0.0,-3.0,-0.0,-0.0
2526,train,0,2,0,-112.67182313109333,769.0545507421702,0.0,441.50702355946146,-0.0,0.0,-0.6666666666666666,0.0
2526,train,2,1,1,40.815848886399806,-178.42755626166945,-0.0,-115.60214873804549,-0.0,0.0,1.3333333333333333,-0.0
2527,train,2,0,1,-97.30732440350016,-229.18661277654564,0.1,0.0,103.93770167855351,-0.0,0.0,-26.949462420517555
2527,train,1,2,0,-75.22708282117603,-19.86679997526926,-0.1,-0.0,199.3365905671582,0.0,0.2,-43.71158513727311
2528,train,1,0,1,997.041440021022,18.215046288373742,-0.2857142857142857,194.73746379795958,-139.4078143537168,-0.38095238095238093,0.09523809523809523,5.750626444841576
2528,train,2,1,0,-714.5524072094374,249.47488538350262,0.8571428571428571,-56.93148876338084,176.1766070367877,0.38095238095238093,0.2857142857142857,2.811981058956863
2529,train,1,0,1,196.97807636525022,-242.1221510978703,0.0,0.0,0.0,0.0,-4.0,0.0
2529,train,1,2,1,-95.1491458131245,328.61691513199,0.0,0.0,0.0,-0.0,-1.0,-0.0
2530,train,0,2,0,433.0369070225165,1154.4066301950288,0.047619047619047616,-276.6388364589487,144.50690052879395,0.0,0.19047619047619047,0.0
2530,train,1,2,0,518.8161089316349,552.8844178269665,0.047619047619047616,-23.65185633004449,110.88526951383956,0.2857142857142857,-0.5714285714285714,38.49879834181961
2531,train,0,1,1,-595.361688969349,346.6635526294076,0.0,-0.0,-0.0,0.0,-1.3333333333333333,-0.0
2531,train,0,2,1,100.06060255100067,390.11964443902707,-0.5,-0.0,-0.0,0.3333333333333333,-0.8333333333333333,-0.0
2532,train,2,0,1,-448.97041154490387,-1526.6192069693088,0.0,-0.0,0.0,0.0,-0.0,-275.84591497355115
2532,train,2,1,1,128.56517584691215,314.3313214288496,0.0,-0.0,-0.0,0.0,-0.0,-74.100899928214
2533,train,1,0,0,44.43022276184382,534.1200344063286,0.0,432.5188368534549,260.3156353969345,0.0,-0.13333333333333333,-3.6037644397851447
2533,train,2,0,0,-16.60603898682507,-331.50446979865865,-0.2,73.74608246015607,67.45906184411707,0.0,-0.2,-12.84297155268916
2534,validation,0,2,0,-24.4542540475731,89.01071717334617,0.0,138.0390252055383,23.173361607644797,-0.13333333333333333,0.13333333333333333,-0.0
2534,validation,1,2,0,97.62930140137206,318.7604551163149,0.26666666666666666,173.50837667817842,83.39683031636991,-0.13333333333333333,0.2,-0.0
2535,train,0,1,1,-148.76008121418033,866.4957047240723,0.0,0.0,-0.0,-0.0,-1.3333333333333333,81.6091535970497
2535,train,2,0,0,279.57475622801974,-563.1141742087125,-0.0,0.0,-0.0,0.0,1.3333333333333333,24.740123998201632
2536,train,1,0,1,-110.71175032473639,-350.24483242295196,0.1,-0.0,-26.432455095749813,0.0,0.0,-0.0
2536,train,1,2,1,-11.20502868592456,-351.1459218246712,0.0,-0.0,118.23069496503781,-0.6000000000000001,-0.3,0.0
2537,train,0,1,1,111.73400843108618,281.1649102035117,0.0,-6.747376949055782,-0.0,-0.3333333333333333,0.0,-150.01760693858836
2537,train,0,2,1,79.47320650313662,-197.18369209322236,-0.0,-187.7042707800239,-0.0,-0.16666666666666666,0.0,-173.06957264802028
2538,train,2,0,1,-93.28670890903675,-140.44589764264265,-0.26666666666666666,-40.45317265976009,-34.256328889646376,-0.3333333333333333,0.4,0.0
2538,train,1,2,0,50.80226652638112,1100.7262736825342,0.26666666666666666,57.10325717995144,185.52094725626296,0.6666666666666666,0.0,-0.0
2539,train,2,0,1,-418.36296670093674,-1610.3561529707476,0.0,-468.5358708875351,-218.35847760819192,-0.6000000000000001,0.0,-14.46474288141858
2539,train,1,2,0,413.4307745289912,884.2245743715466,-0.0,140.7635717171331,401.53585859295885,0.0,-0.0,-28.3932580058338
2540,validation,0,1,0,370.8049466582529,-573.2110060078439,0.8,-0.0,0.0,0.0,0.2,96.29185816898597
2540,validation,2,1,0,460.9197196108569,-928.4586962938101,0.2,0.0,0.0,-0.6,0.7000000000000001,281.004084784794
2541,train,0,2,0,115.96908503429762,406.28387974969155,0.0,0.0,0.0,0.0,0.0,0.0
2541,train,1,2,0,148.1232388206039,688.8014036465111,0.0,0.0,0.0,0.0,0.0,0.0
2542,train,0,1,1,-346.31791542870985,-1074.1122348212639,0.0,-0.0,-84.6725199372161,0.0,-0.0,-0.0
2542,train,0,2,1,-464.74426852028046,-840.5404468692186,0.0,-0.0,-112.69059949206067,0.0,-0.0,0.0
2543,test,1,0,1,-109.55513371789209,-163.83574059396142,0.0,-0.0,0.0,0.0,-0.0,-0.0
2543,test,1,2,1,-175.09693442182333,-1176.5094577851332,0.0,-0.0,0.0,0.0,0.0,-0.0
2544,train,1,0,0,-142.92796259793022,-585.8389491546523,0.047619047619047616,106.41526311995594,249.9059211268288,0.14285714285714285,-0.6666666666666666,-78.91936067889141
2544,train,0,2,1,-38.289152351038865,-1278.2309630307718,-0.19047619047619047,-192.72008196949423,-65.58335244591645,0.14285714285714285,-0.19047619047619047,-20.06556012283523
2545,test,0,2,0,-33.06946486400943,-1987.7138126860336,0.0,0.0,300.41866898966146,-0.0,-0.0,-15.418570358749207
2545,test,1,2,0,81.85880253295818,-1989.1514541752695,0.0,-0.0,285.1741929152505,-0.0,-0.0,113.97911515152546
2546,train,0,1,1,-137.8803138170311,-37.021105785359396,-0.4,-40.21258248848655,-15.811867809762877,-0.3333333333333333,-0.4,0.0
2546,train,2,0,0,131.19431876478455,-308.6716305013365,0.2,-58.99134950959528,171.6224377203506,0.0,0.13333333333333333,-0.0
2547,train,1,0,0,1228.3059866886085,2181.9611006859323,0.0,0.0,0.0,0.0,0.0,94.17735491150707
2547,train,2,0,0,395.21024510907296,3736.1868308990806,0.0,0.0,0.0,-0.6666666666666666,0.0,198.23336670280503
2548,train,1,0,0,475.6254939976826,1897.7188671544777,-0.0,0.0,0.0,0.0,0.0,0.0
2548,train,0,2,1,-459.8088293495314,-1508.5211714684242,0.0,-0.0,-0.0,-0.0,-0.0,-0.0
2549,train,0,1,0,-117.8339639210298,203.9009849136387,0.0,75.3010324012746,123.5979029261094,-0.0,-0.4,17.60459872674454
2549,train,1,2,1,-0.22425532631012857,-57.818114069965304,-0.0,-55.0940651170791,-200.5997653494627,0.0,-0.8,23.993299834218174
2550,validation,1,0,1,49.791870982171076,1141.7573291335293,-0.42857142857142855,359.43948156731454,-33.00759471536126,-0.38095238095238093,0.14285714285714285,3.808853398518688
2550,validation,2,1,0,-618.4145552533381,-2212.632158034906,0.2857142857142857,-30.144802925793815,405.4889218632237,0.9523809523809523,-0.3333333333333333,20.649351021742753
2551,validation,1,0,1,8.442741734563185,-434.9894885895583,0.0,183.51309232641233,5.9218120825739025,0.0,-0.0,72.35647584849335
2551,validation,1,2,1,-313.08621122127977,-668.1281574081477,-0.0,-402.3679728389062,-23.695143537642565,0.0,-0.0,-6.266068754264798
2552,validation,0,2,0,-360.35937528081513,-134.9205912553275,1.0,0.0,0.0,0.0,0.0,-0.0
2552,validation,1,2,0,-327.92066475382745,227.76320787771692,0.0,0.0,0.0,0.0,0.0,-0.0
2553,validation,1,0,0,-121.23583245604084,-2982.338142459331,-0.0,0.0,0.0,2.0,-0.0,-0.0
2553,validation,2,0,0,1468.7524356641673,-2073.3112000635683,0.0,-0.0,0.0,2.0,-0.0,-0.0
2554,validation,1,0,0,85.41068141076448,2442.895571806528,-0.14285714285714285,32.670007432343944,102.98169435800904,0.19047619047619047,-0.09523809523809523,-1.896094194649111
2554,validation,0,2,1,69.35503812888987,-649.5309793314664,-0.2857142857142857,27.68794196414489,-33.14632938435404,0.0,0.19047619047619047,-15.633025371219613
2555,train,2,0,1,-91.37653732866875,562.1282807570874,0.0,260.8905681860103,94.53301467987312,0.0,-1.9047619047619047,32.016729597863865
2555,train,2,1,1,-177.24890868008765,-520.734832034821,-0.047619047619047616,-355.74113647209816,61.36045894121778,0.19047619047619047,-0.47619047619047616,-44.79369137912837
2556,test,0,1,1,-58.85132166186099,-64.07211904735277,-0.3333333333333333,0.0,-0.0,0.0,0.0,60.32114584359224
2556,test,0,2,1,-459.5607245733455,-852.1958804304704,0.0,-0.0,-0.0,0.0,-0.0,-28.81399812266658
2557,test,0,1,0,-52.75417579271476,-598.0149333046545,0.09523809523809523,22.143533090236954,57.68644466720198,0.14285714285714285,0.2857142857142857,-5.051024170247761
2557,test,1,2,1,83.4004690432132,131.86054734586423,-0.09523809523809523,-41.870866301950215,-1.7579315280283732,-0.14285714285714285,-1.1428571428571428,46.78883384455632
2558,test,1,0,1,-293.71986462718405,307.07404074997976,0.0,-0.0,-0.0,0.0,0.0,0.0
2558,test,2,1,0,-421.977121655862,-1441.4673006361245,-0.0,0.0,0.0,0.0,2.0,-0.0
2559,train,1,0,0,85.8495737085658,1254.9599855121855,0.0,0.0,24.47504578785515,0.0,-0.0,0.0
2559,train,0,2,1,-56.10137480577106,-1348.1105356147636,-0.0,-0.0,-681.3017389662151,0.0,0.0,-0.0
2560,train,0,2,0,134.49525756508524,256.9765460359281,0.0,0.0,0.0,0.0,0.0,0.0
2560,train,1,2,0,320.6827148063205,1025.3976262858455,0.0,0.0,0.0,-0.0,0.0,0.0
2561,train,2,0,1,-147.80047290753544,335.2468387227327,-0.2,90.71143165496534,-16.63381022194003,0.0,0.0,-36.9910793837647
2561,train,2,1,1,72.11912759357654,941.6210205603365,0.4,-120.23938642449914,-71.1477464774799,0.0,0.0,-47.551330401641884
2562,train,1,0,0,188.47282575341399,381.8599572167941,-0.3,15.609529979582248,-7.18906245095925,0.0,0.0,-44.27914313419666
2562,train,2,0,0,267.3356140523746,2094.2328840451682,0.3,67.80554327348446,120.76569146238495,0.0,0.0,92.74667797596346
2563,train,1,0,0,17.508633964136607,645.594773539025,0.5333333333333333,274.41933485883726,61.11314560214135,-0.06666666666666667,0.0,3.2756041980078225
2563,train,0,2,1,-79.59662923070539,-753.2367465267935,0.0,-65.83459667233967,-61.13298801711949,-0.06666666666666667,-0.0,0.0
2564,test,0,1,1,-316.03614312940124,-629.1528760917954,-0.09523809523809523,-178.04433097003474,-220.89205606889414,-0.14285714285714285,-0.8571428571428571,9.623934025650815
2564,test,2,0,0,36.995794440349755,680.3892160240484,-0.09523809523809523,33.459981546154204,59.34847449331582,0.0,2.0,-19.021338508094505
2565,train,0,1,1,-743.8135407930298,-2202.2211782368113,0.4,-446.3863887149529,-204.25036711989745,-0.0,0.0,-99.74005179059341
2565,train,2,0,0,567.0038291663092,1210.5069942947712,0.8,93.09345476457746,-239.9066773957231,-0.0,0.0,53.372179771699535
2566,train,0,1,0,271.3761403814438,822.5308213172134,-0.0,0.0,0.0,-0.0,0.0,0.0
2566,train,2,1,0,-141.62686144989954,507.8410104043028,0.0,0.0,0.0,0.0,0.0,0.0
2567,train,0,1,0,-195.26931715721673,-734.3509323581566,1.0,0.0,-0.0,-0.0,0.0,-0.0
2567,train,1,2,1,-770.0426464915886,124.02854764085714,-2.0,-0.0,0.0,-0.0,0.0,0.0
2568,train,1,0,1,-334.7379470811528,-1872.3110105173282,0.0,-0.0,-0.0,-0.0,-5.0,-0.0
2568,train,1,2,1,-49.71369761082599,-804.5386349141254,-0.0,0.0,0.0,-0.0,-2.0,-0.0
2569,train,1,0,0,53.931779060361976,87.09437888062484,-0.0,-48.76653620353859,-147.78671555724947,0.6666666666666666,0.26666666666666666,14.930226899860054
2569,train,0,2,1,-165.98890354808577,191.49851068555654,0.0,-4.922237432202685,114.7164202142339,0.0,-0.8,-1.7670997274951712
2570,train,1,0,1,257.04159480738304,1048.025308145675,0.0,112.0917434880729,128.4221288365593,0.0,0.0,-232.8501318321417
2570,train,2,1,0,-611.6371360066476,-374.40729182470386,1.5,23.287246259487166,-132.9653818180846,-0.0,0.0,139.72485349533906
2571,train,0,1,0,506.75691705591464,408.3306898074334,-0.0,0.0,-0.0,0.0,0.0,-61.334491829244016
2571,train,2,1,0,156.91429977824305,-580.4551041066334,-0.0,-0.0,0.0,0.0,0.0,139.71264467700905
2572,train,0,2,0,302.8647410686548,1386.6685118787846,0.0,0.0,1085.7534550058758,0.0,0.0,-0.0
2572,train,1,2,0,115.59031527796901,1034.1072984529465,0.0,0.0,587.7180521190658,0.0,0.0,-0.0
2573,train,1,0,1,17.726403436036662,-628.498134451178,0.0,-0.0,-235.83436437634867,0.0,1.6666666666666665,-11.886801748655882
2573,train,2,1,0,182.55562577256137,146.93347796239232,0.0,0.0,53.60074496058814,0.0,-1.0,10.36740380535041
2574,train,2,0,1,-97.38231373137609,-740.625741481836,-0.0,-0.0,0.0,-0.0,0.0,-0.0
2574,train,2,1,1,-303.0142869195715,-1346.42781475419,-0.0,-0.0,-0.0,-0.0,-0.0,-0.0
2575,train,0,2,0,0.829693799360598,-820.321360096952,0.0,0.0,-0.0,0.0,0.0,-0.0
2575,train,2,1,1,-130.0562092303211,474.3272837840095,-0.0,-0.0,0.0,-0.0,0.0,-0.0
2576,train,1,0,1,-42.41563934308499,278.9233005436181,0.0,-152.76536936823163,-21.972573022581976,0.0,-0.13333333333333333,2.4036501276826394
2576,train,1,2,1,-64.30139408102946,-514.971659189634,0.0,-169.92493392521908,-74.68893407757162,0.0,-0.13333333333333333,-37.21672674496189
2577,test,0,1,1,-202.65819733335394,-10.788697627855072,0.2,71.178293049936,-24.110347397486578,0.26666666666666666,-1.6666666666666665,0.0
2577,test,2,0,0,50.50111927591456,914.6628284055296,-0.13333333333333333,111.12321161636577,148.838984454292,-0.5333333333333333,2.333333333333333,0.0
2578,train,0,2,0,-69.4770789291112,-705.305560973115,0.13333333333333333,-0.0,-19.176746270962067,0.0,0.06666666666666667,18.232977512732386
2578,train,1,2,0,-95.86700831167906,-279.700043049912,0.0,0.0,-10.320053241113465,0.26666666666666666,-0.06666666666666667,137.0758368804048
2579,train,2,0,1,-240.2929526609571,21.867420133752148,-0.5714285714285714,-447.1726472740168,-60.27041080542987,0.0,0.2857142857142857,90.62419910088717
2579,train,1,2,0,30.354376694023927,-683.8979162615633,0.5714285714285714,13.446408985229903,34.98708706010208,0.0,-0.14285714285714285,-16.423011696262733
2580,train,0,1,0,632.3588789407825,2087.5917236612345,-0.7142857142857142,160.3429195716741,164.7187063464111,-0.047619047619047616,0.38095238095238093,71.81519176776563
2580,train,1,2,1,-269.71712080839984,-1319.4056920408443,0.47619047619047616,-626.5769518763315,-134.70332594558002,-0.047619047619047616,0.09523809523809523,-88.9467910786366
2581,train,0,2,0,158.9404688899922,-681.3259745677487,-0.0,-0.0,-0.0,0.0,0.0,0.0
2581,train,2,1,1,-610.8828057632113,1694.6729796697236,0.0,-0.0,0.0,-0.0,0.0,-0.0
2582,train,2,0,1,-493.25064799127176,-1597.2086827834464,-0.4,-0.0,35.706455668807735,0.0,-0.2,34.46160836695106
2582,train,2,1,1,-413.46742762184135,57.22666095719251,-0.8,0.0,-73.13801608115769,0.0,-0.1,-68.9187695075528
2583,train,0,1,0,41.029109984816046,246.30744989011055,0.0,1452.9877980037686,0.0,0.0,0.0,-0.0
2583,train,2,1,0,357.2696481100021,270.39208749674435,-0.0,705.3088867995085,-0.0,0.0,0.0,-0.0
2584,train,1,0,0,-133.92898062776771,-10.134853495424977,1.3333333333333333,0.0,-272.9653527349013,0.0,0.0,0.0
2584,train,0,2,1,144.0401836952327,667.9028417261875,-1.3333333333333333,-0.0,275.11752042106565,0.0,-0.0,-0.0
2585,train,0,1,1,-48.16345802663341,-1056.5666395400735,0.0,-378.205106636087,-340.65088437372646,0.2,0.0,-15.162237747010506
2585,train,2,0,0,128.24007680406504,241.47918334540327,-0.0,-86.15616302371937,192.5665148486765,-0.2,-0.0,27.325067953366524
2586,train,1,0,0,496.502633347304,855.106164145569,-0.5714285714285714,819.3025334134737,65.18014519532517,0.19047619047619047,-1.7142857142857142,-68.08575753132703
2586,train,2,0,0,64.69836159142665,-552.330149424025,-0.7142857142857142,605.5745126721179,39.03497179983193,0.38095238095238093,-1.4285714285714284,-10.76563209902837
2587,train,0,1,1,-107.27517652026364,374.72150836894707,-0.0,-0.0,0.0,0.0,0.0,-0.0
2587,train,2,0,0,64.75992751158924,15.204228440856696,0.0,0.0,-0.0,0.0,0.0,-0.0
2588,train,0,2,0,87.52072871849566,854.8694767529873,-0.4,-0.0,-1.3006492643132408,0.2,0.6666666666666666,15.279756838817715
2588,train,1,2,0,-309.2456764937704,-688.5534191609245,-0.26666666666666666,-0.0,-53.9437742878384,0.2,-0.3333333333333333,49.27853529330144
2589,train,1,0,1,-261.74263081365,434.33233816785014,0.0,311.00768471500083,-14.592271927067348,0.047619047619047616,-0.7142857142857142,-19.052384836031447
2589,train,2,1,0,117.0947839617117,93.14209283100809,0.14285714285714285,-210.91588104669216,62.90869854231498,-0.047619047619047616,0.0,-34.8886764571248
2590,test,1,0,0,-42.50107647115425,259.7886881461013,0.09523809523809523,4.574984655199127,3.058393004768028,0.14285714285714285,-0.23809523809523808,-16.464719477181607
2590,test,2,0,0,-121.72637210198002,257.511722787724,0.0,-11.976267340815735,-18.207006615959948,0.0,0.0,-20.38077811993847
2591,test,0,1,0,-604.9171921601726,2035.4187441382383,-0.13333333333333333,-123.62304209987761,558.3655964316362,0.0,0.3333333333333333,-0.0
2591,test,1,2,1,481.19820499209914,-1635.504066967469,0.0,-417.73040136653884,-797.2189367396951,0.0,0.0,0.0
2592,test,0,2,0,98.00284819953333,2.2322519384815678,-0.0,-0.0,-0.0,-0.0,-0.0,-0.0
2592,test,1,2,0,386.29931878438344,2137.49062977386,-0.0,-0.0,-0.0,-0.0,0.0,0.0
2593,train,1,0,0,-14.786589944087495,210.74775176040657,0.0,504.13437512847236,-0.0,-0.0,-0.0,-0.0
2593,train,0,2,1,-11.522437780763426,350.4024012331697,0.0,-447.2724586307513,0.0,0.0,0.0,0.0
2594,test,1,0,0,266.87632912361346,-523.5283835395585,0.0,-0.0,-0.0,0.0,0.0,-0.0
2594,test,0,2,1,38.65075757268551,427.1466277218515,-0.0,0.0,0.0,-0.0,-0.0,0.0
2595,validation,0,1,0,25.66692165547306,788.7360642636722,0.0,842.5120097257741,0.0,0.0,0.3333333333333333,0.0
2595,validation,1,2,1,-206.59311689656988,-2698.8232172668095,-0.0,95.84729709699702,-0.0,-0.0,0.3333333333333333,-194.21005736521136
2596,train,0,1,0,216.69372938675644,-33.65403511700333,-0.4,849.3115505154675,186.89781300740447,-0.4,-0.0,0.0
2596,train,1,2,1,-1038.4553584947348,-3670.368261456473,0.0,-514.6963485400933,-18.260581922491323,0.0,-0.0,-0.0
2597,train,0,1,0,-85.31225079363384,-368.620690326396,0.0,-121.18273873109327,-0.0,0.0,0.0,20.763079501704524
2597,train,2,1,0,-142.75988582098051,-627.4294410397738,0.0,-35.09108377316435,-0.0,0.0,0.0,-6.704949247819219
2598,train,0,1,0,348.5016045670297,1528.7273174993215,0.0,75.56251904506851,-0.0,0.0,3.0,26.049096868291883
2598,train,2,1,0,335.7379897303004,1463.1023738041458,0.0,81.19017485138988,-0.0,0.0,0.0,-76.87590148244868
2599,train,0,2,0,45.28305858667102,172.36353067518348,0.0,77.53707653357738,-0.0,0.8,0.6,-9.350863030078282
2599,train,1,2,0,384.92867153776535,1397.417451080349,0.0,-78.20120975525332,-0.0,0.4,0.3,-32.5973061014711
2600,train,0,1,0,67.54410818260146,1084.1121402424756,1.2,0.0,26.256795128353293,0.4,-0.0,42.50381972390832
2600,train,1,2,1,-165.86347703939987,-440.9462339576444,-0.3,-0.0,20.95261418494535,-0.2,0.0,-22.800274198279904
2601,test,0,1,1,-380.9875391361695,16.252033752093666,0.26666666666666666,-0.0,-228.39918633755906,0.0,-1.0666666666666667,-190.65960522370918
2601,test,0,2,1,-469.52391375848015,-1508.1468277990725,0.26666666666666666,-0.0,-348.5258996426153,-0.06666666666666667,-0.26666666666666666,0.0
2602,train,0,2,0,1417.2019832338965,2709.5240895067764,0.0,-364.66523385537175,0.0,-0.16666666666666666,0.5,-0.0
2602,train,2,1,1,-728.8126976164527,-3623.434253806723,0.0,-377.94967627750503,-0.0,-0.5,-2.5,0.0
2603,train,0,2,0,85.23626871446754,209.9308820906972,0.13333333333333333,138.12255561068292,319.7187785151315,0.0,0.0,163.8672576378387
2603,train,2,1,1,1.086578268754124,742.468116905909,0.13333333333333333,316.8708846533877,18.037281361178998,0.0,-0.0,-154.07923499476277
2604,train,1,0,0,441.4254736056133,-2474.742540770236,-0.0,-0.0,206.48594548644314,-0.0,-1.6666666666666665,-0.0
2604,train,2,0,0,-18.42765778819569,374.6084414050056,0.0,0.0,506.4003352213074,-0.0,-3.0,0.0
2605,test,0,1,0,-238.6099057961497,-726.9561623997611,-0.0,0.0,0.0,0.0,-0.0,170.88859098755594
2605,test,2,1,0,-274.8442333906972,-915.0701621700723,0.0,-0.0,0.0,0.0,0.0,287.4443708314668
2606,train,1,0,1,301.886296638261,-845.1547637577605,-0.7142857142857142,-27.3669161597751,61.06657748535065,-0.5714285714285714,0.2857142857142857,-53.3702003171718
2606,train,1,2,1,301.89967333807044,26.05163944290416,-0.7142857142857142,50.07814041496031,-10.708897601518444,0.0,-0.14285714285714285,-13.57890541768304
2607,train,0,2,0,126.26485266180214,-14.875814161804556,0.0,0.0,0.0,0.0,0.0,-0.0
2607,train,2,1,1,-206.61870848607816,-755.5868010237746,-0.0,0.0,0.0,-0.0,-0.0,0.0
2608,train,0,1,0,-677.233325360687,-746.3357718647499,0.0,0.0,0.0,-0.0,-0.0,195.77873040656277
2608,train,2,1,0,-901.1676310004664,-1886.3879265425107,-0.0,0.0,0.0,-0.0,0.0,337.3028793585212
2609,validation,1,0,1,-170.8119025461723,-133.7900091785059,-1.3333333333333333,-331.5466447111028,-0.0,0.16666666666666666,0.0,-0.0
2609,validation,2,1,0,264.2289393359473,135.62323580229986,0.3333333333333333,-744.3065547007906,0.0,0.3333333333333333,0.0,0.0
2610,train,0,2,0,53.19931379863556,271.64110014999824,-0.0,-0.0,-0.0,0.0,-0.0,-0.0
2610,train,1,2,0,130.35147787814685,1446.657256774969,-0.0,-0.0,-0.0,0.0,0.0,-0.0
2611,train,0,2,0,614.9778222982159,2106.5104385931754,-0.23809523809523808,-66.9094919368212,121.58584190648861,-0.19047619047619047,0.8571428571428571,105.18247830997034
2611,train,2,1,1,14.828372512982241,-629.7435510417836,0.0,25.632264029515973,-44.02422086702792,0.0,0.0,-40.839755473331024
2612,train,2,0,1,-587.0493547904407,-448.4988240084622,-0.0,0.0,-158.9505625892208,0.6666666666666666,-0.0,-0.0
2612,train,1,2,0,690.7688348709917,-1004.6983990368681,0.0,0.0,574.9251088233323,0.6666666666666666,0.0,-0.0
2613,train,0,1,0,-29.372359791829865,-106.09659712021767,0.0,-180.51124776710773,16.592474412430274,-0.1,-0.0,0.0
2613,train,2,1,0,57.07494792380868,136.6775910179049,0.4,-253.15496744241153,36.219408814086044,-0.1,-0.0,0.0
2614,test,0,1,1,-98.02171645265634,-77.91015596990383,0.0,-0.0,0.0,0.0,0.0,-0.0
2614,test,0,2,1,-61.68830577034538,251.2607107163135,0.0,-0.0,0.0,-0.0,-0.0,-0.0
2615,train,0,2,0,185.87141721095395,32.862252066983274,0.0,0.0,-33.834307664396846,0.5,-0.0,182.98301093184955
2615,train,1,2,0,-77.84494187359604,-340.7568074114183,0.0,0.0,56.80916189559741,0.0,-0.0,49.42629144877621
2616,test,1,0,0,410.6423496139024,1397.6221371193124,1.2000000000000002,49.65348282250345,0.0,0.0,0.1,0.0
2616,test,0,2,1,-103.95871513415773,-1065.74135949633,-1.2000000000000002,-142.68968176693775,-0.0,-0.4,-0.30000000000000004,-0.0
2617,test,1,0,0,358.93767703515624,459.15012639423,0.0,44.55781627847507,-21.26776028399124,0.0,0.2857142857142857,39.66738035836357
2617,test,0,2,1,-270.18701551778764,-478.0860777009657,0.19047619047619047,-42.23106809842452,-80.94875085033901,-0.09523809523809523,-0.42857142857142855,36.15693195418652
2618,train,0,1,1,21.278322405507538,-25.21206025779884,0.0,0.0,-0.0,0.0,0.0,-0.0
2618,train,2,0,0,-220.90685015431671,327.334259133218,1.0,0.0,0.0,0.0,-0.0,0.0
2619,train,1,0,1,-125.05130563078728,-1173.54527877091,-1.0,-2068.632734124682,-0.0,0.0,-0.0,-0.0
2619,train,2,1,0,-54.03890078589245,210.96406437566384,0.3333333333333333,522.219478866055,0.0,-0.0,0.0,0.0
2620,validation,0,1,0,-19.856115598089104,38.33132733393904,-0.19047619047619047,41.892412611884374,-19.901545992753498,-0.09523809523809523,0.2857142857142857,0.0
2620,validation,2,1,0,211.70926979642582,97.20355216204234,-0.19047619047619047,-90.51097480672733,98.93961366060066,0.0,-1.7142857142857142,17.158332802445816
2621,train,1,0,0,11.678212783433423,-280.5719293770853,0.0,91.41175368524321,-3.6670818866840666,0.26666666666666666,-0.0,16.70061109569627
2621,train,2,0,0,244.53469993125316,340.51681242821405,0.0,-89.06671594529821,2.6198861249393377,0.0,-0.0,59.57366356029126
2622,validation,0,1,1,-303.55686207837715,-36.79983498428737,-0.0,0.0,0.0,-0.0,0.0,0.0
2622,validation,2,0,0,39.11410646941732,-354.3883046623728,0.0,0.0,0.0,0.0,-0.0,-0.0
2623,test,0,1,1,-44.14505691162981,335.81613642673256,0.0,0.0,-34.90654287234088,-0.16666666666666666,-0.6666666666666666,0.0
2623,test,2,0,0,19.953857705023495,-502.6396479648797,0.0,0.0,-42.60308679981799,0.0,1.6666666666666665,-0.0
2624,train,1,0,0,8.574148342627154,1302.031671541783,-0.19047619047619047,511.5351080584735,35.96197996732139,-0.19047619047619047,0.47619047619047616,-50.68454439917457
2624,train,0,2,1,-388.361319271315,-1008.173038139993,0.2857142857142857,367.8277493433782,-67.03340854148291,0.5714285714285714,-0.2857142857142857,-55.96257999396193
2625,train,0,1,0,801.7776496648066,1083.4968250984016,-0.0,0.0,-0.0,0.3333333333333333,0.0,186.27303240782186
2625,train,1,2,1,-504.1992924295766,-622.54964708953,0.0,-0.0,-0.0,-0.3333333333333333,0.0,-226.80582818359977
2626,train,1,0,0,240.72568222194917,387.97066240694176,0.0,-0.0,-0.0,-0.6666666666666666,0.0,-0.0
2626,train,0,2,1,-420.6866423266093,-1169.9720768854027,-0.5,0.0,0.0,0.6666666666666666,1.5,-0.0
2627,train,0,1,1,-73.9152996109325,-991.0406680290016,0.0,-0.0,-0.0,0.0,0.0,-0.0
2627,train,0,2,1,363.03700537406587,108.30995574897497,-2.0,0.0,-0.0,-0.0,0.6666666666666666,0.0
2628,train,1,0,1,-56.05035189352634,-391.411541312405,-0.30000000000000004,132.4709955568759,-140.4351896838144,0.0,0.0,0.0
2628,train,1,2,1,-220.30765060057684,-496.2051713119545,0.2,-3.589129574434037,-25.768386370385773,-0.0,0.4,0.0
2629,train,0,2,0,-360.17227632841394,-1064.2283243858292,0.0,0.0,1019.6976868320705,0.0,-0.8333333333333333,0.0
2629,train,2,1,1,116.47457928237304,800.4778222671848,-0.0,0.0,-1.0234238645179374,0.0,0.6666666666666666,-253.56920362777512
2630,train,1,0,0,318.65208413501637,275.33750437911567,0.0,3024.157217300822,0.0,-0.0,0.0,0.0
2630,train,0,2,1,-103.43568077365273,702.3175569095656,0.0,-325.3763606919383,-0.0,0.0,0.0,0.0
2631,test,0,2,0,-149.75588184726553,1670.7810549660262,0.5333333333333333,0.0,-58.57975047191397,-0.13333333333333333,1.6666666666666665,69.75704499442732
2631,test,1,2,0,-80.97326646662555,158.23129535358385,0.26666666666666666,0.0,-116.87643540455954,-0.13333333333333333,1.6666666666666665,36.706480514555736
2632,train,1,0,0,-63.745965452167525,42.4078689085236,0.0,0.0,-0.0,-0.0,0.0,113.28410020618867
2632,train,2,0,0,12.3071366542448,-713.1517474867533,0.0,0.0,-0.0,0.0,-0.0,27.115045068993652
2633,train,2,0,1,-129.56777737590602,-449.9833336234683,-1.0,-0.0,0.0,0.0,-0.0,0.0
2633,train,1,2,0,87.37913919004836,653.3602706998272,0.3333333333333333,0.0,-0.0,0.0,0.0,-0.0
2634,train,1,0,1,252.87459604448998,231.59936709865997,0.0,-0.0,-629.9819851785962,0.0,-2.0,0.0
2634,train,2,1,0,-390.3684786879205,-2164.0486489271875,0.0,-0.0,184.34139815207158,-0.0,1.3333333333333333,-0.0
2635,validation,0,1,0,225.0878889088085,-775.450558993045,0.0,-0.0,404.4375191755886,-0.0,-0.0,-0.0
2635,validation,2,1,0,148.23647371338689,-851.0161630821713,0.0,-0.0,1184.5546014559404,-0.0,-0.0,0.0
2636,validation,1,0,1,-31.122328267101125,-367.5020140202605,-0.0,-623.8723348521787,-0.0,-0.0,0.0,-0.0
2636,validation,1,2,1,-247.186884444011,-666.1537205948944,-0.0,98.45018999380022,-0.0,-0.0,-0.0,-0.0
2637,test,0,1,0,-90.87334360340168,909.203449274326,0.23809523809523808,383.2680481326919,-13.43899484625065,-0.14285714285714285,0.38095238095238093,-1.0514165149535843
2637,test,1,2,1,42.39785959227419,-234.77836682954694,0.23809523809523808,-206.46800628079782,-2.7442153698600253,0.0,0.0,9.509696300598499
2638,validation,1,0,0,633.0290596491456,829.3997607126012,0.0,-0.0,0.0,-0.0,0.0,433.01106906086017
2638,validation,0,2,1,24.666907437431064,-402.2839761325695,-0.0,0.0,-0.0,0.0,0.0,-360.4387831784445
2639,train,1,0,1,275.0831112283918,517.9617568206636,-0.0,-254.136549508984,0.0,0.0,-0.0,0.0
2639,train,1,2,1,16.971671255543924,-329.0192331716298,-0.0,-201.3338326124865,0.0,0.0,-0.0,-0.0
2640,test,0,1,1,-70.18552496087364,-782.6827922655102,-0.0,-0.0,0.0,0.0,0.0,-0.0
2640,test,0,2,1,-84.2933143905671,-161.8887720012208,0.0,-0.0,0.0,0.0,0.0,0.0
2641,train,2,0,1,17.84003843617006,-276.70754827890823,0.0,-0.0,0.0,0.6666666666666666,-1.3333333333333333,-0.0
2641,train,2,1,1,-315.1665441607409,-481.7005470124345,0.0,-0.0,-0.0,0.0,-1.6666666666666665,0.0
2642,train,2,0,1,-56.82756434461919,309.2851930411716,-0.0,-571.3711757805099,-0.0,0.0,0.0,0.0
2642,train,1,2,0,275.6133473255363,245.64177286597078,0.0,1211.8036952101563,-0.0,-0.0,-0.0,0.0
2643,test,1,0,0,47.152089013889054,-347.98247596182046,0.0,0.0,0.0,0.8333333333333333,2.5,-0.0
2643,test,2,0,0,-345.36249335966954,-223.65866806040867,-0.3333333333333333,0.0,0.0,0.3333333333333333,2.0,0.0
2644,train,0,1,0,96.66788626997902,-75.98422984911304,0.0,-0.0,0.0,0.0,0.0,-0.0
2644,train,2,1,0,320.7450190722601,2156.7127023346848,0.0,0.0,0.0,0.0,0.0,-0.0
2645,validation,0,2,0,-349.0415912966354,1478.6262200396313,0.19047619047619047,259.1041911627777,36.25404832434472,-0.23809523809523808,0.9523809523809523,25.699443062596156
2645,validation,1,2,0,-209.39947655814683,907.9828034344373,0.2857142857142857,230.9518298079293,16.626877803252444,-0.23809523809523808,0.5714285714285714,-81.79985487288572
2646,train,1,0,0,-401.0501512923415,-2236.3091102439075,-0.0,0.0,0.0,1.0,0.0,0.0
2646,train,2,0,0,-447.5895404067753,-2467.2646318915313,-0.0,-0.0,-0.0,1.0,0.0,0.0
2647,train,1,0,0,-18.016632136542057,508.77907591644134,0.0,899.452558538678,-0.0,0.0,0.0,-0.0
2647,train,0,2,1,-240.15050577785235,311.0699542151842,0.0,-111.60280212271114,-0.0,0.0,1.0,-0.0
2648,train,0,2,0,-34.35897985647637,-1054.9932513506697,0.0,128.43650730787263,18.307766748487644,0.0,0.0,-0.0
2648,train,1,2,0,-242.17155337338477,-1755.5316674364976,0.0,-99.11962592915407,222.06650938385235,0.0,0.0,-0.0
2649,train,0,2,0,81.06675706170222,-275.89469297304913,2.0,0.0,-0.0,0.0,-0.0,0.0
2649,train,1,2,0,54.844052139626,38.9796842384867,1.0,-0.0,-0.0,0.0,0.0,0.0
2650,test,1,0,1,-81.30152727050074,924.1206726494038,0.0,0.0,-395.4777457898672,-0.2,-0.8999999999999999,0.0
2650,test,1,2,1,-752.2883473884308,-1813.2758786512513,-0.5,0.0,54.301425853521756,0.0,-1.7999999999999998,0.0
2651,test,1,0,0,116.11654310076506,1715.2888609435413,0.0,-0.0,769.0730799390476,0.0,0.0,0.0
2651,test,0,2,1,5.261493467786295,-109.14966488528808,0.0,0.0,-191.98042243538387,0.0,-0.0,0.0
2652,train,0,1,0,180.06552019587843,692.0204757065053,0.0,-85.09174269795301,65.79664110301105,0.5714285714285714,-0.047619047619047616,30.13833917713973
2652,train,2,1,0,13.862709586687629,778.5663410701541,0.0,50.36701923922971,-54.36588367735851,0.0,-0.047619047619047616,-48.24854603294371
2653,validation,0,2,0,165.32817234814092,776.8353421386219,-0.0,255.67810044131136,0.0,0.0,0.2,19.913624556047633
2653,validation,2,1,1,-270.623159207959,-1596.2811696806712,0.0,-364.94327525015035,-0.0,-0.4,-0.1,41.133774572117375
2654,train,0,1,0,71.25908653211644,-33.25391091750453,0.0,-0.0,0.0,0.0,0.0,0.0
2654,train,2,1,0,1.0678260571776264,460.6121101759727,0.0,0.0,0.0,0.0,0.0,0.0
2655,train,1,0,1,-532.3863931326732,-214.96724017332008,-0.2,3.619356560044298,-65.58619197931912,0.0,0.26666666666666666,-46.67932580665497
2655,train,2,1,0,-31.008773404260808,-543.6650062796339,0.2,-33.62772987259897,10.816953848664351,0.0,-0.13333333333333333,-153.04400426128973
2656,train,0,2,0,320.29881058086335,419.8397387073287,0.8,69.4268528448255,-65.72547441871477,0.13333333333333333,-0.6666666666666666,-0.0
2656,train,2,1,1,286.38518557769453,-1490.9345911175483,-0.8,-204.69887756008492,79.1408901613861,-0.06666666666666667,-1.3333333333333333,-0.0
2657,validation,0,1,1,63.723187195189155,-217.46849753445758,-0.2857142857142857,-123.4706899461546,-10.034887391872184,0.0,-0.42857142857142855,4.648445674281102
2657,validation,2,0,0,8.957447188729304,400.35131828326894,0.5714285714285714,80.01473640760233,26.590354788170266,0.0,0.14285714285714285,-14.456004255357957
2658,train,0,1,1,368.71764200991765,116.79296279301434,-1.2,-20.262228713555988,0.0,0.1,-1.6,-0.0
2658,train,2,0,0,-413.1525461741794,619.23474273796,0.3,-203.13511813550264,0.0,-0.1,1.2000000000000002,0.0
2659,train,0,1,0,510.845165333717,0.0,0.1,-536.493845842116,14.078341856729686,0.0,-0.0,406.6105780881399
2659,train,2,1,0,65.1501725208675,0.0,0.5,-327.3625988183281,483.88895904615333,0.0,-0.0,561.2498485398481
2660,train,0,1,0,113.16500137473406,-189.3374845307244,-0.0,-0.0,0.0,0.0,-0.0,-0.0
2660,train,2,1,0,205.57894984047675,-910.9832150637167,0.0,-0.0,0.0,0.0,-0.0,0.0
2661,test,0,1,0,-84.81376980555558,541.3388728582381,0.2,59.6066228796559,0.0,-0.06666666666666667,0.26666666666666666,36.93298706092451
2661,test,1,2,1,-18.731815327751065,-1060.2004592857243,0.2,-256.36686882399295,-0.0,0.06666666666666667,-0.5333333333333333,0.0
2662,train,0,1,0,195.42004448365805,1577.1316507680763,0.8999999999999999,0.0,45.106890495036545,0.0,0.4,-0.0
2662,train,1,2,1,-17.50026584369226,-672.8172110003147,-0.3,0.0,2.202365605631391,-0.6000000000000001,0.0,0.0
2663,validation,0,1,0,189.61627975171587,489.7179712593588,-0.0,536.5931105356315,0.0,0.0,0.0,0.0
2663,validation,2,1,0,125.43571499432346,-293.8770476102918,0.0,63.51264464529852,0.0,0.0,0.6666666666666666,0.0
2664,train,0,2,0,144.86349066075292,800.0775644958321,0.6000000000000001,0.0,26.279948293541185,0.0,0.0,11.796756948501017
2664,train,1,2,0,285.74025433993825,921.5219352945251,0.0,0.0,-3.0098464753626635,-0.06666666666666667,0.6666666666666666,57.3921994233699
2665,train,0,2,0,-124.70570884147014,1085.7476087632267,-0.0,0.0,-0.0,-0.0,0.0,75.311076059897
2665,train,2,1,1,-183.55139977384658,-1321.3143227043802,0.0,0.0,-0.0,0.0,-0.0,-574.0245368214489
2666,train,2,0,1,60.870914427303546,-966.8710784924492,0.0,-135.82963760469622,-0.0,-0.1,-0.6,-126.6649204803408
2666,train,1,2,0,197.10873223834813,235.10414082834222,0.0,145.09568079611932,0.0,0.0,0.6,66.49267601271191
2667,validation,1,0,1,-141.71552227508062,-410.48526912908164,0.9333333333333333,11.369041224611525,-432.9681578527812,0.3333333333333333,-0.0,-134.3901749795532
2667,validation,1,2,1,-397.0673351009931,1592.3582612637292,0.5333333333333333,10.726143918003556,-342.2866591865126,0.3333333333333333,-0.0,-47.72479853300813
2668,train,0,1,0,191.70226434604183,1549.0199940507046,0.0,-0.0,0.0,0.0,0.0,-0.0
2668,train,2,1,0,1096.3299058663076,942.5996550854834,0.0,-0.0,0.0,-0.0,0.0,-0.0
2669,train,0,2,0,-14.582371539105452,6.566098537120297,-0.0,-0.0,-0.0,-0.3333333333333333,0.0,77.94151855080688
2669,train,2,1,1,-54.373295084919505,220.99366942987808,0.0,0.0,0.0,0.6666666666666666,0.0,-142.51192841636646
2670,validation,0,2,0,-100.76597915167389,-472.2352151579789,-0.0,-0.0,0.0,0.0,-0.0,17.746530107191155
2670,validation,2,1,1,-288.001991922109,-476.42763809444295,0.0,0.0,-0.0,-0.0,-0.0,-135.45484449249562
2671,validation,0,1,1,-205.46723558360088,-196.88419765285198,-0.0,0.0,-0.0,0.0,-0.5,-129.08457910279932
2671,validation,2,0,0,-24.98443720991486,-240.41442221681973,-0.0,0.0,0.0,1.0,0.6666666666666666,118.88288594283026
2672,train,0,2,0,81.83978876010337,-1425.9268793628453,0.0,223.83180199282506,29.185571162456633,-0.2,-0.0,0.0
2672,train,2,1,1,-193.080997380084,-523.8853533999254,0.0,-960.1896227752089,-48.435033541926124,0.0,0.0,0.0
2673,train,0,1,0,-61.93186949054564,772.9129281567166,-0.0,0.0,-0.0,0.0,6.0,187.94286241785733
2673,train,1,2,1,-40.23330623775553,-648.91073157549,0.0,-0.0,0.0,-0.0,-2.6666666666666665,-8.885010323698333
2674,train,2,0,1,-401.61255300456764,-647.4840882236113,-0.0,-0.0,-0.0,0.0,-0.0,0.0
2674,train,1,2,0,656.3138970811201,-396.6595692403216,0.0,-0.0,0.0,-0.0,-0.0,-0.0
2675,validation,1,0,0,197.64259619811185,855.6359396920327,0.0,0.0,792.2627587461271,0.0,0.0,0.0
2675,validation,2,0,0,-102.18178317854165,534.0298048682032,0.0,0.0,34.42658693713071,0.0,0.0,0.0
2676,train,0,2,0,172.09027435685323,17.073168965516743,0.0,0.0,-0.0,-0.0,-0.0,-0.0
2676,train,2,1,1,-94.89637200948766,-577.0291027758149,-0.0,0.0,0.0,0.0,0.0,0.0
2677,train,1,0,1,-574.8669623706465,-1146.4541969941702,-0.5,0.0,-0.0,-1.5,-0.6666666666666666,-0.0
2677,train,2,1,0,637.2168219935712,617.231095544541,0.16666666666666666,-0.0,-0.0,0.5,-0.3333333333333333,-0.0
2678,train,0,1,0,-58.285261583024635,372.406944875735,-1.3333333333333333,208.41547243794054,-0.0,-0.0,0.0,0.0
2678,train,1,2,1,-183.92542878794023,-875.8501942758676,0.0,-442.18614421311764,-0.0,0.0,-0.0,-0.0
2679,train,0,1,1,-211.40296051977566,-109.02692301020579,-0.0,-0.0,-184.8473206344862,0.0,-3.0,-79.84124447807584
2679,train,2,0,0,218.96042536378445,549.1657802281234,0.0,0.0,45.02121972088412,0.0,0.0,3.2893932738403415
2680,test,0,1,0,143.19003288063226,185.07567861545022,-0.0,-0.0,-0.0,-0.0,0.0,-0.0
2680,test,2,1,0,1.7878333276677836,152.00169851506098,-0.0,-0.0,-0.0,-0.0,0.0,-0.0
2681,validation,1,0,0,-44.91684388492524,342.7775401970366,-0.2,-53.378090695486755,212.68999259335357,0.0,-0.6,0.0
2681,validation,0,2,1,-93.54491220750623,-624.6585911856846,0.1,-5.542697475831687,-132.56529856760798,0.0,0.6,-0.0
2682,train,0,2,0,223.9658197863323,905.891000079102,0.0,0.0,52.09278959683624,0.2,0.6,149.54135783470846
2682,train,1,2,0,-189.68779684912045,538.7818930690792,0.0,0.0,83.57756326094766,0.2,0.8999999999999999,67.50210422097716
2683,validation,2,0,1,-115.68935216530485,10.68287177296861,-0.0,-0.0,-0.0,-0.0,0.0,0.0
2683,validation,1,2,0,40.36105793830734,297.8294887696147,0.0,-0.0,0.0,0.0,-0.0,-0.0
2684,train,1,0,1,132.5843140086622,-723.1890988754644,0.0,0.0,-24.33826592688994,-0.5,-0.0,-140.0744829348078
2684,train,1,2,1,-34.034591621806726,-1193.756449809095,0.0,-0.0,12.75508658721975,0.0,0.0,-41.43170854471058
2685,train,1,0,1,-297.83058573499216,-950.6291979091625,0.0,-81.84249763562909,0.0,0.2,0.0,71.1382194087377
2685,train,1,2,1,147.8739053544158,165.64223470712795,0.0,-53.12413177162674,0.0,0.2,0.0,27.395955921711337
2686,validation,0,2,0,-16.770562427973687,-352.32883981830446,0.0,58.275848619827116,-0.0,0.0,-0.0,-0.0
2686,validation,1,2,0,-10.020513407668318,1241.124345784011,0.0,1130.0427612759354,-0.0,0.0,0.0,-0.0
2687,train,1,0,0,278.7571659704482,-1404.583834491611,-0.38095238095238093,388.0872935386918,-43.05938515341226,-0.19047619047619047,0.5714285714285714,53.03710213546054
2687,train,2,0,0,-2.9630455844940116,-901.2282294733541,-0.5714285714285714,222.36263179780715,-15.19215632618574,0.19047619047619047,-0.5714285714285714,84.96480036515418
2688,validation,2,0,1,282.01586073160325,157.52152680331392,0.0,-139.39470200329626,-10.747042066504253,0.0,-0.6666666666666666,-87.83724425660414
2688,validation,1,2,0,-128.62498195159674,636.2111403727308,0.0,2.603343638865772,20.9384170304739,0.26666666666666666,1.0,0.0
2689,validation,0,1,0,-95.4771390656424,-216.29203043474172,0.0,0.0,83.59346127905766,0.0,-0.0,0.0
2689,validation,2,1,0,21.591895672007013,208.44219251270943,0.0,0.0,267.5937996152349,0.0,-0.0,-0.0
2690,train,0,1,1,236.3556586832542,-61.726777549902636,-0.0,-0.0,-0.0,0.0,0.0,0.0
2690,train,0,2,1,319.6572610920817,44.174660072144434,0.0,0.0,-0.0,0.0,0.0,0.0
2691,train,2,0,1,-67.56294314593731,-16.997045105976213,-0.0,-1263.9261169623828,-222.88179309067712,0.0,0.0,0.0
2691,train,2,1,1,-167.38508705030233,-412.6804140127829,0.0,-1241.6913931621893,-170.31172143091118,0.0,-0.0,-0.0
2692,train,1,0,0,162.80337305829744,1399.496959021617,-0.06666666666666667,-128.5316597911878,50.56659071622137,-0.2,0.5333333333333333,0.0
2692,train,2,0,0,880.758340101763,1756.1440228617184,0.0,-46.41368632978668,39.943466386368755,-0.2,0.5333333333333333,0.0
2693,train,1,0,0,-179.09232243203962,-152.19821557063642,0.0,-34.96787251006731,261.0451162609955,0.0,-0.0,-0.0
2693,train,2,0,0,-215.58907509851372,-656.0750934746011,-0.16666666666666666,-394.6121844036136,27.09222772304122,0.0,-0.0,-0.0
2694,train,2,0,1,-238.868004090432,-154.20983020409858,0.4,-32.53052230781914,0.0,-0.1,0.6,0.0
2694,train,2,1,1,-105.76485510373607,499.33269428656786,-0.8,110.98876445117058,0.0,-0.1,-0.3,0.0
2695,train,0,2,0,2.311131216285787,-167.32975767687822,-0.0,-0.0,-0.0,0.0,-0.0,0.0
2695,train,1,2,0,241.64038873500607,917.3019158787288,0.0,0.0,0.0,0.0,-0.0,-0.0
2696,train,1,0,0,313.49858262432264,254.73148760623144,0.0,-71.84436157381653,297.5926170169774,-0.047619047619047616,0.0,8.92477652701567
2696,train,0,2,1,-164.57655080331875,-204.6337213221168,0.0,16.514593271390822,-6.096533138107101,0.047619047619047616,0.19047619047619047,-14.16909015680792
2697,train,2,0,1,587.5780199868215,2078.4932942725936,0.3333333333333333,0.0,-1158.447085790318,0.0,-0.0,0.0
2697,train,1,2,0,640.1730519003875,-342.1718331423417,-0.6666666666666666,0.0,951.5047975221333,0.0,0.0,-0.0
2698,train,1,0,0,-161.78231591968722,-801.6122259854301,0.8,-89.04180300448864,-0.0,-0.13333333333333333,-1.0,54.813706439672536
2698,train,2,0,0,-155.32102549446273,-217.90494413531633,0.5333333333333333,-84.34216055027488,-0.0,-0.06666666666666667,-0.3333333333333333,42.7629333586762
2699,test,2,0,1,-36.95404515025007,-979.5287511143706,0.0,73.66037785910966,-9.998377738263773,0.0,-0.0,-172.0245433351364
2699,test,2,1,1,-3.9341454768323274,-1566.3241858910624,0.0,-4.76886409603926,-151.89027656138646,0.0,-0.0,-3.1326483717821247
2700,train,0,1,1,-75.88210813898456,-145.956054060699,-0.8,-128.8733387676047,1.4225746445255425,0.2,0.0,0.0
2700,train,2,0,0,132.54638420848738,-555.5611375532171,-0.4,111.80058930298728,-10.24187923489555,0.0,-0.0,-0.0
2701,train,0,1,1,-252.12332196320006,-1527.8759006732598,-0.26666666666666666,163.02760414262062,-200.6664104317762,-0.0,-0.06666666666666667,-75.70615695098007
2701,train,0,2,1,176.86421499135076,-1351.478169158584,-0.4,-21.597976754423463,-294.8947087432868,-0.0,-0.6666666666666666,41.159591147512515
2702,train,0,2,0,122.51947349735906,1964.448448118932,2.0,-0.0,0.0,0.0,0.0,0.0
2702,train,1,2,0,928.2536440383012,4654.040858105816,5.0,-0.0,-0.0,0.0,0.0,0.0
2703,train,0,1,1,143.09951111263888,1238.169888112412,-0.0,128.40836736493966,-138.0307752716701,0.2,-1.7999999999999998,0.0
2703,train,0,2,1,27.314644823889466,-695.0765804669527,-0.0,-339.5101986304322,-691.6738611823954,-0.2,0.6,0.0
2704,train,0,1,0,-50.662971712794956,-314.3713221112557,0.3,0.0,-153.49230209166217,1.2000000000000002,-0.4,0.0
2704,train,2,1,0,247.20137583644703,-583.5746421983376,0.8999999999999999,0.0,-133.16025167420602,1.2000000000000002,-0.7000000000000001,0.0
2705,train,0,1,0,369.65329265340847,3349.758640052636,0.14285714285714285,705.1173365953182,-68.58999368918155,0.14285714285714285,-0.19047619047619047,-16.077615444034237
2705,train,2,1,0,622.5036166418386,1391.746607184783,0.7142857142857142,152.36716510452558,-112.18827500991662,0.047619047619047616,0.47619047619047616,10.54118701771407
2706,train,0,1,1,-326.89843870391434,-1479.7710062659548,-0.0,-277.31214055148723,-84.9674000871384,-0.3,-0.0,15.011526496097638
2706,train,0,2,1,-814.6782416813601,-1183.2799159165656,-0.0,-533.5418911805394,27.085207381333017,0.0,-0.0,15.011526496097638
2707,train,0,2,0,-79.57178694249575,-266.3461919697802,-0.6,-0.0,123.3600987080509,0.0,-0.2,11.133298877132791
2707,train,2,1,1,-107.94928285533308,-75.12685581346295,0.3,0.0,31.408873952927298,0.0,0.6000000000000001,-29.510234125743285
2708,train,2,0,1,229.89732973212693,-631.6171724370247,0.0,-0.0,0.0,0.0,0.0,-106.85396951076623
2708,train,1,2,0,-257.66663752017894,206.59278331119913,-0.0,0.0,-0.0,-0.3333333333333333,0.0,108.29881221908529
2709,train,0,2,0,353.71723516075406,973.8265748719282,0.0,0.0,-399.83851348173084,-0.4,0.8999999999999999,1.1195771403653283
2709,train,1,2,0,79.83775194808396,921.2975376224563,-0.0,0.0,-212.36787155387324,-0.4,2.1,9.175047840243769
2710,train,0,1,1,334.04615201475,-717.1208780354141,-0.13333333333333333,69.50033876931398,-68.79535284506225,0.0,-0.26666666666666666,-0.0
2710,train,2,0,0,-259.69356396005463,782.9460042541095,-0.13333333333333333,72.27482198495011,4.452811705400359,0.6666666666666666,0.06666666666666667,0.0
2711,train,1,0,1,-5.423994619351106,1529.3403944594138,0.0,0.0,0.0,-0.0,-0.0,0.0
2711,train,2,1,0,31.576545785387225,-469.95654807253504,0.6666666666666666,0.0,0.0,0.0,0.0,198.5558572188154
2712,train,0,1,0,40.40662008674002,-338.50331608205715,0.0,69.03171073132476,-0.0,0.0,0.4,-36.056745745001216
2712,train,1,2,1,-235.4594420221942,-957.1347608384135,-0.8999999999999999,-509.36739506525174,0.0,-0.0,-1.6,-19.66776679786384
2713,test,0,1,0,72.7327345511003,211.53419301081067,0.4,0.0,39.170999512520744,-0.06666666666666667,-0.4,0.0
2713,test,2,1,0,483.6924695190345,308.05755070854866,-0.26666666666666666,0.0,180.88282630271576,0.0,-0.8,95.92148587694695
2714,train,1,0,0,-61.4199438586914,-284.67545740553624,-0.0,0.0,-0.0,0.0,0.0,0.0
2714,train,0,2,1,-48.896765314992194,447.2140333056609,0.0,0.0,0.0,0.0,0.0,-0.0
2715,train,0,1,1,221.77208244807053,414.1653537074053,0.0,0.0,0.0,0.0,0.0,-0.0
2715,train,0,2,1,162.72671335037688,703.7362252609933,0.0,0.0,0.0,0.0,-0.0,-0.0
2716,validation,0,2,0,-52.62099486164584,274.9632503391754,0.0,-23.45774639571678,0.0,1.2000000000000002,-0.6,0.0
2716,validation,2,1,1,-320.5525652281822,-840.1944776297637,0.0,7.825052335708278,-0.0,0.0,-0.6,-122.24728886057267
2717,train,0,1,1,-60.13862719095749,143.78720598474183,0.0,62.14629027978675,78.02166282469702,0.0,-1.0,18.272171519088094
2717,train,0,2,1,-583.4797159267471,-113.34023086353454,-0.2,-2.6422775065616104,-13.96652342238273,0.0,-1.0,24.589996722883658
2718,test,0,1,1,-565.9511285800285,-2151.1711629048896,0.26666666666666666,0.0,-122.47835439336191,-0.5333333333333333,-0.2,-100.86361522754959
2718,test,0,2,1,-315.47650080770507,-338.8684804999066,0.0,0.0,483.88752313272744,0.0,-0.2,-80.18633162576994
2719,train,0,1,1,-263.24584125132895,-877.4874856136698,-0.0,-130.5206967248339,-0.0,-0.0,0.0,-0.0
2719,train,0,2,1,-153.84687228946228,-1036.9600953315844,-0.0,-592.3095213505194,0.0,-0.0,0.0,-0.0
2720,test,0,1,0,-98.74587101326722,563.2370250236245,-0.0,-0.0,52.99211003988131,0.16666666666666666,2.333333333333333,0.0
2720,test,2,1,0,167.03768686127955,-447.6413077248535,-0.0,-0.0,168.7502627101211,0.0,2.0,-0.0
2721,train,0,1,0,449.1063847652239,3503.748250503214,0.0,0.0,0.0,0.0,0.0,-0.0
2721,train,1,2,1,-764.4203749988229,-3555.7727272837064,-0.0,0.0,-0.0,-0.0,-0.0,-0.0
2722,train,0,1,0,-115.91099239915525,1909.9699942313437,-0.0,4057.3405504077527,157.8101282635597,0.0,0.0,0.0
2722,train,2,1,0,91.7901854550089,1414.8765659374276,-0.0,1336.3705413322898,391.53433821601607,0.0,0.0,-0.0
2723,train,0,1,1,300.4371772671966,255.4205108830438,0.0,-0.0,0.0,-0.0,-3.0,-0.0
2723,train,2,0,0,-138.58400543030132,-312.45714343925556,0.0,-0.0,-0.0,0.0,3.0,0.0
2724,test,0,1,0,134.43285748285354,283.60088117192345,0.06666666666666667,149.11967092219962,0.0,-0.3333333333333333,-0.4,-4.150445574210956
2724,test,2,1,0,70.26671363081982,-233.6016470798545,0.0,-33.86047796888579,-0.0,-0.6666666666666666,-0.13333333333333333,36.468764398671524
2725,train,1,0,1,4.248569264473815,-365.4328761514853,-0.0,0.0,-1292.4257606135272,-0.0,0.0,0.0
2725,train,1,2,1,-161.21064429995818,-926.8458650580064,-0.0,0.0,-781.9742468248161,0.0,0.0,0.0
2726,train,0,2,0,-64.95506869426981,-1730.9380962047635,0.3333333333333333,-0.0,-268.99525089998724,0.16666666666666666,-0.0,-0.0
2726,train,1,2,0,142.75427381742725,-1041.197048935458,1.0,-0.0,-287.06018474113966,0.3333333333333333,-0.0,-0.0
2727,train,0,2,0,-113.38204591751457,310.54392973258246,-0.0,0.0,0.0,0.0,0.0,148.31040870205408
2727,train,1,2,0,230.64855196212977,866.4260744623066,-0.0,0.0,0.0,-0.0,-0.0,147.28529951133623
2728,test,1,0,0,0.9620789645751415,-115.69016275593503,0.0,0.0,-0.0,0.0,4.0,-0.0
2728,test,2,0,0,-126.48112110306488,419.8847277082914,0.0,0.0,0.0,0.0,2.0,-0.0
2729,validation,1,0,0,87.94450576685716,-746.5672676566328,-0.047619047619047616,-67.51489522736922,-45.49981660379546,0.5714285714285714,1.1428571428571428,23.21680327477942
2729,validation,2,0,0,-16.530140183856986,-365.0050872968359,0.0,101.39256243423885,8.800596922496554,0.5714285714285714,1.4285714285714284,6.587662753701056
2730,train,0,1,1,-354.84924272714534,-908.3515541818861,0.0,0.0,-519.8896755833244,-0.0,0.0,0.0
2730,train,2,0,0,172.82233969510048,224.24876921911346,0.0,0.0,616.2223297597112,0.0,-0.0,0.0
2731,test,2,0,1,-433.61970343827136,-442.5086956996406,-0.06666666666666667,-0.0,-100.78806251934385,0.26666666666666666,-0.6000000000000001,-68.39123146906562
2731,test,1,2,0,-25.342399432925617,-497.9058024341348,0.06666666666666667,0.0,36.53556396103595,0.26666666666666666,-0.6000000000000001,84.55030210676075
2732,train,0,1,0,10.998080830544495,491.60601188661303,0.0,-0.0,-0.0,0.0,-0.0,-0.0
2732,train,2,1,0,66.11550347911691,300.56182992093954,-0.0,0.0,-0.0,-0.0,-0.0,-0.0
2733,validation,1,0,1,-108.89837445948115,142.90309754585724,0.47619047619047616,18.6075045656277,205.2420589888607,-0.5714285714285714,0.2857142857142857,-51.011029612331
2733,validation,1,2,1,-359.53253499332766,-1272.761876343894,0.23809523809523808,43.9691739359765,105.69343458336012,-1.4285714285714284,-0.47619047619047616,-65.15408030080545
2734,train,0,1,1,170.25147429351358,180.37148551516384,-1.0,0.0,-0.0,0.0,-0.0,0.0
2734,train,2,0,0,-229.0162835188695,-787.2802254272297,0.0,-0.0,-0.0,-0.0,0.0,-0.0
2735,train,1,0,0,-197.19971631212616,-1184.0541350323156,0.0,22.385392496274733,348.53606660161006,0.047619047619047616,0.9523809523809523,57.722605651628236
2735,train,0,2,1,-1033.0572905679542,-845.5980760761449,-0.8571428571428571,-109.2695653797069,-188.01573560128486,-0.047619047619047616,0.0,0.0
2736,test,0,1,1,274.89931614953844,167.37800635730673,-0.0,-0.0,-0.0,-0.0,-0.0,-354.8939630313184
2736,test,0,2,1,284.4103078929097,1037.7302797410061,-0.0,-0.0,-0.0,0.0,0.0,-332.0286966858206
2737,validation,0,1,0,90.27324767266725,1228.1134039286103,-0.0,-0.0,0.0,-0.6666666666666666,0.5,32.731579463818065
2737,validation,2,1,0,171.9401559516798,898.2099536728024,-0.0,-0.0,-0.0,0.0,-0.5,-0.6124595128289532
2738,train,0,1,1,172.40899407490053,1427.79300172584,0.0,-0.0,0.0,-2.0,-0.0,-0.0
2738,train,0,2,1,138.059700634739,-17.912265677035975,-0.0,-0.0,-0.0,-3.0,0.0,-0.0
2739,train,2,0,1,71.53757651463826,-118.86115317292479,0.0,0.0,-0.0,-1.0,-0.0,-0.0
2739,train,1,2,0,63.67675380519387,184.80015007830934,0.0,-0.0,0.0,0.0,0.0,0.0
2740,validation,0,1,1,243.00040319421078,165.7895672852992,0.0,-34.89340448803394,-539.0754057303568,0.2,0.0,39.57901179516583
2740,validation,0,2,1,355.70669542414055,1516.4491706826793,-0.13333333333333333,-550.9067156793212,33.116301878388,0.4,0.0,33.07316930731785
2741,train,0,1,1,-48.34726785616124,-924.2124614323047,0.0,-19.345167732777142,17.57050012458716,0.0,-0.7142857142857142,-10.05807180036928
2741,train,2,0,0,68.60664903821203,-200.73550155238217,-0.19047619047619047,-50.96786041221338,-29.454475246417076,0.14285714285714285,1.4285714285714284,76.29097925666343
2742,train,0,2,0,-58.67240785190893,-557.1795576672612,0.0,-151.59639239719877,270.6184702532592,0.19047619047619047,0.2857142857142857,-22.110957304598642
2742,train,2,1,1,-389.57327125775464,186.42256784321216,0.2857142857142857,143.8204811208749,-105.70159242923249,-0.38095238095238093,-0.2857142857142857,-15.530225458065637
2743,validation,0,1,0,239.79345376006574,568.643089851596,0.0,-0.0,0.0,0.0,0.0,-0.0
2743,validation,2,1,0,79.67225050818615,768.0093314760074,1.0,0.0,-0.0,0.0,0.0,-0.0
2744,train,0,2,0,93.01068351013328,-481.7508060642872,-0.0,509.96581862565205,-0.0,0.16666666666666666,-0.0,-60.16965183162311
2744,train,1,2,0,208.02604964955185,-18.40450862723992,0.0,843.30572222982,0.0,0.0,0.0,8.98166577124016
2745,train,1,0,1,-261.2719168535649,-463.49213397550466,-0.0,0.0,-727.8037826816195,0.0,0.0,-189.58064653544466
2745,train,1,2,1,-118.98925390237264,366.7782593112561,-0.0,0.0,-414.5492813852585,0.0,0.0,-185.63043492555963
2746,train,1,0,1,-111.8868559243266,-484.5065566908115,-0.3333333333333333,-0.0,-0.0,0.0,0.0,-0.0
2746,train,2,1,0,265.7231343070038,1293.8374459370734,0.3333333333333333,0.0,-0.0,0.6666666666666666,0.0,0.0
2747,train,2,0,1,-314.7011031432256,-773.7958140275059,0.0,-716.3263064535106,-0.0,0.0,0.0,0.0
2747,train,1,2,0,162.86144107847338,1021.116579749998,0.0,613.6962668276822,0.0,0.0,-0.6666666666666666,0.0
2748,train,1,0,0,-220.28981718698742,-992.6645910611751,0.0,193.04806569692497,-235.12682413954514,0.8,-0.8999999999999999,-0.0
2748,train,2,0,0,405.4634000520193,-535.95123685417,-0.0,93.28098373125805,-194.8406959607305,0.0,0.6,-0.0
2749,train,1,0,1,60.01442676640983,-426.7533795426966,-0.4,-96.19078884214296,0.0,0.0,0.3,0.0
2749,train,2,1,0,286.45417936005157,886.8670178744619,0.0,-269.78169155152386,-0.0,0.1,0.0,-0.0
2750,train,0,2,0,-143.3053926017124,-777.613063522635,0.0,0.0,-0.0,0.0,0.0,0.0
2750,train,1,2,0,25.281893970327587,-951.4976041703317,0.0,0.0,-0.0,0.0,-0.0,0.0
2751,validation,1,0,1,28.216834076844975,-1230.1429495463485,-0.06666666666666667,37.81941962404453,29.244457946088676,-0.6666666666666666,-0.0,5.255266924322128
2751,validation,2,1,0,-91.64285622977332,-372.1719950370584,-0.06666666666666667,-116.8689459260081,9.0396412738192,1.3333333333333333,-0.0,-5.255266924322128
2752,validation,1,0,1,187.04605118634743,609.4340643612709,0.0,0.0,-0.0,0.0,-0.0,-0.0
2752,validation,1,2,1,-34.74466931367482,-522.3035674160355,0.0,-0.0,0.0,-0.0,-0.0,-0.0
2753,train,1,0,1,-331.41948395788427,390.10712714774127,0.0,131.73430307389606,-0.0,0.0,0.8,73.45856530079561
2753,train,2,1,0,-83.6816141215453,-360.9700965469865,0.06666666666666667,21.60430123018032,0.0,0.3333333333333333,0.26666666666666666,-76.61468220510625
2754,validation,0,1,0,148.21220485811057,887.5044233662866,0.0,0.0,-0.0,-0.0,3.333333333333333,173.97106092596988
2754,validation,2,1,0,152.80546946198228,2029.978127844688,0.0,0.0,0.0,0.0,8.0,59.44907135922729
2755,train,2,0,1,65.14137192467291,539.8630278209735,-0.0,187.77315753817498,0.0,0.0,-0.8999999999999999,-15.345706621555838
2755,train,2,1,1,-154.3831467883594,-805.8390779391057,-0.0,47.93922282672975,-0.0,0.0,-0.3,94.39980099670052
2756,train,0,1,0,254.52025800479316,1138.5772224214593,0.0,6.553348375653741,0.0,0.0,0.0,72.77833389923082
2756,train,2,1,0,-63.40495757543539,-339.24817141712765,0.0,-176.9089150404667,-0.0,0.5,0.0,23.77273863124518
2757,train,2,0,1,-35.03400974109479,-279.6861048117885,0.0,-0.0,0.0,-0.0,0.0,-0.0
2757,train,1,2,0,123.9045059468088,565.2565638300125,0.0,0.0,-0.0,0.0,-0.0,-0.0
2758,train,1,0,1,-273.92179370206526,-1198.039039483504,0.0,-0.0,0.0,0.0,-0.0,0.0
2758,train,2,1,0,229.373506496037,-146.45565590547358,-0.0,-0.0,-0.0,-0.0,-0.0,0.0
2759,test,0,1,1,-36.499993666381044,192.7793168386479,-0.0,0.0,-0.0,-0.6666666666666666,1.0,0.0
2759,test,2,0,0,113.01700024968528,-520.0001095910238,0.0,-0.0,-0.0,0.6666666666666666,-0.6666666666666666,0.0
2760,train,1,0,0,0.3907342130628422,-934.118894803602,-0.0,-0.0,-0.0,0.0,-0.0,0.0
2760,train,2,0,0,-128.64411810366994,-844.60342672967,-0.0,-0.0,-0.0,0.0,-0.0,0.0
2761,train,0,1,0,118.66369459397515,-133.78189665986883,-0.0,-0.0,239.5275233712087,0.0,-0.0,71.12744236794751
2761,train,1,2,1,53.32208469631689,-51.685306815110835,-0.0,-0.0,308.6499167826563,0.0,0.0,-124.52879628696925
2762,test,0,1,0,177.34541257461626,-7.621928016059428,0.047619047619047616,-58.94551352330078,38.14543623175116,0.2857142857142857,-0.09523809523809523,-58.86641978919563
2762,test,2,1,0,224.8531854613218,1395.0189662992616,0.14285714285714285,-85.33645317699568,139.79014039741242,0.2857142857142857,0.7619047619047619,-0.15374587039944
2763,test,0,1,1,-206.84276709092353,3.142126850026216,0.0,-198.99594197443537,0.0,0.13333333333333333,0.8,-33.98125044856494
2763,test,2,0,0,-49.73386317121276,-214.97480676872328,-0.3333333333333333,272.3011672280829,-0.0,0.0,-0.8,25.65569018564327
2764,train,0,2,0,114.16726801270102,703.6448349891884,0.13333333333333333,-126.08016554800174,464.3218479447816,0.0,-0.6666666666666666,0.0
2764,train,2,1,1,-470.5310490678504,-454.3815804690371,0.0,275.87503331682,-410.37496601109433,0.0,0.0,0.0
2765,train,0,1,0,149.83176386340028,209.00398512417905,0.26666666666666666,-266.3994086336276,-0.0,0.6666666666666666,-0.13333333333333333,89.54742855417265
2765,train,1,2,1,-146.18899490007948,-1083.7624258250753,-0.26666666666666666,-58.601783644905936,-0.0,-0.6666666666666666,-0.13333333333333333,-19.648223775840982
2766,train,0,1,1,-223.87702589028436,-134.54135882912396,-1.0,0.0,0.0,0.0,-0.0,0.0
2766,train,2,0,0,64.4068298668409,-580.7605903460071,1.0,-0.0,-0.0,0.0,0.0,0.0
2767,test,2,0,1,-145.21260834507893,-1399.035469975126,-0.4,-184.76096733429193,18.82992816818096,-0.0,-0.6000000000000001,0.0
2767,test,1,2,0,154.48274556024262,2186.515101497005,0.4,-117.19964157607245,318.3551963297641,0.0,0.30000000000000004,-0.0
2768,train,2,0,1,-317.5739416663638,-286.38987003101556,-0.0,-182.1212823996887,0.0,0.0,0.0,-177.19313657659237
2768,train,1,2,0,169.2683269481165,217.17979914456873,-0.0,567.6043465316349,-0.0,0.0,0.0,0.0
2769,train,1,0,0,-23.872687328986927,-321.690466504044,0.0,0.0,0.0,0.0,0.0,162.7770576375061
2769,train,0,2,1,-93.24111194172895,500.1958472570136,-0.3333333333333333,-0.0,-0.0,0.0,-0.0,-70.31185704310117
2770,train,1,0,0,-167.7223038259043,1000.7062869527335,0.0,282.82032098493,-64.67909231227569,0.3,0.0,0.0
2770,train,2,0,0,-13.10797779298764,320.4923290917941,0.0,166.36821559794188,11.542135051880473,0.3,-1.2000000000000002,0.0
2771,train,2,0,1,-124.66599660751007,-442.0583609291134,-0.4,0.0,100.35483601563588,-0.3,0.0,-37.74770502020749
2771,train,2,1,1,-49.41137837319792,-381.0958269683533,-0.6000000000000001,-0.0,203.22873850390562,0.0,0.0,-32.94695172940012
2772,train,2,0,1,-112.10075628267646,-103.15948949758786,-0.0,0.0,-0.0,-0.16666666666666666,-1.0,115.21791503072241
2772,train,2,1,1,-160.20342230988047,-173.22832204034012,0.0,0.0,-0.0,0.0,-0.6666666666666666,2.281697661494661
2773,train,0,2,0,173.78892182353036,2439.0175961249306,-0.09523809523809523,80.73315680710107,208.55241203491428,0.0,0.9523809523809523,0.0
2773,train,1,2,0,-152.77103956963788,322.9462827003372,-0.09523809523809523,19.892519716776178,121.12999090926846,-0.047619047619047616,0.0,0.0
2774,train,2,0,1,277.5937236776798,768.9412340925983,0.6666666666666666,-0.0,-0.0,-0.0,-0.0,-287.15394522251984
2774,train,1,2,0,-2.270354131782142,300.17171964066165,-1.0,0.0,-0.0,0.0,0.0,380.67759332738734
2775,train,2,0,1,2.828480465244809,-820.1003481476578,0.0,-38.807407998832076,-136.96970006171375,0.0,0.0,-24.229869611918918
2775,train,1,2,0,-50.27533771351284,255.51375469153936,0.0,-29.25348186991492,80.35059225109383,0.0,0.0,6.933521866909079
2776,train,0,2,0,-259.7308878478465,-185.84716293117935,-0.0,-71.26112422071405,34.94384247764512,0.8,1.5,0.0
2776,train,2,1,1,263.2562823164693,578.2897966818509,0.0,176.24551849960304,17.410402472808133,-0.4,-0.6,-0.0
2777,test,0,1,0,-82.37086977748982,1197.5440155786728,-0.0,539.8692408791551,0.0,-0.0,0.0,-0.0
2777,test,1,2,1,741.0073811736415,79.27285897527236,0.0,-971.3175102589182,-0.0,0.0,0.0,0.0
2778,train,0,2,0,68.35031403574578,132.43375567473322,0.2,41.27533338774556,43.59735645441329,0.3333333333333333,0.0,31.526267793756332
2778,train,1,2,0,278.43875669546367,1981.2835687667384,0.0,458.5379023551316,2.1470006028767603,0.6666666666666666,0.0,-6.504812395619546
2779,validation,1,0,1,199.31723505630828,14.350390359388257,-0.3,-162.25189644050053,-139.9705740623742,0.0,-1.2000000000000002,-0.0
2779,validation,2,1,0,-29.178120289989238,-380.7064617615388,-0.3,22.13196234146508,-22.694029357276975,0.0,0.8,0.0
2780,train,1,0,1,271.4686222408276,422.34319290508483,-0.0,-0.0,-0.0,-0.16666666666666666,0.3333333333333333,-182.63982848338824
2780,train,2,1,0,312.0681661702956,212.4665053850331,0.0,-0.0,-0.0,0.0,0.0,215.47541550654805
2781,test,0,1,0,586.5518538516933,-2806.8275566830316,1.0,-0.0,-0.0,0.0,-0.0,60.31598743230729
2781,test,1,2,1,376.8230579520458,2018.2185242447786,-1.3333333333333333,0.0,0.0,0.0,0.0,-487.92557079622367
2782,validation,1,0,0,8.46290946115812,1101.6875832040027,-0.4,276.8681152908468,-0.0,0.0,0.0,68.68634841301538
2782,validation,2,0,0,794.2022557245308,2530.8555930293173,-0.4,211.73111953519148,-0.0,0.2,0.0,128.3035796498897
2783,validation,1,0,0,210.15925624185297,799.5858807472398,0.19047619047619047,-43.09478910352426,54.59605071460445,0.0,0.2857142857142857,19.299244555917767
2783,validation,2,0,0,61.92300681865413,169.3672835794166,0.38095238095238093,-28.568719318847002,39.015559114650436,0.0,0.8571428571428571,13.673385708285338
2784,test,1,0,0,323.96508520784107,-84.75480531792664,0.6666666666666666,711.6671401045094,0.0,0.0,0.0,-0.0
2784,test,0,2,1,-277.64813159666755,-251.69115040001043,0.0,-198.82395277853098,-0.0,-0.0,-0.0,-0.0
2785,test,2,0,1,21.312899289730524,23.444697969179515,0.2857142857142857,19.560632676126446,67.86193156018777,-0.2857142857142857,0.23809523809523808,-2.1522738889686566
2785,test,1,2,0,27.083216412745713,385.4606477122845,0.0,-6.260158502511141,24.852316316602398,0.14285714285714285,0.0,16.06474933069669
2786,train,0,1,0,538.273617927502,772.4027343318985,0.14285714285714285,214.95088884502582,-129.54726301435704,0.0,0.2857142857142857,48.22590293022561
2786,train,1,2,1,-56.37660319579277,-922.6528102748744,-0.19047619047619047,37.864161757301794,245.54725157099514,-0.2857142857142857,0.2857142857142857,-5.431083032734455
2787,train,0,1,1,255.4851104451584,-287.62829046528805,-0.2857142857142857,-33.57127042799671,-70.1471632908258,-0.14285714285714285,-0.19047619047619047,-2.645629158009602
2787,train,0,2,1,196.5377812031171,-469.4193823537662,0.5714285714285714,6.41988956588519,-142.5351561153747,0.0,0.19047619047619047,21.904119271103408
2788,train,1,0,0,345.2602020014546,1245.6662181633892,0.0,-0.0,72.04876434709352,0.06666666666666667,0.2,-25.79195595481851
2788,train,0,2,1,78.62605422880398,-170.0956001285199,0.0,0.0,-23.4355032245468,0.0,-1.0,-55.811514228788894
2789,test,0,1,0,-79.33451138895828,235.02767544976268,-0.3333333333333333,-0.0,0.0,0.3333333333333333,2.5,-0.0
2789,test,2,1,0,21.031702274068834,2.759641513149745,-0.16666666666666666,-0.0,-0.0,0.0,4.0,-0.0
2790,train,0,2,0,318.4469058588718,401.7698591114713,0.5333333333333333,-78.77634555351713,-0.0,0.13333333333333333,-0.2,6.651281285928454
2790,train,2,1,1,-1004.4752036117814,-1969.034174395014,-0.5333333333333333,-577.5232040897778,0.0,-0.26666666666666666,0.0,-99.5150881291744
2791,validation,1,0,1,-534.5009100951561,-590.2700341796644,-0.3333333333333333,-0.0,-0.0,0.3333333333333333,0.0,-0.6871263778509729
2791,validation,2,1,0,-28.76033278376559,241.43256974629912,0.6666666666666666,-0.0,-0.0,-0.3333333333333333,-0.0,-134.76869020647453
2792,test,1,0,0,-109.72690108944533,392.67836059810134,0.0,145.09242938573433,-22.447030156632877,0.5,0.0,-0.0
2792,test,0,2,1,-312.08516331385215,-207.06609406584812,-0.0,-77.55420303527293,88.44714899053514,-1.0,0.0,0.0
2793,train,0,1,1,-577.9527392992038,-2672.677700233804,-2.8000000000000003,-406.31476499733793,0.0,-0.2,-0.0,-344.3861823615548
2793,train,2,0,0,89.84420363718073,773.6393648324593,2.4000000000000004,238.2383128871895,-0.0,-0.4,0.0,127.97792829166572
2794,train,1,0,1,-371.9034037475882,-2291.2621281514985,-0.0,-262.27499654786624,-368.7473455916511,0.0,-0.5,-0.0
2794,train,1,2,1,30.912509404610887,-1286.864476626084,-0.0,-92.29532062306244,-114.50041814326387,-0.8999999999999999,0.30000000000000004,-0.0
2795,validation,2,0,1,-95.96904606687781,-2648.392156815966,0.0,-197.30899239329162,9.099698001171145,-0.2,0.06666666666666667,232.0446397875227
2795,validation,1,2,0,735.6628329231169,5557.019091761581,0.0,741.7405510515031,-20.105767409789465,0.6000000000000001,0.6666666666666666,-152.78096564944707
2796,train,0,1,0,491.1186747568201,721.8023512943878,0.0,0.0,0.0,0.0,0.0,0.0
2796,train,1,2,1,-87.60296012485315,-13.235460440678253,-0.0,-0.0,-0.0,0.0,-0.0,-0.0
2797,train,1,0,1,-68.58820795676814,-220.85406933935087,0.0,-38.74723093280446,5.045496867185816,0.14285714285714285,-0.09523809523809523,15.896772695542959
2797,train,2,1,0,79.76950587643637,380.9910888213533,0.0,33.70939560755357,-7.649106728401324,0.14285714285714285,-0.09523809523809523,-19.565643935203884
2798,validation,0,1,0,133.6008624158044,1181.4430258312914,-0.0,218.04764372464194,901.9574128116255,0.0,-1.3333333333333333,0.0
2798,validation,2,1,0,-162.69756387029622,-669.3439411428635,-0.0,208.93886646644034,-77.73678191598572,0.0,-1.3333333333333333,0.0
2799,train,0,2,0,252.63637064226646,102.31814890252826,-0.0,-0.0,-0.0,-0.0,-0.0,0.0
2799,train,1,2,0,56.513887763982325,-422.75928421271874,0.0,-0.0,-0.0,0.0,0.0,0.0
2800,validation,1,0,1,171.44452416456977,281.14851521349647,0.0,226.90868990991945,0.0,-0.16666666666666666,0.0,-206.72433327682964
2800,validation,1,2,1,-223.3270717472186,-1049.4469020604247,-0.0,-391.4265451005996,-0.0,-0.8333333333333333,-0.0,-218.247578311601
2801,train,1,0,1,-506.29385293237146,-156.27502443969797,0.0,0.0,-15.984752439852691,0.0,2.4000000000000004,-15.224688862797201
2801,train,2,1,0,-72.89683691706944,166.36678119195403,0.0,-0.0,24.69744394560358,0.6,-1.2000000000000002,26.237498513386527
2802,train,2,0,1,-157.69594932878476,-1714.691027457634,0.23809523809523808,-93.9556004469853,-84.3270296076776,-0.2857142857142857,0.0,-59.85847066256895
2802,train,1,2,0,107.94426182011955,899.2070353672625,-0.23809523809523808,37.165955848294146,61.81105176208971,0.2857142857142857,-0.14285714285714285,5.275750646819344
2803,train,0,1,1,-375.7188384364257,-220.6789907983598,-0.13333333333333333,83.64852419849588,5.691078566962313,0.06666666666666667,-0.26666666666666666,-0.0
2803,train,0,2,1,-462.3625700031388,-934.6217094727358,-0.13333333333333333,-317.35714634530325,26.07488337951162,0.06666666666666667,0.26666666666666666,-0.0
2804,train,0,1,1,48.759284648366986,8.87499657243734,-0.2,-0.0,-8.992444118673564,-0.6,0.4,0.0
2804,train,2,0,0,-27.555089735104048,-54.06826763867093,0.2,0.0,10.969038676173978,0.3,-0.4,0.0
2805,test,0,2,0,330.70357400357955,906.5752160972343,-1.2,0.0,49.28515460420618,-0.0,0.0,76.5629231387227
2805,test,2,1,1,-104.75221970881205,220.0779342184387,0.6,0.0,-69.93936323724252,0.0,-0.1,-9.285376941938068
2806,train,0,1,0,428.95318725192715,1047.4331664345373,0.0,62.66504638714942,0.0,0.2,0.0,0.0
2806,train,2,1,0,937.2714190234703,1137.2018493008727,1.2,87.3491581164024,0.0,0.0,0.0,0.0
2807,train,1,0,0,244.18014973641664,707.7305877956051,0.6666666666666666,0.0,0.0,0.16666666666666666,0.5,0.0
2807,train,0,2,1,-30.31583222529798,-850.6569012920763,-0.3333333333333333,-0.0,-0.0,0.0,-1.0,0.0
2808,train,0,2,0,343.95591111600197,2166.527396298711,0.8,32.949377854984256,-0.0,0.2,0.0,-80.84791923746995
2808,train,1,2,0,335.3018536700564,346.90519416184543,0.0,122.91839993248321,0.0,0.0,0.0,-76.68523135814026
2809,validation,2,0,1,-505.9002418786357,-283.79844825016426,0.0,75.5186497079788,-12.141874502897526,-0.7142857142857142,-0.19047619047619047,-45.74297040186033
2809,validation,2,1,1,-277.394570449001,-1268.39761941093,-0.14285714285714285,32.98395581734452,-70.61551683733605,-0.7142857142857142,-0.5714285714285714,-172.524132124477
2810,train,1,0,0,-134.8687316882902,1021.6621178727164,0.0,0.0,-0.0,-0.0,-0.0,0.0
2810,train,2,0,0,-215.88592101612426,-660.9327169129838,0.0,-0.0,-0.0,-0.0,-0.0,-0.0
2811,train,1,0,1,-352.4377970530361,721.0459630412743,-0.0,0.0,0.0,0.0,-0.0,0.0
2811,train,2,1,0,-87.5907854475181,-738.5291201100536,-0.0,-0.0,-0.0,0.0,0.0,-0.0
2812,train,0,2,0,28.30649932275685,-377.2085695458336,0.26666666666666666,-0.0,91.21430879490184,-0.3333333333333333,-0.5333333333333333,-1.569886181415226
2812,train,2,1,1,238.16321542163212,908.4012524718946,-0.5333333333333333,0.0,-140.16535938347894,-0.3333333333333333,0.4,28.193024696595565
2813,train,1,0,0,679.8782680185024,249.98262361946036,0.0,-0.0,0.0,0.5,-0.0,18.78982942960662
2813,train,0,2,1,-133.4922803987837,-367.6634388850416,-0.3333333333333333,-0.0,-0.0,-0.5,0.0,30.255791045036695
2814,train,0,1,1,-96.93875078796623,209.97308130807914,0.3333333333333333,-0.0,0.0,-0.3333333333333333,0.0,-117.67557703112337
2814,train,2,0,0,315.27629721450194,-206.41113277013164,0.0,0.0,-0.0,0.16666666666666666,0.0,0.0
2815,train,1,0,1,-372.4348863196685,-927.0169372092068,-0.3333333333333333,-378.5255656412914,-74.00015193609363,0.0,-0.6666666666666666,22.453470464084358
2815,train,2,1,0,224.2535235440588,917.310301190585,0.6666666666666666,30.493419929057836,-20.13141382928552,-0.0,0.9333333333333333,20.806263242429324
2816,train,0,2,0,-62.220511080707865,476.2156520265462,-0.2,611.7065942493418,-20.692352326081483,-0.0,0.0,0.0
2816,train,2,1,1,535.1663780191949,1380.4793942094138,0.0,194.05517144989525,-1094.0642603519361,0.0,-0.0,-174.3791139196384
2817,validation,2,0,1,-33.51267022145362,-19.265999224647203,-0.0,-94.3965204817374,105.54094545717838,-0.0,0.1,-157.69079944883677
2817,validation,1,2,0,54.7320637550705,-168.38994796141742,0.0,-220.31838876301936,252.36963742931607,0.0,0.0,87.45759980071306
2818,test,0,1,1,-322.5460596166575,-1007.4832904263412,0.09523809523809523,6.354600806538948,-212.25668650904245,-0.19047619047619047,-0.5714285714285714,-146.04371026938784
2818,test,2,0,0,177.3686817663566,184.94325486296339,0.0,42.92631582365733,-79.73704954464692,0.0,0.38095238095238093,133.08770988777698
2819,train,1,0,0,19.769765402683845,815.8923756121189,0.2,-17.167831551741287,15.089721643270028,-0.0,-0.6666666666666666,57.03460714050417
2819,train,0,2,1,-77.81364677923335,-287.9297471472282,0.2,-29.589525823308364,-3.9594817160297784,0.0,0.0,-47.417010858000396
2820,train,0,1,1,108.64721223920941,139.7722356397694,0.6666666666666666,0.0,0.0,0.0,-0.0,-110.90141780603352
2820,train,0,2,1,116.71670735384174,-63.444519250939265,0.6666666666666666,0.0,0.0,-0.0,-0.0,-216.12740017064152
2821,train,2,0,1,-233.90665001240882,-826.8719097817884,-0.16666666666666666,0.0,162.63910839170416,-0.0,-1.5,-0.0
2821,train,2,1,1,-399.5352554742649,-1113.159512272212,-0.5,0.0,150.02962126180284,0.0,0.5,-0.0
2822,train,0,1,1,-592.5717584316444,-1000.8395782123248,0.0,-0.0,9.11072227765335,0.0,0.3,0.0
2822,train,0,2,1,-272.7368535600421,-1572.2204787777987,-0.6000000000000001,-0.0,11.513160409895017,0.0,0.6,-0.0
2823,train,1,0,0,213.54516274536417,135.19103560742678,0.0,24.124071535822242,-5.046097176122925,0.14285714285714285,0.09523809523809523,60.75700336426796
2823,train,2,0,0,19.07833862635499,-199.28901959339373,0.0,31.97600949767387,-43.49129284044394,0.0,0.0,31.6399117925813
2824,train,0,1,1,-50.2581824844799,-688.4447704051654,0.0,-0.0,-0.0,0.0,-2.0,0.0
2824,train,0,2,1,-305.09664050875483,-1179.1404791852783,-0.0,-0.0,-0.0,0.0,-7.0,0.0
2825,validation,2,0,1,122.07242071948582,364.20661063542457,-0.6,166.29249814674304,-0.0,-0.1,-0.4,0.0
2825,validation,2,1,1,-71.51926404358096,-1144.0147545585096,-0.8999999999999999,-217.61158174229223,-0.0,-0.2,0.4,-0.0
2826,train,2,0,1,-145.33622861460276,99.3720927163613,0.0,0.0,-529.7418417397945,-0.0,0.0,0.0
2826,train,1,2,0,-68.79754807675891,-633.105047873406,-0.0,-0.0,246.75228756000732,0.0,-0.0,-0.0
2827,train,0,1,1,146.98426734458747,483.1128564434666,0.0,-0.0,0.0,0.0,-0.0,-0.0
2827,train,2,0,0,-251.25117174454476,224.1035467790034,1.0,0.0,-0.0,-0.0,0.0,-0.0
2828,train,1,0,0,-212.23513383010766,-318.2943443430813,0.3333333333333333,0.0,-0.0,0.0,0.0,-6.800555984855237
2828,train,0,2,1,139.51248409496407,378.06213381938414,-0.3333333333333333,0.0,-0.0,0.0,-0.0,-72.9199109285102
2829,train,1,0,1,-12.023812099002441,-497.17788219393833,0.0,0.0,0.0,-0.0,0.0,-497.7307304769408
2829,train,2,1,0,244.0998160606182,749.4048747688298,0.0,0.0,0.0,0.0,-0.0,3.747024373844148
2830,train,2,0,1,3.3049678394300486,-457.72142396747813,0.0,-0.0,-21.469087258127608,-0.13333333333333333,0.13333333333333333,32.11779655995266
2830,train,1,2,0,13.679601186859372,-405.80319894829245,0.0,-0.0,-177.8907747428844,0.13333333333333333,-0.13333333333333333,22.162005281952084
2831,train,0,1,0,-261.8094260071648,-1323.1402369099997,-0.0,132.26762974463773,-2.229487070082629,-0.0,0.8999999999999999,74.73561268180684
2831,train,1,2,1,373.45662559561526,1379.9953828034559,0.0,-263.7360646945135,-42.676150630132646,0.0,-0.6,77.49619093061563
2832,train,1,0,0,-105.49083944691802,290.9205433654397,0.0,-139.76245093683272,11.564423912265072,0.0,-0.2857142857142857,61.21009168905998
2832,train,2,0,0,340.38825503136957,1027.1708150587956,0.0,176.24989423485087,22.220243604157947,0.09523809523809523,0.0,-28.959377682771894
2833,validation,0,1,1,219.02951632457382,949.4136493097258,0.0,0.0,-742.1082871606706,0.0,0.0,0.0
2833,validation,0,2,1,-313.0594687140988,420.4969448986294,0.0,-0.0,-804.3544903857845,0.0,0.0,0.0
2834,validation,0,1,0,293.59523129209015,554.7981337150504,-0.0,0.0,-0.0,0.6666666666666666,2.6666666666666665,0.0
2834,validation,2,1,0,-5.991860800645895,390.92465580387216,-0.0,0.0,0.0,0.3333333333333333,2.0,0.0
2835,validation,2,0,1,130.2642828493187,20.77747836570461,-0.06666666666666667,0.0,91.71482922600879,-0.2,0.6666666666666666,-24.59962445105863
2835,validation,2,1,1,-33.25372335382639,-28.855596934303776,0.06666666666666667,0.0,43.44834533767717,-0.2,1.0,-46.40437455911344
2836,train,1,0,0,-70.29073981568575,-689.403174644749,-0.0,0.0,0.0,0.0,0.0,-0.0
2836,train,2,0,0,429.5455870826569,653.965139393757,-0.0,0.0,0.0,-0.0,0.0,-0.0
2837,validation,1,0,0,216.75044758020226,313.2635589999445,-0.5333333333333333,-65.8475462976402,-0.0,0.6000000000000001,1.0,-4.924412568219486
2837,validation,0,2,1,-171.32421174305284,353.26192420239204,0.4,83.018735791576,0.0,0.0,-0.6666666666666666,16.207991739174805
2838,train,2,0,1,-680.8151496814562,-767.3711923723713,0.0,-0.0,0.0,0.0,0.0,0.0
2838,train,1,2,0,247.1577501462943,1350.0306090000959,0.0,0.0,0.0,0.0,-0.0,-0.0
2839,test,1,0,0,1341.6256144349745,2456.0024731531284,-0.0,0.0,-208.26259666628053,0.0,-0.6666666666666666,0.0
2839,test,2,0,0,-130.0423248333932,666.4791545510398,0.0,0.0,759.4100123867709,0.0,1.3333333333333333,-0.0
2840,train,0,2,0,-111.69652855009059,-200.7623833891207,0.0,144.65665330137813,209.44823545992122,-0.5,-0.0,0.0
2840,train,2,1,1,62.15672291620251,904.0718949274292,-0.0,105.92600563368906,-9.277684759826343,0.5,-0.0,0.0
2841,train,2,0,1,105.55640000848643,370.8564970533671,0.0,117.40521098342286,67.61191184098797,0.0,-0.13333333333333333,-0.0
2841,train,2,1,1,165.23461072924846,337.92982233539396,0.0,63.57937530828991,35.2998731746716,0.0,-0.13333333333333333,-0.0
2842,train,1,0,0,288.46755835289565,1612.7226269195708,-0.26666666666666666,2.5776223393761484,0.0,0.3333333333333333,0.8,46.54712986851406
2842,train,2,0,0,329.8231576333687,750.7245022599136,0.5333333333333333,88.71590373479539,0.0,0.6666666666666666,0.8,71.70268660457712
2843,train,2,0,1,-101.54126197219614,-1443.5591753887784,-0.4,-0.0,-101.1129410442813,0.1,0.6,0.0
2843,train,1,2,0,320.2696255198317,774.7576154940543,0.0,-0.0,166.4676778830526,0.0,0.3,-0.0
2844,train,0,1,1,-941.3449629492286,-1782.3638824708132,-0.26666666666666666,32.20343098465129,21.090781712110356,-0.0,-0.8,-24.43040319407152
2844,train,2,0,0,527.0190336659703,1447.8720278703058,0.13333333333333333,112.54607081822323,316.942559748642,0.0,0.0,29.83803508568235
2845,train,2,0,1,-126.53010890899782,-75.74869861221578,-0.0,-161.00762519592217,-0.0,-0.6666666666666666,-0.0,-0.0
2845,train,2,1,1,125.43939976528748,541.1448044588246,-0.0,-509.1385668306481,-0.0,-0.3333333333333333,-0.0,0.0
2846,train,0,2,0,133.5165261526614,-689.1365648999135,0.0,-0.0,99.17934967667156,0.3,-0.6000000000000001,-24.117461013476092
2846,train,1,2,0,411.7386359385789,-647.4635734315052,-0.0,-0.0,85.87101615159868,-0.6,0.2,170.60270978503516
2847,train,2,0,1,1128.2949652325321,682.1885173364508,-0.6666666666666666,-0.0,-289.0842478724349,0.3333333333333333,0.0,0.0
2847,train,1,2,0,-406.6843493054662,-555.0397448422909,0.6666666666666666,0.0,621.1992255321172,-0.16666666666666666,0.0,-0.0
2848,test,0,2,0,-511.13203044751475,-1827.152605851406,0.6666666666666666,0.0,-0.0,0.0,-0.0,-148.39584925729417
2848,test,1,2,0,-287.0665663478874,-500.15897323523495,0.6666666666666666,0.0,0.0,0.0,-0.0,-80.02763765243849
2849,test,0,1,0,147.1589272278079,-647.206651250428,-0.0,-0.0,0.0,0.0,-0.0,0.0
2849,test,1,2,1,-137.95529324992913,758.9458531054988,0.0,0.0,0.0,-0.0,0.0,0.0
2850,test,0,1,1,-333.6601560190486,1644.7024858195164,-0.8,-300.97101186303155,-0.0,0.0,0.0,-43.76390749532657
2850,test,0,2,1,-609.569399746843,-196.48569021471394,0.0,-978.02585771892,-0.0,0.0,-0.8,-42.83608389614281
2851,train,0,1,1,155.96986473092335,-948.1003046875476,0.0,-0.0,0.0,0.0,0.0,0.0
2851,train,2,0,0,110.31025868581344,1051.9661357390205,-0.0,-0.0,-0.0,0.0,0.0,0.0
2852,train,0,1,1,513.5768616883419,-875.357284632998,-0.0,-114.41819002688149,-294.9671410333814,-0.0,-0.1,-34.94928465297428
2852,train,2,0,0,-48.14978056854716,1210.9113825178465,0.0,177.9552467311291,130.1581957726559,-0.0,0.1,51.68147216632672
2853,train,0,1,1,151.2648341586842,0.0,-0.13333333333333333,-25.32424629272485,-0.0,0.0,0.0,-19.518766998564963
2853,train,2,0,0,71.77356803364262,418.33682879496473,0.0,11.105259082156763,0.0,0.0,0.0,31.080842331905576
2854,train,1,0,0,18.53308929227245,58.2035347616918,0.4,-0.0,0.0,0.0,1.2000000000000002,-38.35388963374052
2854,train,0,2,1,-136.61324786856522,-399.23476472604716,0.0,-0.0,0.0,-0.1,-0.4,-38.03014765198694
2855,validation,1,0,0,-178.88585362661456,-446.8081216458413,-0.09523809523809523,90.70989667842403,-132.52846799605618,0.0,0.5714285714285714,10.466693949916579
2855,validation,0,2,1,267.94126433355984,494.64985840103463,0.047619047619047616,-94.50574781579725,45.555231713437266,-0.2857142857142857,-0.5714285714285714,-1.0183772855914304
2856,test,0,1,1,-390.36237990387303,-2824.8607956324677,-0.2857142857142857,-387.14746646556,-95.4101647856036,-0.2857142857142857,-0.14285714285714285,-83.6061689583742
2856,test,0,2,1,350.758496449012,-2431.5283938384246,-0.8571428571428571,-286.12619450946556,-158.31321898334846,-0.19047619047619047,-0.3333333333333333,-72.77032972883381
2857,test,0,2,0,61.8253108079453,31.508586311101226,0.0,-0.0,146.58701839315628,0.0,-0.1,-0.9038776704818304
2857,test,2,1,1,-116.29246860260923,-360.1972777336264,0.0,0.0,-77.75462886225344,-0.3,-0.30000000000000004,31.511000515873686
2858,train,0,1,0,-127.91691374179317,-153.97974059129365,0.0,-0.0,7.0893965643605075,0.0,1.0,58.98396124204804
2858,train,2,1,0,-177.08759093650212,-64.61435967706484,0.0,0.0,-3.5167526805073708,0.0,1.5,63.55289029983122
2859,train,1,0,1,-20.09184800779076,7.14894404972074,0.0,0.0,-0.0,0.0,-3.333333333333333,-0.0
2859,train,2,1,0,-12.179447008683155,969.0901898877282,-0.0,0.0,0.0,0.0,4.666666666666666,0.0
2860,validation,0,2,0,765.3320236143952,1114.9869761751643,0.0,-0.0,0.0,0.0,0.0,0.0
2860,validation,2,1,1,160.96799040964436,-192.30666089274382,0.0,0.0,0.0,-0.0,-0.0,0.0
2861,train,1,0,0,54.71952895464216,-995.6308888473941,0.0,-124.12485275818777,18.363270481600626,0.0,0.0,0.6886661779623832
2861,train,2,0,0,-6.54347556251156,-240.53606777698496,0.14285714285714285,-202.28886503780265,72.83553558204616,0.19047619047619047,-0.2857142857142857,-26.602410485658
2862,validation,1,0,0,-17.09615247456577,173.1017859575586,0.6,-0.0,-104.74716783213728,0.0,0.6000000000000001,97.98558440898377
2862,validation,0,2,1,-413.78431012080125,-534.3041974749403,0.0,0.0,83.43985999564893,-0.0,0.1,-98.37292838113709
2863,train,0,2,0,-183.51365723651395,-1113.6605383346268,0.3,-0.0,-0.0,0.2,0.4,0.0
2863,train,2,1,1,82.63582003045963,-430.03210563180255,-0.8999999999999999,0.0,0.0,0.0,-0.8,-72.33120891704766
2864,train,1,0,0,115.5901448777879,50.286925920068825,0.0,0.0,0.0,-0.0,-0.0,0.0
2864,train,0,2,1,-324.6389138064011,213.8161957501693,-0.0,0.0,-0.0,0.0,0.0,-0.0
2865,train,0,2,0,70.44167244784535,-112.16333752919127,-0.14285714285714285,234.01292687228872,66.97912815892852,0.0,0.14285714285714285,70.83671880944863
2865,train,1,2,0,-121.18516645343834,-155.05224128675854,0.14285714285714285,93.32629678833057,-2.215982743895265,0.0,0.047619047619047616,52.05716852332128
2866,train,0,1,0,-181.92140557052267,-488.11426876103906,0.0,0.0,216.6796011914588,0.3333333333333333,0.6,129.87145877628004
2866,train,2,1,0,38.86569203639033,-849.5514475014479,-0.26666666666666666,-0.0,199.76273924833998,0.0,0.06666666666666667,6.906493891623359
2867,validation,1,0,1,-74.21164441041816,147.93748385573645,-0.5,-0.0,0.0,0.0,0.6666666666666666,-32.85113300572927
2867,validation,1,2,1,-39.6836756766773,328.08280819173024,-0.5,-0.0,0.0,0.0,-0.3333333333333333,0.0
2868,train,0,1,0,141.90372202008206,81.84028902088858,1.0,0.0,0.0,-0.0,0.0,0.0
2868,train,2,1,0,61.67170455417653,-196.03950082554388,0.0,0.0,-0.0,0.0,-0.0,0.0
2869,train,0,1,0,-199.3943197008869,114.36635610685425,0.0,-10.079235148242917,53.395571100595,0.0,-0.19047619047619047,-23.596772169938234
2869,train,2,1,0,-207.08515748203655,-149.43712146626967,0.0,-10.116229002353991,128.517176166835,0.0,1.1428571428571428,5.071580633009327
2870,validation,0,1,1,7.934575749973874,-155.14630806552032,-0.0,0.0,0.0,-1.0,-0.0,0.0
2870,validation,0,2,1,212.10570925794633,961.643373368524,0.0,0.0,0.0,0.0,-0.0,-0.0
2871,train,0,2,0,51.258214003181365,587.2046413863163,0.0,-0.0,-0.0,0.0,1.3333333333333333,153.38542919611942
2871,train,1,2,0,-23.834270623841462,1366.9574988297245,0.0,-0.0,-0.0,0.0,2.0,-65.12643100942219
2872,train,1,0,0,267.605083823619,3229.391171127354,-0.0,978.5330716063638,-0.0,0.0,0.0,-66.61063633528045
2872,train,0,2,1,-284.4108643472259,-1972.8569329449383,0.0,-2674.2396953964662,0.0,-0.0,0.0,-434.6916803364145
2873,train,1,0,0,461.22141710235167,24.091996084504444,0.0,-0.0,124.77928687620386,0.0,-0.4,29.42208403571688
2873,train,2,0,0,529.3507335942974,1334.5869443759698,0.0,0.0,101.84967855247858,0.0,1.6,17.782577354528275
2874,test,1,0,1,-428.76693152946586,-197.46684097013895,-0.0,0.0,-337.5941717774019,0.0,-0.5,-52.648400454647266
2874,test,1,2,1,141.69244734262736,-366.2272369884722,-0.0,0.0,-348.53498524042953,-0.0,-1.5,-18.834337591454755
2875,train,2,0,1,-196.35708863370587,-82.19905358661435,0.0,-0.0,-490.7790050470081,0.0,-0.0,0.0
2875,train,1,2,0,308.38010423719254,87.76020075739143,-0.0,0.0,439.03793395893774,0.0,0.0,-0.0
2876,train,1,0,1,-124.43652677928219,-918.7674854992765,-0.42857142857142855,-82.46743341416575,133.51975147462588,0.0,-0.7142857142857142,0.5638928937073723
2876,train,1,2,1,22.746069425229393,-436.05332446891043,-0.14285714285714285,57.46422153526917,66.26532766961147,-0.5714285714285714,-0.7142857142857142,-17.42543772325063
2877,train,1,0,1,193.00652050113484,435.18822107571714,-0.0,-0.0,0.0,0.0,0.0,-91.43304681267676
2877,train,1,2,1,6.266287635693288,23.532661611003732,0.0,-0.0,0.0,-0.0,-0.0,-248.8225091325616
2878,train,2,0,1,178.08309201231742,173.69311638832687,0.0,-560.0705105556559,-0.0,0.0,-0.0,0.0
2878,train,2,1,1,15.814639176912863,-355.3278119279039,0.0,-1161.593000368136,-0.0,0.0,-0.0,0.0
2879,test,0,1,0,51.447103782981856,1245.8781722960034,0.0,938.6357876668673,0.0,0.0,-0.3333333333333333,0.0
2879,test,1,2,1,-335.34214582632274,-678.5658471113397,0.0,-31.37980632435498,0.0,0.0,-0.3333333333333333,-0.0
2880,train,1,0,0,306.61093343872017,-642.2700965471122,0.0,0.0,0.0,0.0,0.0,175.59848858167373
2880,train,2,0,0,281.0822056899831,1848.8296886664366,0.0,-0.0,0.0,0.0,0.0,678.2530969675295
2881,test,0,1,1,-606.36867840771,-758.4984908099568,0.0,-1078.7858570651044,-0.0,-0.0,-0.0,-0.0
2881,test,0,2,1,-109.85847845396722,-1813.2029751847422,-0.0,-1333.3355841036307,0.0,0.0,0.0,-0.0
2882,train,0,1,1,-927.099239148102,-1114.397164990146,0.0,-0.0,-0.0,0.0,-0.0,0.0
2882,train,0,2,1,-305.0275671722118,199.5100041004098,-0.0,-0.0,-0.0,0.0,-0.0,0.0
2883,train,1,0,0,-190.9562877942742,608.3072143845857,-0.0,0.0,-76.05558777632436,0.6000000000000001,0.0,173.41480879608702
2883,train,2,0,0,-260.13322142091783,250.3636959359028,0.0,0.0,-67.51214352249576,0.2,-0.1,201.26185199626528
2884,validation,1,0,1,-209.6456562775909,289.10452943751443,0.09523809523809523,-97.22338180391937,-36.10682769662374,0.2857142857142857,0.2857142857142857,2.743217082570962
2884,validation,2,1,0,1.5747760019665975,-407.59343271959324,-0.09523809523809523,-32.00073135738122,191.70114901276042,0.2857142857142857,-0.14285714285714285,8.588451846231658
2885,test,0,1,1,162.31682060607227,-103.05215205858622,0.0,-0.0,0.0,-0.6666666666666666,-0.0,-154.87960234178286
2885,test,0,2,1,-40.073255943669324,-1773.7159607397543,-0.0,-0.0,-0.0,0.0,-0.0,-10.701999405144718
2886,train,1,0,1,-270.3484203697858,595.9970588753731,-0.13333333333333333,-450.8227690198635,25.645602523561777,0.3333333333333333,0.2,-0.0
2886,train,1,2,1,50.90212095076595,367.55424896774275,-0.13333333333333333,-486.50799538898036,-36.11054116309789,0.3333333333333333,0.4,-0.0
2887,train,0,1,1,-650.4299376973222,-2142.1135323713124,-0.0,-823.2121331861141,-0.0,0.0,-0.0,-339.8512279371984
2887,train,0,2,1,-232.27036466756886,-226.33655928070766,0.0,-452.6925234728442,-0.0,0.0,-0.0,-132.99318872570063
2888,test,1,0,0,16.980306634992758,407.98137812857476,0.2857142857142857,-53.79095756534735,112.60682228651108,-0.047619047619047616,0.0,76.82742427408765
2888,test,2,0,0,1.180449104733725,-55.25848889160625,0.5714285714285714,247.3436074056362,-6.937453319011665,0.0,0.0,24.378879000351404
2889,train,1,0,0,-32.378901488314426,87.15670397345798,0.0,-45.40544103696711,-22.228714235591543,0.0,0.6666666666666666,-27.74773442118089
2889,train,2,0,0,54.192282902687225,105.52261459959891,0.13333333333333333,147.04030365146352,-13.912477790939159,0.0,1.0,5.984151859273851
2890,train,0,1,1,189.05903570912585,991.6222367798819,0.0,233.60906060098378,-0.0,0.4,0.6,-36.34729720435607
2890,train,0,2,1,-11.438107692616313,-502.6046290157328,-0.0,-350.01952987938995,-0.0,0.4,0.0,0.0
2891,train,1,0,1,-196.10961501579288,-4108.661797170685,-0.0,-0.0,0.0,-0.0,-0.0,-0.0
2891,train,2,1,0,732.8332523272773,2539.6018998113004,0.0,0.0,0.0,0.0,-0.0,0.0
2892,train,1,0,0,79.58240313337751,1073.9987972844597,0.0,-0.0,0.0,0.0,-0.0,0.0
2892,train,2,0,0,9.388643891426227,961.3363397794915,1.0,-0.0,0.0,0.0,-0.0,-0.0
2893,train,0,1,1,-61.45040360424679,97.56787781278763,0.0,-0.0,0.0,0.0,0.3333333333333333,0.0
2893,train,0,2,1,-156.26590973223858,-194.64732217852998,-2.0,0.0,0.0,0.0,-1.0,0.0
2894,train,0,1,0,609.1618695139758,758.2174933925075,0.0,290.230484962722,86.01191010548223,0.0,0.0,9.37290928053505
2894,train,2,1,0,152.9987668170743,1210.218898096322,0.0,171.40830320044307,-215.29652913130852,0.0,0.0,57.857014854841175
2895,train,0,2,0,-367.26025787841525,-905.1642244552199,-0.0,-0.0,0.0,0.0,0.0,439.9438100766161
2895,train,1,2,0,-458.81114656700584,-1160.840933088823,-0.0,-0.0,0.0,-0.0,0.0,389.0075591824479
2896,train,1,0,0,382.275695923237,674.189957132473,0.2857142857142857,106.43234229995544,35.95047845100191,0.0,-0.6666666666666666,61.63529884691072
2896,train,2,0,0,77.32650018310574,1032.2235501093282,0.5714285714285714,85.419558209994,62.884054422534106,0.19047619047619047,-0.47619047619047616,63.358835375689665
2897,train,2,0,1,-15.770233981450986,-1032.2827212320944,-1.0,473.101174483149,-0.0,-0.0,0.0,0.0
2897,train,1,2,0,-57.4863719639028,911.6237042724879,0.0,659.7035500422664,0.0,-0.0,-0.0,-0.0
2898,train,2,0,1,-571.9925373244389,202.73872888856204,0.0,8.205141409370299,-0.0,0.0,0.0,-0.0
2898,train,2,1,1,50.7817347839607,744.4872409436666,0.0,-990.2578478615378,-0.0,-0.0,-0.0,-0.0
2899,train,2,0,1,-180.22158340910653,275.7727442936748,-0.0,0.0,-76.32799307011904,0.0,0.0,-73.86049309957048
2899,train,1,2,0,-43.326449027601825,394.04034770007,-0.0,0.0,67.7986280830465,-0.0,0.0,117.50355072455446
2900,validation,1,0,0,79.73428711355393,585.8581319698537,0.0,-0.0,0.0,0.0,0.0,0.0
2900,validation,0,2,1,-194.4257563874192,170.56219712005986,0.0,0.0,-0.0,0.0,0.0,-0.0
2901,train,1,0,0,-39.34894520721605,482.32366640002783,1.3333333333333333,0.0,271.5277181358316,0.0,-0.0,-0.0
2901,train,0,2,1,-124.10515874430621,-204.1886703041282,-1.3333333333333333,-0.0,79.36074716217304,-0.0,0.0,0.0
2902,validation,2,0,1,-74.82248146227073,-232.49990793611505,-0.0,-170.72129358484062,-0.0,0.0,-0.0,9.789718723717744
2902,validation,1,2,0,-2.725444277485508,23.6542568619916,0.0,314.9254427569331,0.0,0.0,0.0,-33.931552769670446
2903,test,1,0,1,-419.98581425845964,63.892723579352605,0.0,-0.0,0.0,-0.0,-0.0,-250.62253111205595
2903,test,1,2,1,4.669714079710161,46.35340292223191,0.0,0.0,-0.0,-0.0,0.0,-522.7926632179464
2904,validation,0,2,0,363.8691459382967,1399.685024841786,0.4,30.744773054468215,0.0,0.2,0.0,123.8802416433864
2904,validation,1,2,0,86.81939444715931,977.4031483578583,0.4,178.4789768618202,0.0,0.1,0.0,70.021381383128
2905,validation,1,0,1,-737.254069376896,-1914.4382539166145,0.0,0.0,-161.62351612313395,0.1,-0.8,-114.46494553507749
2905,validation,1,2,1,30.242188807483558,375.56459166674995,-0.0,0.0,72.11610467568032,0.0,-0.4,-96.9284888412632
2906,train,1,0,1,495.0914847462948,1688.3597440398735,0.0,98.37399124265777,142.46222221913536,-0.5714285714285714,0.0,-104.87973050126242
2906,train,2,1,0,914.8935036800012,-764.3959553434079,0.0,-80.48582106480967,-74.83258133748396,0.2857142857142857,0.5714285714285714,71.55282435938447
2907,train,2,0,1,366.85434975166186,826.5959439754142,-0.47619047619047616,466.7905382312621,52.79882087240737,-0.09523809523809523,-0.2857142857142857,-38.565822381772875
2907,train,1,2,0,85.89395635317976,-721.2345837678458,0.23809523809523808,-729.348805537694,-33.21719457489183,-0.2857142857142857,0.2857142857142857,42.090062272568595
2908,test,1,0,1,214.91550289849,-216.23688622068448,0.1,0.0,-77.04397819432799,0.0,0.4,-0.0
2908,test,1,2,1,-450.11560946713723,-1755.563421959297,0.1,-0.0,-260.2570669297133,0.0,-0.4,0.0
2909,test,0,1,0,57.08246932615202,1284.2893867836638,2.0,0.0,0.0,-0.0,0.0,-0.0
2909,test,1,2,1,-74.82590374651818,-870.217264388376,-1.0,-0.0,-0.0,0.0,-0.0,0.0
2910,test,1,0,1,-442.4445642683495,-148.5570712125159,0.0,-669.2205529357836,0.0,0.0,-0.0,0.0
2910,test,1,2,1,3.410799456430368,-14.818486673974348,-1.3333333333333333,-361.73032649769993,-0.0,0.0,-0.0,0.0
2911,train,1,0,1,-497.913454143061,-1782.0700385368173,-0.3333333333333333,-0.0,0.0,0.0,-0.6666666666666666,0.0
2911,train,2,1,0,-253.66394666380245,-88.17879400383936,0.6666666666666666,0.0,-0.0,-0.0,0.6666666666666666,-0.0
2912,train,0,1,0,51.24428643999386,257.9914308717525,-0.0,0.0,-0.0,0.3333333333333333,0.0,119.25109695267321
2912,train,1,2,1,-397.9236193010229,-1821.2718655423405,0.0,-0.0,-0.0,-0.6666666666666666,-0.0,0.0
2913,train,0,2,0,82.29986620068189,494.39246641443424,0.0,0.0,0.0,0.0,-0.0,-0.0
2913,train,1,2,0,463.73686093786466,261.34818699800326,0.0,-0.0,0.0,0.0,-0.0,-0.0
2914,test,1,0,1,15.468615774854584,146.63044045752986,0.0,-467.1339184949866,0.0,0.0,0.0,-0.0
2914,test,1,2,1,-45.31892256514175,-577.7898049032547,-0.0,-1473.345980699047,0.0,0.0,-0.0,-0.0
2915,train,0,1,0,468.7311684230902,1172.3659039464592,0.0,-52.974546707687296,145.8054486850938,0.0,0.0,-7.516549451882256
2915,train,1,2,1,5.553005312871562,939.6575940552425,-0.0,451.3236294970392,-153.4677303898236,0.0,0.0,-63.46301390950684
2916,train,1,0,1,-10.89906677426444,186.74082455626876,-0.5714285714285714,-3.426964280721303,-4.848101539278756,0.0,0.0,3.1445299472448722
2916,train,2,1,0,56.20240565546959,326.4401925930697,0.0,35.94170222749788,22.820712676902044,0.0,0.0,-3.216437644559259
2917,train,0,2,0,488.89827829243654,2839.547601778808,-0.0,0.0,0.0,0.0,0.0,-0.0
2917,train,2,1,1,121.52718969905777,-437.4616325380448,0.0,-0.0,0.0,-0.0,-0.0,0.0
2918,train,2,0,1,-327.10404242692954,-719.184599191779,0.0,-0.0,-0.0,-0.0,-0.0,0.0
2918,train,1,2,0,852.636952425308,1370.3153739974323,0.0,0.0,-0.0,0.0,0.0,-0.0
2919,train,1,0,0,186.37239224771548,-1069.5190758487315,-0.0,0.0,-0.0,0.0,-0.0,22.99975024602631
2919,train,2,0,0,197.28842348532834,-533.2905452845926,-0.0,0.0,-0.0,0.6666666666666666,-0.0,200.2652150053288
2920,validation,0,2,0,176.7546613253238,-411.9028140034843,0.0,0.0,0.0,0.3333333333333333,0.0,-0.0
2920,validation,2,1,1,494.007764591279,-280.4221397818246,-0.6666666666666666,-0.0,-0.0,-0.3333333333333333,-0.0,0.0
2921,validation,1,0,1,-783.0635242781784,-1547.7936318563275,0.30000000000000004,-463.8928929344568,-0.0,0.0,-0.6,0.0
2921,validation,2,1,0,139.0192961025411,506.2795038388399,-0.2,351.10934293002697,0.0,0.2,-0.8999999999999999,-0.0
2922,test,0,1,1,-5.552844663323867,-843.373918145503,-0.0,-0.0,-0.0,0.0,-4.0,-0.0
2922,test,0,2,1,-385.5369911108331,-1500.6774618444356,-0.0,-0.0,0.0,-0.0,-2.0,-0.0
2923,test,1,0,0,340.0789559150304,544.6527566275281,-0.0,0.0,-0.0,0.0,-0.0,31.665595081731983
2923,test,0,2,1,-73.45375686394334,1442.7186730473486,0.0,0.0,0.0,-0.6666666666666666,0.0,45.97764970621057
2924,test,1,0,0,242.51626869978895,125.6761172977267,-0.0,-330.0063850316137,0.0,1.0,0.3333333333333333,0.0
2924,test,0,2,1,-580.8800169607127,-432.0111411175003,0.0,575.8082909334682,-0.0,0.0,-1.1666666666666665,-0.0
2925,train,0,1,1,-127.15589564233414,-779.439685604736,-0.047619047619047616,102.72447586114257,-182.8000911240622,-0.09523809523809523,0.2857142857142857,-84.47196084706081
2925,train,0,2,1,-723.5751225262026,-319.4793250828907,-0.047619047619047616,204.58413725754116,-99.48855752717526,0.09523809523809523,0.2857142857142857,-158.78074572060189
2926,train,0,2,0,-60.55531998056563,-700.6208796890751,0.5333333333333333,-95.99377056849971,94.72521025859085,-0.2,0.0,-17.19427987895529
2926,train,2,1,1,-183.71283087226738,-389.74264258316134,0.0,-345.50186572735777,-72.77319993700515,0.2,-0.0,2.5642287743448624
2927,train,1,0,1,94.71919793027519,-332.97102339077446,0.0,-228.02328057631672,-0.0,0.5,-0.3333333333333333,0.0
2927,train,1,2,1,98.35853669785547,-71.68082434546614,0.0,-263.03007241672583,0.0,0.5,-3.6666666666666665,-0.0
2928,test,2,0,1,10.720007565679225,-107.35517059858921,-0.0,-0.0,-0.0,-0.0,-1.3333333333333333,-279.77478979570077
2928,test,2,1,1,-414.49073034150183,316.3458549271627,-0.0,-0.0,-0.0,0.0,0.6666666666666666,-13.225654105889541
2929,train,0,1,0,-13.475709728838552,-345.5639255805954,0.0,50.44170921412524,0.0,0.0,0.3,-0.0
2929,train,2,1,0,113.03098577741972,-2.731872022734933,0.2,50.12129308601712,0.0,0.4,0.0,-0.0
2930,train,1,0,0,-14.504504687607664,316.86015694752086,4.0,0.0,0.0,0.0,0.0,0.0
2930,train,2,0,0,31.311459277260667,-92.63235285652718,1.0,-0.0,0.0,0.0,0.0,0.0
2931,train,0,1,1,-801.220617474402,-1449.3820522134201,-0.0,-0.0,0.0,0.0,0.0,0.0
2931,train,2,0,0,214.29896726710285,-545.5349438871744,0.0,0.0,-0.0,0.0,0.0,-0.0
2932,train,0,1,1,-13.014900594263224,-355.326706822344,-0.2857142857142857,-190.5754488104757,2.296802081684372,-0.23809523809523808,0.38095238095238093,6.348591622254855
2932,train,0,2,1,-34.29827057324047,-132.83155911324138,0.0,-71.64938561982088,-18.97731216262473,-0.47619047619047616,0.0,-4.334014171433585
2933,train,2,0,1,175.4330685068182,0.0,-0.23809523809523808,-101.587187818201,29.622303078972053,0.0,0.14285714285714285,-27.14301659153644
2933,train,2,1,1,141.34073493272905,-350.78231568743286,0.0,-10.014688128127705,8.54495193661296,-0.19047619047619047,0.047619047619047616,-16.82791024033266
2934,train,0,2,0,285.0364647932291,-8.771165700303754,-0.0,-93.94636755935335,0.0,0.0,0.0,0.0
2934,train,1,2,0,188.27622236996757,420.05727068936267,-0.0,-143.60049760817674,0.0,0.0,-0.5,0.0
2935,train,2,0,1,-106.28231034976272,-528.8841064291746,-0.13333333333333333,-93.07709015755015,0.0,-0.3333333333333333,-0.4,-73.25512512193673
2935,train,2,1,1,-764.2005181040945,261.34408193037507,0.0,389.3106031493489,-0.0,0.3333333333333333,0.0,-72.75549685253944
2936,train,0,2,0,71.29508796500994,-230.6094321353321,0.2,-0.0,-23.57371809138936,0.0,0.6666666666666666,0.0
2936,train,2,1,1,26.606776578281085,-702.6320532521513,0.4,-0.0,22.88567252601638,0.0,-0.6666666666666666,-12.629530815232378
2937,train,0,2,0,295.41362239161583,-419.52458593208576,-0.0,-0.0,-116.94798753373,0.3333333333333333,1.5,0.0
2937,train,1,2,0,231.080154620009,-366.7299082890795,-0.0,-0.0,-114.3947612135798,1.0,2.5,-0.0
2938,train,2,0,1,-65.05473528816901,-883.9919394533263,-0.0,-0.0,-0.0,0.0,-0.0,-0.0
2938,train,2,1,1,-29.69997333305838,-330.297832535231,-0.0,-0.0,-0.0,0.0,-0.0,0.0
2939,train,1,0,0,-59.016981756253244,208.104041187853,1.6666666666666665,0.0,78.72122328658915,0.13333333333333333,0.6000000000000001,-136.4022948198753
2939,train,2,0,0,-204.03068995600086,644.6982834399914,0.6666666666666666,0.0,210.807612931713,0.0,-0.8,-197.18312692617792
2940,train,1,0,0,141.49910164198525,-607.1803132248069,0.09523809523809523,220.3047917298014,165.7257776502541,0.0,-0.2857142857142857,4.230400433401925
2940,train,2,0,0,-103.34257026081991,-1006.2076134936456,0.0,115.44199013378488,48.83025856377351,0.0,-0.14285714285714285,-87.59613684205723
2941,train,1,0,0,-473.0030472774181,-726.2703205538555,0.0,0.0,0.0,0.0,-0.0,0.0
2941,train,0,2,1,105.76021879947723,-1085.3326128518738,-0.0,-0.0,0.0,0.0,0.0,-0.0
2942,train,0,2,0,251.71714942079797,11.840597773627906,0.0,0.0,-115.44403194940185,-0.0,0.0,0.0
2942,train,2,1,1,-316.74239816838116,-926.248153447063,0.0,0.0,-1187.0830561605335,0.0,-0.0,0.0
2943,train,0,1,0,-0.7044911854149518,165.49656066080888,0.0,80.4417781543866,0.0,0.0,-0.13333333333333333,-13.23080161784227
2943,train,2,1,0,28.324250255019592,-142.4152121777106,0.0,472.99392907229844,0.0,0.0,-0.4,23.405095668380216
2944,train,0,1,1,-179.58564435170024,-937.8207877692039,-0.0,-0.0,-0.0,0.0,0.0,-0.0
2944,train,0,2,1,17.726964226258815,-1021.4552197756029,0.0,-0.0,0.0,0.0,0.0,0.0
2945,train,0,1,1,203.8576509684891,510.29591030221127,-0.3333333333333333,37.95860494934744,-106.84937245070398,-0.0,-0.4,6.210426898073952
2945,train,2,0,0,18.884158938725136,93.49911355996119,0.3333333333333333,-86.50516450487842,292.5536186033588,0.0,0.2,-33.81525438738904
2946,train,0,2,0,-17.827577041205643,37.459110131227135,0.0,0.0,187.65786745291945,0.0,1.3333333333333333,-0.0
2946,train,1,2,0,-58.71887132630377,-238.38581056583234,-0.0,-0.0,92.86207897784826,-0.0,1.3333333333333333,-0.0
2947,train,2,0,1,-236.0942531525409,60.2174671640887,-0.5,0.0,-177.35274208697834,0.0,-0.6666666666666666,-0.0
2947,train,1,2,0,135.08056160097271,-284.0327051844588,0.0,0.0,37.30527408860884,0.0,0.3333333333333333,0.0
2948,train,1,0,0,27.36599166740598,-292.16679208579126,0.0,-406.52101476850834,-0.0,0.3333333333333333,0.0,0.0
2948,train,0,2,1,-341.8789816758641,-494.0961048188392,0.0,-427.2409355719243,0.0,0.0,-0.0,0.0
2949,test,0,2,0,514.6710232828848,3471.616212152142,-0.5,868.4620880312507,0.0,0.0,0.0,6.661737362388626
2949,test,2,1,1,-70.14641486793812,-1107.8424017623802,0.5,-570.1697990017366,-0.0,-0.0,0.0,-92.76326030407151
2950,train,0,1,0,-56.72886685285539,-25.236946543489466,-0.0,-78.25990459028714,-0.0,1.6,0.3,-125.22410158665885
2950,train,2,1,0,4.81536130402867,1123.1247558010864,-0.0,30.560581388456036,-0.0,0.8,1.2,-25.53683938971151
2951,validation,0,1,0,204.4999897034682,11.792862180894645,-0.0,0.0,0.0,0.0,0.0,0.0
2951,validation,2,1,0,235.02610275475143,371.746169066922,0.0,0.0,0.0,0.0,6.0,0.0
2952,test,0,1,0,-352.9089522493847,897.9721180663237,-0.3,2.6908652432713556,73.93535556389874,0.0,1.6,0.0
2952,test,2,1,0,-516.6085634774232,-315.2704089613326,0.6,124.94425775667577,63.46492917528841,-0.0,2.0,0.0
2953,train,2,0,1,-654.9078977373553,-1364.4568436941572,0.2,-0.0,-528.5343849511778,0.0,0.4,0.0
2953,train,2,1,1,153.35084646249732,698.046273340824,0.2,-0.0,109.46717282566141,0.0,-0.1,0.0
2954,train,1,0,1,171.51974689993597,1460.942474434938,0.0,163.73745009094074,-70.40644641997702,0.0,0.19047619047619047,-140.69807095237059
2954,train,1,2,1,232.16563099084226,354.77009446602733,-0.2857142857142857,148.40656693558185,-98.83949117997695,-0.47619047619047616,0.09523809523809523,-120.56712803822407
2955,test,0,1,1,-14.65829528494612,-954.4980898487238,0.0,-29.38780341583606,0.0,-0.0,-0.6,-13.554809108539855
2955,test,0,2,1,-169.74216698281293,-904.3295869276999,0.2,119.77725024716938,-0.0,0.0,-0.3,-35.41454232979209
2956,train,2,0,1,-207.40932960480075,1194.215390598305,0.0,0.0,0.0,-1.0,-0.0,-0.0
2956,train,2,1,1,-435.94628624295115,238.86036099920602,0.0,-0.0,-0.0,-1.0,-0.0,0.0
2957,train,0,2,0,204.38960954592937,750.7527161920548,0.0,-0.0,-0.0,0.0,-0.0,-45.713773045753875
2957,train,2,1,1,-91.6297853613645,-1168.5276575593593,0.0,-0.0,0.0,-0.0,-0.0,157.73813761690377
2958,train,1,0,1,71.20710446967905,-1062.8409603733853,-0.0,-0.0,-546.8810619706392,0.0,-0.0,-0.0
2958,train,2,1,0,429.54266048025215,1442.217765926389,-0.0,0.0,122.91874687235475,0.0,0.0,0.0
2959,train,1,0,1,49.6065125294208,18.128474232770714,0.0,-0.0,-0.0,-0.0,-2.0,8.96816885277218
2959,train,2,1,0,334.21661274261004,366.1108130084717,0.0,-0.0,0.0,0.0,2.0,-99.72235305936034
2960,validation,0,2,0,140.4639337627595,-77.38852955797847,0.3333333333333333,-0.0,-69.24507861505302,0.0,0.0,-0.0
2960,validation,1,2,0,47.00585469706624,-408.33491806769825,0.0,-0.0,344.67528964142446,0.0,0.0,-0.0
2961,train,1,0,0,-236.10153563108145,-951.6492234009329,0.0,-0.0,-0.0,-0.0,0.0,-0.0
2961,train,0,2,1,337.6425367615245,1448.875982726151,0.0,0.0,0.0,0.0,0.0,0.0
2962,train,1,0,1,167.83934602873376,-495.4682128454656,0.0,-845.1891251089288,-0.0,0.0,0.0,0.0
2962,train,2,1,0,-175.5677325433394,2.3557244032958806,0.3333333333333333,742.7054535666757,-0.0,0.0,0.0,-0.0
2963,test,1,0,1,-922.846830766823,-2440.7050709458226,-0.0,-1103.9404938846358,8.835134136217068,0.0,-0.0,-0.0
2963,test,2,1,0,-27.49380238610354,1099.704367797608,-0.0,-433.6814129694594,452.7608634474768,-0.0,-0.0,-0.0
2964,train,2,0,1,47.39646818789754,-1157.3310192112394,0.0,0.0,-0.0,0.0,-0.0,-0.0
2964,train,1,2,0,363.4092824633053,1033.061077485132,-0.0,-0.0,-0.0,-1.0,0.0,0.0
2965,train,2,0,1,-433.86213487363284,-362.1623500415408,-0.3333333333333333,0.0,0.0,0.0,0.3333333333333333,-102.79027871162015
2965,train,1,2,0,248.34981822461884,1016.6874308881961,0.3333333333333333,-0.0,-0.0,0.0,0.6666666666666666,174.62004242687908
2966,validation,1,0,1,-1401.1599855942711,-1506.1078588798791,-0.2,159.0633568373148,-64.80912698286369,0.6666666666666666,-0.5333333333333333,-0.0
2966,validation,1,2,1,-974.580972839778,391.19662294680165,-0.13333333333333333,-263.80384454799724,40.71346521294684,0.0,0.0,-0.0
2967,train,0,1,1,-133.0039157795352,-1709.8545629378232,0.0,0.0,-154.8336095746694,-0.2,0.8,-57.35871064706759
2967,train,0,2,1,-10.004045047985187,111.10787036750389,0.0,0.0,-421.12133354789313,-0.06666666666666667,1.2000000000000002,-4.6172020826354485
2968,train,0,1,0,-248.01940293369125,-212.746891642606,0.0,0.0,0.0,0.0,0.0,0.0
2968,train,1,2,1,623.7603295321945,912.5001878781623,0.0,0.0,-0.0,0.0,0.0,-0.0
2969,train,0,1,1,-305.56711586539996,1439.1471239625726,0.19047619047619047,-221.34407861343942,47.40380093568735,0.0,-0.2857142857142857,22.24912710870845
2969,train,2,0,0,77.87882640471253,46.50948085609525,0.0,395.7928421547249,-26.218513073974755,-0.23809523809523808,-0.5714285714285714,-30.643480787589066
2970,train,0,1,0,94.56475232541595,265.3064818630053,0.0,-84.26606172084406,-17.025826593418465,0.0,0.0,30.473594953164703
2970,train,2,1,0,18.736516689147834,-65.37934151549985,0.0,21.503640372677776,-8.160228378050874,0.0,0.06666666666666667,-0.08717245535400006
2971,train,0,2,0,80.8670738959529,-217.02543184941442,0.0,168.31072643919617,101.0036325686585,0.0,-0.2857142857142857,-55.860423124633655
2971,train,1,2,0,181.75495578402888,-67.77020154860566,-0.047619047619047616,707.9996644759743,127.80074968221156,0.0,0.09523809523809523,-78.05512928067992
2972,test,0,2,0,126.43310915223998,241.71173256865086,-0.2,14.743401511223434,0.0,-0.06666666666666667,0.0,93.0032018473955
2972,test,1,2,0,-20.55919665854492,-123.88737642163642,0.2,-15.691462224153996,0.0,0.0,-0.5333333333333333,42.96973815748917
2973,test,1,0,0,-123.7523960802265,-165.89408921265067,1.2000000000000002,-42.070046152548684,-0.0,0.0,0.6,32.02722591109801
2973,test,2,0,0,-123.79380127939726,-858.0974978203785,0.8,-115.61827152416525,0.0,0.0,0.0,-8.050121866310354
2974,validation,1,0,0,-69.60485571624037,443.17915851390717,0.5,-211.9233596349591,0.0,0.0,1.0,-0.0
2974,validation,0,2,1,-104.86765688352341,-744.5576164671447,0.0,-52.054180450857075,0.0,0.0,-1.6666666666666665,0.0
2975,train,1,0,1,210.62514730768555,-539.8201953318039,0.0,-0.0,0.0,0.0,0.0,-0.0
2975,train,1,2,1,-640.7497271526829,-1283.7704513369536,0.0,-0.0,0.0,0.0,0.0,-0.0
2976,train,1,0,0,89.36098246901676,57.622274798875424,0.0,0.0,0.0,0.0,-0.0,-0.0
2976,train,2,0,0,156.89449324795677,503.0530268113562,0.0,0.0,0.0,0.0,-0.0,-0.0
2977,train,0,1,1,-234.5136399295837,376.7863590257748,-0.19047619047619047,-343.4908768765337,-11.86337122514517,-0.047619047619047616,-0.2857142857142857,-29.189866715520374
2977,train,2,0,0,178.01775319267796,-606.8008907757667,0.0,-234.45733766011745,-69.11876368014629,0.0,0.42857142857142855,46.77275623129969
2978,train,0,1,0,-712.9428485675795,-1231.1810860134706,1.0,-0.0,-0.0,0.0,-0.0,0.0
2978,train,2,1,0,-773.8554038537427,-300.12292236972917,3.0,-0.0,0.0,0.0,0.0,0.0
2979,validation,0,1,1,-69.81903614168829,509.28979468598664,0.0,0.0,-0.0,-1.0,0.0,-0.0
2979,validation,0,2,1,-124.68643397827822,-477.72716585484386,0.0,0.0,-0.0,-1.0,0.0,0.0
2980,train,1,0,1,3.2526505781222568,-611.442076321794,-1.0,-0.0,-0.0,0.0,-0.0,111.45017460122648
2980,train,1,2,1,315.31539287294714,-43.16809035735423,-0.3333333333333333,-0.0,-0.0,0.0,-0.0,-37.0553223826704
2981,validation,2,0,1,-195.862083754183,-468.641658652542,0.0,30.837209179062008,26.6416186661036,0.0,-0.1,-0.0
2981,validation,2,1,1,-306.3626604156507,-1045.4486262465812,0.0,-216.54261803689906,-17.56257731018309,-0.0,0.0,-0.0
2982,train,1,0,0,-1.698077207354089,-65.08692314535574,0.0,132.51715462077675,-10.235826925611056,0.26666666666666666,0.0,65.55396526925503
2982,train,0,2,1,-217.09308006211936,70.06837704622603,-0.06666666666666667,-99.05870253377266,10.178961718361016,0.0,-0.0,-16.75046132567899
2983,train,1,0,1,-257.5945710272707,-1456.0882740359102,0.0,-0.0,-0.0,-0.0,-0.0,-0.0
2983,train,1,2,1,-450.94444271799466,-1957.108619137307,0.0,0.0,-0.0,-0.0,0.0,0.0
2984,train,0,2,0,-71.60582550158864,-894.4269757619495,-0.0,33.09596736631571,-0.0,0.0,0.3333333333333333,245.17989454674313
2984,train,1,2,0,-92.13507798154882,-564.4035463653695,-0.0,-125.683489920642,0.0,0.0,1.0,199.1223812576071
2985,train,2,0,1,-645.7827803355667,-3271.762051263614,-0.13333333333333333,-0.0,-624.6136542909874,0.0,-2.1333333333333333,-5.08118893073821
2985,train,2,1,1,-1097.2920689380237,-4212.811256776656,-0.5333333333333333,-0.0,222.98441667568878,-0.6000000000000001,-2.4,24.925371349663468
2986,train,1,0,0,71.59675786673961,387.8178174499635,0.0,-0.0,0.0,0.0,0.0,0.0
2986,train,2,0,0,-22.032331908596632,-548.7370454015454,-0.0,-0.0,0.0,0.0,0.0,0.0
2987,train,0,2,0,281.10600874513625,-237.68360592209228,0.0,-0.0,12.51283953473012,0.0,-0.0,-0.0
2987,train,1,2,0,-51.607229359951816,-1101.9413147468508,0.0,-0.0,-198.9639547519244,0.16666666666666666,0.0,-0.0
2988,train,1,0,0,216.34611010631966,3963.3086182136176,1.6666666666666665,-31.715321566934172,580.6573897369356,-0.14285714285714285,-0.09523809523809523,138.1116889121759
2988,train,2,0,0,-610.5399447804788,1292.0342315225735,0.7142857142857142,94.35475300008413,273.34925485502816,-0.23809523809523808,-0.19047619047619047,61.7756577743171
2989,train,0,1,0,-104.04935113753635,363.9071899871533,-0.0,-0.0,0.0,0.0,-0.16666666666666666,22.306994323904934
2989,train,2,1,0,-81.86148364454152,621.0596907987856,-0.0,0.0,0.0,1.0,0.3333333333333333,19.49552276880536
2990,train,0,2,0,119.90956880388555,42.33341430236874,0.2,19.318174851997025,-3.2985782579774963,0.0,0.0,0.0
2990,train,2,1,1,10.530928338575961,116.67836598592703,0.0,-189.07816080176164,-43.12333155353141,-0.8,-0.0,-0.0
2991,train,1,0,0,-634.5826805401828,2082.4200209425962,-0.14285714285714285,655.5671601271239,379.95035764718085,0.5714285714285714,0.5714285714285714,-334.1419900223936
2991,train,2,0,0,-189.2538549274393,545.9470113196548,-0.09523809523809523,1110.7350729621132,363.3364548031463,-0.2857142857142857,0.38095238095238093,-108.26111678481949
2992,train,2,0,1,131.50060785969896,-177.0438595036212,0.0,0.0,-0.0,0.0,0.0,0.0
2992,train,1,2,0,29.9332127309591,510.7901012001994,-0.0,0.0,0.0,0.0,0.0,-0.0
2993,validation,1,0,1,-790.4887821173,-2454.552437782423,-0.0,0.0,-0.0,0.0,-0.0,0.0
2993,validation,1,2,1,93.29739472571464,-307.8452808927118,-0.0,-0.0,0.0,0.0,-0.0,-0.0
2994,train,1,0,1,-70.07224861221113,263.1813415785482,0.0,-57.005351966988606,0.0,0.0,0.0,0.0
2994,train,2,1,0,267.9155499730509,-99.92089192618005,1.0,351.9748693580515,-0.0,0.0,1.3333333333333333,-0.0
2995,train,0,1,1,186.7819760257659,1391.022505817471,0.0,0.0,-135.956003115354,0.0,0.5,0.0
2995,train,0,2,1,-182.30800130954026,757.0740716648925,-1.0,0.0,-126.38834200955188,0.0,0.5,0.0
2996,train,0,2,0,122.07750428365671,674.1075815818967,-0.0,-0.0,44.99558773236885,0.3333333333333333,-0.0,23.465851178776376
2996,train,1,2,0,107.46571544940502,658.4556397315073,-0.0,-0.0,50.53457120006614,0.0,0.0,-46.1348101804944
2997,train,0,1,0,-75.19661580399452,132.74221372220472,-0.0,0.0,-0.0,-0.0,-0.0,0.0
2997,train,2,1,0,298.69845458918746,840.7434361599835,0.0,0.0,-0.0,-0.0,-0.0,-0.0
2998,train,0,1,1,-68.88850216590231,-1166.0405546244401,0.6,401.82535638791643,130.5380260400763,-0.0,0.0,-195.38546215870744
2998,train,0,2,1,226.67006823146824,1237.1731940441086,0.6,-53.880298627552385,165.47797577769933,0.0,0.0,-64.28661235070403
2999,train,0,1,1,-54.95709083420883,78.99425229215512,0.0,0.0,-238.464207328545,0.0,0.0,0.0
2999,train,2,0,0,131.18719421254337,-419.77947942982155,0.0,-0.0,355.08768775620007,0.0,0.0,-0.0
